timestamp_ns,receive_timestamp_ns,episode_id,frame_id,episode_frame_index,control_dt_s,trajectory_time_s,latency_ms,match_method,frame_valid,frame_invalid_reason,x,y,z,qx,qy,qz,qw,state_vx_world,state_vy_world,state_vz_world,state_vx_flu,state_vy_flu,state_vz_flu,yaw,yaw_rate,depth_file,raw_depth_finite_ratio,gravity_flu_x,gravity_flu_y,gravity_flu_z,velocity_flu_x,velocity_flu_y,velocity_flu_z,yaw_rate_flu,goal_direction_flu_x,goal_direction_flu_y,goal_direction_flu_z,goal_distance_clipped_m,goal_distance_norm,target_velocity_flu_x,target_velocity_flu_y,target_velocity_flu_z,target_yaw_rate,velocity_command_flu_x,velocity_command_flu_y,velocity_command_flu_z,yaw_rate_command,hierarchical_mode,planner_status,planner_failure_reason,fsm_state,effective_target_source,target_correction_active,effective_direction_token,directive_terminal_stop,directive_update_event,mission_revision,reentry_guard_ticks,obstacle_first_observed_event,selected_output_speed_mps,local_target_distance_m,min_observed_clearance_m,obstacle_risk_cost,avoidance_active,local_corridor_blocked,risk_corridor_near_obstacle,corridor_block_reason,corridor_block_source,first_blocking_distance_m,first_block_x,first_block_y,first_block_age_ticks,emergency_brake,immediate_avoidance,local_limit_cycle_detected,target_bearing_error_deg,consecutive_failures_30hz,unknown_recovery_ticks,plan_valid,plan_terminal,plan_end_speed_mps,plan_executed_speed_mps,plan_points_xy,navigation_goal_world_x,navigation_goal_world_y,navigation_goal_world_z,effective_target_world_x,effective_target_world_y,effective_target_world_z,original_navigation_goal_world_x,original_navigation_goal_world_y,original_navigation_goal_world_z,truth_minimum_clearance_m,truth_brake_risk,observed_brake_risk,truth_brake_would_trigger,scene_id,task_id,episode_valid,failure_taxonomy,failure_reason,macro_update_mask,macro_label_valid,macro_correction_type,macro_direction_token,macro_direction_flu_x,macro_direction_flu_y,macro_direction_flu_z,macro_distance_norm,macro_param_valid,navigation_goal_direction_flu_x,navigation_goal_direction_flu_y,navigation_goal_direction_flu_z,navigation_goal_distance_clipped_m,navigation_goal_distance_norm,correction_enter_event,correction_exit_event,correction_update_event,observability_reason,observability_goal_inside_fov,observability_direct_corridor_blocked,observability_left_bypass_visible,observability_right_bypass_visible,observability_local_avoidance_observable
1787562383874114560,1787562383889974784,joint_v2_000005_c2dc4fc3,1479,0,0.03333333333333333,0.0,15.860319137573242,frame_id_exact,1,,2.549999952316284,12.050000190734863,2.0,0.0,0.0,-0.9469940200527075,-0.3212511883003894,0.0,0.0,0.0,0.0,-0.0,0.0,2.4874918283211183,0.0,depth/001479.png,1.0,0.0,0.0,-1.0,0.0,-0.0,0.0,0.0,0.8541982664913642,-0.5199474218833559,0.0,4.5,0.9,0.0666666666,0.0,0.0,-0.2666666664,0.0666666666,0.0,0.0,-0.2666666664,direct,SAFE_PROGRESSING,NONE,DIRECT_LOCAL,PASS_THROUGH,0,10,0,0,0,0,0,0.0666666666,5.255473361885882,inf,0.0,0,0,0,CLEAR,none,nan,0.0,0.0,0,0,0,0,31.32872472783231,0,0,1,0,2.0,1.0,"2.550,12.050;2.513,12.036;2.401,11.992;2.214,11.920;2.009,11.840;1.804,11.761;1.599,11.681;1.394,11.602;1.189,11.522;0.984,11.443;0.779,11.363;0.573,11.284;0.368,11.204;0.163,11.124",-2.3499999999999996,10.15,2.0,-2.3499999999999996,10.15,2.0,-2.3499999999999996,10.15,2.0,5.897956146540879,0.0,0.0,0,0,0,1,,,1,1,PASS_THROUGH,-1,0.8541982664913642,-0.5199474218833559,0.0,0.9,0,0.8541982664913642,-0.5199474218833559,0.0,4.5,0.9,0,0,0,BYPASS_VISIBLE,1,0,1,1,1
1787562383914375936,1787562383929905152,joint_v2_000005_c2dc4fc3,1480,1,0.03333333333333333,0.03333333333333333,15.529155731201172,frame_id_exact,1,,2.549999952316284,12.050000190734863,2.000570297241211,0.00011124936353205796,0.0003030398914686566,-0.9469779171362694,-0.321298490887611,-3.215889955754392e-05,-3.9780843508196995e-05,0.02782524935901165,3.3177638730491225e-05,-8.672133459250222e-07,0.0278252765861139,2.4873918864659115,-0.008826888166368008,depth/001480.png,1.0,1.5968861505398236e-05,0.0006454326756944941,-0.9999997915808065,3.3177638730491225e-05,-8.672133459250222e-07,0.0278252765861139,-0.008826888166368008,0.854250221705599,-0.5198620460665007,-0.00010851491361161183,4.5,0.9,0.1333333332,0.0,-0.0005702972412109375,-0.5333333328,0.1333333332,0.0,-0.0005702972412109375,-0.5333333328,direct,SAFE_PROGRESSING,NONE,DIRECT_LOCAL,PASS_THROUGH,0,10,0,0,0,0,0,0.1333333332,5.255473361885882,inf,0.0,0,0,0,CLEAR,none,nan,0.0,0.0,0,0,0,0,0.0,0,0,1,0,2.0,1.0,"2.550,12.050;2.513,12.036;2.401,11.992;2.214,11.920;2.009,11.840;1.804,11.761;1.599,11.681;1.394,11.602;1.189,11.522;0.984,11.443;0.779,11.363;0.573,11.284;0.368,11.204;0.163,11.124",-2.3499999999999996,10.15,2.0,-2.3499999999999996,10.15,2.0,-2.3499999999999996,10.15,2.0,5.897947659818634,0.0,0.0,0,0,0,1,,,0,1,PASS_THROUGH,-1,0.8541982664913642,-0.5199474218833559,0.0,0.9,0,0.854250221705599,-0.5198620460665007,-0.00010851491361161183,4.5,0.9,0,0,0,BYPASS_VISIBLE,1,0,1,1,1
1787562383957971968,1787562383974648576,joint_v2_000005_c2dc4fc3,1481,2,0.03333333333333333,0.06666666666666667,16.67642593383789,frame_id_exact,1,,2.5499930381774902,12.049992561340332,2.001492738723755,0.0012703706381580024,0.0033711637171664026,-0.9468477370465199,-0.32166190987357857,-0.0005844617844559252,-0.0007153301266953349,0.025617342442274094,0.0007388206050274061,-2.171074175425068e-05,0.025623333103436494,2.48661908055089,-0.042098671197891235,depth/001481.png,1.0,0.00023694520837998093,0.007201217165059125,-0.9999740428272675,0.0007388206050274061,-2.171074175425068e-05,0.025623333103436494,-0.042098671197891235,0.8546512337950546,-0.5192024536694678,-0.00028403555212208663,4.5,0.9,0.1999999998,0.0,-0.0014927387237548828,-0.7999999992,0.1999999998,0.0,-0.0014927387237548828,-0.7999999992,direct,SAFE_PROGRESSING,NONE,DIRECT_LOCAL,PASS_THROUGH,0,10,0,0,0,0,0,0.1999999998,5.255464157173605,inf,0.0,0,0,0,CLEAR,none,nan,0.0,0.0,0,0,0,0,31.2787702631788,0,0,1,0,2.0,2.0,"2.550,12.050;2.513,12.035;2.400,11.992;2.214,11.920;1.953,11.818;1.617,11.688;1.225,11.536;0.834,11.384;0.442,11.233;0.050,11.081;-0.247,10.965",-2.3499999999999996,10.15,2.0,-2.3499999999999996,10.15,2.0,-2.3499999999999996,10.15,2.0,5.897869740658197,0.0,0.0,0,0,0,1,,,0,1,PASS_THROUGH,-1,0.8541982664913642,-0.5199474218833559,0.0,0.9,0,0.8546512337950546,-0.5192024536694678,-0.00028403555212208663,4.5,0.9,0,0,0,BYPASS_VISIBLE,1,0,1,1,1
1787562384006727936,1787562384029856000,joint_v2_000005_c2dc4fc3,1482,3,0.03333333333333333,0.1,23.128032684326172,frame_id_exact,1,,2.5499308109283447,12.049917221069336,2.0022683143615723,0.005128068104996722,0.01400000314492806,-0.946366013310258,-0.32275233799416697,-0.003875540569424629,-0.004749630577862263,0.0213231910020113,0.005489576350611843,-0.00015149496533932146,0.02149648530820692,2.484234837568452,-0.10552837699651718,depth/001482.png,1.0,0.0006689912431160315,0.029808446265755302,-0.999555405658905,0.005489576350611843,-0.00015149496533932146,0.02149648530820692,-0.10552837699651718,0.8558819643481477,-0.5171710324542391,-0.0004316176231592235,4.5,0.9,0.2666666664,0.0,-0.0022683143615722656,-1.0666666656,0.2666666664,0.0,-0.0022683143615722656,-1.0666666656,direct,SAFE_PROGRESSING,NONE,DIRECT_LOCAL,PASS_THROUGH,0,10,0,0,0,0,0,0.2666666664,5.255378901544657,inf,0.0,0,0,0,CLEAR,none,nan,0.0,0.0,0,0,0,0,0.0,0,0,1,0,2.0,2.0,"2.550,12.050;2.513,12.035;2.400,11.992;2.214,11.920;1.953,11.818;1.617,11.688;1.225,11.536;0.834,11.384;0.442,11.233;0.050,11.081;-0.247,10.965",-2.3499999999999996,10.15,2.0,-2.3499999999999996,10.15,2.0,-2.3499999999999996,10.15,2.0,5.897533611414581,0.0,0.0,0,0,0,1,,,0,1,PASS_THROUGH,-1,0.8541982664913642,-0.5199474218833559,0.0,0.9,0,0.8558819643481477,-0.5171710324542391,-0.0004316176231592235,4.5,0.9,0,0,0,BYPASS_VISIBLE,1,0,1,1,1
1787562384061475072,1787562384077308160,joint_v2_000005_c2dc4fc3,1483,4,0.03333333333333333,0.13333333333333333,15.833139419555664,frame_id_exact,1,,2.549663543701172,12.04958724975586,2.0029640197753906,0.011587193744785894,0.03346670462458712,-0.9450711590616876,-0.3249403344192438,-0.013524554669857025,-0.0168768297880888,0.020748939365148544,0.020102414589367523,-0.0002831950539164044,0.022227734381427746,2.479258612667978,-0.1992875635623932,depth/001483.png,1.0,0.00015208086006749874,0.07078712787988997,-0.9974914332453829,0.020102414589367523,-0.0002831950539164044,0.022227734381427746,-0.1992875635623932,0.8584242614647626,-0.5129400249455647,-0.0005640368076390479,4.5,0.9,0.33333333299999995,0.0,-0.002964019775390625,-1.3333333319999998,0.33333333299999995,0.0,-0.002964019775390625,-1.3333333319999998,direct,SAFE_PROGRESSING,NONE,DIRECT_LOCAL,PASS_THROUGH,0,10,0,0,0,0,0,0.33333333299999995,5.255010424433937,inf,0.0,0,0,0,CLEAR,none,nan,0.0,0.0,0,0,0,0,0.0,0,0,1,0,2.0,2.0,"2.550,12.050;2.513,12.035;2.400,11.992;2.214,11.920;1.953,11.818;1.617,11.688;1.225,11.536;0.834,11.384;0.442,11.233;0.050,11.081;-0.247,10.965",-2.3499999999999996,10.15,2.0,-2.3499999999999996,10.15,2.0,-2.3499999999999996,10.15,2.0,5.8965942496396675,0.0,0.0,0,0,0,1,,,0,1,PASS_THROUGH,-1,0.8541982664913642,-0.5199474218833559,0.0,0.9,0,0.8584242614647626,-0.5129400249455647,-0.0005640368076390479,4.5,0.9,0,0,0,BYPASS_VISIBLE,1,0,1,1,1
1787562384110883328,1787562384127646208,joint_v2_000005_c2dc4fc3,1484,5,0.03333333333333333,0.16666666666666666,16.762971878051758,frame_id_exact,1,,2.5489208698272705,12.048646926879883,2.0037083625793457,0.019316252406134868,0.05969339093483776,-0.9424120542004314,-0.3285165164332021,-0.03287219628691673,-0.04202216863632202,0.02510453760623932,0.04978772623431956,0.0002939190090277595,0.0315876191264985,2.4709310708208245,-0.3194356858730316,depth/001484.png,1.0,-0.0028127914689572084,0.1252029582481955,-0.9921271629433662,0.04978772623431956,0.0002939190090277595,0.0315876191264985,-0.3194356858730316,0.8626073378221991,-0.505873583569788,-0.0007058197783269898,4.5,0.9,0.39999999959999993,0.0,-0.003708362579345703,-1.1840726269230872,0.39999999959999993,0.0,-0.003708362579345703,-1.1840726269230872,direct,SAFE_PROGRESSING,NONE,DIRECT_LOCAL,PASS_THROUGH,0,10,0,0,0,0,0,0.39999999959999993,5.253978096811939,inf,0.0,0,0,0,CLEAR,none,nan,0.0,0.0,0,0,0,0,30.389368341590846,0,0,1,0,2.0,2.0,"2.549,12.049;2.508,12.019;2.392,11.960;2.198,11.878;1.927,11.771;1.580,11.640;1.186,11.495;0.792,11.351;0.397,11.207;0.004,11.061;-0.248,10.965",-2.3499999999999996,10.15,2.0,-2.3499999999999996,10.15,2.0,-2.3499999999999996,10.15,2.0,5.894598271940967,0.0,0.0,0,0,0,1,,,0,1,PASS_THROUGH,-1,0.8541982664913642,-0.5199474218833559,0.0,0.9,0,0.8626073378221991,-0.505873583569788,-0.0007058197783269898,4.5,0.9,0,0,0,BYPASS_VISIBLE,1,0,1,1,1
1787562384160827392,1787562384176470272,joint_v2_000005_c2dc4fc3,1485,6,0.03333333333333333,0.2,15.642881393432617,frame_id_exact,1,,2.5473501682281494,12.046616554260254,2.0045645236968994,0.027779855727237793,0.08904983093627793,-0.9380411277069173,-0.3337323028361641,-0.06317217648029327,-0.0822947546839714,0.02380472794175148,0.0974798672603739,0.002755621856163617,0.04266025819447038,2.4586560359527683,-0.44952672719955444,depth/001485.png,1.0,-0.00732031590324303,0.1856068781157679,-0.9825968144519883,0.0974798672603739,0.002755621856163617,0.04266025819447038,-0.44952672719955444,0.8686266711137474,-0.49546639727518166,-0.0008691380798154956,4.5,0.9,0.4666666661999999,0.0,-0.004564523696899414,-1.1584132364653676,0.4666666661999999,0.0,-0.004564523696899414,-1.1584132364653676,local_avoidance,SAFE_PROGRESSING,NONE,DIRECT_LOCAL,PASS_THROUGH,0,10,0,0,0,0,1,0.4666666661999999,5.251779986265449,inf,0.0,1,1,1,CURRENT_OCCUPIED,current,4.799999999999991,-2.4499999999999997,10.350000000000001,0,0,0,0,0.0,0,0,1,0,2.0,2.0,"2.549,12.049;2.508,12.019;2.392,11.960;2.198,11.878;1.927,11.771;1.580,11.640;1.186,11.495;0.792,11.351;0.397,11.207;0.004,11.061;-0.248,10.965",-2.3499999999999996,10.15,2.0,-2.3499999999999996,10.15,2.0,-2.3499999999999996,10.15,2.0,5.891081963929951,0.0,0.0,0,0,0,1,,,1,1,PASS_THROUGH,-1,0.8686269991946619,-0.495466584413194,0.0,0.9,0,0.8686266711137474,-0.49546639727518166,-0.0008691380798154956,4.5,0.9,0,0,0,BYPASS_VISIBLE,1,0,1,1,1
1787562384207367168,1787562384224122880,joint_v2_000005_c2dc4fc3,1486,7,0.03333333333333333,0.23333333333333334,16.75558090209961,frame_id_exact,1,,2.5445897579193115,12.043006896972656,2.0051398277282715,0.03681075874469533,0.1169038107473645,-0.9321280040456257,-0.34075776021581994,-0.1042681336402893,-0.13651297986507416,0.0089358389377594,0.16424733541259706,0.008026203278919286,0.05045670869944108,2.4420005863947325,-0.5713072419166565,depth/001486.png,1.0,-0.011047083269736205,0.24302573495791147,-0.9699569341467684,0.16424733541259706,0.008026203278919286,0.05045670869944108,-0.5713072419166565,0.8765407331052142,-0.4813266915226072,-0.0009794055719420068,4.5,0.9,0.5333333328,0.0,-0.005139827728271484,-1.1258642479817205,0.5333333328,0.0,-0.005139827728271484,-1.1258642479817205,local_avoidance,SAFE_PROGRESSING,NONE,DIRECT_LOCAL,PASS_THROUGH,0,10,0,0,0,0,1,0.5333333328,5.247902820204912,inf,0.0,1,1,1,CURRENT_OCCUPIED,current,4.799999999999991,-2.4499999999999997,10.350000000000001,0,0,0,0,0.0,0,0,1,0,2.0,2.0,"2.549,12.049;2.508,12.019;2.392,11.960;2.198,11.878;1.927,11.771;1.580,11.640;1.186,11.495;0.792,11.351;0.397,11.207;0.004,11.061;-0.248,10.965",-2.3499999999999996,10.15,2.0,-2.3499999999999996,10.15,2.0,-2.3499999999999996,10.15,2.0,5.885604109826844,0.0,0.0,0,0,0,1,,,0,1,PASS_THROUGH,-1,0.8686266711137474,-0.49546639727518166,-0.0008691380798154956,0.9,0,0.8765407331052142,-0.4813266915226072,-0.0009794055719420068,4.5,0.9,0,0,0,BYPASS_VISIBLE,1,0,1,1,1
1787562384250410496,1787562384267051776,joint_v2_000005_c2dc4fc3,1487,8,0.03333333333333333,0.26666666666666666,16.64113998413086,frame_id_exact,1,,2.5402848720550537,12.037391662597656,2.0050454139709473,0.04540770699866875,0.13808268199147297,-0.925491883045514,-0.34976576089725175,-0.15554600954055786,-0.20178881287574768,-0.01625320501625538,0.24814377177165817,0.016527768214658265,0.057697089769528406,2.42077028302476,-0.6760310530662537,depth/001487.png,1.0,-0.012544260157007756,0.28735292512250404,-0.9577426261583296,0.24814377177165817,0.016527768214658265,0.057697089769528406,-0.6760310530662537,0.8862357856258888,-0.46323342477253276,-0.0009625225057977476,4.5,0.9,0.5999999993999999,0.0,-0.005045413970947266,-0.9026297908036329,0.5999999993999999,0.0,-0.005045413970947266,-0.9026297908036329,local_avoidance,SAFE_PROGRESSING,NONE,DIRECT_LOCAL,PASS_THROUGH,0,10,0,0,0,0,1,0.5999999993999999,5.241863544379389,inf,0.0,1,1,1,CURRENT_OCCUPIED,current,4.799999999999991,-2.4499999999999997,10.350000000000001,0,0,0,0,27.595965996590643,0,0,1,0,2.0,2.0,"2.540,12.037;2.467,11.985;2.316,11.904;2.091,11.793;1.791,11.654;1.422,11.486;1.038,11.314;0.655,11.143;0.272,10.970;-0.110,10.796;-0.176,10.765",-2.3499999999999996,10.15,2.0,-2.3499999999999996,10.15,2.0,-2.3499999999999996,10.15,2.0,5.877813320162758,0.0,0.0,0,0,0,1,,,0,1,PASS_THROUGH,-1,0.8686266711137474,-0.49546639727518166,-0.0008691380798154956,0.9,0,0.8862357856258888,-0.46323342477253276,-0.0009625225057977476,4.5,0.9,0,0,0,BYPASS_VISIBLE,1,0,1,1,1
1787562384298719232,1787562384315377408,joint_v2_000005_c2dc4fc3,1488,9,0.03333333333333333,0.3,16.658306121826172,frame_id_exact,1,,2.5341362953186035,12.029492378234863,2.0039474964141846,0.05214915218553398,0.14838803057952493,-0.9192659198826567,-0.36084848184432344,-0.21429385244846344,-0.27242422103881836,-0.05130763351917267,0.3442628856359758,0.028205132167300802,0.05879473408533017,2.3952601308288477,-0.753588080406189,depth/001488.png,1.0,-0.011213314407110125,0.31045200365176256,-0.95052291661412,0.3442628856359758,0.028205132167300802,0.05879473408533017,-0.753588080406189,0.8973290937178197,-0.4413614489180288,-0.0007543053325735536,4.5,0.9,0.6666666659999999,0.0,-0.00394749641418457,-0.8561807891923379,0.6666666659999999,0.0,-0.00394749641418457,-0.8561807891923379,local_avoidance,SAFE_PROGRESSING,NONE,DIRECT_LOCAL,PASS_THROUGH,0,10,0,0,0,0,1,0.6666666659999999,5.233285674515722,inf,0.0,1,1,1,HISTORY_OCCUPIED,history,4.799999999999991,-2.4499999999999997,10.350000000000001,1,0,0,0,0.0,0,0,1,0,2.0,2.0,"2.540,12.037;2.467,11.985;2.316,11.904;2.091,11.793;1.791,11.654;1.422,11.486;1.038,11.314;0.655,11.143;0.272,10.970;-0.110,10.796;-0.176,10.765",-2.3499999999999996,10.15,2.0,-2.3499999999999996,10.15,2.0,-2.3499999999999996,10.15,2.0,5.867514696039294,0.0,0.0,0,0,0,1,,,0,1,PASS_THROUGH,-1,0.8686266711137474,-0.49546639727518166,-0.0008691380798154956,0.9,0,0.8973290937178197,-0.4413614489180288,-0.0007543053325735536,4.5,0.9,0,0,0,BYPASS_VISIBLE,1,0,1,1,1
1787562384345359616,1787562384362068736,joint_v2_000005_c2dc4fc3,1489,10,0.03333333333333333,0.3333333333333333,16.709089279174805,frame_id_exact,1,,2.5259549617767334,12.019237518310547,2.001563549041748,0.0556835669873599,0.14578444850637587,-0.9143054393147029,-0.37375366029084495,-0.2769978642463684,-0.3424505293369293,-0.09167076647281647,0.44528972454774934,0.042371824798705784,0.04822241119358968,2.36661025880281,-0.7991878986358643,depth/001489.png,1.0,-0.007151366131504813,0.3082069024328998,-0.951292469882512,0.44528972454774934,0.042371824798705784,0.04822241119358968,-0.7991878986358643,0.9090758562849307,-0.4166305292091023,-0.0002994173734031893,4.5,0.9,0.7333333325999999,0.0,-0.0015635490417480469,-0.8122641181405443,0.7333333325999999,0.0,-0.0015635490417480469,-0.8122641181405443,local_avoidance,SAFE_PROGRESSING,NONE,DIRECT_LOCAL,PASS_THROUGH,0,10,0,0,0,0,1,0.7333333325999999,5.22197143702787,inf,0.0,1,1,1,HISTORY_OCCUPIED,history,4.749999999999991,-2.4499999999999997,10.350000000000001,2,0,0,0,0.0,0,0,1,0,2.0,2.0,"2.540,12.037;2.467,11.985;2.316,11.904;2.091,11.793;1.791,11.654;1.422,11.486;1.038,11.314;0.655,11.143;0.272,10.970;-0.110,10.796;-0.176,10.765",-2.3499999999999996,10.15,2.0,-2.3499999999999996,10.15,2.0,-2.3499999999999996,10.15,2.0,5.85466047542016,0.0,0.0,0,0,0,1,,,0,1,PASS_THROUGH,-1,0.8686266711137474,-0.49546639727518166,-0.0008691380798154956,0.9,0,0.9090758562849307,-0.4166305292091023,-0.0002994173734031893,4.5,0.9,0,0,0,BYPASS_VISIBLE,1,0,1,1,1
1787562384390278656,1787562384404817152,joint_v2_000005_c2dc4fc3,1490,11,0.03333333333333333,0.36666666666666664,14.53852653503418,frame_id_exact,1,,2.51566219329834,12.006723403930664,1.997875690460205,0.0555989399822556,0.13118711748109238,-0.9106135335291498,-0.387919696114296,-0.3403528332710266,-0.4071275293827057,-0.12844209372997284,0.5423025605909558,0.05782269193033417,0.025587434670999762,2.3362361729469674,-0.8198136687278748,depth/001490.png,1.0,-0.000521839099317814,0.2820573770103096,-0.9593973961597032,0.5423025605909558,0.05782269193033417,0.025587434670999762,-0.8198136687278748,0.9207109065569684,-0.39024512830109276,0.000407902327943513,4.5,0.9,0.7999999991999999,0.0,0.002124309539794922,-0.681113756716869,0.7999999991999999,0.0,0.002124309539794922,-0.681113756716869,local_avoidance,SAFE_PROGRESSING,NONE,DIRECT_LOCAL,PASS_THROUGH,0,9,0,0,0,0,1,0.7999999991999999,5.207887323857601,inf,0.0,1,1,1,HISTORY_OCCUPIED,history,4.749999999999991,-2.4499999999999997,10.450000000000001,1,0,0,0,22.969754877947075,0,0,1,0,2.0,1.0,"2.516,12.007;2.395,11.925;2.206,11.827;2.007,11.732;1.808,11.640;1.607,11.550;1.406,11.460;1.205,11.371;1.003,11.283;0.802,11.194;0.601,11.106;0.399,11.017;0.198,10.928",-2.3499999999999996,10.15,2.0,-2.3499999999999996,10.15,2.0,-2.3499999999999996,10.15,2.0,5.839356685886255,0.0,0.0,0,0,0,1,,,0,1,PASS_THROUGH,-1,0.8686266711137474,-0.49546639727518166,-0.0008691380798154956,0.9,0,0.9207109065569684,-0.39024512830109276,0.000407902327943513,4.5,0.9,0,0,0,BYPASS_VISIBLE,1,0,1,1,1
1787562384432715776,1787562384449563136,joint_v2_000005_c2dc4fc3,1491,12,0.03333333333333333,0.4,16.84713363647461,frame_id_exact,1,,2.5032994747161865,11.992206573486328,1.9930989742279053,0.052702964864305785,0.10805860584314675,-0.9074473317628828,-0.40259790768727527,-0.40060028433799744,-0.4619741141796112,-0.1563674658536911,0.6268737949974218,0.07295027064375803,-0.007678380021799547,2.305408866369554,-0.8188000917434692,depth/001491.png,1.0,0.008641992444104782,0.23855119385933213,-0.9710914703954944,0.6268737949974218,0.07295027064375803,-0.007678380021799547,-0.8188000917434692,0.9316616875426028,-0.36332455562887245,0.0013293766780027724,4.5,0.9,0.8666666657999998,0.0,0.0069010257720947266,-0.6339022615816026,0.8666666657999998,0.0,0.0069010257720947266,-0.6339022615816026,local_avoidance,SAFE_PROGRESSING,NONE,DIRECT_LOCAL,PASS_THROUGH,0,9,0,0,0,0,1,0.8666666657999998,5.191169507026007,inf,0.0,1,1,1,HISTORY_OCCUPIED,history,4.749999999999991,-2.4499999999999997,10.450000000000001,2,0,0,0,0.0,0,0,1,0,2.0,1.0,"2.516,12.007;2.395,11.925;2.206,11.827;2.007,11.732;1.808,11.640;1.607,11.550;1.406,11.460;1.205,11.371;1.003,11.283;0.802,11.194;0.601,11.106;0.399,11.017;0.198,10.928",-2.3499999999999996,10.15,2.0,-2.3499999999999996,10.15,2.0,-2.3499999999999996,10.15,2.0,5.821847863635087,0.0,0.0,0,0,0,1,,,1,1,PASS_THROUGH,-1,0.93166251077969,-0.36332487667056906,0.0,0.9,0,0.9316616875426028,-0.36332455562887245,0.0013293766780027724,4.5,0.9,0,0,0,BYPASS_VISIBLE,1,0,1,1,1
1787562384481695744,1787562384497886208,joint_v2_000005_c2dc4fc3,1492,13,0.03333333333333333,0.43333333333333335,16.190528869628906,frame_id_exact,1,,2.4890217781066895,11.97607135772705,1.9875892400741577,0.04875583055321353,0.0814380398610947,-0.9039307533108255,-0.41701307877520194,-0.45492470264434814,-0.5039809942245483,-0.17213718593120575,0.6937107609577432,0.08593425921027992,-0.04433082021953823,2.2751984278924455,-0.8022264242172241,depth/001492.png,1.0,0.020222333816737104,0.187892335454068,-0.9819814293012982,0.6937107609577432,0.08593425921027992,-0.04433082021953823,-0.8022264242172241,0.9415585258317339,-0.33684088913509536,0.0023995500099339728,4.5,0.9,0.9333333323999998,0.0,0.012410759925842285,-0.6009985078174451,0.9333333323999998,0.0,0.012410759925842285,-0.6009985078174451,direct,SAFE_PROGRESSING,NONE,DIRECT_LOCAL,PASS_THROUGH,0,9,0,0,0,0,1,0.9333333323999998,5.172104829999285,inf,0.0,0,0,0,CLEAR,none,nan,0.0,0.0,0,0,0,0,0.0,0,0,1,0,2.0,1.0,"2.516,12.007;2.395,11.925;2.206,11.827;2.007,11.732;1.808,11.640;1.607,11.550;1.406,11.460;1.205,11.371;1.003,11.283;0.802,11.194;0.601,11.106;0.399,11.017;0.198,10.928",-2.3499999999999996,10.15,2.0,-2.3499999999999996,10.15,2.0,-2.3499999999999996,10.15,2.0,5.802454707065207,0.0,0.0,0,0,0,1,,,0,1,PASS_THROUGH,-1,0.9316616875426028,-0.36332455562887245,0.0013293766780027724,0.9,0,0.9415585258317339,-0.33684088913509536,0.0023995500099339728,4.5,0.9,0,0,0,BYPASS_VISIBLE,1,0,1,1,1
1787562384524618496,1787562384540323840,joint_v2_000005_c2dc4fc3,1493,14,0.03333333333333333,0.4666666666666667,15.705347061157227,frame_id_exact,1,,2.4730498790740967,11.958765029907227,1.981763243675232,0.04592844583755926,0.05680758341258771,-0.8995611363699899,-0.43064281981997654,-0.5022128820419312,-0.5320466756820679,-0.17567670345306396,0.7426607462237594,0.09525394332883942,-0.0744006077126588,2.2462223816860987,-0.7791471481323242,depth/001493.png,1.0,0.0337033340427741,0.14176129942899196,-0.9893269526595365,0.7426607462237594,0.09525394332883942,-0.0744006077126588,-0.7791471481323242,0.9502831225189874,-0.311367070944478,0.003540365379392422,4.5,0.9,0.9999999989999998,0.0,0.018236756324768066,-0.583150969623083,0.9999999989999998,0.0,0.018236756324768066,-0.583150969623083,direct,SAFE_PROGRESSING,NONE,DIRECT_LOCAL,PASS_THROUGH,0,9,0,0,0,0,1,0.9999999989999998,5.151062130226342,inf,0.0,0,0,0,CLEAR,none,nan,0.0,0.0,0,0,0,0,18.1417535105074,0,0,1,0,2.0,2.0,"2.473,11.959;2.315,11.862;2.070,11.756;1.746,11.634;1.357,11.495;0.960,11.358;0.563,11.223;0.166,11.086;-0.230,10.945;-0.336,10.905",-2.3499999999999996,10.15,2.0,-2.3499999999999996,10.15,2.0,-2.3499999999999996,10.15,2.0,5.7814974449111105,0.0,0.0,0,0,0,1,,,0,1,PASS_THROUGH,-1,0.9316616875426028,-0.36332455562887245,0.0013293766780027724,0.9,0,0.9502831225189874,-0.311367070944478,0.003540365379392422,4.5,0.9,0,0,0,BYPASS_VISIBLE,1,0,1,1,1
1787562384569118464,1787562384585202432,joint_v2_000005_c2dc4fc3,1494,15,0.03333333333333333,0.5,16.083955764770508,frame_id_exact,1,,2.4556052684783936,11.940742492675781,1.9759851694107056,0.046085594292433224,0.038994913980089856,-0.894351178810623,-0.44327359908125347,-0.5437326431274414,-0.5474497079849243,-0.16992723941802979,0.7786045052651048,0.1001535695886506,-0.08925202267118547,2.218630586606105,-0.7564199566841125,depth/001494.png,1.0,0.04786257943161491,0.11060734906703511,-0.9927110293647973,0.7786045052651048,0.1001535695886506,-0.08925202267118547,-0.7564199566841125,0.9579074626730854,-0.28703896202528834,0.004682652523571588,4.5,0.9,1.0666666656,0.0,0.024014830589294434,-0.5525769403076342,1.0666666656,0.0,0.024014830589294434,-0.5525769403076342,direct,SAFE_PROGRESSING,NONE,DIRECT_LOCAL,PASS_THROUGH,0,8,0,0,0,0,1,1.0666666656,5.128411125436607,inf,0.0,0,0,0,CLEAR,none,nan,0.0,0.0,0,0,0,0,0.0,0,0,1,0,2.0,2.0,"2.473,11.959;2.315,11.862;2.070,11.756;1.746,11.634;1.357,11.495;0.960,11.358;0.563,11.223;0.166,11.086;-0.230,10.945;-0.336,10.905",-2.3499999999999996,10.15,2.0,-2.3499999999999996,10.15,2.0,-2.3499999999999996,10.15,2.0,5.759190610401736,0.0,0.0,0,0,0,1,,,0,1,PASS_THROUGH,-1,0.9316616875426028,-0.36332455562887245,0.0013293766780027724,0.9,0,0.9579074626730854,-0.28703896202528834,0.004682652523571588,4.5,0.9,0,0,0,BYPASS_VISIBLE,1,0,1,1,1
1787562384612963328,1787562384628466944,joint_v2_000005_c2dc4fc3,1495,16,0.03333333333333333,0.5333333333333333,15.503406524658203,frame_id_exact,1,,2.436824321746826,11.922369003295898,1.9704934358596802,0.05019950378653368,0.031247746811351472,-0.8885839224549547,-0.4548870199218338,-0.5831460952758789,-0.5538209080696106,-0.15923281013965607,0.809250494978334,0.10089795586860795,-0.08405529938310026,2.1922186171005302,-0.7369848489761353,depth/001495.png,1.0,0.06078455510728557,0.10120269621704221,-0.9930071762775989,0.809250494978334,0.10089795586860795,-0.08405529938310026,-0.7369848489761353,0.9645997456455495,-0.26365491921338957,0.005780508206247835,4.5,0.9,1.1333333321999999,0.0,0.029506564140319824,-0.5442640897156004,1.1333333321999999,0.0,0.029506564140319824,-0.5442640897156004,direct,SAFE_PROGRESSING,NONE,DIRECT_LOCAL,PASS_THROUGH,0,8,0,0,0,0,1,1.1333333321999999,5.104407798277,inf,0.0,0,0,0,CLEAR,none,nan,0.0,0.0,0,0,0,0,0.0,0,0,1,0,2.0,2.0,"2.473,11.959;2.315,11.862;2.070,11.756;1.746,11.634;1.357,11.495;0.960,11.358;0.563,11.223;0.166,11.086;-0.230,10.945;-0.336,10.905",-2.3499999999999996,10.15,2.0,-2.3499999999999996,10.15,2.0,-2.3499999999999996,10.15,2.0,5.73557105707047,0.0,0.0,0,0,0,1,,,0,1,PASS_THROUGH,-1,0.9316616875426028,-0.36332455562887245,0.0013293766780027724,0.9,0,0.9645997456455495,-0.26365491921338957,0.005780508206247835,4.5,0.9,0,0,0,BYPASS_VISIBLE,1,0,1,1,1
1787562384657424128,1787562384672920576,joint_v2_000005_c2dc4fc3,1496,17,0.03333333333333333,0.5666666666666667,15.496253967285156,frame_id_exact,1,,2.416696071624756,11.903864860534668,1.9653751850128174,0.058090719055399184,0.034629779181566005,-0.8824617428655608,-0.4654970667277505,-0.6254664659500122,-0.556285560131073,-0.14824837446212769,0.8422953913989472,0.0986605010213871,-0.05868631983099909,2.1667085208843577,-0.7216984629631042,depth/001496.png,1.0,0.07028555310298501,0.11520102923201682,-0.9908524935069253,0.8422953913989472,0.0986605010213871,-0.05868631983099909,-0.7216984629631042,0.9705150701374237,-0.24094403507936363,0.00681693448889282,4.5,0.9,1.0666666656,0.0,0.03462481498718262,-0.41085569786771137,1.0666666656,0.0,0.03462481498718262,-0.41085569786771137,direct,SAFE_PROGRESSING,NONE,DIRECT_LOCAL,PASS_THROUGH,0,8,0,0,0,0,1,1.0666666656,5.079117382800004,inf,0.0,0,0,0,CLEAR,none,nan,0.0,0.0,0,0,0,0,13.942595277498006,0,0,1,0,2.0,1.0,"2.417,11.904;2.240,11.803;2.038,11.717;1.832,11.638;1.626,11.563;1.418,11.490;1.210,11.419;1.002,11.348;0.793,11.278;0.585,11.208;0.376,11.138;0.168,11.067;0.064,11.032",-2.3499999999999996,10.15,2.0,-2.3499999999999996,10.15,2.0,-2.3499999999999996,10.15,2.0,5.710478680724026,0.0,0.0,0,0,0,1,,,0,1,PASS_THROUGH,-1,0.9316616875426028,-0.36332455562887245,0.0013293766780027724,0.9,0,0.9705150701374237,-0.24094403507936363,0.00681693448889282,4.5,0.9,0,0,0,BYPASS_VISIBLE,1,0,1,1,1
1787562384700851200,1787562384717439744,joint_v2_000005_c2dc4fc3,1497,18,0.03333333333333333,0.6,16.588449478149414,frame_id_exact,1,,2.3950488567352295,11.885270118713379,1.9605249166488647,0.0673586862379088,0.04537706265143763,-0.8761186509995547,-0.47520504936727165,-0.6746557950973511,-0.5598375201225281,-0.14430496096611023,0.8830420163312568,0.09494231326330178,-0.025003341789714945,2.142190281338457,-0.6944257020950317,depth/001497.png,1.0,0.07490158404488145,0.14352975747099966,-0.986807459146861,0.8830420163312568,0.09494231326330178,-0.025003341789714945,-0.6944257020950317,0.9756926716339607,-0.21900403864038168,0.007812911044307478,4.5,0.9,1.0,0.0,0.039475083351135254,-0.3838659872938832,1.0,0.0,0.039475083351135254,-0.3838659872938832,direct,SAFE_PROGRESSING,NONE,DIRECT_LOCAL,PASS_THROUGH,0,8,0,0,0,0,1,1.0,5.052390626001106,inf,0.0,0,0,0,CLEAR,none,nan,0.0,0.0,0,0,0,0,0.0,0,0,1,0,2.0,1.0,"2.417,11.904;2.240,11.803;2.038,11.717;1.832,11.638;1.626,11.563;1.418,11.490;1.210,11.419;1.002,11.348;0.793,11.278;0.585,11.208;0.376,11.138;0.168,11.067;0.064,11.032",-2.3499999999999996,10.15,2.0,-2.3499999999999996,10.15,2.0,-2.3499999999999996,10.15,2.0,5.68366097755255,0.0,0.0,0,0,0,1,,,1,1,PASS_THROUGH,-1,0.9757224519079848,-0.21901072312256825,0.0,0.9,0,0.9756926716339607,-0.21900403864038168,0.007812911044307478,4.5,0.9,0,0,0,BYPASS_VISIBLE,1,0,1,1,1
1787562384747570432,1787562384764489472,joint_v2_000005_c2dc4fc3,1498,19,0.03333333333333333,0.6333333333333333,16.91889762878418,frame_id_exact,1,,2.371641159057617,11.866512298583984,1.9556913375854492,0.07176971160519041,0.05177733721073327,-0.8702600321048971,-0.4845778496467388,-0.7305859923362732,-0.5659851431846619,-0.1460476666688919,0.931225511909531,0.09069960142632091,-0.004198060636279477,2.1194340458498035,-0.6508731842041016,depth/001498.png,1.0,0.07473632159936203,0.15967551932545715,-0.9843364316949477,0.931225511909531,0.09069960142632091,-0.004198060636279477,-0.6508731842041016,0.9800382881686048,-0.19861313437790626,0.008819102909849804,4.5,0.9,1.0,0.0,0.04430866241455078,-0.3800179386028679,1.0,0.0,0.04430866241455078,-0.3800179386028679,direct,SAFE_PROGRESSING,NONE,DIRECT_LOCAL,PASS_THROUGH,0,8,0,0,0,0,1,1.0,5.023973497750265,inf,0.0,0,0,0,CLEAR,none,nan,0.0,0.0,0,0,0,0,0.0,0,0,1,0,2.0,1.0,"2.417,11.904;2.240,11.803;2.038,11.717;1.832,11.638;1.626,11.563;1.418,11.490;1.210,11.419;1.002,11.348;0.793,11.278;0.585,11.208;0.376,11.138;0.168,11.067;0.064,11.032",-2.3499999999999996,10.15,2.0,-2.3499999999999996,10.15,2.0,-2.3499999999999996,10.15,2.0,5.654971327088938,0.0,0.0,0,0,0,1,,,0,1,PASS_THROUGH,-1,0.9756926716339607,-0.21900403864038168,0.007812911044307478,0.9,0,0.9800382881686048,-0.19861313437790626,0.008819102909849804,4.5,0.9,0,0,0,BYPASS_VISIBLE,1,0,1,1,1
1787562384794834688,1787562384810708224,joint_v2_000005_c2dc4fc3,1499,20,0.03333333333333333,0.6666666666666666,15.87367057800293,frame_id_exact,1,,2.3463354110717773,11.847537994384766,1.950781226158142,0.06733751261398711,0.04663617484105135,-0.8655297134360902,-0.49411440148046254,-0.7871392369270325,-0.5721064805984497,-0.14837555587291718,0.9804403490638861,0.08684004167671473,-0.010239048905251735,2.0988883809831598,-0.6035001277923584,depth/001499.png,1.0,0.07047802475471818,0.14727485957674782,-0.986581453182312,0.9804403490638861,0.08684004167671473,-0.010239048905251735,-0.6035001277923584,0.983572361360137,-0.18024504397591876,0.009855662867769477,4.5,0.9,1.0,0.0,0.04921877384185791,-0.2794620122835756,1.0,0.0,0.04921877384185791,-0.2794620122835756,direct,SAFE_PROGRESSING,NONE,DIRECT_LOCAL,PASS_THROUGH,0,7,0,0,0,0,1,1.0,4.993716204958645,inf,0.0,0,0,0,CLEAR,none,nan,0.0,0.0,0,0,0,0,10.38454319951934,0,0,1,0,2.0,1.0,"2.346,11.848;2.154,11.747;1.951,11.663;1.745,11.585;1.538,11.511;1.330,11.439;1.122,11.369;0.913,11.299;0.704,11.229;0.496,11.160;0.287,11.090;0.078,11.020;-0.026,10.985",-2.3499999999999996,10.15,2.0,-2.3499999999999996,10.15,2.0,-2.3499999999999996,10.15,2.0,5.624541176585905,0.0,0.0,0,0,0,1,,,0,1,PASS_THROUGH,-1,0.9756926716339607,-0.21900403864038168,0.007812911044307478,0.9,0,0.983572361360137,-0.18024504397591876,0.009855662867769477,4.5,0.9,0,0,0,BYPASS_VISIBLE,1,0,1,1,1
1787562384844052224,1787562384860890112,joint_v2_000005_c2dc4fc3,1500,21,0.03333333333333333,0.7,16.83783531188965,frame_id_exact,1,,2.3192529678344727,11.828413009643555,1.94583261013031,0.054814622113445365,0.030715839820853404,-0.8616439079170243,-0.503608647995781,-0.8358827233314514,-0.5745013356208801,-0.14768119156360626,1.0205926057525052,0.08427780191051634,-0.04300501510601261,2.080286731131088,-0.5538548231124878,depth/001500.png,1.0,0.0635238452891781,0.10814246798229067,-0.9921037887733197,1.0205926057525052,0.08427780191051634,-0.04300501510601261,-0.5538548231124878,0.9864559316469732,-0.1636628501911823,0.010916335731412201,4.5,0.9,1.0,0.0,0.05416738986968994,-0.26181967023947594,1.0,0.0,0.05416738986968994,-0.26181967023947594,direct,SAFE_PROGRESSING,NONE,DIRECT_LOCAL,PASS_THROUGH,0,7,0,0,0,0,1,1.0,4.961753068077024,inf,0.0,0,0,0,CLEAR,none,nan,0.0,0.0,0,0,0,0,0.0,0,0,1,0,2.0,1.0,"2.346,11.848;2.154,11.747;1.951,11.663;1.745,11.585;1.538,11.511;1.330,11.439;1.122,11.369;0.913,11.299;0.704,11.229;0.496,11.160;0.287,11.090;0.078,11.020;-0.026,10.985",-2.3499999999999996,10.15,2.0,-2.3499999999999996,10.15,2.0,-2.3499999999999996,10.15,2.0,5.592776485944021,0.0,0.0,0,0,0,1,,,0,1,PASS_THROUGH,-1,0.9756926716339607,-0.21900403864038168,0.007812911044307478,0.9,0,0.9864559316469732,-0.1636628501911823,0.010916335731412201,4.5,0.9,0,0,0,BYPASS_VISIBLE,1,0,1,1,1
1787562384890407424,1787562384906491392,joint_v2_000005_c2dc4fc3,1501,22,0.03333333333333333,0.7333333333333333,16.083955764770508,frame_id_exact,1,,2.2907731533050537,11.80931282043457,1.9410194158554077,0.03717766889079169,0.007763753421926236,-0.8578762109476857,-0.5124509261955646,-0.8700060248374939,-0.5703163146972656,-0.1397731751203537,1.042339281865948,0.08330641441229913,-0.09108559350182588,2.0632178827214873,-0.5025521516799927,depth/001501.png,1.0,0.05583059017615988,0.05142414045042488,-0.9971150901373004,1.042339281865948,0.08330641441229913,-0.09108559350182588,-0.5025521516799927,0.9888439093657642,-0.14847399865620092,0.01196639600174608,4.5,0.9,1.0,0.0,0.058980584144592285,-0.26659923335421665,1.0,0.0,0.058980584144592285,-0.26659923335421665,direct,SAFE_PROGRESSING,NONE,DIRECT_LOCAL,PASS_THROUGH,0,7,0,0,0,0,1,1.0,4.928498198893397,inf,0.0,0,0,0,CLEAR,none,nan,0.0,0.0,0,0,0,0,0.0,0,0,1,0,2.0,1.0,"2.346,11.848;2.154,11.747;1.951,11.663;1.745,11.585;1.538,11.511;1.330,11.439;1.122,11.369;0.913,11.299;0.704,11.229;0.496,11.160;0.287,11.090;0.078,11.020;-0.026,10.985",-2.3499999999999996,10.15,2.0,-2.3499999999999996,10.15,2.0,-2.3499999999999996,10.15,2.0,5.560280128640831,0.0,0.0,0,0,0,1,,,0,1,PASS_THROUGH,-1,0.9756926716339607,-0.21900403864038168,0.007812911044307478,0.9,0,0.9888439093657642,-0.14847399865620092,0.01196639600174608,4.5,0.9,0,0,0,BYPASS_VISIBLE,1,0,1,1,1
1787562384939296000,1787562384955222016,joint_v2_000005_c2dc4fc3,1502,23,0.03333333333333333,0.7666666666666667,15.926122665405273,frame_id_exact,1,,2.261462450027466,11.790484428405762,1.9366172552108765,0.018452663920229137,-0.01720936088141493,-0.8537000460188524,-0.5201534086399027,-0.8853405117988586,-0.5579476356506348,-0.12315408140420914,1.0412884938425597,0.08341666869097307,-0.13805884869325324,2.0473957079731226,-0.4546378552913666,depth/001502.png,1.0,0.049409095521704416,-0.010186832279650459,-0.9987266741846006,1.0412884938425597,0.08341666869097307,-0.13805884869325324,-0.4546378552913666,0.9908425172979407,-0.1344003031844848,0.01294852959214827,4.5,0.9,1.0666666666,0.0,0.06338274478912354,-0.1905544362811451,1.0666666666,0.0,0.06338274478912354,-0.1905544362811451,direct,SAFE_PROGRESSING,NONE,DIRECT_LOCAL,PASS_THROUGH,0,7,0,0,0,0,1,1.0666666666,4.894565873277741,inf,0.0,0,0,0,CLEAR,none,nan,0.0,0.0,0,0,0,0,7.724595316338533,0,0,1,0,2.0,2.0,"2.261,11.790;2.037,11.683;1.730,11.564;1.348,11.429;0.950,11.295;0.552,11.163;0.153,11.030;-0.245,10.896;-0.565,10.785",-2.3499999999999996,10.15,2.0,-2.3499999999999996,10.15,2.0,-2.3499999999999996,10.15,2.0,5.527734782020601,0.0,0.0,0,0,0,1,,,0,1,PASS_THROUGH,-1,0.9756926716339607,-0.21900403864038168,0.007812911044307478,0.9,0,0.9908425172979407,-0.1344003031844848,0.01294852959214827,4.5,0.9,0,0,0,BYPASS_VISIBLE,1,0,1,1,1
1787562384981905408,1787562385009896960,joint_v2_000005_c2dc4fc3,1503,24,0.03333333333333333,0.8,27.991533279418945,frame_id_exact,1,,2.231963634490967,11.772205352783203,1.9328744411468506,0.003419918585645002,-0.03788084202131737,-0.849234601612101,-0.5266440329001743,-0.8817671537399292,-0.5375641584396362,-0.10092028975486755,1.0206598922882815,0.08346955240083753,-0.16721142554806073,2.032791047923515,-0.413664311170578,depth/001503.png,0.9999967447916667,0.04570806521877404,-0.0607372841331401,-0.9971066919292471,1.0206598922882815,0.08346955240083753,-0.16721142554806073,-0.413664311170578,0.9925061392799598,-0.12141204239834405,0.013808673080781979,4.5,0.9,1.1333333332,0.0,0.06712555885314941,-0.17765026469549916,1.1333333332,0.0,0.06712555885314941,-0.17765026469549916,direct,SAFE_PROGRESSING,NONE,DIRECT_LOCAL,PASS_THROUGH,0,7,0,0,0,0,1,1.1333333332,4.860652317785767,inf,0.0,0,0,0,CLEAR,none,nan,0.0,0.0,0,0,0,0,0.0,0,0,1,0,2.0,2.0,"2.261,11.790;2.037,11.683;1.730,11.564;1.348,11.429;0.950,11.295;0.552,11.163;0.153,11.030;-0.245,10.896;-0.565,10.785",-2.3499999999999996,10.15,2.0,-2.3499999999999996,10.15,2.0,-2.3499999999999996,10.15,2.0,5.495717397470045,0.0,0.0,0,0,0,1,,,1,1,PASS_THROUGH,-1,0.9926007780779277,-0.12142361944486967,0.0,0.9,0,0.9925061392799598,-0.12141204239834405,0.013808673080781979,4.5,0.9,0,0,0,BYPASS_VISIBLE,1,0,1,1,1
1787562385046966784,1787562385063898368,joint_v2_000005_c2dc4fc3,1504,25,0.03333333333333333,0.8333333333333334,16.931533813476562,frame_id_exact,1,,2.202821731567383,11.754708290100098,1.9299376010894775,-0.002409979475430624,-0.046166079599082324,-0.8453059883630893,-0.5322787532213548,-0.8655197620391846,-0.5118376612663269,-0.07500565052032471,0.9922495633792277,0.08225365703079378,-0.15938393099594267,2.0194888896040535,-0.3801429271697998,depth/001504.png,1.0,0.04507210641540744,-0.08061448882964521,-0.9957257701867583,0.9922495633792277,0.08225365703079378,-0.15938393099594267,-0.3801429271697998,0.9938707494728461,-0.10959165927181237,0.014512117706731175,4.5,0.9,1.1999999998,0.0,0.07006239891052246,-0.18473524062188718,1.1999999998,0.0,0.07006239891052246,-0.18473524062188718,direct,SAFE_PROGRESSING,NONE,DIRECT_LOCAL,PASS_THROUGH,0,7,0,0,0,0,1,1.1999999998,4.827346519129137,inf,0.0,0,0,0,CLEAR,none,nan,0.0,0.0,0,0,0,0,0.0,0,0,1,0,2.0,2.0,"2.261,11.790;2.037,11.683;1.730,11.564;1.348,11.429;0.950,11.295;0.552,11.163;0.153,11.030;-0.245,10.896;-0.565,10.785",-2.3499999999999996,10.15,2.0,-2.3499999999999996,10.15,2.0,-2.3499999999999996,10.15,2.0,5.464472573017964,0.0,0.0,0,0,0,1,,,0,1,PASS_THROUGH,-1,0.9925061392799598,-0.12141204239834405,0.013808673080781979,0.9,0,0.9938707494728461,-0.10959165927181237,0.014512117706731175,4.5,0.9,0,0,0,BYPASS_VISIBLE,1,0,1,1,1
1787562385093436416,1787562385110488832,joint_v2_000005_c2dc4fc3,1505,26,0.03333333333333333,0.8666666666666667,17.052412033081055,frame_id_exact,1,,2.17427134513855,11.738086700439453,1.9278818368911743,0.0034153357088967063,-0.037999161360882786,-0.8424537216930469,-0.537416157203521,-0.8485152125358582,-0.48589202761650085,-0.04871812462806702,0.9694293674367223,0.07921160925384746,-0.11124210796265835,2.0073332425688215,-0.3542194366455078,depth/001505.png,1.0,0.04659725110862667,-0.060354156634910186,-0.9970887984357303,0.9694293674367223,0.07921160925384746,-0.11124210796265835,-0.3542194366455078,0.9949950912929898,-0.09878562510846958,0.015038902047145303,4.5,0.9,1.1333333332,0.0,0.07211816310882568,-0.13369935135811417,1.1333333332,0.0,0.07211816310882568,-0.13369935135811417,direct,SAFE_PROGRESSING,NONE,DIRECT_LOCAL,PASS_THROUGH,0,7,0,0,0,0,1,1.1333333332,4.794898390222096,inf,0.0,0,0,0,CLEAR,none,nan,0.0,0.0,0,0,0,0,5.6698889808931074,0,0,1,0,2.0,1.0,"2.174,11.738;1.976,11.648;1.771,11.569;1.564,11.495;1.356,11.422;1.148,11.351;0.939,11.281;0.731,11.211;0.522,11.142;0.313,11.072;0.104,11.003;-0.104,10.933;-0.208,10.898",-2.3499999999999996,10.15,2.0,-2.3499999999999996,10.15,2.0,-2.3499999999999996,10.15,2.0,5.4337884508571,0.0,0.0,0,0,0,1,,,0,1,PASS_THROUGH,-1,0.9925061392799598,-0.12141204239834405,0.013808673080781979,0.9,0,0.9949950912929898,-0.09878562510846958,0.015038902047145303,4.5,0.9,0,0,0,BYPASS_VISIBLE,1,0,1,1,1
1787562385143435264,1787562385159746304,joint_v2_000005_c2dc4fc3,1506,27,0.03333333333333333,0.9,16.311168670654297,frame_id_exact,1,,2.1461174488067627,11.722253799438477,1.9266096353530884,0.018495093796822383,-0.016361336303184756,-0.840087656962907,-0.5418883342519877,-0.8435359001159668,-0.46539178490638733,-0.02899933233857155,0.9601311159391567,0.0744649813201629,-0.03983084585227438,1.9960167235068265,-0.32732027769088745,depth/001506.png,1.0,0.04880703457710214,-0.00744536222066056,-0.9987804763596416,0.9601311159391567,0.0744649813201629,-0.03983084585227438,-0.32732027769088745,0.9959398367767736,-0.08869322036060447,0.015406303356705939,4.5,0.9,1.0666666666,0.0,0.07339036464691162,-0.12374473601391323,1.0666666666,0.0,0.07339036464691162,-0.12374473601391323,direct,SAFE_PROGRESSING,NONE,DIRECT_LOCAL,PASS_THROUGH,0,7,0,0,0,0,1,1.0666666666,4.763092915670799,inf,0.0,0,0,0,CLEAR,none,nan,0.0,0.0,0,0,0,0,0.0,0,0,1,0,2.0,1.0,"2.174,11.738;1.976,11.648;1.771,11.569;1.564,11.495;1.356,11.422;1.148,11.351;0.939,11.281;0.731,11.211;0.522,11.142;0.313,11.072;0.104,11.003;-0.104,10.933;-0.208,10.898",-2.3499999999999996,10.15,2.0,-2.3499999999999996,10.15,2.0,-2.3499999999999996,10.15,2.0,5.40309721154626,0.0,0.0,0,0,0,1,,,0,1,PASS_THROUGH,-1,0.9925061392799598,-0.12141204239834405,0.013808673080781979,0.9,0,0.9959398367767736,-0.08869322036060447,0.015406303356705939,4.5,0.9,0,0,0,BYPASS_VISIBLE,1,0,1,1,1
1787562385189297152,1787562385205382400,joint_v2_000005_c2dc4fc3,1507,28,0.03333333333333333,0.9333333333333333,16.085147857666016,frame_id_exact,1,,2.117830991744995,11.7069730758667,1.9258517026901245,0.035140816363943395,0.007789675454496542,-0.8373621150971651,-0.5454623105051268,-0.8567070364952087,-0.4528532326221466,-0.01775883324444294,0.9663686470882573,0.06823408240670253,0.028532801437318144,1.9855704070769185,-0.29626020789146423,depth/001507.png,1.0,0.050353227890515904,0.05138154000282126,-0.9974088879631784,0.9663686470882573,0.06823408240670253,0.028532801437318144,-0.29626020789146423,0.9967231678128815,-0.0793560642923342,0.01566977361308554,4.5,0.9,1.0,0.0,0.07414829730987549,-0.12742119321629053,1.0,0.0,0.07414829730987549,-0.12742119321629053,direct,SAFE_PROGRESSING,NONE,DIRECT_LOCAL,PASS_THROUGH,0,7,0,0,0,0,1,1.0,4.731350645404636,inf,0.0,0,0,1,CLEAR,none,nan,0.0,0.0,0,0,0,0,0.0,0,0,1,0,2.0,1.0,"2.174,11.738;1.976,11.648;1.771,11.569;1.564,11.495;1.356,11.422;1.148,11.351;0.939,11.281;0.731,11.211;0.522,11.142;0.313,11.072;0.104,11.003;-0.104,10.933;-0.208,10.898",-2.3499999999999996,10.15,2.0,-2.3499999999999996,10.15,2.0,-2.3499999999999996,10.15,2.0,5.371777150392151,0.0,0.0,0,0,0,1,,,0,1,PASS_THROUGH,-1,0.9925061392799598,-0.12141204239834405,0.013808673080781979,0.9,0,0.9967231678128815,-0.0793560642923342,0.01566977361308554,4.5,0.9,0,0,0,BYPASS_VISIBLE,1,0,1,1,1
1787562385243776000,1787562385259918592,joint_v2_000005_c2dc4fc3,1508,29,0.03333333333333333,0.9666666666666667,16.142606735229492,frame_id_exact,1,,2.0888307094573975,11.691988945007324,1.9253307580947876,0.045847475557175166,0.024136493293112262,-0.8344934237881882,-0.5485764890430622,-0.8852435946464539,-0.4470948576927185,-0.014670386910438538,0.9873493831856849,0.060882290063110266,0.07210961218497913,1.9762304848751835,-0.26378050446510315,depth/001508.png,1.0,0.05003740820241087,0.09058518419810532,-0.9946308773530915,0.9873493831856849,0.060882290063110266,0.07210961218497913,-0.26378050446510315,0.9973482825054207,-0.07102087421431223,0.015888323049415398,4.5,0.9,1.0,0.0,0.0746692419052124,-0.028095111768569048,1.0,0.0,0.0746692419052124,-0.028095111768569048,direct,SAFE_PROGRESSING,NONE,DIRECT_LOCAL,PASS_THROUGH,0,7,0,0,0,0,1,1.0,4.699036919811001,inf,0.0,0,0,1,CLEAR,none,nan,0.0,0.0,0,0,0,0,4.073139960869712,0,0,1,0,2.0,1.0,"2.089,11.692;1.889,11.603;1.685,11.520;1.480,11.440;1.275,11.361;1.069,11.282;0.863,11.205;0.658,11.127;0.452,11.049;0.246,10.972;0.040,10.894;-0.166,10.817;-0.269,10.778",-2.3499999999999996,10.15,2.0,-2.3499999999999996,10.15,2.0,-2.3499999999999996,10.15,2.0,5.339425739733036,0.0,0.0,0,0,0,1,,,0,1,PASS_THROUGH,-1,0.9925061392799598,-0.12141204239834405,0.013808673080781979,0.9,0,0.9973482825054207,-0.07102087421431223,0.015888323049415398,4.5,0.9,0,0,0,BYPASS_VISIBLE,1,0,1,1,1
1787562385295254784,1787562385312182272,joint_v2_000005_c2dc4fc3,1509,30,0.03333333333333333,1.0,16.927480697631836,frame_id_exact,1,,2.058741807937622,11.677127838134766,1.9248058795928955,0.046342970081271743,0.027111557681671176,-0.832208608884785,-0.5518569777235501,-0.9203106760978699,-0.4447217881679535,-0.017338629812002182,1.0178720711959295,0.05298139756662315,0.07860824184507902,1.9682198730999139,-0.230097234249115,depth/001509.png,1.0,0.04721063275867923,0.0962743262214934,-0.9942345851282396,1.0178720711959295,0.05298139756662315,0.07860824184507902,-0.230097234249115,0.9978249353072375,-0.063919739596458,0.01611413568977199,4.5,0.9,1.0,0.0,0.07519412040710449,-0.01762577999514736,1.0,0.0,0.07519412040710449,-0.01762577999514736,direct,SAFE_PROGRESSING,NONE,DIRECT_LOCAL,PASS_THROUGH,0,7,0,0,0,0,1,1.0,4.665739358672241,inf,0.0,0,0,1,CLEAR,none,nan,0.0,0.0,0,0,0,0,0.0,0,0,1,0,2.0,1.0,"2.089,11.692;1.889,11.603;1.685,11.520;1.480,11.440;1.275,11.361;1.069,11.282;0.863,11.205;0.658,11.127;0.452,11.049;0.246,10.972;0.040,10.894;-0.166,10.817;-0.269,10.778",-2.3499999999999996,10.15,2.0,-2.3499999999999996,10.15,2.0,-2.3499999999999996,10.15,2.0,5.305983907224637,0.0,0.0,0,0,0,1,,,1,1,PASS_THROUGH,-1,0.9979545108325171,-0.06392804008439018,0.0,0.9,0,0.9978249353072375,-0.063919739596458,0.01611413568977199,4.5,0.9,0,0,0,BYPASS_VISIBLE,1,0,1,1,1
1787562385346267392,1787562385362676736,joint_v2_000005_c2dc4fc3,1510,31,0.03333333333333333,1.0333333333333334,16.40915870666504,frame_id_exact,1,,2.027514696121216,11.662341117858887,1.9241597652435303,0.03748756571926172,0.018300974242528835,-0.8306254073987723,-0.5552667731296751,-0.9520498514175415,-0.44218263030052185,-0.02116256393492222,1.047642347873316,0.04530499134943609,0.05258536809099128,1.9615466740221783,-0.19547758996486664,depth/001510.png,1.0,0.04195240327034347,0.07203370767083207,-0.9965195135164366,1.047642347873316,0.04530499134943609,0.05258536809099128,-0.19547758996486664,0.9981783573668983,-0.0580679770398824,0.01637305490177295,4.5,0.9,1.0,0.0,0.07584023475646973,-0.01629115823147842,1.0,0.0,0.07584023475646973,-0.01629115823147842,direct,SAFE_PROGRESSING,NONE,DIRECT_LOCAL,PASS_THROUGH,0,6,0,0,0,0,1,1.0,4.6313940203273445,inf,0.0,0,0,1,CLEAR,none,nan,0.0,0.0,0,0,0,0,0.0,0,0,1,0,2.0,1.0,"2.089,11.692;1.889,11.603;1.685,11.520;1.480,11.440;1.275,11.361;1.069,11.282;0.863,11.205;0.658,11.127;0.452,11.049;0.246,10.972;0.040,10.894;-0.166,10.817;-0.269,10.778",-2.3499999999999996,10.15,2.0,-2.3499999999999996,10.15,2.0,-2.3499999999999996,10.15,2.0,5.271700907600552,0.0,0.0,0,0,0,1,,,0,1,PASS_THROUGH,-1,0.9978249353072375,-0.063919739596458,0.01611413568977199,0.9,0,0.9981783573668983,-0.0580679770398824,0.01637305490177295,4.5,0.9,0,0,0,BYPASS_VISIBLE,1,0,1,1,1
1787562385390257664,1787562385407156224,joint_v2_000005_c2dc4fc3,1511,32,0.03333333333333333,1.0666666666666667,16.898632049560547,frame_id_exact,1,,1.9953949451446533,11.647677421569824,1.9234386682510376,0.02226665509644228,0.0017445276372838566,-0.8292898530166288,-0.5583721808774119,-0.9728267788887024,-0.43696630001068115,-0.021218083798885345,1.0659423228896752,0.03872101520086926,0.0070244859219430675,1.9559260444077005,-0.1626346856355667,depth/001511.png,1.0,0.034982830861338965,0.027759599669904385,-0.9990023053882777,1.0659423228896752,0.03872101520086926,0.0070244859219430675,-0.1626346856355667,0.9984455696839505,-0.05318885108802265,0.016655044233743307,4.5,0.9,1.0666666666,0.0,0.0765613317489624,-0.008096451455412712,1.0666666666,0.0,0.0765613317489624,-0.008096451455412712,direct,SAFE_PROGRESSING,NONE,DIRECT_LOCAL,PASS_THROUGH,0,6,0,0,0,0,1,1.0666666666,4.596247914154406,inf,0.0,0,0,1,CLEAR,none,nan,0.0,0.0,0,0,0,0,3.049358799570704,0,0,1,0,2.0,2.0,"1.995,11.648;1.761,11.551;1.451,11.429;1.071,11.283;0.679,11.134;0.286,10.986;-0.107,10.837;-0.500,10.688;-0.805,10.572",-2.3499999999999996,10.15,2.0,-2.3499999999999996,10.15,2.0,-2.3499999999999996,10.15,2.0,5.2370415151961005,0.0,0.0,0,0,0,1,,,0,1,PASS_THROUGH,-1,0.9978249353072375,-0.063919739596458,0.01611413568977199,0.9,0,0.9984455696839505,-0.05318885108802265,0.016655044233743307,4.5,0.9,0,0,0,BYPASS_VISIBLE,1,0,1,1,1
1787562385438174208,1787562385454949888,joint_v2_000005_c2dc4fc3,1512,33,0.03333333333333333,1.1,16.77560806274414,frame_id_exact,1,,1.962834358215332,11.633255004882812,1.9227994680404663,0.005430342309035836,-0.016453202350125252,-0.8277781458502647,-0.5607879677449673,-0.9781065583229065,-0.42783573269844055,-0.016357213258743286,1.066428515750334,0.033831386141623655,-0.0398631426227411,1.951005285400889,-0.1345730423927307,depth/001512.png,1.0,0.027443753193458778,-0.021148661414084356,-0.999399607029665,1.066428515750334,0.033831386141623655,-0.0398631426227411,-0.1345730423927307,0.9986584437820162,-0.048937389446552515,0.016924673616881596,4.5,0.9,1.1333333332,0.0,0.07720053195953369,-0.0013268303738556142,1.1333333332,0.0,0.07720053195953369,-0.0013268303738556142,direct,SAFE_PROGRESSING,NONE,DIRECT_LOCAL,PASS_THROUGH,0,6,0,0,0,0,1,1.1333333332,4.5607659017880495,inf,0.0,0,0,1,CLEAR,none,nan,0.0,0.0,0,0,0,0,0.0,0,0,1,0,2.0,2.0,"1.995,11.648;1.761,11.551;1.451,11.429;1.071,11.283;0.679,11.134;0.286,10.986;-0.107,10.837;-0.500,10.688;-0.805,10.572",-2.3499999999999996,10.15,2.0,-2.3499999999999996,10.15,2.0,-2.3499999999999996,10.15,2.0,5.202532988318791,0.0,0.0,0,0,0,1,,,0,1,PASS_THROUGH,-1,0.9978249353072375,-0.063919739596458,0.01611413568977199,0.9,0,0.9986584437820162,-0.048937389446552515,0.016924673616881596,4.5,0.9,0,0,0,BYPASS_VISIBLE,1,0,1,1,1
1787562385484507136,1787562385502231296,joint_v2_000005_c2dc4fc3,1513,34,0.03333333333333333,1.1333333333333333,17.724275588989258,frame_id_exact,1,,1.9303479194641113,11.619194984436035,1.92242431640625,-0.006248373001735234,-0.02743373612055412,-0.8262810037083281,-0.5625549314227516,-0.9691991806030273,-0.4155176877975464,-0.005280792247503996,1.052310001940737,0.030640522892447723,-0.0611122368541995,1.9466462466833603,-0.11143907904624939,depth/001513.png,1.0,0.020540143253100756,-0.05236605612531162,-0.998416695914598,1.052310001940737,0.030640522892447723,-0.0611122368541995,-0.11143907904624939,0.9988315384587823,-0.045186235026115726,0.017139484946374045,4.5,0.9,1.1999999998,0.0,0.07757568359375,7.504073913366938e-05,1.1999999998,0.0,0.07757568359375,7.504073913366938e-05,direct,SAFE_PROGRESSING,NONE,DIRECT_LOCAL,PASS_THROUGH,0,6,0,0,0,0,1,1.1999999998,4.525473700503931,inf,0.0,0,0,1,CLEAR,none,nan,0.0,0.0,0,0,0,0,0.0,0,0,1,0,2.0,2.0,"1.995,11.648;1.761,11.551;1.451,11.429;1.071,11.283;0.679,11.134;0.286,10.986;-0.107,10.837;-0.500,10.688;-0.805,10.572",-2.3499999999999996,10.15,2.0,-2.3499999999999996,10.15,2.0,-2.3499999999999996,10.15,2.0,5.168536735477212,0.0,0.0,0,0,0,1,,,0,1,PASS_THROUGH,-1,0.9978249353072375,-0.063919739596458,0.01611413568977199,0.9,0,0.9988315384587823,-0.045186235026115726,0.017139484946374045,4.5,0.9,0,0,0,BYPASS_VISIBLE,1,0,1,1,1
1787562385532315136,1787562385549030144,joint_v2_000005_c2dc4fc3,1514,35,0.03333333333333333,1.1666666666666667,16.714811325073242,frame_id_exact,1,,1.898293137550354,11.605558395385742,1.9224958419799805,-0.008182400082174466,-0.025354452136989544,-0.8253170176609333,-0.5640407967913234,-0.9539626240730286,-0.40296846628189087,0.009764784015715122,1.034313938088001,0.02864460530469509,-0.04356360885625045,1.9429510406980854,-0.0926726832985878,depth/001514.png,1.0,0.015095742704852495,-0.05108133656828433,-0.9985804001714567,1.034313938088001,0.02864460530469509,-0.04356360885625045,-0.0926726832985878,0.998966512232634,-0.042049176844757785,0.01725613411064926,4.490728763233797,0.8981457526467593,1.1333333332,0.0,0.07750415802001953,0.010598187510240109,1.1333333332,0.0,0.07750415802001953,0.010598187510240109,goal_capture,TERMINAL_SETTLING,NONE,DIRECT_LOCAL,PASS_THROUGH,0,6,0,0,0,0,1,1.1333333332,4.490728763233797,inf,0.0,0,0,1,CLEAR,none,nan,0.0,0.0,0,0,0,0,2.4103100095973944,0,0,1,1,0.0,0.6,"1.898,11.606;1.670,11.511;1.365,11.394;0.983,11.263;0.583,11.133;0.183,11.005;-0.216,10.875;-0.614,10.742;-1.012,10.608;-1.410,10.472;-1.785,10.344;-2.075,10.244;-2.274,10.176;-2.350,10.150",-2.3499999999999996,10.15,2.0,-2.3499999999999996,10.15,2.0,-2.3499999999999996,10.15,2.0,5.135064806295949,0.0,0.0,0,0,0,1,,,0,1,PASS_THROUGH,-1,0.9978249353072375,-0.063919739596458,0.01611413568977199,0.9,0,0.998966512232634,-0.042049176844757785,0.01725613411064926,4.491397524094894,0.8982795048189788,0,0,0,BYPASS_VISIBLE,1,0,1,1,1
1787562385580493056,1787562385596317184,joint_v2_000005_c2dc4fc3,1515,36,0.03333333333333333,1.2,15.824317932128906,frame_id_exact,1,,1.8666937351226807,11.592288970947266,1.9230369329452515,-0.0004981819222529881,-0.010897494244807885,-0.8248095757307116,-0.5653053689970406,-0.9436415433883667,-0.3941252529621124,0.021819550544023514,1.0225067202447555,0.027270463178723187,0.0025493350313245955,1.9400108974910701,-0.07542046159505844,depth/001515.png,1.0,0.0114990135705481,-0.018539965039949487,-0.9997619928679135,1.0225067202447555,0.027270463178723187,0.0025493350313245955,-0.07542046159505844,0.9990652196390462,-0.03962994999078913,0.01726713558502818,4.456534924303745,0.891306984860749,1.0666666666,0.0,0.07696306705474854,0.004094155817058187,1.0666666666,0.0,0.07696306705474854,0.004094155817058187,goal_capture,TERMINAL_SETTLING,NONE,DIRECT_LOCAL,PASS_THROUGH,0,6,0,0,0,0,1,1.0666666666,4.456534924303745,inf,0.0,0,0,1,CLEAR,none,nan,0.0,0.0,0,0,1,0,2.271562487248285,0,0,1,1,0.0,0.6,"1.867,11.592;1.641,11.499;1.337,11.385;0.956,11.254;0.557,11.124;0.157,10.995;-0.242,10.866;-0.641,10.733;-1.038,10.598;-1.436,10.463;-1.806,10.336;-2.090,10.239;-2.284,10.173;-2.350,10.150",-2.3499999999999996,10.15,2.0,-2.3499999999999996,10.15,2.0,-2.3499999999999996,10.15,2.0,5.101791406444865,0.0,0.0,0,0,0,1,,,1,1,PASS_THROUGH,-1,0.9992141905835005,-0.03963585922570466,0.0,0.891306984860749,0,0.9990652196390462,-0.03962994999078913,0.01726713558502818,4.457199439696351,0.8914398879392701,0,0,0,BYPASS_VISIBLE,1,0,1,1,1
1787562385632947712,1787562385649096448,joint_v2_000005_c2dc4fc3,1516,37,0.03333333333333333,1.2333333333333334,16.148805618286133,frame_id_exact,1,,1.8352497816085815,11.579219818115234,1.9238903522491455,0.010258002164913925,0.00629213718613773,-0.824225228323496,-0.5661342203014196,-0.9450860023498535,-0.39090195298194885,0.02864842675626278,1.0215407763876847,0.026065842697772987,0.05086880242386964,1.9377684585884476,-0.05923258885741234,depth/001516.png,1.0,0.009785419993230886,0.021987088532741898,-0.9997103648024309,1.0215407763876847,0.026065842697772987,0.05086880242386964,-0.05923258885741234,0.999133980703448,-0.03788418821188686,0.01720688487809997,4.422554128888421,0.8845108257776841,1.0,0.0,0.07610964775085449,0.0037499854328171267,1.0,0.0,0.07610964775085449,0.0037499854328171267,goal_capture,TERMINAL_SETTLING,NONE,DIRECT_LOCAL,PASS_THROUGH,0,6,0,0,0,0,1,1.0,4.422554128888421,inf,0.0,0,0,1,CLEAR,none,nan,0.0,0.0,0,0,1,0,2.171445278324596,0,0,1,1,0.0,0.6,"1.835,11.579;1.609,11.487;1.305,11.373;0.924,11.243;0.525,11.113;0.125,10.984;-0.274,10.854;-0.673,10.722;-1.071,10.587;-1.468,10.451;-1.831,10.327;-2.109,10.232;-2.295,10.169;-2.350,10.150",-2.3499999999999996,10.15,2.0,-2.3499999999999996,10.15,2.0,-2.3499999999999996,10.15,2.0,5.068296651608979,0.0,0.0,0,0,0,1,,,0,1,PASS_THROUGH,-1,0.9990652196390462,-0.03962994999078913,0.01726713558502818,0.891306984860749,0,0.999133980703448,-0.03788418821188686,0.01720688487809997,4.423208982337233,0.8846417964674466,0,0,0,BYPASS_VISIBLE,1,0,1,1,1
1787562385682547200,1787562385698040576,joint_v2_000005_c2dc4fc3,1517,38,0.03333333333333333,1.2666666666666666,15.493392944335938,frame_id_exact,1,,1.8035666942596436,11.56617546081543,1.924888253211975,0.017582259175028134,0.017034660155549095,-0.8235842165297781,-0.56666544168382,-0.957262396812439,-0.39218345284461975,0.03052433207631111,1.03155229598963,0.024693072037397828,0.07988119125806263,1.9360421694726837,-0.04465422406792641,depth/001517.png,1.0,0.0096550358530221,0.04798547179855128,-0.9988013690313742,1.03155229598963,0.024693072037397828,0.07988119125806263,-0.04465422406792641,0.9991820260611856,-0.03663880619774613,0.017113640076512657,4.388356095336701,0.8776712190673402,0.9333333334,0.0,0.0751117467880249,0.0032452998868715,0.9333333334,0.0,0.0751117467880249,0.0032452998868715,goal_capture,TERMINAL_SETTLING,NONE,DIRECT_LOCAL,PASS_THROUGH,0,6,0,0,0,0,1,0.9333333334,4.388356095336701,inf,0.0,0,0,1,CLEAR,none,nan,0.0,0.0,0,0,1,0,2.100026602874214,0,0,1,1,0.0,0.6,"1.804,11.566;1.575,11.474;1.268,11.360;0.887,11.229;0.487,11.099;0.087,10.971;-0.312,10.841;-0.711,10.708;-1.108,10.573;-1.506,10.438;-1.861,10.317;-2.130,10.225;-2.307,10.164;-2.350,10.150",-2.3499999999999996,10.15,2.0,-2.3499999999999996,10.15,2.0,-2.3499999999999996,10.15,2.0,5.034309083185574,0.0,0.0,0,0,0,1,,,0,1,PASS_THROUGH,-1,0.9990652196390462,-0.03962994999078913,0.01726713558502818,0.891306984860749,0,0.9991820260611856,-0.03663880619774613,0.017113640076512657,4.388998860102873,0.8777997720205747,0,0,0,BYPASS_VISIBLE,1,0,1,1,1
1787562385737565952,1787562385753436160,joint_v2_000005_c2dc4fc3,1518,39,0.03333333333333333,1.3,15.870094299316406,frame_id_exact,1,,1.7713865041732788,11.553056716918945,1.9258846044540405,0.017146384399904402,0.015577624432773819,-0.8232392994057265,-0.567221645420034,-0.9734562039375305,-0.3948754668235779,0.029004544019699097,1.0478894896151778,0.022815185150181466,0.07610495212534392,1.934727909832765,-0.03172113373875618,depth/001518.png,1.0,0.01055922343645058,0.045099825993520845,-0.9989266782380843,1.0478894896151778,0.022815185150181466,0.07610495212534392,-0.03172113373875618,0.9992142969084317,-0.03579199780796508,0.01702121460716913,4.35366453320338,0.870732906640676,0.8666666668,0.0,0.07411539554595947,0.0019506206031905116,0.8666666668,0.0,0.07411539554595947,0.0019506206031905116,goal_capture,TERMINAL_SETTLING,NONE,DIRECT_LOCAL,PASS_THROUGH,0,6,0,0,0,0,1,0.8666666668,4.35366453320338,inf,0.0,0,0,1,CLEAR,none,nan,0.0,0.0,0,0,1,0,2.051465846925674,0,0,1,1,0.0,0.6,"1.771,11.553;1.539,11.460;1.230,11.346;0.846,11.215;0.447,11.085;0.047,10.956;-0.352,10.826;-0.751,10.694;-1.149,10.559;-1.546,10.424;-1.893,10.306;-2.153,10.217;-2.320,10.160;-2.350,10.150",-2.3499999999999996,10.15,2.0,-2.3499999999999996,10.15,2.0,-2.3499999999999996,10.15,2.0,4.999851624799069,0.0,0.0,0,0,0,1,,,0,1,PASS_THROUGH,-1,0.9990652196390462,-0.03962994999078913,0.01726713558502818,0.891306984860749,0,0.9992142969084317,-0.03579199780796508,0.01702121460716913,4.354295345923372,0.8708590691846745,0,0,0,BYPASS_VISIBLE,1,0,1,1,1
1787562385784371456,1787562385799898880,joint_v2_000005_c2dc4fc3,1519,40,0.03333333333333333,1.3333333333333333,15.527486801147461,frame_id_exact,1,,1.7387298345565796,11.539877891540527,1.9268239736557007,0.007399484455429688,0.00031874515055761894,-0.8231283125690246,-0.5678071213700943,-0.9841878414154053,-0.3950757682323456,0.027715260162949562,1.0600505850475765,0.02016293163927429,0.036944807594480766,1.933823189185833,-0.020630156621336937,depth/001519.png,1.0,0.011819478774579537,0.008927696252356686,-0.9998902920626457,1.0600505850475765,0.02016293163927429,0.036944807594480766,-0.020630156621336937,0.99923174155712,-0.035339553218512364,0.016942332868912897,4.318503469187701,0.8637006938375402,0.8000000002000001,0.0,0.07317602634429932,-0.0010636239500438904,0.8000000002000001,0.0,0.07317602634429932,-0.0010636239500438904,goal_capture,TERMINAL_SETTLING,NONE,DIRECT_LOCAL,PASS_THROUGH,0,6,0,0,0,0,1,0.8000000002000001,4.318503469187701,inf,0.0,0,0,1,CLEAR,none,nan,0.0,0.0,0,0,1,0,2.025519791859231,0,0,1,1,0.0,0.6,"1.739,11.540;1.504,11.447;1.193,11.332;0.808,11.201;0.409,11.071;0.009,10.943;-0.390,10.813;-0.789,10.680;-1.187,10.545;-1.584,10.410;-1.922,10.295;-2.174,10.210;-2.331,10.156;-2.350,10.150",-2.3499999999999996,10.15,2.0,-2.3499999999999996,10.15,2.0,-2.3499999999999996,10.15,2.0,4.965290650495438,0.0,0.0,0,0,0,1,,,0,1,PASS_THROUGH,-1,0.9990652196390462,-0.03962994999078913,0.01726713558502818,0.891306984860749,0,0.99923174155712,-0.035339553218512364,0.016942332868912897,4.3191233999757115,0.8638246799951423,0,0,0,BYPASS_VISIBLE,1,0,1,1,1
1787562385832117760,1787562385848982784,joint_v2_000005_c2dc4fc3,1520,41,0.03333333333333333,1.3666666666666667,16.865015029907227,frame_id_exact,1,,1.7059426307678223,11.526786804199219,1.9277775287628174,-0.010392736266845686,-0.026298400049454933,-0.8225604279722425,-0.567974231388932,-0.9797900319099426,-0.38906803727149963,0.030230998992919922,1.0541388496045148,0.016710557936358388,-0.02807847154707588,1.9333076630534451,-0.011690620332956314,depth/001520.png,1.0,0.012776319926777167,-0.0550696591857089,-0.9984007703754533,1.0541388496045148,0.016710557936358388,-0.02807847154707588,-0.011690620332956314,0.9992361607738,-0.03525424510755471,0.016859217180315165,4.28324789479863,0.856649578959726,0.7333333336000001,0.0,0.07222247123718262,-0.006375819222879109,0.7333333336000001,0.0,0.07222247123718262,-0.006375819222879109,goal_capture,TERMINAL_SETTLING,NONE,DIRECT_LOCAL,PASS_THROUGH,0,6,0,0,0,0,1,0.7333333336000001,4.28324789479863,inf,0.0,0,0,1,CLEAR,none,nan,0.0,0.0,0,0,1,0,2.020625406142563,0,0,1,1,0.0,0.6,"1.706,11.527;1.472,11.435;1.162,11.321;0.778,11.191;0.379,11.061;-0.021,10.932;-0.420,10.802;-0.819,10.669;-1.217,10.535;-1.613,10.400;-1.945,10.287;-2.189,10.205;-2.339,10.154;-2.350,10.150",-2.3499999999999996,10.15,2.0,-2.3499999999999996,10.15,2.0,-2.3499999999999996,10.15,2.0,4.931300525913204,0.0,0.0,0,0,0,1,,,0,1,PASS_THROUGH,-1,0.9990652196390462,-0.03962994999078913,0.01726713558502818,0.891306984860749,0,0.9992361607738,-0.03525424510755471,0.016859217180315165,4.283856745229525,0.856771349045905,0,0,0,BYPASS_VISIBLE,1,0,1,1,1
1787562385880440064,1787562385896187648,joint_v2_000005_c2dc4fc3,1521,42,0.03333333333333333,1.4,15.747547149658203,frame_id_exact,1,,1.673665165901184,11.514039039611816,1.9289004802703857,-0.03293792656021494,-0.05904363165514691,-0.8207835339314323,-0.5672242351856226,-0.9526600241661072,-0.37416163086891174,0.037647951394319534,1.0191918246434626,0.012768127585380993,-0.10030162212414082,1.9330398619891347,-0.005066273268312216,depth/001521.png,1.0,0.012912142091410221,-0.13429046169555078,-0.9908578851097705,1.0191918246434626,0.012768127585380993,-0.10030162212414082,-0.005066273268312216,0.9992336457576323,-0.03538564469198857,0.016732523289782524,4.248586102325304,0.8497172204650608,0.6666666670000001,0.0,0.07109951972961426,-0.013828182873878436,0.6666666670000001,0.0,0.07109951972961426,-0.013828182873878436,goal_capture,TERMINAL_SETTLING,NONE,DIRECT_LOCAL,PASS_THROUGH,0,6,0,0,0,0,1,0.6666666670000001,4.248586102325304,inf,0.0,0,0,1,CLEAR,none,nan,0.0,0.0,0,0,1,0,2.0281555015200228,0,0,1,1,0.0,0.6,"1.674,11.514;1.446,11.426;1.140,11.315;0.759,11.185;0.360,11.055;-0.039,10.926;-0.439,10.795;-0.837,10.662;-1.235,10.528;-1.630,10.394;-1.958,10.283;-2.198,10.202;-2.343,10.152;-2.350,10.150",-2.3499999999999996,10.15,2.0,-2.3499999999999996,10.15,2.0,-2.3499999999999996,10.15,2.0,4.898752252739855,0.0,0.0,0,0,0,1,,,1,1,PASS_THROUGH,-1,0.9993735565241127,-0.03539059932166128,0.0,0.8497172204650608,0,0.9992336457576323,-0.03538564469198857,0.016732523289782524,4.249180981151251,0.8498361962302502,0,0,0,BYPASS_VISIBLE,1,0,1,1,1
1787562385932624896,1787562385949261312,joint_v2_000005_c2dc4fc3,1522,43,0.03333333333333333,1.4333333333333333,16.63661003112793,frame_id_exact,1,,1.6427271366119385,11.501953125,1.9303216934204102,-0.05603257965789346,-0.09157532088284583,-0.8177166462750595,-0.5655208192690655,-0.8993164300918579,-0.34943270683288574,0.04735564440488815,0.9526816545284705,0.008889978868504064,-0.15948181242805423,1.932767476462652,-0.0007215040386654437,depth/001522.png,1.0,0.01193795474100355,-0.2131405092555484,-0.9769486212441713,0.9526816545284705,0.008889978868504064,-0.15948181242805423,-0.0007215040386654437,0.9992339912185899,-0.035472284698504324,0.016527184020127088,4.215405940076783,0.8430811880153566,0.6000000004000001,0.0,0.06967830657958984,-0.022500951705390904,0.6000000004000001,0.0,0.06967830657958984,-0.022500951705390904,goal_capture,TERMINAL_SETTLING,NONE,DIRECT_LOCAL,PASS_THROUGH,0,6,0,0,0,0,1,0.6000000004000001,4.215405940076783,inf,0.0,0,0,1,CLEAR,none,nan,0.0,0.0,0,0,1,0,2.0331164755879154,0,0,1,1,0.0,0.6,"1.643,11.502;1.425,11.418;1.131,11.312;0.759,11.186;0.360,11.055;-0.040,10.925;-0.439,10.794;-0.837,10.661;-1.235,10.527;-1.630,10.394;-1.958,10.283;-2.198,10.201;-2.343,10.152;-2.350,10.150",-2.3499999999999996,10.15,2.0,-2.3499999999999996,10.15,2.0,-2.3499999999999996,10.15,2.0,4.868539626621775,0.0,0.0,0,0,0,1,,,0,1,PASS_THROUGH,-1,0.9992336457576323,-0.03538564469198857,0.016732523289782524,0.8497172204650608,0,0.9992339912185899,-0.035472284698504324,0.016527184020127088,4.215981772498837,0.8431963544997674,0,0,0,BYPASS_VISIBLE,1,0,1,1,1
1787562385979799040,1787562386007033344,joint_v2_000005_c2dc4fc3,1523,44,0.03333333333333333,1.4666666666666666,27.234315872192383,frame_id_exact,1,,1.6139835119247437,11.490839958190918,1.9320372343063354,-0.07550071377267381,-0.11783431451177605,-0.814200324127037,-0.5634647715117463,-0.8218070268630981,-0.3161526918411255,0.05456501990556717,0.8611570993999754,0.0056447156410358405,-0.19150259187698282,1.9322467695555097,0.0014776481548324227,depth/001523.png,1.0,0.00984555895417498,-0.2769654590073374,-0.9608294330867133,0.8611570993999754,0.0056447156410358405,-0.19150259187698282,0.0014776481548324227,0.9992460761923176,-0.035264366477068036,0.016238955361345474,4.1846167179674465,0.8369233435934893,0.6,0.0,0.06796276569366455,-0.03068036771188387,0.6,0.0,0.06796276569366455,-0.03068036771188387,goal_capture,TERMINAL_SETTLING,NONE,DIRECT_LOCAL,PASS_THROUGH,0,6,0,0,0,0,1,0.6,4.1846167179674465,inf,0.0,0,0,1,CLEAR,none,nan,0.0,0.0,0,0,1,0,2.021184999903571,0,0,1,1,0.0,0.6,"1.614,11.491;1.316,11.379;1.005,11.270;0.692,11.165;0.379,11.062;0.065,10.959;-0.249,10.856;-0.562,10.753;-0.875,10.648;-1.188,10.543;-1.500,10.437;-1.813,10.332;-2.126,10.226;-2.350,10.150",-2.3499999999999996,10.15,2.0,-2.3499999999999996,10.15,2.0,-2.3499999999999996,10.15,2.0,4.841385082691899,0.0,0.0,0,0,0,1,,,0,1,PASS_THROUGH,-1,0.9992336457576323,-0.03538564469198857,0.016732523289782524,0.8497172204650608,0,0.9992460761923176,-0.035264366477068036,0.016238955361345474,4.185168576510793,0.8370337153021585,0,0,0,BYPASS_VISIBLE,1,0,1,1,1
1787562386040761088,1787562386059424512,joint_v2_000005_c2dc4fc3,1524,45,0.03333333333333333,1.5,18.663406372070312,frame_id_exact,1,,1.588128924369812,11.480935096740723,1.9338924884796143,-0.08715720104013015,-0.1320213547038217,-0.811776682687423,-0.562132192330257,-0.7276171445846558,-0.27758872509002686,0.055501539260149,0.7571312369377197,0.0033948543651566923,-0.19053449889161397,1.931390756097266,0.0014754891162738204,depth/001524.png,1.0,0.006922540042784253,-0.3123314517268506,-0.9499479684180361,0.7571312369377197,0.0033948543651566923,-0.19053449889161397,0.0014754891162738204,0.999272201509109,-0.034673182547795826,0.01590087114424212,4.156951726529233,0.8313903453058465,0.6,0.0,0.06610751152038574,-0.03808673262151396,0.6,0.0,0.06610751152038574,-0.03808673262151396,goal_capture,TERMINAL_SETTLING,NONE,DIRECT_LOCAL,PASS_THROUGH,0,6,0,0,0,0,1,0.6,4.156951726529233,inf,0.0,0,0,1,CLEAR,none,nan,0.0,0.0,0,0,1,0,1.9872766473080112,0,0,1,1,0.0,0.6,"1.588,11.481;1.302,11.374;0.990,11.266;0.677,11.161;0.364,11.058;0.050,10.954;-0.263,10.851;-0.576,10.747;-0.889,10.643;-1.202,10.537;-1.515,10.432;-1.828,10.326;-2.140,10.221;-2.350,10.150",-2.3499999999999996,10.15,2.0,-2.3499999999999996,10.15,2.0,-2.3499999999999996,10.15,2.0,4.817668448507044,0.0,0.0,0,0,0,1,,,0,1,PASS_THROUGH,-1,0.9992336457576323,-0.03538564469198857,0.016732523289782524,0.8497172204650608,0,0.999272201509109,-0.034673182547795826,0.01590087114424212,4.157477343266441,0.8314954686532883,0,0,0,BYPASS_VISIBLE,1,0,1,1,1
1787562386090395392,1787562386108200448,joint_v2_000005_c2dc4fc3,1525,46,0.03333333333333333,1.5333333333333334,17.805099487304688,frame_id_exact,1,,1.5655332803726196,11.472341537475586,1.9356887340545654,-0.08677771823955104,-0.1285284402481699,-0.812038395025593,-0.5626221757705331,-0.6283981800079346,-0.2383524626493454,0.05194396153092384,0.6556704835751209,0.0021981868493529772,-0.1564791652928936,1.930347591872976,-0.0005595410475507379,depth/001525.png,1.0,0.003692223315180293,-0.3063861939572104,-0.9519001353290194,0.6556704835751209,0.0021981868493529772,-0.1564791652928936,-0.0005595410475507379,0.9993057952427066,-0.03385018546909276,0.015559323187400102,4.132794213536268,0.8265588427072537,0.6,0.0,0.06431126594543457,-0.04397494794444956,0.6,0.0,0.06431126594543457,-0.04397494794444956,goal_capture,TERMINAL_SETTLING,NONE,DIRECT_LOCAL,PASS_THROUGH,0,6,0,0,0,0,1,0.6,4.132794213536268,inf,0.0,0,0,1,CLEAR,none,nan,0.0,0.0,0,0,1,0,1.9400782834401782,0,0,1,1,0.0,0.6,"1.566,11.472;1.299,11.374;0.987,11.267;0.674,11.161;0.361,11.057;0.047,10.954;-0.266,10.850;-0.579,10.746;-0.892,10.641;-1.205,10.536;-1.518,10.431;-1.830,10.325;-2.143,10.220;-2.350,10.150",-2.3499999999999996,10.15,2.0,-2.3499999999999996,10.15,2.0,-2.3499999999999996,10.15,2.0,4.797318358587084,0.0,0.0,0,0,0,1,,,0,1,PASS_THROUGH,-1,0.9992336457576323,-0.03538564469198857,0.016732523289782524,0.8497172204650608,0,0.9993057952427066,-0.03385018546909276,0.015559323187400102,4.133294563706579,0.8266589127413159,0,0,0,BYPASS_VISIBLE,1,0,1,1,1
1787562386143034368,1787562386159990016,joint_v2_000005_c2dc4fc3,1526,47,0.03333333333333333,1.5666666666666667,16.95561408996582,frame_id_exact,1,,1.5461369752883911,11.464995384216309,1.9373546838760376,-0.07360081658775554,-0.10678549449922885,-0.814903038488142,-0.5649007132452256,-0.5379329919815063,-0.20361313223838806,0.04836731404066086,0.568265768198095,0.0019139737901071633,-0.10119269710888443,1.9293714001916178,-0.004375819116830826,depth/001526.png,1.0,0.0006913458685761098,-0.257193955439469,-0.9663595559243414,0.568265768198095,0.0019139737901071633,-0.10119269710888443,-0.004375819116830826,0.9993373456020099,-0.0330580297607249,0.015232739526040713,4.112067143264999,0.8224134286529997,0.6,0.0,0.0626453161239624,-0.048180157950397096,0.6,0.0,0.0626453161239624,-0.048180157950397096,goal_capture,TERMINAL_SETTLING,NONE,DIRECT_LOCAL,PASS_THROUGH,0,6,0,0,0,0,1,0.6,4.112067143264999,inf,0.0,0,0,1,CLEAR,none,nan,0.0,0.0,0,0,1,0,1.8946506475301448,0,0,1,1,0.0,0.6,"1.546,11.465;1.300,11.375;0.987,11.268;0.675,11.163;0.361,11.058;0.048,10.954;-0.265,10.850;-0.578,10.746;-0.891,10.641;-1.204,10.536;-1.516,10.431;-1.829,10.326;-2.142,10.220;-2.350,10.150",-2.3499999999999996,10.15,2.0,-2.3499999999999996,10.15,2.0,-2.3499999999999996,10.15,2.0,4.779794559297434,0.0,0.0,0,0,0,1,,,0,1,PASS_THROUGH,-1,0.9992336457576323,-0.03538564469198857,0.016732523289782524,0.8497172204650608,0,0.9993373456020099,-0.0330580297607249,0.015232739526040713,4.112544300837602,0.8225088601675203,0,0,0,BYPASS_VISIBLE,1,0,1,1,1
1787562386189453824,1787562386206095616,joint_v2_000005_c2dc4fc3,1527,48,0.03333333333333333,1.6,16.641855239868164,frame_id_exact,1,,1.5294324159622192,11.458666801452637,1.9389479160308838,-0.05011435626648749,-0.07082437108433763,-0.8185957754177328,-0.5677793728419027,-0.46869903802871704,-0.1778520792722702,0.04800974950194359,0.5020557140546781,0.0023568830204280813,-0.03936485088539484,1.9286137515497075,-0.009608305059373379,depth/001527.png,1.0,-0.0016215666626768627,-0.1728608574752371,-0.9849449195130072,0.5020557140546781,0.0023568830204280813,-0.03936485088539484,-0.009608305059373379,0.999361790359368,-0.032460744918315805,0.014910131088165263,4.094216001537136,0.8188432003074272,0.6,0.0,0.06105208396911621,-0.050545920057656346,0.6,0.0,0.06105208396911621,-0.050545920057656346,goal_capture,TERMINAL_SETTLING,NONE,DIRECT_LOCAL,PASS_THROUGH,0,6,0,0,0,0,1,0.6,4.094216001537136,inf,0.0,0,0,1,CLEAR,none,nan,0.0,0.0,0,0,1,0,1.8603973402160503,0,0,1,1,0.0,0.6,"1.529,11.459;1.304,11.376;0.991,11.269;0.679,11.164;0.365,11.060;0.052,10.956;-0.261,10.852;-0.574,10.747;-0.887,10.643;-1.200,10.538;-1.512,10.432;-1.825,10.327;-2.138,10.222;-2.350,10.150",-2.3499999999999996,10.15,2.0,-2.3499999999999996,10.15,2.0,-2.3499999999999996,10.15,2.0,4.764185856072568,0.0,0.0,0,0,0,1,,,1,1,PASS_THROUGH,-1,0.9994728939481573,-0.032464353726747344,0.0,0.8188432003074272,0,0.999361790359368,-0.032460744918315805,0.014910131088165263,4.094671174123718,0.8189342348247436,0,0,0,BYPASS_VISIBLE,1,0,1,1,1
1787562386241985536,1787562386258814208,joint_v2_000005_c2dc4fc3,1528,49,0.03333333333333333,1.6333333333333333,16.828536987304688,frame_id_exact,1,,1.5145554542541504,11.45300579071045,1.9405924081802368,-0.02067445171663861,-0.02723380166553115,-0.8210333974114054,-0.5698552863913297,-0.4293310046195984,-0.16395777463912964,0.051128000020980835,0.46197896853053383,0.0033314241180536076,0.019638483323423585,1.9280221309738652,-0.015709418803453445,depth/001528.png,1.0,-0.0029101789697878674,-0.06828261261969648,-0.9976617741861178,0.46197896853053383,0.0033314241180536076,0.019638483323423585,-0.015709418803453445,0.9993811332645687,-0.032018841665701125,0.01456517261184892,4.078310060506737,0.8156620121013474,0.6,0.0,0.059407591819763184,-0.05077752919570688,0.6,0.0,0.059407591819763184,-0.05077752919570688,goal_capture,TERMINAL_SETTLING,NONE,DIRECT_LOCAL,PASS_THROUGH,0,6,0,0,0,0,1,0.6,4.078310060506737,inf,0.0,0,0,1,CLEAR,none,nan,0.0,0.0,0,0,1,0,1.835052826305119,0,0,1,1,0.0,0.6,"1.515,11.453;1.301,11.375;0.988,11.268;0.675,11.163;0.362,11.059;0.049,10.955;-0.264,10.851;-0.577,10.746;-0.890,10.641;-1.203,10.536;-1.516,10.431;-1.828,10.326;-2.141,10.220;-2.350,10.150",-2.3499999999999996,10.15,2.0,-2.3499999999999996,10.15,2.0,-2.3499999999999996,10.15,2.0,4.749368483438245,0.0,0.0,0,0,0,1,,,0,1,PASS_THROUGH,-1,0.999361790359368,-0.032460744918315805,0.014910131088165263,0.8188432003074272,0,0.9993811332645687,-0.032018841665701125,0.01456517261184892,4.0787427243693966,0.8157485448738793,0,0,0,BYPASS_VISIBLE,1,0,1,1,1
1787562386287969536,1787562386304604160,joint_v2_000005_c2dc4fc3,1529,50,0.03333333333333333,1.6666666666666667,16.634464263916016,frame_id_exact,1,,1.5004371404647827,11.44759464263916,1.9423465728759766,0.009641276028443616,0.016528164662188424,-0.821135902570832,-0.5704118644265984,-0.4232860505580902,-0.16277718544006348,0.053557075560092926,0.4511072404971745,0.004616569188077085,0.07082935760940191,1.927381537930668,-0.0219375342130661,depth/001529.png,1.0,-0.0030221266539162857,0.038142735285122825,-0.9992677311388859,0.4511072404971745,0.004616569188077085,0.07082935760940191,-0.0219375342130661,0.9994020886970811,-0.03153051598103719,0.01418772955341704,4.06320292740548,0.812640585481096,0.6,0.0,0.05765342712402344,-0.048747661177710455,0.6,0.0,0.05765342712402344,-0.048747661177710455,goal_capture,TERMINAL_SETTLING,NONE,DIRECT_LOCAL,PASS_THROUGH,0,6,0,0,0,0,1,0.6,4.06320292740548,inf,0.0,0,0,1,CLEAR,none,nan,0.0,0.0,0,0,1,0,1.8070469067035857,0,0,1,1,0.0,0.6,"1.500,11.448;1.288,11.370;0.976,11.263;0.663,11.158;0.350,11.054;0.037,10.950;-0.277,10.846;-0.590,10.742;-0.903,10.637;-1.215,10.532;-1.528,10.427;-1.841,10.322;-2.154,10.216;-2.350,10.150",-2.3499999999999996,10.15,2.0,-2.3499999999999996,10.15,2.0,-2.3499999999999996,10.15,2.0,4.734208742189923,0.0,0.0,0,0,0,1,,,0,1,PASS_THROUGH,-1,0.999361790359368,-0.032460744918315805,0.014910131088165263,0.8188432003074272,0,0.9994020886970811,-0.03153051598103719,0.01418772955341704,4.063611933604832,0.8127223867209665,0,0,0,BYPASS_VISIBLE,1,0,1,1,1
1787562386334940928,1787562386350520064,joint_v2_000005_c2dc4fc3,1530,51,0.03333333333333333,1.7,15.5792236328125,frame_id_exact,1,,1.4859956502914429,11.442028999328613,1.9440860748291016,0.035541296591206334,0.052881727731672934,-0.8193345397157126,-0.569764206613201,-0.44770628213882446,-0.1727709323167801,0.04935615509748459,0.46967530362896015,0.005961883105552194,0.10998320452262171,1.9264592116569643,-0.027417203411459923,depth/001530.png,1.0,-0.002019807523832552,0.12715596940939006,-0.9918806782174583,0.46967530362896015,0.005961883105552194,0.10998320452262171,-0.027417203411459923,0.9994309776559478,-0.030772412205105064,0.013812297012273801,4.047740303448451,0.8095480606896903,0.6,0.0,0.05591392517089844,-0.044556309836170094,0.6,0.0,0.05591392517089844,-0.044556309836170094,goal_capture,TERMINAL_SETTLING,NONE,DIRECT_LOCAL,PASS_THROUGH,0,6,0,0,0,0,1,0.6,4.047740303448451,inf,0.0,0,0,1,CLEAR,none,nan,0.0,0.0,0,0,1,0,1.7635760150636006,0,0,1,1,0.0,0.6,"1.486,11.442;1.266,11.361;0.954,11.255;0.641,11.150;0.328,11.046;0.015,10.943;-0.299,10.839;-0.612,10.735;-0.925,10.630;-1.237,10.525;-1.550,10.419;-1.863,10.314;-2.176,10.209;-2.350,10.150",-2.3499999999999996,10.15,2.0,-2.3499999999999996,10.15,2.0,-2.3499999999999996,10.15,2.0,4.717782571199768,0.0,0.0,0,0,0,1,,,0,1,PASS_THROUGH,-1,0.999361790359368,-0.032460744918315805,0.014910131088165263,0.8188432003074272,0,0.9994309776559478,-0.030772412205105064,0.013812297012273801,4.0481264717383745,0.8096252943476749,0,0,0,BYPASS_VISIBLE,1,0,1,1,1
1787562386381292544,1787562386396919040,joint_v2_000005_c2dc4fc3,1531,52,0.03333333333333333,1.7333333333333334,15.62643051147461,frame_id_exact,1,,1.4703465700149536,11.435992240905762,1.9455268383026123,0.05230744554232388,0.0752775382703324,-0.8172094777693824,-0.5690042994711805,-0.4939603805541992,-0.19032885134220123,0.03560502082109451,0.5139165928334567,0.007094549239549607,0.1316398484490934,1.9251625980166651,-0.03139976039528847,depth/001531.png,1.0,-0.00017420534866512127,0.1825613582911999,-0.983194446745591,0.5139165928334567,0.007094549239549607,0.1316398484490934,-0.03139976039528847,0.9994688098282686,-0.02965659573591035,0.013512383572893591,4.030983001538811,0.8061966003077622,0.6,0.0,0.054473161697387695,-0.03888980137876752,0.6,0.0,0.054473161697387695,-0.03888980137876752,goal_capture,TERMINAL_SETTLING,NONE,DIRECT_LOCAL,PASS_THROUGH,0,6,0,0,0,0,1,0.6,4.030983001538811,inf,0.0,0,0,1,CLEAR,none,nan,0.0,0.0,0,0,1,0,1.6996021600889197,0,0,1,1,0.0,0.6,"1.470,11.436;1.237,11.350;0.925,11.243;0.612,11.139;0.298,11.035;-0.015,10.932;-0.328,10.828;-0.642,10.724;-0.955,10.619;-1.267,10.514;-1.580,10.409;-1.893,10.304;-2.206,10.199;-2.350,10.150",-2.3499999999999996,10.15,2.0,-2.3499999999999996,10.15,2.0,-2.3499999999999996,10.15,2.0,4.699532649267996,0.0,0.0,0,0,0,1,,,0,1,PASS_THROUGH,-1,0.999361790359368,-0.032460744918315805,0.014910131088165263,0.8188432003074272,0,0.9994688098282686,-0.02965659573591035,0.013512383572893591,4.031351049467182,0.8062702098934365,0,0,0,BYPASS_VISIBLE,1,0,1,1,1
1787562386427312896,1787562386443424768,joint_v2_000005_c2dc4fc3,1532,53,0.03333333333333333,1.7666666666666666,16.11185073852539,frame_id_exact,1,,1.452953577041626,11.42930793762207,1.9463770389556885,0.05698048364619393,0.07989084632492877,-0.8163252878601119,-0.5691956619274587,-0.5502709150314331,-0.21083803474903107,0.01478723343461752,0.5749980948785207,0.007741549463358245,0.12956341457754325,1.9236102774994615,-0.03362162038683891,depth/001532.png,1.0,0.002082173118049896,0.19529992445905509,-0.9807413543138649,0.5749980948785207,0.007741549463358245,0.12956341457754325,-0.03362162038683891,0.9995101197160473,-0.028300966231121435,0.013363229235404766,4.012366472344784,0.8024732944689568,0.6,0.0,0.05362296104431152,-0.03288706421211485,0.6,0.0,0.05362296104431152,-0.03288706421211485,goal_capture,TERMINAL_SETTLING,NONE,DIRECT_LOCAL,PASS_THROUGH,0,6,0,0,0,0,1,0.6,4.012366472344784,inf,0.0,0,0,1,CLEAR,none,nan,0.0,0.0,0,0,1,0,1.621887318147533,0,0,1,1,0.0,0.6,"1.453,11.429;1.203,11.337;0.890,11.230;0.577,11.126;0.264,11.023;-0.050,10.920;-0.363,10.816;-0.676,10.712;-0.989,10.607;-1.302,10.502;-1.615,10.397;-1.928,10.292;-2.236,10.188;-2.350,10.150",-2.3499999999999996,10.15,2.0,-2.3499999999999996,10.15,2.0,-2.3499999999999996,10.15,2.0,4.679327077833793,0.0,0.0,0,0,0,1,,,0,1,PASS_THROUGH,-1,0.999361790359368,-0.032460744918315805,0.014910131088165263,0.8188432003074272,0,0.9995101197160473,-0.028300966231121435,0.013363229235404766,4.012724776301969,0.8025449552603938,0,0,0,BYPASS_VISIBLE,1,0,1,1,1
1787562386472755200,1787562386489543168,joint_v2_000005_c2dc4fc3,1533,54,0.03333333333333333,1.8,16.788005828857422,frame_id_exact,1,,1.4336857795715332,11.421954154968262,1.9465030431747437,0.04925163638707491,0.06679697864413205,-0.8170514508409245,-0.5705605722760304,-0.6044970154762268,-0.2297462522983551,-0.006656367797404528,0.6388420419678691,0.00769913429856289,0.10032875032828598,1.922047588322924,-0.0342898964881897,depth/001533.png,1.0,0.004258797209686915,0.16535522031103753,-0.9862248799144214,0.6388420419678691,0.00769913429856289,0.10032875032828598,-0.0342898964881897,0.9995470658607793,-0.026945980256937216,0.013400644652383012,3.9917596935277633,0.7983519387055527,0.6,0.0,0.05349695682525635,-0.028092064746536582,0.6,0.0,0.05349695682525635,-0.028092064746536582,goal_capture,TERMINAL_SETTLING,NONE,DIRECT_LOCAL,PASS_THROUGH,0,6,0,0,0,0,1,0.6,3.9917596935277633,inf,0.0,0,0,1,CLEAR,none,nan,0.0,0.0,0,0,1,0,1.5442165304366098,0,0,1,1,0.0,0.6,"1.434,11.422;1.171,11.326;0.859,11.219;0.546,11.115;0.233,11.012;-0.081,10.909;-0.394,10.805;-0.707,10.701;-1.020,10.597;-1.333,10.492;-1.646,10.387;-1.959,10.281;-2.260,10.180;-2.350,10.150",-2.3499999999999996,10.15,2.0,-2.3499999999999996,10.15,2.0,-2.3499999999999996,10.15,2.0,4.6574378469066025,0.0,0.0,0,0,0,1,,,1,1,PASS_THROUGH,-1,0.9996368259203207,-0.026948400025725346,0.0,0.7983519387055527,0,0.9995470658607793,-0.026945980256937216,0.013400644652383012,3.992118156475635,0.7984236312951271,0,0,0,BYPASS_VISIBLE,1,0,1,1,1
1787562386525676544,1787562386542444032,joint_v2_000005_c2dc4fc3,1534,55,0.03333333333333333,1.8333333333333333,16.767501831054688,frame_id_exact,1,,1.4127979278564453,11.414052963256836,1.94600510597229,0.03148704394329656,0.039847492409158594,-0.8184116406378432,-0.5723837260797067,-0.6458178162574768,-0.2431688904762268,-0.021675629541277885,0.68869654424433,0.00693703257862949,0.0482756826150232,1.9206676022312654,-0.03383485972881317,depth/001534.png,1.0,0.0059226142247643596,0.10126864634676606,-0.9948414868248299,0.68869654424433,0.00693703257862949,0.0482756826150232,-0.03383485972881317,0.999575199057053,-0.025776421775304658,0.013601378993109125,3.96944305158786,0.793888610317572,0.6,0.0,0.05399489402770996,-0.02538073722651024,0.6,0.0,0.05399489402770996,-0.02538073722651024,goal_capture,TERMINAL_SETTLING,NONE,DIRECT_LOCAL,PASS_THROUGH,0,6,0,0,0,0,1,0.6,3.96944305158786,inf,0.0,0,0,1,CLEAR,none,nan,0.0,0.0,0,0,1,0,1.4771804472968282,0,0,1,1,0.0,0.6,"1.413,11.414;1.142,11.315;0.830,11.208;0.517,11.104;0.203,11.001;-0.110,10.898;-0.424,10.795;-0.737,10.691;-1.050,10.586;-1.363,10.482;-1.675,10.377;-1.988,10.272;-2.283,10.173;-2.350,10.150",-2.3499999999999996,10.15,2.0,-2.3499999999999996,10.15,2.0,-2.3499999999999996,10.15,2.0,4.634474873045649,0.0,0.0,0,0,0,1,,,0,1,PASS_THROUGH,-1,0.9995470658607793,-0.026945980256937216,0.013400644652383012,0.7983519387055527,0,0.999575199057053,-0.025776421775304658,0.013601378993109125,3.9698102710810006,0.7939620542162001,0,0,0,BYPASS_VISIBLE,1,0,1,1,1
1787562386572919552,1787562386588645120,joint_v2_000005_c2dc4fc3,1535,56,0.03333333333333333,1.8666666666666667,15.72561264038086,frame_id_exact,1,,1.390869379043579,11.405837059020996,1.9451793432235718,0.008031714097032523,0.005554741539979725,-0.8190258341293605,-0.5736735303670486,-0.6657974123954773,-0.24825356900691986,-0.0261277686804533,0.7109106055016899,0.005648610878527867,-0.01314889173161313,1.919496189811488,-0.03272223100066185,depth/001535.png,1.0,0.006783146296587881,0.018314117208196687,-0.9998092728301751,0.7109106055016899,0.005648610878527867,-0.01314889173161313,-0.03272223100066185,0.9995956832352512,-0.024809345903512543,0.013891235124759059,3.946039841394964,0.7892079682789929,0.6,0.0,0.05482065677642822,-0.024880294583651263,0.6,0.0,0.05482065677642822,-0.024880294583651263,goal_capture,TERMINAL_SETTLING,NONE,DIRECT_LOCAL,PASS_THROUGH,0,6,0,0,0,0,1,0.6,3.946039841394964,inf,0.0,0,0,1,CLEAR,none,nan,0.0,0.0,0,0,1,0,1.4217538833838963,0,0,1,1,0.0,0.6,"1.391,11.406;1.116,11.306;0.804,11.199;0.491,11.095;0.177,10.992;-0.136,10.889;-0.450,10.786;-0.763,10.682;-1.076,10.577;-1.389,10.473;-1.702,10.368;-2.014,10.263;-2.301,10.166;-2.350,10.150",-2.3499999999999996,10.15,2.0,-2.3499999999999996,10.15,2.0,-2.3499999999999996,10.15,2.0,4.611276957341283,0.0,0.0,0,0,0,1,,,0,1,PASS_THROUGH,-1,0.9995470658607793,-0.026945980256937216,0.013400644652383012,0.7983519387055527,0,0.9995956832352512,-0.024809345903512543,0.013891235124759059,3.946420623081857,0.7892841246163714,0,0,0,BYPASS_VISIBLE,1,0,1,1,1
1787562386620940544,1787562386636759808,joint_v2_000005_c2dc4fc3,1536,57,0.03333333333333333,1.9,15.819311141967773,frame_id_exact,1,,1.3687002658843994,11.397610664367676,1.9443778991699219,-0.015812156629753393,-0.02841327768160995,-0.8182427746834751,-0.5739524571185247,-0.659989058971405,-0.24373142421245575,-0.02082519419491291,0.7007223854855358,0.0041770660843760575,-0.06629437700315216,1.9184202732846556,-0.0313417948782444,depth/001536.png,1.0,0.006739375251383697,-0.06464877063608503,-0.9978853227082077,0.7007223854855358,0.0041770660843760575,-0.06629437700315216,-0.0313417948782444,0.9996132412706638,-0.023923181376558987,0.014179184362379634,3.9224053892136967,0.7844810778427393,0.6,0.0,0.055622100830078125,-0.026046951066591717,0.6,0.0,0.055622100830078125,-0.026046951066591717,goal_capture,TERMINAL_SETTLING,NONE,DIRECT_LOCAL,PASS_THROUGH,0,6,0,0,0,0,1,0.6,3.9224053892136967,inf,0.0,0,0,1,CLEAR,none,nan,0.0,0.0,0,0,1,0,1.3709659541021728,0,0,1,1,0.0,0.6,"1.369,11.398;1.095,11.299;0.783,11.192;0.470,11.088;0.156,10.985;-0.157,10.882;-0.471,10.779;-0.784,10.675;-1.097,10.570;-1.410,10.465;-1.723,10.360;-2.035,10.256;-2.313,10.162;-2.350,10.150",-2.3499999999999996,10.15,2.0,-2.3499999999999996,10.15,2.0,-2.3499999999999996,10.15,2.0,4.588736250467592,0.0,0.0,0,0,0,1,,,0,1,PASS_THROUGH,-1,0.9995470658607793,-0.026945980256937216,0.013400644652383012,0.7983519387055527,0,0.9996132412706638,-0.023923181376558987,0.014179184362379634,3.922799747047178,0.7845599494094355,0,0,0,BYPASS_VISIBLE,1,0,1,1,1
1787562386669748736,1787562386686373120,joint_v2_000005_c2dc4fc3,1537,58,0.03333333333333333,1.9333333333333333,16.62445068359375,frame_id_exact,1,,1.3471440076828003,11.389686584472656,1.943855881690979,-0.034879924013008025,-0.05478436945089582,-0.8165801668041355,-0.5735668182059043,-0.6298183798789978,-0.23052161931991577,-0.010229818522930145,0.6637003955539837,0.002864581666275249,-0.09700328297360242,1.9173037207381376,-0.029967283830046654,depth/001537.png,1.0,0.005880484609418785,-0.12948359315975325,-0.9915641275294291,0.6637003955539837,0.002864581666275249,-0.09700328297360242,-0.029967283830046654,0.9996323740816259,-0.022975166262629833,0.014396472593553474,3.899448248312358,0.7798896496624715,0.6,0.0,0.056144118309020996,-0.02791657666669556,0.6,0.0,0.056144118309020996,-0.02791657666669556,goal_capture,TERMINAL_SETTLING,NONE,DIRECT_LOCAL,PASS_THROUGH,0,6,0,0,0,0,1,0.6,3.899448248312358,inf,0.0,0,0,1,CLEAR,none,nan,0.0,0.0,0,0,1,0,1.3166323709909256,0,0,1,1,0.0,0.6,"1.347,11.390;1.080,11.294;0.767,11.188;0.454,11.083;0.141,10.980;-0.173,10.877;-0.486,10.773;-0.799,10.669;-1.112,10.565;-1.425,10.460;-1.738,10.355;-2.051,10.250;-2.322,10.160;-2.350,10.150",-2.3499999999999996,10.15,2.0,-2.3499999999999996,10.15,2.0,-2.3499999999999996,10.15,2.0,4.567582854163541,0.0,0.0,0,0,0,1,,,0,1,PASS_THROUGH,-1,0.9995470658607793,-0.026945980256937216,0.013400644652383012,0.7983519387055527,0,0.9996323740816259,-0.022975166262629833,0.014396472593553474,3.8998524078850743,0.7799704815770149,0,0,0,BYPASS_VISIBLE,1,0,1,1,1
1787562386720268544,1787562386737341184,joint_v2_000005_c2dc4fc3,1538,59,0.03333333333333333,1.9666666666666666,17.072677612304688,frame_id_exact,1,,1.3269017934799194,11.382307052612305,1.943708062171936,-0.04520843252054033,-0.06815664593127804,-0.8152253468088521,-0.5733397798555593,-0.5828083157539368,-0.21168984472751617,0.0011263075284659863,0.6119528765237375,0.0019314158865494388,-0.0999466777254032,1.9160960570567007,-0.02879393845796585,depth/001538.png,1.0,0.004443712587380355,-0.16296563613119158,-0.9866217384888682,0.6119528765237375,0.0019314158865494388,-0.0999466777254032,-0.02879393845796585,0.999654523329222,-0.021912614514735817,0.014514520748363844,3.877910193753057,0.7755820387506114,0.6,0.0,0.056291937828063965,-0.029565997375997632,0.6,0.0,0.056291937828063965,-0.029565997375997632,goal_capture,TERMINAL_SETTLING,NONE,DIRECT_LOCAL,PASS_THROUGH,0,6,0,0,0,0,1,0.6,3.8779101937530567,inf,0.0,0,0,1,CLEAR,none,nan,0.0,0.0,0,0,1,0,1.2557331271945251,0,0,1,1,0.0,0.6,"1.327,11.382;1.069,11.291;0.756,11.185;0.443,11.080;0.130,10.977;-0.184,10.873;-0.497,10.769;-0.810,10.665;-1.123,10.561;-1.436,10.456;-1.749,10.351;-2.062,10.247;-2.327,10.158;-2.350,10.150",-2.3499999999999996,10.15,2.0,-2.3499999999999996,10.15,2.0,-2.3499999999999996,10.15,2.0,4.548206744569533,0.0,0.0,0,0,0,1,,,0,1,PASS_THROUGH,-1,0.9995470658607793,-0.026945980256937216,0.013400644652383012,0.7983519387055527,0,0.999654523329222,-0.021912614514735817,0.014514520748363844,3.8783187405212467,0.7756637481042493,0,0,0,BYPASS_VISIBLE,1,0,1,1,1
1787562387777723136,1787562387813063424,joint_v2_000005_c2dc4fc3,1540,60,0.03333333333333333,2.0,35.340309143066406,frame_id_exact,1,,1.3083508014678955,11.375588417053223,1.943916916847229,-0.044896742379366146,-0.06615595213032653,-0.8150326601514661,-0.5738723162933334,-0.5303735136985779,-0.19155007600784302,0.01113444846123457,0.5584686676007429,0.0014537172808872728,-0.07888032459644256,1.9148553160567365,-0.027982383966445923,depth/001540.png,1.0,0.0027455162240630215,-0.15936851838581,-0.9872153450429015,0.5584686676007429,0.0014537172808872728,-0.07888032459644256,-0.027982383966445923,0.9996780958827712,-0.02079543765637197,0.01453459269731179,3.858185785393935,0.771637157078787,0.6,0.0,0.056083083152770996,-0.030531740731429835,0.6,0.0,0.056083083152770996,-0.030531740731429835,goal_capture,TERMINAL_SETTLING,NONE,DIRECT_LOCAL,PASS_THROUGH,0,6,0,0,0,0,1,0.6,3.858185785393935,inf,0.0,0,0,1,CLEAR,none,nan,0.0,0.0,0,0,1,0,1.1917026053008668,0,0,1,1,0.0,0.6,"1.308,11.376;1.064,11.289;0.751,11.184;0.438,11.079;0.125,10.975;-0.188,10.872;-0.501,10.768;-0.815,10.664;-1.128,10.559;-1.441,10.455;-1.754,10.350;-2.066,10.245;-2.330,10.157;-2.350,10.150",-2.3499999999999996,10.15,2.0,-2.3499999999999996,10.15,2.0,-2.3499999999999996,10.15,2.0,4.530580533437488,0.0,0.0,0,0,0,1,,,1,1,PASS_THROUGH,-1,0.9997837058065957,-0.020797634568153707,0.0,0.771637157078787,0,0.9996780958827712,-0.02079543765637197,0.01453459269731179,3.8585933793069898,0.771718675861398,0,0,0,BYPASS_VISIBLE,1,0,1,1,1
1787562387856554240,1787562387877496320,joint_v2_000005_c2dc4fc3,1541,61,0.03333333333333333,2.033333333333333,20.941972732543945,frame_id_exact,1,,1.2914689779281616,11.369500160217285,1.9444351196289062,-0.03444250866164534,-0.04982865468926482,-0.815855904124227,-0.575073875666936,-0.4845474362373352,-0.17445480823516846,0.019833890721201897,0.5136131749353475,0.001412853246509665,-0.04258628511880791,1.9136836220625053,-0.027628274634480476,depth/001541.png,1.0,0.0011100670539435711,-0.1209199781330969,-0.9926616375379009,0.5136131749353475,0.001412853246509665,-0.04258628511880791,-0.027628274634480476,0.99970064502205,-0.019730922576277045,0.014467585727616448,3.840244387793979,0.7680488775587958,0.6,0.0,0.05556488037109375,-0.02870286791595511,0.6,0.0,0.05556488037109375,-0.02870286791595511,goal_capture,TERMINAL_SETTLING,NONE,DIRECT_LOCAL,PASS_THROUGH,0,6,0,0,0,0,1,0.6,3.840244387793979,inf,0.0,0,0,1,CLEAR,none,nan,0.0,0.0,0,0,0,0,0.0,0,0,1,1,0.0,0.6,"1.308,11.376;1.064,11.289;0.751,11.184;0.438,11.079;0.125,10.975;-0.188,10.872;-0.501,10.768;-0.815,10.664;-1.128,10.559;-1.441,10.455;-1.754,10.350;-2.066,10.245;-2.330,10.157;-2.350,10.150",-2.3499999999999996,10.15,2.0,-2.3499999999999996,10.15,2.0,-2.3499999999999996,10.15,2.0,4.5142896972430595,0.0,0.0,0,0,0,1,,,0,1,PASS_THROUGH,-1,0.9996780958827712,-0.02079543765637197,0.01453459269731179,0.771637157078787,0,0.99970064502205,-0.019730922576277045,0.014467585727616448,3.8406463536641597,0.768129270732832,0,0,0,BYPASS_VISIBLE,1,0,1,1,1
1787562387907677952,1787562387926749440,joint_v2_000005_c2dc4fc3,1542,62,0.03333333333333333,2.066666666666667,19.071578979492188,frame_id_exact,1,,1.2758623361587524,11.363883972167969,1.945225715637207,-0.016458683051009164,-0.023167302959515364,-0.8167469132248799,-0.5762958160211117,-0.4552064538002014,-0.1638265997171402,0.027437638491392136,0.48456355368664017,0.0017459443776165339,-9.208161716322757e-05,1.9126398281403645,-0.027613794431090355,depth/001542.png,1.0,-0.0001827176271923213,-0.056813786718887926,-0.9983847756516169,0.48456355368664017,0.0017459443776165339,-9.208161716322757e-05,-0.027613794431090355,0.9997209574309629,-0.018784070864312424,0.014323615293755858,3.8236621161735624,0.7647324232347125,0.6,0.0,0.05477428436279297,-0.029464782202990314,0.6,0.0,0.05477428436279297,-0.029464782202990314,goal_capture,TERMINAL_SETTLING,NONE,DIRECT_LOCAL,PASS_THROUGH,0,6,0,0,0,0,1,0.6,3.8236621161735624,inf,0.0,0,0,1,CLEAR,none,nan,0.0,0.0,0,0,0,0,1.0764217246457772,0,0,1,1,0.0,0.6,"1.276,11.364;1.054,11.286;0.741,11.180;0.428,11.076;0.115,10.972;-0.198,10.868;-0.511,10.764;-0.824,10.660;-1.138,10.556;-1.450,10.451;-1.763,10.346;-2.076,10.242;-2.335,10.155;-2.350,10.150",-2.3499999999999996,10.15,2.0,-2.3499999999999996,10.15,2.0,-2.3499999999999996,10.15,2.0,4.498642425175254,0.0,0.0,0,0,0,1,,,0,1,PASS_THROUGH,-1,0.9996780958827712,-0.02079543765637197,0.01453459269731179,0.771637157078787,0,0.9997209574309629,-0.018784070864312424,0.014323615293755858,3.824054419185002,0.7648108838370005,0,0,0,BYPASS_VISIBLE,1,0,1,1,1
1787562387957882368,1787562387975649792,joint_v2_000005_c2dc4fc3,1543,63,0.03333333333333333,2.1,17.76742935180664,frame_id_exact,1,,1.260871171951294,11.358484268188477,1.9462357759475708,0.005001281480363691,0.007889316169290764,-0.8167655351472783,-0.5768941033409123,-0.4481951892375946,-0.16153767704963684,0.03262762725353241,0.47571945258233006,0.002363340265811802,0.041512984475555195,1.9116974629107306,-0.0278275515884161,depth/001543.png,1.0,-0.0009328512654490674,0.018657862676253537,-0.9998254917478703,0.47571945258233006,0.002363340265811802,0.041512984475555195,-0.0278275515884161,0.9997394370876964,-0.017936843519888074,0.014118341833199568,3.807732244642202,0.7615464489284405,0.6,0.0,0.0537642240524292,-0.02763532389953305,0.6,0.0,0.0537642240524292,-0.02763532389953305,goal_capture,TERMINAL_SETTLING,NONE,DIRECT_LOCAL,PASS_THROUGH,0,6,0,0,0,0,1,0.6,3.8077322446422026,inf,0.0,0,0,1,CLEAR,none,nan,0.0,0.0,0,0,1,0,1.0278630036106775,0,0,1,1,0.0,0.6,"1.261,11.358;1.041,11.281;0.728,11.176;0.415,11.072;0.102,10.968;-0.211,10.864;-0.524,10.760;-0.837,10.656;-1.151,10.551;-1.463,10.447;-1.776,10.342;-2.089,10.237;-2.341,10.153;-2.350,10.150",-2.3499999999999996,10.15,2.0,-2.3499999999999996,10.15,2.0,-2.3499999999999996,10.15,2.0,4.482833163917498,0.0,0.0,0,0,0,1,,,0,1,PASS_THROUGH,-1,0.9996780958827712,-0.02079543765637197,0.01453459269731179,0.771637157078787,0,0.9997394370876964,-0.017936843519888074,0.014118341833199568,3.808111794403613,0.7616223588807226,0,0,0,BYPASS_VISIBLE,1,0,1,1,1
1787562388008041472,1787562388031403520,joint_v2_000005_c2dc4fc3,1544,64,0.03333333333333333,2.1333333333333333,23.362159729003906,frame_id_exact,1,,1.2457244396209717,11.353018760681152,1.9473421573638916,0.025262508071524845,0.03663845357506022,-0.8157126171959486,-0.5767428851341819,-0.46420738101005554,-0.16756898164749146,0.03274651616811752,0.4886491744866688,0.003149610152730401,0.07650003101387605,1.9107666174821212,-0.028032077476382256,depth/001544.png,1.0,-0.0010480416915554167,0.08891284129324287,-0.9960388588111286,0.4886491744866688,0.003149610152730401,0.07650003101387605,-0.028032077476382256,0.9997572555981136,-0.017105357086685643,0.01388656321288468,3.7916339992460193,0.7583267998492038,0.6,0.0,0.0526578426361084,-0.02468658404534363,0.6,0.0,0.0526578426361084,-0.02468658404534363,goal_capture,TERMINAL_SETTLING,NONE,DIRECT_LOCAL,PASS_THROUGH,0,6,0,0,0,0,1,0.6,3.7916339992460193,inf,0.0,0,0,1,CLEAR,none,nan,0.0,0.0,0,0,1,0,0.9802070915101756,0,0,1,1,0.0,0.6,"1.246,11.353;1.021,11.274;0.708,11.169;0.395,11.064;0.082,10.961;-0.231,10.857;-0.544,10.753;-0.858,10.649;-1.171,10.544;-1.484,10.440;-1.797,10.335;-2.109,10.230;-2.350,10.150",-2.3499999999999996,10.15,2.0,-2.3499999999999996,10.15,2.0,-2.3499999999999996,10.15,2.0,4.466126206493409,0.0,0.0,0,0,0,1,,,0,1,PASS_THROUGH,-1,0.9996780958827712,-0.02079543765637197,0.01453459269731179,0.771637157078787,0,0.9997572555981136,-0.017105357086685643,0.01388656321288468,3.7919996351040766,0.7583999270208153,0,0,0,BYPASS_VISIBLE,1,0,1,1,1
1787562388066169088,1787562388084044800,joint_v2_000005_c2dc4fc3,1545,65,0.03333333333333333,2.1666666666666665,17.87567138671875,frame_id_exact,1,,1.229716181755066,11.347238540649414,1.9483391046524048,0.0399290211635297,0.05689394420004357,-0.8142612310505979,-0.5763223056504492,-0.498794823884964,-0.18007755279541016,0.02595408633351326,0.5215674850776547,0.003958756649796937,0.09924466085478756,1.909767089522837,-0.027846790850162506,depth/001545.png,1.0,-0.0005531903433120822,0.13867703716596502,-0.9903375047645695,0.5215674850776547,0.003958756649796937,0.09924466085478756,-0.027846790850162506,0.9997749078360347,-0.01621269731535977,0.013685105304992392,3.7746189297908477,0.7549237859581696,0.6,0.0,0.051660895347595215,-0.020975886103822283,0.6,0.0,0.051660895347595215,-0.020975886103822283,goal_capture,TERMINAL_SETTLING,NONE,DIRECT_LOCAL,PASS_THROUGH,0,6,0,0,0,0,1,0.6,3.7746189297908477,inf,0.0,0,0,1,CLEAR,none,nan,0.0,0.0,0,0,1,0,0.929046838770066,0,0,1,1,0.0,0.6,"1.230,11.347;0.995,11.264;0.682,11.159;0.369,11.055;0.056,10.951;-0.258,10.848;-0.571,10.744;-0.884,10.640;-1.197,10.535;-1.510,10.431;-1.823,10.326;-2.136,10.222;-2.350,10.150",-2.3499999999999996,10.15,2.0,-2.3499999999999996,10.15,2.0,-2.3499999999999996,10.15,2.0,4.448010530430055,0.0,0.0,0,0,0,1,,,0,1,PASS_THROUGH,-1,0.9996780958827712,-0.02079543765637197,0.01453459269731179,0.771637157078787,0,0.9997749078360347,-0.01621269731535977,0.013685105304992392,3.774972438739589,0.7549944877479178,0,0,0,BYPASS_VISIBLE,1,0,1,1,1
1787562388114402816,1787562388131458048,joint_v2_000005_c2dc4fc3,1546,66,0.03333333333333333,2.2,17.055273056030273,frame_id_exact,1,,1.2123550176620483,11.340974807739258,1.9490042924880981,0.045861110955706295,0.06436843101983304,-0.8133928462410484,-0.5763206930814126,-0.5438270568847656,-0.19597524404525757,0.013320332393050194,0.5687221524175683,0.0046191825670124625,0.10423709433568597,1.9086919696095375,-0.02702386863529682,depth/001546.png,1.0,0.00041248158825038517,0.1575750571335376,-0.9875069271799067,0.5687221524175683,0.0046191825670124625,0.10423709433568597,-0.02702386863529682,0.9997915031841011,-0.015253263840257528,0.013575275433483922,3.756167496868521,0.7512334993737042,0.6,0.0,0.050995707511901855,-0.01714334134586437,0.6,0.0,0.050995707511901855,-0.01714334134586437,goal_capture,TERMINAL_SETTLING,NONE,DIRECT_LOCAL,PASS_THROUGH,0,6,0,0,0,0,1,0.6,3.756167496868521,inf,0.0,0,0,1,CLEAR,none,nan,0.0,0.0,0,0,1,0,0.8740620840515542,0,0,1,1,0.0,0.6,"1.212,11.341;0.964,11.253;0.651,11.148;0.338,11.044;0.025,10.941;-0.289,10.837;-0.602,10.733;-0.915,10.629;-1.228,10.525;-1.541,10.420;-1.854,10.316;-2.167,10.211;-2.350,10.150",-2.3499999999999996,10.15,2.0,-2.3499999999999996,10.15,2.0,-2.3499999999999996,10.15,2.0,4.428292215612613,0.0,0.0,0,0,0,1,,,1,1,PASS_THROUGH,-1,0.999883640758997,-0.015254669532079273,0.0,0.7512334993737042,0,0.9997915031841011,-0.015253263840257528,0.013575275433483922,3.7565136532050794,0.7513027306410158,0,0,0,BYPASS_VISIBLE,1,0,1,1,1
1787562388168880128,1787562388186884608,joint_v2_000005_c2dc4fc3,1547,67,0.03333333333333333,2.2333333333333334,18.004417419433594,frame_id_exact,1,,1.1934524774551392,11.334173202514648,1.9492042064666748,0.04196270882951778,0.057755025427923684,-0.8135773109003377,-0.5770575771044727,-0.5896672010421753,-0.21173739433288574,-0.0011510852491483092,0.6202904316707043,0.004960232065089861,0.08807175266040701,1.9076166998627095,-0.02555788680911064,depth/001547.png,1.0,0.0016238655371361571,0.14240615472906554,-0.989806976211018,0.6202904316707043,0.004960232065089861,0.08807175266040701,-0.02555788680911064,0.9998053196080857,-0.014300553738660916,0.01359474332752834,3.736083729460136,0.7472167458920272,0.6,0.0,0.050795793533325195,-0.01388838415961935,0.6,0.0,0.050795793533325195,-0.01388838415961935,goal_capture,TERMINAL_SETTLING,NONE,DIRECT_LOCAL,PASS_THROUGH,0,6,0,0,0,0,1,0.6,3.736083729460136,inf,0.0,0,0,1,CLEAR,none,nan,0.0,0.0,0,0,1,0,0.8194650380760704,0,0,1,1,0.0,0.6,"1.193,11.334;0.934,11.243;0.621,11.137;0.308,11.033;-0.006,10.930;-0.319,10.827;-0.632,10.723;-0.945,10.619;-1.258,10.515;-1.571,10.410;-1.884,10.306;-2.197,10.201;-2.350,10.150",-2.3499999999999996,10.15,2.0,-2.3499999999999996,10.15,2.0,-2.3499999999999996,10.15,2.0,4.407110205676305,0.0,0.0,0,0,0,1,,,0,1,PASS_THROUGH,-1,0.9997915031841011,-0.015253263840257528,0.013575275433483922,0.7512334993737042,0,0.9998053196080857,-0.014300553738660916,0.01359474332752834,3.736429023302522,0.7472858046605044,0,0,0,BYPASS_VISIBLE,1,0,1,1,1
1787562388218086656,1787562388233582080,joint_v2_000005_c2dc4fc3,1548,68,0.03333333333333333,2.2666666666666666,15.49530029296875,frame_id_exact,1,,1.1731387376785278,11.326896667480469,1.9489631652832031,0.029397408574431693,0.03896539045086934,-0.8144108101670203,-0.5782322396746975,-0.6270343065261841,-0.22407059371471405,-0.012373421341180801,0.6638867222739133,0.004866920054967488,0.05256888016404706,1.9066421434447605,-0.02363518998026848,depth/001548.png,1.0,0.0028210446874171527,0.09746472921238514,-0.9952349814322384,0.6638867222739133,0.004866920054967488,0.05256888016404706,-0.02363518998026848,0.9998151479604442,-0.013450724467901956,0.013738555969367969,3.7145110486923687,0.7429022097384738,0.6,0.0,0.051036834716796875,-0.011760893485917023,0.6,0.0,0.051036834716796875,-0.011760893485917023,goal_capture,TERMINAL_SETTLING,NONE,DIRECT_LOCAL,PASS_THROUGH,0,6,0,0,0,0,1,0.6,3.7145110486923687,inf,0.0,0,0,1,CLEAR,none,nan,0.0,0.0,0,0,1,0,0.7707657318482783,0,0,1,1,0.0,0.6,"1.173,11.327;0.906,11.233;0.593,11.128;0.280,11.024;-0.033,10.920;-0.347,10.817;-0.660,10.714;-0.973,10.609;-1.286,10.505;-1.599,10.401;-1.912,10.296;-2.224,10.192;-2.350,10.150",-2.3499999999999996,10.15,2.0,-2.3499999999999996,10.15,2.0,-2.3499999999999996,10.15,2.0,4.384900100235461,0.0,0.0,0,0,0,1,,,0,1,PASS_THROUGH,-1,0.9997915031841011,-0.015253263840257528,0.013575275433483922,0.7512334993737042,0,0.9998151479604442,-0.013450724467901956,0.013738555969367969,3.7148616514421624,0.7429723302884325,0,0,0,BYPASS_VISIBLE,1,0,1,1,1
1787562388263660032,1787562388278228992,joint_v2_000005_c2dc4fc3,1549,69,0.03333333333333333,2.3,14.56904411315918,frame_id_exact,1,,1.151829481124878,11.319304466247559,1.9484590291976929,0.011195512629768516,0.012505366129282798,-0.8150089813721645,-0.5792051765977546,-0.6483653783798218,-0.23038484156131744,-0.0166297759860754,0.6882388810718729,0.004334307179452215,0.006312282820049139,1.9058230158028662,-0.021521998569369316,depth/001549.png,1.0,0.0037625410939920376,0.03335296916108041,-0.9994365526298585,0.6882388810718729,0.004334307179452215,0.006312282820049139,-0.021521998569369316,0.9998212291693005,-0.012753430383768267,0.013959216161218828,3.6918941818071946,0.738378836361439,0.6,0.0,0.05154097080230713,-0.010965547551522459,0.6,0.0,0.05154097080230713,-0.010965547551522459,goal_capture,TERMINAL_SETTLING,NONE,DIRECT_LOCAL,PASS_THROUGH,0,6,0,0,0,0,1,0.6,3.6918941818071946,inf,0.0,0,0,1,CLEAR,none,nan,0.0,0.0,0,0,1,0,0.7308087552154772,0,0,1,1,0.0,0.6,"1.152,11.319;0.880,11.224;0.568,11.119;0.254,11.015;-0.059,10.912;-0.372,10.808;-0.686,10.705;-0.999,10.601;-1.312,10.496;-1.625,10.392;-1.938,10.288;-2.244,10.185;-2.350,10.150",-2.3499999999999996,10.15,2.0,-2.3499999999999996,10.15,2.0,-2.3499999999999996,10.15,2.0,4.362308847529261,0.0,0.0,0,0,0,1,,,0,1,PASS_THROUGH,-1,0.9997915031841011,-0.015253263840257528,0.013575275433483922,0.7512334993737042,0,0.9998212291693005,-0.012753430383768267,0.013959216161218828,3.6922539351096995,0.7384507870219399,0,0,0,BYPASS_VISIBLE,1,0,1,1,1
1787562388306981632,1787562388323578112,joint_v2_000005_c2dc4fc3,1550,70,0.03333333333333333,2.3333333333333335,16.596555709838867,frame_id_exact,1,,1.1301443576812744,11.311622619628906,1.9479426145553589,-0.008512019433324424,-0.015650041416584434,-0.8147559698813199,-0.5795302677786344,-0.6491621136665344,-0.2292512059211731,-0.013360372744500637,0.6875401559096326,0.003478831769446951,-0.037715998428581456,1.905138053425634,-0.019465139135718346,depth/001550.png,1.0,0.00426890808770602,-0.03536787514916704,-0.9993652434576518,0.6875401559096326,0.003478831769446951,-0.037715998428581456,-0.019465139135718346,0.9998251362843171,-0.012182518319628239,0.014187427583559235,3.668892456959502,0.7337784913919003,0.6,0.0,0.05205738544464111,-0.011340427966026745,0.6,0.0,0.05205738544464111,-0.011340427966026745,goal_capture,TERMINAL_SETTLING,NONE,DIRECT_LOCAL,PASS_THROUGH,0,6,0,0,0,0,1,0.6,3.668892456959502,inf,0.0,0,0,1,CLEAR,none,nan,0.0,0.0,0,0,1,0,0.6980944146621983,0,0,1,1,0.0,0.6,"1.130,11.312;0.858,11.217;0.546,11.112;0.233,11.008;-0.081,10.904;-0.394,10.801;-0.708,10.697;-1.021,10.593;-1.334,10.489;-1.647,10.385;-1.960,10.280;-2.261,10.180;-2.350,10.150",-2.3499999999999996,10.15,2.0,-2.3499999999999996,10.15,2.0,-2.3499999999999996,10.15,2.0,4.340065880654133,0.0,0.0,0,0,0,1,,,0,1,PASS_THROUGH,-1,0.9997915031841011,-0.015253263840257528,0.013575275433483922,0.7512334993737042,0,0.9998251362843171,-0.012182518319628239,0.014187427583559235,3.6692617557369305,0.7338523511473861,0,0,0,BYPASS_VISIBLE,1,0,1,1,1
1787562388355992064,1787562388372595456,joint_v2_000005_c2dc4fc3,1551,71,0.03333333333333333,2.3666666666666667,16.603469848632812,frame_id_exact,1,,1.1087828874588013,11.30410385131836,1.9476298093795776,-0.02540414901592117,-0.03935745582954312,-0.8137746247993549,-0.5792896338758976,-0.6293801665306091,-0.22085870802402496,-0.004982811864465475,0.6636138327763874,0.0024935612385199343,-0.06732944709707762,1.904515484633039,-0.017630431801080704,depth/001551.png,1.0,0.004252228688009382,-0.09348891806621072,-0.9956112397668049,0.6636138327763874,0.0024935612385199343,-0.06732944709707762,-0.017630431801080704,0.9998288715520316,-0.011661106171997226,0.014361274798443936,3.6462494103126994,0.7292498820625399,0.6,0.0,0.05237019062042236,-0.012454095722675973,0.6,0.0,0.05237019062042236,-0.012454095722675973,goal_capture,TERMINAL_SETTLING,NONE,DIRECT_LOCAL,PASS_THROUGH,0,6,0,0,0,0,1,0.6,3.6462494103126994,inf,0.0,0,0,1,CLEAR,none,nan,0.0,0.0,0,0,0,0,0.6682162265045282,0,0,1,1,0.0,0.6,"1.109,11.304;0.841,11.211;0.528,11.106;0.215,11.002;-0.098,10.899;-0.412,10.795;-0.725,10.691;-1.038,10.587;-1.351,10.483;-1.664,10.379;-1.977,10.274;-2.274,10.175;-2.350,10.150",-2.3499999999999996,10.15,2.0,-2.3499999999999996,10.15,2.0,-2.3499999999999996,10.15,2.0,4.318812867456895,0.0,0.0,0,0,0,1,,,0,1,PASS_THROUGH,-1,0.9997915031841011,-0.015253263840257528,0.013575275433483922,0.7512334993737042,0,0.9998288715520316,-0.011661106171997226,0.014361274798443936,3.6466254810538645,0.7293250962107729,0,0,0,BYPASS_VISIBLE,1,0,1,1,1
1787562388406857472,1787562388423909376,joint_v2_000005_c2dc4fc3,1552,72,0.03333333333333333,2.4,17.05193519592285,frame_id_exact,1,,1.088362216949463,11.296961784362793,1.9476333856582642,-0.035887297026908065,-0.05359726357225167,-0.8127791631199264,-0.5789900407155043,-0.5939015746116638,-0.2071269452571869,0.005149971693754196,0.6244143581159369,0.0015749797321942204,-0.0758380036903625,1.9038892827034322,-0.016101965680718422,depth/001552.png,1.0,0.0037276691475420995,-0.12868225319710344,-0.9916788704993381,0.6244143581159369,0.0015749797321942204,-0.0758380036903625,-0.016101965680718422,0.9998338060520319,-0.011120882034123833,0.014445977235582027,3.6246180584627536,0.7249236116925507,0.6,0.0,0.05236661434173584,-0.013752167981040397,0.6,0.0,0.05236661434173584,-0.013752167981040397,goal_capture,TERMINAL_SETTLING,NONE,DIRECT_LOCAL,PASS_THROUGH,0,6,0,0,0,0,1,0.6,3.6246180584627536,inf,0.0,0,0,1,CLEAR,none,nan,0.0,0.0,0,0,1,0,0.6372592393436477,0,0,1,1,0.0,0.6,"1.088,11.297;0.828,11.207;0.515,11.102;0.202,10.998;-0.112,10.894;-0.425,10.791;-0.738,10.687;-1.051,10.583;-1.364,10.479;-1.678,10.374;-1.991,10.270;-2.284,10.172;-2.350,10.150",-2.3499999999999996,10.15,2.0,-2.3499999999999996,10.15,2.0,-2.3499999999999996,10.15,2.0,4.298950872508631,0.0,0.0,0,0,0,1,,,1,1,PASS_THROUGH,-1,0.9999381481713397,-0.011122042603403501,0.0,0.7249236116925507,0,0.9998338060520319,-0.011120882034123833,0.014445977235582027,3.624996321657709,0.7249992643315417,0,0,0,BYPASS_VISIBLE,1,0,1,1,1
1787562388464938496,1787562388480427776,joint_v2_000005_c2dc4fc3,1553,73,0.03333333333333333,2.433333333333333,15.489339828491211,frame_id_exact,1,,1.0692695379257202,11.290323257446289,1.9479691982269287,-0.03787765032500671,-0.05556037784357524,-0.8124598750143366,-0.5791263070448658,-0.5513237118721008,-0.19122526049613953,0.014789480715990067,0.5802533823872847,0.000867970259572615,-0.06363114897469957,1.9032436128218844,-0.014925564639270306,depth/001553.png,1.0,0.002804810779350825,-0.13415304278159668,-0.9909566560394714,0.5802533823872847,0.000867970259572615,-0.06363114897469957,-0.014925564639270306,0.9998402076059294,-0.010546269494736716,0.014433830201171335,3.604405818503195,0.7208811637006389,0.6,0.0,0.05203080177307129,-0.014736627050808693,0.6,0.0,0.05203080177307129,-0.014736627050808693,goal_capture,TERMINAL_SETTLING,NONE,DIRECT_LOCAL,PASS_THROUGH,0,6,0,0,0,0,1,0.6,3.6044058185031944,inf,0.0,0,0,1,CLEAR,none,nan,0.0,0.0,0,0,1,0,0.6043308908938084,0,0,1,1,0.0,0.6,"1.069,11.290;0.819,11.204;0.506,11.099;0.193,10.995;-0.121,10.891;-0.434,10.788;-0.747,10.684;-1.060,10.580;-1.373,10.475;-1.687,10.371;-2.000,10.267;-2.291,10.170;-2.350,10.150",-2.3499999999999996,10.15,2.0,-2.3499999999999996,10.15,2.0,-2.3499999999999996,10.15,2.0,4.280550510984259,0.0,0.0,0,0,0,1,,,0,1,PASS_THROUGH,-1,0.9998338060520319,-0.011120882034123833,0.014445977235582027,0.7249236116925507,0,0.9998402076059294,-0.010546269494736716,0.014433830201171335,3.604781339941832,0.7209562679883664,0,0,0,BYPASS_VISIBLE,1,0,1,1,1
1787562388510532864,1787562388528162816,joint_v2_000005_c2dc4fc3,1554,74,0.03333333333333333,2.466666666666667,17.62986183166504,frame_id_exact,1,,1.0515756607055664,11.284196853637695,1.9486061334609985,-0.031224199867031743,-0.045212197382484325,-0.8129185091117174,-0.5797796168322009,-0.511577308177948,-0.17670433223247528,0.023237284272909164,0.5405172888271687,0.00045172313820095904,-0.036284860173821515,1.9026136316950601,-0.01412927731871605,depth/001554.png,1.0,0.0016607609408897384,-0.10971397344926714,-0.9939618131010218,0.5405172888271687,0.00045172313820095904,-0.036284860173821515,-0.01412927731871605,0.9998475300863916,-0.009976054432917577,0.014331605565804087,3.5856825679786763,0.7171365135957353,0.6,0.0,0.051393866539001465,-0.015201833719151736,0.6,0.0,0.051393866539001465,-0.015201833719151736,goal_capture,TERMINAL_SETTLING,NONE,DIRECT_LOCAL,PASS_THROUGH,0,6,0,0,0,0,1,0.6,3.5856825679786763,inf,0.0,0,0,1,CLEAR,none,nan,0.0,0.0,0,0,1,0,0.5716540088622374,0,0,1,1,0.0,0.6,"1.052,11.284;0.813,11.203;0.500,11.098;0.187,10.994;-0.126,10.890;-0.440,10.786;-0.753,10.682;-1.066,10.578;-1.379,10.473;-1.692,10.369;-2.005,10.265;-2.295,10.168;-2.350,10.150",-2.3499999999999996,10.15,2.0,-2.3499999999999996,10.15,2.0,-2.3499999999999996,10.15,2.0,4.263352778522009,0.0,0.0,0,0,0,1,,,0,1,PASS_THROUGH,-1,0.9998338060520319,-0.011120882034123833,0.014445977235582027,0.7249236116925507,0,0.9998475300863916,-0.009976054432917577,0.014331605565804087,3.586050865203111,0.7172101730406222,0,0,0,BYPASS_VISIBLE,1,0,1,1,1
1787562388559899136,1787562388575708672,joint_v2_000005_c2dc4fc3,1555,75,0.03333333333333333,2.5,15.80953598022461,frame_id_exact,1,,1.0350334644317627,11.278487205505371,1.9495024681091309,-0.01764088492804226,-0.025156680958967042,-0.8136215981704421,-0.5805823245437809,-0.48348894715309143,-0.16663900017738342,0.03033299744129181,0.5122975676064987,0.00035205072644525683,-0.001134644370382111,1.9020470044671498,-0.01370557863265276,depth/001555.png,1.0,0.0005050386413374963,-0.06142000989006163,-0.9981118811641686,0.5122975676064987,0.00035205072644525683,-0.001134644370382111,-0.01370557863265276,0.9998551115280422,-0.009461089999304536,0.014150750060373769,3.5681837015927615,0.7136367403185523,0.6,0.0,0.05049753189086914,-0.015007074137580734,0.6,0.0,0.05049753189086914,-0.015007074137580734,goal_capture,TERMINAL_SETTLING,NONE,DIRECT_LOCAL,PASS_THROUGH,0,6,0,0,0,0,1,0.6,3.5681837015927615,inf,0.0,0,0,1,CLEAR,none,nan,0.0,0.0,0,0,1,0,0.542142898713142,0,0,1,1,0.0,0.6,"1.035,11.278;0.805,11.200;0.492,11.095;0.179,10.991;-0.135,10.887;-0.448,10.783;-0.761,10.679;-1.074,10.575;-1.387,10.471;-1.700,10.366;-2.013,10.262;-2.301,10.166;-2.350,10.150",-2.3499999999999996,10.15,2.0,-2.3499999999999996,10.15,2.0,-2.3499999999999996,10.15,2.0,4.246839524873662,0.0,0.0,0,0,0,1,,,0,1,PASS_THROUGH,-1,0.9998338060520319,-0.011120882034123833,0.014445977235582027,0.7249236116925507,0,0.9998551115280422,-0.009461089999304536,0.014150750060373769,3.5685410084569984,0.7137082016913997,0,0,0,BYPASS_VISIBLE,1,0,1,1,1
1787562388604664064,1787562388623502592,joint_v2_000005_c2dc4fc3,1556,76,0.03333333333333333,2.533333333333333,18.83840560913086,frame_id_exact,1,,1.0191465616226196,11.273011207580566,1.9506021738052368,-0.0002449990208016421,4.9092528989004026e-05,-0.813869217512029,-0.5810480482298869,-0.47292906045913696,-0.16299621760845184,0.03521962836384773,0.5002364889121244,0.0005534461188784215,0.03511743529608818,1.9015608923364258,-0.013579890131950378,depth/001556.png,1.0,-0.00045584455900555144,-0.00020480260940212064,-0.9999998751308068,0.5002364889121244,0.0005534461188784215,0.03511743529608818,-0.013579890131950378,0.9998625646452923,-0.00902307233473868,0.013908126638075434,3.55138039726035,0.7102760794520699,0.6,0.0,0.049397826194763184,-0.014248589163126102,0.6,0.0,0.049397826194763184,-0.014248589163126102,goal_capture,TERMINAL_SETTLING,NONE,DIRECT_LOCAL,PASS_THROUGH,0,6,0,0,0,0,1,0.6,3.55138039726035,inf,0.0,0,0,1,CLEAR,none,nan,0.0,0.0,0,0,1,0,0.5170409893350635,0,0,1,1,0.0,0.6,"1.019,11.273;0.792,11.196;0.479,11.091;0.166,10.987;-0.147,10.883;-0.461,10.779;-0.774,10.675;-1.087,10.571;-1.400,10.467;-1.713,10.362;-2.026,10.258;-2.308,10.164;-2.350,10.150",-2.3499999999999996,10.15,2.0,-2.3499999999999996,10.15,2.0,-2.3499999999999996,10.15,2.0,4.230357866796367,0.0,0.0,0,0,0,1,,,0,1,PASS_THROUGH,-1,0.9998338060520319,-0.011120882034123833,0.014445977235582027,0.7249236116925507,0,0.9998625646452923,-0.00902307233473868,0.013908126638075434,3.5517239294852083,0.7103447858970416,0,0,0,BYPASS_VISIBLE,1,0,1,1,1
1787562388654195712,1787562388670673920,joint_v2_000005_c2dc4fc3,1557,77,0.03333333333333333,2.566666666666667,16.47806167602539,frame_id_exact,1,,1.0032886266708374,11.26754093170166,1.951804518699646,0.01711233657962789,0.024863137932052536,-0.8133622165519567,-0.580974093221587,-0.48166269063949585,-0.16625826060771942,0.03614477813243866,0.506439726759786,0.0010030568416746527,0.06682064648798282,1.9011237017323868,-0.013597453013062477,depth/001557.png,1.0,-0.0010526220078563922,0.060329122412206386,-0.9981779846179145,0.506439726759786,0.0010030568416746527,0.06682064648798282,-0.013597453013062477,0.9998697620978706,-0.008635479868669072,0.013634050380781724,3.534606392201061,0.7069212784402122,0.6,0.0,0.048195481300354004,-0.012887480517469463,0.6,0.0,0.048195481300354004,-0.012887480517469463,goal_capture,TERMINAL_SETTLING,NONE,DIRECT_LOCAL,PASS_THROUGH,0,6,0,0,0,0,1,0.6,3.534606392201061,inf,0.0,0,0,1,CLEAR,none,nan,0.0,0.0,0,0,1,0,0.49482869459719103,0,0,1,1,0.0,0.6,"1.003,11.268;0.773,11.189;0.460,11.084;0.147,10.980;-0.166,10.876;-0.479,10.773;-0.792,10.669;-1.105,10.564;-1.419,10.460;-1.732,10.356;-2.045,10.252;-2.318,10.161;-2.350,10.150",-2.3499999999999996,10.15,2.0,-2.3499999999999996,10.15,2.0,-2.3499999999999996,10.15,2.0,4.213272031196545,0.0,0.0,0,0,0,1,,,0,1,PASS_THROUGH,-1,0.9998338060520319,-0.011120882034123833,0.014445977235582027,0.7249236116925507,0,0.9998697620978706,-0.008635479868669072,0.013634050380781724,3.5349349572808797,0.7069869914561759,0,0,0,BYPASS_VISIBLE,1,0,1,1,1
1787562388698775808,1787562388715347456,joint_v2_000005_c2dc4fc3,1558,78,0.03333333333333333,2.6,16.571760177612305,frame_id_exact,1,,0.9868485927581787,11.261859893798828,1.9529496431350708,0.030617755130920958,0.04386410204802512,-0.812429463121999,-0.5806004315134152,-0.5070940852165222,-0.17536547780036926,0.031668949872255325,0.5301046058163591,0.001608509803115174,0.08880824308723123,1.9006785577270364,-0.013544086366891861,depth/001558.png,1.0,-0.0011855004280338435,0.10682634143638084,-0.9942769872445268,0.5301046058163591,0.001608509803115174,0.08880824308723123,-0.013544086366891861,0.9998765446258484,-0.008244931469804987,0.01337597144628372,3.5172135213021365,0.7034427042604273,0.6,0.0,0.0470503568649292,-0.01101819497253409,0.6,0.0,0.0470503568649292,-0.01101819497253409,goal_capture,TERMINAL_SETTLING,NONE,DIRECT_LOCAL,PASS_THROUGH,0,6,0,0,0,0,1,0.6,3.5172135213021365,inf,0.0,0,0,1,CLEAR,none,nan,0.0,0.0,0,0,1,0,0.47244739515277795,0,0,1,1,0.0,0.6,"0.987,11.262;0.749,11.181;0.436,11.076;0.123,10.972;-0.190,10.868;-0.503,10.764;-0.816,10.660;-1.130,10.556;-1.443,10.452;-1.756,10.348;-2.069,10.244;-2.331,10.156;-2.350,10.150",-2.3499999999999996,10.15,2.0,-2.3499999999999996,10.15,2.0,-2.3499999999999996,10.15,2.0,4.195101809469037,0.0,0.0,0,0,0,1,,,1,1,PASS_THROUGH,-1,0.9999660038922965,-0.008245669146396375,0.0,0.7034427042604273,0,0.9998765446258484,-0.008244931469804987,0.01337597144628372,3.5175282074933945,0.7035056414986789,0,0,0,BYPASS_VISIBLE,1,0,1,1,1
1787562388749839616,1787562388765548032,joint_v2_000005_c2dc4fc3,1559,79,0.03333333333333333,2.6333333333333333,15.708446502685547,frame_id_exact,1,,0.969363808631897,11.255809783935547,1.9538578987121582,0.03732450354002256,0.05293168350794175,-0.8117457349838906,-0.5804084596660952,-0.5431322455406189,-0.18805310130119324,0.022226722911000252,0.5670669176676337,0.0022397133285173127,0.09633652909197779,1.9001863656346039,-0.013225173577666283,depth/001559.png,1.0,-0.0008479806667465728,0.12926105188111014,-0.9916102366330118,0.5670669176676337,0.0022397133285173127,0.09633652909197779,-0.013225173577666283,0.9998825165581832,-0.00781356943704796,0.013187160950213172,3.4987128164944936,0.6997425632988987,0.6,0.0,0.0461421012878418,-0.008878399695757544,0.6,0.0,0.0461421012878418,-0.008878399695757544,goal_capture,TERMINAL_SETTLING,NONE,DIRECT_LOCAL,PASS_THROUGH,0,6,0,0,0,0,1,0.6,3.4987128164944936,inf,0.0,0,0,1,CLEAR,none,nan,0.0,0.0,0,0,1,0,0.44772803983987824,0,0,1,1,0.0,0.6,"0.969,11.256;0.721,11.171;0.408,11.066;0.095,10.962;-0.218,10.858;-0.532,10.755;-0.845,10.651;-1.158,10.547;-1.471,10.443;-1.784,10.338;-2.097,10.234;-2.345,10.152;-2.350,10.150",-2.3499999999999996,10.15,2.0,-2.3499999999999996,10.15,2.0,-2.3499999999999996,10.15,2.0,4.175615448031924,0.0,0.0,0,0,0,1,,,0,1,PASS_THROUGH,-1,0.9998765446258484,-0.008244931469804987,0.01337597144628372,0.7034427042604273,0,0.9998825165581832,-0.00781356943704796,0.013187160950213172,3.499017071380774,0.6998034142761548,0,0,0,BYPASS_VISIBLE,1,0,1,1,1
1787562388794684672,1787562388810221568,joint_v2_000005_c2dc4fc3,1560,80,0.03333333333333333,2.6666666666666665,15.537023544311523,frame_id_exact,1,,0.9506102800369263,11.249316215515137,1.9544039964675903,0.03586490705916994,0.050247491728039696,-0.8117627726631159,-0.5807151616196776,-0.5818341374397278,-0.20145300030708313,0.010530225932598114,0.6097256261773932,0.0027424261376125907,0.08632670712250604,1.8996593825576862,-0.012558436021208763,depth/001560.png,1.0,-0.0001313677683504738,0.12323267700772216,-0.9923777960333554,0.6097256261773932,0.0027424261376125907,0.08632670712250604,-0.012558436021208763,0.9998870786066477,-0.007353744922602903,0.013105436699204102,3.478868258842228,0.6957736517684456,0.6,0.0,0.04559600353240967,-0.006898813853268848,0.6,0.0,0.04559600353240967,-0.006898813853268848,goal_capture,TERMINAL_SETTLING,NONE,DIRECT_LOCAL,PASS_THROUGH,0,6,0,0,0,0,1,0.6,3.478868258842228,inf,0.0,0,0,1,CLEAR,none,nan,0.0,0.0,0,0,1,0,0.4213785338755711,0,0,1,1,0.0,0.6,"0.951,11.249;0.692,11.161;0.379,11.056;0.066,10.952;-0.247,10.849;-0.561,10.745;-0.874,10.641;-1.187,10.537;-1.500,10.433;-1.813,10.329;-2.126,10.224;-2.350,10.150",-2.3499999999999996,10.15,2.0,-2.3499999999999996,10.15,2.0,-2.3499999999999996,10.15,2.0,4.154864505928322,0.0,0.0,0,0,0,1,,,0,1,PASS_THROUGH,-1,0.9998765446258484,-0.008244931469804987,0.01337597144628372,0.7034427042604273,0,0.9998870786066477,-0.007353744922602903,0.013105436699204102,3.4791670494413003,0.69583340988826,0,0,0,BYPASS_VISIBLE,1,0,1,1,1
1787562388840475136,1787562388857076224,joint_v2_000005_c2dc4fc3,1561,81,0.03333333333333333,2.7,16.601085662841797,frame_id_exact,1,,0.9306358695030212,11.242403984069824,1.9545773267745972,0.026761588618492586,0.03670592613736406,-0.8123400456704721,-0.5814121967770441,-0.6150924563407898,-0.21269701421260834,0.0004782326577696949,0.6480935488456845,0.00297418903546436,0.05953893308556748,1.8991524898396772,-0.01159739214926958,depth/001561.png,1.0,0.0007964739405997914,0.09075441548544923,-0.9958729847220259,0.6480935488456845,0.00297418903546436,0.05953893308556748,-0.01159739214926958,0.9998897943853998,-0.006918091690604662,0.013135413631972369,3.457733097374849,0.6915466194749698,0.6,0.0,0.04542267322540283,-0.005431257324111094,0.6,0.0,0.04542267322540283,-0.005431257324111094,goal_capture,TERMINAL_SETTLING,NONE,DIRECT_LOCAL,PASS_THROUGH,0,6,0,0,0,0,1,0.6,3.457733097374849,inf,0.0,0,0,1,CLEAR,none,nan,0.0,0.0,0,0,1,0,0.39641481854184735,0,0,1,1,0.0,0.6,"0.931,11.242;0.666,11.152;0.353,11.047;0.039,10.943;-0.274,10.840;-0.587,10.736;-0.900,10.632;-1.214,10.528;-1.527,10.424;-1.840,10.320;-2.153,10.216;-2.350,10.150",-2.3499999999999996,10.15,2.0,-2.3499999999999996,10.15,2.0,-2.3499999999999996,10.15,2.0,4.133164073584456,0.0,0.0,0,0,0,1,,,0,1,PASS_THROUGH,-1,0.9998765446258484,-0.008244931469804987,0.01337597144628372,0.7034427042604273,0,0.9998897943853998,-0.006918091690604662,0.013135413631972369,3.4580314330445883,0.6916062866089177,0,0,0,BYPASS_VISIBLE,1,0,1,1,1
1787562388886787584,1787562388904486400,joint_v2_000005_c2dc4fc3,1562,82,0.03333333333333333,2.7333333333333334,17.69876480102539,frame_id_exact,1,,0.9097420573234558,11.235186576843262,1.9544917345046997,0.012231160460807768,0.015596017210989768,-0.8128935457556045,-0.5820749489797836,-0.6360161304473877,-0.2194003015756607,-0.004655923694372177,0.6724457962768745,0.0028537302518086686,0.021981706926839116,1.898720790347704,-0.010481216944754124,depth/001562.png,1.0,0.0017291609466341673,0.03959470766299027,-0.999214325921873,0.6724457962768745,0.0028537302518086686,0.021981706926839116,-0.010481216944754124,0.9998907761944511,-0.0065582433404139115,0.01324481504385588,3.4356292272077535,0.6871258454415508,0.6,0.0,0.04550826549530029,-0.004733209044585074,0.6,0.0,0.04550826549530029,-0.004733209044585074,goal_capture,TERMINAL_SETTLING,NONE,DIRECT_LOCAL,PASS_THROUGH,0,6,0,0,0,0,1,0.6,3.435629227207754,inf,0.0,0,0,1,CLEAR,none,nan,0.0,0.0,0,0,1,0,0.3757953219720954,0,0,1,1,0.0,0.6,"0.910,11.235;0.640,11.143;0.328,11.038;0.014,10.935;-0.299,10.831;-0.612,10.727;-0.926,10.624;-1.239,10.520;-1.552,10.416;-1.865,10.311;-2.178,10.207;-2.350,10.150",-2.3499999999999996,10.15,2.0,-2.3499999999999996,10.15,2.0,-2.3499999999999996,10.15,2.0,4.111028780559452,0.0,0.0,0,0,0,1,,,0,1,PASS_THROUGH,-1,0.9998765446258484,-0.008244931469804987,0.01337597144628372,0.7034427042604273,0,0.9998907761944511,-0.0065582433404139115,0.01324481504385588,3.4359306147057946,0.6871861229411589,0,0,0,BYPASS_VISIBLE,1,0,1,1,1
1787562388936720640,1787562388953499392,joint_v2_000005_c2dc4fc3,1563,83,0.03333333333333333,2.7666666666666666,16.77870750427246,frame_id_exact,1,,0.8884226679801941,11.22784423828125,1.9543371200561523,-0.0043892326250561916,-0.008243717449736438,-0.8129022637542063,-0.5823252401732721,-0.6401601433753967,-0.22008457779884338,-0.0037505929358303547,0.6767460573446853,0.0023956678377323125,-0.01628901908370556,1.8983809917006926,-0.009363271296024323,depth/001563.png,1.0,0.002465015213572742,-0.018514595038406023,-0.9998255515191441,0.6767460573446853,0.0023956678377323125,-0.01628901908370556,-0.009363271296024323,0.9998907536777525,-0.006286568842345802,0.0133775843083305,3.4130821230207813,0.6826164246041563,0.6,0.0,0.045662879943847656,-0.004876907337880709,0.6,0.0,0.045662879943847656,-0.004876907337880709,goal_capture,TERMINAL_SETTLING,NONE,DIRECT_LOCAL,PASS_THROUGH,0,6,0,0,0,0,1,0.6,3.4130821230207813,inf,0.0,0,0,1,CLEAR,none,nan,0.0,0.0,0,0,1,0,0.3602284699283931,0,0,1,1,0.0,0.6,"0.888,11.228;0.618,11.136;0.305,11.031;-0.008,10.927;-0.321,10.824;-0.634,10.720;-0.948,10.616;-1.261,10.512;-1.574,10.408;-1.887,10.304;-2.200,10.200;-2.350,10.150",-2.3499999999999996,10.15,2.0,-2.3499999999999996,10.15,2.0,-2.3499999999999996,10.15,2.0,4.089066437937553,0.0,0.0,0,0,0,1,,,0,1,PASS_THROUGH,-1,0.9998765446258484,-0.008244931469804987,0.01337597144628372,0.7034427042604273,0,0.9998907536777525,-0.006286568842345802,0.0133775843083305,3.4133875662000075,0.6826775132400015,0,0,0,BYPASS_VISIBLE,1,0,1,1,1
1787562388992019200,1787562389007873280,joint_v2_000005_c2dc4fc3,1564,84,0.03333333333333333,2.8,15.854120254516602,frame_id_exact,1,,0.8672624230384827,11.220582962036133,1.9542983770370483,-0.019402251078466767,-0.029520403358136202,-0.8123263484867059,-0.5821322890829161,-0.6266745328903198,-0.21456405520439148,0.0019109344575554132,0.6608704147574146,0.0017076445248019368,-0.04483006221381619,1.8981014685431996,-0.008357097394764423,depth/001564.png,1.0,0.0028476404210593456,-0.07054975659887762,-0.9975041968773222,0.6608704147574146,0.0017076445248019368,-0.04483006221381619,-0.008357097394764423,0.9998907643124825,-0.00606820765673249,0.013477251145339708,3.39071163287259,0.678142326574518,0.6,0.0,0.04570162296295166,-0.005740425563507401,0.6,0.0,0.04570162296295166,-0.005740425563507401,goal_capture,TERMINAL_SETTLING,NONE,DIRECT_LOCAL,PASS_THROUGH,0,6,0,0,0,0,1,0.6,3.39071163287259,inf,0.0,0,0,1,CLEAR,none,nan,0.0,0.0,0,0,1,0,0.3477164025519722,0,0,1,1,0.0,0.6,"0.867,11.221;0.600,11.130;0.287,11.025;-0.026,10.921;-0.340,10.818;-0.653,10.714;-0.966,10.610;-1.279,10.506;-1.593,10.402;-1.906,10.298;-2.218,10.194;-2.350,10.150",-2.3499999999999996,10.15,2.0,-2.3499999999999996,10.15,2.0,-2.3499999999999996,10.15,2.0,4.067842719650892,0.0,0.0,0,0,0,1,,,1,1,PASS_THROUGH,-1,0.9999815849135424,-0.00606875883520758,0.0,0.678142326574518,0,0.9998907643124825,-0.00606820765673249,0.013477251145339708,3.3910196129835275,0.6782039225967055,0,0,0,BYPASS_VISIBLE,1,0,1,1,1
1787562389044717312,1787562389061751808,joint_v2_000005_c2dc4fc3,1565,85,0.03333333333333333,2.8333333333333335,17.034530639648438,frame_id_exact,1,,0.8468056917190552,11.21359634399414,1.9544929265975952,-0.029552173975804896,-0.04362839623706953,-0.8116118615729618,-0.5818156221769543,-0.5988300442695618,-0.20410269498825073,0.009851460345089436,0.6301818365590123,0.0009470329367687161,-0.05676565239658561,1.897830446208137,-0.007523458916693926,depth/001565.png,1.0,0.0027975751344445007,-0.10520648075165065,-0.99444646411017,0.6301818365590123,0.0009470329367687161,-0.05676565239658561,-0.007523458916693926,0.9998916904634391,-0.005847729958362737,0.013505976325331473,3.369095399890755,0.6738190799781509,0.6,0.0,0.045507073402404785,-0.006923240190315205,0.6,0.0,0.045507073402404785,-0.006923240190315205,goal_capture,TERMINAL_SETTLING,NONE,DIRECT_LOCAL,PASS_THROUGH,0,6,0,0,0,0,1,0.6,3.369095399890755,inf,0.0,0,0,1,CLEAR,none,nan,0.0,0.0,0,0,1,0,0.33508271913137566,0,0,1,1,0.0,0.6,"0.847,11.214;0.585,11.125;0.272,11.020;-0.041,10.916;-0.355,10.813;-0.668,10.709;-0.981,10.605;-1.294,10.501;-1.607,10.397;-1.921,10.293;-2.230,10.190;-2.350,10.150",-2.3499999999999996,10.15,2.0,-2.3499999999999996,10.15,2.0,-2.3499999999999996,10.15,2.0,4.047744729767143,0.0,0.0,0,0,0,1,,,0,1,PASS_THROUGH,-1,0.9998907643124825,-0.00606820765673249,0.013477251145339708,0.678142326574518,0,0.9998916904634391,-0.005847729958362737,0.013505976325331473,3.3694027226341907,0.6738805445268381,0,0,0,BYPASS_VISIBLE,1,0,1,1,1
1787562389093602816,1787562389113471232,joint_v2_000005_c2dc4fc3,1566,86,0.03333333333333333,2.8666666666666667,19.86837387084961,frame_id_exact,1,,0.8274267315864563,11.20700740814209,1.9549587965011597,-0.03273520413440918,-0.047650937728749475,-0.8112996904030153,-0.5817650787868082,-0.5633113384246826,-0.19113561511039734,0.01798749528825283,0.5929561346482211,0.00026682614375784494,-0.05078374282220818,1.897535539358879,-0.006892906501889229,depth/001566.png,1.0,0.0023271811250111032,-0.11540677927820922,-0.9933155890876988,0.5929561346482211,0.00026682614375784494,-0.05078374282220818,-0.006892906501889229,0.9998939103383051,-0.005592933024873707,0.013449430045644544,3.3486273748309836,0.6697254749661967,0.6,0.0,0.04504120349884033,-0.007981708286672884,0.6,0.0,0.04504120349884033,-0.007981708286672884,goal_capture,TERMINAL_SETTLING,NONE,DIRECT_LOCAL,PASS_THROUGH,0,6,0,0,0,0,1,0.6,3.3486273748309836,inf,0.0,0,0,1,CLEAR,none,nan,0.0,0.0,0,0,1,0,0.32048211528081044,0,0,1,1,0.0,0.6,"0.827,11.207;0.573,11.121;0.260,11.017;-0.053,10.913;-0.366,10.809;-0.680,10.705;-0.993,10.601;-1.306,10.497;-1.619,10.393;-1.932,10.289;-2.240,10.187;-2.350,10.150",-2.3499999999999996,10.15,2.0,-2.3499999999999996,10.15,2.0,-2.3499999999999996,10.15,2.0,4.028894216214431,0.0,0.0,0,0,0,1,,,0,1,PASS_THROUGH,-1,0.9998907643124825,-0.00606820765673249,0.013477251145339708,0.678142326574518,0,0.9998939103383051,-0.005592933024873707,0.013449430045644544,3.3489302777872325,0.6697860555574465,0,0,0,BYPASS_VISIBLE,1,0,1,1,1
1787562389146949376,1787562389163618560,joint_v2_000005_c2dc4fc3,1567,87,0.03333333333333333,2.9,16.669273376464844,frame_id_exact,1,,0.8092443346977234,11.200850486755371,1.9556828737258911,-0.028443333113338583,-0.040973029938597624,-0.8115738328364343,-0.5821169139221383,-0.5284345746040344,-0.17862272262573242,0.025304259732365608,0.5575534749503096,-0.0002198190902682513,-0.030390072164795136,1.8972247734764767,-0.006488200277090073,depth/001567.png,1.0,0.0015344577369203263,-0.09961996848757132,-0.9950243752381088,0.5575534749503096,-0.0002198190902682513,-0.030390072164795136,-0.006488200277090073,0.9998973083587291,-0.005313082666826318,0.013309541297281242,3.3294311093388993,0.6658862218677799,0.6,0.0,0.04431712627410889,-0.008669315644680431,0.6,0.0,0.04431712627410889,-0.008669315644680431,goal_capture,TERMINAL_SETTLING,NONE,DIRECT_LOCAL,PASS_THROUGH,0,6,0,0,0,0,1,0.6,3.3294311093388997,inf,0.0,0,0,1,CLEAR,none,nan,0.0,0.0,0,0,1,0,0.30444561204398457,0,0,1,1,0.0,0.6,"0.809,11.201;0.565,11.119;0.252,11.014;-0.061,10.910;-0.374,10.806;-0.687,10.703;-1.001,10.599;-1.314,10.495;-1.627,10.390;-1.940,10.286;-2.246,10.185;-2.350,10.150",-2.3499999999999996,10.15,2.0,-2.3499999999999996,10.15,2.0,-2.3499999999999996,10.15,2.0,4.01112741086557,0.0,0.0,0,0,0,1,,,0,1,PASS_THROUGH,-1,0.9998907643124825,-0.00606820765673249,0.013477251145339708,0.678142326574518,0,0.9998973083587291,-0.005313082666826318,0.013309541297281242,3.3297260427120507,0.6659452085424101,0,0,0,BYPASS_VISIBLE,1,0,1,1,1
1787562389194558464,1787562389212200960,joint_v2_000005_c2dc4fc3,1568,88,0.03333333333333333,2.933333333333333,17.642498016357422,frame_id_exact,1,,0.7921022772789001,11.195063591003418,1.9566309452056885,-0.017812413797275217,-0.025325115638520086,-0.8121276451841394,-0.5826577420409643,-0.5020613074302673,-0.1693120151758194,0.031379103660583496,0.5307677376649503,-0.0004477996053835003,-0.001473491626020583,1.8969326330916447,-0.006321616470813751,depth/001568.png,1.0,0.000579842045279666,-0.06189153466189407,-0.9980827128652204,0.5307677376649503,-0.0004477996053835003,-0.001473491626020583,-0.006321616470813751,0.9999015146663323,-0.005045335865395577,0.013096012903925874,3.3113387972423194,0.6622677594484638,0.6,0.0,0.04336905479431152,-0.008867168690427363,0.6,0.0,0.04336905479431152,-0.008867168690427363,goal_capture,TERMINAL_SETTLING,NONE,DIRECT_LOCAL,PASS_THROUGH,0,6,0,0,0,0,1,0.6,3.311338797242319,inf,0.0,0,0,1,CLEAR,none,nan,0.0,0.0,0,0,1,0,0.28910247036708553,0,0,1,1,0.0,0.6,"0.792,11.195;0.556,11.116;0.243,11.011;-0.070,10.907;-0.383,10.803;-0.697,10.700;-1.010,10.596;-1.323,10.491;-1.636,10.387;-1.949,10.283;-2.253,10.182;-2.350,10.150",-2.3499999999999996,10.15,2.0,-2.3499999999999996,10.15,2.0,-2.3499999999999996,10.15,2.0,3.9940425634408827,0.0,0.0,0,0,0,1,,,0,1,PASS_THROUGH,-1,0.9998907643124825,-0.00606820765673249,0.013477251145339708,0.678142326574518,0,0.9999015146663323,-0.005045335865395577,0.013096012903925874,3.3116227902700452,0.662324558054009,0,0,0,BYPASS_VISIBLE,1,0,1,1,1
1787562389243452928,1787562389260378880,joint_v2_000005_c2dc4fc3,1569,89,0.03333333333333333,2.966666666666667,16.925811767578125,frame_id_exact,1,,0.7756147384643555,11.189505577087402,1.957751989364624,-0.003305495021595147,-0.004309538635565194,-0.8124392160041644,-0.5830206015896433,-0.4898532032966614,-0.1651349812746048,0.03550653159618378,0.5172936768193899,-0.00039653447674653606,0.029891993738131974,1.8966863841910588,-0.006371726281940937,depth/001569.png,1.0,-0.00034592795193879883,-0.010856819772920433,-0.9999410031588215,0.5172936768193899,-0.00039653447674653606,0.029891993738131974,-0.006371726281940937,0.9999061375308906,-0.0048205171551008825,0.012824926604576882,3.293939789689759,0.6587879579379518,0.6,0.0,0.04224801063537598,-0.008577580402993057,0.6,0.0,0.04224801063537598,-0.008577580402993057,goal_capture,TERMINAL_SETTLING,NONE,DIRECT_LOCAL,PASS_THROUGH,0,6,0,0,0,0,1,0.6,3.293939789689759,inf,0.0,0,0,1,CLEAR,none,nan,0.0,0.0,0,0,1,0,0.2762190749381622,0,0,1,1,0.0,0.6,"0.776,11.190;0.543,11.112;0.230,11.007;-0.083,10.903;-0.396,10.799;-0.709,10.695;-1.023,10.591;-1.336,10.487;-1.649,10.383;-1.962,10.279;-2.263,10.179;-2.350,10.150",-2.3499999999999996,10.15,2.0,-2.3499999999999996,10.15,2.0,-2.3499999999999996,10.15,2.0,3.9770978005602116,0.0,0.0,0,0,0,1,,,0,1,PASS_THROUGH,-1,0.9998907643124825,-0.00606820765673249,0.013477251145339708,0.678142326574518,0,0.9999061375308906,-0.0048205171551008825,0.012824926604576882,3.29421071464836,0.658842142929672,0,0,0,BYPASS_VISIBLE,1,0,1,1,1
1787562389296482304,1787562389313254144,joint_v2_000005_c2dc4fc3,1570,90,0.03333333333333333,3.0,16.771793365478516,frame_id_exact,1,,0.7592607736587524,11.18398666381836,1.9589606523513794,0.011835035814365583,0.01739538327443075,-0.8122045145490804,-0.5829932753592455,-0.4941149055957794,-0.16681642830371857,0.036399226635694504,0.519522136469161,-8.719322999521775e-05,0.05830014150472868,1.8964811927568963,-0.006559988483786583,depth/001570.png,1.0,-0.0010578439060240814,0.04205671024243037,-0.9991146651360167,0.519522136469161,-8.719322999521775e-05,0.05830014150472868,-0.006559988483786583,0.9999108166626447,-0.004638519406387713,0.012523691898139205,3.2766798713892147,0.655335974277843,0.6,0.0,0.041039347648620605,-0.008287235133057624,0.6,0.0,0.041039347648620605,-0.008287235133057624,goal_capture,TERMINAL_SETTLING,NONE,DIRECT_LOCAL,PASS_THROUGH,0,6,0,0,0,0,1,0.6,3.2766798713892147,inf,0.0,0,0,1,CLEAR,none,nan,0.0,0.0,0,0,0,0,0.0,0,0,1,1,0.0,0.6,"0.776,11.190;0.543,11.112;0.230,11.007;-0.083,10.903;-0.396,10.799;-0.709,10.695;-1.023,10.591;-1.336,10.487;-1.649,10.383;-1.962,10.279;-2.263,10.179;-2.350,10.150",-2.3499999999999996,10.15,2.0,-2.3499999999999996,10.15,2.0,-2.3499999999999996,10.15,2.0,3.9597384148973562,0.0,0.0,0,0,0,1,,,1,1,PASS_THROUGH,-1,0.9999892403234036,-0.004638883208505099,0.0,0.655335974277843,0,0.9999108166626447,-0.004638519406387713,0.012523691898139205,3.276936863539282,0.6553873727078564,0,0,0,BYPASS_VISIBLE,1,0,1,1,1
1787562389345971712,1787562389362880256,joint_v2_000005_c2dc4fc3,1571,91,0.03333333333333333,3.033333333333333,16.90840721130371,frame_id_exact,1,,0.7425054907798767,11.178321838378906,1.9601279497146606,0.024257082748088046,0.034998672053528274,-0.8115778515322395,-0.5826903790121785,-0.5133951306343079,-0.17375411093235016,0.03290722519159317,0.5372359714540983,0.0004178160909476279,0.078900399873544,1.8962802639520882,-0.006771646905690432,depth/001571.png,1.0,-0.001413756765320566,0.08507703162379422,-0.996373373782084,0.5372359714540983,0.0004178160909476279,0.078900399873544,-0.006771646905690432,0.9999151999142945,-0.004464655434573736,0.012233553539634916,3.2589930981502024,0.6517986196300405,0.6,0.0,0.039872050285339355,-0.006687821655404491,0.6,0.0,0.039872050285339355,-0.006687821655404491,goal_capture,TERMINAL_SETTLING,NONE,DIRECT_LOCAL,PASS_THROUGH,0,6,0,0,0,0,1,0.6,3.2589930981502024,inf,0.0,0,0,1,CLEAR,none,nan,0.0,0.0,0,0,1,0,0.2558259074997688,0,0,1,1,0.0,0.6,"0.743,11.178;0.503,11.098;0.190,10.993;-0.123,10.890;-0.436,10.786;-0.750,10.682;-1.063,10.578;-1.376,10.474;-1.689,10.370;-2.002,10.266;-2.293,10.169;-2.350,10.150",-2.3499999999999996,10.15,2.0,-2.3499999999999996,10.15,2.0,-2.3499999999999996,10.15,2.0,3.9415189447586867,0.0,0.0,0,0,0,1,,,0,1,PASS_THROUGH,-1,0.9999108166626447,-0.004638519406387713,0.012523691898139205,0.655335974277843,0,0.9999151999142945,-0.004464655434573736,0.012233553539634916,3.259236995706911,0.6518473991413822,0,0,0,BYPASS_VISIBLE,1,0,1,1,1
1787562389397111808,1787562389412709888,joint_v2_000005_c2dc4fc3,1572,92,0.03333333333333333,3.066666666666667,15.598058700561523,frame_id_exact,1,,0.7249189019203186,11.17236328125,1.961105227470398,0.031223671808798037,0.044633308577039996,-0.8110360545669647,-0.582454692037668,-0.5430101752281189,-0.18422293663024902,0.025181282311677933,0.5672669698777693,0.0010151285892827566,0.08740361640370913,1.8960440359848334,-0.006836508866399527,depth/001572.png,1.0,-0.001346712817921425,0.10877119327654211,-0.9940659001684864,0.5672669698777693,0.0010151285892827566,0.08740361640370913,-0.006836508866399527,0.9999188937910218,-0.004260860052216263,0.012002121118968,3.240424807372503,0.6480849614745006,0.6,0.0,0.03889477252960205,-0.005147198292303479,0.6,0.0,0.03889477252960205,-0.005147198292303479,goal_capture,TERMINAL_SETTLING,NONE,DIRECT_LOCAL,PASS_THROUGH,0,6,0,0,0,0,1,0.6,3.240424807372503,inf,0.0,0,0,1,CLEAR,none,nan,0.0,0.0,0,0,1,0,0.24414762236907872,0,0,1,1,0.0,0.6,"0.725,11.172;0.578,11.123;0.372,11.054;0.164,10.984;-0.045,10.915;-0.254,10.846;-0.463,10.777;-0.672,10.707;-0.881,10.638;-1.089,10.569;-1.298,10.499;-1.507,10.430;-1.716,10.361;-1.924,10.291;-2.133,10.222;-2.309,10.163;-2.350,10.150",-2.3499999999999996,10.15,2.0,-2.3499999999999996,10.15,2.0,-2.3499999999999996,10.15,2.0,3.9221938391358853,0.0,0.0,0,0,0,1,,,0,1,PASS_THROUGH,-1,0.9999108166626447,-0.004638519406387713,0.012523691898139205,0.655335974277843,0,0.9999188937910218,-0.004260860052216263,0.012002121118968,3.2406582256642325,0.6481316451328465,0,0,0,BYPASS_VISIBLE,1,0,1,1,1
1787562389444169728,1787562389460875008,joint_v2_000005_c2dc4fc3,1573,93,0.03333333333333333,3.1,16.70527458190918,frame_id_exact,1,,0.7062637805938721,11.166028022766113,1.9617793560028076,0.03125902680971831,0.044271513503577664,-0.8109746172009279,-0.5825659418390507,-0.576308012008667,-0.19583529233932495,0.015169644728302956,0.6034534608733012,0.001568541736074443,0.0809565611241664,1.8957656527000346,-0.006635983940213919,depth/001573.png,1.0,-0.0008815973195342511,0.10822703622169058,-0.9941258126700238,0.6034534608733012,0.001568541736074443,0.0809565611241664,-0.006635983940213919,0.9999215061723693,-0.004021605196908099,0.011866262495852719,3.2207237136420073,0.6441447427284015,0.6,0.0,0.03822064399719238,-0.003635658345739756,0.6,0.0,0.03822064399719238,-0.003635658345739756,goal_capture,TERMINAL_SETTLING,NONE,DIRECT_LOCAL,PASS_THROUGH,0,6,0,0,0,0,1,0.6,3.2207237136420073,inf,0.0,0,0,1,CLEAR,none,nan,0.0,0.0,0,0,1,0,0.2304378501933174,0,0,1,1,0.0,0.6,"0.706,11.166;0.553,11.114;0.344,11.044;0.136,10.975;-0.073,10.905;-0.282,10.836;-0.491,10.767;-0.700,10.698;-0.908,10.629;-1.117,10.559;-1.326,10.490;-1.535,10.421;-1.744,10.352;-1.952,10.282;-2.161,10.213;-2.325,10.158;-2.350,10.150",-2.3499999999999996,10.15,2.0,-2.3499999999999996,10.15,2.0,-2.3499999999999996,10.15,2.0,3.901761743633813,0.0,0.0,0,0,0,1,,,0,1,PASS_THROUGH,-1,0.9999108166626447,-0.004638519406387713,0.012523691898139205,0.655335974277843,0,0.9999215061723693,-0.004021605196908099,0.011866262495852719,3.220950489722486,0.6441900979444972,0,0,0,BYPASS_VISIBLE,1,0,1,1,1
1787562389490546688,1787562389505294592,joint_v2_000005_c2dc4fc3,1574,94,0.03333333333333333,3.1333333333333333,14.747858047485352,frame_id_exact,1,,0.6865370869636536,11.159323692321777,1.9621244668960571,0.02449459090128173,0.034200995259112126,-0.8113774772295597,-0.5830067721600329,-0.6061508059501648,-0.20606988668441772,0.005961076822131872,0.6374515012005807,0.0019366088976157264,0.059757554770476035,1.8954770850971974,-0.006174796726554632,depth/001574.png,1.0,-0.0001301049588469036,0.0840608592576306,-0.9964606138797301,0.6374515012005807,0.0019366088976157264,0.059757554770476035,-0.006174796726554632,0.9999228244739337,-0.0037764629536679735,0.011835684333008271,3.1998893412722533,0.6399778682544507,0.6,0.0,0.03787553310394287,-0.0024315243469263947,0.6,0.0,0.03787553310394287,-0.0024315243469263947,goal_capture,TERMINAL_SETTLING,NONE,DIRECT_LOCAL,PASS_THROUGH,0,6,0,0,0,0,1,0.6,3.1998893412722533,inf,0.0,0,0,1,CLEAR,none,nan,0.0,0.0,0,0,1,0,0.21639106005161104,0,0,1,1,0.0,0.6,"0.687,11.159;0.527,11.105;0.319,11.035;0.110,10.966;-0.099,10.897;-0.308,10.828;-0.516,10.758;-0.725,10.689;-0.934,10.620;-1.143,10.551;-1.352,10.482;-1.561,10.412;-1.769,10.343;-1.978,10.274;-2.187,10.204;-2.338,10.154;-2.350,10.150",-2.3499999999999996,10.15,2.0,-2.3499999999999996,10.15,2.0,-2.3499999999999996,10.15,2.0,3.880455989925931,0.0,0.0,0,0,0,1,,,0,1,PASS_THROUGH,-1,0.9999108166626447,-0.004638519406387713,0.012523691898139205,0.655335974277843,0,0.9999228244739337,-0.0037764629536679735,0.011835684333008271,3.200113490549309,0.6400226981098618,0,0,0,BYPASS_VISIBLE,1,0,1,1,1
1787562389541278720,1787562389556911872,joint_v2_000005_c2dc4fc3,1575,95,0.03333333333333333,3.1666666666666665,15.633106231689453,frame_id_exact,1,,0.6659628748893738,11.152331352233887,1.962218165397644,0.012592323001786424,0.016889879906796607,-0.811848809592838,-0.5834875111952652,-0.6262379884719849,-0.2127368450164795,0.00040989532135427,0.6607784738936027,0.002014901320279478,0.028264820160212437,1.8952253019427636,-0.0055402969010174274,depth/001575.png,1.0,0.0007360568956103,0.04211898420995614,-0.9991123307163053,0.6607784738936027,0.002014901320279478,0.028264820160212437,-0.0055402969010174274,0.9999229707800468,-0.0035705608196902458,0.01188711915640233,3.1781598767812147,0.6356319753562429,0.6,0.0,0.03778183460235596,-0.0017909229671264626,0.6,0.0,0.03778183460235596,-0.0017909229671264626,goal_capture,TERMINAL_SETTLING,NONE,DIRECT_LOCAL,PASS_THROUGH,0,6,0,0,0,0,1,0.6,3.1781598767812147,inf,0.0,0,0,1,CLEAR,none,nan,0.0,0.0,0,0,1,0,0.20459295558943796,0,0,1,1,0.0,0.6,"0.666,11.152;0.503,11.097;0.294,11.027;0.085,10.958;-0.123,10.888;-0.332,10.819;-0.541,10.750;-0.750,10.681;-0.959,10.612;-1.168,10.543;-1.376,10.473;-1.585,10.404;-1.794,10.335;-2.003,10.265;-2.212,10.196;-2.349,10.150;-2.350,10.150",-2.3499999999999996,10.15,2.0,-2.3499999999999996,10.15,2.0,-2.3499999999999996,10.15,2.0,3.85869674666285,0.0,0.0,0,0,0,1,,,0,1,PASS_THROUGH,-1,0.9999108166626447,-0.004638519406387713,0.012523691898139205,0.655335974277843,0,0.9999229707800468,-0.0035705608196902458,0.01188711915640233,3.1783844432994424,0.6356768886598885,0,0,0,BYPASS_VISIBLE,1,0,1,1,1
1787562389586621952,1787562389603333888,joint_v2_000005_c2dc4fc3,1576,96,0.03333333333333333,3.2,16.711950302124023,frame_id_exact,1,,0.6449452638626099,11.145197868347168,1.9622098207473755,-0.0016901618918757919,-0.003656381904387363,-0.8119614364751804,-0.5836971816801159,-0.6322630643844604,-0.2143784761428833,-0.00016215111827477813,0.6675941343799129,0.0017749366835910975,-0.005446214507573577,1.8950377801205371,-0.004850736353546381,depth/001576.png,1.0,0.0015237470702680043,-0.007910767672518502,-0.999967548448297,0.6675941343799129,0.0017749366835910975,-0.005446214507573577,-0.004850736353546381,0.9999224419500705,-0.003427683018361784,0.011973348476234996,3.155965134581785,0.631193026916357,0.6,0.0,0.03779017925262451,-0.0018167721909678747,0.6,0.0,0.03779017925262451,-0.0018167721909678747,goal_capture,TERMINAL_SETTLING,NONE,DIRECT_LOCAL,PASS_THROUGH,0,6,0,0,0,0,1,0.6,3.155965134581785,inf,0.0,0,0,1,CLEAR,none,nan,0.0,0.0,0,0,1,0,0.19640623409510966,0,0,1,1,0.0,0.6,"0.645,11.145;0.481,11.090;0.272,11.020;0.063,10.950;-0.146,10.881;-0.354,10.812;-0.563,10.743;-0.772,10.674;-0.981,10.604;-1.190,10.535;-1.399,10.466;-1.607,10.397;-1.816,10.327;-2.025,10.258;-2.230,10.190;-2.350,10.150",-2.3499999999999996,10.15,2.0,-2.3499999999999996,10.15,2.0,-2.3499999999999996,10.15,2.0,3.837002757784994,0.0,0.0,0,0,0,1,,,1,1,PASS_THROUGH,-1,0.9999941246350066,-0.0034279287429415583,0.0,0.631193026916357,0,0.9999224419500705,-0.003427683018361784,0.011973348476234996,3.156191380183364,0.6312382760366728,0,0,0,BYPASS_VISIBLE,1,0,1,1,1
1787562389637927936,1787562389654750976,joint_v2_000005_c2dc4fc3,1577,97,0.03333333333333333,3.2333333333333334,16.82305335998535,frame_id_exact,1,,0.6239842176437378,11.138100624084473,1.9622589349746704,-0.015141263406025828,-0.02282346099158593,-0.8116093752730472,-0.5835580979985875,-0.6229292750358582,-0.21061448752880096,0.0036116663832217455,0.6567818660098829,0.0012770747439133825,-0.032378044234602256,1.8949029533476849,-0.004205193370580673,depth/001577.png,0.9999967447916667,0.0020600483043711343,-0.05471908358293173,-0.9984996635416697,0.6567818660098829,0.0012770747439133825,-0.032378044234602256,-0.004205193370580673,0.9999219355201286,-0.0033328465276793256,0.012042217391446577,3.1338355046348805,0.6267671009269761,0.6,0.0,0.03774106502532959,-0.0017632084384944235,0.6,0.0,0.03774106502532959,-0.0017632084384944235,goal_capture,TERMINAL_SETTLING,NONE,DIRECT_LOCAL,PASS_THROUGH,0,6,0,0,0,0,1,0.6,3.1338355046348805,inf,0.0,0,0,1,CLEAR,none,nan,0.0,0.0,0,0,0,0,0.0,0,0,1,1,0.0,0.6,"0.645,11.145;0.481,11.090;0.272,11.020;0.063,10.950;-0.146,10.881;-0.354,10.812;-0.563,10.743;-0.772,10.674;-0.981,10.604;-1.190,10.535;-1.399,10.466;-1.607,10.397;-1.816,10.327;-2.025,10.258;-2.230,10.190;-2.350,10.150",-2.3499999999999996,10.15,2.0,-2.3499999999999996,10.15,2.0,-2.3499999999999996,10.15,2.0,3.8158757347884906,0.0,0.0,0,0,0,1,,,0,1,PASS_THROUGH,-1,0.9999224419500705,-0.003427683018361784,0.011973348476234996,0.631193026916357,0,0.9999219355201286,-0.0033328465276793256,0.012042217391446577,3.1340627559287006,0.6268125511857401,0,0,0,BYPASS_VISIBLE,1,0,1,1,1
1787562389681987072,1787562389697534464,joint_v2_000005_c2dc4fc3,1578,98,0.03333333333333333,3.2666666666666666,15.547513961791992,frame_id_exact,1,,0.6035640835762024,11.131208419799805,1.9624810218811035,-0.024804323407407895,-0.036402845377257624,-0.8110787625482456,-0.5832759375560995,-0.6004791259765625,-0.2023105025291443,0.009877053089439869,0.6320551179628395,0.0006453382549447249,-0.04591500561276914,1.8947833177937041,-0.003628517733886838,depth/001578.png,1.0,0.002229287664005569,-0.08798667954544356,-0.9961191567774804,0.6320551179628395,0.0006453382549447249,-0.04591500561276914,-0.003628517733886838,0.9999220760779001,-0.0032460427459452272,0.012054251472159673,3.1122838493423695,0.6224567698684739,0.6,0.0,0.037518978118896484,-0.0034320161177125996,0.6,0.0,0.037518978118896484,-0.0034320161177125996,goal_capture,TERMINAL_SETTLING,NONE,DIRECT_LOCAL,PASS_THROUGH,0,6,0,0,0,0,1,0.6,3.1122838493423695,inf,0.0,0,0,1,CLEAR,none,nan,0.0,0.0,0,0,0,0,0.18599838986113712,0,0,1,1,0.0,0.6,"0.604,11.131;0.446,11.078;0.237,11.008;0.028,10.939;-0.181,10.870;-0.390,10.800;-0.598,10.731;-0.807,10.662;-1.016,10.593;-1.225,10.524;-1.434,10.454;-1.642,10.385;-1.851,10.316;-2.060,10.246;-2.258,10.181;-2.350,10.150",-2.3499999999999996,10.15,2.0,-2.3499999999999996,10.15,2.0,-2.3499999999999996,10.15,2.0,3.7956827972273013,0.0,0.0,0,0,0,1,,,0,1,PASS_THROUGH,-1,0.9999224419500705,-0.003427683018361784,0.011973348476234996,0.631193026916357,0,0.9999220760779001,-0.0032460427459452272,0.012054251472159673,3.11250998915609,0.6225019978312181,0,0,0,BYPASS_VISIBLE,1,0,1,1,1
1787562389730060288,1787562389746753536,joint_v2_000005_c2dc4fc3,1579,99,0.03333333333333333,3.3,16.693115234375,frame_id_exact,1,,0.5840397477149963,11.12464427947998,1.9629261493682861,-0.028626516678356285,-0.04151343185029138,-0.8107933942923616,-0.583156264898823,-0.5702648758888245,-0.1914074867963791,0.01678650639951229,0.6001629154716913,2.1863454900369473e-05,-0.04387614255848317,1.8946467957507498,-0.003177295671775937,depth/001579.png,1.0,0.0019972544730727307,-0.100705097723673,-0.99491431503775,0.6001629154716913,2.1863454900369473e-05,-0.04387614255848317,-0.003177295671775937,0.9999232004741856,-0.0031334521917409375,0.011990605940638884,3.091685739640193,0.6183371479280386,0.6,0.0,0.03707385063171387,-0.0032432993719733183,0.6,0.0,0.03707385063171387,-0.0032432993719733183,goal_capture,TERMINAL_SETTLING,NONE,DIRECT_LOCAL,PASS_THROUGH,0,6,0,0,0,0,1,0.6,3.091685739640193,inf,0.0,0,0,1,CLEAR,none,nan,0.0,0.0,0,0,0,0,0.0,0,0,1,1,0.0,0.6,"0.604,11.131;0.446,11.078;0.237,11.008;0.028,10.939;-0.181,10.870;-0.390,10.800;-0.598,10.731;-0.807,10.662;-1.016,10.593;-1.225,10.524;-1.434,10.454;-1.642,10.385;-1.851,10.316;-2.060,10.246;-2.258,10.181;-2.350,10.150",-2.3499999999999996,10.15,2.0,-2.3499999999999996,10.15,2.0,-2.3499999999999996,10.15,2.0,3.7765703506518893,0.0,0.0,0,0,0,1,,,0,1,PASS_THROUGH,-1,0.9999224419500705,-0.003427683018361784,0.011973348476234996,0.631193026916357,0,0.9999232004741856,-0.0031334521917409375,0.011990605940638884,3.0919080165967405,0.6183816033193481,0,0,0,BYPASS_VISIBLE,1,0,1,1,1
1787562389775671040,1787562389792918528,joint_v2_000005_c2dc4fc3,1580,100,0.03333333333333333,3.3333333333333335,17.247438430786133,frame_id_exact,1,,0.5655542016029358,11.118449211120605,1.9635952711105347,-0.025899566843949656,-0.03721940153070248,-0.8109560740568238,-0.5833473875293653,-0.5393710136413574,-0.18042337894439697,0.023212146013975143,0.5685117480199071,-0.000471593117130941,-0.02840175544001739,1.8944898131326462,-0.0028445683419704437,depth/001580.png,1.0,0.001416859201600118,-0.09058348880128644,-0.9958878571739842,0.5685117480199071,-0.000471593117130941,-0.02840175544001739,-0.0028445683419704437,0.9999253186629395,-0.0029933037364853884,0.011848933688719364,3.072189801591798,0.6144379603183596,0.6,0.0,0.03640472888946533,-0.003492626430019463,0.6,0.0,0.03640472888946533,-0.003492626430019463,goal_capture,TERMINAL_SETTLING,NONE,DIRECT_LOCAL,PASS_THROUGH,0,6,0,0,0,0,1,0.6,3.072189801591798,inf,0.0,0,0,1,CLEAR,none,nan,0.0,0.0,0,0,0,0,0.0,0,0,1,1,0.0,0.6,"0.604,11.131;0.446,11.078;0.237,11.008;0.028,10.939;-0.181,10.870;-0.390,10.800;-0.598,10.731;-0.807,10.662;-1.016,10.593;-1.225,10.524;-1.434,10.454;-1.642,10.385;-1.851,10.316;-2.060,10.246;-2.258,10.181;-2.350,10.150",-2.3499999999999996,10.15,2.0,-2.3499999999999996,10.15,2.0,-2.3499999999999996,10.15,2.0,3.7584371461868784,0.0,0.0,0,0,0,1,,,0,1,PASS_THROUGH,-1,0.9999224419500705,-0.003427683018361784,0.011973348476234996,0.631193026916357,0,0.9999253186629395,-0.0029933037364853884,0.011848933688719364,3.0724054877717832,0.6144810975543566,0,0,0,BYPASS_VISIBLE,1,0,1,1,1
1787562389821633792,1787562389838394880,joint_v2_000005_c2dc4fc3,1581,101,0.03333333333333333,3.3666666666666667,16.761064529418945,frame_id_exact,1,,0.5480104088783264,11.112587928771973,1.9644615650177002,-0.017373288295005788,-0.024674507016901194,-0.8113902148217493,-0.583725326543921,-0.5148292183876038,-0.17182126641273499,0.028569575399160385,0.5434790668839374,-0.0007535963957387937,-0.004222355644951693,1.8943373897672962,-0.002609225222840905,depth/001581.png,1.0,0.0006132370878119756,-0.060323763864416305,-0.998178675114583,0.5434790668839374,-0.0007535963957387937,-0.004222355644951693,-0.002609225222840905,0.9999282214891928,-0.0028514095630318985,0.01163706719770262,3.0536928219099964,0.6107385643819992,0.6,0.0,0.035538434982299805,-0.005305300835241056,0.6,0.0,0.035538434982299805,-0.005305300835241056,goal_capture,TERMINAL_SETTLING,NONE,DIRECT_LOCAL,PASS_THROUGH,0,6,0,0,0,0,1,0.6,3.0536928219099964,inf,0.0,0,0,1,CLEAR,none,nan,0.0,0.0,0,0,0,0,0.16338501832484542,0,0,1,1,0.0,0.6,"0.548,11.113;0.407,11.066;0.204,10.998;-0.005,10.928;-0.214,10.859;-0.423,10.790;-0.631,10.720;-0.840,10.651;-1.049,10.582;-1.258,10.513;-1.467,10.443;-1.675,10.374;-1.884,10.305;-2.093,10.235;-2.283,10.172;-2.350,10.150",-2.3499999999999996,10.15,2.0,-2.3499999999999996,10.15,2.0,-2.3499999999999996,10.15,2.0,3.7409637117024186,0.0,0.0,0,0,0,1,,,0,1,PASS_THROUGH,-1,0.9999224419500705,-0.003427683018361784,0.011973348476234996,0.631193026916357,0,0.9999282214891928,-0.0028514095630318985,0.01163706719770262,3.053899610489125,0.610779922097825,0,0,0,BYPASS_VISIBLE,1,0,1,1,1
1787562389868782336,1787562389884427776,joint_v2_000005_c2dc4fc3,1582,102,0.03333333333333333,3.4,15.645503997802734,frame_id_exact,1,,0.531100869178772,11.106947898864746,1.9654796123504639,-0.005038365902942795,-0.006793824226739471,-0.8117020093268336,-0.5840105366140114,-0.5020042657852173,-0.167447030544281,0.03220360726118088,0.5296628893176194,-0.0007856557539449907,0.023248003140756195,1.8942179358937554,-0.0025718198157846928,depth/001582.png,1.0,-0.00024397358964616672,-0.016914039100986218,-0.9998569176428085,0.5296628893176194,-0.0007856557539449907,0.023248003140756195,-0.0025718198157846928,0.9999316060417114,-0.0027393013818215028,0.011370112874695937,3.0358675036180887,0.6071735007236178,0.6,0.0,0.03452038764953613,-0.005470811629229022,0.6,0.0,0.03452038764953613,-0.005470811629229022,goal_capture,TERMINAL_SETTLING,NONE,DIRECT_LOCAL,PASS_THROUGH,0,6,0,0,0,0,1,0.6,3.0358675036180887,inf,0.0,0,0,1,CLEAR,none,nan,0.0,0.0,0,0,1,0,0.15696075053444938,0,0,1,1,0.0,0.6,"0.531,11.107;0.393,11.061;0.191,10.994;-0.018,10.924;-0.227,10.855;-0.436,10.786;-0.644,10.716;-0.853,10.647;-1.062,10.578;-1.271,10.508;-1.480,10.439;-1.688,10.370;-1.897,10.300;-2.106,10.231;-2.293,10.169;-2.350,10.150",-2.3499999999999996,10.15,2.0,-2.3499999999999996,10.15,2.0,-2.3499999999999996,10.15,2.0,3.7236916350385307,0.0,0.0,0,0,0,1,,,1,1,PASS_THROUGH,-1,0.9999962476218249,-0.0027394784667027342,0.0,0.6071735007236178,0,0.9999316060417114,-0.0027393013818215028,0.011370112874695937,3.0360637603133105,0.6072127520626621,0,0,0,BYPASS_VISIBLE,1,0,1,1,1
1787562389918536448,1787562389935652608,joint_v2_000005_c2dc4fc3,1583,103,0.03333333333333333,3.433333333333333,17.116069793701172,frame_id_exact,1,,0.5143835544586182,11.101369857788086,1.9665762186050415,0.008326518822206,0.01240662561397738,-0.8116110345827248,-0.5840070832350728,-0.5034592747688293,-0.16814184188842773,0.033090025186538696,0.5295693963101823,-0.000569097371180168,0.04892648292168093,1.8941338972182298,-0.002744730096310377,depth/001583.png,1.0,-0.0009753253636906652,0.029864200442198348,-0.999553489450356,0.5295693963101823,-0.000569097371180168,0.04892648292168093,-0.002744730096310377,0.9999351430898756,-0.0026632763234782243,0.011073236792123221,3.0182441507208635,0.6036488301441727,0.6,0.0,0.033423781394958496,-0.00512537282370884,0.6,0.0,0.033423781394958496,-0.00512537282370884,goal_capture,TERMINAL_SETTLING,NONE,DIRECT_LOCAL,PASS_THROUGH,0,6,0,0,0,0,1,0.6,3.0182441507208635,inf,0.0,0,0,1,CLEAR,none,nan,0.0,0.0,0,0,1,0,0.15260402960669675,0,0,1,1,0.0,0.6,"0.514,11.101;0.376,11.055;0.174,10.988;-0.035,10.918;-0.244,10.849;-0.453,10.780;-0.662,10.711;-0.870,10.641;-1.079,10.572;-1.288,10.503;-1.497,10.433;-1.706,10.364;-1.914,10.295;-2.123,10.225;-2.304,10.165;-2.350,10.150",-2.3499999999999996,10.15,2.0,-2.3499999999999996,10.15,2.0,-2.3499999999999996,10.15,2.0,3.7061309368150335,0.0,0.0,0,0,0,1,,,0,1,PASS_THROUGH,-1,0.9999316060417114,-0.0027393013818215028,0.011370112874695937,0.6071735007236178,0,0.9999351430898756,-0.0026632763234782243,0.011073236792123221,3.018429211116843,0.6036858422233686,0,0,0,BYPASS_VISIBLE,1,0,1,1,1
1787562389968062464,1787562389985284608,joint_v2_000005_c2dc4fc3,1584,104,0.03333333333333333,3.466666666666667,17.222166061401367,frame_id_exact,1,,0.4973852038383484,11.095686912536621,1.9676426649093628,0.019742701286303246,0.028655911528300392,-0.8111781092746907,-0.5837629137877296,-0.5184761881828308,-0.17358770966529846,0.030285554006695747,0.5433337334451162,-0.00014711756990770826,0.06823414026678279,1.8940596011531867,-0.003009089035913348,depth/001584.png,1.0,-0.0014268226192111141,0.06954020992400534,-0.997578128960804,0.5433337334451162,-0.00014711756990770826,0.06823414026678279,-0.003009089035913348,0.999938468874692,-0.002600743858492011,0.010783997214343139,3.0003210220875696,0.600064204417514,0.6,0.0,0.03235733509063721,-0.0043411498938916715,0.6,0.0,0.03235733509063721,-0.0043411498938916715,goal_capture,TERMINAL_SETTLING,NONE,DIRECT_LOCAL,PASS_THROUGH,0,6,0,0,0,0,1,0.6,3.0003210220875696,inf,0.0,0,0,1,CLEAR,none,nan,0.0,0.0,0,0,1,0,0.1490204800789627,0,0,1,1,0.0,0.6,"0.497,11.096;0.356,11.048;0.152,10.980;-0.057,10.911;-0.266,10.842;-0.474,10.773;-0.683,10.703;-0.892,10.634;-1.101,10.565;-1.310,10.495;-1.518,10.426;-1.727,10.357;-1.936,10.287;-2.145,10.218;-2.316,10.161;-2.350,10.150",-2.3499999999999996,10.15,2.0,-2.3499999999999996,10.15,2.0,-2.3499999999999996,10.15,2.0,3.6878702482571653,0.0,0.0,0,0,0,1,,,0,1,PASS_THROUGH,-1,0.9999316060417114,-0.0027393013818215028,0.011370112874695937,0.6071735007236178,0,0.999938468874692,-0.002600743858492011,0.010783997214343139,3.000495497866105,0.600099099573221,0,0,0,BYPASS_VISIBLE,1,0,1,1,1
1787562390022188288,1787562390038988288,joint_v2_000005_c2dc4fc3,1585,105,0.03333333333333333,3.5,16.8001651763916,frame_id_exact,1,,0.4797080159187317,11.089759826660156,1.9685523509979248,0.026676959130893272,0.03835372820824368,-0.8107485032768798,-0.5835273736666998,-0.5433667898178101,-0.18243059515953064,0.023810792714357376,0.5684501712940341,0.0003950519215088915,0.0771983864249874,1.8939606278338106,-0.0032185104209929705,depth/001585.png,1.0,-0.0015042912086652913,0.09332392727797169,-0.9956346627681136,0.5684501712940341,0.0003950519215088915,0.0771983864249874,-0.0032185104209929705,0.9999412109391047,-0.00251962357955785,0.01054638149577198,2.9816767073509243,0.5963353414701849,0.6,0.0,0.031447649002075195,-0.0032374674904023237,0.6,0.0,0.031447649002075195,-0.0032374674904023237,goal_capture,TERMINAL_SETTLING,NONE,DIRECT_LOCAL,PASS_THROUGH,0,6,0,0,0,0,1,0.6,2.9816767073509243,inf,0.0,0,0,1,CLEAR,none,nan,0.0,0.0,0,0,1,0,0.14437197903060442,0,0,1,1,0.0,0.6,"0.480,11.090;0.333,11.041;0.127,10.972;-0.082,10.902;-0.291,10.833;-0.499,10.764;-0.708,10.695;-0.917,10.625;-1.126,10.556;-1.335,10.487;-1.544,10.418;-1.752,10.348;-1.961,10.279;-2.170,10.210;-2.329,10.157;-2.350,10.150",-2.3499999999999996,10.15,2.0,-2.3499999999999996,10.15,2.0,-2.3499999999999996,10.15,2.0,3.6686643392203147,0.0,0.0,0,0,0,1,,,0,1,PASS_THROUGH,-1,0.9999316060417114,-0.0027393013818215028,0.011370112874695937,0.6071735007236178,0,0.9999412109391047,-0.00251962357955785,0.01054638149577198,2.9818425414140846,0.596368508282817,0,0,0,BYPASS_VISIBLE,1,0,1,1,1
1787562390067225600,1787562390082512896,joint_v2_000005_c2dc4fc3,1586,106,0.03333333333333333,3.533333333333333,15.287160873413086,frame_id_exact,1,,0.4611136317253113,11.083512306213379,1.9692038297653198,0.027630126591038823,0.03940946415543029,-0.8106573167415367,-0.5835393603288102,-0.5724701285362244,-0.19264255464076996,0.01513778604567051,0.5997600017768349,0.0009376350006594467,0.07313969920928415,1.8938218069384463,-0.0032589088659733534,depth/001586.png,1.0,-0.001196818441280896,0.09614167372640348,-0.99536694047909,0.5997600017768349,0.0009376350006594467,0.07313969920928415,-0.0032589088659733534,0.9999430672367893,-0.0024039569902759472,0.010396310685567442,2.9620609508117295,0.5924121901623459,0.6,0.0,0.030796170234680176,-0.00207293613142312,0.6,0.0,0.030796170234680176,-0.00207293613142312,goal_capture,TERMINAL_SETTLING,NONE,DIRECT_LOCAL,PASS_THROUGH,0,6,0,0,0,0,1,0.6,2.9620609508117295,inf,0.0,0,0,1,CLEAR,none,nan,0.0,0.0,0,0,1,0,0.13774416647351642,0,0,1,1,0.0,0.6,"0.461,11.084;0.309,11.032;0.100,10.963;-0.109,10.893;-0.318,10.824;-0.526,10.755;-0.735,10.686;-0.944,10.616;-1.153,10.547;-1.362,10.478;-1.571,10.409;-1.779,10.339;-1.988,10.270;-2.197,10.201;-2.343,10.152;-2.350,10.150",-2.3499999999999996,10.15,2.0,-2.3499999999999996,10.15,2.0,-2.3499999999999996,10.15,2.0,3.648477634139021,0.0,0.0,0,0,0,1,,,0,1,PASS_THROUGH,-1,0.9999316060417114,-0.0027393013818215028,0.011370112874695937,0.6071735007236178,0,0.9999430672367893,-0.0024039569902759472,0.010396310685567442,2.962221038414387,0.5924442076828774,0,0,0,BYPASS_VISIBLE,1,0,1,1,1
1787562390113677824,1787562390130406400,joint_v2_000005_c2dc4fc3,1587,107,0.03333333333333333,3.566666666666667,16.728639602661133,frame_id_exact,1,,0.44156724214553833,11.076930046081543,1.9695643186569214,0.022490610916492078,0.031736477896322904,-0.8109467554439694,-0.5838255974400557,-0.5994464755058289,-0.20198358595371246,0.006784536875784397,0.6301180634381811,0.0013486716064272084,0.0559364205640144,1.8936601841119978,-0.003095948835834861,depth/001587.png,1.0,-0.0005797604355637434,0.07773437626871027,-0.9969739367826783,0.6301180634381811,0.0013486716064272084,0.0559364205640144,-0.003095948835834861,0.9999438911512873,-0.0022718039202973875,0.010346664011658829,2.94143621004243,0.588287242008486,0.6,0.0,0.030435681343078613,-0.001094310165710155,0.6,0.0,0.030435681343078613,-0.001094310165710155,goal_capture,TERMINAL_SETTLING,NONE,DIRECT_LOCAL,PASS_THROUGH,0,6,0,0,0,0,1,0.6,2.94143621004243,inf,0.0,0,0,1,CLEAR,none,nan,0.0,0.0,0,0,1,0,0.13017185635201392,0,0,1,1,0.0,0.6,"0.442,11.077;0.284,11.024;0.075,10.954;-0.134,10.885;-0.343,10.816;-0.551,10.746;-0.760,10.677;-0.969,10.608;-1.178,10.539;-1.387,10.470;-1.596,10.400;-1.804,10.331;-2.013,10.262;-2.221,10.193;-2.350,10.150",-2.3499999999999996,10.15,2.0,-2.3499999999999996,10.15,2.0,-2.3499999999999996,10.15,2.0,3.627487567153193,0.0,0.0,0,0,0,1,,,0,1,PASS_THROUGH,-1,0.9999316060417114,-0.0027393013818215028,0.011370112874695937,0.6071735007236178,0,0.9999438911512873,-0.0022718039202973875,0.010346664011658829,2.9415936681410626,0.5883187336282125,0,0,0,BYPASS_VISIBLE,1,0,1,1,1
1787562390159055360,1787562390174744832,joint_v2_000005_c2dc4fc3,1588,108,0.03333333333333333,3.6,15.689373016357422,frame_id_exact,1,,0.4212390184402466,11.07007884979248,1.969688057899475,0.012530859971421926,0.017228951895073088,-0.8113419617442673,-0.5841835001760473,-0.6185183525085449,-0.20843860507011414,0.0012462576851248741,0.6520483554651401,0.0015184789876172239,0.029048132271250596,1.893514137587601,-0.0027739470824599266,depth/001588.png,1.0,0.00020388617825527894,0.04259778653533479,-0.9990922815299478,0.6520483554651401,0.0015184789876172239,0.029048132271250596,-0.0027739470824599266,0.999943793183865,-0.0021586812999912475,0.010380297110838918,2.919984723788998,0.5839969447577996,0.6,0.0,0.030311942100524902,-0.0005411613351569144,0.6,0.0,0.030311942100524902,-0.0005411613351569144,goal_capture,TERMINAL_SETTLING,NONE,DIRECT_LOCAL,PASS_THROUGH,0,6,0,0,0,0,1,0.6,2.919984723788998,inf,0.0,0,0,1,CLEAR,none,nan,0.0,0.0,0,0,1,0,0.12369008789076422,0,0,1,1,0.0,0.6,"0.421,11.070;0.260,11.016;0.051,10.946;-0.158,10.877;-0.367,10.807;-0.576,10.738;-0.784,10.669;-0.993,10.600;-1.202,10.531;-1.411,10.461;-1.620,10.392;-1.829,10.323;-2.037,10.254;-2.240,10.186;-2.350,10.150",-2.3499999999999996,10.15,2.0,-2.3499999999999996,10.15,2.0,-2.3499999999999996,10.15,2.0,3.606045009732096,0.0,0.0,0,0,0,1,,,1,1,PASS_THROUGH,-1,0.999997669793727,-0.0021587976089588092,0.0,0.5839969447577996,0,0.999943793183865,-0.0021586812999912475,0.010380297110838918,2.920142051509655,0.584028410301931,0,0,0,BYPASS_VISIBLE,1,0,1,1,1
1787562390209277952,1787562390225913856,joint_v2_000005_c2dc4fc3,1589,109,0.03333333333333333,3.6333333333333333,16.635894775390625,frame_id_exact,1,,0.40046724677085876,11.063081741333008,1.9696959257125854,7.24894127198251e-05,-0.0007350163159262064,-0.8114944973188387,-0.5843595941862731,-0.6255638003349304,-0.21059833467006683,-0.00011199942673556507,0.6600598961483043,0.001399688333978946,-0.0008448481611288277,1.893411471462045,-0.0023782867938280106,depth/001589.png,1.0,0.0009766771912618796,-0.0011082036240278466,-0.9999989089926007,0.6600598961483043,0.001399688333978946,-0.0008448481611288277,-0.0023782867938280106,0.9999431516317181,-0.002088986238239592,0.010456081547273021,2.8980663108208864,0.5796132621641773,0.6,0.0,0.03030407428741455,-0.0005067179069229155,0.6,0.0,0.03030407428741455,-0.0005067179069229155,goal_capture,TERMINAL_SETTLING,NONE,DIRECT_LOCAL,PASS_THROUGH,0,6,0,0,0,0,1,0.6,2.8980663108208864,inf,0.0,0,0,1,CLEAR,none,nan,0.0,0.0,0,0,1,0,0.11969672535247806,0,0,1,1,0.0,0.6,"0.400,11.063;0.237,11.008;0.029,10.939;-0.180,10.869;-0.389,10.800;-0.598,10.731;-0.807,10.662;-1.015,10.592;-1.224,10.523;-1.433,10.454;-1.642,10.385;-1.851,10.316;-2.060,10.246;-2.257,10.181;-2.350,10.150",-2.3499999999999996,10.15,2.0,-2.3499999999999996,10.15,2.0,-2.3499999999999996,10.15,2.0,3.5845998936632797,0.0,0.0,0,0,0,1,,,0,1,PASS_THROUGH,-1,0.999943793183865,-0.0021586812999912475,0.010380297110838918,0.5839969447577996,0,0.9999431516317181,-0.002088986238239592,0.010456081547273021,2.8982247460874047,0.5796449492174809,0,0,0,BYPASS_VISIBLE,1,0,1,1,1
1787562390257174272,1787562390274022656,joint_v2_000005_c2dc4fc3,1590,110,0.03333333333333333,3.6666666666666665,16.848325729370117,frame_id_exact,1,,0.37968677282333374,11.056092262268066,1.9697271585464478,-0.012061301186124949,-0.018088260484860594,-0.8112756045402255,-0.584259559891168,-0.6190438270568848,-0.20797725021839142,0.0024643144570291042,0.6525362037419286,0.001024117085326877,-0.025909906631420433,1.8933514791973876,-0.0019896088633686304,depth/001590.png,1.0,0.0015663993975323955,-0.043442989965313074,-0.9990546796926588,0.6525362037419286,0.001024117085326877,-0.025909906631420433,-0.0019896088633686304,0.9999424916471853,-0.0020589947174113232,0.010524919912875946,2.8761420454262554,0.5752284090852511,0.6,0.0,0.030272841453552246,-0.0010429555394519952,0.6,0.0,0.030272841453552246,-0.0010429555394519952,goal_capture,TERMINAL_SETTLING,NONE,DIRECT_LOCAL,PASS_THROUGH,0,6,0,0,0,0,1,0.6,2.8761420454262554,inf,0.0,0,0,1,CLEAR,none,nan,0.0,0.0,0,0,0,0,0.11797832535576967,0,0,1,1,0.0,0.6,"0.380,11.056;0.218,11.002;0.009,10.932;-0.200,10.863;-0.408,10.794;-0.617,10.724;-0.826,10.655;-1.035,10.586;-1.244,10.517;-1.453,10.448;-1.661,10.378;-1.870,10.309;-2.079,10.240;-2.272,10.176;-2.350,10.150",-2.3499999999999996,10.15,2.0,-2.3499999999999996,10.15,2.0,-2.3499999999999996,10.15,2.0,3.5636014598940204,0.0,0.0,0,0,0,1,,,0,1,PASS_THROUGH,-1,0.999943793183865,-0.0021586812999912475,0.010380297110838918,0.5839969447577996,0,0.9999424916471853,-0.0020589947174113232,0.010524919912875946,2.8763013594542555,0.575260271890851,0,0,0,BYPASS_VISIBLE,1,0,1,1,1
1787562390306233600,1787562390325061888,joint_v2_000005_c2dc4fc3,1591,111,0.03333333333333333,3.7,18.828153610229492,frame_id_exact,1,,0.3593323230743408,11.049263000488281,1.9698909521102905,-0.02117736177162131,-0.030982283140842143,-0.8108723677953199,-0.5840185105163929,-0.6005190014839172,-0.2011825293302536,0.007567242719233036,0.6321068828009379,0.0004905782210463976,-0.03994236425177683,1.893306525332619,-0.001661038608290255,depth/001591.png,1.0,0.0018441787377982272,-0.07498129713729754,-0.9971832349595491,0.6321068828009379,0.0004905782210463976,-0.03994236425177683,-0.001661038608290255,0.9999423046777721,-0.0020382468620164544,0.010546699267313529,2.854672587338623,0.5709345174677246,0.6,0.0,0.030109047889709473,-0.001076832858371013,0.6,0.0,0.030109047889709473,-0.001076832858371013,goal_capture,TERMINAL_SETTLING,NONE,DIRECT_LOCAL,PASS_THROUGH,0,6,0,0,0,0,1,0.6,2.854672587338623,inf,0.0,0,0,1,CLEAR,none,nan,0.0,0.0,0,0,0,0,0.0,0,0,1,1,0.0,0.6,"0.380,11.056;0.218,11.002;0.009,10.932;-0.200,10.863;-0.408,10.794;-0.617,10.724;-0.826,10.655;-1.035,10.586;-1.244,10.517;-1.453,10.448;-1.661,10.378;-1.870,10.309;-2.079,10.240;-2.272,10.176;-2.350,10.150",-2.3499999999999996,10.15,2.0,-2.3499999999999996,10.15,2.0,-2.3499999999999996,10.15,2.0,3.5433938983963764,0.0,0.0,0,0,0,1,,,0,1,PASS_THROUGH,-1,0.999943793183865,-0.0021586812999912475,0.010380297110838918,0.5839969447577996,0,0.9999423046777721,-0.0020382468620164544,0.010546699267313529,2.854831367290792,0.5709662734581584,0,0,0,BYPASS_VISIBLE,1,0,1,1,1
1787562390353066752,1787562390371243520,joint_v2_000005_c2dc4fc3,1592,112,0.03333333333333333,3.7333333333333334,18.176794052124023,frame_id_exact,1,,0.33973756432533264,11.042709350585938,1.9702436923980713,-0.025307626899566067,-0.03663612369223448,-0.8106193378149317,-0.5838780759901859,-0.5743836760520935,-0.19180618226528168,0.013583976775407791,0.6043706681334455,-7.318771405853064e-05,-0.04033402334041054,1.8932474637673156,-0.0013811293756589293,depth/001592.png,1.0,0.001752355308333474,-0.0889490376590023,-0.9960346369230393,0.6043706681334455,-7.318771405853064e-05,-0.04033402334041054,-0.0013811293756589293,0.9999428906345977,-0.0019958971516993245,0.010499136339942615,2.83401096496932,0.566802192993864,0.6,0.0,0.02975630760192871,-0.0015185106557158434,0.6,0.0,0.02975630760192871,-0.0015185106557158434,goal_capture,TERMINAL_SETTLING,NONE,DIRECT_LOCAL,PASS_THROUGH,0,6,0,0,0,0,1,0.6,2.83401096496932,inf,0.0,0,0,1,CLEAR,none,nan,0.0,0.0,0,0,0,0,0.0,0,0,1,1,0.0,0.6,"0.380,11.056;0.218,11.002;0.009,10.932;-0.200,10.863;-0.408,10.794;-0.617,10.724;-0.826,10.655;-1.035,10.586;-1.244,10.517;-1.453,10.448;-1.661,10.378;-1.870,10.309;-2.079,10.240;-2.272,10.176;-2.350,10.150",-2.3499999999999996,10.15,2.0,-2.3499999999999996,10.15,2.0,-2.3499999999999996,10.15,2.0,3.524135407323986,0.0,0.0,0,0,0,1,,,0,1,PASS_THROUGH,-1,0.999943793183865,-0.0021586812999912475,0.010380297110838918,0.5839969447577996,0,0.9999428906345977,-0.0019958971516993245,0.010499136339942615,2.8341671770395687,0.5668334354079138,0,0,0,BYPASS_VISIBLE,1,0,1,1,1
1787562390403642880,1787562390420027904,joint_v2_000005_c2dc4fc3,1593,113,0.03333333333333333,3.7666666666666666,16.38507843017578,frame_id_exact,1,,0.32105669379234314,11.036480903625488,1.970794677734375,-0.02363656349265854,-0.033939581762576256,-0.8107132738251398,-0.5839806549019949,-0.5467674732208252,-0.18202771246433258,0.01937372423708439,0.5759011711106173,-0.0005483356939364947,-0.028313239120318634,1.8931670923497197,-0.001141639775596559,depth/001593.png,1.0,0.0013151668274002035,-0.08263713054213905,-0.9965788353120778,0.5759011711106173,-0.0005483356939364947,-0.028313239120318634,-0.001141639775596559,0.9999443060043622,-0.001925098649687608,0.010376843674421743,2.814319145716339,0.5628638291432677,0.6,0.0,0.029205322265625,-0.003316094764904687,0.6,0.0,0.029205322265625,-0.003316094764904687,goal_capture,TERMINAL_SETTLING,NONE,DIRECT_LOCAL,PASS_THROUGH,0,6,0,0,0,0,1,0.6,2.814319145716339,inf,0.0,0,0,1,CLEAR,none,nan,0.0,0.0,0,0,1,0,0.11030603488491617,0,0,1,1,0.0,0.6,"0.321,11.036;0.174,10.987;-0.033,10.919;-0.242,10.849;-0.450,10.780;-0.659,10.711;-0.868,10.642;-1.077,10.572;-1.286,10.503;-1.494,10.434;-1.703,10.365;-1.912,10.295;-2.121,10.226;-2.302,10.166;-2.350,10.150",-2.3499999999999996,10.15,2.0,-2.3499999999999996,10.15,2.0,-2.3499999999999996,10.15,2.0,3.5057653846122205,0.0,0.0,0,0,0,1,,,0,1,PASS_THROUGH,-1,0.999943793183865,-0.0021586812999912475,0.010380297110838918,0.5839969447577996,0,0.9999443060043622,-0.001925098649687608,0.010376843674421743,2.814470679327497,0.5628941358654994,0,0,0,BYPASS_VISIBLE,1,0,1,1,1
1787562390450277376,1787562390465768448,joint_v2_000005_c2dc4fc3,1594,114,0.03333333333333333,3.8,15.491008758544922,frame_id_exact,1,,0.30323201417922974,11.030553817749023,1.971524715423584,-0.01665094320051788,-0.02365444441034439,-0.8110538386593739,-0.5842558379221088,-0.5239956974983215,-0.1740678995847702,0.024261385202407837,0.5526297234774689,-0.0008470775573679994,-0.0077078313016017835,1.8930824300694018,-0.0010376564459875226,depth/001594.png,1.0,0.0006308716789369499,-0.057826877424353204,-0.9983264267003421,0.5526297234774689,-0.0008470775573679994,-0.0077078313016017835,-0.0010376564459875226,0.9999464260470623,-0.0018443013990656265,0.010185459638937234,2.7955348588450746,0.5591069717690149,0.6,0.0,0.028475284576416016,-0.0039098174491769555,0.6,0.0,0.028475284576416016,-0.0039098174491769555,goal_capture,TERMINAL_SETTLING,NONE,DIRECT_LOCAL,PASS_THROUGH,0,6,0,0,0,0,1,0.6,2.7955348588450746,inf,0.0,0,0,1,CLEAR,none,nan,0.0,0.0,0,0,1,0,0.10567622798612361,0,0,1,1,0.0,0.6,"0.303,11.031;0.160,10.983;-0.044,10.915;-0.253,10.846;-0.461,10.777;-0.670,10.707;-0.879,10.638;-1.088,10.569;-1.297,10.499;-1.505,10.430;-1.714,10.361;-1.923,10.292;-2.132,10.222;-2.309,10.164;-2.350,10.150",-2.3499999999999996,10.15,2.0,-2.3499999999999996,10.15,2.0,-2.3499999999999996,10.15,2.0,3.4880242073977197,0.0,0.0,0,0,0,1,,,1,1,PASS_THROUGH,-1,0.9999982990982706,-0.0018443970737321788,0.0,0.5591069717690149,0,0.9999464260470623,-0.0018443013990656265,0.010185459638937234,2.795679879537294,0.5591359759074588,0,0,0,BYPASS_VISIBLE,1,0,1,1,1
1787562390501090816,1787562390517979904,joint_v2_000005_c2dc4fc3,1595,115,0.03333333333333333,3.8333333333333335,16.889095306396484,frame_id_exact,1,,0.2860127389431,11.0248384475708,1.9723939895629883,-0.005991394197573715,-0.00818746463747965,-0.8113379771996732,-0.5844893115976734,-0.5111085772514343,-0.16967086493968964,0.027609271928668022,0.5389837542819456,-0.0009195730904592016,0.01667690172872893,1.893015918696585,-0.0011234334670007229,depth/001595.png,1.0,-0.00015112015834908323,-0.020289413734833502,-0.9997941372367586,0.5389837542819456,-0.0009195730904592016,0.01667690172872893,-0.0011234334670007229,0.9999490256328238,-0.0017780175236744105,0.00993905376037355,2.7773918465384733,0.5554783693076947,0.6,0.0,0.02760601043701172,-0.004043289423749652,0.6,0.0,0.02760601043701172,-0.004043289423749652,goal_capture,TERMINAL_SETTLING,NONE,DIRECT_LOCAL,PASS_THROUGH,0,6,0,0,0,0,1,0.6,2.7773918465384733,inf,0.0,0,0,1,CLEAR,none,nan,0.0,0.0,0,0,1,0,0.10187798581013574,0,0,1,1,0.0,0.6,"0.286,11.025;0.146,10.978;-0.057,10.911;-0.266,10.842;-0.475,10.772;-0.683,10.703;-0.892,10.634;-1.101,10.564;-1.310,10.495;-1.519,10.426;-1.728,10.357;-1.936,10.287;-2.145,10.218;-2.316,10.161;-2.350,10.150",-2.3499999999999996,10.15,2.0,-2.3499999999999996,10.15,2.0,-2.3499999999999996,10.15,2.0,3.470517231293139,0.0,0.0,0,0,0,1,,,0,1,PASS_THROUGH,-1,0.9999464260470623,-0.0018443013990656265,0.010185459638937234,0.5591069717690149,0,0.9999490256328238,-0.0017780175236744105,0.00993905376037355,2.777529038737604,0.5555058077475208,0,0,0,BYPASS_VISIBLE,1,0,1,1,1
1787562390550493184,1787562390567240960,joint_v2_000005_c2dc4fc3,1596,116,0.03333333333333333,3.8666666666666667,16.747713088989258,frame_id_exact,1,,0.26901739835739136,11.019195556640625,1.973337173461914,0.005927084568146106,0.00896359545977556,-0.8113177167789902,-0.584506703182677,-0.5107679963111877,-0.1697273552417755,0.028553472831845284,0.5374920705771675,-0.0007564131908253302,0.04010391364476044,1.8929747874646665,-0.001359722693450749,depth/001596.png,1.0,-0.0008610658237446743,0.02147348892593526,-0.9997690472499111,0.5374920705771675,-0.0007564131908253302,0.04010391364476044,-0.001359722693450749,0.9999518137732571,-0.0017377483446137307,0.009661799121499368,2.759484199734168,0.5518968399468336,0.6,0.0,0.026662826538085938,-0.003823066334018854,0.6,0.0,0.026662826538085938,-0.003823066334018854,goal_capture,TERMINAL_SETTLING,NONE,DIRECT_LOCAL,PASS_THROUGH,0,6,0,0,0,0,1,0.6,2.759484199734168,inf,0.0,0,0,1,CLEAR,none,nan,0.0,0.0,0,0,1,0,0.099570343690152,0,0,1,1,0.0,0.6,"0.269,11.019;0.129,10.973;-0.074,10.905;-0.283,10.836;-0.492,10.767;-0.700,10.697;-0.909,10.628;-1.118,10.559;-1.327,10.489;-1.536,10.420;-1.744,10.351;-1.953,10.282;-2.162,10.212;-2.325,10.158;-2.350,10.150",-2.3499999999999996,10.15,2.0,-2.3499999999999996,10.15,2.0,-2.3499999999999996,10.15,2.0,3.4528085907710535,0.0,0.0,0,0,0,1,,,0,1,PASS_THROUGH,-1,0.9999464260470623,-0.0018443013990656265,0.010185459638937234,0.5591069717690149,0,0.9999518137732571,-0.0017377483446137307,0.009661799121499368,2.759613008177328,0.5519226016354656,0,0,0,BYPASS_VISIBLE,1,0,1,1,1
1787562390599207936,1787562390615806720,joint_v2_000005_c2dc4fc3,1597,117,0.03333333333333333,3.9,16.598939895629883,frame_id_exact,1,,0.2518236041069031,11.013477325439453,1.9742599725723267,0.01643446571001348,0.023960470520680847,-0.8110039902416704,-0.5843186904432741,-0.5227363705635071,-0.17410172522068024,0.026300977915525436,0.5485099451709907,-0.0003899049538770655,0.058250779365448965,1.8929429011508294,-0.0016627560835331678,depth/001597.png,1.0,-0.001344266977476135,0.0580700053643001,-0.998311608378508,0.5485099451709907,-0.0003899049538770655,0.058250779365448965,-0.0016627560835331678,0.9999544594659716,-0.001710015657090864,0.00938908092248313,2.7413644701928823,0.5482728940385765,0.6,0.0,0.02574002742767334,-0.003187957237269501,0.6,0.0,0.02574002742767334,-0.003187957237269501,goal_capture,TERMINAL_SETTLING,NONE,DIRECT_LOCAL,PASS_THROUGH,0,6,0,0,0,0,1,0.6,2.7413644701928823,inf,0.0,0,0,1,CLEAR,none,nan,0.0,0.0,0,0,1,0,0.09798104665362305,0,0,1,1,0.0,0.6,"0.252,11.013;0.109,10.966;-0.095,10.898;-0.304,10.829;-0.512,10.760;-0.721,10.690;-0.930,10.621;-1.139,10.552;-1.348,10.482;-1.556,10.413;-1.765,10.344;-1.974,10.275;-2.183,10.205;-2.336,10.155;-2.350,10.150",-2.3499999999999996,10.15,2.0,-2.3499999999999996,10.15,2.0,-2.3499999999999996,10.15,2.0,3.43451921909272,0.0,0.0,0,0,0,1,,,0,1,PASS_THROUGH,-1,0.9999464260470623,-0.0018443013990656265,0.010185459638937234,0.5591069717690149,0,0.9999544594659716,-0.001710015657090864,0.00938908092248313,2.7414853104563375,0.5482970620912675,0,0,0,BYPASS_VISIBLE,1,0,1,1,1
1787562390644099328,1787562390660775680,joint_v2_000005_c2dc4fc3,1598,118,0.03333333333333333,3.933333333333333,16.67642593383789,frame_id_exact,1,,0.2340637445449829,11.007554054260254,1.9750523567199707,0.023186867975597606,0.03345991847982622,-0.8106529187839996,-0.5841101336869511,-0.5440487861633301,-0.18170413374900818,0.020813772454857826,0.5699965787603957,0.0001068726579001489,0.06739863389381186,1.8928926748486923,-0.0019189121667295694,depth/001598.png,1.0,-0.0014955505090566562,0.08133613026190763,-0.9966856060176111,0.5699965787603957,0.0001068726579001489,0.06739863389381186,-0.0019189121667295694,0.9999566276483074,-0.0016699867017042945,0.00916263972010371,2.7226429056800736,0.5445285811360148,0.6,0.0,0.024947643280029297,-0.0022804492543615495,0.6,0.0,0.024947643280029297,-0.0022804492543615495,goal_capture,TERMINAL_SETTLING,NONE,DIRECT_LOCAL,PASS_THROUGH,0,6,0,0,0,0,1,0.6,2.7226429056800736,inf,0.0,0,0,1,CLEAR,none,nan,0.0,0.0,0,0,1,0,0.09568725107528994,0,0,1,1,0.0,0.6,"0.234,11.008;0.087,10.959;-0.119,10.890;-0.328,10.821;-0.537,10.751;-0.745,10.682;-0.954,10.613;-1.163,10.544;-1.372,10.474;-1.581,10.405;-1.789,10.336;-1.998,10.267;-2.207,10.197;-2.347,10.151;-2.350,10.150",-2.3499999999999996,10.15,2.0,-2.3499999999999996,10.15,2.0,-2.3499999999999996,10.15,2.0,3.4154087170518044,0.0,0.0,0,0,0,1,,,0,1,PASS_THROUGH,-1,0.9999464260470623,-0.0018443013990656265,0.010185459638937234,0.5591069717690149,0,0.9999566276483074,-0.0016699867017042945,0.00916263972010371,2.722757201212635,0.544551440242527,0,0,0,BYPASS_VISIBLE,1,0,1,1,1
1787562390691031040,1787562390706885120,joint_v2_000005_c2dc4fc3,1599,119,0.03333333333333333,3.966666666666667,15.854120254516602,frame_id_exact,1,,0.21550391614437103,11.001346588134766,1.9756226539611816,0.024706296848565623,0.035385227358930536,-0.8105463920380538,-0.5840822124794427,-0.5698164701461792,-0.19078262150287628,0.013252727687358856,0.5975256470070199,0.0006266136930211818,0.06501662581708109,1.89280791855955,-0.0020298208110034466,depth/001599.png,1.0,-0.001284564227332502,0.08622375378542294,-0.9962749691615747,0.5975256470070199,0.0006266136930211818,0.06501662581708109,-0.0020298208110034466,0.9999580533725309,-0.0016021431345623074,0.0090180171210108,2.7030725770649977,0.5406145154129995,0.6,0.0,0.02437734603881836,-0.0012932610316340742,0.6,0.0,0.02437734603881836,-0.0012932610316340742,goal_capture,TERMINAL_SETTLING,NONE,DIRECT_LOCAL,PASS_THROUGH,0,6,0,0,0,0,1,0.6,2.7030725770649977,inf,0.0,0,0,1,CLEAR,none,nan,0.0,0.0,0,0,1,0,0.09179981192971774,0,0,1,1,0.0,0.6,"0.216,11.001;0.064,10.951;-0.145,10.881;-0.354,10.812;-0.563,10.742;-0.772,10.673;-0.980,10.604;-1.189,10.535;-1.398,10.466;-1.607,10.396;-1.816,10.327;-2.025,10.258;-2.230,10.190;-2.350,10.150",-2.3499999999999996,10.15,2.0,-2.3499999999999996,10.15,2.0,-2.3499999999999996,10.15,2.0,3.3954221239233524,0.0,0.0,0,0,0,1,,,0,1,PASS_THROUGH,-1,0.9999464260470623,-0.0018443013990656265,0.010185459638937234,0.5591069717690149,0,0.9999580533725309,-0.0016021431345623074,0.0090180171210108,2.7031824969618135,0.5406364993923627,0,0,0,BYPASS_VISIBLE,1,0,1,1,1
1787562390738031616,1787562390753969408,joint_v2_000005_c2dc4fc3,1600,120,0.03333333333333333,4.0,15.93780517578125,frame_id_exact,1,,0.1960897147655487,10.994839668273926,1.975935459136963,0.020728751932955303,0.029416549954794226,-0.8107530706512472,-0.5842811342681131,-0.5943624377250671,-0.19932883977890015,0.005721201188862324,0.6248601658412429,0.0010464594065350543,0.05079472370921078,1.892698754583747,-0.001958412118256092,depth/001600.png,1.0,-0.0007632717868605865,0.0719219537903294,-0.9974099708641182,0.6248601658412429,0.0010464594065350543,0.05079472370921078,-0.001958412118256092,0.9999586176326871,-0.0015157814516559979,0.008970252433242107,2.6825970440459574,0.5365194088091915,0.6,0.0,0.02406454086303711,-0.0004302462092464765,0.6,0.0,0.02406454086303711,-0.0004302462092464765,goal_capture,TERMINAL_SETTLING,NONE,DIRECT_LOCAL,PASS_THROUGH,0,6,0,0,0,0,1,0.6,2.6825970440459574,inf,0.0,0,0,1,CLEAR,none,nan,0.0,0.0,0,0,1,0,0.08685140744181338,0,0,1,1,0.0,0.6,"0.196,10.995;0.039,10.942;-0.169,10.873;-0.378,10.803;-0.587,10.734;-0.796,10.665;-1.005,10.596;-1.214,10.527;-1.422,10.457;-1.631,10.388;-1.840,10.319;-2.049,10.250;-2.249,10.183;-2.350,10.150",-2.3499999999999996,10.15,2.0,-2.3499999999999996,10.15,2.0,-2.3499999999999996,10.15,2.0,3.374696416659357,0.0,0.0,0,0,0,1,,,1,1,PASS_THROUGH,-1,0.9999988511101895,-0.0015158424393387356,0.0,0.5365194088091915,0,0.9999586176326871,-0.0015157814516559979,0.008970252433242107,2.6827049787203694,0.5365409957440739,0,0,0,BYPASS_VISIBLE,1,0,1,1,1
1787562390789514752,1787562390805316864,joint_v2_000005_c2dc4fc3,1601,121,0.03333333333333333,4.033333333333333,15.802145004272461,frame_id_exact,1,,0.17595291137695312,10.988082885742188,1.9760291576385498,0.012246032870933272,0.017036551427847896,-0.8110775599502138,-0.5845622142591647,-0.6123723983764648,-0.2054845094680786,0.0004147339495830238,0.645341348258774,0.0012589936610698496,0.027513071283275403,1.89259572729379,-0.001735063036903739,depth/001601.png,1.0,-5.2883531952457874e-05,0.04195306530597694,-0.9991195811887407,0.645341348258774,0.0012589936610698496,0.027513071283275403,-0.001735063036903739,0.9999584033056538,-0.001439510575013344,0.009006634649638816,2.661356991060698,0.5322713982121396,0.6,0.0,0.023970842361450195,0.00011635320628755608,0.6,0.0,0.023970842361450195,0.00011635320628755608,goal_capture,TERMINAL_SETTLING,NONE,DIRECT_LOCAL,PASS_THROUGH,0,6,0,0,0,0,1,0.6,2.6613569910606985,inf,0.0,0,0,1,CLEAR,none,nan,0.0,0.0,0,0,1,0,0.0824812544856033,0,0,1,1,0.0,0.6,"0.176,10.988;0.016,10.934;-0.193,10.865;-0.402,10.795;-0.611,10.726;-0.820,10.657;-1.028,10.588;-1.237,10.519;-1.446,10.450;-1.655,10.380;-1.864,10.311;-2.073,10.242;-2.268,10.177;-2.350,10.150",-2.3499999999999996,10.15,2.0,-2.3499999999999996,10.15,2.0,-2.3499999999999996,10.15,2.0,3.3535297959527353,0.0,0.0,0,0,0,1,,,0,1,PASS_THROUGH,-1,0.9999586176326871,-0.0015157814516559979,0.008970252433242107,0.5365194088091915,0,0.9999584033056538,-0.001439510575013344,0.009006634649638816,2.6614649415596614,0.5322929883119323,0,0,0,BYPASS_VISIBLE,1,0,1,1,1
1787562390839487488,1787562390855446528,joint_v2_000005_c2dc4fc3,1602,122,0.03333333333333333,4.066666666666666,15.959024429321289,frame_id_exact,1,,0.1553819328546524,10.981180191040039,1.9760041236877441,0.0012439379388921494,0.001140248387908894,-0.8112351751911367,-0.5847175754025389,-0.6199279427528381,-0.20790232717990875,-0.0013294131495058537,0.6538605739280898,0.0012079608866630658,0.0008305930624156505,1.892525722882658,-0.0014294441789388657,depth/001602.png,1.0,0.0006848058780986644,0.0033047239526138644,-0.9999943049040361,0.6538605739280898,0.0012079608866630658,0.0008305930624156505,-0.0014294441789388657,0.9999577074156261,-0.0013973637503949569,0.00909014601831217,2.639658905891416,0.5279317811782832,0.6,0.0,0.02399587631225586,0.00021183765746002337,0.6,0.0,0.02399587631225586,0.00021183765746002337,goal_capture,TERMINAL_SETTLING,NONE,DIRECT_LOCAL,PASS_THROUGH,0,6,0,0,0,0,1,0.6,2.639658905891416,inf,0.0,0,0,1,CLEAR,none,nan,0.0,0.0,0,0,1,0,0.08006637944093838,0,0,1,1,0.0,0.6,"0.155,10.981;-0.007,10.927;-0.215,10.857;-0.424,10.788;-0.633,10.719;-0.842,10.650;-1.051,10.580;-1.259,10.511;-1.468,10.442;-1.677,10.373;-1.886,10.304;-2.095,10.235;-2.284,10.172;-2.350,10.150",-2.3499999999999996,10.15,2.0,-2.3499999999999996,10.15,2.0,-2.3499999999999996,10.15,2.0,3.3323179087074797,0.0,0.0,0,0,0,1,,,0,1,PASS_THROUGH,-1,0.9999586176326871,-0.0015157814516559979,0.008970252433242107,0.5365194088091915,0,0.9999577074156261,-0.0013973637503949569,0.00909014601831217,2.6397679711542565,0.5279535942308513,0,0,0,BYPASS_VISIBLE,1,0,1,1,1
1787562390886237440,1787562390902134528,joint_v2_000005_c2dc4fc3,1603,123,0.03333333333333333,4.1,15.897035598754883,frame_id_exact,1,,0.13476014137268066,10.974268913269043,1.9759820699691772,-0.009770165479878449,-0.01465251106451818,-0.8110938854930301,-0.5846507989405466,-0.6153679490089417,-0.20604278147220612,0.0004806584329344332,0.6485605613143526,0.0009087795619970226,-0.022359425845125125,1.8924925632516578,-0.001113025937229395,depth/001603.png,1.0,0.001284161638742537,-0.0351933943702839,-0.9993796955719999,0.6485605613143526,0.0009087795619970226,-0.022359425845125125,-0.001113025937229395,0.9999569517991208,-0.0013895226366492125,0.00917408172261095,2.6179098917907986,0.5235819783581597,0.6,0.0,0.024017930030822754,-0.0002579142748881935,0.6,0.0,0.024017930030822754,-0.0002579142748881935,goal_capture,TERMINAL_SETTLING,NONE,DIRECT_LOCAL,PASS_THROUGH,0,6,0,0,0,0,1,0.6,2.6179098917907986,inf,0.0,0,0,1,CLEAR,none,nan,0.0,0.0,0,0,1,0,0.07961715875026978,0,0,1,1,0.0,0.6,"0.135,10.974;-0.026,10.920;-0.235,10.851;-0.444,10.782;-0.653,10.712;-0.861,10.643;-1.070,10.574;-1.279,10.505;-1.488,10.436;-1.697,10.367;-1.906,10.297;-2.114,10.228;-2.299,10.167;-2.350,10.150",-2.3499999999999996,10.15,2.0,-2.3499999999999996,10.15,2.0,-2.3499999999999996,10.15,2.0,3.311465995300034,0.0,0.0,0,0,0,1,,,0,1,PASS_THROUGH,-1,0.9999586176326871,-0.0015157814516559979,0.008970252433242107,0.5365194088091915,0,0.9999569517991208,-0.0013895226366492125,0.00917408172261095,2.618020065335458,0.5236040130670916,0,0,0,BYPASS_VISIBLE,1,0,1,1,1
1787562390930676736,1787562390947362816,joint_v2_000005_c2dc4fc3,1604,124,0.03333333333333333,4.133333333333334,16.686201095581055,frame_id_exact,1,,0.11448103934526443,10.967486381530762,1.976065754890442,-0.018334222399441574,-0.026813899561409442,-0.8107781444909773,-0.5844515989327829,-0.5997858047485352,-0.20033906400203705,0.0047613028436899185,0.6313349164262166,0.00044172718136035706,-0.036296698555502944,1.8924762734201805,-0.0008398829959332943,depth/001604.png,1.0,0.0016128793091692815,-0.0649111786590197,-0.9978897421586369,0.6313349164262166,0.00044172718136035706,-0.036296698555502944,-0.0008398829959332943,0.9999565479405702,-0.001393464765777194,0.009217401299972398,2.596526675634312,0.5193053351268624,0.6,0.0,0.023934245109558105,-0.00032532247646654966,0.6,0.0,0.023934245109558105,-0.00032532247646654966,goal_capture,TERMINAL_SETTLING,NONE,DIRECT_LOCAL,PASS_THROUGH,0,6,0,0,0,0,1,0.6,2.596526675634312,inf,0.0,0,0,1,CLEAR,none,nan,0.0,0.0,0,0,0,0,0.0,0,0,1,1,0.0,0.6,"0.135,10.974;-0.026,10.920;-0.235,10.851;-0.444,10.782;-0.653,10.712;-0.861,10.643;-1.070,10.574;-1.279,10.505;-1.488,10.436;-1.697,10.367;-1.906,10.297;-2.114,10.228;-2.299,10.167;-2.350,10.150",-2.3499999999999996,10.15,2.0,-2.3499999999999996,10.15,2.0,-2.3499999999999996,10.15,2.0,3.291295017980617,0.0,0.0,0,0,0,1,,,0,1,PASS_THROUGH,-1,0.9999586176326871,-0.0015157814516559979,0.008970252433242107,0.5365194088091915,0,0.9999565479405702,-0.001393464765777194,0.009217401299972398,2.5966369837483128,0.5193273967496626,0,0,0,BYPASS_VISIBLE,1,0,1,1,1
1787562390984660480,1787562391010409728,joint_v2_000005_c2dc4fc3,1605,125,0.03333333333333333,4.166666666666667,25.74944496154785,frame_id_exact,1,,0.09485684335231781,10.96094036102295,1.9763132333755493,-0.022578872296268662,-0.03269133421686613,-0.8105550481912345,-0.584313259343527,-0.5768649578094482,-0.19212767481803894,0.010109280236065388,0.6069020082238097,-7.793002145981362e-05,-0.038188569850059785,1.8924510216157988,-0.0006074800621718168,depth/001605.png,1.0,0.0016011222526796862,-0.07938252089064338,-0.9968429423858999,0.6069020082238097,-7.793002145981362e-05,-0.038188569850059785,-0.0006074800621718168,0.9999567672534442,-0.0013816747700069799,0.009195357462944004,2.57583952404312,0.5151679048086241,0.6,0.0,0.023686766624450684,-0.0017642146921303947,0.6,0.0,0.023686766624450684,-0.0017642146921303947,goal_capture,TERMINAL_SETTLING,NONE,DIRECT_LOCAL,PASS_THROUGH,0,6,0,0,0,0,1,0.6,2.57583952404312,inf,0.0,0,0,1,CLEAR,none,nan,0.0,0.0,0,0,1,0,0.07916750523007704,0,0,1,1,0.0,0.6,"0.095,10.961;-0.058,10.910;-0.267,10.840;-0.476,10.771;-0.685,10.702;-0.894,10.633;-1.102,10.563;-1.311,10.494;-1.520,10.425;-1.729,10.356;-1.938,10.287;-2.147,10.217;-2.317,10.161;-2.350,10.150",-2.3499999999999996,10.15,2.0,-2.3499999999999996,10.15,2.0,-2.3499999999999996,10.15,2.0,3.2719666621096066,0.0,0.0,0,0,0,1,,,0,1,PASS_THROUGH,-1,0.9999586176326871,-0.0015157814516559979,0.008970252433242107,0.5365194088091915,0,0.9999567672534442,-0.0013816747700069799,0.009195357462944004,2.5759484304884306,0.5151896860976861,0,0,0,BYPASS_VISIBLE,1,0,1,1,1
1787562391046277888,1787562391063057920,joint_v2_000005_c2dc4fc3,1606,126,0.03333333333333333,4.2,16.77989959716797,frame_id_exact,1,,0.07604547590017319,10.954683303833008,1.9767398834228516,-0.02163652579767646,-0.031087369287260903,-0.8106050813969242,-0.5843670406822152,-0.5519799590110779,-0.18332232534885406,0.015418551862239838,0.5811245884937355,-0.0005353744849773164,-0.028646254290190788,1.8924061928028106,-0.00045802805107086897,depth/001606.png,1.0,0.0012555124752393274,-0.07568650412509793,-0.9971308724444079,0.5811245884937355,-0.0005353744849773164,-0.028646254290190788,-0.00045802805107086897,0.9999576938994882,-0.0013433361408540937,0.009099772482331047,2.556014841624222,0.5112029683248445,0.6,0.0,0.023260116577148438,-0.002536339565768486,0.6,0.0,0.023260116577148438,-0.002536339565768486,goal_capture,TERMINAL_SETTLING,NONE,DIRECT_LOCAL,PASS_THROUGH,0,6,0,0,0,0,1,0.6,2.5560148416242225,inf,0.0,0,0,1,CLEAR,none,nan,0.0,0.0,0,0,1,0,0.07697070136744408,0,0,1,1,0.0,0.6,"0.076,10.955;-0.072,10.905;-0.279,10.837;-0.488,10.767;-0.697,10.698;-0.906,10.629;-1.115,10.560;-1.323,10.490;-1.532,10.421;-1.741,10.352;-1.950,10.283;-2.159,10.213;-2.323,10.159;-2.350,10.150",-2.3499999999999996,10.15,2.0,-2.3499999999999996,10.15,2.0,-2.3499999999999996,10.15,2.0,3.253448298488863,0.0,0.0,0,0,0,1,,,1,1,PASS_THROUGH,-1,0.9999990976488794,-0.001343391762360188,0.0,0.5112029683248445,0,0.9999576938994882,-0.0013433361408540937,0.009099772482331047,2.55612067469955,0.51122413493991,0,0,0,BYPASS_VISIBLE,1,0,1,1,1
1787562391101939712,1787562391118586880,joint_v2_000005_c2dc4fc3,1607,127,0.03333333333333333,4.233333333333333,16.6471004486084,frame_id_exact,1,,0.05801601707935333,10.948702812194824,1.9773322343826294,-0.0158107638800805,-0.022492142488251574,-0.8108733028453566,-0.584575581088091,-0.5308542251586914,-0.1759369969367981,0.01996932551264763,0.5595011305334188,-0.000840279495967596,-0.010797596195393996,1.892352008361366,-0.00043889079825021327,depth/001607.png,1.0,0.0006556618740737284,-0.054961728700323176,-0.9984882465436331,0.5595011305334188,-0.000840279495967596,-0.010797596195393996,-0.00043889079825021327,0.9999592558650516,-0.0012893008930272814,0.008934445311239545,2.537019377284815,0.507403875456963,0.6,0.0,0.022667765617370605,-0.003007736707649755,0.6,0.0,0.022667765617370605,-0.003007736707649755,goal_capture,TERMINAL_SETTLING,NONE,DIRECT_LOCAL,PASS_THROUGH,0,6,0,0,0,0,1,0.6,2.537019377284815,inf,0.0,0,0,1,CLEAR,none,nan,0.0,0.0,0,0,1,0,0.07387446870887399,0,0,1,1,0.0,0.6,"0.058,10.949;-0.086,10.901;-0.291,10.833;-0.500,10.764;-0.709,10.694;-0.917,10.625;-1.126,10.556;-1.335,10.486;-1.544,10.417;-1.753,10.348;-1.962,10.279;-2.170,10.210;-2.330,10.157;-2.350,10.150",-2.3499999999999996,10.15,2.0,-2.3499999999999996,10.15,2.0,-2.3499999999999996,10.15,2.0,3.2355247105699343,0.0,0.0,0,0,0,1,,,0,1,PASS_THROUGH,-1,0.9999576938994882,-0.0013433361408540937,0.009099772482331047,0.5112029683248445,0,0.9999592558650516,-0.0012893008930272814,0.008934445311239545,2.5371206412618053,0.507424128252361,0,0,0,BYPASS_VISIBLE,1,0,1,1,1
1787562391150008832,1787562391165552128,joint_v2_000005_c2dc4fc3,1608,128,0.03333333333333333,4.266666666666667,15.543222427368164,frame_id_exact,1,,0.04056011512875557,10.942922592163086,1.9780548810958862,-0.0064762622414695145,-0.008927672213131465,-0.8111231557819024,-0.5847713919564145,-0.5182053446769714,-0.17161037027835846,0.023132458329200745,0.5462583871477309,-0.0009380214868597081,0.011086192026859384,1.8923078109289468,-0.0005538272671401501,depth/001608.png,1.0,-6.479791993687853e-05,-0.022057149089840983,-0.9997567093924692,0.5462583871477309,-0.0009380214868597081,0.011086192026859384,-0.0005538272671401501,0.9999612723353706,-0.0012414746242431231,0.008712782000270288,2.5186313547653287,0.5037262709530658,0.6,0.0,0.02194511890411377,-0.003150982980457684,0.6,0.0,0.02194511890411377,-0.003150982980457684,goal_capture,TERMINAL_SETTLING,NONE,DIRECT_LOCAL,PASS_THROUGH,0,6,0,0,0,0,1,0.6,2.5186313547653287,inf,0.0,0,0,1,CLEAR,none,nan,0.0,0.0,0,0,0,0,0.07113397464777445,0,0,1,1,0.0,0.6,"0.041,10.943;-0.101,10.896;-0.305,10.828;-0.514,10.759;-0.722,10.690;-0.931,10.621;-1.140,10.551;-1.349,10.482;-1.558,10.413;-1.766,10.344;-1.975,10.274;-2.184,10.205;-2.336,10.154;-2.350,10.150",-2.3499999999999996,10.15,2.0,-2.3499999999999996,10.15,2.0,-2.3499999999999996,10.15,2.0,3.217851770403439,0.0,0.0,0,0,0,1,,,0,1,PASS_THROUGH,-1,0.9999576938994882,-0.0013433361408540937,0.009099772482331047,0.5112029683248445,0,0.9999612723353706,-0.0012414746242431231,0.008712782000270288,2.5187269580982274,0.5037453916196455,0,0,0,BYPASS_VISIBLE,1,0,1,1,1
1787562391195986432,1787562391211656192,joint_v2_000005_c2dc4fc3,1609,129,0.03333333333333333,4.3,15.669584274291992,frame_id_exact,1,,0.02334403619170189,10.937219619750977,1.9788494110107422,0.0042424556478438576,0.006522893929608897,-0.8111388218986197,-0.5848019023855672,-0.5167022943496704,-0.17124459147453308,0.024149494245648384,0.5438982269529885,-0.0008132048802016966,0.03260715539620323,1.8922831537201956,-0.0007802267209626734,depth/001609.png,1.0,-0.000746760605890677,0.015543937262156202,-0.9998789068497183,0.5438982269529885,-0.0008132048802016966,0.03260715539620323,-0.0007802267209626734,0.9999634913683284,-0.0012140075337484196,0.008458257277429684,2.50049527970912,0.5000990559418239,0.6,0.0,0.021150588989257812,-0.0030050292643135634,0.6,0.0,0.021150588989257812,-0.0030050292643135634,goal_capture,TERMINAL_SETTLING,NONE,DIRECT_LOCAL,PASS_THROUGH,0,6,0,0,0,0,1,0.6,2.50049527970912,inf,0.0,0,0,1,CLEAR,none,nan,0.0,0.0,0,0,1,0,0.06956001334768,0,0,1,1,0.0,0.6,"0.023,10.937;-0.118,10.890;-0.321,10.823;-0.530,10.754;-0.739,10.684;-0.948,10.615;-1.157,10.546;-1.366,10.476;-1.574,10.407;-1.783,10.338;-1.992,10.269;-2.201,10.199;-2.345,10.152;-2.350,10.150",-2.3499999999999996,10.15,2.0,-2.3499999999999996,10.15,2.0,-2.3499999999999996,10.15,2.0,3.2000386236387572,0.0,0.0,0,0,0,1,,,0,1,PASS_THROUGH,-1,0.9999576938994882,-0.0013433361408540937,0.009099772482331047,0.5112029683248445,0,0.9999634913683284,-0.0012140075337484196,0.008458257277429684,2.500584729870632,0.5001169459741264,0,0,0,BYPASS_VISIBLE,1,0,1,1,1
1787562391239923456,1787562391255625728,joint_v2_000005_c2dc4fc3,1610,130,0.03333333333333333,4.333333333333333,15.702247619628906,frame_id_exact,1,,0.005987496580928564,10.931462287902832,1.979631781578064,0.01393386823938385,0.02038585758129428,-0.8109044268441538,-0.5846573993811394,-0.5264269113540649,-0.17482437193393707,0.022339340299367905,0.552918347252175,-0.0004909566259920611,0.04968863429801242,1.8922682152450263,-0.0010596602223813534,depth/001610.png,1.0,-0.0012394140785085585,0.049355042651687206,-0.9987805282531254,0.552918347252175,-0.0004909566259920611,0.04968863429801242,-0.0010596602223813534,0.999965616032327,-0.0011991882405634423,0.00820540679383833,2.4822087727385056,0.4964417545477011,0.6,0.0,0.020368218421936035,-0.0025755388001780233,0.6,0.0,0.020368218421936035,-0.0025755388001780233,goal_capture,TERMINAL_SETTLING,NONE,DIRECT_LOCAL,PASS_THROUGH,0,6,0,0,0,0,1,0.6,2.4822087727385056,inf,0.0,0,0,1,CLEAR,none,nan,0.0,0.0,0,0,1,0,0.06871075463670759,0,0,1,1,0.0,0.6,"0.006,10.931;-0.137,10.884;-0.342,10.816;-0.551,10.747;-0.759,10.677;-0.968,10.608;-1.177,10.539;-1.386,10.470;-1.595,10.400;-1.803,10.331;-2.012,10.262;-2.220,10.193;-2.350,10.150",-2.3499999999999996,10.15,2.0,-2.3499999999999996,10.15,2.0,-2.3499999999999996,10.15,2.0,3.1817360685422686,0.0,0.0,0,0,0,1,,,0,1,PASS_THROUGH,-1,0.9999576938994882,-0.0013433361408540937,0.009099772482331047,0.5112029683248445,0,0.999965616032327,-0.0011991882405634423,0.00820540679383833,2.4822923389040383,0.49645846778080766,0,0,0,BYPASS_VISIBLE,1,0,1,1,1
1787562391286632192,1787562391302183680,joint_v2_000005_c2dc4fc3,1611,131,0.03333333333333333,4.366666666666666,15.551328659057617,frame_id_exact,1,,-0.01184962410479784,10.925532341003418,1.9803045988082886,0.02042712388486872,0.029556974363281283,-0.8106136381670835,-0.5844780983867618,-0.544952929019928,-0.18145453929901123,0.017639528959989548,0.5716199759385677,-3.531057479549921e-05,0.05883196004468956,1.8922398702645757,-0.0013065766543149948,depth/001611.png,1.0,-0.0014337979206275053,0.07179698609113906,-0.9974182357525612,0.5716199759385677,-3.531057479549921e-05,0.05883196004468956,-0.0013065766543149948,0.9999673485699636,-0.001176053772823914,0.007994916602455507,2.4634117788630294,0.4926823557726059,0.6,0.0,0.019695401191711426,-0.0019214545799961513,0.6,0.0,0.019695401191711426,-0.0019214545799961513,goal_capture,TERMINAL_SETTLING,NONE,DIRECT_LOCAL,PASS_THROUGH,0,6,0,0,0,0,1,0.6,2.4634117788630294,inf,0.0,0,0,1,CLEAR,none,nan,0.0,0.0,0,0,1,0,0.06738508681485485,0,0,1,1,0.0,0.6,"-0.012,10.926;-0.159,10.877;-0.365,10.808;-0.574,10.739;-0.783,10.670;-0.992,10.600;-1.200,10.531;-1.409,10.462;-1.618,10.393;-1.827,10.323;-2.036,10.254;-2.239,10.187;-2.350,10.150",-2.3499999999999996,10.15,2.0,-2.3499999999999996,10.15,2.0,-2.3499999999999996,10.15,2.0,3.1627124328238443,0.0,0.0,0,0,0,1,,,0,1,PASS_THROUGH,-1,0.9999576938994882,-0.0013433361408540937,0.009099772482331047,0.5112029683248445,0,0.9999673485699636,-0.001176053772823914,0.007994916602455507,2.463490511666164,0.49269810233323275,0,0,0,BYPASS_VISIBLE,1,0,1,1,1
1787562391331312640,1787562391350500864,joint_v2_000005_c2dc4fc3,1612,132,0.03333333333333333,4.4,19.18816566467285,frame_id_exact,1,,-0.03039330057799816,10.919349670410156,1.98078453540802,0.022289246384935662,0.03201354399191705,-0.8105035393492553,-0.5844333453859382,-0.5680053234100342,-0.1896008849143982,0.010998507961630821,0.5961348361714265,0.00045622049982699877,0.05764164402204741,1.892182403190522,-0.0014418743085116148,depth/001612.png,1.0,-0.0012885390568760646,0.07794733908688246,-0.9969566449933385,0.5961348361714265,0.00045622049982699877,0.05764164402204741,-0.0014418743085116148,0.999968450501491,-0.001131012894764102,0.007862493973225674,2.4438645943185247,0.48877291886370494,0.6,0.0,0.01921546459197998,-0.0011094607714889904,0.6,0.0,0.01921546459197998,-0.0011094607714889904,goal_capture,TERMINAL_SETTLING,NONE,DIRECT_LOCAL,PASS_THROUGH,0,6,0,0,0,0,1,0.6,2.4438645943185247,inf,0.0,0,0,1,CLEAR,none,nan,0.0,0.0,0,0,1,0,0.06480428235428592,0,0,1,1,0.0,0.6,"-0.030,10.919;-0.182,10.869;-0.391,10.799;-0.599,10.730;-0.808,10.661;-1.017,10.592;-1.226,10.523;-1.435,10.453;-1.644,10.384;-1.852,10.315;-2.061,10.246;-2.259,10.180;-2.350,10.150",-2.3499999999999996,10.15,2.0,-2.3499999999999996,10.15,2.0,-2.3499999999999996,10.15,2.0,3.142900788609137,0.0,0.0,0,0,0,1,,,1,1,PASS_THROUGH,-1,0.9999993603651699,-0.001131047855321575,0.0,0.48877291886370494,0,0.999968450501491,-0.001131012894764102,0.007862493973225674,2.443940136223294,0.4887880272446588,0,0,0,BYPASS_VISIBLE,1,0,1,1,1
1787562391386769152,1787562391403602688,joint_v2_000005_c2dc4fc3,1613,133,0.03333333333333333,4.433333333333334,16.83354377746582,frame_id_exact,1,,-0.04970993474125862,10.912896156311035,1.9810353517532349,0.01916148872482586,0.02729022009421542,-0.8106525523075988,-0.5845772153225215,-0.5904631018638611,-0.1974487602710724,0.004208914004266262,0.6209360248457694,0.0008695777051152747,0.04569572666803822,1.8921010107224563,-0.0014275623252615333,depth/001613.png,1.0,-0.0008398622548436221,0.06664851258520889,-0.9977761624741153,0.6209360248457694,0.0008695777051152747,0.04569572666803822,-0.0014275623252615333,0.9999688133550665,-0.001067919851947798,0.007825079197691391,2.423498489713211,0.48469969794264217,0.6,0.0,0.018964648246765137,-0.0010368646525060754,0.6,0.0,0.018964648246765137,-0.0010368646525060754,goal_capture,TERMINAL_SETTLING,NONE,DIRECT_LOCAL,PASS_THROUGH,0,6,0,0,0,0,1,0.6,2.423498489713211,inf,0.0,0,0,1,CLEAR,none,nan,0.0,0.0,0,0,0,0,0.0,0,0,1,1,0.0,0.6,"-0.030,10.919;-0.182,10.869;-0.391,10.799;-0.599,10.730;-0.808,10.661;-1.017,10.592;-1.226,10.523;-1.435,10.453;-1.644,10.384;-1.852,10.315;-2.061,10.246;-2.259,10.180;-2.350,10.150",-2.3499999999999996,10.15,2.0,-2.3499999999999996,10.15,2.0,-2.3499999999999996,10.15,2.0,3.1224085139359192,0.0,0.0,0,0,0,1,,,0,1,PASS_THROUGH,-1,0.999968450501491,-0.001131012894764102,0.007862493973225674,0.48877291886370494,0,0.9999688133550665,-0.001067919851947798,0.007825079197691391,2.4235726907863393,0.48471453815726784,0,0,0,BYPASS_VISIBLE,1,0,1,1,1
1787562391433810944,1787562391449500416,joint_v2_000005_c2dc4fc3,1614,134,0.03333333333333333,4.466666666666667,15.689373016357422,frame_id_exact,1,,-0.06969597190618515,10.906209945678711,1.9810855388641357,0.01182916976445972,0.01656724442062468,-0.8109188540547909,-0.5848044196938457,-0.6074236035346985,-0.20327985286712646,-0.0007828472880646586,0.6400358596146495,0.0011017297107874244,0.025290910652182464,1.892019841881946,-0.0013119507348164916,depth/001614.png,1.0,-0.0001922019390285211,0.04070488323996689,-0.9991711943099817,0.6400358596146495,0.0011017297107874244,0.025290910652182464,-0.0013119507348164916,0.9999684991405788,-0.0010095876935009504,0.007872830445728675,2.402423764135768,0.48048475282715364,0.6,0.0,0.018914461135864258,1.503615052467211e-05,0.6,0.0,0.018914461135864258,1.503615052467211e-05,goal_capture,TERMINAL_SETTLING,NONE,DIRECT_LOCAL,PASS_THROUGH,0,6,0,0,0,0,1,0.6,2.402423764135768,inf,0.0,0,0,1,CLEAR,none,nan,0.0,0.0,0,0,0,0,0.05784691645915081,0,0,1,1,0.0,0.6,"-0.070,10.906;-0.229,10.853;-0.438,10.783;-0.647,10.714;-0.856,10.645;-1.064,10.576;-1.273,10.507;-1.482,10.438;-1.691,10.368;-1.900,10.299;-2.109,10.230;-2.295,10.168;-2.350,10.150",-2.3499999999999996,10.15,2.0,-2.3499999999999996,10.15,2.0,-2.3499999999999996,10.15,2.0,3.1014928931370056,0.0,0.0,0,0,0,1,,,0,1,PASS_THROUGH,-1,0.999968450501491,-0.001131012894764102,0.007862493973225674,0.48877291886370494,0,0.9999684991405788,-0.0010095876935009504,0.007872830445728675,2.402498220462262,0.4804996440924524,0,0,0,BYPASS_VISIBLE,1,0,1,1,1
1787562391480473856,1787562391496087808,joint_v2_000005_c2dc4fc3,1615,135,0.03333333333333333,4.5,15.614032745361328,frame_id_exact,1,,-0.09010177105665207,10.899381637573242,1.9810189008712769,0.0020139787317909235,0.002359461945896282,-0.8110678673209459,-0.5849438361316806,-0.6151765584945679,-0.20581334829330444,-0.002698760712519288,0.6486953822517835,0.0010934750213143197,0.001311916116005331,1.8919625274650018,-0.0011269182432442904,depth/001615.png,1.0,0.0005066414259682333,0.006183496427488853,-0.9999807536579876,0.6486953822517835,0.0010934750213143197,0.001311916116005331,-0.0011269182432442904,0.9999677464322019,-0.000976670670934433,0.007971963980363159,2.3809058872440194,0.4761811774488039,0.6,0.0,0.018981099128723145,0.0002700428374513564,0.6,0.0,0.018981099128723145,0.0002700428374513564,goal_capture,TERMINAL_SETTLING,NONE,DIRECT_LOCAL,PASS_THROUGH,0,6,0,0,0,0,1,0.6,2.3809058872440194,inf,0.0,0,0,1,CLEAR,none,nan,0.0,0.0,0,0,1,0,0.05596089456326891,0,0,1,1,0.0,0.6,"-0.090,10.899;-0.251,10.846;-0.460,10.776;-0.669,10.707;-0.878,10.638;-1.086,10.569;-1.295,10.500;-1.504,10.430;-1.713,10.361;-1.922,10.292;-2.131,10.223;-2.308,10.164;-2.350,10.150",-2.3499999999999996,10.15,2.0,-2.3499999999999996,10.15,2.0,-2.3499999999999996,10.15,2.0,3.0805052628997003,0.0,0.0,0,0,0,1,,,0,1,PASS_THROUGH,-1,0.999968450501491,-0.001131012894764102,0.007862493973225674,0.48877291886370494,0,0.9999677464322019,-0.000976670670934433,0.007971963980363159,2.380981546765402,0.47619630935308044,0,0,0,BYPASS_VISIBLE,1,0,1,1,1
1787562391526871296,1787562391542379264,joint_v2_000005_c2dc4fc3,1616,136,0.03333333333333333,4.533333333333333,15.508174896240234,frame_id_exact,1,,-0.11058542132377625,10.892531394958496,1.9809433221817017,-0.00803800374263075,-0.01208421046128215,-0.8109732152454112,-0.5849032454243017,-0.6120114326477051,-0.2044849395751953,-0.0013996456982567906,0.6449563730346611,0.0008496372403032634,-0.020114626797022212,1.8919351403751734,-0.0009007081389427185,depth/001616.png,1.0,0.0010989763557566375,-0.029002850974571254,-0.9995787247067218,0.6449563730346611,0.0008496372403032634,-0.020114626797022212,-0.0009007081389427185,0.9999669077803941,-0.0009725645491090758,0.008076971110183252,2.3593072135028574,0.4718614427005715,0.5333333334,0.0,0.01905667781829834,1.183826181971881e-05,0.5333333334,0.0,0.01905667781829834,1.183826181971881e-05,goal_capture,TERMINAL_SETTLING,NONE,DIRECT_LOCAL,PASS_THROUGH,0,6,0,0,0,0,1,0.5333333334,2.3593072135028574,inf,0.0,0,0,1,CLEAR,none,nan,0.0,0.0,0,0,1,0,0.05572567048358586,0,0,1,1,0.0,0.5,"-0.111,10.893;-0.281,10.836;-0.452,10.779;-0.623,10.722;-0.794,10.665;-0.965,10.609;-1.136,10.552;-1.306,10.496;-1.477,10.439;-1.648,10.383;-1.819,10.326;-1.990,10.269;-2.161,10.213;-2.332,10.156;-2.350,10.150",-2.3499999999999996,10.15,2.0,-2.3499999999999996,10.15,2.0,-2.3499999999999996,10.15,2.0,3.059814810547068,0.0,0.0,0,0,0,1,,,0,1,PASS_THROUGH,-1,0.999968450501491,-0.001131012894764102,0.007862493973225674,0.48877291886370494,0,0.9999669077803941,-0.0009725645491090758,0.008076971110183252,2.359384174876166,0.4718768349752332,0,0,0,BYPASS_VISIBLE,1,0,1,1,1
1787562391574170112,1787562391590088704,joint_v2_000005_c2dc4fc3,1617,137,0.03333333333333333,4.566666666666666,15.918493270874023,frame_id_exact,1,,-0.13078728318214417,10.885787963867188,1.9809530973434448,-0.016885757713994868,-0.024654242115983736,-0.8106852301213192,-0.5847191609612726,-0.5984877943992615,-0.1995379477739334,0.002231691963970661,0.6298818802385701,0.00043586833717593464,-0.035449119335525685,1.8919243095169536,-0.0006527752848342061,depth/001617.png,1.0,0.0014535467721026214,-0.05972051205197083,-0.9982140790642214,0.6298818802385701,0.00043586833717593464,-0.035449119335525685,-0.0006527752848342061,0.9999663376235657,-0.0009800105782611574,0.008146361088221947,2.3380096257838434,0.4676019251567687,0.6,0.0,0.019046902656555176,-0.0005798873513640501,0.6,0.0,0.019046902656555176,-0.0005798873513640501,goal_capture,TERMINAL_SETTLING,NONE,DIRECT_LOCAL,PASS_THROUGH,0,6,0,0,0,0,1,0.6,2.3380096257838434,inf,0.0,0,0,1,CLEAR,none,nan,0.0,0.0,0,0,0,0,0.05615234225663653,0,0,1,1,0.0,0.6,"-0.131,10.886;-0.288,10.833;-0.497,10.764;-0.706,10.695;-0.915,10.625;-1.124,10.556;-1.333,10.487;-1.541,10.418;-1.750,10.349;-1.959,10.280;-2.168,10.210;-2.328,10.157;-2.350,10.150",-2.3499999999999996,10.15,2.0,-2.3499999999999996,10.15,2.0,-2.3499999999999996,10.15,2.0,3.039753348493012,0.0,0.0,0,0,0,1,,,0,1,PASS_THROUGH,-1,0.999968450501491,-0.001131012894764102,0.007862493973225674,0.48877291886370494,0,0.9999663376235657,-0.0009800105782611574,0.008146361088221947,2.3380872085443514,0.46761744170887026,0,0,0,BYPASS_VISIBLE,1,0,1,1,1
1787562391623023104,1787562391638759168,joint_v2_000005_c2dc4fc3,1618,138,0.03333333333333333,4.6,15.736103057861328,frame_id_exact,1,,-0.15038332343101501,10.879263877868652,1.9810870885849,-0.02397480238613006,-0.03451895064367726,-0.8103204115386367,-0.5844779564199664,-0.5759699940681458,-0.19152550399303436,0.005605044309049845,0.6053060100883395,-4.461134555655683e-05,-0.04538173012474436,1.8919082133826064,-0.0004717773699667305,depth/001618.png,1.0,0.0014965879877835361,-0.08396830759136854,-0.9964673017940108,0.6053060100883395,-4.461134555655683e-05,-0.04538173012474436,-0.0004717773699667305,0.9999662220111533,-0.0009749525271230136,0.008161146017007261,2.3173561071627318,0.4634712214325464,0.6,0.0,0.018912911415100098,-0.0005833531051457896,0.6,0.0,0.018912911415100098,-0.0005833531051457896,goal_capture,TERMINAL_SETTLING,NONE,DIRECT_LOCAL,PASS_THROUGH,0,6,0,0,0,0,1,0.6,2.3173561071627318,inf,0.0,0,0,1,CLEAR,none,nan,0.0,0.0,0,0,0,0,0.0,0,0,1,1,0.0,0.6,"-0.131,10.886;-0.288,10.833;-0.497,10.764;-0.706,10.695;-0.915,10.625;-1.124,10.556;-1.333,10.487;-1.541,10.418;-1.750,10.349;-1.959,10.280;-2.168,10.210;-2.328,10.157;-2.350,10.150",-2.3499999999999996,10.15,2.0,-2.3499999999999996,10.15,2.0,-2.3499999999999996,10.15,2.0,3.0205708809621683,0.0,0.0,0,0,0,1,,,1,1,PASS_THROUGH,-1,0.9999995247020149,-0.0009749849967623583,0.0,0.4634712214325464,0,0.9999662220111533,-0.0009749525271230136,0.008161146017007261,2.317433283963662,0.46348665679273243,0,0,0,BYPASS_VISIBLE,1,0,1,1,1
1787562391670948352,1787562391687586048,joint_v2_000005_c2dc4fc3,1619,139,0.03333333333333333,4.633333333333334,16.637802124023438,frame_id_exact,1,,-0.16912858188152313,10.873040199279785,1.981342077255249,-0.025126334030067244,-0.035884863746841134,-0.8102502696334843,-0.5844445606308148,-0.5484895706176758,-0.18189787864685059,0.009936845861375332,0.5765167845265705,-0.0004814938386978482,-0.040676203867700995,1.891871197238291,-0.00031391598167829216,depth/001619.png,1.0,0.00122818900611249,-0.08752133955820923,-0.9961618877841603,0.5765167845265705,-0.0004814938386978482,-0.040676203867700995,-0.00031391598167829216,0.9999665862646401,-0.0009415940950958917,0.008120329722496879,2.297604681432523,0.4595209362865046,0.6,0.0,0.018657922744750977,-0.0007429426277694162,0.6,0.0,0.018657922744750977,-0.0007429426277694162,goal_capture,TERMINAL_SETTLING,NONE,DIRECT_LOCAL,PASS_THROUGH,0,6,0,0,0,0,1,0.6,2.297604681432523,inf,0.0,0,0,1,CLEAR,none,nan,0.0,0.0,0,0,0,0,0.0,0,0,1,1,0.0,0.6,"-0.131,10.886;-0.288,10.833;-0.497,10.764;-0.706,10.695;-0.915,10.625;-1.124,10.556;-1.333,10.487;-1.541,10.418;-1.750,10.349;-1.959,10.280;-2.168,10.210;-2.328,10.157;-2.350,10.150",-2.3499999999999996,10.15,2.0,-2.3499999999999996,10.15,2.0,-2.3499999999999996,10.15,2.0,3.002317216150919,0.0,0.0,0,0,0,1,,,0,1,PASS_THROUGH,-1,0.9999662220111533,-0.0009749525271230136,0.008161146017007261,0.4634712214325464,0,0.9999665862646401,-0.0009415940950958917,0.008120329722496879,2.2976804369236805,0.4595360873847361,0,0,0,BYPASS_VISIBLE,1,0,1,1,1
1787562391715144960,1787562391731536640,joint_v2_000005_c2dc4fc3,1620,140,0.03333333333333333,4.666666666666667,16.391754150390625,frame_id_exact,1,,-0.18697328865528107,10.867130279541016,1.9817546606063843,-0.01990204338135002,-0.02819844134391906,-0.8105398445427429,-0.584665645462128,-0.5231374502182007,-0.17311549186706543,0.014731050468981266,0.5507399587993251,-0.0007889452309961293,-0.023316186228375592,1.891822066079614,-0.00017337370081804693,depth/001620.png,1.0,0.0007105215219320518,-0.06898400260564018,-0.9976175131500409,0.5507399587993251,-0.0007889452309961293,-0.023316186228375592,-0.00017337370081804693,0.9999675533297859,-0.0008898555073716478,0.008006275339863025,2.2788067912452172,0.45576135824904346,0.6,0.0,0.018245339393615723,-0.0019817143096556578,0.6,0.0,0.018245339393615723,-0.0019817143096556578,goal_capture,TERMINAL_SETTLING,NONE,DIRECT_LOCAL,PASS_THROUGH,0,6,0,0,0,0,1,0.6,2.2788067912452172,inf,0.0,0,0,1,CLEAR,none,nan,0.0,0.0,0,0,0,0,0.050986605836256596,0,0,1,1,0.0,0.6,"-0.187,10.867;-0.330,10.820;-0.534,10.752;-0.743,10.683;-0.951,10.614;-1.160,10.544;-1.369,10.475;-1.578,10.406;-1.787,10.337;-1.995,10.268;-2.204,10.198;-2.346,10.151;-2.350,10.150",-2.3499999999999996,10.15,2.0,-2.3499999999999996,10.15,2.0,-2.3499999999999996,10.15,2.0,2.9848041782647083,0.0,0.0,0,0,0,1,,,0,1,PASS_THROUGH,-1,0.9999662220111533,-0.0009749525271230136,0.008161146017007261,0.4634712214325464,0,0.9999675533297859,-0.0008898555073716478,0.008006275339863025,2.278879831021134,0.4557759662042268,0,0,0,BYPASS_VISIBLE,1,0,1,1,1
1787562391764355072,1787562391781338880,joint_v2_000005_c2dc4fc3,1621,141,0.03333333333333333,4.7,16.983747482299805,frame_id_exact,1,,-0.20410017669200897,10.861467361450195,1.98231041431427,-0.009803183685877407,-0.01363918309224345,-0.810904210158667,-0.5849378020107315,-0.5063135027885437,-0.16737724840641022,0.01840430311858654,0.5335786317812874,-0.0009141763497846402,0.000482443154663819,1.8917833569901734,-0.0001281336008105427,depth/001621.png,1.0,5.726171072413869e-05,-0.03358864742109942,-0.9994357405483945,0.5335786317812874,-0.0009141763497846402,0.000482443154663819,-0.0001281336008105427,0.9999690325107888,-0.0008447112383999147,0.00782435188118105,2.2607679797100295,0.4521535959420059,0.6,0.0,0.01768958568572998,-0.0023032796658140064,0.6,0.0,0.01768958568572998,-0.0023032796658140064,goal_capture,TERMINAL_SETTLING,NONE,DIRECT_LOCAL,PASS_THROUGH,0,6,0,0,0,0,1,0.6,2.2607679797100295,inf,0.0,0,0,1,CLEAR,none,nan,0.0,0.0,0,0,1,0,0.04839987617818807,0,0,1,1,0.0,0.6,"-0.204,10.861;-0.343,10.815;-0.546,10.748;-0.755,10.679;-0.963,10.610;-1.172,10.540;-1.381,10.471;-1.590,10.402;-1.799,10.333;-2.008,10.264;-2.216,10.194;-2.350,10.150",-2.3499999999999996,10.15,2.0,-2.3499999999999996,10.15,2.0,-2.3499999999999996,10.15,2.0,2.9676635435720504,0.0,0.0,0,0,0,1,,,0,1,PASS_THROUGH,-1,0.9999662220111533,-0.0009749525271230136,0.008161146017007261,0.4634712214325464,0,0.9999690325107888,-0.0008447112383999147,0.00782435188118105,2.260837185540768,0.4521674371081536,0,0,0,BYPASS_VISIBLE,1,0,1,1,1
1787562391811530240,1787562391827745024,joint_v2_000005_c2dc4fc3,1622,142,0.03333333333333333,4.733333333333333,16.214609146118164,frame_id_exact,1,,-0.22086821496486664,10.855923652648926,1.9829572439193726,0.0027165878480166225,0.004269838651922328,-0.811003662863401,-0.5850191855405236,-0.502031147480011,-0.16603954136371613,0.02002326026558876,0.5285463718108389,-0.000838114727545205,0.025364615063806533,1.891769729986042,-0.0002213496481999755,depth/001622.png,1.0,-0.0005895496706107249,0.010104221593681404,-0.9999487772567012,0.5285463718108389,-0.000838114727545205,0.025364615063806533,-0.0002213496481999755,0.9999707978452673,-0.0008244471303011928,0.007597614337988337,2.243107300468725,0.44862146009374504,0.5333333334,0.0,0.01704275608062744,-0.0022862103685694635,0.5333333334,0.0,0.01704275608062744,-0.0022862103685694635,goal_capture,TERMINAL_SETTLING,NONE,DIRECT_LOCAL,PASS_THROUGH,0,6,0,0,0,0,1,0.5333333334,2.243107300468725,inf,0.0,0,0,1,CLEAR,none,nan,0.0,0.0,0,0,1,0,0.04723870976684931,0,0,1,1,0.0,0.5,"-0.221,10.856;-0.392,10.799;-0.563,10.743;-0.733,10.686;-0.904,10.629;-1.075,10.573;-1.246,10.516;-1.417,10.459;-1.588,10.403;-1.759,10.346;-1.929,10.289;-2.100,10.233;-2.271,10.176;-2.350,10.150",-2.3499999999999996,10.15,2.0,-2.3499999999999996,10.15,2.0,-2.3499999999999996,10.15,2.0,2.9504444304731896,0.0,0.0,0,0,0,1,,,0,1,PASS_THROUGH,-1,0.9999662220111533,-0.0009749525271230136,0.008161146017007261,0.4634712214325464,0,0.9999707978452673,-0.0008244471303011928,0.007597614337988337,2.2431720435470206,0.44863440870940413,0,0,0,BYPASS_VISIBLE,1,0,1,1,1
1787562391858331136,1787562391875156992,joint_v2_000005_c2dc4fc3,1623,143,0.03333333333333333,4.766666666666667,16.82567596435547,frame_id_exact,1,,-0.23771800100803375,10.850347518920898,1.9835907220840454,0.01389100778610831,0.02018778726592883,-0.8107647844817986,-0.5848589209306589,-0.5109701752662659,-0.1692977249622345,0.017275989055633545,0.5367937224224921,-0.0005757642709231845,0.043621870090427506,1.8917738946689242,-0.0004381246108096093,depth/001623.png,1.0,-0.0010893350847794858,0.048983653632495745,-0.9987989862959837,0.5367937224224921,-0.0005757642709231845,0.043621870090427506,-0.0004381246108096093,0.9999724752761474,-0.0008241380019445332,0.007373566752135137,2.225358822869731,0.4450717645739462,0.6,0.0,0.01640927791595459,-0.0020812079603871325,0.6,0.0,0.01640927791595459,-0.0020812079603871325,goal_capture,TERMINAL_SETTLING,NONE,DIRECT_LOCAL,PASS_THROUGH,0,6,0,0,0,0,1,0.6,2.225358822869731,inf,0.0,0,0,1,CLEAR,none,nan,0.0,0.0,0,0,0,0,0.04722091829936239,0,0,1,1,0.0,0.6,"-0.238,10.850;-0.378,10.804;-0.581,10.737;-0.790,10.667;-0.998,10.598;-1.207,10.529;-1.416,10.460;-1.625,10.390;-1.834,10.321;-2.043,10.252;-2.244,10.185;-2.350,10.150",-2.3499999999999996,10.15,2.0,-2.3499999999999996,10.15,2.0,-2.3499999999999996,10.15,2.0,2.93275251544761,0.0,0.0,0,0,0,1,,,0,1,PASS_THROUGH,-1,0.9999662220111533,-0.0009749525271230136,0.008161146017007261,0.4634712214325464,0,0.9999724752761474,-0.0008241380019445332,0.007373566752135137,2.225419321145091,0.4450838642290182,0,0,0,BYPASS_VISIBLE,1,0,1,1,1
1787562391904403200,1787562391922296064,joint_v2_000005_c2dc4fc3,1624,144,0.03333333333333333,4.8,17.892837524414062,frame_id_exact,1,,-0.2550352215766907,10.844603538513184,1.98407781124115,0.019773515214136107,0.028551783606211325,-0.8105121386699987,-0.5846912662401974,-0.5291084051132202,-0.17574386298656464,0.011763458140194416,0.5553707598993609,-0.00017599871526305635,0.05043091075492142,1.8917698810013088,-0.0006586359813809395,depth/001624.png,1.0,-0.0013346088097971956,0.0694059376841728,-0.9975876074979608,0.5553707598993609,-0.00017599871526305635,0.05043091075492142,-0.0006586359813809395,0.9999736427710781,-0.0008211095623713046,0.007213843790027672,2.2071138390552627,0.44142276781105255,0.6,0.0,0.015922188758850098,-0.0020811610808069148,0.6,0.0,0.015922188758850098,-0.0020811610808069148,goal_capture,TERMINAL_SETTLING,NONE,DIRECT_LOCAL,PASS_THROUGH,0,6,0,0,0,0,1,0.6,2.2071138390552627,inf,0.0,0,0,1,CLEAR,none,nan,0.0,0.0,0,0,0,0,0.0,0,0,1,1,0.0,0.6,"-0.238,10.850;-0.378,10.804;-0.581,10.737;-0.790,10.667;-0.998,10.598;-1.207,10.529;-1.416,10.460;-1.625,10.390;-1.834,10.321;-2.043,10.252;-2.244,10.185;-2.350,10.150",-2.3499999999999996,10.15,2.0,-2.3499999999999996,10.15,2.0,-2.3499999999999996,10.15,2.0,2.914364639741163,0.0,0.0,0,0,0,1,,,1,1,PASS_THROUGH,-1,0.9999996628719424,-0.0008211309282880961,0.0,0.44142276781105255,0,0.9999736427710781,-0.0008211095623713046,0.007213843790027672,2.2071712698936916,0.4414342539787383,0,0,0,BYPASS_VISIBLE,1,0,1,1,1
1787562391953603328,1787562391970204160,joint_v2_000005_c2dc4fc3,1625,145,0.03333333333333333,4.833333333333333,16.600847244262695,frame_id_exact,1,,-0.27303892374038696,10.838617324829102,1.984367847442627,0.021927247227118158,0.0314834319507852,-0.8103947645681029,-0.5846266457340534,-0.5515092015266418,-0.183641254901886,0.005584916565567255,0.5791409569184519,0.00027688948624062605,0.05013358669924129,1.8917398196653117,-0.0008401155937463045,depth/001625.png,1.0,-0.0012726537266737406,0.07666652284024775,-0.9970559786832822,0.5791409569184519,0.00027688948624062605,0.05013358669924129,-0.0008401155937463045,0.9999741636454043,-0.000798394037953973,0.007143851106674468,2.188141022044118,0.4376282044088236,0.5333333334,0.0,0.015632152557373047,-0.0010425011644210613,0.5333333334,0.0,0.015632152557373047,-0.0010425011644210613,goal_capture,TERMINAL_SETTLING,NONE,DIRECT_LOCAL,PASS_THROUGH,0,6,0,0,0,0,1,0.5333333334,2.188141022044118,0.9578705654313514,0.0,0,0,1,CLEAR,none,nan,0.0,0.0,0,0,1,0,0.045745780947179425,0,0,1,1,0.0,0.5,"-0.273,10.839;-0.444,10.782;-0.615,10.725;-0.786,10.668;-0.956,10.612;-1.127,10.555;-1.298,10.499;-1.469,10.442;-1.640,10.385;-1.811,10.329;-1.982,10.272;-2.152,10.215;-2.323,10.159;-2.350,10.150",-2.3499999999999996,10.15,2.0,-2.3499999999999996,10.15,2.0,-2.3499999999999996,10.15,2.0,2.895204883019904,0.0,0.0,0,0,0,1,,,0,1,PASS_THROUGH,-1,0.9999736427710781,-0.0008211095623713046,0.007213843790027672,0.44142276781105255,0,0.9999741636454043,-0.000798394037953973,0.007143851106674468,2.188196859641713,0.43763937192834257,0,0,0,BYPASS_VISIBLE,1,0,1,1,1
1787562391998689280,1787562392015475456,joint_v2_000005_c2dc4fc3,1626,146,0.03333333333333333,4.866666666666666,16.78633689880371,frame_id_exact,1,,-0.29180434346199036,10.83236312866211,1.9844433069229126,0.019342633826162494,0.0275986691423249,-0.810520198320922,-0.5847402706262437,-0.5740007758140564,-0.1914995014667511,-0.0009754351922310889,0.603793387569064,0.000680142375474425,0.03978672775173013,1.8916844670170283,-0.0009103636839427054,depth/001626.png,1.0,-0.0009209157167540463,0.06735939144953057,-0.9977283519564789,0.603793387569064,0.000680142375474425,0.03978672775173013,-0.0009103636839427054,0.9999739782293899,-0.0007572748342834616,0.0071742176516356535,2.1683608555656666,0.43367217111313333,0.6,0.0,0.015556693077087402,-0.0002737922150974903,0.6,0.0,0.015556693077087402,-0.0002737922150974903,goal_capture,TERMINAL_SETTLING,NONE,DIRECT_LOCAL,PASS_THROUGH,0,6,0,0,0,0,1,0.6,2.1683608555656666,0.9887368022988396,0.0,0,0,1,CLEAR,none,nan,0.0,0.0,0,0,0,0,0.0433897727202265,0,0,1,1,0.0,0.6,"-0.292,10.832;-0.445,10.781;-0.653,10.712;-0.862,10.643;-1.071,10.574;-1.280,10.505;-1.489,10.435;-1.698,10.366;-1.906,10.297;-2.115,10.228;-2.299,10.167;-2.350,10.150",-2.3499999999999996,10.15,2.0,-2.3499999999999996,10.15,2.0,-2.3499999999999996,10.15,2.0,2.875368011295776,0.0,0.0,0,0,0,1,,,0,1,PASS_THROUGH,-1,0.9999736427710781,-0.0008211095623713046,0.007213843790027672,0.44142276781105255,0,0.9999739782293899,-0.0007572748342834616,0.0071742176516356535,2.168416659834766,0.4336833319669532,0,0,0,BYPASS_VISIBLE,1,0,1,1,1
1787562392046427136,1787562392061195008,joint_v2_000005_c2dc4fc3,1627,147,0.03333333333333333,4.9,14.767646789550781,frame_id_exact,1,,-0.3112398684024811,10.825874328613281,1.9843010902404785,0.011131984648029966,0.015742865758485467,-0.8108198323985454,-0.5849781538525188,-0.5906873345375061,-0.19727355241775513,-0.007298619486391544,0.6225763706527647,0.0009350142252429781,0.0167164579436446,1.89162525243855,-0.0008523504948243499,depth/001627.png,1.0,-0.0003663972423360515,0.03855319120777427,-0.9992564821910127,0.6225763706527647,0.0009350142252429781,0.0167164579436446,-0.0008523504948243499,0.9999730321038407,-0.0007180578469149147,0.007308861606276502,2.1478708020432666,0.4295741604086533,0.6,0.0,0.015698909759521484,0.00026452516164621187,0.6,0.0,0.015698909759521484,0.00026452516164621187,goal_capture,TERMINAL_SETTLING,NONE,DIRECT_LOCAL,PASS_THROUGH,0,6,0,0,0,0,1,0.6,2.1478708020432666,0.9697551180696277,0.0,0,0,1,CLEAR,none,nan,0.0,0.0,0,0,1,0,0.041142786537518385,0,0,1,1,0.0,0.6,"-0.311,10.826;-0.467,10.774;-0.676,10.704;-0.885,10.635;-1.094,10.566;-1.303,10.497;-1.511,10.428;-1.720,10.359;-1.929,10.289;-2.138,10.220;-2.312,10.163;-2.350,10.150",-2.3499999999999996,10.15,2.0,-2.3499999999999996,10.15,2.0,-2.3499999999999996,10.15,2.0,2.8551300573496654,0.0,0.0,0,0,0,1,,,0,1,PASS_THROUGH,-1,0.9999736427710781,-0.0008211095623713046,0.007213843790027672,0.44142276781105255,0,0.9999730321038407,-0.0007180578469149147,0.007308861606276502,2.147928173388864,0.4295856346777728,0,0,0,BYPASS_VISIBLE,1,0,1,1,1
1787562392090048768,1787562392105876480,joint_v2_000005_c2dc4fc3,1628,148,0.03333333333333333,4.933333333333334,15.827655792236328,frame_id_exact,1,,-0.331076443195343,10.819249153137207,1.9840120077133179,0.0017577530871404558,0.00220828506166037,-0.810957797210861,-0.5850978421803307,-0.5978385210037231,-0.1996748149394989,-0.009211496450006962,0.630343409221796,0.000978997456730169,-0.005657614206889705,1.8915847499813248,-0.0007290110224857926,depth/001628.png,1.0,0.00026680149418294727,0.005638567055178879,-0.9999840675623421,0.630343409221796,0.000978997456730169,-0.005657614206889705,-0.0007290110224857926,0.9999715051356362,-0.0006994686818441458,0.007516625594861812,2.126957159229032,0.4253914318458064,0.6,0.0,0.01598799228668213,0.00047591085556408785,0.6,0.0,0.01598799228668213,0.00047591085556408785,goal_capture,TERMINAL_SETTLING,NONE,DIRECT_LOCAL,PASS_THROUGH,0,6,0,0,0,0,1,0.6,2.126957159229032,0.9522422195234207,0.0,0,0,1,CLEAR,none,nan,0.0,0.0,0,0,1,0,0.040077738844706584,0,0,1,1,0.0,0.6,"-0.331,10.819;-0.489,10.767;-0.697,10.697;-0.906,10.628;-1.115,10.559;-1.324,10.490;-1.533,10.421;-1.742,10.352;-1.950,10.282;-2.159,10.213;-2.324,10.159;-2.350,10.150",-2.3499999999999996,10.15,2.0,-2.3499999999999996,10.15,2.0,-2.3499999999999996,10.15,2.0,2.834825888725716,0.0,0.0,0,0,0,1,,,0,1,PASS_THROUGH,-1,0.9999736427710781,-0.0008211095623713046,0.007213843790027672,0.44142276781105255,0,0.9999715051356362,-0.0006994686818441458,0.007516625594861812,2.1270172479538085,0.4254034495907617,0,0,0,BYPASS_VISIBLE,1,0,1,1,1
1787562392136102912,1787562392151975168,joint_v2_000005_c2dc4fc3,1629,149,0.03333333333333333,4.966666666666667,15.87224006652832,frame_id_exact,1,,-0.3509865701198578,10.812601089477539,1.9837336540222168,-0.0066333031238495245,-0.0099101213515516,-0.810895471905936,-0.5850695022191075,-0.5952289700508118,-0.19861966371536255,-0.0070998105220496655,0.6271448539300705,0.0008071888546037206,-0.02205415033019128,1.8915685248882206,-0.0005567021435126662,depth/001629.png,1.0,0.0008383885983483264,-0.023834031773501234,-0.9997155775689293,0.6271448539300705,0.0008071888546037206,-0.02205415033019128,-0.0005567021435126662,0.9999699232945094,-0.0007049190863726503,0.0077237034804977026,2.105966499405437,0.4211932998810874,0.6,0.0,0.016266345977783203,0.00028562098624007604,0.6,0.0,0.016266345977783203,0.00028562098624007604,goal_capture,TERMINAL_SETTLING,NONE,DIRECT_LOCAL,PASS_THROUGH,0,6,0,0,0,0,1,0.6,2.105966499405437,0.9818062918643058,0.0,0,0,1,CLEAR,none,nan,0.0,0.0,0,0,1,0,0.04039009665813834,0,0,1,1,0.0,0.6,"-0.351,10.813;-0.508,10.760;-0.717,10.691;-0.926,10.622;-1.134,10.553;-1.343,10.483;-1.552,10.414;-1.761,10.345;-1.970,10.276;-2.179,10.207;-2.334,10.155;-2.350,10.150",-2.3499999999999996,10.15,2.0,-2.3499999999999996,10.15,2.0,-2.3499999999999996,10.15,2.0,2.8147647658061214,0.0,0.0,0,0,0,1,,,0,1,PASS_THROUGH,-1,0.9999736427710781,-0.0008211095623713046,0.007213843790027672,0.44142276781105255,0,0.9999699232945094,-0.0007049190863726503,0.0077237034804977026,2.1060293185588512,0.42120586371177027,0,0,0,BYPASS_VISIBLE,1,0,1,1,1
1787562392180705024,1787562392196715520,joint_v2_000005_c2dc4fc3,1630,150,0.03333333333333333,5.0,16.010522842407227,frame_id_exact,1,,-0.37066757678985596,10.806039810180664,1.9835622310638428,-0.012618879892292979,-0.018534099196526918,-0.8107433959248376,-0.5849721335256058,-0.5845111608505249,-0.19469735026359558,-0.0030264195520430803,0.6153298473132623,0.0004681357353174501,-0.030634529997520633,1.8915658955882098,-0.00038228576886467636,depth/001630.png,1.0,0.0012225160266446204,-0.044816183232596056,-0.9989945020744744,0.6153298473132623,0.0004681357353174501,-0.030634529997520633,-0.00038228576886467636,0.9999686718761203,-0.0007194649571326534,0.00788274295431022,2.085220629600815,0.41704412592016304,0.5333333334,0.0,0.016437768936157227,-0.0001729285592744212,0.5333333334,0.0,0.016437768936157227,-0.0001729285592744212,goal_capture,TERMINAL_SETTLING,NONE,DIRECT_LOCAL,PASS_THROUGH,0,6,0,0,0,0,1,0.5333333334,2.085220629600815,0.9152238538198261,0.0,0,0,1,CLEAR,none,nan,0.0,0.0,0,0,1,0,0.04122358989592347,0,0,1,1,0.0,0.5,"-0.371,10.806;-0.541,10.749;-0.712,10.692;-0.883,10.636;-1.054,10.579;-1.225,10.523;-1.396,10.466;-1.567,10.409;-1.738,10.353;-1.908,10.296;-2.079,10.240;-2.250,10.183;-2.350,10.150",-2.3499999999999996,10.15,2.0,-2.3499999999999996,10.15,2.0,-2.3499999999999996,10.15,2.0,2.7951723586594097,0.0,0.0,0,0,0,1,,,1,1,PASS_THROUGH,-1,0.9999997411689712,-0.0007194873111003778,0.0,0.41704412592016304,0,0.9999686718761203,-0.0007194649571326534,0.00788274295431022,2.085285417960913,0.4170570835921826,0,0,0,BYPASS_VISIBLE,1,0,1,1,1
1787562392237992448,1787562392254783488,joint_v2_000005_c2dc4fc3,1631,151,0.03333333333333333,5.033333333333333,16.79086685180664,frame_id_exact,1,,-0.38989782333374023,10.799640655517578,1.983535647392273,-0.015997190046684213,-0.023313343176438822,-0.8106188136871902,-0.5848912008544156,-0.5686899423599243,-0.1889871209859848,0.0014066005824133754,0.5983917512269427,4.561893126391178e-05,-0.03246029802034677,1.8915617420335704,-0.0002208856021752581,depth/001631.png,1.0,0.0013362921368534272,-0.05650970057093725,-0.9984011558810957,0.5983917512269427,4.561893126391178e-05,-0.03246029802034677,-0.0002208856021752581,0.9999679510497803,-0.000726980031027147,0.007972977695875377,2.0649536373180672,0.4129907274636134,0.5,0.0,0.01646435260772705,-0.00020962145802716492,0.5,0.0,0.01646435260772705,-0.00020962145802716492,goal_capture,TERMINAL_SETTLING,NONE,DIRECT_LOCAL,PASS_THROUGH,0,6,0,0,0,0,1,0.5,2.0649536373180672,0.9152238538198261,0.0,0,0,1,CLEAR,none,nan,0.0,0.0,0,0,0,0,0.0,0,0,1,1,0.0,0.5,"-0.371,10.806;-0.541,10.749;-0.712,10.692;-0.883,10.636;-1.054,10.579;-1.225,10.523;-1.396,10.466;-1.567,10.409;-1.738,10.353;-1.908,10.296;-2.079,10.240;-2.250,10.183;-2.350,10.150",-2.3499999999999996,10.15,2.0,-2.3499999999999996,10.15,2.0,-2.3499999999999996,10.15,2.0,2.776183651921326,0.0,0.0,0,0,0,1,,,0,1,PASS_THROUGH,-1,0.9999686718761203,-0.0007194649571326534,0.00788274295431022,0.41704412592016304,0,0.9999679510497803,-0.000726980031027147,0.007972977695875377,2.0650192733192365,0.4130038546638473,0,0,0,BYPASS_VISIBLE,1,0,1,1,1
1787562392282820608,1787562392299489280,joint_v2_000005_c2dc4fc3,1632,152,0.03333333333333333,5.066666666666666,16.66855812072754,frame_id_exact,1,,-0.4085444509983063,10.793451309204102,1.9836599826812744,-0.018876761934802807,-0.027151093002876717,-0.8104945300041513,-0.5848120235092263,-0.5495983958244324,-0.18219821155071259,0.0060324156656861305,0.5781443983103639,-0.00036291216236161516,-0.032247449836242253,1.8915452125867063,-9.806182060856372e-05,depth/001632.png,1.0,0.0011575466943025484,-0.06609033941371906,-0.9978129720152118,0.5781443983103639,-0.00036291216236161516,-0.032247449836242253,-9.806182060856372e-05,0.9999678337827865,-0.0007147468300170449,0.00798877567153476,2.0453066361956433,0.4090613272391287,0.5,0.0,0.016340017318725586,-0.0011717635890251543,0.5,0.0,0.016340017318725586,-0.0011717635890251543,goal_capture,TERMINAL_SETTLING,NONE,DIRECT_LOCAL,PASS_THROUGH,0,6,0,0,0,0,1,0.5,2.0453066361956433,0.8804726517044896,0.0,0,0,1,CLEAR,none,nan,0.0,0.0,0,0,0,0,0.04095328711861977,0,0,1,1,0.0,0.5,"-0.409,10.793;-0.579,10.737;-0.750,10.680;-0.921,10.623;-1.092,10.567;-1.263,10.510;-1.434,10.454;-1.605,10.397;-1.775,10.340;-1.946,10.284;-2.117,10.227;-2.288,10.171;-2.350,10.150",-2.3499999999999996,10.15,2.0,-2.3499999999999996,10.15,2.0,-2.3499999999999996,10.15,2.0,2.757901700926104,0.0,0.0,0,0,0,1,,,0,1,PASS_THROUGH,-1,0.9999686718761203,-0.0007194649571326534,0.00788274295431022,0.41704412592016304,0,0.9999678337827865,-0.0007147468300170449,0.00798877567153476,2.0453719056034565,0.4090743811206913,0,0,0,BYPASS_VISIBLE,1,0,1,1,1
1787562392331044864,1787562392349922304,joint_v2_000005_c2dc4fc3,1633,153,0.03333333333333333,5.1,18.877506256103516,frame_id_exact,1,,-0.42650532722473145,10.78750228881836,1.983933687210083,-0.02131521603423429,-0.030163827382611898,-0.8103785323883448,-0.5847413439523141,-0.5276360511779785,-0.17456147074699402,0.010269679129123688,0.55500360417272,-0.00066739479993227,-0.03078197233659897,1.891512743887252,-4.748958599520847e-05,depth/001633.png,1.0,0.0007292869501815888,-0.07381601247205695,-0.9972716101660918,0.55500360417272,-0.00066739479993227,-0.03078197233659897,-4.748958599520847e-05,0.999968338917437,-0.0006805445976699963,0.007928305099586707,2.0263861735719284,0.4052772347143857,0.5,0.0,0.016066312789916992,-0.0010554359432379812,0.5,0.0,0.016066312789916992,-0.0010554359432379812,goal_capture,TERMINAL_SETTLING,NONE,DIRECT_LOCAL,PASS_THROUGH,0,6,0,0,0,0,1,0.5,2.0263861735719284,0.8804726517044896,0.0,0,0,1,CLEAR,none,nan,0.0,0.0,0,0,0,0,0.0,0,0,1,1,0.0,0.5,"-0.409,10.793;-0.579,10.737;-0.750,10.680;-0.921,10.623;-1.092,10.567;-1.263,10.510;-1.434,10.454;-1.605,10.397;-1.775,10.340;-1.946,10.284;-2.117,10.227;-2.288,10.171;-2.350,10.150",-2.3499999999999996,10.15,2.0,-2.3499999999999996,10.15,2.0,-2.3499999999999996,10.15,2.0,2.740404945449218,0.0,0.0,0,0,0,1,,,0,1,PASS_THROUGH,-1,0.9999686718761203,-0.0007194649571326534,0.00788274295431022,0.41704412592016304,0,0.999968338917437,-0.0006805445976699963,0.007928305099586707,2.0264498638876183,0.40528997277752365,0,0,0,BYPASS_VISIBLE,1,0,1,1,1
1787562392378811392,1787562392399384064,joint_v2_000005_c2dc4fc3,1634,154,0.03333333333333333,5.133333333333334,20.572662353515625,frame_id_exact,1,,-0.4437023401260376,10.781815528869629,1.9843385219573975,-0.021752192460239305,-0.03027409435200217,-0.8103612559161183,-0.5847434961112353,-0.5041194558143616,-0.16658690571784973,0.013945173472166061,0.5304936439431311,-0.0008032774604873573,-0.025650326150841576,1.8914676941484962,-5.625445191981271e-05,depth/001634.png,1.0,0.00015089154396501214,-0.07450481237619265,-0.9972206426686776,0.5304936439431311,-0.0008032774604873573,-0.025650326150841576,-5.625445191981271e-05,0.9999693951476815,-0.0006294319050807835,0.007798242331242716,2.0082732957846527,0.40165465915693055,0.5,0.0,0.01566147804260254,-0.0008713714110131221,0.5,0.0,0.01566147804260254,-0.0008713714110131221,goal_capture,TERMINAL_SETTLING,NONE,DIRECT_LOCAL,PASS_THROUGH,0,6,0,0,0,0,1,0.5,2.0082732957846527,0.8804726517044896,0.0,0,0,1,CLEAR,none,nan,0.0,0.0,0,0,0,0,0.0,0,0,1,1,0.0,0.5,"-0.409,10.793;-0.579,10.737;-0.750,10.680;-0.921,10.623;-1.092,10.567;-1.263,10.510;-1.434,10.454;-1.605,10.397;-1.775,10.340;-1.946,10.284;-2.117,10.227;-2.288,10.171;-2.350,10.150",-2.3499999999999996,10.15,2.0,-2.3499999999999996,10.15,2.0,-2.3499999999999996,10.15,2.0,2.723701427724964,0.0,0.0,0,0,0,1,,,0,1,PASS_THROUGH,-1,0.9999686718761203,-0.0007194649571326534,0.00788274295431022,0.41704412592016304,0,0.9999693951476815,-0.0006294319050807835,0.007798242331242716,2.0083343627135974,0.4016668725427195,0,0,0,BYPASS_VISIBLE,1,0,1,1,1
1787562392431035392,1787562392448813568,joint_v2_000005_c2dc4fc3,1635,155,0.03333333333333333,5.166666666666667,17.778396606445312,frame_id_exact,1,,-0.46012651920318604,10.776390075683594,1.9848579168319702,-0.019232192140284283,-0.02627060202859528,-0.81048777901807,-0.584850013522177,-0.4818020164966583,-0.15922018885612488,0.01711999624967575,0.5074669482168352,-0.0007469064015514402,-0.015940028529915017,1.8914228325654945,-9.44975545280613e-05,depth/001635.png,1.0,-0.0004461894835362211,-0.06507989944986033,-0.9978799565090687,0.5074669482168352,-0.0007469064015514402,-0.015940028529915017,-9.44975545280613e-05,0.9999709146761502,-0.000575938744622462,0.007605136179307747,1.9909762179227461,0.3981952435845492,0.5666666666,0.0,0.015142083168029785,-0.0013932030218422042,0.5666666666,0.0,0.015142083168029785,-0.0013932030218422042,goal_capture,TERMINAL_SETTLING,NONE,DIRECT_LOCAL,PASS_THROUGH,0,6,0,0,0,0,1,0.5666666666,1.9909762179227461,0.8246211251235326,0.0,0,0,1,CLEAR,none,nan,0.0,0.0,0,0,0,0,0.032999815486407964,0,0,1,1,0.0,0.6,"-0.460,10.776;-0.594,10.732;-0.795,10.666;-1.003,10.596;-1.212,10.527;-1.421,10.458;-1.630,10.389;-1.839,10.319;-2.047,10.250;-2.248,10.184;-2.350,10.150",-2.3499999999999996,10.15,2.0,-2.3499999999999996,10.15,2.0,-2.3499999999999996,10.15,2.0,2.7076925332813957,0.0,0.0,0,0,0,1,,,0,1,PASS_THROUGH,-1,0.9999686718761203,-0.0007194649571326534,0.00788274295431022,0.41704412592016304,0,0.9999709146761502,-0.000575938744622462,0.007605136179307747,1.991033797557598,0.3982067595115196,0,0,0,BYPASS_VISIBLE,1,0,1,1,1
1787562392482161920,1787562392500102144,joint_v2_000005_c2dc4fc3,1636,156,0.03333333333333333,5.2,17.940044403076172,frame_id_exact,1,,-0.47587355971336365,10.771184921264648,1.9854689836502075,-0.013008574806204933,-0.0172336963617886,-0.8107211104083656,-0.5850342364592416,-0.4641232192516327,-0.15358686447143555,0.01941450871527195,0.48925763482660684,-0.0005165926726902135,-0.001706057210884973,1.8913916155441195,-0.00016332414816133678,depth/001636.png,1.0,-0.0009280476386546999,-0.043164366160081784,-0.9990675533824421,0.48925763482660684,-0.0005165926726902135,-0.001706057210884973,-0.00016332414816133678,0.9999727734865985,-0.000537929914985545,0.007359545972856168,1.9743912025199122,0.39487824050398246,0.6,0.0,0.01453101634979248,-0.0012820105925692715,0.6,0.0,0.01453101634979248,-0.0012820105925692715,goal_capture,TERMINAL_SETTLING,NONE,DIRECT_LOCAL,PASS_THROUGH,0,6,0,0,0,0,1,0.6,1.9743912025199122,0.8246211251235326,0.0,0,0,1,CLEAR,none,nan,0.0,0.0,0,0,1,0,0.0308219500037074,0,0,1,1,0.0,0.6,"-0.476,10.771;-0.607,10.728;-0.805,10.662;-1.014,10.593;-1.223,10.524;-1.431,10.454;-1.640,10.385;-1.849,10.316;-2.058,10.247;-2.256,10.181;-2.350,10.150",-2.3499999999999996,10.15,2.0,-2.3499999999999996,10.15,2.0,-2.3499999999999996,10.15,2.0,2.6921450610352493,0.0,0.0,0,0,0,1,,,1,1,PASS_THROUGH,-1,0.999999855307856,-0.0005379444835040583,0.0,0.39487824050398246,0,0.9999727734865985,-0.000537929914985545,0.007359545972856168,1.9744446740853954,0.3948889348170791,0,0,0,BYPASS_VISIBLE,1,0,1,1,1
1787562392537696512,1787562392555282688,joint_v2_000005_c2dc4fc3,1637,157,0.03333333333333333,5.233333333333333,17.58599281311035,frame_id_exact,1,,-0.4911719262599945,10.766117095947266,1.9861414432525635,-0.0016669224173649193,-0.0012938521482102271,-0.8108989093764384,-0.5851824553832555,-0.45578116178512573,-0.15118712186813354,0.02075301483273506,0.48028213126520464,-0.00016483487621741835,0.01880819232230577,1.8913769475598572,-0.00027064798632636666,depth/001637.png,1.0,-0.0011891319865275772,-0.00404927409801006,-0.9999910946325461,0.48028213126520464,-0.00016483487621741835,0.01880819232230577,-0.00027064798632636666,0.9999748233649511,-0.0005218747526028165,0.007076742398699673,1.9582752829064836,0.39165505658129673,0.6,0.0,0.013858556747436523,-0.0009543325823102577,0.6,0.0,0.013858556747436523,-0.0009543325823102577,goal_capture,TERMINAL_SETTLING,NONE,DIRECT_LOCAL,PASS_THROUGH,0,6,0,0,0,0,1,0.6,1.9582752829064838,0.8246211251235326,0.0,0,0,1,CLEAR,none,nan,0.0,0.0,0,0,1,0,0.029901970874889758,0,0,1,1,0.0,0.6,"-0.491,10.766;-0.620,10.723;-0.818,10.658;-1.027,10.589;-1.235,10.519;-1.444,10.450;-1.653,10.381;-1.862,10.312;-2.071,10.243;-2.266,10.178;-2.350,10.150",-2.3499999999999996,10.15,2.0,-2.3499999999999996,10.15,2.0,-2.3499999999999996,10.15,2.0,2.676657349336475,0.0,0.0,0,0,0,1,,,0,1,PASS_THROUGH,-1,0.9999727734865985,-0.000537929914985545,0.007359545972856168,0.39487824050398246,0,0.9999748233649511,-0.0005218747526028165,0.007076742398699673,1.9583243202385021,0.3916648640477004,0,0,0,BYPASS_VISIBLE,1,0,1,1,1
1787562392587339776,1787562392604051200,joint_v2_000005_c2dc4fc3,1638,158,0.03333333333333333,5.266666666666667,16.71123504638672,frame_id_exact,1,,-0.5064165592193604,10.761053085327148,1.9868203401565552,0.01306662908580364,0.019109583650235313,-0.8106710637476251,-0.5850440269068157,-0.46148237586021423,-0.1534937471151352,0.019404102116823196,0.48492081889822325,0.00023572669387936072,0.041887666967685484,1.8913643703279173,-0.0003888608480338007,depth/001638.png,0.9999967447916667,-0.0011744193413244335,0.04627227960793354,-0.9989281740340974,0.48492081889822325,0.00023572669387936072,0.041887666967685484,-0.0003888608480338007,0.9999768440784618,-0.0005147270926047829,0.006785747040674027,1.9422115683437808,0.38844231366875615,0.6,0.0,0.013179659843444824,-0.0006367728699685493,0.6,0.0,0.013179659843444824,-0.0006367728699685493,goal_capture,TERMINAL_SETTLING,NONE,DIRECT_LOCAL,PASS_THROUGH,0,6,0,0,0,0,1,0.6,1.9422115683437806,0.8544003745317537,0.0,0,0,1,CLEAR,none,nan,0.0,0.0,0,0,0,0,0.029492370325644838,0,0,1,1,0.0,0.6,"-0.506,10.761;-0.637,10.718;-0.835,10.652;-1.044,10.583;-1.252,10.514;-1.461,10.445;-1.670,10.375;-1.879,10.306;-2.088,10.237;-2.279,10.174;-2.350,10.150",-2.3499999999999996,10.15,2.0,-2.3499999999999996,10.15,2.0,-2.3499999999999996,10.15,2.0,2.6607201756257743,0.0,0.0,0,0,0,1,,,0,1,PASS_THROUGH,-1,0.9999727734865985,-0.000537929914985545,0.007359545972856168,0.39487824050398246,0,0.9999768440784618,-0.0005147270926047829,0.006785747040674027,1.942256285777445,0.388451257155489,0,0,0,BYPASS_VISIBLE,1,0,1,1,1
1787562392636352000,1787562392651984896,joint_v2_000005_c2dc4fc3,1639,159,0.03333333333333333,5.3,15.632867813110352,frame_id_exact,1,,-0.5221091508865356,10.755827903747559,1.9873886108398438,0.027047090137416165,0.038235415027811165,-0.8099839598179946,-0.5845789021084415,-0.48248037695884705,-0.16082513332366943,0.014007490128278732,0.505036521619635,0.0006054312895431747,0.06153042110951945,1.8913288948283726,-0.0004536680644378066,depth/001639.png,1.0,-0.0008878155351197681,0.09356246225453949,-0.995613015905499,0.505036521619635,0.0006054312895431747,0.06153042110951945,-0.0004536680644378066,0.9999784348743267,-0.0004910312448258935,0.006548944541582454,1.9256719360347705,0.3851343872069541,0.6,0.0,0.01261138916015625,4.522527039307889e-05,0.6,0.0,0.01261138916015625,4.522527039307889e-05,goal_capture,TERMINAL_SETTLING,NONE,DIRECT_LOCAL,PASS_THROUGH,0,6,0,0,0,0,1,0.6,1.9256719360347705,0.7615773105863913,0.0,0,0,1,CLEAR,none,nan,0.0,0.0,0,0,1,0,0.0281346224030498,0,0,1,1,0.0,0.6,"-0.522,10.756;-0.657,10.711;-0.857,10.645;-1.066,10.575;-1.274,10.506;-1.483,10.437;-1.692,10.368;-1.901,10.299;-2.110,10.230;-2.295,10.168;-2.350,10.150",-2.3499999999999996,10.15,2.0,-2.3499999999999996,10.15,2.0,-2.3499999999999996,10.15,2.0,2.6438586013033842,0.0,0.0,0,0,0,1,,,0,1,PASS_THROUGH,-1,0.9999727734865985,-0.000537929914985545,0.007359545972856168,0.39487824050398246,0,0.9999784348743267,-0.0004910312448258935,0.006548944541582454,1.92571323212166,0.385142646424332,0,0,0,BYPASS_VISIBLE,1,0,1,1,1
1787562392682149888,1787562392698112512,joint_v2_000005_c2dc4fc3,1640,160,0.03333333333333333,5.333333333333333,15.962600708007812,frame_id_exact,1,,-0.5387184619903564,10.750288009643555,1.987704873085022,0.03639144669836519,0.05075839712774447,-0.8092751818858361,-0.5841001007634473,-0.5156546831130981,-0.17206214368343353,0.004357162397354841,0.5388190254064538,0.0008666560347152578,0.0720931698354432,1.8912587698723629,-0.00040721136610955,depth/001640.png,1.0,-0.00039458046199683516,0.12466751750246328,-0.9921984954564445,0.5388190254064538,0.0008666560347152578,0.0720931698354432,-0.00040721136610955,0.9999791456537972,-0.00043830810034146104,0.006443302220966911,1.9081631231255882,0.38163262462511766,0.5333333334,0.0,0.012295126914978027,0.0007319619009260592,0.5333333334,0.0,0.012295126914978027,0.0007319619009260592,goal_capture,TERMINAL_SETTLING,NONE,DIRECT_LOCAL,PASS_THROUGH,0,6,0,0,0,0,1,0.5333333334,1.9081631231255882,0.7615773105863913,0.0,0,0,1,CLEAR,none,nan,0.0,0.0,0,0,1,0,0.025113726398016283,0,0,1,1,0.0,0.5,"-0.539,10.750;-0.709,10.693;-0.880,10.637;-1.051,10.580;-1.222,10.523;-1.393,10.467;-1.564,10.410;-1.735,10.354;-1.906,10.297;-2.076,10.241;-2.247,10.184;-2.350,10.150",-2.3499999999999996,10.15,2.0,-2.3499999999999996,10.15,2.0,-2.3499999999999996,10.15,2.0,2.6257642960008383,0.0,0.0,0,0,0,1,,,0,1,PASS_THROUGH,-1,0.9999727734865985,-0.000537929914985545,0.007359545972856168,0.39487824050398246,0,0.9999791456537972,-0.00043830810034146104,0.006443302220966911,1.908202734145996,0.3816405468291992,0,0,0,BYPASS_VISIBLE,1,0,1,1,1
1787562392728676608,1787562392744357120,joint_v2_000005_c2dc4fc3,1641,161,0.03333333333333333,5.366666666666666,15.680551528930664,frame_id_exact,1,,-0.5565500855445862,10.744338035583496,1.9876374006271362,0.037821717899137304,0.052235532304401255,-0.8091556080155193,-0.584044663392338,-0.5545030832290649,-0.18499578535556793,-0.008632839657366276,0.5807967349263217,0.0009554407786340508,0.0666773999362243,1.8911715392466115,-0.0002188466169172898,depth/001641.png,1.0,0.00019154252204853922,0.12871249280220742,-0.9916819336400678,0.5807967349263217,0.0009554407786340508,0.0666773999362243,-0.0002188466169172898,0.999978524647141,-0.00037131828837229256,0.006543116020360218,1.8893650510691096,0.3778730102138219,0.5,0.0,0.01236259937286377,0.0011875839680763889,0.5,0.0,0.01236259937286377,0.0011875839680763889,goal_capture,TERMINAL_SETTLING,NONE,DIRECT_LOCAL,PASS_THROUGH,0,6,0,0,0,0,1,0.5,1.8893650510691096,0.7615773105863913,0.0,0,0,1,CLEAR,none,nan,0.0,0.0,0,0,0,0,0.0212754266992234,0,0,1,1,0.0,0.5,"-0.557,10.744;-0.727,10.687;-0.898,10.631;-1.069,10.574;-1.240,10.517;-1.411,10.461;-1.582,10.404;-1.752,10.348;-1.923,10.291;-2.094,10.235;-2.265,10.178;-2.350,10.150",-2.3499999999999996,10.15,2.0,-2.3499999999999996,10.15,2.0,-2.3499999999999996,10.15,2.0,2.6063969584653615,0.0,0.0,0,0,0,1,,,0,1,PASS_THROUGH,-1,0.9999727734865985,-0.000537929914985545,0.007359545972856168,0.39487824050398246,0,0.999978524647141,-0.00037131828837229256,0.006543116020360218,1.8894054964630098,0.37788109929260194,0,0,0,BYPASS_VISIBLE,1,0,1,1,1
1787562392778631936,1787562392794863872,joint_v2_000005_c2dc4fc3,1642,162,0.03333333333333333,5.4,16.232013702392578,frame_id_exact,1,,-0.575645923614502,10.737969398498535,1.9871429204940796,0.028713173321204,0.03915008330813467,-0.8098747956527658,-0.5845901470442209,-0.5897743701934814,-0.19654743373394012,-0.020419534295797348,0.620712131096609,0.0008393606553852755,0.03996754444007016,1.8911053825724977,6.674756878055632e-05,depth/001642.png,1.0,0.000734644836313178,0.09698420786582634,-0.9952856493095852,0.620712131096609,0.0008393606553852755,0.03996754444007016,6.674756878055632e-05,0.9999762925993179,-0.0003256758950351891,0.0068780938155054315,1.8692352452156902,0.37384704904313804,0.5,0.0,0.01285707950592041,0.0012611081554592118,0.5,0.0,0.01285707950592041,0.0012611081554592118,goal_capture,TERMINAL_SETTLING,NONE,DIRECT_LOCAL,PASS_THROUGH,0,6,0,0,0,0,1,0.5,1.8692352452156902,0.7615773105863913,0.0,0,0,1,CLEAR,none,nan,0.0,0.0,0,0,0,0,0.0,0,0,1,1,0.0,0.5,"-0.557,10.744;-0.727,10.687;-0.898,10.631;-1.069,10.574;-1.240,10.517;-1.411,10.461;-1.582,10.404;-1.752,10.348;-1.923,10.291;-2.094,10.235;-2.265,10.178;-2.350,10.150",-2.3499999999999996,10.15,2.0,-2.3499999999999996,10.15,2.0,-2.3499999999999996,10.15,2.0,2.58605585702312,0.0,0.012155717495392324,0,0,0,1,,,1,1,PASS_THROUGH,-1,0.9999999469650953,-0.000325683598874552,0.0,0.37384704904313804,0,0.9999762925993179,-0.0003256758950351891,0.0068780938155054315,1.8692794618381658,0.37385589236763317,0,0,0,BYPASS_VISIBLE,1,0,1,1,1
1787562392828164864,1787562392847388672,joint_v2_000005_c2dc4fc3,1643,163,0.03333333333333333,5.433333333333334,19.223928451538086,frame_id_exact,1,,-0.5957130789756775,10.73128604888916,1.9863277673721313,0.010633033813302975,0.013777763217899926,-0.8106976061430512,-0.585206376611331,-0.6111804246902466,-0.203335240483284,-0.027530189603567123,0.6446846129091692,0.0005391216520572612,-0.005109022661183786,1.8910855267813798,0.0003500038874335587,depth/001643.png,1.0,0.0011146803358535046,0.0347842376980521,-0.9993942236652733,0.6446846129091692,0.0005391216520572612,-0.005109022661183786,0.0003500038874335587,0.9999725833013228,-0.00032311677355736663,0.007397853825924127,1.8480844331118012,0.36961688662236025,0.5,0.0,0.013672232627868652,0.0010182645248502098,0.5,0.0,0.013672232627868652,0.0010182645248502098,goal_capture,TERMINAL_SETTLING,NONE,DIRECT_LOCAL,PASS_THROUGH,0,6,0,0,0,0,1,0.5,1.8480844331118012,0.7615773105863913,0.0,0,0,1,CLEAR,none,nan,0.0,0.0,0,0,0,0,0.0,0,0,1,1,0.0,0.5,"-0.557,10.744;-0.727,10.687;-0.898,10.631;-1.069,10.574;-1.240,10.517;-1.411,10.461;-1.582,10.404;-1.752,10.348;-1.923,10.291;-2.094,10.235;-2.265,10.178;-2.350,10.150",-2.3499999999999996,10.15,2.0,-2.3499999999999996,10.15,2.0,-2.3499999999999996,10.15,2.0,2.5653500589565676,0.0,0.026794335638203968,0,0,0,1,,,0,1,PASS_THROUGH,-1,0.9999762925993179,-0.0003256758950351891,0.0068780938155054315,0.37384704904313804,0,0.9999725833013228,-0.00032311677355736663,0.007397853825924127,1.8481350063929847,0.36962700127859693,0,0,0,BYPASS_VISIBLE,1,0,1,1,1
1787562392881125120,1787562392897820928,joint_v2_000005_c2dc4fc3,1644,164,0.03333333333333333,5.466666666666667,16.695737838745117,frame_id_exact,1,,-0.6161522269248962,10.724493980407715,1.9853860139846802,-0.011533239594753403,-0.01704553314434613,-0.8106395907787511,-0.5851836361744353,-0.6112489104270935,-0.20294511318206787,-0.02796575427055359,0.6423634994517138,0.00013390238185485165,-0.054434818976575344,1.8910996160254303,0.0005721745546907187,depth/001644.png,1.0,0.0012509328809922685,-0.04113369419133431,-0.99915286836855,0.6423634994517138,0.00013390238185485165,-0.054434818976575344,0.0005721745546907187,0.9999679341330272,-0.0003473486722052829,0.008000628389432414,1.8265463130515456,0.3653092626103091,0.5666666666,0.0,0.014613986015319824,0.0004466198863228854,0.5666666666,0.0,0.014613986015319824,0.0004466198863228854,goal_capture,TERMINAL_SETTLING,NONE,DIRECT_LOCAL,PASS_THROUGH,0,6,0,0,0,0,1,0.5666666666,1.8265463130515456,0.8062257748298551,0.0,0,0,1,CLEAR,none,nan,0.0,0.0,0,0,0,0,0.019902250319289803,0,0,1,1,0.0,0.6,"-0.616,10.724;-0.776,10.671;-0.985,10.602;-1.194,10.533;-1.403,10.463;-1.612,10.394;-1.821,10.325;-2.029,10.256;-2.234,10.188;-2.350,10.150",-2.3499999999999996,10.15,2.0,-2.3499999999999996,10.15,2.0,-2.3499999999999996,10.15,2.0,2.5450522122790034,0.0,0.0,0,0,0,1,,,0,1,PASS_THROUGH,-1,0.9999762925993179,-0.0003256758950351891,0.0068780938155054315,0.37384704904313804,0,0.9999679341330272,-0.0003473486722052829,0.008000628389432414,1.8266047745227896,0.3653209549045579,0,0,0,BYPASS_VISIBLE,1,0,1,1,1
1787562392928603136,1787562392944946944,joint_v2_000005_c2dc4fc3,1645,165,0.03333333333333333,5.5,16.34383201599121,frame_id_exact,1,,-0.6362006664276123,10.717843055725098,1.9845037460327148,-0.03137057884467396,-0.04441296741471445,-0.8096043772014816,-0.5844519890671693,-0.5880252122879028,-0.19481974840164185,-0.024756861850619316,0.6131073206174881,-0.0002648948934340974,-0.09187290187069883,1.891109389747881,0.0007162296096794307,depth/001645.png,1.0,0.0011189783958260036,-0.10858306005483549,-0.9940867502167392,0.6131073206174881,-0.0002648948934340974,-0.09187290187069883,0.0007162296096794307,0.9999631013506006,-0.00036136048418667087,0.008582852433132265,1.8054234660290573,0.3610846932058115,0.6,0.0,0.015496253967285156,-0.00021167336045291307,0.6,0.0,0.015496253967285156,-0.00021167336045291307,goal_capture,TERMINAL_SETTLING,NONE,DIRECT_LOCAL,PASS_THROUGH,0,6,0,0,0,0,1,0.6,1.8054234660290573,0.8246211251235326,0.0,0,0,1,CLEAR,none,nan,0.0,0.0,0,0,1,0,0.020705193719100092,0,0,1,1,0.0,0.6,"-0.636,10.718;-0.792,10.666;-1.001,10.597;-1.209,10.528;-1.418,10.458;-1.627,10.389;-1.836,10.320;-2.045,10.251;-2.246,10.184;-2.350,10.150",-2.3499999999999996,10.15,2.0,-2.3499999999999996,10.15,2.0,-2.3499999999999996,10.15,2.0,2.5258722014714676,0.0,0.0,0,0,0,1,,,0,1,PASS_THROUGH,-1,0.9999762925993179,-0.0003256758950351891,0.0068780938155054315,0.37384704904313804,0,0.9999631013506006,-0.00036136048418667087,0.008582852433132265,1.8054899682843417,0.36109799365686834,0,0,0,BYPASS_VISIBLE,1,0,1,1,1
1787562392980041472,1787562393011319296,joint_v2_000005_c2dc4fc3,1646,166,0.03333333333333333,5.533333333333333,31.277894973754883,frame_id_exact,1,,-0.6551561951637268,10.711567878723145,1.983778476715088,-0.041670105075143675,-0.05837175813331246,-0.808711436676026,-0.5838168825795043,-0.5473145842552185,-0.1809750497341156,-0.018405988812446594,0.5678956644194819,-0.0005607835724366965,-0.10068864406790035,1.8910875540749055,0.0008167310152202845,depth/001646.png,1.0,0.0007586546446298054,-0.14306723844605476,-0.9897126803909051,0.5678956644194819,-0.0005607835724366965,-0.10068864406790035,0.0008167310152202845,0.9999586739602717,-0.00033661708543053395,0.009084990949513592,1.7854562456709786,0.3570912491341957,0.5333333334,0.0,0.01622152328491211,-0.0006440093222837007,0.5333333334,0.0,0.01622152328491211,-0.0006440093222837007,goal_capture,TERMINAL_SETTLING,NONE,DIRECT_LOCAL,PASS_THROUGH,0,6,0,0,0,0,1,0.5333333334,1.7854562456709786,0.8246211251235326,0.0,0,0,1,CLEAR,none,nan,0.0,0.0,0,0,1,0,0.019287534656080282,0,0,1,1,0.0,0.5,"-0.655,10.712;-0.769,10.674;-0.883,10.636;-0.997,10.598;-1.111,10.561;-1.225,10.523;-1.339,10.485;-1.452,10.447;-1.566,10.409;-1.680,10.372;-1.794,10.334;-1.908,10.296;-2.022,10.259;-2.136,10.221;-2.250,10.183;-2.350,10.150",-2.3499999999999996,10.15,2.0,-2.3499999999999996,10.15,2.0,-2.3499999999999996,10.15,2.0,2.5081998858553716,0.0,0.0,0,0,0,1,,,0,1,PASS_THROUGH,-1,0.9999762925993179,-0.0003256758950351891,0.0068780938155054315,0.37384704904313804,0,0.9999586739602717,-0.00033661708543053395,0.009084990949513592,1.7855299333876173,0.35710598667752347,0,0,0,BYPASS_VISIBLE,1,0,1,1,1
1787562393050401536,1787562393069674496,joint_v2_000005_c2dc4fc3,1647,167,0.03333333333333333,5.566666666666666,19.273042678833008,frame_id_exact,1,,-0.6726314425468445,10.705794334411621,1.9832754135131836,-0.04047720957336344,-0.05628759184942349,-0.8088461621012759,-0.5839188201822092,-0.5014403462409973,-0.1655716896057129,-0.011980663053691387,0.5213343644972434,-0.0007032375001927745,-0.0849112912141932,1.8910431286832539,0.0008594330865889788,depth/001647.png,1.0,0.0002550972152581127,-0.1383268141993513,-0.9903866050178934,0.5213343644972434,-0.0007032375001927745,-0.0849112912141932,0.0008594330865889788,0.9999551727865106,-0.0002832287673734406,0.009464259028847679,1.7670519572713574,0.3534103914542715,0.6,0.0,0.016724586486816406,-0.0007253304664445182,0.6,0.0,0.016724586486816406,-0.0007253304664445182,goal_capture,TERMINAL_SETTLING,NONE,DIRECT_LOCAL,PASS_THROUGH,0,6,0,0,0,0,1,0.6,1.7670519572713574,0.8062257748298554,0.0,0,0,1,CLEAR,none,nan,0.0,0.0,0,0,0,0,0.016228540053446944,0,0,1,1,0.0,0.6,"-0.673,10.706;-0.811,10.660;-1.013,10.593;-1.222,10.524;-1.430,10.455;-1.639,10.385;-1.848,10.316;-2.057,10.247;-2.256,10.181;-2.350,10.150",-2.3499999999999996,10.15,2.0,-2.3499999999999996,10.15,2.0,-2.3499999999999996,10.15,2.0,2.492006079322222,0.0,0.0,0,0,0,1,,,0,1,PASS_THROUGH,-1,0.9999762925993179,-0.0003256758950351891,0.0068780938155054315,0.37384704904313804,0,0.9999551727865106,-0.0002832287673734406,0.009464259028847679,1.7671311019530187,0.35342622039060373,0,0,0,BYPASS_VISIBLE,1,0,1,1,1
1787562393108516864,1787562393129697280,joint_v2_000005_c2dc4fc3,1648,168,0.03333333333333333,5.6,21.180391311645508,frame_id_exact,1,,-0.6886528134346008,10.700505256652832,1.9829849004745483,-0.03055957357450795,-0.04208689467642858,-0.8096979076945501,-0.5845375129403649,-0.4616127610206604,-0.15236227214336395,-0.005326954182237387,0.4829237245024053,-0.0006798817873786248,-0.05579600007299472,1.8910043635543083,0.0008360196370631456,depth/001648.png,1.0,-0.000285308083548208,-0.10388177538925218,-0.9945896115188789,0.4829237245024053,-0.0006798817873786248,-0.05579600007299472,0.0008360196370631456,0.9999527182084096,-0.00023384191312153575,0.00972145388163561,1.7501801369890946,0.3500360273978189,0.6,0.0,0.01701509952545166,-0.0006095091830671251,0.6,0.0,0.01701509952545166,-0.0006095091830671251,goal_capture,TERMINAL_SETTLING,NONE,DIRECT_LOCAL,PASS_THROUGH,0,6,0,0,0,0,1,0.6,1.7501801369890946,0.8062257748298554,0.0,0,0,1,CLEAR,none,nan,0.0,0.0,0,0,1,0,0.013398787969598754,0,0,1,1,0.0,0.6,"-0.689,10.701;-0.819,10.657;-1.017,10.592;-1.226,10.523;-1.435,10.453;-1.643,10.384;-1.852,10.315;-2.061,10.246;-2.259,10.180;-2.350,10.150",-2.3499999999999996,10.15,2.0,-2.3499999999999996,10.15,2.0,-2.3499999999999996,10.15,2.0,2.476929707842836,0.0,0.0,0,0,0,1,,,1,1,PASS_THROUGH,-1,0.9999999726563953,-0.00023385296371455108,0.0,0.3500360273978189,0,0.9999527182084096,-0.00023384191312153575,0.00972145388163561,1.7502628446959123,0.35005256893918246,0,0,0,BYPASS_VISIBLE,1,0,1,1,1
1787562393167453952,1787562393186198528,joint_v2_000005_c2dc4fc3,1649,169,0.03333333333333333,5.633333333333334,18.744468688964844,frame_id_exact,1,,-0.7035756707191467,10.695579528808594,1.9829106330871582,-0.013031237557005491,-0.01741548720783908,-0.8106014241147584,-0.5851941719431014,-0.43694671988487244,-0.14436110854148865,0.0006614708108827472,0.4597698323365672,-0.0005084930075853763,-0.01935060539560692,1.8909959280360555,0.0007637595408596098,depth/001649.png,1.0,-0.0007433962122186215,-0.043485646007784776,-0.999053775306093,0.4597698323365672,-0.0005084930075853763,-0.01935060539560692,0.0007637595408596098,0.9999514414476156,-0.0002149421946669433,0.009852337118107528,1.7344653626702704,0.3468930725340541,0.6,0.0,0.017089366912841797,-0.0005114267569372721,0.6,0.0,0.017089366912841797,-0.0005114267569372721,goal_capture,TERMINAL_SETTLING,NONE,DIRECT_LOCAL,PASS_THROUGH,0,6,0,0,0,0,1,0.6,1.7344653626702706,0.8062257748298554,0.0,0,0,1,CLEAR,none,nan,0.0,0.0,0,0,0,0,0.0,0,0,1,1,0.0,0.6,"-0.689,10.701;-0.819,10.657;-1.017,10.592;-1.226,10.523;-1.435,10.453;-1.643,10.384;-1.852,10.315;-2.061,10.246;-2.259,10.180;-2.350,10.150",-2.3499999999999996,10.15,2.0,-2.3499999999999996,10.15,2.0,-2.3499999999999996,10.15,2.0,2.4623405568092536,0.0,0.0,0,0,0,1,,,0,1,PASS_THROUGH,-1,0.9999527182084096,-0.00023384191312153575,0.00972145388163561,0.3500360273978189,0,0.9999514414476156,-0.0002149421946669433,0.009852337118107528,1.7345495498152812,0.34690990996305626,0,0,0,BYPASS_VISIBLE,1,0,1,1,1
1787562393214184448,1787562393231138304,joint_v2_000005_c2dc4fc3,1650,170,0.03333333333333333,5.666666666666667,16.953706741333008,frame_id_exact,1,,-0.7180225253105164,10.690801620483398,1.982999563217163,0.008194602882376976,0.012223608181915901,-0.8107021361324639,-0.5852738490287048,-0.43367719650268555,-0.14358673989772797,0.004136274103075266,0.4565100251818323,-0.00022722163485926745,0.01757033531706259,1.8910158207763603,0.0006456702249124646,depth/001650.png,1.0,-0.0010215522962968553,0.029411584069111953,-0.9995668637732302,0.4565100251818323,-0.00022722163485926745,0.01757033531706259,0.0006456702249124646,0.9999510880456297,-0.00022965515733368744,0.009887809407035826,1.719248926308035,0.34384978526160703,0.6,0.0,0.017000436782836914,-0.0003146685998611787,0.6,0.0,0.017000436782836914,-0.0003146685998611787,goal_capture,TERMINAL_SETTLING,NONE,DIRECT_LOCAL,PASS_THROUGH,0,6,0,0,0,0,1,0.6,1.7192489263080353,0.8246211251235326,0.0,0,0,1,CLEAR,none,nan,0.0,0.0,0,0,0,0,0.013158914655536978,0,0,1,1,0.0,0.6,"-0.718,10.691;-0.843,10.650;-1.038,10.585;-1.247,10.516;-1.456,10.446;-1.664,10.377;-1.873,10.308;-2.082,10.239;-2.275,10.175;-2.350,10.150",-2.3499999999999996,10.15,2.0,-2.3499999999999996,10.15,2.0,-2.3499999999999996,10.15,2.0,2.4474861926661737,0.0,0.0,0,0,0,1,,,0,1,PASS_THROUGH,-1,0.9999527182084096,-0.00023384191312153575,0.00972145388163561,0.3500360273978189,0,0.9999510880456297,-0.00022965515733368744,0.009887809407035826,1.719332976901839,0.3438665953803678,0,0,0,BYPASS_VISIBLE,1,0,1,1,1
1787562393263608832,1787562393282304768,joint_v2_000005_c2dc4fc3,1651,171,0.03333333333333333,5.7,18.695831298828125,frame_id_exact,1,,-0.7327384352684021,10.68592357635498,1.9831295013427734,0.028258898365691495,0.04004996021984121,-0.8098105345717328,-0.5846403453801243,-0.4527996778488159,-0.1502923220396042,0.0026714354753494263,0.47453668940858973,0.00010981603496068825,0.04936988188279083,1.8910363389570548,0.0005269985995255411,depth/001651.png,1.0,-0.0010609379669186125,0.09790834359157191,-0.9951948706990933,0.47453668940858973,0.00010981603496068825,0.04936988188279083,0.0005269985995255411,0.9999509472400258,-0.0002510155669481589,0.009901520335809788,1.7037455938171073,0.34074911876342145,0.6,0.0,0.016870498657226562,-0.00036522646168712924,0.6,0.0,0.016870498657226562,-0.00036522646168712924,goal_capture,TERMINAL_SETTLING,NONE,DIRECT_LOCAL,PASS_THROUGH,0,6,0,0,0,0,1,0.6,1.7037455938171073,0.8246211251235326,0.0,0,0,1,CLEAR,none,nan,0.0,0.0,0,0,0,0,0.0,0,0,1,1,0.0,0.6,"-0.718,10.691;-0.843,10.650;-1.038,10.585;-1.247,10.516;-1.456,10.446;-1.664,10.377;-1.873,10.308;-2.082,10.239;-2.275,10.175;-2.350,10.150",-2.3499999999999996,10.15,2.0,-2.3499999999999996,10.15,2.0,-2.3499999999999996,10.15,2.0,2.431672440991599,0.0,0.0,0,0,0,1,,,0,1,PASS_THROUGH,-1,0.9999527182084096,-0.00023384191312153575,0.00972145388163561,0.3500360273978189,0,0.9999509472400258,-0.0002510155669481589,0.009901520335809788,1.7038291176570939,0.34076582353141877,0,0,0,BYPASS_VISIBLE,1,0,1,1,1
1787562393310690048,1787562393327331328,joint_v2_000005_c2dc4fc3,1652,172,0.03333333333333333,5.733333333333333,16.64113998413086,frame_id_exact,1,,-0.7484121322631836,10.680716514587402,1.9831008911132812,0.04260460593994694,0.059744897947937595,-0.8085930678853781,-0.5837744815334126,-0.49004998803138733,-0.16297735273838043,-0.005470603238791227,0.5116793097646358,0.0004366291974876639,0.07017570155473656,1.8910259509718559,0.0004570438468363136,depth/001652.png,1.0,-0.000855515601589224,0.14636158413149913,-0.9892307894437847,0.5116793097646358,0.0004366291974876639,0.07017570155473656,0.0004570438468363136,0.9999498139697708,-0.00024802918624079577,0.010015389325612346,1.6872295981690106,0.3374459196338021,0.6,0.0,0.01689910888671875,0.00038792418241229143,0.6,0.0,0.01689910888671875,0.00038792418241229143,goal_capture,TERMINAL_SETTLING,NONE,DIRECT_LOCAL,PASS_THROUGH,0,6,0,0,0,0,1,0.6,1.6872295981690106,0.7615773105863913,0.0,0,0,1,CLEAR,none,nan,0.0,0.0,0,0,1,0,0.01421173850696951,0,0,1,1,0.0,0.6,"-0.748,10.681;-0.884,10.636;-1.085,10.569;-1.294,10.500;-1.503,10.430;-1.712,10.361;-1.921,10.292;-2.129,10.223;-2.307,10.164;-2.350,10.150",-2.3499999999999996,10.15,2.0,-2.3499999999999996,10.15,2.0,-2.3499999999999996,10.15,2.0,2.4144199135010735,0.0,0.0,0,0,0,1,,,0,1,PASS_THROUGH,-1,0.9999527182084096,-0.00023384191312153575,0.00972145388163561,0.3500360273978189,0,0.9999498139697708,-0.00024802918624079577,0.010015389325612346,1.6873142258686513,0.33746284517373026,0,0,0,BYPASS_VISIBLE,1,0,1,1,1
1787562393357864704,1787562393373498368,joint_v2_000005_c2dc4fc3,1653,173,0.03333333333333333,5.766666666666667,15.633821487426758,frame_id_exact,1,,-0.7655208110809326,10.67502212524414,1.9827003479003906,0.04800481742948242,0.06688138537448192,-0.8080198931564699,-0.5833748966636799,-0.5373631715774536,-0.17889301478862762,-0.019145216792821884,0.5618225659460995,0.000681203508601266,0.07404977102941582,1.8909775380968408,0.0004875499289482832,depth/001653.png,1.0,-0.0004561476623918259,0.1640925905434574,-0.9864448355879042,0.5618225659460995,0.000681203508601266,0.07404977102941582,0.0004875499289482832,0.99994627469103,-0.00021389351502258832,0.010363492707351318,1.669198170414016,0.3338396340828032,0.5333333334,0.0,0.017299652099609375,0.0009758484180477645,0.5333333334,0.0,0.017299652099609375,0.0009758484180477645,goal_capture,TERMINAL_SETTLING,NONE,DIRECT_LOCAL,PASS_THROUGH,0,6,0,0,0,0,1,0.5333333334,1.669198170414016,0.7615773105863913,0.0,0,0,1,CLEAR,none,nan,0.0,0.0,0,0,1,0,0.012255853938663531,0,0,1,1,0.0,0.5,"-0.766,10.675;-0.879,10.637;-0.993,10.599;-1.107,10.561;-1.221,10.524;-1.335,10.486;-1.449,10.448;-1.563,10.410;-1.677,10.373;-1.791,10.335;-1.905,10.297;-2.018,10.260;-2.132,10.222;-2.246,10.184;-2.350,10.150",-2.3499999999999996,10.15,2.0,-2.3499999999999996,10.15,2.0,-2.3499999999999996,10.15,2.0,2.3955554316468386,0.0,0.0,0,0,0,1,,,0,1,PASS_THROUGH,-1,0.9999527182084096,-0.00023384191312153575,0.00972145388163561,0.3500360273978189,0,0.99994627469103,-0.00021389351502258832,0.010363492707351318,1.6692878152302755,0.3338575630460551,0,0,0,BYPASS_VISIBLE,1,0,1,1,1
1787562393402585088,1787562393421463552,joint_v2_000005_c2dc4fc3,1654,174,0.03333333333333333,5.8,18.878459930419922,frame_id_exact,1,,-0.7842392325401306,10.668789863586426,1.9818055629730225,0.042695164856892544,0.05909972893594002,-0.808608441611074,-0.5838122413009611,-0.5849176645278931,-0.1947353631258011,-0.034262288361787796,0.6149106208187107,0.0007785780696824359,0.05575627814718216,1.890916656835756,0.000628703972324729,depth/001654.png,1.0,4.10510177787371e-05,0.14542899920468766,-0.9893686898750824,0.6149106208187107,0.0007785780696824359,0.05575627814718216,0.000628703972324729,0.9999391553462056,-0.000170194090367838,0.01102980686541914,1.6494695218392306,0.3298939043678461,0.5,0.0,0.01819443702697754,0.0010573169169081353,0.5,0.0,0.01819443702697754,0.0010573169169081353,goal_capture,TERMINAL_SETTLING,NONE,DIRECT_LOCAL,PASS_THROUGH,0,6,0,0,0,0,1,0.5,1.6494695218392306,0.7615773105863913,0.0,0,0,1,CLEAR,none,nan,0.0,0.0,0,0,0,0,0.0,0,0,1,1,0.0,0.5,"-0.766,10.675;-0.879,10.637;-0.993,10.599;-1.107,10.561;-1.221,10.524;-1.335,10.486;-1.449,10.448;-1.563,10.410;-1.677,10.373;-1.791,10.335;-1.905,10.297;-2.018,10.260;-2.132,10.222;-2.246,10.184;-2.350,10.150",-2.3499999999999996,10.15,2.0,-2.3499999999999996,10.15,2.0,-2.3499999999999996,10.15,2.0,2.375253807842197,0.0,0.008761839589695605,0,0,0,1,,,1,1,PASS_THROUGH,-1,0.9999999855152235,-0.00017020444393303503,0.0,0.3298939043678461,0,0.9999391553462056,-0.000170194090367838,0.01102980686541914,1.6495698654544064,0.3299139730908813,0,0,0,BYPASS_VISIBLE,1,0,1,1,1
1787562393459688704,1787562393475557120,joint_v2_000005_c2dc4fc3,1655,175,0.03333333333333333,5.833333333333333,15.868425369262695,frame_id_exact,1,,-0.8043971657752991,10.662079811096191,1.9804641008377075,0.026358313871281368,0.036063739563882306,-0.8099528957629096,-0.5847913752987545,-0.6218782067298889,-0.20689816772937775,-0.045113079249858856,0.6568030273398588,0.000692935776494486,0.013559087431187243,1.8908827712936545,0.000819069507997483,depth/001655.png,1.0,0.0005184575789863519,0.08924808982229751,-0.996009291957063,0.6568030273398588,0.000692935776494486,0.013559087431187243,0.000819069507997483,0.9999280164139535,-0.00015440563747274783,0.011997422613025579,1.628224141233552,0.3256448282467104,0.5,0.0,0.01953589916229248,0.0009596908269116078,0.5,0.0,0.01953589916229248,0.0009596908269116078,goal_capture,TERMINAL_SETTLING,NONE,DIRECT_LOCAL,PASS_THROUGH,0,6,0,0,0,0,1,0.5,1.628224141233552,0.7615773105863913,0.0,0,0,1,CLEAR,none,nan,0.0,0.0,0,0,0,0,0.0,0,0,1,1,0.0,0.5,"-0.766,10.675;-0.879,10.637;-0.993,10.599;-1.107,10.561;-1.221,10.524;-1.335,10.486;-1.449,10.448;-1.563,10.410;-1.677,10.373;-1.791,10.335;-1.905,10.297;-2.018,10.260;-2.132,10.222;-2.246,10.184;-2.350,10.150",-2.3499999999999996,10.15,2.0,-2.3499999999999996,10.15,2.0,-2.3499999999999996,10.15,2.0,2.354050839790756,0.0,0.03409928018569607,0,0,0,1,,,0,1,PASS_THROUGH,-1,0.9999391553462056,-0.000170194090367838,0.01102980686541914,0.3298939043678461,0,0.9999280164139535,-0.00015440563747274783,0.011997422613025579,1.628341335670079,0.3256682671340158,0,0,0,BYPASS_VISIBLE,1,0,1,1,1
1787562393503079936,1787562393520140800,joint_v2_000005_c2dc4fc3,1656,176,0.03333333333333333,5.866666666666666,17.06099510192871,frame_id_exact,1,,-0.8254654407501221,10.655073165893555,1.9788843393325806,0.00241230603774104,0.002598116291517971,-0.8107545571932084,-0.5853755021879208,-0.6380738019943237,-0.21202941238880157,-0.04835033044219017,0.6727032653156279,0.00044123969713176297,-0.04361794475353635,1.8908942628417198,0.0009761080145835876,depth/001656.png,1.0,0.0008698289691065788,0.0070370789634794555,-0.999974861142632,0.6727032653156279,0.00044123969713176297,-0.04361794475353635,0.0009761080145835876,0.9999135622970381,-0.00018151517165265987,0.013146672076613521,1.6060213339968297,0.3212042667993659,0.5666666666,0.0,0.021115660667419434,0.0010500241602562355,0.5666666666,0.0,0.021115660667419434,0.0010500241602562355,goal_capture,TERMINAL_SETTLING,NONE,DIRECT_LOCAL,PASS_THROUGH,0,6,0,0,0,0,1,0.5666666666,1.6060213339968297,0.7615773105863913,0.0,0,0,1,CLEAR,none,nan,0.0,0.0,0,0,0,0,0.010400952173497744,0,0,1,1,0.0,0.6,"-0.825,10.655;-0.991,10.600;-1.200,10.531;-1.409,10.461;-1.617,10.392;-1.826,10.323;-2.035,10.254;-2.239,10.187;-2.350,10.150",-2.3499999999999996,10.15,2.0,-2.3499999999999996,10.15,2.0,-2.3499999999999996,10.15,2.0,2.3327607800484604,0.0,0.04504368162740554,0,0,0,1,,,0,1,PASS_THROUGH,-1,0.9999391553462056,-0.000170194090367838,0.01102980686541914,0.3298939043678461,0,0.9999135622970381,-0.00018151517165265987,0.013146672076613521,1.6061601403279742,0.3212320280655948,0,0,0,BYPASS_VISIBLE,1,0,1,1,1
1787562393561565696,1787562393577349632,joint_v2_000005_c2dc4fc3,1657,177,0.03333333333333333,5.9,15.784025192260742,frame_id_exact,1,,-0.8466364741325378,10.648042678833008,1.9773069620132446,-0.022398379543681193,-0.03189417694091498,-0.8101423041293289,-0.5849363393832708,-0.6276817321777344,-0.20825134217739105,-0.045619528740644455,0.6557650950832752,9.531179260608544e-05,-0.09698582791794785,1.8909324248020218,0.0010707644978538156,depth/001657.png,1.0,0.0010203765903600628,-0.07788089626723876,-0.9969621481421577,0.6557650950832752,9.531179260608544e-05,-0.09698582791794785,0.0010707644978538156,0.9998973292534118,-0.00022961611586582136,0.014327533923654894,1.5837134844560126,0.3167426968912025,0.5,0.0,0.02269303798675537,0.0005988488653585478,0.5,0.0,0.02269303798675537,0.0005988488653585478,goal_capture,TERMINAL_SETTLING,NONE,DIRECT_LOCAL,PASS_THROUGH,0,6,0,0,0,0,1,0.5,1.5837134844560126,0.8062257748298554,0.0,0,0,1,CLEAR,none,nan,0.0,0.0,0,0,1,0,0.013157384994581365,0,0,1,1,0.0,0.5,"-0.847,10.648;-0.961,10.610;-1.074,10.572;-1.188,10.535;-1.302,10.497;-1.416,10.459;-1.530,10.421;-1.644,10.384;-1.758,10.346;-1.872,10.308;-1.986,10.271;-2.100,10.233;-2.214,10.195;-2.327,10.157;-2.350,10.150",-2.3499999999999996,10.15,2.0,-2.3499999999999996,10.15,2.0,-2.3499999999999996,10.15,2.0,2.3122628645317844,0.0,0.0,0,0,0,1,,,0,1,PASS_THROUGH,-1,0.9999391553462056,-0.000170194090367838,0.01102980686541914,0.3298939043678461,0,0.9998973292534118,-0.00022961611586582136,0.014327533923654894,1.583876060435561,0.31677521208711223,0,0,0,BYPASS_VISIBLE,1,0,1,1,1
1787562393607209728,1787562393624961024,joint_v2_000005_c2dc4fc3,1658,178,0.03333333333333333,5.933333333333334,17.751455307006836,frame_id_exact,1,,-0.8670355081558228,10.641281127929688,1.9759271144866943,-0.04083377181404626,-0.057361738957547585,-0.8087462105979201,-0.5839279072169007,-0.5927625894546509,-0.19631855189800262,-0.036438994109630585,0.613116660929423,-0.0002471746546086144,-0.12379079353279357,1.890959813854901,0.0011460966197773814,depth/001658.png,1.0,0.0009419239295457016,-0.14047013586874438,-0.9900844679664091,0.613116660929423,-0.0002471746546086144,-0.12379079353279357,0.0011460966197773814,0.9998812630728188,-0.0002592126806473415,0.015407548951428032,1.5622230412878066,0.3124446082575613,0.5,0.0,0.024072885513305664,0.0005589971582686815,0.5,0.0,0.024072885513305664,0.0005589971582686815,goal_capture,TERMINAL_SETTLING,NONE,DIRECT_LOCAL,PASS_THROUGH,0,6,0,0,0,0,1,0.5,1.5622230412878066,0.8062257748298554,0.0,0,0,1,CLEAR,none,nan,0.0,0.0,0,0,0,0,0.0,0,0,1,1,0.0,0.5,"-0.847,10.648;-0.961,10.610;-1.074,10.572;-1.188,10.535;-1.302,10.497;-1.416,10.459;-1.530,10.421;-1.644,10.384;-1.758,10.346;-1.872,10.308;-1.986,10.271;-2.100,10.233;-2.214,10.195;-2.327,10.157;-2.350,10.150",-2.3499999999999996,10.15,2.0,-2.3499999999999996,10.15,2.0,-2.3499999999999996,10.15,2.0,2.2932539308326043,0.0,0.0,0,0,0,1,,,0,1,PASS_THROUGH,-1,0.9999391553462056,-0.000170194090367838,0.01102980686541914,0.3298939043678461,0,0.9998812630728188,-0.0002592126806473415,0.015407548951428032,1.5624085043763236,0.3124817008752647,0,0,0,BYPASS_VISIBLE,1,0,1,1,1
1787562393666576384,1787562393683271680,joint_v2_000005_c2dc4fc3,1659,179,0.03333333333333333,5.966666666666667,16.695261001586914,frame_id_exact,1,,-0.8859667778015137,10.635016441345215,1.9748928546905518,-0.05138193398802624,-0.07172832675686515,-0.8075967539837002,-0.5830972705778181,-0.5411713719367981,-0.17891925573349,-0.02610655315220356,0.556517571591554,-0.000504224843460832,-0.125889015647982,1.8909527169238554,0.001211449853144586,depth/001659.png,1.0,0.0006574169058143897,-0.17577645864590843,-0.984429888000621,0.556517571591554,-0.000504224843460832,-0.125889015647982,0.001211449853144586,0.9998674891634327,-0.00024785212617422863,0.01627706003357252,1.5422821480118536,0.30845642960237074,0.5,0.0,0.025107145309448242,0.00035813128674178074,0.5,0.0,0.025107145309448242,0.00035813128674178074,goal_capture,TERMINAL_SETTLING,NONE,DIRECT_LOCAL,PASS_THROUGH,0,6,0,0,0,0,1,0.5,1.5422821480118536,0.7615773105863913,0.0,0,0,1,CLEAR,none,nan,0.0,0.0,0,0,0,0,0.01420276250223433,0,0,1,1,0.0,0.5,"-0.886,10.635;-1.000,10.597;-1.114,10.560;-1.228,10.522;-1.342,10.484;-1.455,10.446;-1.569,10.408;-1.683,10.370;-1.797,10.333;-1.911,10.295;-2.025,10.258;-2.139,10.220;-2.253,10.182;-2.350,10.150",-2.3499999999999996,10.15,2.0,-2.3499999999999996,10.15,2.0,-2.3499999999999996,10.15,2.0,2.276120840878335,0.0,0.0,0,0,0,1,,,0,1,PASS_THROUGH,-1,0.9999391553462056,-0.000170194090367838,0.01102980686541914,0.3298939043678461,0,0.9998674891634327,-0.00024785212617422863,0.01627706003357252,1.5424864968036662,0.3084972993607332,0,0,0,BYPASS_VISIBLE,1,0,1,1,1
1787562393717358336,1787562393734553344,joint_v2_000005_c2dc4fc3,1660,180,0.03333333333333333,6.0,17.19498634338379,frame_id_exact,1,,-0.903041660785675,10.629375457763672,1.9741625785827637,-0.05204068611608171,-0.07227869118736094,-0.8075374866560662,-0.5830529696640037,-0.48320919275283813,-0.15953633189201355,-0.01803358644247055,0.49759144712225606,-0.0006300470830853534,-0.10803022811157305,1.890917954693601,0.001284428290091455,depth/001660.png,1.0,0.00023500134036076592,-0.17742045840713028,-0.9841351155776191,0.49759144712225606,-0.0006300470830853534,-0.10803022811157305,0.001284428290091455,0.9998563529885741,-0.00020330510636032688,0.01694792186143897,1.5242995981525436,0.30485991963050874,0.5,0.0,0.025837421417236328,0.000539338792926447,0.5,0.0,0.025837421417236328,0.000539338792926447,goal_capture,TERMINAL_SETTLING,NONE,DIRECT_LOCAL,PASS_THROUGH,0,6,0,0,0,0,1,0.5,1.5242995981525436,0.7615773105863913,0.0,0,0,1,CLEAR,none,nan,0.0,0.0,0,0,0,0,0.0,0,0,1,1,0.0,0.5,"-0.886,10.635;-1.000,10.597;-1.114,10.560;-1.228,10.522;-1.342,10.484;-1.455,10.446;-1.569,10.408;-1.683,10.370;-1.797,10.333;-1.911,10.295;-2.025,10.258;-2.139,10.220;-2.253,10.182;-2.350,10.150",-2.3499999999999996,10.15,2.0,-2.3499999999999996,10.15,2.0,-2.3499999999999996,10.15,2.0,2.260883826638273,0.0,0.0,0,0,0,1,,,1,1,PASS_THROUGH,-1,0.9999999793275789,-0.00020333431052351521,0.0,0.30485991963050874,0,0.9998563529885741,-0.00020330510636032688,0.01694792186143897,1.5245185591764694,0.30490371183529386,0,0,0,BYPASS_VISIBLE,1,0,1,1,1
1787562393777308928,1787562393794302208,joint_v2_000005_c2dc4fc3,1661,181,0.03333333333333333,6.033333333333333,16.993284225463867,frame_id_exact,1,,-0.9182364344596863,10.624360084533691,1.9736772775650024,-0.04258770472892484,-0.05878868777096796,-0.8086218909610252,-0.583832865685639,-0.43020352721214294,-0.14195787906646729,-0.011137607507407665,0.4466321313099189,-0.0006139214479557069,-0.0766193378842635,1.8908852337090527,0.0013433517888188362,depth/001661.png,1.0,-0.00022916455674100444,-0.14480384313467887,-0.9894603551921791,0.4466321313099189,-0.0006139214479557069,-0.0766193378842635,0.0013433517888188362,0.9998477371987843,-0.00015886042521153531,0.017449274536091932,1.508298510709177,0.3016597021418354,0.5,0.0,0.02632272243499756,0.0008827607426709072,0.5,0.0,0.02632272243499756,0.0008827607426709072,goal_capture,TERMINAL_SETTLING,NONE,DIRECT_LOCAL,PASS_THROUGH,0,6,0,0,0,0,1,0.5,1.508298510709177,0.7615773105863913,0.0,0,0,1,CLEAR,none,nan,0.0,0.0,0,0,0,0,0.0,0,0,1,1,0.0,0.5,"-0.886,10.635;-1.000,10.597;-1.114,10.560;-1.228,10.522;-1.342,10.484;-1.455,10.446;-1.569,10.408;-1.683,10.370;-1.797,10.333;-1.911,10.295;-2.025,10.258;-2.139,10.220;-2.253,10.182;-2.350,10.150",-2.3499999999999996,10.15,2.0,-2.3499999999999996,10.15,2.0,-2.3499999999999996,10.15,2.0,2.247199108228956,0.0,0.0,0,0,0,1,,,0,1,PASS_THROUGH,-1,0.9998563529885741,-0.00020330510636032688,0.01694792186143897,0.30485991963050874,0,0.9998477371987843,-0.00015886042521153531,0.017449274536091932,1.5085281843982603,0.3017056368796521,0,0,0,BYPASS_VISIBLE,1,0,1,1,1
1787562393827798784,1787562393845364480,joint_v2_000005_c2dc4fc3,1662,182,0.03333333333333333,6.066666666666666,17.56572723388672,frame_id_exact,1,,-0.9318909645080566,10.619853019714355,1.9734164476394653,-0.02510694783655777,-0.034232513601434776,-0.8100324179255727,-0.5848463542611086,-0.3922420144081116,-0.12952379882335663,-0.004442292731255293,0.4112081598197552,-0.0004706313358250047,-0.03946611327548087,1.8908829963710188,0.0013769553042948246,depth/001662.png,1.0,-0.0006333617715703413,-0.08482630534614982,-0.9963955523657199,0.4112081598197552,-0.0004706313358250047,-0.03946611327548087,0.0013769553042948246,0.999841704777068,-0.00014592294497843832,0.017791686119665192,1.4939193742229153,0.2987838748445831,0.5666666666,0.0,0.026583552360534668,0.00046932606773797403,0.5666666666,0.0,0.026583552360534668,0.00046932606773797403,goal_capture,TERMINAL_SETTLING,NONE,DIRECT_LOCAL,PASS_THROUGH,0,6,0,0,0,0,1,0.5666666666,1.4939193742229153,0.8062257748298554,0.0,0,0,1,CLEAR,none,nan,0.0,0.0,0,0,0,0,0.008362092501355075,0,0,1,1,0.0,0.6,"-0.932,10.620;-1.048,10.581;-1.239,10.518;-1.448,10.449;-1.657,10.379;-1.866,10.310;-2.075,10.241;-2.269,10.177;-2.350,10.150",-2.3499999999999996,10.15,2.0,-2.3499999999999996,10.15,2.0,-2.3499999999999996,10.15,2.0,2.2344377619052005,0.0,0.0,0,0,0,1,,,0,1,PASS_THROUGH,-1,0.9998563529885741,-0.00020330510636032688,0.01694792186143897,0.30485991963050874,0,0.999841704777068,-0.00014592294497843832,0.017791686119665192,1.494155876049983,0.2988311752099966,0,0,0,BYPASS_VISIBLE,1,0,1,1,1
1787562393884430080,1787562393901236224,joint_v2_000005_c2dc4fc3,1663,183,0.03333333333333333,6.1,16.80612564086914,frame_id_exact,1,,-0.9446308612823486,10.615642547607422,1.9733810424804688,-0.0026541344445028627,-0.002915471168859627,-0.8107597265400207,-0.585365801374632,-0.3762064576148987,-0.12447776645421982,0.0021923640742897987,0.3962700250354617,-0.00023248959412072777,-0.0009125567375989543,1.8909156172163848,0.0013691408094018698,depth/001663.png,1.0,-0.0008904963985628804,-0.007834772287324755,-0.9999689111964281,0.3962700250354617,-0.00023248959412072777,-0.0009125567375989543,0.0013691408094018698,0.9998383898549801,-0.00017177053865769472,0.017976781332679947,1.4805017386691315,0.2961003477338263,0.6,0.0,0.02661895751953125,0.0002947140215825428,0.6,0.0,0.02661895751953125,0.0002947140215825428,goal_capture,TERMINAL_SETTLING,NONE,DIRECT_LOCAL,PASS_THROUGH,0,6,0,0,0,0,1,0.6,1.4805017386691317,0.8062257748298554,0.0,0,0,1,CLEAR,none,nan,0.0,0.0,0,0,1,0,0.009843317592953872,0,0,1,1,0.0,0.6,"-0.945,10.616;-1.058,10.578;-1.247,10.515;-1.456,10.446;-1.665,10.377;-1.873,10.308;-2.082,10.239;-2.275,10.175;-2.350,10.150",-2.3499999999999996,10.15,2.0,-2.3499999999999996,10.15,2.0,-2.3499999999999996,10.15,2.0,2.221794508352002,0.0,0.0,0,0,0,1,,,0,1,PASS_THROUGH,-1,0.9998563529885741,-0.00020330510636032688,0.01694792186143897,0.30485991963050874,0,0.9998383898549801,-0.00017177053865769472,0.017976781332679947,1.480741019591795,0.296148203918359,0,0,0,BYPASS_VISIBLE,1,0,1,1,1
1787562393934489344,1787562393952160256,joint_v2_000005_c2dc4fc3,1664,184,0.03333333333333333,6.133333333333334,17.67110824584961,frame_id_exact,1,,-0.9572593569755554,10.611457824707031,1.9735205173492432,0.022193156911173875,0.031548405499840046,-0.8101641735038173,-0.5849326233572635,-0.3859190046787262,-0.12802284955978394,0.005229374393820763,0.4049868894698024,5.4763691437978864e-05,0.03655531283806329,1.8909608430501201,0.0013062391662970185,depth/001664.png,1.0,-0.0009471819307568866,0.07708177871954702,-0.9970243237934674,0.4049868894698024,5.4763691437978864e-05,0.03655531283806329,0.0013062391662970185,0.9998371572278248,-0.00021731814041527485,0.018044716661886097,1.4671979493972471,0.2934395898794494,0.5333333334,0.0,0.026479482650756836,0.0002585611668770582,0.5333333334,0.0,0.026479482650756836,0.0002585611668770582,goal_capture,TERMINAL_SETTLING,NONE,DIRECT_LOCAL,PASS_THROUGH,0,6,0,0,0,0,1,0.5333333334,1.4671979493972471,0.8062257748298554,0.0,0,0,1,CLEAR,none,nan,0.0,0.0,0,0,1,0,0.012453440014070625,0,0,1,1,0.0,0.5,"-0.957,10.611;-1.062,10.577;-1.176,10.539;-1.290,10.501;-1.404,10.463;-1.518,10.426;-1.632,10.388;-1.746,10.350;-1.860,10.312;-1.974,10.275;-2.087,10.237;-2.201,10.199;-2.315,10.161;-2.350,10.150",-2.3499999999999996,10.15,2.0,-2.3499999999999996,10.15,2.0,-2.3499999999999996,10.15,2.0,2.2084080819161755,0.0,0.0,0,0,0,1,,,0,1,PASS_THROUGH,-1,0.9998563529885741,-0.00020330510636032688,0.01694792186143897,0.30485991963050874,0,0.9998371572278248,-0.00021731814041527485,0.018044716661886097,1.4674368762290728,0.2934873752458146,0,0,0,BYPASS_VISIBLE,1,0,1,1,1
1787562393983399936,1787562394015503360,joint_v2_000005_c2dc4fc3,1665,185,0.03333333333333333,6.166666666666667,32.103538513183594,frame_id_exact,1,,-0.9706373810768127,10.607014656066895,1.9736030101776123,0.044036060119112826,0.06167327918893434,-0.8084359556149,-0.5836853070896106,-0.42047086358070374,-0.1397806704044342,-0.001986348768696189,0.4383073172301236,0.0003371235598277022,0.06499931177084875,1.890983972296658,0.001210431451909244,depth/001665.png,1.0,-0.0007949051174125366,0.15112419534130317,-0.9885144640865393,0.4383073172301236,0.0003371235598277022,0.06499931177084875,0.001210431451909244,0.9998350090697703,-0.00024737804741335593,0.018162968990613138,1.453101383366823,0.2906202766733646,0.5,0.0,0.026396989822387695,0.0006447008111987174,0.5,0.0,0.026396989822387695,0.0006447008111987174,goal_capture,TERMINAL_SETTLING,NONE,DIRECT_LOCAL,PASS_THROUGH,0,6,0,0,0,0,1,0.5,1.453101383366823,0.7615773105863913,0.0,0,0,1,CLEAR,none,nan,0.0,0.0,0,0,0,0,0.014176056692519942,0,0,1,1,0.0,0.5,"-0.971,10.607;-1.079,10.571;-1.193,10.533;-1.307,10.495;-1.421,10.458;-1.535,10.420;-1.649,10.382;-1.763,10.344;-1.876,10.307;-1.990,10.269;-2.104,10.231;-2.218,10.194;-2.332,10.156;-2.350,10.150",-2.3499999999999996,10.15,2.0,-2.3499999999999996,10.15,2.0,-2.3499999999999996,10.15,2.0,2.193562115440776,0.0,0.0,0,0,0,1,,,0,1,PASS_THROUGH,-1,0.9998563529885741,-0.00020330510636032688,0.01694792186143897,0.30485991963050874,0,0.9998350090697703,-0.00024737804741335593,0.018162968990613138,1.4533411269947114,0.29066822539894227,0,0,0,BYPASS_VISIBLE,1,0,1,1,1
1787562394052235008,1787562394067359232,joint_v2_000005_c2dc4fc3,1666,186,0.03333333333333333,6.2,15.124082565307617,frame_id_exact,1,,-0.985482931137085,10.602076530456543,1.9733091592788696,0.054835227947619435,0.07636918918103425,-0.8071761074919488,-0.5827757512233243,-0.4721072316169739,-0.15712139010429382,-0.016374416649341583,0.49183531436400696,0.0005578050106843209,0.07705973846298325,1.8909696503320585,0.0011658824514597654,depth/001666.png,1.0,-0.0004888514942004429,0.18720005203227924,-0.982321689439528,0.49183531436400696,0.0005578050106843209,0.07705973846298325,0.0011658824514597654,0.9998276269977752,-0.00024590031315356516,0.018564908430529815,1.437456093453941,0.2874912186907882,0.5,0.0,0.02669084072113037,0.0006353288682792169,0.5,0.0,0.02669084072113037,0.0006353288682792169,goal_capture,TERMINAL_SETTLING,NONE,DIRECT_LOCAL,PASS_THROUGH,0,6,0,0,0,0,1,0.5,1.437456093453941,0.7615773105863913,0.0,0,0,1,CLEAR,none,nan,0.0,0.0,0,0,0,0,0.0,0,0,1,1,0.0,0.5,"-0.971,10.607;-1.079,10.571;-1.193,10.533;-1.307,10.495;-1.421,10.458;-1.535,10.420;-1.649,10.382;-1.763,10.344;-1.876,10.307;-1.990,10.269;-2.104,10.231;-2.218,10.194;-2.332,10.156;-2.350,10.150",-2.3499999999999996,10.15,2.0,-2.3499999999999996,10.15,2.0,-2.3499999999999996,10.15,2.0,2.176902465954841,0.0,0.0,0,0,0,1,,,1,1,PASS_THROUGH,-1,0.999999969756094,-0.0002459426995981272,0.0,0.2874912186907882,0,0.9998276269977752,-0.00024590031315356516,0.018564908430529815,1.4377038713122623,0.28754077426245245,0,0,0,BYPASS_VISIBLE,1,0,1,1,1
1787562394098401280,1787562394115592704,joint_v2_000005_c2dc4fc3,1667,187,0.03333333333333333,6.233333333333333,17.191410064697266,frame_id_exact,1,,-1.0021535158157349,10.596528053283691,1.9724777936935425,0.05140249966277418,0.07128060764777322,-0.8076315949406688,-0.5831021049999514,-0.5275894999504089,-0.17561925947666168,-0.03349526599049568,0.5533262021760673,0.0006674890958687218,0.06437706147801892,1.890936313522965,0.0012013069353997707,depth/001667.png,1.0,-9.917915701740387e-05,0.17508275319706806,-0.9845537160035654,0.5533262021760673,0.0006674890958687218,0.06437706147801892,0.0012013069353997707,0.9998121687515578,-0.0002295207947847322,0.019379745522362442,1.419886420562295,0.283977284112459,0.5,0.0,0.02752220630645752,0.0006359194763794207,0.5,0.0,0.02752220630645752,0.0006359194763794207,goal_capture,TERMINAL_SETTLING,NONE,DIRECT_LOCAL,PASS_THROUGH,0,6,0,0,0,0,1,0.5,1.419886420562295,0.7615773105863913,0.0,0,0,1,CLEAR,none,nan,0.0,0.0,0,0,0,0,0.0,0,0,1,1,0.0,0.5,"-0.971,10.607;-1.079,10.571;-1.193,10.533;-1.307,10.495;-1.421,10.458;-1.535,10.420;-1.649,10.382;-1.763,10.344;-1.876,10.307;-1.990,10.269;-2.104,10.231;-2.218,10.194;-2.332,10.156;-2.350,10.150",-2.3499999999999996,10.15,2.0,-2.3499999999999996,10.15,2.0,-2.3499999999999996,10.15,2.0,2.1585337412115186,0.0,0.0,0,0,0,1,,,0,1,PASS_THROUGH,-1,0.9998276269977752,-0.00024590031315356516,0.018564908430529815,0.2874912186907882,0,0.9998121687515578,-0.0002295207947847322,0.019379745522362442,1.420153132284396,0.2840306264568792,0,0,0,BYPASS_VISIBLE,1,0,1,1,1
1787562394147821056,1787562394163358976,joint_v2_000005_c2dc4fc3,1668,188,0.03333333333333333,6.266666666666667,15.53797721862793,frame_id_exact,1,,-1.0205485820770264,10.59040641784668,1.9711092710494995,0.03556400896614441,0.04900690463373722,-0.809283095854122,-0.5842896501986357,-0.5735541582107544,-0.19082938134670258,-0.047536689788103104,0.6057803203600121,0.000633787108167698,0.025879795989254405,1.89091754771658,0.0012500416487455368,depth/001668.png,1.0,0.0002942482226817658,0.12088028371741646,-0.9926670491289515,0.6057803203600121,0.000633787108167698,0.025879795989254405,0.0012500416487455368,0.9997872663299163,-0.00022941197200583146,0.020624486774224605,1.4004995128517357,0.2800999025703471,0.5666666666,0.0,0.02889072895050049,0.0009628608379497194,0.5666666666,0.0,0.02889072895050049,0.0009628608379497194,goal_capture,TERMINAL_SETTLING,NONE,DIRECT_LOCAL,PASS_THROUGH,0,6,0,0,0,0,1,0.5666666666,1.4004995128517355,0.7615773105863913,0.0,0,0,1,CLEAR,none,nan,0.0,0.0,0,0,0,0,0.013147134373194034,0,0,1,1,0.0,0.6,"-1.021,10.590;-1.087,10.568;-1.173,10.540;-1.278,10.505;-1.382,10.470;-1.486,10.436;-1.591,10.401;-1.695,10.367;-1.800,10.332;-1.904,10.297;-2.009,10.263;-2.113,10.228;-2.217,10.194;-2.298,10.167;-2.350,10.150",-2.3499999999999996,10.15,2.0,-2.3499999999999996,10.15,2.0,-2.3499999999999996,10.15,2.0,2.138961937417982,0.0,0.0008673459047870076,0,0,0,1,,,0,1,PASS_THROUGH,-1,0.9998276269977752,-0.00024590031315356516,0.018564908430529815,0.2874912186907882,0,0.9997872663299163,-0.00022941197200583146,0.020624486774224605,1.4007974727694361,0.2801594945538872,0,0,0,BYPASS_VISIBLE,1,0,1,1,1
1787562394195325184,1787562394212053248,joint_v2_000005_c2dc4fc3,1669,189,0.03333333333333333,6.3,16.72816276550293,frame_id_exact,1,,-1.0401653051376343,10.583882331848145,1.96937894821167,0.012562094637886632,0.01687881076006339,-0.8105943370680757,-0.5852299720954163,-0.5995175838470459,-0.19928529858589172,-0.05493517965078354,0.6335236144962213,0.0004607050535277011,-0.02830998346923695,1.8909329081512685,0.0012641116045415401,depth/001669.png,1.0,0.0006095536501368633,0.042067165425882916,-0.9991145990512695,0.6335236144962213,0.0004607050535277011,-0.02830998346923695,0.0012641116045415401,0.999753814927731,-0.0002624153876202302,0.022186497596804324,1.3798263679735827,0.27596527359471656,0.6,0.0,0.030621051788330078,0.0010377125628191486,0.6,0.0,0.030621051788330078,0.0010377125628191486,goal_capture,TERMINAL_SETTLING,NONE,DIRECT_LOCAL,PASS_THROUGH,0,6,0,0,0,0,1,0.6,1.3798263679735827,0.7615773105863913,0.0,0,0,1,CLEAR,none,nan,0.0,0.0,0,0,1,0,0.015038996221043646,0,0,1,1,0.0,0.6,"-1.040,10.584;-1.110,10.561;-1.198,10.531;-1.302,10.497;-1.407,10.462;-1.511,10.427;-1.616,10.393;-1.720,10.358;-1.824,10.324;-1.929,10.289;-2.033,10.255;-2.138,10.220;-2.237,10.187;-2.312,10.163;-2.350,10.150",-2.3499999999999996,10.15,2.0,-2.3499999999999996,10.15,2.0,-2.3499999999999996,10.15,2.0,2.1189455645509816,0.0,0.018760953674217318,0,0,0,1,,,0,1,PASS_THROUGH,-1,0.9998276269977752,-0.00024590031315356516,0.018564908430529815,0.2874912186907882,0,0.999753814927731,-0.0002624153876202302,0.022186497596804324,1.3801660967317637,0.2760332193463527,0,0,0,BYPASS_VISIBLE,1,0,1,1,1
1787562394240808192,1787562394258849792,joint_v2_000005_c2dc4fc3,1670,190,0.03333333333333333,6.333333333333333,18.041610717773438,frame_id_exact,1,,-1.0602459907531738,10.5772123336792,1.9675757884979248,-0.009548004575375376,-0.013891756832657328,-0.8106627988399396,-0.5852706051714256,-0.601333737373352,-0.19964277744293213,-0.05165392905473709,0.6315076820899627,0.0001961584479507467,-0.07297698033318259,1.890973152073222,0.0012487826170399785,depth/001670.png,1.0,0.0007804496318665789,-0.033699393781550666,-0.9994317094014619,0.6315076820899627,0.0001961584479507467,-0.07297698033318259,0.0012487826170399785,0.9997153092864893,-0.00031540416000312515,0.023857931562373362,1.3586669137120726,0.27173338274241454,0.5333333334,0.0,0.032424211502075195,0.0005706005333783182,0.5333333334,0.0,0.032424211502075195,0.0005706005333783182,goal_capture,TERMINAL_SETTLING,NONE,DIRECT_LOCAL,PASS_THROUGH,0,6,0,0,0,0,1,0.5333333334,1.3586669137120726,0.8062257748298554,0.0,1,0,1,CLEAR,none,nan,0.0,0.0,0,0,1,0,0.018076472813446643,0,0,1,1,0.0,0.5,"-1.060,10.577;-1.174,10.539;-1.288,10.502;-1.402,10.464;-1.516,10.426;-1.630,10.388;-1.744,10.351;-1.858,10.313;-1.972,10.275;-2.085,10.238;-2.199,10.200;-2.313,10.162;-2.350,10.150",-2.3499999999999996,10.15,2.0,-2.3499999999999996,10.15,2.0,-2.3499999999999996,10.15,2.0,2.0992594856751943,0.0,0.0,0,0,0,1,,,0,1,PASS_THROUGH,-1,0.9998276269977752,-0.00024590031315356516,0.018564908430529815,0.2874912186907882,0,0.9997153092864893,-0.00031540416000312515,0.023857931562373362,1.3590537560771538,0.27181075121543075,0,0,0,BYPASS_VISIBLE,1,0,1,1,1
1787562394293884416,1787562394309446656,joint_v2_000005_c2dc4fc3,1671,191,0.03333333333333333,6.366666666666666,15.562057495117188,frame_id_exact,1,,-1.0800138711929321,10.570653915405273,1.9660282135009766,-0.026034065249302546,-0.03672126667653271,-0.8099616043474815,-0.5847529183365567,-0.5816537737846375,-0.19283464550971985,-0.040599606931209564,0.6066513712789148,-8.773048683173993e-05,-0.09554447748829942,1.8910133905626676,0.001223661587573588,depth/001671.png,1.0,0.0007725491942106935,-0.08993262340338029,-0.9959475520405321,0.6066513712789148,-8.773048683173993e-05,-0.09554447748829942,0.001223661587573588,0.9996776871123816,-0.00036313263582925037,0.025384838473544453,1.337839483610851,0.2675678967221702,0.5,0.0,0.03397178649902344,3.5345111535356466e-05,0.5,0.0,0.03397178649902344,3.5345111535356466e-05,goal_capture,TERMINAL_SETTLING,NONE,DIRECT_LOCAL,PASS_THROUGH,0,6,0,0,0,0,1,0.5,1.337839483610851,0.8246211251235326,0.0,0,0,1,CLEAR,none,nan,0.0,0.0,0,0,0,0,0.020812674714680426,0,0,1,1,0.0,0.5,"-1.080,10.571;-1.194,10.533;-1.308,10.495;-1.422,10.457;-1.536,10.420;-1.650,10.382;-1.763,10.344;-1.877,10.306;-1.991,10.269;-2.105,10.231;-2.219,10.193;-2.333,10.156;-2.350,10.150",-2.3499999999999996,10.15,2.0,-2.3499999999999996,10.15,2.0,-2.3499999999999996,10.15,2.0,2.080518211204451,0.0,0.0,0,0,0,1,,,0,1,PASS_THROUGH,-1,0.9998276269977752,-0.00024590031315356516,0.018564908430529815,0.2874912186907882,0,0.9996776871123816,-0.00036313263582925037,0.025384838473544453,1.3382707372524005,0.2676541474504801,0,0,0,BYPASS_VISIBLE,1,0,1,1,1
1787562394338610176,1787562394354312192,joint_v2_000005_c2dc4fc3,1672,192,0.03333333333333333,6.4,15.702009201049805,frame_id_exact,1,,-1.0988504886627197,10.564413070678711,1.9648895263671875,-0.036924864570806216,-0.051653414270627716,-0.8091523713285069,-0.5841582997305343,-0.5465058088302612,-0.18092691898345947,-0.027940431609749794,0.5674936781870493,-0.0003230667734086293,-0.10067093752517786,1.8910331213777658,0.0011672246037051082,depth/001672.png,1.0,0.0005918578543099642,-0.1267308974995091,-0.9919369583412291,0.5674936781870493,-0.0003230667734086293,-0.10067093752517786,0.0011672246037051082,0.999645289137354,-0.00038402919349743187,0.02662984091342977,1.3179959381078807,0.26359918762157614,0.5,0.0,0.0351104736328125,1.1558518500098813e-05,0.5,0.0,0.0351104736328125,1.1558518500098813e-05,goal_capture,TERMINAL_SETTLING,NONE,DIRECT_LOCAL,PASS_THROUGH,0,6,0,0,0,0,1,0.5,1.3179959381078807,0.8246211251235326,0.0,0,0,1,CLEAR,none,nan,0.0,0.0,0,0,0,0,0.0,0,0,1,1,0.0,0.5,"-1.080,10.571;-1.194,10.533;-1.308,10.495;-1.422,10.457;-1.536,10.420;-1.650,10.382;-1.763,10.344;-1.877,10.306;-1.991,10.269;-2.105,10.231;-2.219,10.193;-2.333,10.156;-2.350,10.150",-2.3499999999999996,10.15,2.0,-2.3499999999999996,10.15,2.0,-2.3499999999999996,10.15,2.0,2.0631228129328267,0.0,0.0,0,0,0,1,,,1,1,PASS_THROUGH,-1,0.9999999262084573,-0.00038416543281140196,0.0,0.26359918762157614,0,0.999645289137354,-0.00038402919349743187,0.02662984091342977,1.3184635141814098,0.263692702836282,0,0,0,BYPASS_VISIBLE,1,0,1,1,1
1787562394386636544,1787562394402298880,joint_v2_000005_c2dc4fc3,1673,193,0.03333333333333333,6.433333333333334,15.662431716918945,frame_id_exact,1,,-1.1163499355316162,10.558624267578125,1.9641494750976562,-0.041392121416198926,-0.0575766253512243,-0.8087511987340783,-0.5838605338983127,-0.5026426911354065,-0.1662171632051468,-0.016856977716088295,0.5217037147067242,-0.0004631443230563073,-0.09158055225904561,1.8910287231394478,0.001100009772926569,depth/001673.png,1.0,0.0002815828082630978,-0.14146478176222252,-0.9899432489956628,0.5217037147067242,-0.0004631443230563073,-0.09158055225904561,0.001100009772926569,0.9996196372745041,-0.0003741710673559828,0.027576090571384687,1.2995638782363126,0.2599127756472625,0.5,0.0,0.03585052490234375,-1.810813060165728e-05,0.5,0.0,0.03585052490234375,-1.810813060165728e-05,goal_capture,TERMINAL_SETTLING,NONE,DIRECT_LOCAL,PASS_THROUGH,0,6,0,0,0,0,1,0.5,1.2995638782363126,0.8246211251235326,0.0,1,0,1,CLEAR,none,nan,0.0,0.0,0,0,0,0,0.0,0,0,1,1,0.0,0.5,"-1.080,10.571;-1.194,10.533;-1.308,10.495;-1.422,10.457;-1.536,10.420;-1.650,10.382;-1.763,10.344;-1.877,10.306;-1.991,10.269;-2.105,10.231;-2.219,10.193;-2.333,10.156;-2.350,10.150",-2.3499999999999996,10.15,2.0,-2.3499999999999996,10.15,2.0,-2.3499999999999996,10.15,2.0,2.0472294371734874,0.0,0.0,0,0,0,1,,,0,1,PASS_THROUGH,-1,0.999645289137354,-0.00038402919349743187,0.02662984091342977,0.26359918762157614,0,0.9996196372745041,-0.0003741710673559828,0.027576090571384687,1.3000582809060441,0.2600116561812088,0,0,0,BYPASS_VISIBLE,1,0,1,1,1
1787562394431524096,1787562394447053312,joint_v2_000005_c2dc4fc3,1674,194,0.03333333333333333,6.466666666666667,15.529155731201172,frame_id_exact,1,,-1.1323517560958862,10.553337097167969,1.963747262954712,-0.03815630948949201,-0.05277998838742028,-0.8090739172008963,-0.5840871213930019,-0.45806026458740234,-0.15139195322990417,-0.007488019298762083,0.4773639104778489,-0.000487942466692449,-0.07013029883802538,1.8910134587178538,0.0010348884388804436,depth/001674.png,1.0,-8.632660045729962e-05,-0.12997904185425163,-0.9915167377439318,0.4773639104778489,-0.000487942466692449,-0.07013029883802538,0.0010348884388804436,0.9996007912105781,-0.0003491828524662238,0.0282513058551642,1.2827112145119237,0.25654224290238475,0.5,0.0,0.036252737045288086,-1.4119688587221901e-05,0.5,0.0,0.036252737045288086,-1.4119688587221901e-05,goal_capture,TERMINAL_SETTLING,NONE,DIRECT_LOCAL,PASS_THROUGH,0,6,0,0,0,0,1,0.5,1.2827112145119237,0.8062257748298554,0.0,1,0,1,CLEAR,none,nan,0.0,0.0,0,0,0,0,0.02001469295223523,0,0,1,1,0.0,0.5,"-1.132,10.553;-1.245,10.516;-1.359,10.479;-1.472,10.441;-1.586,10.403;-1.700,10.365;-1.814,10.327;-1.928,10.290;-2.042,10.252;-2.156,10.214;-2.270,10.177;-2.350,10.150",-2.3499999999999996,10.15,2.0,-2.3499999999999996,10.15,2.0,-2.3499999999999996,10.15,2.0,2.032718064468523,0.0,0.0,0,0,0,1,,,0,1,PASS_THROUGH,-1,0.999645289137354,-0.00038402919349743187,0.02662984091342977,0.26359918762157614,0,0.9996007912105781,-0.0003491828524662238,0.0282513058551642,1.2832234103140143,0.2566446820628029,0,0,0,BYPASS_VISIBLE,1,0,1,1,1
1787562394479602688,1787562394496852224,joint_v2_000005_c2dc4fc3,1675,195,0.03333333333333333,6.5,17.249584197998047,frame_id_exact,1,,-1.146973729133606,10.548501968383789,1.9636374711990356,-0.027624313677354496,-0.03789842259903303,-0.809905575397532,-0.5846824486833455,-0.4211936295032501,-0.13925448060035706,0.0007711256621405482,0.441737536581778,-0.0004020099807043631,-0.040795412717866034,1.8910071684271192,0.000956301752012223,depth/001675.png,1.0,-0.0004290862747616739,-0.09369119025160227,-0.9956012137167205,0.441737536581778,-0.0004020099807043631,-0.040795412717866034,0.000956301752012223,0.99958856251107,-0.00033668149374268814,0.028680870674102715,1.267310548839729,0.2534621097679458,0.5,0.0,0.036362528800964355,5.7906444776989474e-05,0.5,0.0,0.036362528800964355,5.7906444776989474e-05,goal_capture,TERMINAL_SETTLING,NONE,DIRECT_LOCAL,PASS_THROUGH,0,6,0,0,0,0,1,0.5,1.2673105488397292,0.8062257748298554,0.0,1,0,1,CLEAR,none,nan,0.0,0.0,0,0,0,0,0.0,0,0,1,1,0.0,0.5,"-1.132,10.553;-1.245,10.516;-1.359,10.479;-1.472,10.441;-1.586,10.403;-1.700,10.365;-1.814,10.327;-1.928,10.290;-2.042,10.252;-2.156,10.214;-2.270,10.177;-2.350,10.150",-2.3499999999999996,10.15,2.0,-2.3499999999999996,10.15,2.0,-2.3499999999999996,10.15,2.0,2.019209673606428,0.0,0.0,0,0,0,1,,,0,1,PASS_THROUGH,-1,0.999645289137354,-0.00038402919349743187,0.02662984091342977,0.26359918762157614,0,0.99958856251107,-0.00033668149374268814,0.028680870674102715,1.2678321106129378,0.25356642212258756,0,0,0,BYPASS_VISIBLE,1,0,1,1,1
1787562394532132096,1787562394549405696,joint_v2_000005_c2dc4fc3,1676,196,0.03333333333333333,6.533333333333333,17.273664474487305,frame_id_exact,1,,-1.160595178604126,10.543996810913086,1.9637850522994995,-0.011936411727692504,-0.015960910624041674,-0.8106385312237963,-0.5852076068391838,-0.39894363284111023,-0.1320701241493225,0.007886427454650402,0.42021671574819386,-0.00022813527425166554,-0.008865403283315879,1.891020376758562,0.0008557846886105835,depth/001676.png,1.0,-0.000671337923499233,-0.039847616173355055,-0.9992055428142367,0.42021671574819386,-0.00022813527425166554,-0.008865403283315879,0.0008557846886105835,0.9995824978222,-0.0003446248971297338,0.028891370358841612,1.2529634137393764,0.2505926827478753,0.5,0.0,0.03621494770050049,3.65308272698428e-05,0.5,0.0,0.03621494770050049,3.65308272698428e-05,goal_capture,TERMINAL_SETTLING,NONE,DIRECT_LOCAL,PASS_THROUGH,0,6,0,0,0,0,1,0.5,1.2529634137393764,0.8062257748298554,0.0,1,0,1,CLEAR,none,nan,0.0,0.0,0,0,0,0,0.0,0,0,1,1,0.0,0.5,"-1.132,10.553;-1.245,10.516;-1.359,10.479;-1.472,10.441;-1.586,10.403;-1.700,10.365;-1.814,10.327;-1.928,10.290;-2.042,10.252;-2.156,10.214;-2.270,10.177;-2.350,10.150",-2.3499999999999996,10.15,2.0,-2.3499999999999996,10.15,2.0,-2.3499999999999996,10.15,2.0,2.0061476809494634,0.0,0.0,0,0,0,1,,,0,1,PASS_THROUGH,-1,0.999645289137354,-0.00038402919349743187,0.02662984091342977,0.26359918762157614,0,0.9995824978222,-0.0003446248971297338,0.028891370358841612,1.2534866726879794,0.2506973345375959,0,0,0,BYPASS_VISIBLE,1,0,1,1,1
1787562394579107840,1787562394595456768,joint_v2_000005_c2dc4fc3,1677,197,0.03333333333333333,6.566666666666666,16.349077224731445,frame_id_exact,1,,-1.1737761497497559,10.539628982543945,1.9641374349594116,0.005620037302105397,0.008434387297030941,-0.8107591022337352,-0.5852921957764297,-0.3950745761394501,-0.13104096055030823,0.012800760567188263,0.41589522179225114,-1.9488248737973094e-06,0.021229178302241133,1.8910454342190994,0.0007397161680273712,depth/001677.png,1.0,-0.0007601693270659817,0.02025524049145427,-0.9997945525832933,0.41589522179225114,-1.9488248737973094e-06,0.021229178302241133,0.0007397161680273712,0.9995813468927222,-0.00037086614422800977,0.028930838260145746,1.239077596414259,0.2478155192828518,0.5666666666,0.0,0.03586256504058838,-0.0002687346280882963,0.5666666666,0.0,0.03586256504058838,-0.0002687346280882963,goal_capture,TERMINAL_SETTLING,NONE,DIRECT_LOCAL,PASS_THROUGH,0,6,0,0,0,0,1,0.5666666666,1.239077596414259,0.8246211251235326,0.0,1,0,1,CLEAR,none,nan,0.0,0.0,0,0,0,0,0.021257963566044907,0,0,1,1,0.0,0.6,"-1.174,10.540;-1.223,10.523;-1.291,10.501;-1.378,10.472;-1.482,10.437;-1.587,10.403;-1.691,10.368;-1.795,10.334;-1.900,10.299;-2.004,10.264;-2.109,10.230;-2.213,10.195;-2.295,10.168;-2.350,10.150",-2.3499999999999996,10.15,2.0,-2.3499999999999996,10.15,2.0,-2.3499999999999996,10.15,2.0,1.9929159550692412,0.0,0.0,0,0,0,1,,,0,1,PASS_THROUGH,-1,0.999645289137354,-0.00038402919349743187,0.02662984091342977,0.26359918762157614,0,0.9995813468927222,-0.00037086614422800977,0.028930838260145746,1.239596472045249,0.2479192944090498,0,0,0,BYPASS_VISIBLE,1,0,1,1,1
1787562394623961088,1787562394638607872,joint_v2_000005_c2dc4fc3,1678,198,0.03333333333333333,6.6,14.64700698852539,frame_id_exact,1,,-1.187138319015503,10.535192489624023,1.9645990133285522,0.02215675432001736,0.03127082345935253,-0.8102049248798978,-0.584892463225964,-0.40957847237586975,-0.13610608875751495,0.014242810197174549,0.4292422643403862,0.00023221708814232878,0.0472575354001281,1.8910631648732243,0.0006189877749420702,depth/001678.png,1.0,-0.0006771149816258912,0.07659018756628946,-0.9970624276763528,0.4292422643403862,0.00023221708814232878,0.0472575354001281,0.0006189877749420702,0.9995826121858491,-0.00039650581147517185,0.0288867478068371,1.2249981808822585,0.2449996361764517,0.5,0.0,0.035400986671447754,-0.00036674500753175465,0.5,0.0,0.035400986671447754,-0.00036674500753175465,goal_capture,TERMINAL_SETTLING,NONE,DIRECT_LOCAL,PASS_THROUGH,0,6,0,0,0,0,1,0.5,1.2249981808822585,0.8246211251235326,0.0,1,0,1,CLEAR,none,nan,0.0,0.0,0,0,1,0,0.022727594579424255,0,0,1,1,0.0,0.5,"-1.187,10.535;-1.295,10.500;-1.408,10.462;-1.522,10.424;-1.636,10.386;-1.750,10.349;-1.864,10.311;-1.978,10.273;-2.092,10.235;-2.206,10.198;-2.320,10.160;-2.350,10.150",-2.3499999999999996,10.15,2.0,-2.3499999999999996,10.15,2.0,-2.3499999999999996,10.15,2.0,1.9789444270663668,0.0,0.0,0,0,0,1,,,1,1,PASS_THROUGH,-1,0.9999999213259185,-0.000396671346066542,0.0,0.2449996361764517,0,0.9995826121858491,-0.00039650581147517185,0.0288867478068371,1.225509597278681,0.24510191945573617,0,0,0,BYPASS_VISIBLE,1,0,1,1,1
1787562394671462400,1787562394686979072,joint_v2_000005_c2dc4fc3,1679,199,0.03333333333333333,6.633333333333334,15.51675796508789,frame_id_exact,1,,-1.201258659362793,10.530495643615723,1.9649962186813354,0.03554218705652543,0.04961359467320962,-0.8092872271436592,-0.5842340525379951,-0.4399217367172241,-0.1463666707277298,0.008314849808812141,0.45916465139534285,0.0004268729302678522,0.06473881487991687,1.8910577274760356,0.0005036314832977951,depth/001679.png,1.0,-0.00044422693462004004,0.12183320888361712,-0.9925504883256828,0.45916465139534285,0.0004268729302678522,0.06473881487991687,0.0005036314832977951,0.9995818246304644,-0.00040639945035899955,0.028913849759564837,1.210117185440943,0.24202343708818858,0.5,0.0,0.03500378131866455,-0.0004165483766582767,0.5,0.0,0.03500378131866455,-0.0004165483766582767,goal_capture,TERMINAL_SETTLING,NONE,DIRECT_LOCAL,PASS_THROUGH,0,6,0,0,0,0,1,0.5,1.210117185440943,0.8246211251235326,0.0,1,0,1,CLEAR,none,nan,0.0,0.0,0,0,0,0,0.0,0,0,1,1,0.0,0.5,"-1.187,10.535;-1.295,10.500;-1.408,10.462;-1.522,10.424;-1.636,10.386;-1.750,10.349;-1.864,10.311;-1.978,10.273;-2.092,10.235;-2.206,10.198;-2.320,10.160;-2.350,10.150",-2.3499999999999996,10.15,2.0,-2.3499999999999996,10.15,2.0,-2.3499999999999996,10.15,2.0,1.9638022322762072,0.0,0.0,0,0,0,1,,,0,1,PASS_THROUGH,-1,0.9995826121858491,-0.00039650581147517185,0.0288867478068371,0.2449996361764517,0,0.9995818246304644,-0.00040639945035899955,0.028913849759564837,1.210623338287394,0.2421246676574788,0,0,0,BYPASS_VISIBLE,1,0,1,1,1
1787562394713341184,1787562394729189888,joint_v2_000005_c2dc4fc3,1680,200,0.03333333333333333,6.666666666666667,15.848636627197266,frame_id_exact,1,,-1.216575026512146,10.525399208068848,1.9651124477386475,0.04021820027647763,0.05581088830316996,-0.8088752525318745,-0.5839421777494999,-0.4799134433269501,-0.15973006188869476,-0.0014671245589852333,0.5012108603356272,0.0005388531779994962,0.06797162150662929,1.8910296819230488,0.00043193987221457064,depth/001680.png,1.0,-0.00011764950574760791,0.13725829964973346,-0.9905352822266644,0.5012108603356272,0.0005388531779994962,0.06797162150662929,0.00043193987221457064,0.9995733000503113,-0.00039681680129652043,0.0292071971088694,1.1939751822984679,0.23879503645969358,0.5666666666,0.0,0.03488755226135254,0.00032161673368724664,0.5666666666,0.0,0.03488755226135254,0.00032161673368724664,goal_capture,TERMINAL_SETTLING,NONE,DIRECT_LOCAL,PASS_THROUGH,0,6,0,0,0,0,1,0.5666666666,1.1939751822984679,0.7615773105863913,0.0,1,0,1,CLEAR,none,nan,0.0,0.0,0,0,0,0,0.022745632319957278,0,0,1,1,0.0,0.6,"-1.217,10.525;-1.274,10.506;-1.351,10.481;-1.446,10.449;-1.550,10.415;-1.655,10.380;-1.759,10.345;-1.864,10.311;-1.968,10.276;-2.073,10.242;-2.177,10.207;-2.268,10.177;-2.333,10.156;-2.350,10.150",-2.3499999999999996,10.15,2.0,-2.3499999999999996,10.15,2.0,-2.3499999999999996,10.15,2.0,1.947330789421707,0.0,0.0,0,0,0,1,,,0,1,PASS_THROUGH,-1,0.9995826121858491,-0.00039650581147517185,0.0288867478068371,0.2449996361764517,0,0.9995733000503113,-0.00039681680129652043,0.0292071971088694,1.1944847748077194,0.2388969549615439,0,0,0,BYPASS_VISIBLE,1,0,1,1,1
1787562394762363648,1787562394778003968,joint_v2_000005_c2dc4fc3,1681,201,0.03333333333333333,6.7,15.6402587890625,frame_id_exact,1,,-1.2332514524459839,10.51984977722168,1.9648798704147339,0.03596949333092585,0.049628311015962864,-0.8092685947634027,-0.5842324604341039,-0.5199503898620605,-0.1729927659034729,-0.012433324940502644,0.5453772634214991,0.0005389146730043918,0.054706879417224075,1.8909972352672275,0.00039589990046806633,depth/001681.png,1.0,0.00022902214045003588,0.12235435821132853,-0.9924864525904387,0.5453772634214991,0.0005389146730043918,0.054706879417224075,0.00039589990046806633,0.9995545953881386,-0.00038540339097306066,0.029840614984964244,1.176399666854309,0.2352799333708618,0.5,0.0,0.03512012958526611,0.0007848864189829996,0.5,0.0,0.03512012958526611,0.0007848864189829996,goal_capture,TERMINAL_SETTLING,NONE,DIRECT_LOCAL,PASS_THROUGH,0,6,0,0,0,0,1,0.5,1.176399666854309,0.7615773105863913,0.0,1,0,1,CLEAR,none,nan,0.0,0.0,0,0,1,0,0.022091826419906237,0,0,1,1,0.0,0.5,"-1.233,10.520;-1.347,10.482;-1.461,10.444;-1.575,10.406;-1.689,10.369;-1.803,10.331;-1.917,10.293;-2.031,10.256;-2.145,10.218;-2.258,10.180;-2.350,10.150",-2.3499999999999996,10.15,2.0,-2.3499999999999996,10.15,2.0,-2.3499999999999996,10.15,2.0,1.9296612091681833,0.0,0.0,0,0,0,1,,,0,1,PASS_THROUGH,-1,0.9995826121858491,-0.00039650581147517185,0.0288867478068371,0.2449996361764517,0,0.9995545953881386,-0.00038540339097306066,0.029840614984964244,1.1769237866901219,0.2353847573380244,0,0,0,BYPASS_VISIBLE,1,0,1,1,1
1787562394809607680,1787562394826599424,joint_v2_000005_c2dc4fc3,1682,202,0.03333333333333333,6.733333333333333,16.991615295410156,frame_id_exact,1,,-1.2511591911315918,10.513894081115723,1.964324951171875,0.025732922016675062,0.035199512995213476,-0.8100191663816634,-0.5847800963642136,-0.5528413653373718,-0.18377432227134705,-0.019986307248473167,0.5821120585377055,0.0004227436836788864,0.03084480222964318,1.8909792092465216,0.00041925659752450883,depth/001682.png,1.0,0.0005203708783943217,0.08712076158013476,-0.996197622018767,0.5821120585377055,0.0004227436836788864,0.03084480222964318,0.00041925659752450883,0.9995253253209255,-0.0003878110735526964,0.0308054158334124,1.1575275484867014,0.23150550969734027,0.5,0.0,0.035675048828125,0.0007849297238182729,0.5,0.0,0.035675048828125,0.0007849297238182729,goal_capture,TERMINAL_SETTLING,NONE,DIRECT_LOCAL,PASS_THROUGH,0,6,0,0,0,0,1,0.5,1.1575275484867014,0.7615773105863913,0.0,1,0,1,CLEAR,none,nan,0.0,0.0,0,0,0,0,0.0,0,0,1,1,0.0,0.5,"-1.233,10.520;-1.347,10.482;-1.461,10.444;-1.575,10.406;-1.689,10.369;-1.803,10.331;-1.917,10.293;-2.031,10.256;-2.145,10.218;-2.258,10.180;-2.350,10.150",-2.3499999999999996,10.15,2.0,-2.3499999999999996,10.15,2.0,-2.3499999999999996,10.15,2.0,1.9111326175645635,0.0,0.0,0,0,0,1,,,0,1,PASS_THROUGH,-1,0.9995826121858491,-0.00039650581147517185,0.0288867478068371,0.2449996361764517,0,0.9995253253209255,-0.0003878110735526964,0.0308054158334124,1.1580771712690487,0.23161543425380976,0,0,0,BYPASS_VISIBLE,1,0,1,1,1
1787562394857537280,1787562394873147136,joint_v2_000005_c2dc4fc3,1683,203,0.03333333333333333,6.766666666666667,15.609979629516602,frame_id_exact,1,,-1.269958257675171,10.507647514343262,1.9636071920394897,0.009826417592931645,0.013018365791211645,-0.8106801652748394,-0.5852620210635359,-0.5723763108253479,-0.1900423914194107,-0.022229334339499474,0.6035050467036137,0.0002165526326015016,-0.0025508319912537734,1.8909829370482298,0.00047208755859173834,depth/001683.png,1.0,0.0006938535287769818,0.032609519902962465,-0.999467927338831,0.6035050467036137,0.0002165526326015016,-0.0025508319912537734,0.00047208755859173834,0.999488706846241,-0.0004090646617744772,0.03197119880347512,1.1377178515255726,0.22754357030511452,0.5666666666,0.0,0.036392807960510254,0.000876378367271613,0.5666666666,0.0,0.036392807960510254,0.000876378367271613,goal_capture,TERMINAL_SETTLING,NONE,DIRECT_LOCAL,PASS_THROUGH,0,6,0,0,0,0,1,0.5666666666,1.1377178515255726,0.7615773105863913,0.0,1,0,1,CLEAR,none,nan,0.0,0.0,0,0,0,0,0.02344966701317803,0,0,1,1,0.0,0.6,"-1.270,10.508;-1.337,10.485;-1.422,10.457;-1.527,10.422;-1.631,10.388;-1.736,10.353;-1.840,10.318;-1.944,10.284;-2.049,10.249;-2.153,10.215;-2.249,10.183;-2.321,10.160;-2.350,10.150",-2.3499999999999996,10.15,2.0,-2.3499999999999996,10.15,2.0,-2.3499999999999996,10.15,2.0,1.892274697455935,0.0,0.0,0,0,0,1,,,0,1,PASS_THROUGH,-1,0.9995826121858491,-0.00039650581147517185,0.0288867478068371,0.2449996361764517,0,0.999488706846241,-0.0004090646617744772,0.03197119880347512,1.1382997611135723,0.22765995222271446,0,0,0,BYPASS_VISIBLE,1,0,1,1,1
1787562394903814656,1787562394919682560,joint_v2_000005_c2dc4fc3,1684,204,0.03333333333333333,6.8,15.867948532104492,frame_id_exact,1,,-1.2891136407852173,10.50129222869873,1.962882161140442,-0.007607654939684038,-0.01114661945733457,-0.8107126156532225,-0.5852887588888945,-0.5738130211830139,-0.19027099013328552,-0.020754441618919373,0.6037565677853062,-2.743947547417069e-05,-0.03705652325265027,1.8909985004260534,0.0005203565815463662,depth/001684.png,1.0,0.0007127384657034958,-0.026978759867298904,-0.9996357529219841,0.6037565677853062,-2.743947547417069e-05,-0.03705652325265027,0.0005203565815463662,0.9994487762146246,-0.00043489963776932404,0.03319570130896668,1.1175357252061866,0.2235071450412373,0.6,0.0,0.037117838859558105,0.00022812507062930365,0.6,0.0,0.037117838859558105,0.00022812507062930365,goal_capture,TERMINAL_SETTLING,NONE,DIRECT_LOCAL,PASS_THROUGH,0,6,0,0,0,0,1,0.6,1.1175357252061866,0.8062257748298554,0.0,1,0,1,CLEAR,none,nan,0.0,0.0,0,0,1,0,0.024931655104578246,0,0,1,1,0.0,0.6,"-1.289,10.501;-1.356,10.479;-1.442,10.451;-1.546,10.416;-1.651,10.381;-1.755,10.347;-1.859,10.312;-1.964,10.278;-2.068,10.243;-2.173,10.209;-2.264,10.178;-2.331,10.156;-2.350,10.150",-2.3499999999999996,10.15,2.0,-2.3499999999999996,10.15,2.0,-2.3499999999999996,10.15,2.0,1.8736805412419033,0.0,0.0,0,0,0,1,,,1,1,PASS_THROUGH,-1,0.9999999053268224,-0.0004351394558139456,0.0,0.2235071450412373,0,0.9994487762146246,-0.00043489963776932404,0.03319570130896668,1.1181519713678107,0.22363039427356216,0,0,0,BYPASS_VISIBLE,1,0,1,0,1
1787562394956063232,1787562394971661568,joint_v2_000005_c2dc4fc3,1685,205,0.03333333333333333,6.833333333333333,15.598297119140625,frame_id_exact,1,,-1.3080235719680786,10.495027542114258,1.9622862339019775,-0.020002156128696248,-0.02819782755404407,-0.8103018577602205,-0.5849920474517336,-0.558467447757721,-0.18494990468025208,-0.014314075000584126,0.5859008399481394,-0.0002475718103576201,-0.054930816903112495,1.8910090611192527,0.0005567620974034071,depth/001685.png,1.0,0.0005754412084772037,-0.069099708638039,-0.9976095925428713,0.5859008399481394,-0.0002475718103576201,-0.054930816903112495,0.0005567620974034071,0.9994101259513787,-0.0004480515991966458,0.03433947284997352,1.0976150879937678,0.21952301759875356,0.6,0.0,0.03771376609802246,-0.0002659502577051498,0.6,0.0,0.03771376609802246,-0.0002659502577051498,goal_capture,TERMINAL_SETTLING,NONE,DIRECT_LOCAL,PASS_THROUGH,0,6,0,0,0,0,1,0.6,1.0976150879937678,0.8246211251235326,0.0,1,0,1,CLEAR,none,nan,0.0,0.0,0,0,1,0,0.025686615786264216,0,0,1,1,0.0,0.6,"-1.308,10.495;-1.373,10.473;-1.458,10.445;-1.561,10.411;-1.665,10.377;-1.770,10.342;-1.874,10.307;-1.979,10.273;-2.083,10.238;-2.188,10.204;-2.276,10.175;-2.338,10.154;-2.350,10.150",-2.3499999999999996,10.15,2.0,-2.3499999999999996,10.15,2.0,-2.3499999999999996,10.15,2.0,1.8557918330989838,0.0,0.0,0,0,0,1,,,0,1,PASS_THROUGH,-1,0.9994487762146246,-0.00043489963776932404,0.03319570130896668,0.2235071450412373,0,0.9994101259513787,-0.0004480515991966458,0.03433947284997352,1.0982628144232431,0.21965256288464863,0,0,0,BYPASS_VISIBLE,1,0,1,0,1
1787562395001265408,1787562395018340608,joint_v2_000005_c2dc4fc3,1686,206,0.03333333333333333,6.866666666666666,17.075061798095703,frame_id_exact,1,,-1.3262377977371216,10.488999366760254,1.961961269378662,-0.024125350743162965,-0.03368794496353865,-0.8100916903813649,-0.5848371935767387,-0.5335965752601624,-0.17653794586658478,-0.005118356551975012,0.5596879232291843,-0.0003957922398756822,-0.051637398984321584,1.8910073503892746,0.0005611223168671131,depth/001686.png,1.0,0.00031643405054273405,-0.08279945340734665,-0.9965661796313059,0.5596879232291843,-0.0003957922398756822,-0.051637398984321584,0.0005611223168671131,0.9993784121440678,-0.0004436319797915881,0.035250425970025645,1.0784292361791714,0.21568584723583428,0.6,0.0,0.03803873062133789,-0.0005150546677490375,0.6,0.0,0.03803873062133789,-0.0005150546677490375,goal_capture,TERMINAL_SETTLING,NONE,DIRECT_LOCAL,PASS_THROUGH,0,6,0,0,0,0,1,0.6,1.0784292361791714,0.8246211251235326,0.0,1,0,1,CLEAR,none,nan,0.0,0.0,0,0,1,0,0.02543404792486209,0,0,1,1,0.0,0.6,"-1.326,10.489;-1.389,10.468;-1.471,10.441;-1.572,10.408;-1.692,10.368;-1.830,10.322;-1.980,10.272;-2.108,10.230;-2.214,10.195;-2.295,10.168;-2.350,10.150",-2.3499999999999996,10.15,2.0,-2.3499999999999996,10.15,2.0,-2.3499999999999996,10.15,2.0,1.8387652064180238,0.0,0.0,0,0,0,1,,,0,1,PASS_THROUGH,-1,0.9994487762146246,-0.00043489963776932404,0.03319570130896668,0.2235071450412373,0,0.9993784121440678,-0.0004436319797915881,0.035250425970025645,1.0790998853087113,0.21581997706174225,0,0,0,BYPASS_VISIBLE,1,0,1,0,1
1787562395058271744,1787562395074000640,joint_v2_000005_c2dc4fc3,1687,207,0.03333333333333333,6.9,15.728950500488281,frame_id_exact,1,,-1.3435946702957153,10.483258247375488,1.9619418382644653,-0.020235709995028543,-0.02802512442069051,-0.8103053469956488,-0.584987481124565,-0.5085088610649109,-0.16815826296806335,0.0037801198195666075,0.5345727400307837,-0.0004474580764347717,-0.033234588745304605,1.891000461488501,0.0005248448578640819,depth/001687.png,1.0,-5.514132325294685e-06,-0.06909309037412557,-0.9976102168844039,0.5345727400307837,-0.0004474580764347717,-0.033234588745304605,0.0005248448578640819,0.9993561625510591,-0.00043111909555152973,0.035875820653283624,1.0601475119533936,0.21202950239067872,0.6,0.0,0.03805816173553467,-0.000608569458213637,0.6,0.0,0.03805816173553467,-0.000608569458213637,goal_capture,TERMINAL_SETTLING,NONE,DIRECT_LOCAL,PASS_THROUGH,0,6,0,0,0,0,1,0.6,1.0601475119533936,0.8246211251235326,0.0,1,0,1,CLEAR,none,nan,0.0,0.0,0,0,1,0,0.024717216980187386,0,0,1,1,0.0,0.6,"-1.344,10.483;-1.404,10.463;-1.483,10.437;-1.582,10.405;-1.699,10.366;-1.835,10.320;-1.984,10.271;-2.112,10.229;-2.216,10.194;-2.297,10.168;-2.350,10.150",-2.3499999999999996,10.15,2.0,-2.3499999999999996,10.15,2.0,-2.3499999999999996,10.15,2.0,1.822468851613387,0.0,0.0,0,0,0,1,,,0,1,PASS_THROUGH,-1,0.9994487762146246,-0.00043489963776932404,0.03319570130896668,0.2235071450412373,0,0.9993561625510591,-0.00043111909555152973,0.035875820653283624,1.0608304156535384,0.21216608313070767,0,0,0,BYPASS_VISIBLE,1,0,1,0,1
1787562395105221632,1787562395120203264,joint_v2_000005_c2dc4fc3,1688,208,0.03333333333333333,6.933333333333334,14.981508255004883,frame_id_exact,1,,-1.3602262735366821,10.47775936126709,1.9621959924697876,-0.010194092380718537,-0.01384772529074741,-0.8106714652656068,-0.5852487474475444,-0.49120083451271057,-0.16247309744358063,0.011176757514476776,0.5174521344267039,-0.00039913593672329366,-0.0066193953790763295,1.8910001014859057,0.0004490416031330824,depth/001688.png,1.0,-0.0003193918518448989,-0.03438407109845177,-0.9994086419696108,0.5174521344267039,-0.00039913593672329366,-0.0066193953790763295,0.0004490416031330824,0.9993432256991328,-0.0004230592324370203,0.03623449006317184,1.0426304371613617,0.20852608743227236,0.6,0.0,0.0378040075302124,-0.0006500269510123502,0.6,0.0,0.0378040075302124,-0.0006500269510123502,goal_capture,TERMINAL_SETTLING,NONE,DIRECT_LOCAL,PASS_THROUGH,0,6,0,0,0,0,1,0.6,1.0426304371613617,0.8246211251235326,0.0,1,0,1,CLEAR,none,nan,0.0,0.0,0,0,1,0,0.02425543740260628,0,0,1,1,0.0,0.6,"-1.360,10.478;-1.419,10.458;-1.496,10.433;-1.593,10.401;-1.709,10.362;-1.843,10.318;-1.991,10.269;-2.118,10.227;-2.221,10.193;-2.300,10.166;-2.350,10.150",-2.3499999999999996,10.15,2.0,-2.3499999999999996,10.15,2.0,-2.3499999999999996,10.15,2.0,1.806554158523621,0.0,0.0,0,0,0,1,,,0,1,PASS_THROUGH,-1,0.9994487762146246,-0.00043489963776932404,0.03319570130896668,0.2235071450412373,0,0.9993432256991328,-0.0004230592324370203,0.03623449006317184,1.043315566585986,0.20866311331719717,0,0,0,BYPASS_VISIBLE,1,0,1,0,1
1787562395153498112,1787562395169241856,joint_v2_000005_c2dc4fc3,1689,209,0.03333333333333333,6.966666666666667,15.743732452392578,frame_id_exact,1,,-1.3764872550964355,10.472379684448242,1.962659239768982,0.003144381867288549,0.004830839545039548,-0.8107782109138546,-0.5853250964714325,-0.48686525225639343,-0.16118846833705902,0.016159413382411003,0.5126341365143906,-0.00026427667212401744,0.02206343260641823,1.8910099554637805,0.00033991938107647,depth/001689.png,1.0,-0.0005564306358962186,0.011514450126705513,-0.9999335517039255,0.5126341365143906,-0.00026427667212401744,0.02206343260641823,0.00033991938107647,0.9993376442831468,-0.0004282066663386018,0.036388038661925824,1.0255026696379779,0.20510053392759559,0.6,0.0,0.037340760231018066,-0.0006904519369177464,0.6,0.0,0.037340760231018066,-0.0006904519369177464,goal_capture,TERMINAL_SETTLING,NONE,DIRECT_LOCAL,PASS_THROUGH,0,6,0,0,0,0,1,0.6,1.0255026696379779,0.8246211251235326,0.0,1,0,1,CLEAR,none,nan,0.0,0.0,0,0,1,0,0.02455069453189927,0,0,1,1,0.0,0.6,"-1.376,10.472;-1.435,10.453;-1.512,10.428;-1.608,10.396;-1.723,10.358;-1.857,10.313;-2.003,10.265;-2.128,10.224;-2.229,10.190;-2.306,10.164;-2.350,10.150",-2.3499999999999996,10.15,2.0,-2.3499999999999996,10.15,2.0,-2.3499999999999996,10.15,2.0,1.7905613128835334,0.0,0.0,0,0,0,1,,,0,1,PASS_THROUGH,-1,0.9994487762146246,-0.00043489963776932404,0.03319570130896668,0.2235071450412373,0,0.9993376442831468,-0.0004282066663386018,0.036388038661925824,1.026182273189929,0.20523645463798582,0,0,0,BYPASS_VISIBLE,1,0,1,0,1
1787562395198896384,1787562395214906880,joint_v2_000005_c2dc4fc3,1690,210,0.03333333333333333,7.0,16.010522842407227,frame_id_exact,1,,-1.3928476572036743,10.466959953308105,1.963232159614563,0.0164376656349363,0.023337091748948192,-0.8104602899261494,-0.5850976856474457,-0.4971187114715576,-0.16480284929275513,0.01757112890481949,0.5218681341922667,-7.026068018206725e-05,0.04742765626995828,1.8910223189701802,0.0002143188612535596,depth/001690.png,1.0,-0.0006648062317042257,0.05706285253066695,-0.9983703665943504,0.5218681341922667,-7.026068018206725e-05,0.04742765626995828,0.0002143188612535596,0.9993356675197035,-0.0004424129829512305,0.036442117030998755,1.008267930324857,0.20165358606497139,0.6,0.0,0.03676784038543701,-0.0007130439480573791,0.6,0.0,0.03676784038543701,-0.0007130439480573791,goal_capture,TERMINAL_SETTLING,NONE,DIRECT_LOCAL,PASS_THROUGH,0,6,0,0,0,0,1,0.6,1.008267930324857,0.8246211251235326,0.0,1,0,1,CLEAR,none,nan,0.0,0.0,0,0,1,0,0.025365246025742933,0,0,1,1,0.0,0.6,"-1.393,10.467;-1.452,10.447;-1.530,10.421;-1.627,10.389;-1.732,10.355;-1.836,10.320;-1.941,10.285;-2.045,10.251;-2.150,10.216;-2.246,10.184;-2.319,10.160;-2.350,10.150",-2.3499999999999996,10.15,2.0,-2.3499999999999996,10.15,2.0,-2.3499999999999996,10.15,2.0,1.7740400931945957,0.0,0.0,0,0,0,1,,,1,1,PASS_THROUGH,-1,0.9999999020052316,-0.0004427070442658442,0.0,0.20165358606497139,0,0.9993356675197035,-0.0004424129829512305,0.036442117030998755,1.0089381018715566,0.20178762037431133,0,0,0,BYPASS_VISIBLE,1,0,1,1,1
1787562395252602368,1787562395269594624,joint_v2_000005_c2dc4fc3,1691,211,0.03333333333333333,7.033333333333333,16.99233055114746,frame_id_exact,1,,-1.4097697734832764,10.461346626281738,1.963781476020813,0.026496249538545947,0.03723285871601978,-0.809941263196941,-0.5847279821961385,-0.5199469923973083,-0.17259813845157623,0.014725489541888237,0.544213252814204,0.0001446430237990233,0.06468188990732665,1.8910236460391652,9.841507562668994e-05,depth/001691.png,1.0,-0.0006213770543617714,0.09129905429865126,-0.995823325984448,0.544213252814204,0.0001446430237990233,0.06468188990732665,9.841507562668994e-05,0.9993319524400538,-0.00045291991962973486,0.03654372307108824,0.9904390948224474,0.1980878189644895,0.6,0.0,0.03621852397918701,-0.0007550957668600589,0.6,0.0,0.03621852397918701,-0.0007550957668600589,goal_capture,TERMINAL_SETTLING,NONE,DIRECT_LOCAL,PASS_THROUGH,0,6,0,0,0,0,1,0.6,0.9904390948224474,0.8246211251235326,0.0,1,0,1,CLEAR,none,nan,0.0,0.0,0,0,1,0,0.025967745764559014,0,0,1,1,0.0,0.6,"-1.410,10.461;-1.471,10.441;-1.552,10.414;-1.651,10.381;-1.770,10.342;-1.907,10.297;-2.046,10.250;-2.163,10.212;-2.257,10.181;-2.326,10.158;-2.350,10.150",-2.3499999999999996,10.15,2.0,-2.3499999999999996,10.15,2.0,-2.3499999999999996,10.15,2.0,1.7566582657037155,0.0,0.0,0,0,0,1,,,0,1,PASS_THROUGH,-1,0.9993356675197035,-0.0004424129829512305,0.036442117030998755,0.20165358606497139,0,0.9993319524400538,-0.00045291991962973486,0.03654372307108824,0.9911010957677021,0.19822021915354043,0,0,0,BYPASS_VISIBLE,1,0,1,1,1
1787562395298733568,1787562395314349568,joint_v2_000005_c2dc4fc3,1692,212,0.03333333333333333,7.066666666666666,15.616178512573242,frame_id_exact,1,,-1.427597165107727,10.455427169799805,1.964172124862671,0.030952918665980753,0.04324851222622129,-0.8096374015423059,-0.5845158347214374,-0.5504722595214844,-0.18290592730045319,0.008307025767862797,0.5759001956189846,0.0003348962319432762,0.06987235470459247,1.8910067994118043,1.0865473996091168e-05,depth/001692.png,1.0,-0.0004375991709900662,0.1062161683010379,-0.9943429660325511,0.5759001956189846,0.0003348962319432762,0.06987235470459247,1.0865473996091168e-05,0.9993207791985211,-0.00045181526214909155,0.03684801385461014,0.9716546433117168,0.19433092866234336,0.6,0.0,0.0358278751373291,-0.0005700927825036395,0.6,0.0,0.0358278751373291,-0.0005700927825036395,goal_capture,TERMINAL_SETTLING,NONE,DIRECT_LOCAL,PASS_THROUGH,0,6,0,0,0,0,1,0.6,0.9716546433117168,0.8062257748298554,0.0,1,0,1,CLEAR,none,nan,0.0,0.0,0,0,1,0,0.0259047008885408,0,0,1,1,0.0,0.6,"-1.428,10.455;-1.492,10.434;-1.576,10.406;-1.678,10.372;-1.800,10.332;-1.940,10.286;-2.074,10.241;-2.186,10.204;-2.275,10.175;-2.338,10.154;-2.350,10.150",-2.3499999999999996,10.15,2.0,-2.3499999999999996,10.15,2.0,-2.3499999999999996,10.15,2.0,1.7382719978681946,0.0,0.0,0,0,0,1,,,0,1,PASS_THROUGH,-1,0.9993356675197035,-0.0004424129829512305,0.036442117030998755,0.20165358606497139,0,0.9993207791985211,-0.00045181526214909155,0.03684801385461014,0.9723149605483172,0.19446299210966345,0,0,0,BYPASS_VISIBLE,1,0,1,1,1
1787562395345744384,1787562395362752512,joint_v2_000005_c2dc4fc3,1693,213,0.03333333333333333,7.1,17.008066177368164,frame_id_exact,1,,-1.4464821815490723,10.449149131774902,1.9643183946609497,0.02879560095447417,0.040019543457605514,-0.8097946206953199,-0.5846382828724427,-0.5822720527648926,-0.1935562938451767,0.0005092984647490084,0.6105665120146121,0.0004564060835432648,0.060937408895077746,1.8909767156671842,-3.985952207585797e-05,depth/001693.png,1.0,-0.0001568688315427627,0.09848524342191076,-0.995138499014231,0.6105665120146121,0.0004564060835432648,0.060937408895077746,-3.985952207585797e-05,0.9992978756644161,-0.00044646923378199204,0.03746406755557483,0.9517534614068922,0.19035069228137844,0.6,0.0,0.03568160533905029,-0.0004930452944407193,0.6,0.0,0.03568160533905029,-0.0004930452944407193,goal_capture,TERMINAL_SETTLING,NONE,DIRECT_LOCAL,PASS_THROUGH,0,6,0,0,0,0,1,0.6,0.9517534614068922,0.8062257748298554,0.0,1,0,1,CLEAR,none,nan,0.0,0.0,0,0,1,0,0.02559877459869573,0,0,1,1,0.0,0.6,"-1.446,10.449;-1.514,10.427;-1.601,10.398;-1.705,10.363;-1.810,10.329;-1.914,10.294;-2.019,10.260;-2.123,10.225;-2.225,10.191;-2.304,10.165;-2.350,10.150",-2.3499999999999996,10.15,2.0,-2.3499999999999996,10.15,2.0,-2.3499999999999996,10.15,2.0,1.7189525377084791,0.0,0.0,0,0,0,1,,,0,1,PASS_THROUGH,-1,0.9993356675197035,-0.0004424129829512305,0.036442117030998755,0.20165358606497139,0,0.9992978756644161,-0.00044646923378199204,0.03746406755557483,0.9524220851385022,0.19048441702770044,0,0,0,BYPASS_VISIBLE,1,0,1,1,1
1787562395397683712,1787562395413422080,joint_v2_000005_c2dc4fc3,1694,214,0.03333333333333333,7.133333333333334,15.738487243652344,frame_id_exact,1,,-1.4663563966751099,10.442543029785156,1.9642225503921509,0.020570882859533044,0.028359003042252483,-0.8102783617245648,-0.5849970788352574,-0.6087861061096191,-0.20235149562358856,-0.005790063180029392,0.6403650598122766,0.0004772549974308751,0.03914764366001283,1.8909479856081282,-6.520307215396315e-05,depth/001694.png,1.0,0.00015641464850496556,0.07002518581421477,-0.9975452114496578,0.6403650598122766,0.0004772549974308751,0.03914764366001283,-6.520307215396315e-05,0.9992620213842986,-0.00044411230110517083,0.03840853268779631,0.9308100998446857,0.18616201996893714,0.6,0.0,0.03577744960784912,-0.0004948413695049503,0.6,0.0,0.03577744960784912,-0.0004948413695049503,goal_capture,TERMINAL_SETTLING,NONE,DIRECT_LOCAL,PASS_THROUGH,0,6,0,0,0,0,1,0.6,0.9308100998446857,0.8062257748298554,0.0,1,0,1,CLEAR,none,nan,0.0,0.0,0,0,1,0,0.025464551101911537,0,0,1,1,0.0,0.6,"-1.466,10.443;-1.537,10.419;-1.626,10.389;-1.730,10.355;-1.835,10.320;-1.939,10.286;-2.044,10.251;-2.148,10.217;-2.245,10.185;-2.318,10.161;-2.350,10.150",-2.3499999999999996,10.15,2.0,-2.3499999999999996,10.15,2.0,-2.3499999999999996,10.15,2.0,1.6989686715556644,0.0,0.0,0,0,0,1,,,0,1,PASS_THROUGH,-1,0.9993356675197035,-0.0004424129829512305,0.036442117030998755,0.20165358606497139,0,0.9992620213842986,-0.00044411230110517083,0.03840853268779631,0.9314974331007659,0.1862994866201532,0,0,0,BYPASS_VISIBLE,1,0,1,1,1
1787562395448199168,1787562395466561280,joint_v2_000005_c2dc4fc3,1695,215,0.03333333333333333,7.166666666666667,18.362045288085938,frame_id_exact,1,,-1.486948013305664,10.435702323913574,1.9639759063720703,0.008196725635098254,0.010984018537511733,-0.8106953300735135,-0.5853078222804028,-0.6245565414428711,-0.2074809968471527,-0.008310035802423954,0.658098396982696,0.00039095355793417866,0.009728373498579166,1.8909318099114272,-8.928744500735775e-05,depth/001695.png,1.0,0.00043203044837888255,0.027404600330221948,-0.9996243300512611,0.658098396982696,0.00039095355793417866,0.009728373498579166,-8.928744500735775e-05,0.999215727373562,-0.0004525038600417563,0.0395945123669949,0.9091119565964669,0.1818223913192934,0.6,0.0,0.03602409362792969,-0.0007096066508127663,0.6,0.0,0.03602409362792969,-0.0007096066508127663,goal_capture,TERMINAL_SETTLING,NONE,DIRECT_LOCAL,PASS_THROUGH,0,6,0,0,0,0,1,0.6,0.9091119565964669,0.8246211251235326,0.0,1,0,1,CLEAR,none,nan,0.0,0.0,0,0,1,0,0.025946909071989877,0,0,1,1,0.0,0.6,"-1.487,10.436;-1.559,10.412;-1.650,10.382;-1.754,10.347;-1.859,10.312;-1.963,10.278;-2.068,10.243;-2.172,10.209;-2.264,10.179;-2.330,10.156;-2.350,10.150",-2.3499999999999996,10.15,2.0,-2.3499999999999996,10.15,2.0,-2.3499999999999996,10.15,2.0,1.6787317652052882,0.0,0.0,0,0,0,1,,,0,1,PASS_THROUGH,-1,0.9993356675197035,-0.0004424129829512305,0.036442117030998755,0.20165358606497139,0,0.999215727373562,-0.0004525038600417563,0.0395945123669949,0.9098254145430156,0.1819650829086031,0,0,0,BYPASS_VISIBLE,1,0,1,1,1
1787562395500696832,1787562395516179200,joint_v2_000005_c2dc4fc3,1696,216,0.03333333333333333,7.2,15.482187271118164,frame_id_exact,1,,-1.5078368186950684,10.428765296936035,1.9637209177017212,-0.005523777387722728,-0.008171535674884427,-0.8107271408592361,-0.5853411116283338,-0.6263169050216675,-0.20788288116455078,-0.006357449572533369,0.6596616001909167,0.00022132748323730166,-0.019367478151972074,1.8909270029202387,-0.00013378739822655916,depth/001696.png,1.0,0.0006097190547121791,-0.01971635950129075,-0.99980542777617,0.6596616001909167,0.00022132748323730166,-0.019367478151972074,-0.00013378739822655916,0.999164686532064,-0.00047126038100317013,0.04086204964188237,0.8871014117458489,0.1774202823491698,0.6,0.0,0.03627908229827881,-0.0008274772233241023,0.6,0.0,0.03627908229827881,-0.0008274772233241023,goal_capture,TERMINAL_SETTLING,NONE,DIRECT_LOCAL,PASS_THROUGH,0,6,0,0,0,0,1,0.6,0.8871014117458489,0.8246211251235326,0.0,1,0,1,CLEAR,none,nan,0.0,0.0,0,0,1,0,0.027023802226989593,0,0,1,1,0.0,0.6,"-1.508,10.429;-1.580,10.405;-1.671,10.375;-1.775,10.340;-1.880,10.305;-1.984,10.271;-2.089,10.236;-2.193,10.202;-2.280,10.173;-2.341,10.153;-2.350,10.150",-2.3499999999999996,10.15,2.0,-2.3499999999999996,10.15,2.0,-2.3499999999999996,10.15,2.0,1.6587077563227461,0.0,0.0,0,0,0,1,,,1,1,PASS_THROUGH,-1,0.9999998887711009,-0.0004716543077808741,0.0,0.1774202823491698,0,0.999164686532064,-0.00047126038100317013,0.04086204964188237,0.8878429402399297,0.17756858804798595,0,0,0,CORRIDOR_CLEAR,1,0,0,0,1
1787562395550608384,1787562395566148096,joint_v2_000005_c2dc4fc3,1697,217,0.03333333333333333,7.233333333333333,15.53964614868164,frame_id_exact,1,,-1.5285428762435913,10.421895027160645,1.9635939598083496,-0.0175460052479025,-0.02485919328564839,-0.810385849971792,-0.5851059155183134,-0.6138494610786438,-0.20352493226528168,-0.0008983883308246732,0.6454577864734592,1.4273672210070058e-05,-0.04023197358776326,1.8909226595497437,-0.00019774121756199747,depth/001697.png,1.0,0.0006524533400300361,-0.060823619889332714,-0.9981483164180547,0.6454577864734592,1.4273672210070058e-05,-0.04023197358776326,-0.00019774121756199747,0.9991159438289763,-0.0004848054733901228,0.04203683801604262,0.865285335577137,0.1730570671154274,0.5333333334,0.0,0.03640604019165039,-0.0009046950094870887,0.5333333334,0.0,0.03640604019165039,-0.0009046950094870887,goal_capture,TERMINAL_SETTLING,NONE,DIRECT_LOCAL,PASS_THROUGH,0,6,0,0,0,0,1,0.5333333334,0.8652853355771369,0.8246211251235326,0.0,1,0,1,CLEAR,none,nan,0.0,0.0,0,0,1,0,0.027801883756944066,0,0,1,1,0.0,0.5,"-1.529,10.422;-1.585,10.403;-1.642,10.384;-1.699,10.365;-1.756,10.346;-1.813,10.328;-1.870,10.309;-1.927,10.290;-1.984,10.271;-2.041,10.252;-2.098,10.233;-2.155,10.214;-2.212,10.196;-2.269,10.177;-2.326,10.158;-2.350,10.150",-2.3499999999999996,10.15,2.0,-2.3499999999999996,10.15,2.0,-2.3499999999999996,10.15,2.0,1.6393139802044614,0.0,0.0,0,0,0,1,,,0,1,PASS_THROUGH,-1,0.999164686532064,-0.00047126038100317013,0.04086204964188237,0.1774202823491698,0,0.9991159438289763,-0.0004848054733901228,0.04203683801604262,0.8660508713275881,0.1732101742655176,0,0,0,CORRIDOR_CLEAR,1,0,0,0,1
1787562395600100096,1787562395616005632,joint_v2_000005_c2dc4fc3,1698,218,0.03333333333333333,7.266666666666667,15.905618667602539,frame_id_exact,1,,-1.548633337020874,10.415236473083496,1.9636808633804321,-0.026072740149336145,-0.0365844723476636,-0.8099366631585097,-0.5847943145036615,-0.5900284051895142,-0.19541028141975403,0.006190554704517126,0.6195923109601114,-0.00017825467700255523,-0.04962213625951175,1.8909070828138457,-0.00026027054991573095,depth/001698.png,1.0,0.0005542465441557495,-0.08975659131908909,-0.9959635772082964,0.6195923109601114,-0.00017825467700255523,-0.04962213625951175,-0.00026027054991573095,0.9990755489040976,-0.00047909973901025943,0.04298625414497512,0.8441202018599434,0.16882404037198867,0.6,0.0,0.03631913661956787,-0.0009277507847671451,0.6,0.0,0.03631913661956787,-0.0009277507847671451,goal_capture,TERMINAL_SETTLING,NONE,DIRECT_LOCAL,PASS_THROUGH,0,6,0,0,0,0,1,0.6,0.8441202018599433,0.8246211251235326,0.0,1,0,1,CLEAR,none,nan,0.0,0.0,0,0,0,0,0.02747579093195546,0,0,1,1,0.0,0.6,"-1.549,10.415;-1.617,10.393;-1.705,10.364;-1.809,10.329;-1.913,10.294;-2.018,10.260;-2.122,10.225;-2.225,10.191;-2.303,10.165;-2.350,10.150",-2.3499999999999996,10.15,2.0,-2.3499999999999996,10.15,2.0,-2.3499999999999996,10.15,2.0,1.6208505837770966,0.0,0.0,0,0,0,1,,,0,1,PASS_THROUGH,-1,0.999164686532064,-0.00047126038100317013,0.04086204964188237,0.1774202823491698,0,0.9990755489040976,-0.00047909973901025943,0.04298625414497512,0.8449011746191754,0.16898023492383507,0,0,0,CORRIDOR_CLEAR,1,0,0,0,1
1787562395656590848,1787562395674880000,joint_v2_000005_c2dc4fc3,1699,219,0.03333333333333333,7.3,18.28908920288086,frame_id_exact,1,,-1.5677937269210815,10.408896446228027,1.9639952182769775,-0.030740830377677306,-0.042866656222790324,-0.8096193431304012,-0.5845801658977713,-0.5587308406829834,-0.18487264215946198,0.012353158555924892,0.586548128704635,-0.0003129860202943721,-0.04971761688258897,1.8908758862717667,-0.00031984501401893795,depth/001699.png,1.0,0.0003412522170866267,-0.10535230755062014,-0.9944349022639359,0.586548128704635,-0.0003129860202943721,-0.04971761688258897,-0.00031984501401893795,0.9990464903705022,-0.00044598257443980376,0.04365674263988604,0.8239381187404262,0.16478762374808525,0.6,0.0,0.03600478172302246,-0.0008776652164654841,0.6,0.0,0.03600478172302246,-0.0008776652164654841,goal_capture,TERMINAL_SETTLING,NONE,DIRECT_LOCAL,PASS_THROUGH,0,6,0,0,0,0,1,0.6,0.8239381187404262,0.8246211251235326,0.0,1,0,1,CLEAR,none,nan,0.0,0.0,0,0,1,0,0.025577305761723654,0,0,1,1,0.0,0.6,"-1.568,10.409;-1.633,10.387;-1.718,10.359;-1.821,10.325;-1.925,10.290;-2.030,10.256;-2.134,10.221;-2.234,10.188;-2.310,10.163;-2.350,10.150",-2.3499999999999996,10.15,2.0,-2.3499999999999996,10.15,2.0,-2.3499999999999996,10.15,2.0,1.6034675870468633,0.0,0.0,0,0,0,1,,,0,1,PASS_THROUGH,-1,0.999164686532064,-0.00047126038100317013,0.04086204964188237,0.1774202823491698,0,0.9990464903705022,-0.00044598257443980376,0.04365674263988604,0.8247244193186202,0.16494488386372402,0,0,0,CORRIDOR_CLEAR,1,0,0,0,1
1787562395707291904,1787562395728514304,joint_v2_000005_c2dc4fc3,1700,220,0.03333333333333333,7.333333333333333,21.222352981567383,frame_id_exact,1,,-1.585864782333374,10.402917861938477,1.9645062685012817,-0.028088444435949347,-0.03895675527206789,-0.8098052493034665,-0.5847297398870621,-0.5259703993797302,-0.17393805086612701,0.018394073471426964,0.553193968484403,-0.00036537665200091744,-0.03484175991582662,1.8908361288073945,-0.00035378715256229043,depth/001700.png,1.0,6.600725615932973e-05,-0.09594306744803185,-0.9953868210156815,0.553193968484403,-0.00036537665200091744,-0.03484175991582662,-0.00035378715256229043,0.999029067625978,-0.00040317400240313613,0.04405405190323467,0.8049037680157495,0.1609807536031499,0.6,0.0,0.03549373149871826,-0.0008056833243275108,0.6,0.0,0.03549373149871826,-0.0008056833243275108,goal_capture,TERMINAL_SETTLING,NONE,DIRECT_LOCAL,PASS_THROUGH,0,6,0,0,0,0,1,0.6,0.8049037680157495,0.8246211251235326,0.0,1,0,1,CLEAR,none,nan,0.0,0.0,0,0,1,0,0.023122617991420652,0,0,1,1,0.0,0.6,"-1.586,10.403;-1.648,10.382;-1.729,10.356;-1.829,10.322;-1.948,10.283;-2.081,10.239;-2.192,10.202;-2.279,10.174;-2.340,10.153;-2.350,10.150",-2.3499999999999996,10.15,2.0,-2.3499999999999996,10.15,2.0,-2.3499999999999996,10.15,2.0,1.587076819557496,0.0,0.0,0,0,0,1,,,0,1,PASS_THROUGH,-1,0.999164686532064,-0.00047126038100317013,0.04086204964188237,0.1774202823491698,0,0.999029067625978,-0.00040317400240313613,0.04405405190323467,0.8056859690609329,0.16113719381218658,0,0,0,CORRIDOR_CLEAR,1,0,0,0,1
1787562395767955968,1787562395784891392,joint_v2_000005_c2dc4fc3,1701,221,0.03333333333333333,7.366666666666666,16.935348510742188,frame_id_exact,1,,-1.6029332876205444,10.397274017333984,1.9652173519134521,-0.018539935624345315,-0.025496420123490272,-0.8103305366502055,-0.5851244523348187,-0.4998634457588196,-0.16530825197696686,0.024129953235387802,0.5269627025176141,-0.0003315677041369286,-0.009096012252233287,1.8908013186486246,-0.00037930451799184084,depth/001701.png,1.0,-0.00020979424536061303,-0.06301739495968964,-0.9980124066958632,0.5269627025176141,-0.0003315677041369286,-0.009096012252233287,-0.00037930451799184084,0.9990245153332772,-0.0003616620234637994,0.04415752442892746,0.7869263703765017,0.15738527407530034,0.586926331916694,-0.00021247623213164007,0.03478264808654785,-0.0009050378697272876,0.586926331916694,-0.00021247623213164007,0.03478264808654785,-0.0009050378697272876,goal_capture,TERMINAL_SETTLING,NONE,DIRECT_LOCAL,PASS_THROUGH,0,6,0,0,0,0,1,0.5869263703765017,0.7869263703765017,inf,0.0,1,0,1,CLEAR,none,nan,0.0,0.0,0,0,1,0,0.02074194009395376,0,0,0,1,0.0,0.5869263703765017,,-2.3499999999999996,10.15,2.0,-2.3499999999999996,10.15,2.0,-2.3499999999999996,10.15,2.0,1.5713532154397885,0.0,0.0,0,0,0,1,,,0,1,PASS_THROUGH,-1,0.999164686532064,-0.00047126038100317013,0.04086204964188237,0.1774202823491698,0,0.9990245153332772,-0.0003616620234637994,0.04415752442892746,0.7876947029159507,0.15753894058319012,0,0,0,CORRIDOR_CLEAR,1,0,0,0,1
1787562395813683456,1787562395830542848,joint_v2_000005_c2dc4fc3,1702,222,0.03333333333333333,7.4,16.85929298400879,frame_id_exact,1,,-1.6193346977233887,10.391849517822266,1.9660917520523071,-0.004673770242400807,-0.006115944223088506,-0.8107020028621807,-0.5854084161106928,-0.48672881722450256,-0.16106539964675903,0.027976660057902336,0.5130558360351026,-0.00022252998881182697,0.020083764060925095,1.8907792090922841,-0.0004302351735532284,depth/001702.png,1.0,-0.00041741935154481977,-0.015388545331840763,-0.9998815021959626,0.5130558360351026,-0.00022252998881182697,0.020083764060925095,-0.0004302351735532284,0.9990308606846199,-0.0003343315388939915,0.044013948041160024,0.7696512023129916,0.15393024046259832,0.5696511704140794,-0.00019063710635199292,0.03390824794769287,-0.0008366396363967965,0.5696511704140794,-0.00019063710635199292,0.03390824794769287,-0.0008366396363967965,goal_capture,TERMINAL_SETTLING,NONE,DIRECT_LOCAL,PASS_THROUGH,0,6,0,0,0,0,1,0.5696512023129916,0.7696512023129916,inf,0.0,1,0,1,CLEAR,none,nan,0.0,0.0,0,0,0,0,0.019174368055558486,0,0,0,1,0.0,0.5696512023129916,,-2.3499999999999996,10.15,2.0,-2.3499999999999996,10.15,2.0,-2.3499999999999996,10.15,2.0,1.5558295494341836,0.0,0.0,0,0,0,1,,,1,1,PASS_THROUGH,-1,0.9999999440027301,-0.0003346558483120069,0.0,0.15393024046259832,0,0.9990308606846199,-0.0003343315388939915,0.044013948041160024,0.7703977819936371,0.15407955639872742,0,0,0,CORRIDOR_CLEAR,1,0,0,0,1
1787562395862923520,1787562395879170560,joint_v2_000005_c2dc4fc3,1703,223,0.03333333333333333,7.433333333333334,16.247034072875977,frame_id_exact,1,,-1.6355557441711426,10.386476516723633,1.9670475721359253,0.009627277682986117,0.013749610636659065,-0.8106039465538083,-0.5853541710478757,-0.4890885651111603,-0.16200707852840424,0.028849726542830467,0.5139637026499837,-6.538398712448103e-05,0.04612518640235137,1.8907637711974223,-0.0004982795799151063,depth/001703.png,1.0,-0.0004889653041093411,0.03356171158645222,-0.9994365274635099,0.5139637026499837,-6.538398712448103e-05,0.04612518640235137,-0.0004982795799151063,0.9990426770973571,-0.0003237646927210731,0.04374499416584397,0.7525634442680509,0.1505126888536102,0.5525634152516856,-0.0001790719540306828,0.03295242786407471,-0.0008101873143395721,0.5525634152516856,-0.0001790719540306828,0.03295242786407471,-0.0008101873143395721,goal_capture,TERMINAL_SETTLING,NONE,DIRECT_LOCAL,PASS_THROUGH,0,6,0,0,0,0,1,0.5525634442680509,0.7525634442680509,inf,0.0,1,0,1,CLEAR,none,nan,0.0,0.0,0,0,0,0,0.01856812549067858,0,0,0,1,0.0,0.5525634442680509,,-2.3499999999999996,10.15,2.0,-2.3499999999999996,10.15,2.0,-2.3499999999999996,10.15,2.0,1.5400304311902966,0.0,0.0,0,0,0,1,,,0,1,PASS_THROUGH,-1,0.9990308606846199,-0.0003343315388939915,0.044013948041160024,0.15393024046259832,0,0.9990426770973571,-0.0003237646927210731,0.04374499416584397,0.7532845412928164,0.1506569082585633,0,0,0,CORRIDOR_CLEAR,1,0,0,0,1
1787562395906814976,1787562395923858688,joint_v2_000005_c2dc4fc3,1704,224,0.03333333333333333,7.466666666666667,17.043590545654297,frame_id_exact,1,,-1.652093529701233,10.380996704101562,1.9679728746414185,0.020392465932036,0.02859700669134363,-0.8102096526720235,-0.5850868971858668,-0.50506991147995,-0.16746202111244202,0.026107553392648697,0.5289625780944294,0.00010075531356957386,0.0633981795136109,1.8907419752853842,-0.0005474847857840359,depth/001704.png,1.0,-0.0004191223478415135,0.070201870953993,-0.9975327170830119,0.5289625780944294,0.00010075531356957386,0.0633981795136109,-0.0005474847857840359,0.9990523053309023,-0.00030961804923397085,0.04352465220623086,0.7351414276114956,0.14702828552229913,0.5351414019125899,-0.00016584660887163807,0.03202712535858154,-0.000774779352568089,0.5351414019125899,-0.00016584660887163807,0.03202712535858154,-0.000774779352568089,goal_capture,TERMINAL_SETTLING,NONE,DIRECT_LOCAL,PASS_THROUGH,0,6,0,0,0,0,1,0.5351414276114957,0.7351414276114957,inf,0.0,1,0,1,CLEAR,none,nan,0.0,0.0,0,0,0,0,0.017756634782411962,0,0,0,1,0.0,0.5351414276114957,,-2.3499999999999996,10.15,2.0,-2.3499999999999996,10.15,2.0,-2.3499999999999996,10.15,2.0,1.5236058275138251,0.0,0.0,0,0,0,1,,,0,1,PASS_THROUGH,-1,0.9990308606846199,-0.0003343315388939915,0.044013948041160024,0.15393024046259832,0,0.9990523053309023,-0.00030961804923397085,0.04352465220623086,0.7358387427618923,0.14716774855237846,0,0,0,CORRIDOR_CLEAR,1,0,0,0,1
1787562395956655360,1787562395972417792,joint_v2_000005_c2dc4fc3,1705,225,0.03333333333333333,7.5,15.762567520141602,frame_id_exact,1,,-1.6693183183670044,10.375284194946289,1.9687517881393433,0.024695363479922863,0.034397853087226433,-0.8099743662588098,-0.5849345713233435,-0.5291840434074402,-0.17556701600551605,0.020280979573726654,0.5538322563995828,0.00023489973844371235,0.06738414970939671,1.8907087003958183,-0.0005631214007735252,depth/001705.png,1.0,-0.00023576413167732818,0.08461310221158541,-0.9964138534511682,0.5538322563995828,0.00023489973844371235,0.06738414970939671,-0.0005631214007735252,0.9990516022424788,-0.0002914006622978636,0.043540913430817944,0.7169940865888085,0.1433988173177617,0.5169940645970084,-0.00015079542687233542,0.03124821186065674,-0.0007291932002817525,0.5169940645970084,-0.00015079542687233542,0.03124821186065674,-0.0007291932002817525,goal_capture,TERMINAL_SETTLING,NONE,DIRECT_LOCAL,PASS_THROUGH,0,6,0,0,0,0,1,0.5169940865888085,0.7169940865888085,inf,0.0,1,0,1,CLEAR,none,nan,0.0,0.0,0,0,0,0,0.016711877130312868,0,0,0,1,0.0,0.5169940865888085,,-2.3499999999999996,10.15,2.0,-2.3499999999999996,10.15,2.0,-2.3499999999999996,10.15,2.0,1.5064178795155474,0.0,0.0,0,0,0,1,,,0,1,PASS_THROUGH,-1,0.9990308606846199,-0.0003343315388939915,0.044013948041160024,0.15393024046259832,0,0.9990516022424788,-0.0002914006622978636,0.043540913430817944,0.7176746971628638,0.14353493943257276,0,0,0,CORRIDOR_CLEAR,1,0,0,0,1
1787562396002997504,1787562396018623232,joint_v2_000005_c2dc4fc3,1706,226,0.03333333333333333,7.533333333333333,15.625715255737305,frame_id_exact,1,,-1.6873798370361328,10.369290351867676,1.969312310218811,0.02128756152732786,0.029466945013530543,-0.8101574570366876,-0.5850841253047612,-0.5539442896842957,-0.1838112324476242,0.013435253873467445,0.581125698243394,0.00030156023404484647,0.05580486714392403,1.8906701768324714,-0.0005486910231411457,depth/001706.png,1.0,1.1269929693906444e-05,0.07265575910977942,-0.9973570777515796,0.581125698243394,0.00030156023404484647,0.05580486714392403,-0.0005486910231411457,0.9990347934841198,-0.000274718256074874,0.043925003563140115,0.697963995338234,0.1395927990676468,0.4979639765112074,-0.00013693196283805708,0.030687689781188965,-0.0006874591629402182,0.4979639765112074,-0.00013693196283805708,0.030687689781188965,-0.0006874591629402182,goal_capture,TERMINAL_SETTLING,NONE,DIRECT_LOCAL,PASS_THROUGH,0,6,0,0,0,0,1,0.497963995338234,0.697963995338234,inf,0.0,1,0,1,CLEAR,none,nan,0.0,0.0,0,0,0,0,0.015755403449628353,0,0,0,1,0.0,0.497963995338234,,-2.3499999999999996,10.15,2.0,-2.3499999999999996,10.15,2.0,-2.3499999999999996,10.15,2.0,1.4885757166245386,0.0,0.0,0,0,0,1,,,0,1,PASS_THROUGH,-1,0.9990308606846199,-0.0003343315388939915,0.044013948041160024,0.15393024046259832,0,0.9990347934841198,-0.000274718256074874,0.043925003563140115,0.6986382991882257,0.13972765983764515,0,0,0,CORRIDOR_CLEAR,1,0,0,0,1
1787562396048403968,1787562396065232896,joint_v2_000005_c2dc4fc3,1707,227,0.03333333333333333,7.566666666666666,16.82901382446289,frame_id_exact,1,,-1.7061687707901,10.363055229187012,1.9696664810180664,0.010790047915124308,0.014717379405458876,-0.8105501474369028,-0.5853848581057084,-0.571596622467041,-0.18961435556411743,0.008312227204442024,0.6015216452525497,0.00028097884208076854,0.030282455587006075,1.8906380305248167,-0.000520793255418539,depth/001707.png,1.0,0.00026108774700566925,0.03649100942945673,-0.9993339472188502,0.6015216452525497,0.00028097884208076854,0.030282455587006075,-0.000520793255418539,0.9990011367969124,-0.00026641472579928713,0.0446839758937205,0.6781675179407077,0.13563350358814155,0.47816750093735594,-0.00012751823692296328,0.030333518981933594,-0.0006667027435480755,0.47816750093735594,-0.00012751823692296328,0.030333518981933594,-0.0006667027435480755,goal_capture,TERMINAL_SETTLING,NONE,DIRECT_LOCAL,PASS_THROUGH,0,6,0,0,0,0,1,0.4781675179407077,0.6781675179407077,inf,0.0,1,0,1,CLEAR,none,nan,0.0,0.0,0,0,0,0,0.01527970135803904,0,0,0,1,0.0,0.4781675179407077,,-2.3499999999999996,10.15,2.0,-2.3499999999999996,10.15,2.0,-2.3499999999999996,10.15,2.0,1.4704165394245488,0.0,0.0,0,0,0,1,,,0,1,PASS_THROUGH,-1,0.9990308606846199,-0.0003343315388939915,0.044013948041160024,0.15393024046259832,0,0.9990011367969124,-0.00026641472579928713,0.0446839758937205,0.6788455676836135,0.1357691135367227,0,0,0,CORRIDOR_CLEAR,1,0,0,0,1
1787562396093258496,1787562396108085248,joint_v2_000005_c2dc4fc3,1708,228,0.03333333333333333,7.6,14.826774597167969,frame_id_exact,1,,-1.7253342866897583,10.356698989868164,1.9699084758758545,-0.004563960059294428,-0.006708459602629528,-0.8106503726176228,-0.5854742865517206,-0.5756399035453796,-0.1908307820558548,0.006823218427598476,0.6064776356790477,0.00017700940853624083,-0.003014686105653839,1.890618854585591,-0.0004951251321472228,depth/001708.png,1.0,0.00045570935406317233,-0.0162205930722557,-0.9998683336766742,0.6064776356790477,0.00017700940853624083,-0.003014686105653839,-0.0004951251321472228,0.9989558251114511,-0.0002674668168387632,0.045685752017467246,0.6579754750732826,0.13159509501465652,0.45797545865758077,-0.0001226212761747986,0.030091524124145508,-0.0006693659612455605,0.45797545865758077,-0.0001226212761747986,0.030091524124145508,-0.0006693659612455605,goal_capture,TERMINAL_SETTLING,NONE,DIRECT_LOCAL,PASS_THROUGH,0,6,0,0,0,0,1,0.4579754750732825,0.6579754750732826,inf,0.0,1,0,1,CLEAR,none,nan,0.0,0.0,0,0,0,0,0.015340737811635216,0,0,0,1,0.0,0.4579754750732825,,-2.3499999999999996,10.15,2.0,-2.3499999999999996,10.15,2.0,-2.3499999999999996,10.15,2.0,1.452441814994662,0.0,0.0,0,0,0,1,,,1,1,PASS_THROUGH,-1,0.999999964155937,-0.00026774638129953944,0.0,0.13159509501465652,0,0.9989558251114511,-0.0002674668168387632,0.045685752017467246,0.6586632110737823,0.13173264221475647,0,0,0,CORRIDOR_CLEAR,1,0,0,0,1
1787562396140635648,1787562396159559680,joint_v2_000005_c2dc4fc3,1709,229,0.03333333333333333,7.633333333333334,18.92399787902832,frame_id_exact,1,,-1.7443487644195557,10.350399017333984,1.9701647758483887,-0.021505349555587503,-0.030247646160653043,-0.8101099672986993,-0.5851020771844279,-0.5621851086616516,-0.18619799613952637,0.00894743949174881,0.5912499989199795,1.8557820598175598e-05,-0.03500407509816684,1.8906063333351466,-0.00047648174222558737,depth/001709.png,1.0,0.0005525251466271808,-0.07417348867524146,-0.9972451996844639,0.5912499989199795,1.8557820598175598e-05,-0.03500407509816684,-0.00047648174222558737,0.9989081441335056,-0.00026709156415722436,0.046716680595394376,0.6379445001789299,0.127588900035786,0.43794448452374185,-0.00011709913276054652,0.029835224151611328,-0.000668458755095358,0.43794448452374185,-0.00011709913276054652,0.029835224151611328,-0.000668458755095358,goal_capture,TERMINAL_SETTLING,NONE,DIRECT_LOCAL,PASS_THROUGH,0,6,0,0,0,0,1,0.43794450017893005,0.63794450017893,inf,0.0,1,0,1,CLEAR,none,nan,0.0,0.0,0,0,0,0,0.01531994617821325,0,0,0,1,0.0,0.43794450017893005,,-2.3499999999999996,10.15,2.0,-2.3499999999999996,10.15,2.0,-2.3499999999999996,10.15,2.0,1.4352144213281706,0.0,0.0,0,0,0,1,,,0,1,PASS_THROUGH,-1,0.9989558251114511,-0.0002674668168387632,0.045685752017467246,0.13159509501465652,0,0.9989081441335056,-0.00026709156415722436,0.046716680595394376,0.6386417821507779,0.1277283564301556,0,0,0,CORRIDOR_CLEAR,1,0,0,0,1
1787562396192867584,1787562396210120192,joint_v2_000005_c2dc4fc3,1710,230,0.03333333333333333,7.666666666666667,17.252683639526367,frame_id_exact,1,,-1.7626147270202637,10.344353675842285,1.9705290794372559,-0.03645486536740799,-0.05092803168751053,-0.8090677579649063,-0.5843686690789643,-0.5310457348823547,-0.1756928712129593,0.012906757183372974,0.5565799176070789,-0.00015184037024178697,-0.057121923757727094,1.890587836452937,-0.00045701247290708125,depth/001710.png,0.9999967447916667,0.0005325798126411263,-0.12501461914236978,-0.9921547567589601,0.5565799176070789,-0.00015184037024178697,-0.057121923757727094,-0.00045701247290708125,0.9988674296845466,-0.0002508509693023053,0.04757935465281555,0.6187041378776182,0.12374082757552365,0.4187041246739957,-0.00010515142691009673,0.02947092056274414,-0.000627838481297438,0.4187041246739957,-0.00010515142691009673,0.02947092056274414,-0.000627838481297438,goal_capture,TERMINAL_SETTLING,NONE,DIRECT_LOCAL,PASS_THROUGH,0,6,0,0,0,0,1,0.41870413787761823,0.6187041378776182,inf,0.0,1,0,1,CLEAR,none,nan,0.0,0.0,0,0,0,0,0.014388998077698587,0,0,0,1,0.0,0.41870413787761823,,-2.3499999999999996,10.15,2.0,-2.3499999999999996,10.15,2.0,-2.3499999999999996,10.15,2.0,1.4192347803038523,0.0,0.0,0,0,0,1,,,0,1,PASS_THROUGH,-1,0.9989558251114511,-0.0002674668168387632,0.045685752017467246,0.13159509501465652,0,0.9988674296845466,-0.0002508509693023053,0.04757935465281555,0.6194056388068343,0.12388112776136687,0,0,0,CORRIDOR_CLEAR,1,0,0,0,1
1787562396254970624,1787562396271704576,joint_v2_000005_c2dc4fc3,1711,231,0.03333333333333333,7.7,16.73412322998047,frame_id_exact,1,,-1.7795956134796143,10.338740348815918,1.9710246324539185,-0.04628098216592582,-0.06441973561556666,-0.8080954581670714,-0.5836864730681438,-0.48601776361465454,-0.16061481833457947,0.016564970836043358,0.5080478950913038,-0.0002928628132542164,-0.06459129353951286,1.890553834625261,-0.00042390977614559233,depth/001711.png,1.0,0.000402953579273016,-0.1581417580356437,-0.9874163367059555,0.5080478950913038,-0.0002928628132542164,-0.06459129353951286,-0.00042390977614559233,0.9988391095193848,-0.00020851933890244116,0.04817042468369907,0.6008195098636956,0.12016390197273911,0.4008195011295497,-8.367575578309702e-05,0.028975367546081543,-0.0005219042133175478,0.4008195011295497,-8.367575578309702e-05,0.028975367546081543,-0.0005219042133175478,goal_capture,TERMINAL_SETTLING,NONE,DIRECT_LOCAL,PASS_THROUGH,0,6,0,0,0,0,1,0.40081950986369563,0.6008195098636956,inf,0.0,1,0,1,CLEAR,none,nan,0.0,0.0,0,0,0,0,0.01196116349327636,0,0,0,1,0.0,0.40081950986369563,,-2.3499999999999996,10.15,2.0,-2.3499999999999996,10.15,2.0,-2.3499999999999996,10.15,2.0,1.4048285609802398,0.0,0.0,0,0,0,1,,,0,1,PASS_THROUGH,-1,0.9989558251114511,-0.0002674668168387632,0.045685752017467246,0.13159509501465652,0,0.9988391095193848,-0.00020851933890244116,0.04817042468369907,0.6015177930512795,0.1203035586102559,0,0,0,CORRIDOR_CLEAR,1,0,0,0,1
1787562396302650880,1787562396320334080,joint_v2_000005_c2dc4fc3,1712,232,0.03333333333333333,7.733333333333333,17.68326759338379,frame_id_exact,1,,-1.7949367761611938,10.333674430847168,1.9716196060180664,-0.04897967753655919,-0.06797424376966972,-0.8077898933084405,-0.5834860595087895,-0.4339636266231537,-0.14327208697795868,0.018869856372475624,0.4537373480464847,-0.00037472571397380885,-0.05770329441929714,1.890505016240407,-0.00037113222060725093,depth/001712.png,1.0,0.00019347030743099847,-0.16697573232848306,-0.9859609867447124,0.4537373480464847,-0.00037472571397380885,-0.05770329441929714,-0.00037113222060725093,0.9988239334031176,-0.0001430514247224526,0.048484323212915556,0.5846635605246484,0.11693271210492968,0.3846635565795527,-5.5091461034592655e-05,0.028380393981933594,-0.0003580496495958485,0.3846635565795527,-5.5091461034592655e-05,0.028380393981933594,-0.0003580496495958485,goal_capture,TERMINAL_SETTLING,NONE,DIRECT_LOCAL,PASS_THROUGH,0,6,0,0,0,0,1,0.3846635605246484,0.5846635605246484,inf,0.0,1,0,1,CLEAR,none,nan,0.0,0.0,0,0,0,0,0.00820589351119205,0,0,0,1,0.0,0.3846635605246484,,-2.3499999999999996,10.15,2.0,-2.3499999999999996,10.15,2.0,-2.3499999999999996,10.15,2.0,1.3920798596655621,0.0,0.0,0,0,0,1,,,0,1,PASS_THROUGH,-1,0.9989558251114511,-0.0002674668168387632,0.045685752017467246,0.13159509501465652,0,0.9988239334031176,-0.0001430514247224526,0.048484323212915556,0.5853519674246674,0.11707039348493349,0,0,0,CORRIDOR_CLEAR,1,0,0,0,1
1787562396352614912,1787562396369454848,joint_v2_000005_c2dc4fc3,1713,233,0.03333333333333333,7.766666666666667,16.839981079101562,frame_id_exact,1,,-1.8085395097732544,10.329184532165527,1.9722716808319092,-0.04410521529292529,-0.06101439626387207,-0.8083303684352127,-0.5838955290956707,-0.38306504487991333,-0.1263945996761322,0.020185068249702454,0.401836546179343,-0.0003841201319971865,-0.04060914949572005,1.890453883192805,-0.0003048084327019751,depth/001713.png,1.0,-5.1103477396369223e-05,-0.1501452548623377,-0.9886639468650398,0.401836546179343,-0.0003841201319971865,-0.04060914949572005,-0.0003048084327019751,0.998820269231465,-7.311727306028868e-05,0.04855990554199929,0.5703389860810552,0.11406779721621103,0.3703389850887741,-2.7110159386766033e-05,0.02772831916809082,-0.00018300908377177905,0.3703389850887741,-2.7110159386766033e-05,0.02772831916809082,-0.00018300908377177905,goal_capture,TERMINAL_SETTLING,NONE,DIRECT_LOCAL,PASS_THROUGH,0,6,0,0,0,0,1,0.3703389860810552,0.5703389860810552,inf,0.0,1,0,1,CLEAR,none,nan,0.0,0.0,0,0,0,0,0.004194259245071626,0,0,0,1,0.0,0.3703389860810552,,-2.3499999999999996,10.15,2.0,-2.3499999999999996,10.15,2.0,-2.3499999999999996,10.15,2.0,1.3808215804318444,0.0,0.0,0,0,0,1,,,0,1,PASS_THROUGH,-1,0.9989558251114511,-0.0002674668168387632,0.045685752017467246,0.13159509501465652,0,0.998820269231465,-7.311727306028868e-05,0.04855990554199929,0.5710126257166768,0.11420252514333536,0,0,0,CORRIDOR_CLEAR,1,0,0,0,1
1787562396404249088,1787562396420627712,joint_v2_000005_c2dc4fc3,1714,234,0.03333333333333333,7.8,16.378402709960938,frame_id_exact,1,,-1.8205734491348267,10.325213432312012,1.9729642868041992,-0.03281760333797648,-0.045190932359135225,-0.8093574911525557,-0.584654800766148,-0.3409807085990906,-0.11252069473266602,0.021472780033946037,0.35922110929658263,-0.0003212087922271087,-0.018706205464776863,1.8904139268300035,-0.00023896856873761863,depth/001714.png,1.0,-0.00028015509679542305,-0.11152517795644329,-0.9937615690873266,0.35922110929658263,-0.0003212087922271087,-0.018706205464776863,-0.00023896856873761863,0.998826909669907,-1.4045280043464314e-05,0.04842317959400602,0.557666763958145,0.11153335279162899,0.35766676392278357,-5.029429837021204e-06,0.02703571319580078,-3.51544394394665e-05,0.35766676392278357,-5.029429837021204e-06,0.02703571319580078,-3.51544394394665e-05,goal_capture,TERMINAL_SETTLING,NONE,DIRECT_LOCAL,PASS_THROUGH,0,6,0,0,0,0,1,0.35766676395814495,0.557666763958145,inf,0.0,1,0,1,CLEAR,none,nan,0.0,0.0,0,0,0,0,0.0008056804044118712,0,0,0,1,0.0,0.35766676395814495,,-2.3499999999999996,10.15,2.0,-2.3499999999999996,10.15,2.0,-2.3499999999999996,10.15,2.0,1.370677862307432,0.0,0.0,0,0,0,1,,,1,1,PASS_THROUGH,-1,0.9999999999011332,-1.406177577524402e-05,0.0,0.11153335279162899,0,0.998826909669907,-1.4045280043464314e-05,0.04842317959400602,0.5583217257205338,0.11166434514410677,0,0,0,CORRIDOR_CLEAR,1,0,0,0,1
1787562396466945536,1787562396486867200,joint_v2_000005_c2dc4fc3,1715,235,0.03333333333333333,7.833333333333333,19.921541213989258,frame_id_exact,1,,-1.8314340114593506,10.32162857055664,1.9737064838409424,-0.01757376481178309,-0.023945890584735167,-0.8102580328492416,-0.5853201494205725,-0.3133576512336731,-0.10350478440523148,0.023139450699090958,0.3308011160946296,-0.00019842580751261722,0.0035034808205152805,1.8903922830002295,-0.0001853672438301146,depth/001715.png,1.0,-0.0004465437021694413,-0.059377257691051136,-0.998235514228888,0.3308011160946296,-0.00019842580751261722,0.0035034808205152805,-0.0001853672438301146,0.9988434546831948,2.3953444827002113e-05,0.04808068700396232,0.5462298515299729,0.10924597030599459,0.34622985143041496,8.303000439983856e-06,0.026293516159057617,5.995295035976511e-05,0.34622985143041496,8.303000439983856e-06,0.026293516159057617,5.995295035976511e-05,goal_capture,TERMINAL_SETTLING,NONE,DIRECT_LOCAL,PASS_THROUGH,0,6,0,0,0,0,1,0.3462298515299728,0.5462298515299729,inf,0.0,1,0,1,CLEAR,none,nan,0.0,0.0,0,0,0,0,0.0013740204099887486,0,0,0,1,0.0,0.3462298515299728,,-2.3499999999999996,10.15,2.0,-2.3499999999999996,10.15,2.0,-2.3499999999999996,10.15,2.0,1.3611473850484332,0.0,0.0,0,0,0,1,,,0,1,PASS_THROUGH,-1,0.998826909669907,-1.4045280043464314e-05,0.04842317959400602,0.11153335279162899,0,0.9988434546831948,2.3953444827002113e-05,0.04808068700396232,0.5468623224308499,0.10937246448616997,0,0,0,CORRIDOR_CLEAR,1,0,0,0,1
1787562396517979648,1787562396533042688,joint_v2_000005_c2dc4fc3,1716,236,0.03333333333333333,7.866666666666666,15.063047409057617,frame_id_exact,1,,-1.8416551351547241,10.318246841430664,1.9745020866394043,-0.0015949465819937786,-0.0017677873407817629,-0.8106074908662237,-0.5855850295430063,-0.30276545882225037,-0.10016798973083496,0.02448018081486225,0.3190175482069559,-3.806297494896957e-05,0.02297021903520564,1.8903841702984232,-0.00014438955986406654,depth/001716.png,1.0,-0.0005153716894363909,-0.004733917004065045,-0.9999886621466367,0.3190175482069559,-3.806297494896957e-05,0.02297021903520564,-0.00014438955986406654,0.9988681693800396,3.4062702462908954e-05,0.04756447244636412,0.5354638188206149,0.10709276376412298,0.33546381862555963,1.1439752102631129e-05,0.025497913360595703,8.525324836083925e-05,0.33546381862555963,1.1439752102631129e-05,0.025497913360595703,8.525324836083925e-05,goal_capture,TERMINAL_SETTLING,NONE,DIRECT_LOCAL,PASS_THROUGH,0,6,0,0,0,0,1,0.3354638188206148,0.5354638188206149,inf,0.0,1,0,1,CLEAR,none,nan,0.0,0.0,0,0,0,0,0.001953860528342677,0,0,0,1,0.0,0.3354638188206148,,-2.3499999999999996,10.15,2.0,-2.3499999999999996,10.15,2.0,-2.3499999999999996,10.15,2.0,1.351705564189241,0.0,0.0,0,0,0,1,,,0,1,PASS_THROUGH,-1,0.998826909669907,-1.4045280043464314e-05,0.04842317959400602,0.11153335279162899,0,0.9988681693800396,3.4062702462908954e-05,0.04756447244636412,0.5360705595830653,0.10721411191661305,0,0,0,CORRIDOR_CLEAR,1,0,0,0,1
1787562396566737152,1787562396585846016,joint_v2_000005_c2dc4fc3,1717,237,0.03333333333333333,7.9,19.10877227783203,frame_id_exact,1,,-1.851797342300415,10.314887046813965,1.9753191471099854,0.011775601144413731,0.016703034852099046,-0.8104357200248968,-0.5854709963372604,-0.30815955996513367,-0.10212663561105728,0.024204624816775322,0.323381369070765,0.0001296841489673619,0.03744998373295476,1.8903787244479382,-0.0001051093204296194,depth/001717.png,1.0,-0.0004715493290309465,0.04086201802290386,-0.9991646876888345,0.323381369070765,0.0001296841489673619,0.03744998373295476,-0.0001051093204296194,0.9988958783133388,3.4029036954881804e-05,0.046978964767731876,0.524779597875108,0.1049559195750216,0.3247795976866486,1.1064153103243328e-05,0.02468085289001465,8.516662667323871e-05,0.3247795976866486,1.1064153103243328e-05,0.02468085289001465,8.516662667323871e-05,goal_capture,TERMINAL_SETTLING,NONE,DIRECT_LOCAL,PASS_THROUGH,0,6,0,0,0,0,1,0.3247795978751079,0.524779597875108,inf,0.0,1,0,1,CLEAR,none,nan,0.0,0.0,0,0,0,0,0.0019518753054971524,0,0,0,1,0.0,0.3247795978751079,,-2.3499999999999996,10.15,2.0,-2.3499999999999996,10.15,2.0,-2.3499999999999996,10.15,2.0,1.3419175697603085,0.0,0.0,0,0,0,1,,,0,1,PASS_THROUGH,-1,0.998826909669907,-1.4045280043464314e-05,0.04842317959400602,0.11153335279162899,0,0.9988958783133388,3.4029036954881804e-05,0.046978964767731876,0.5253596585629111,0.10507193171258222,0,0,0,CORRIDOR_CLEAR,1,0,0,0,1
1787562396622293760,1787562396637875456,joint_v2_000005_c2dc4fc3,1718,238,0.03333333333333333,7.933333333333334,15.581846237182617,frame_id_exact,1,,-1.8623286485671997,10.311394691467285,1.976088523864746,0.019758690426182016,0.02762753261797252,-0.8101335914639832,-0.5852605211149589,-0.3251418471336365,-0.10788680613040924,0.021608145907521248,0.340316198573621,0.0002711320947899465,0.044816371337283264,1.8903674742412877,-5.443192640086636e-05,depth/001718.png,1.0,-0.00032425059905452636,0.06789194735692572,-0.9976926271881703,0.340316198573621,0.0002711320947899465,0.044816371337283264,-5.443192640086636e-05,0.9989183536760923,3.2577228945579654e-05,0.04649861963294792,0.5136843324865121,0.10273686649730243,0.3136843323196986,1.0230031586662477e-05,0.023911476135253906,8.153126032306446e-05,0.3136843323196986,1.0230031586662477e-05,0.023911476135253906,8.153126032306446e-05,goal_capture,TERMINAL_SETTLING,NONE,DIRECT_LOCAL,PASS_THROUGH,0,6,0,0,0,0,1,0.31368433248651206,0.5136843324865121,inf,0.0,1,0,1,CLEAR,none,nan,0.0,0.0,0,0,0,0,0.0018685588459576073,0,0,0,1,0.0,0.31368433248651206,,-2.3499999999999996,10.15,2.0,-2.3499999999999996,10.15,2.0,-2.3499999999999996,10.15,2.0,1.3315265607602345,0.0,0.0,0,0,0,1,,,0,1,PASS_THROUGH,-1,0.998826909669907,-1.4045280043464314e-05,0.04842317959400602,0.11153335279162899,0,0.9989183536760923,3.2577228945579654e-05,0.04649861963294792,0.5142405586231801,0.10284811172463601,0,0,0,CORRIDOR_CLEAR,1,0,0,0,1
1787562396668340736,1787562396684009472,joint_v2_000005_c2dc4fc3,1719,239,0.03333333333333333,7.966666666666667,15.668869018554688,frame_id_exact,1,,-1.8735284805297852,10.307676315307617,1.9767396450042725,0.020762181535194327,0.028830263088486872,-0.810086913117963,-0.5852323820015073,-0.34704580903053284,-0.11521220952272415,0.017333155497908592,0.36351597089095217,0.0003554336120335602,0.04325618617533974,1.890351183339343,9.94184665614739e-06,depth/001719.png,1.0,-0.00010646398312992578,0.07101143957024114,-0.9974754954962965,0.36351597089095217,0.0003554336120335602,0.04325618617533974,9.94184665614739e-06,0.998927744596199,2.6563457583219003e-05,0.046296440147528026,0.5018833821469306,0.10037667642938612,0.3018833820401947,8.027674130853797e-06,0.02326035499572754,6.647992740305142e-05,0.3018833820401947,8.027674130853797e-06,0.02326035499572754,6.647992740305142e-05,goal_capture,TERMINAL_SETTLING,NONE,DIRECT_LOCAL,PASS_THROUGH,0,6,0,0,0,0,1,0.30188338214693056,0.5018833821469306,inf,0.0,1,0,1,CLEAR,none,nan,0.0,0.0,0,0,0,0,0.0015236077050123815,0,0,0,1,0.0,0.30188338214693056,,-2.3499999999999996,10.15,2.0,-2.3499999999999996,10.15,2.0,-2.3499999999999996,10.15,2.0,1.3204984638377588,0.0,0.0,0,0,0,1,,,0,1,PASS_THROUGH,-1,0.998826909669907,-1.4045280043464314e-05,0.04842317959400602,0.11153335279162899,0,0.998927744596199,2.6563457583219003e-05,0.046296440147528026,0.5024221067884744,0.10048442135769489,0,0,0,CORRIDOR_CLEAR,1,0,0,0,1
1787562396713069312,1787562396728204800,joint_v2_000005_c2dc4fc3,1720,240,0.03333333333333333,8.0,15.135526657104492,frame_id_exact,1,,-1.8854368925094604,10.303722381591797,1.9772436618804932,0.014748018716888238,0.020301025179453546,-0.8103416213490247,-0.585420208935448,-0.366445392370224,-0.12162967026233673,0.01308140717446804,0.38496096172343724,0.00036246718766158364,0.03243535197374314,1.890337878894157,7.649783947272226e-05,depth/001720.png,1.0,0.00013260599313898516,0.05016910771518074,-0.998740728641179,0.38496096172343724,0.00036246718766158364,0.03243535197374314,7.649783947272226e-05,0.9989204140472048,1.4381883131941257e-05,0.046454345253404014,0.4893357246753196,0.09786714493506392,0.28933572464533197,4.1656897979303665e-06,0.022756338119506836,3.599356597439041e-05,0.28933572464533197,4.1656897979303665e-06,0.022756338119506836,3.599356597439041e-05,goal_capture,TERMINAL_SETTLING,NONE,DIRECT_LOCAL,PASS_THROUGH,0,6,0,0,0,0,1,0.2893357246753196,0.4893357246753196,inf,0.0,1,0,1,CLEAR,none,nan,0.0,0.0,0,0,0,0,0.000824911767983302,0,0,0,1,0.0,0.2893357246753196,,-2.3499999999999996,10.15,2.0,-2.3499999999999996,10.15,2.0,-2.3499999999999996,10.15,2.0,1.309020278094316,0.0,0.0,0,0,0,1,,,1,1,PASS_THROUGH,-1,0.999999999896357,1.4397426389717948e-05,0.0,0.09786714493506392,0,0.9989204140472048,1.4381883131941257e-05,0.046454345253404014,0.48986457553912743,0.09797291510782549,0,0,0,CORRIDOR_CLEAR,1,0,0,0,1
1787562396766349056,1787562396781998848,joint_v2_000005_c2dc4fc3,1721,241,0.03333333333333333,8.033333333333333,15.649795532226562,frame_id_exact,1,,-1.8978551626205444,10.299602508544922,1.9776315689086914,0.0032082707377676374,0.004150872718597288,-0.8105842549811673,-0.5855985338362566,-0.3766383230686188,-0.12492253631353378,0.010546145029366016,0.3966823846617107,0.00028991517426053744,0.014706777560642486,1.8903345018122217,0.00012973713455721736,depth/001721.png,1.0,0.0003396575351995437,0.010486781420624659,-0.9999449545090944,0.3966823846617107,0.00028991517426053744,0.014706777560642486,0.00012973713455721736,0.9988988415258264,-3.5690408902538536e-06,0.046915928911444416,0.4762518918931738,0.09525037837863476,0.2762518918914104,-9.870411869259505e-07,0.022368431091308594,-8.932438255726538e-06,0.2762518918914104,-9.870411869259505e-07,0.022368431091308594,-8.932438255726538e-06,goal_capture,TERMINAL_SETTLING,NONE,DIRECT_LOCAL,PASS_THROUGH,0,6,0,0,0,0,1,0.27625189189317373,0.4762518918931738,inf,0.0,1,0,1,CLEAR,none,nan,0.0,0.0,0,0,0,0,0.00020471640512573176,0,0,0,1,0.0,0.27625189189317373,,-2.3499999999999996,10.15,2.0,-2.3499999999999996,10.15,2.0,-2.3499999999999996,10.15,2.0,1.2974574127143967,0.0,0.0,0,0,0,1,,,0,1,PASS_THROUGH,-1,0.9989204140472048,1.4381883131941257e-05,0.046454345253404014,0.09786714493506392,0,0.9988988415258264,-3.5690408902538536e-06,0.046915928911444416,0.4767768988125515,0.0953553797625103,0,0,0,CORRIDOR_CLEAR,1,0,0,0,1
1787562396811073792,1787562396826700800,joint_v2_000005_c2dc4fc3,1722,242,0.03333333333333333,8.066666666666666,15.626907348632812,frame_id_exact,1,,-1.9103906154632568,10.295445442199707,1.97797429561615,-0.01121089785358057,-0.015919009757041545,-0.8104404184374386,-0.5854974201998002,-0.37293538451194763,-0.12355699390172958,0.010322850197553635,0.39297438933918516,0.00015544954540578038,-0.0049797749186959814,1.890340886604515,0.000161771647981368,depth/001722.png,1.0,0.00046954879473610697,-0.038930721400002644,-0.9992418017953436,0.39297438933918516,0.00015544954540578038,-0.0049797749186959814,0.000161771647981368,0.9988706022263464,-2.9246200807069758e-05,0.04751335762325993,0.46304512483066057,0.09260902496613212,0.2630451247179095,-7.701768899468533e-06,0.022025704383850098,-7.319817184825439e-05,0.2630451247179095,-7.701768899468533e-06,0.022025704383850098,-7.319817184825439e-05,goal_capture,TERMINAL_SETTLING,NONE,DIRECT_LOCAL,PASS_THROUGH,0,6,0,0,0,0,1,0.26304512483066056,0.46304512483066057,inf,0.0,1,0,1,CLEAR,none,nan,0.0,0.0,0,0,0,0,0.0016775785259913172,0,0,0,1,0.0,0.26304512483066056,,-2.3499999999999996,10.15,2.0,-2.3499999999999996,10.15,2.0,-2.3499999999999996,10.15,2.0,1.2862694024544274,0.0,0.0,0,0,0,1,,,0,1,PASS_THROUGH,-1,0.9989204140472048,1.4381883131941257e-05,0.046454345253404014,0.09786714493506392,0,0.9988706022263464,-2.9246200807069758e-05,0.04751335762325993,0.4635686780651242,0.09271373561302484,0,0,0,CORRIDOR_CLEAR,1,0,0,0,1
1787562396858291200,1787562396876239616,joint_v2_000005_c2dc4fc3,1723,243,0.03333333333333333,8.1,17.948389053344727,frame_id_exact,1,,-1.9225435256958008,10.291422843933105,1.9783382415771484,-0.02529946692554335,-0.03544221710296752,-0.8098235652827945,-0.5850551934072316,-0.35369381308555603,-0.11702059209346771,0.011587514542043209,0.3721448775970891,-7.313315889122223e-06,-0.0208708626302604,1.8903477813701708,0.00017662854224909097,depth/001723.png,1.0,0.0004950973531201927,-0.08700705426215123,-0.996207572440219,0.3721448775970891,-7.313315889122223e-06,-0.0208708626302604,0.00017662854224909097,0.9988446617795295,-3.990058683033296e-05,0.048055593248657345,0.4502437764263973,0.09004875528527946,0.25024377622673505,-9.996422771387213e-06,0.021661758422851562,-9.986684700979964e-05,0.25024377622673505,-9.996422771387213e-06,0.021661758422851562,-9.986684700979964e-05,goal_capture,TERMINAL_SETTLING,NONE,DIRECT_LOCAL,PASS_THROUGH,0,6,0,0,0,0,1,0.2502437764263973,0.4502437764263973,inf,0.0,1,0,1,CLEAR,none,nan,0.0,0.0,0,0,0,0,0.002288779538776082,0,0,0,1,0.0,0.2502437764263973,,-2.3499999999999996,10.15,2.0,-2.3499999999999996,10.15,2.0,-2.3499999999999996,10.15,2.0,1.2759108529831502,0.0,0.0,0,0,0,1,,,0,1,PASS_THROUGH,-1,0.9989204140472048,1.4381883131941257e-05,0.046454345253404014,0.09786714493506392,0,0.9988446617795295,-3.990058683033296e-05,0.048055593248657345,0.45076456159360356,0.09015291231872072,0,0,0,CORRIDOR_CLEAR,1,0,0,0,1
1787562396915507968,1787562396932180992,joint_v2_000005_c2dc4fc3,1724,244,0.03333333333333333,8.133333333333333,16.672849655151367,frame_id_exact,1,,-1.9338172674179077,10.28769588470459,1.9787482023239136,-0.0359618632448827,-0.050130586651610964,-0.8090462539371467,-0.5844979278527783,-0.32080554962158203,-0.10597725957632065,0.012838066555559635,0.3368661210945193,-0.0001594562336600936,-0.02886844645351298,1.8903447335203516,0.00018730330339167267,depth/001724.png,1.0,0.00041282655407689356,-0.12315519577303262,-0.9923873373478433,0.3368661210945193,-0.0001594562336600936,-0.02886844645351298,0.00018730330339167267,0.9988269534345993,-3.0520929751970555e-05,0.04842226926765948,0.43836996197741085,0.08767399239548217,0.23836996186612588,-7.283817117752847e-06,0.021251797676086426,-7.63919356550069e-05,0.23836996186612588,-7.283817117752847e-06,0.021251797676086426,-7.63919356550069e-05,goal_capture,TERMINAL_SETTLING,NONE,DIRECT_LOCAL,PASS_THROUGH,0,6,0,0,0,0,1,0.23836996197741087,0.43836996197741085,inf,0.0,1,0,1,CLEAR,none,nan,0.0,0.0,0,0,0,0,0.001750774200746739,0,0,0,1,0.0,0.23836996197741087,,-2.3499999999999996,10.15,2.0,-2.3499999999999996,10.15,2.0,-2.3499999999999996,10.15,2.0,1.2667243487790172,0.0,0.0,0,0,0,1,,,0,1,PASS_THROUGH,-1,0.9989204140472048,1.4381883131941257e-05,0.046454345253404014,0.09786714493506392,0,0.9988269534345993,-3.0520929751970555e-05,0.04842226926765948,0.43888479407304826,0.08777695881460965,0,0,0,CORRIDOR_CLEAR,1,0,0,0,1
1787562396971045120,1787562396986967552,joint_v2_000005_c2dc4fc3,1725,245,0.03333333333333333,8.166666666666666,15.92254638671875,frame_id_exact,1,,-1.943833351135254,10.284388542175293,1.9791839122772217,-0.0408797971582275,-0.05679198327596944,-0.8086011956982576,-0.5841811526703274,-0.2792801856994629,-0.09212013334035873,0.013083432801067829,0.2930273419690689,-0.00026776206713952745,-0.028100221829192203,1.8903285072724387,0.00020529655739665031,depth/001725.png,1.0,0.0002427067810895911,-0.1396065452156937,-0.9902070256397684,0.2930273419690689,-0.00026776206713952745,-0.028100221829192203,0.00020529655739665031,0.9988183963979587,1.440560219047691e-07,0.048598467228805495,0.4278219570312142,0.08556439140624283,0.2278219570312118,3.2857949900765285e-08,0.02081608772277832,3.6056610142054524e-07,0.2278219570312118,3.2857949900765285e-08,0.02081608772277832,3.6056610142054524e-07,goal_capture,TERMINAL_SETTLING,NONE,DIRECT_LOCAL,PASS_THROUGH,0,6,0,0,0,0,1,0.2278219570312142,0.4278219570312142,inf,0.0,1,0,1,CLEAR,none,nan,0.0,0.0,0,0,0,0,8.263566338753296e-06,0,0,0,1,0.0,0.2278219570312142,,-2.3499999999999996,10.15,2.0,-2.3499999999999996,10.15,2.0,-2.3499999999999996,10.15,2.0,1.2588647546592093,0.0,0.0,0,0,0,1,,,0,1,PASS_THROUGH,-1,0.9989204140472048,1.4381883131941257e-05,0.046454345253404014,0.09786714493506392,0,0.9988183963979587,1.440560219047691e-07,0.048598467228805495,0.42832807102278564,0.08566561420455712,0,0,0,CORRIDOR_CLEAR,1,0,0,0,1
1787562397021419520,1787562397038136320,joint_v2_000005_c2dc4fc3,1726,246,0.03333333333333333,8.2,16.716718673706055,frame_id_exact,1,,-1.9524158239364624,10.281559944152832,1.9796110391616821,-0.03901936852892374,-0.05402850494457347,-0.8087837358308821,-0.5843177886976404,-0.23598210513591766,-0.07774536311626434,0.01246414054185152,0.2479094007981766,-0.0003111378733281452,-0.02069015270651637,1.8903052987136757,0.00023147831961978227,depth/001726.png,1.0,2.3171774535618583e-05,-0.13299417441125688,-0.9911168190661165,0.2479094007981766,-0.0003111378733281452,-0.02069015270651637,0.00023147831961978227,0.9988169411026943,4.8433216286937764e-05,0.04862834379742456,0.41878538174298535,0.08375707634859707,0.2187853814857663,1.0609030810219159e-05,0.02038896083831787,0.00012122645866252668,0.2187853814857663,1.0609030810219159e-05,0.02038896083831787,0.00012122645866252668,goal_capture,TERMINAL_SETTLING,NONE,DIRECT_LOCAL,PASS_THROUGH,0,6,0,0,0,0,1,0.21878538174298534,0.41878538174298535,inf,0.0,1,0,1,CLEAR,none,nan,0.0,0.0,0,0,0,0,0.0027783057786719668,0,0,0,1,0.0,0.21878538174298534,,-2.3499999999999996,10.15,2.0,-2.3499999999999996,10.15,2.0,-2.3499999999999996,10.15,2.0,1.2522714285728334,0.0,0.0,0,0,0,1,,,1,1,PASS_THROUGH,-1,0.9999999988243317,4.849058344616141e-05,0.0,0.08375707634859707,0,0.9988169411026943,4.8433216286937764e-05,0.04862834379742456,0.4192814158601409,0.08385628317202817,0,0,0,CORRIDOR_CLEAR,1,0,0,0,1
1787562397074782464,1787562397093302528,joint_v2_000005_c2dc4fc3,1727,247,0.03333333333333333,8.233333333333333,18.520116806030273,frame_id_exact,1,,-1.9596253633499146,10.279186248779297,1.9800150394439697,-0.030831937928516136,-0.04250666137563209,-0.809465631994569,-0.5848144714026,-0.19802570343017578,-0.06521596014499664,0.011886806227266788,0.2085848164454603,-0.0002830855776482446,-0.01004445368866154,1.890286798422293,0.00025838796864263713,depth/001727.png,1.0,-0.00019776683488808428,-0.10487728999277621,-0.9944851506845389,0.2085848164454603,-0.0002830855776482446,-0.01004445368866154,0.00025838796864263713,0.9988210002415321,9.44218944747553e-05,0.04854483042519819,0.41119514079491776,0.08223902815898355,0.21119513985123936,1.996498391982507e-05,0.019984960556030273,0.00023633337247197517,0.21119513985123936,1.996498391982507e-05,0.019984960556030273,0.00023633337247197517,goal_capture,TERMINAL_SETTLING,NONE,DIRECT_LOCAL,PASS_THROUGH,0,6,0,0,0,0,1,0.21119514079491777,0.41119514079491776,inf,0.0,1,0,1,CLEAR,none,nan,0.0,0.0,0,0,0,0,0.00541636192029498,0,0,0,1,0.0,0.21119514079491777,,-2.3499999999999996,10.15,2.0,-2.3499999999999996,10.15,2.0,-2.3499999999999996,10.15,2.0,1.2466834136614766,0.0,0.0,0,0,0,1,,,0,1,PASS_THROUGH,-1,0.9988169411026943,4.8433216286937764e-05,0.04862834379742456,0.08375707634859707,0,0.9988210002415321,9.44218944747553e-05,0.04854483042519819,0.41168051017965174,0.08233610203593035,0,0,0,CORRIDOR_CLEAR,1,0,0,0,1
1787562397123953408,1787562397141903360,joint_v2_000005_c2dc4fc3,1728,248,0.03333333333333333,8.266666666666667,17.950057983398438,frame_id_exact,1,,-1.9657433032989502,10.27717113494873,1.9804115295410156,-0.018105372297787206,-0.024741935747414883,-0.8102014810160295,-0.5853491199864076,-0.17130376398563385,-0.05647381395101547,0.012089266441762447,0.1807743380340432,-0.00019102227345398263,0.0010118299086886405,1.8902808692171007,0.00027775156195275486,depth/001728.png,1.0,-0.00037265826700848964,-0.061287833454590004,-0.9981200642188586,0.1807743380340432,-0.00019102227345398263,0.0010118299086886405,0.00027775156195275486,0.9988309590507299,0.00012257661485915808,0.04833942714568179,0.4047538838896428,0.08095077677792856,0.20475388234782374,2.512741275192759e-05,0.019588470458984375,0.0003068001976025414,0.20475388234782374,2.512741275192759e-05,0.019588470458984375,0.0003068001976025414,goal_capture,TERMINAL_SETTLING,NONE,DIRECT_LOCAL,PASS_THROUGH,0,6,0,0,0,0,1,0.2047538838896428,0.4047538838896428,inf,0.0,1,0,1,CLEAR,none,nan,0.0,0.0,0,0,0,0,0.00703134259056212,0,0,0,1,0.0,0.2047538838896428,,-2.3499999999999996,10.15,2.0,-2.3499999999999996,10.15,2.0,-2.3499999999999996,10.15,2.0,1.2416954749974194,0.0,0.0,0,0,0,1,,,0,1,PASS_THROUGH,-1,0.9988169411026943,4.8433216286937764e-05,0.04862834379742456,0.08375707634859707,0,0.9988309590507299,0.00012257661485915808,0.04833942714568179,0.40522760850992484,0.08104552170198497,0,0,0,CORRIDOR_CLEAR,1,0,0,0,1
1787562397175760384,1787562397193717504,joint_v2_000005_c2dc4fc3,1729,249,0.03333333333333333,8.3,17.957210540771484,frame_id_exact,1,,-1.9712107181549072,10.275367736816406,1.9808272123336792,-0.003548244298415762,-0.004515140171825018,-0.810568340653564,-0.5856159053524379,-0.15933285653591156,-0.05265963077545166,0.012904006987810135,0.16794642619713956,-5.4888108477462866e-05,0.010977440345819735,1.890286818533543,0.000287547503830865,depth/001729.png,1.0,-0.00046391318736772706,-0.01147547594824565,-0.999934046943255,0.16794642619713956,-5.4888108477462866e-05,0.010977440345819735,0.000287547503830865,1.0,0.0,0.0,0.0,0.0,0.1989967269396452,2.6107491845893826e-05,0.0191727876663208,0.0,0.1989967269396452,2.6107491845893826e-05,0.0191727876663208,0.0,goal_capture,TERMINAL_SETTLING,NONE,GOAL_REACHED,PASS_THROUGH,0,6,0,0,0,0,1,0.19899672865223902,0.39899672865223906,inf,0.0,1,0,1,CLEAR,none,nan,0.0,0.0,0,0,0,0,0.007516953222618552,0,0,0,1,0.0,0.19899672865223902,,-2.3499999999999996,10.15,2.0,-2.3499999999999996,10.15,2.0,-2.3499999999999996,10.15,2.0,1.236844520573244,0.0,0.0,0,0,0,1,,,0,1,PASS_THROUGH,-1,0.9988169411026943,4.8433216286937764e-05,0.04862834379742456,0.08375707634859707,0,1.0,0.0,0.0,0.0,0.0,0,0,0,CORRIDOR_CLEAR,1,0,0,0,1
