timestamp_ns,receive_timestamp_ns,episode_id,frame_id,episode_frame_index,control_dt_s,trajectory_time_s,latency_ms,match_method,frame_valid,frame_invalid_reason,x,y,z,qx,qy,qz,qw,state_vx_world,state_vy_world,state_vz_world,state_vx_flu,state_vy_flu,state_vz_flu,yaw,yaw_rate,depth_file,raw_depth_finite_ratio,gravity_flu_x,gravity_flu_y,gravity_flu_z,velocity_flu_x,velocity_flu_y,velocity_flu_z,yaw_rate_flu,goal_direction_flu_x,goal_direction_flu_y,goal_direction_flu_z,goal_distance_clipped_m,goal_distance_norm,target_velocity_flu_x,target_velocity_flu_y,target_velocity_flu_z,target_yaw_rate,velocity_command_flu_x,velocity_command_flu_y,velocity_command_flu_z,yaw_rate_command,hierarchical_mode,planner_status,planner_failure_reason,fsm_state,effective_target_source,target_correction_active,effective_direction_token,directive_terminal_stop,directive_update_event,mission_revision,reentry_guard_ticks,obstacle_first_observed_event,selected_output_speed_mps,local_target_distance_m,min_observed_clearance_m,obstacle_risk_cost,avoidance_active,local_corridor_blocked,risk_corridor_near_obstacle,corridor_block_reason,corridor_block_source,first_blocking_distance_m,first_block_x,first_block_y,first_block_age_ticks,emergency_brake,immediate_avoidance,local_limit_cycle_detected,target_bearing_error_deg,consecutive_failures_30hz,unknown_recovery_ticks,plan_valid,plan_terminal,plan_end_speed_mps,plan_executed_speed_mps,plan_points_xy,navigation_goal_world_x,navigation_goal_world_y,navigation_goal_world_z,effective_target_world_x,effective_target_world_y,effective_target_world_z,original_navigation_goal_world_x,original_navigation_goal_world_y,original_navigation_goal_world_z,truth_minimum_clearance_m,truth_brake_risk,observed_brake_risk,truth_brake_would_trigger,scene_id,task_id,episode_valid,failure_taxonomy,failure_reason,macro_update_mask,macro_label_valid,macro_correction_type,macro_direction_token,macro_direction_flu_x,macro_direction_flu_y,macro_direction_flu_z,macro_distance_norm,macro_param_valid,navigation_goal_direction_flu_x,navigation_goal_direction_flu_y,navigation_goal_direction_flu_z,navigation_goal_distance_clipped_m,navigation_goal_distance_norm,correction_enter_event,correction_exit_event,correction_update_event,observability_reason,observability_goal_inside_fov,observability_direct_corridor_blocked,observability_left_bypass_visible,observability_right_bypass_visible,observability_local_avoidance_observable
1787562349310971392,1787562349329127424,joint_v2_000003_c1d41e01,777,0,0.03333333333333333,0.0,18.155813217163086,frame_id_exact,1,,4.25,28.350000381469727,2.0,0.0,0.0,-0.9888880785635431,-0.14866192543790083,0.0,0.0,0.0,0.0,-0.0,0.0,2.843162604596346,0.0,depth/000777.png,0.9999967447916667,0.0,0.0,-1.0,0.0,-0.0,0.0,0.0,0.9122207719852551,-0.40969899091726475,0.0,4.5,0.9,0.0666666666,0.0,0.0,-0.2666666664,0.0666666666,0.0,0.0,-0.2666666664,direct,SAFE_PROGRESSING,NONE,DIRECT_LOCAL,PASS_THROUGH,0,9,0,0,0,0,0,0.0666666666,10.91237857921469,inf,0.0,0,0,0,CLEAR,none,nan,0.0,0.0,0,0,0,0,24.18592728583632,0,0,1,0,2.0,2.0,"4.250,28.350;4.224,28.320;4.144,28.230;4.012,28.079;3.828,27.869;3.590,27.599;3.313,27.283;3.036,26.967;2.759,26.652;2.482,26.336;2.271,26.096",-2.9499999999999997,20.150000000000002,2.0,-2.9499999999999997,20.150000000000002,2.0,-2.9499999999999997,20.150000000000002,2.0,8.065035174118702,0.0,0.0,0,0,4,1,,,1,1,PASS_THROUGH,-1,0.9122207719852551,-0.40969899091726475,0.0,0.9,0,0.9122207719852551,-0.40969899091726475,0.0,4.5,0.9,0,0,0,BYPASS_VISIBLE,1,0,1,1,1
1787562349353359616,1787562349369979648,joint_v2_000003_c1d41e01,778,1,0.03333333333333333,0.03333333333333333,16.61992073059082,frame_id_exact,1,,4.25,28.350000381469727,2.000570297241211,5.5886427992280864e-05,0.0003179396310578733,-0.9888805926652121,-0.1487113621792128,-1.6293601220240816e-05,-4.8489302571397275e-05,0.027825256809592247,3.317753431517873e-05,-8.67171967662194e-07,0.027825284036517826,2.843062598893753,-0.008826893754303455,depth/000778.png,0.9999934895833333,1.596753681915142e-05,0.0006454305552526624,-0.9999997915821963,3.317753431517873e-05,-8.67171967662194e-07,0.027825284036517826,-0.008826893754303455,0.9122617384131874,-0.4096077610300927,-5.2261497004731193e-05,4.5,0.9,0.1333333332,0.0,-0.0005702972412109375,-0.5333333328,0.1333333332,0.0,-0.0005702972412109375,-0.5333333328,direct,SAFE_PROGRESSING,NONE,DIRECT_LOCAL,PASS_THROUGH,0,9,0,0,0,0,0,0.1333333332,10.91237857921469,inf,0.0,0,0,0,CLEAR,none,nan,0.0,0.0,0,0,0,0,0.0,0,0,1,0,2.0,2.0,"4.250,28.350;4.224,28.320;4.144,28.230;4.012,28.079;3.828,27.869;3.590,27.599;3.313,27.283;3.036,26.967;2.759,26.652;2.482,26.336;2.271,26.096",-2.9499999999999997,20.150000000000002,2.0,-2.9499999999999997,20.150000000000002,2.0,-2.9499999999999997,20.150000000000002,2.0,8.065028422215311,0.0,0.0,0,0,4,1,,,0,1,PASS_THROUGH,-1,0.9122207719852551,-0.40969899091726475,0.0,0.9,0,0.9122617384131874,-0.4096077610300927,-5.2261497004731193e-05,4.5,0.9,0,0,0,BYPASS_VISIBLE,1,0,1,1,1
1787562349395073792,1787562349412898048,joint_v2_000003_c1d41e01,779,2,0.03333333333333333,0.06666666666666667,17.824172973632812,frame_id_exact,1,,4.249996662139893,28.349992752075195,2.001492738723755,0.0006539729812886229,0.003542721191163622,-0.9888167645438211,-0.14909201052702695,-0.00029878842178732157,-0.0008740795310586691,0.025617318227887154,0.0007388193032144491,-2.1709466950323926e-05,0.025623308870493126,2.8422899303934277,-0.042098693549633026,depth/000779.png,1.0,0.00023693604465920958,0.007201208505075838,-0.9999740428918028,0.0007388193032144491,-2.1709466950323926e-05,0.025623308870493126,-0.042098693549633026,0.9125778551453804,-0.40890297086944977,-0.00013679325588421525,4.5,0.9,0.1999999998,0.0,-0.0014927387237548828,-0.7999999992,0.1999999998,0.0,-0.0014927387237548828,-0.7999999992,direct,SAFE_PROGRESSING,NONE,DIRECT_LOCAL,PASS_THROUGH,0,9,0,0,0,0,0,0.1999999998,10.912370643856965,inf,0.0,0,0,0,CLEAR,none,nan,0.0,0.0,0,0,0,0,24.13593999829426,0,0,1,0,2.0,2.0,"4.250,28.350;4.223,28.320;4.144,28.229;4.012,28.079;3.827,27.869;3.590,27.598;3.312,27.282;3.035,26.967;2.758,26.651;2.481,26.335;2.271,26.096",-2.9499999999999997,20.150000000000002,2.0,-2.9499999999999997,20.150000000000002,2.0,-2.9499999999999997,20.150000000000002,2.0,8.064947349574027,0.0,0.0,0,0,4,1,,,0,1,PASS_THROUGH,-1,0.9122207719852551,-0.40969899091726475,0.0,0.9,0,0.9125778551453804,-0.40890297086944977,-0.00013679325588421525,4.5,0.9,0,0,0,BYPASS_VISIBLE,1,0,1,1,1
1787562349441283840,1787562349460174080,joint_v2_000003_c1d41e01,780,3,0.03333333333333333,0.1,18.8901424407959,frame_id_exact,1,,4.249965667724609,28.349903106689453,2.0022683143615723,0.0025705891851857186,0.014686357605524942,-0.9885355363647105,-0.15025044530934942,-0.0019790632650256157,-0.0058019040152430534,0.02132314443588257,0.0054895761556976695,-0.00015148963248643553,0.021496438653056504,2.8399057135754866,-0.1055283397436142,depth/000780.png,0.9999934895833333,0.0006689739774968307,0.02980843712520619,-0.9995554059430473,0.0054895761556976695,-0.00015148963248643553,0.021496438653056504,-0.1055283397436142,0.9135488260994575,-0.4067290241957184,-0.0002078679913061657,4.5,0.9,0.2666666664,0.0,-0.0022683143615722656,-1.0473179394872512,0.2666666664,0.0,-0.0022683143615722656,-1.0473179394872512,direct,SAFE_PROGRESSING,NONE,DIRECT_LOCAL,PASS_THROUGH,0,9,0,0,0,0,0,0.2666666664,10.912282830622948,inf,0.0,0,0,0,CLEAR,none,nan,0.0,0.0,0,0,0,0,0.0,0,0,1,0,2.0,2.0,"4.250,28.350;4.223,28.320;4.144,28.229;4.012,28.079;3.827,27.869;3.590,27.598;3.312,27.282;3.035,26.967;2.758,26.651;2.481,26.335;2.271,26.096",-2.9499999999999997,20.150000000000002,2.0,-2.9499999999999997,20.150000000000002,2.0,-2.9499999999999997,20.150000000000002,2.0,8.06458260190133,0.0,0.0,0,0,4,1,,,0,1,PASS_THROUGH,-1,0.9122207719852551,-0.40969899091726475,0.0,0.9,0,0.9135488260994575,-0.4067290241957184,-0.0002078679913061657,4.5,0.9,0,0,0,BYPASS_VISIBLE,1,0,1,1,1
1787562349488394240,1787562349505594880,joint_v2_000003_c1d41e01,781,4,0.03333333333333333,0.13333333333333333,17.200708389282227,frame_id_exact,1,,4.24983024597168,28.34950065612793,2.0029635429382324,0.005486774795360516,0.034990421424578345,-0.9876481292668138,-0.15263269134310187,-0.00679974677041173,-0.020525041967630386,0.020662639290094376,0.020103190795177434,-0.0002832028141097807,0.02214136586496052,2.8349299155632353,-0.19914788007736206,depth/000781.png,1.0,0.000156641338166787,0.07079137093210323,-0.9974911314217508,0.020103190795177434,-0.0002832028141097807,0.02214136586496052,-0.19914788007736206,0.9155552597491503,-0.40219210905414005,-0.0002715883811251112,4.5,0.9,0.33333333299999995,0.0,-0.002963542938232422,-1.0355614882957154,0.33333333299999995,0.0,-0.002963542938232422,-1.0355614882957154,direct,SAFE_PROGRESSING,NONE,DIRECT_LOCAL,PASS_THROUGH,0,9,0,0,0,0,0,0.33333333299999995,10.911891063452334,inf,0.0,0,0,0,CLEAR,none,nan,0.0,0.0,0,0,0,0,0.0,0,0,1,0,2.0,2.0,"4.250,28.350;4.223,28.320;4.144,28.229;4.012,28.079;3.827,27.869;3.590,27.598;3.312,27.282;3.035,26.967;2.758,26.651;2.481,26.335;2.271,26.096",-2.9499999999999997,20.150000000000002,2.0,-2.9499999999999997,20.150000000000002,2.0,-2.9499999999999997,20.150000000000002,2.0,8.063552731903064,0.0,0.0,0,0,4,1,,,0,1,PASS_THROUGH,-1,0.9122207719852551,-0.40969899091726475,0.0,0.9,0,0.9155552597491503,-0.40219210905414005,-0.0002715883811251112,4.5,0.9,0,0,0,BYPASS_VISIBLE,1,0,1,1,1
1787562349533067776,1787562349551534336,joint_v2_000003_c1d41e01,782,5,0.03333333333333333,0.16666666666666666,18.466711044311523,frame_id_exact,1,,4.2494635581970215,28.34836769104004,2.003610372543335,0.008626443656265453,0.06227802190970099,-0.9856610454298713,-0.15658651276196592,-0.01597866229712963,-0.05007212236523628,0.017141783609986305,0.04999259410464192,0.00027464969986097,0.023601714652274553,2.8266542614498187,-0.3126283288002014,depth/000782.png,1.0,-0.002498297599953802,0.125471609824985,-0.9920940649137202,0.04999259410464192,0.00027464969986097,0.023601714652274553,-0.3126283288002014,0.9188351851625239,-0.3946413473182785,-0.0003308990246676627,4.5,0.9,0.39999999959999993,0.0,-0.003610372543334961,-0.9033778347020771,0.39999999959999993,0.0,-0.003610372543334961,-0.9033778347020771,direct,SAFE_PROGRESSING,NONE,DIRECT_LOCAL,PASS_THROUGH,0,9,0,0,0,0,0,0.39999999959999993,10.910797785831065,inf,0.0,0,0,0,CLEAR,none,nan,0.0,0.0,0,0,0,0,23.24360903958582,0,0,1,0,2.0,2.0,"4.249,28.348;4.225,28.304;4.146,28.200;4.011,28.039;3.821,27.820;3.574,27.543;3.293,27.231;3.011,26.920;2.729,26.608;2.448,26.296;2.270,26.094",-2.9499999999999997,20.150000000000002,2.0,-2.9499999999999997,20.150000000000002,2.0,-2.9499999999999997,20.150000000000002,2.0,8.061365301471675,0.0,0.0,0,0,4,1,,,0,1,PASS_THROUGH,-1,0.9122207719852551,-0.40969899091726475,0.0,0.9,0,0.9188351851625239,-0.3946413473182785,-0.0003308990246676627,4.5,0.9,0,0,0,BYPASS_VISIBLE,1,0,1,1,1
1787562349580207360,1787562349597335296,joint_v2_000003_c1d41e01,783,6,0.03333333333333333,0.2,17.12799072265625,frame_id_exact,1,,4.248708724975586,28.345966339111328,2.004031181335449,0.0119393634751067,0.09261895000197051,-0.982323333542438,-0.16223455266500417,-0.030159255489706993,-0.0971386656165123,0.006890479009598494,0.09862427036301183,0.0025676719326559448,0.02568345978721572,2.8148579725303593,-0.4223862588405609,depth/000783.png,1.0,-0.006595357185260865,0.18583746601524978,-0.9825583634006836,0.09862427036301183,0.0025676719326559448,0.02568345978721572,-0.4223862588405609,0.9233906441596861,-0.3838614095149133,-0.00036954510391699777,4.5,0.9,0.4666666661999999,0.0,-0.004031181335449219,-0.8777183499763486,0.4666666661999999,0.0,-0.004031181335449219,-0.8777183499763486,direct,SAFE_PROGRESSING,NONE,DIRECT_LOCAL,PASS_THROUGH,0,9,0,0,0,0,0,0.4666666661999999,10.9084953838229,inf,0.0,0,0,0,CLEAR,none,nan,0.0,0.0,0,0,0,0,0.0,0,0,1,0,2.0,2.0,"4.249,28.348;4.225,28.304;4.146,28.200;4.011,28.039;3.821,27.820;3.574,27.543;3.293,27.231;3.011,26.920;2.729,26.608;2.448,26.296;2.270,26.094",-2.9499999999999997,20.150000000000002,2.0,-2.9499999999999997,20.150000000000002,2.0,-2.9499999999999997,20.150000000000002,2.0,8.057473593926346,0.0,0.0,0,0,4,1,,,1,1,PASS_THROUGH,-1,0.9233907072104603,-0.38386143572566095,0.0,0.9,0,0.9233906441596861,-0.3838614095149133,-0.00036954510391699777,4.5,0.9,0,0,0,BYPASS_VISIBLE,1,0,1,1,1
1787562349632116480,1787562349655646720,joint_v2_000003_c1d41e01,784,7,0.03333333333333333,0.23333333333333334,23.530244827270508,frame_id_exact,1,,4.247393608093262,28.341699600219727,2.0039870738983154,0.015397777970836612,0.12086322391829007,-0.9779722838389702,-0.16948510725260488,-0.04967223107814789,-0.16151945292949677,-0.010900329798460007,0.1664365540409486,0.007468744320408372,0.030294764265311743,2.7997271052490924,-0.5156115293502808,depth/000784.png,1.0,-0.010851832761005056,0.24162115435670006,-0.9703099790752762,0.1664365540409486,0.007468744320408372,0.030294764265311743,-0.5156115293502808,0.929030880052202,-0.3700020138027749,-0.0003656382398261358,4.5,0.9,0.5333333328,0.0,-0.00398707389831543,-0.8468588386010412,0.5333333328,0.0,-0.00398707389831543,-0.8468588386010412,direct,SAFE_PROGRESSING,NONE,DIRECT_LOCAL,PASS_THROUGH,0,9,0,0,0,0,0,0.5333333328,10.904421905358474,inf,0.0,0,0,0,CLEAR,none,nan,0.0,0.0,0,0,0,0,0.0,0,0,1,0,2.0,2.0,"4.249,28.348;4.225,28.304;4.146,28.200;4.011,28.039;3.821,27.820;3.574,27.543;3.293,27.231;3.011,26.920;2.729,26.608;2.448,26.296;2.270,26.094",-2.9499999999999997,20.150000000000002,2.0,-2.9499999999999997,20.150000000000002,2.0,-2.9499999999999997,20.150000000000002,2.0,8.051407133309397,0.0,0.0,0,0,4,1,,,0,1,PASS_THROUGH,-1,0.9233906441596861,-0.3838614095149133,-0.00036954510391699777,0.9,0,0.929030880052202,-0.3700020138027749,-0.0003656382398261358,4.5,0.9,0,0,0,BYPASS_VISIBLE,1,0,1,1,1
1787562349684745728,1787562349702580736,joint_v2_000003_c1d41e01,785,8,0.03333333333333333,0.26666666666666666,17.834901809692383,frame_id_exact,1,,4.245340824127197,28.335046768188477,2.0032143592834473,0.0187393657868168,0.1418002038466808,-0.9735338780832408,-0.17825074076466987,-0.07422619313001633,-0.23965813219547272,-0.03676798939704895,0.2505549147569159,0.015510827226406993,0.03576425657281148,2.781441575923155,-0.589535117149353,depth/000785.png,1.0,-0.014065167857983764,0.2827752163936269,-0.9590830767178953,0.2505549147569159,0.015510827226406993,0.03576425657281148,-0.589535117149353,0.9355485926650295,-0.3531978818855133,-0.0002949475707985329,4.5,0.9,0.5999999993999999,0.0,-0.0032143592834472656,-0.7893591641052211,0.5999999993999999,0.0,-0.0032143592834472656,-0.7893591641052211,direct,SAFE_PROGRESSING,NONE,DIRECT_LOCAL,PASS_THROUGH,0,9,0,0,0,0,0,0.5999999993999999,10.898069561751935,inf,0.0,0,0,0,CLEAR,none,nan,0.0,0.0,0,0,0,0,20.683038023027358,0,0,1,0,2.0,2.0,"4.245,28.335;4.198,28.259;4.092,28.125;3.930,27.935;3.711,27.688;3.441,27.386;3.159,27.075;2.876,26.764;2.595,26.452;2.315,26.139;2.265,26.082",-2.9499999999999997,20.150000000000002,2.0,-2.9499999999999997,20.150000000000002,2.0,-2.9499999999999997,20.150000000000002,2.0,8.042839992393965,0.0,0.0,0,0,4,1,,,0,1,PASS_THROUGH,-1,0.9233906441596861,-0.3838614095149133,-0.00036954510391699777,0.9,0,0.9355485926650295,-0.3531978818855133,-0.0002949475707985329,4.5,0.9,0,0,0,BYPASS_VISIBLE,1,0,1,1,1
1787562349731274752,1787562349748131584,joint_v2_000003_c1d41e01,786,9,0.03333333333333333,0.3,16.856670379638672,frame_id_exact,1,,4.242398738861084,28.325639724731445,2.0014612674713135,0.021642371192986343,0.1515553312553076,-0.9700794685540346,-0.1884367640009799,-0.10288882255554199,-0.325625479221344,-0.06920972466468811,0.3453979451681913,0.02674527451756566,0.03732289214046727,2.7602145689091855,-0.6422972679138184,depth/000786.png,1.0,-0.01512755248741078,0.30219786718718766,-0.953125178674478,0.3453979451681913,0.02674527451756566,0.03732289214046727,-0.6422972679138184,0.9427121095392583,-0.33360734482247933,-0.00013419589091132078,4.5,0.9,0.6666666659999999,0.0,-0.0014612674713134766,-0.7515077062801545,0.6666666659999999,0.0,-0.0014612674713134766,-0.7515077062801545,direct,SAFE_PROGRESSING,NONE,DIRECT_LOCAL,PASS_THROUGH,0,9,0,0,0,0,0,0.6666666659999999,10.88906261013212,inf,0.0,0,0,0,CLEAR,none,nan,0.0,0.0,0,0,0,0,0.0,0,0,1,0,2.0,2.0,"4.245,28.335;4.198,28.259;4.092,28.125;3.930,27.935;3.711,27.688;3.441,27.386;3.159,27.075;2.876,26.764;2.595,26.452;2.315,26.139;2.265,26.082",-2.9499999999999997,20.150000000000002,2.0,-2.9499999999999997,20.150000000000002,2.0,-2.9499999999999997,20.150000000000002,2.0,8.03165039170333,0.0,0.0,0,0,4,1,,,0,1,PASS_THROUGH,-1,0.9233906441596861,-0.3838614095149133,-0.00036954510391699777,0.9,0,0.9427121095392583,-0.33360734482247933,-0.00013419589091132078,4.5,0.9,0,0,0,BYPASS_VISIBLE,1,0,1,1,1
1787562349771966720,1787562349789763072,joint_v2_000003_c1d41e01,787,10,0.03333333333333333,0.3333333333333333,17.79627799987793,frame_id_exact,1,,4.2384514808654785,28.313325881958008,1.9985735416412354,0.023923139331570014,0.14862720082654537,-0.9681947513960258,-0.19984134193948946,-0.13435852527618408,-0.4127779006958008,-0.10394362360239029,0.4435176915672294,0.04055471472790403,0.029823780528853913,2.7364872373845444,-0.6747270822525024,depth/000787.png,1.0,-0.013079202648289816,0.2973618160447413,-0.9546752771579761,0.4435176915672294,0.04055471472790403,0.029823780528853913,-0.6747270822525024,0.9502136318285973,-0.3115991602827329,0.0001311419183006561,4.5,0.9,0.7333333325999999,0.0,0.0014264583587646484,-0.7167348244291682,0.7333333325999999,0.0,0.0014264583587646484,-0.7167348244291682,direct,SAFE_PROGRESSING,NONE,DIRECT_LOCAL,PASS_THROUGH,0,9,0,0,0,0,0,0.7333333325999999,10.877211230264978,inf,0.0,0,0,0,CLEAR,none,nan,0.0,0.0,0,0,0,0,0.0,0,0,1,0,2.0,2.0,"4.245,28.335;4.198,28.259;4.092,28.125;3.930,27.935;3.711,27.688;3.441,27.386;3.159,27.075;2.876,26.764;2.595,26.452;2.315,26.139;2.265,26.082",-2.9499999999999997,20.150000000000002,2.0,-2.9499999999999997,20.150000000000002,2.0,-2.9499999999999997,20.150000000000002,2.0,8.017924690211128,0.0,0.0,0,0,4,1,,,0,1,PASS_THROUGH,-1,0.9233906441596861,-0.3838614095149133,-0.00036954510391699777,0.9,0,0.9502136318285973,-0.3115991602827329,0.0001311419183006561,4.5,0.9,0,0,0,BYPASS_VISIBLE,1,0,1,1,1
1787562349817770496,1787562349836206336,joint_v2_000003_c1d41e01,788,11,0.03333333333333333,0.36666666666666664,18.435955047607422,frame_id_exact,1,,4.233426570892334,28.298173904418945,1.99456787109375,0.025680063027306996,0.1342557018919386,-0.9676352110422888,-0.21212741271123334,-0.16724158823490143,-0.49489662051200867,-0.13537000119686127,0.5366675414594807,0.05559236808364858,0.010718657017858957,2.710977033871627,-0.6904690265655518,depth/000788.png,1.0,-0.007260762954120176,0.2707159795241613,-0.9626318817448329,0.5366675414594807,0.05559236808364858,0.010718657017858957,-0.6904690265655518,0.9576872100250086,-0.287810628147417,0.0005000798979110409,4.5,0.9,0.7999999991999999,0.0,0.00543212890625,-0.5990829012606502,0.7999999991999999,0.0,0.00543212890625,-0.5990829012606502,direct,SAFE_PROGRESSING,NONE,DIRECT_LOCAL,PASS_THROUGH,0,8,0,0,0,0,0,0.7999999991999999,10.862520668613517,inf,0.0,0,0,0,CLEAR,none,nan,0.0,0.0,0,0,0,0,16.726928984573263,0,0,1,0,2.0,1.0,"4.233,28.298;4.155,28.178;4.021,28.013;3.877,27.846;3.731,27.682;3.584,27.518;3.436,27.355;3.288,27.192;3.140,27.030;2.991,26.868;2.843,26.705;2.695,26.543;2.547,26.380",-2.9499999999999997,20.150000000000002,2.0,-2.9499999999999997,20.150000000000002,2.0,-2.9499999999999997,20.150000000000002,2.0,8.001926129115693,0.0,0.0,0,0,4,1,,,0,1,PASS_THROUGH,-1,0.9233906441596861,-0.3838614095149133,-0.00036954510391699777,0.9,0,0.9576872100250086,-0.287810628147417,0.0005000798979110409,4.5,0.9,0,0,0,BYPASS_VISIBLE,1,0,1,1,1
1787562349865378048,1787562349882604288,joint_v2_000003_c1d41e01,789,12,0.03333333333333333,0.4,17.226219177246094,frame_id_exact,1,,4.227300643920898,28.28044319152832,1.9896392822265625,0.02732728735681032,0.11205309295903905,-0.9675455761031172,-0.22483968041099509,-0.20029331743717194,-0.5668036341667175,-0.15871888399124146,0.6175470028029685,0.06994012531420922,-0.017875543351585976,2.684645132873805,-0.690274715423584,depth/000789.png,1.0,0.002492828758013217,0.22912146587398846,-0.9733946474480626,0.6175470028029685,0.06994012531420922,-0.017875543351585976,-0.690274715423584,0.9647598314305483,-0.26313030042843216,0.0009553295468190618,4.5,0.9,0.8666666657999998,0.0,0.0103607177734375,-0.559978611211942,0.8666666657999998,0.0,0.0103607177734375,-0.559978611211942,direct,SAFE_PROGRESSING,NONE,DIRECT_LOCAL,PASS_THROUGH,0,8,0,0,0,0,0,0.8666666657999998,10.845171783973573,inf,0.0,0,0,0,CLEAR,none,nan,0.0,0.0,0,0,0,0,0.0,0,0,1,0,2.0,1.0,"4.233,28.298;4.155,28.178;4.021,28.013;3.877,27.846;3.731,27.682;3.584,27.518;3.436,27.355;3.288,27.192;3.140,27.030;2.991,26.868;2.843,26.705;2.695,26.543;2.547,26.380",-2.9499999999999997,20.150000000000002,2.0,-2.9499999999999997,20.150000000000002,2.0,-2.9499999999999997,20.150000000000002,2.0,7.98405173593194,0.0,0.0,0,0,4,1,,,1,1,PASS_THROUGH,-1,0.9647602716770711,-0.26313042050204644,0.0,0.9,0,0.9647598314305483,-0.26313030042843216,0.0009553295468190618,4.5,0.9,0,0,0,BYPASS_VISIBLE,1,0,1,1,1
1787562349909535744,1787562349926474752,joint_v2_000003_c1d41e01,790,13,0.03333333333333333,0.43333333333333335,16.939163208007812,frame_id_exact,1,,4.220081329345703,28.260536193847656,1.984110713005066,0.02950026148866935,0.08711280513117296,-0.9670312494274482,-0.23746927461266867,-0.23276492953300476,-0.6250956058502197,-0.17115233838558197,0.6820500372811495,0.08151514942660334,-0.04878707684779013,2.658548435759271,-0.6783539056777954,depth/000790.png,1.0,0.0156821201636999,0.18249242096745275,-0.9830821875085568,0.6820500372811495,0.08151514942660334,-0.04878707684779013,-0.6783539056777954,0.9711259735126112,-0.2385627574240413,0.0014677668143106126,4.5,0.9,0.9333333323999998,0.0,0.015889286994934082,-0.5328291821393849,0.9333333323999998,0.0,0.015889286994934082,-0.5328291821393849,direct,SAFE_PROGRESSING,NONE,DIRECT_LOCAL,PASS_THROUGH,0,8,0,0,0,0,0,0.9333333323999998,10.82547290519655,inf,0.0,0,0,0,CLEAR,none,nan,0.0,0.0,0,0,0,0,0.0,0,0,1,0,2.0,1.0,"4.233,28.298;4.155,28.178;4.021,28.013;3.877,27.846;3.731,27.682;3.584,27.518;3.436,27.355;3.288,27.192;3.140,27.030;2.991,26.868;2.843,26.705;2.695,26.543;2.547,26.380",-2.9499999999999997,20.150000000000002,2.0,-2.9499999999999997,20.150000000000002,2.0,-2.9499999999999997,20.150000000000002,2.0,7.964768650906969,0.0,0.0,0,0,4,1,,,0,1,PASS_THROUGH,-1,0.9647598314305483,-0.26313030042843216,0.0009553295468190618,0.9,0,0.9711259735126112,-0.2385627574240413,0.0014677668143106126,4.5,0.9,0,0,0,BYPASS_VISIBLE,1,0,1,1,1
1787562349959852544,1787562349979995392,joint_v2_000003_c1d41e01,791,14,0.03333333333333333,0.4666666666666667,20.14303207397461,frame_id_exact,1,,4.211789608001709,28.238929748535156,1.9783518314361572,0.03284440445519845,0.06486342645144356,-0.9656051941187992,-0.2496409223179516,-0.264706552028656,-0.6687804460525513,-0.1728784143924713,0.7307755446665054,0.08876570643382764,-0.07288033034145569,2.6333938371296215,-0.6620803475379944,depth/000791.png,1.0,0.031044323871274523,0.1416635378220724,-0.989427962009923,0.7307755446665054,0.08876570643382764,-0.07288033034145569,-0.6620803475379944,0.9766574231236871,-0.2147935353696036,0.0020037516877452963,4.5,0.9,0.9999999989999998,0.0,0.021648168563842773,-0.382659940054928,0.9999999989999998,0.0,0.021648168563842773,-0.382659940054928,direct,SAFE_PROGRESSING,NONE,DIRECT_LOCAL,PASS_THROUGH,0,8,0,0,0,0,0,0.9999999989999998,10.803796317314495,inf,0.0,0,0,0,CLEAR,none,nan,0.0,0.0,0,0,0,0,12.40344006133942,0,0,1,0,2.0,2.0,"4.212,28.239;4.111,28.085;3.944,27.881;3.717,27.623;3.440,27.318;3.155,27.010;2.870,26.702;2.585,26.393;2.303,26.082;2.223,25.993",-2.9499999999999997,20.150000000000002,2.0,-2.9499999999999997,20.150000000000002,2.0,-2.9499999999999997,20.150000000000002,2.0,7.9445369175308915,0.0,0.0,0,0,4,1,,,0,1,PASS_THROUGH,-1,0.9647598314305483,-0.26313030042843216,0.0009553295468190618,0.9,0,0.9766574231236871,-0.2147935353696036,0.0020037516877452963,4.5,0.9,0,0,0,BYPASS_VISIBLE,1,0,1,1,1
1787562350016037888,1787562350041776896,joint_v2_000003_c1d41e01,792,15,0.03333333333333333,0.5,25.738954544067383,frame_id_exact,1,,4.202428340911865,28.216089248657227,1.972676157951355,0.037682294095920735,0.04994393422118478,-0.9632794192665444,-0.2611099549302699,-0.29716727137565613,-0.6998538970947266,-0.16678833961486816,0.768632700347142,0.09113054818779347,-0.08259061587775324,2.609477854159938,-0.6404092907905579,depth/000792.png,1.0,0.046515439919631474,0.11589837213104881,-0.992171296292357,0.768632700347142,0.09113054818779347,-0.08259061587775324,-0.6404092907905579,0.9813688127123861,-0.19211670792888572,0.002534555197518595,4.5,0.9,1.0666666656,0.0,0.02732384204864502,-0.3517317005368459,1.0666666656,0.0,0.02732384204864502,-0.3517317005368459,direct,SAFE_PROGRESSING,NONE,DIRECT_LOCAL,PASS_THROUGH,0,8,0,0,0,0,0,1.0666666656,10.780492889436127,inf,0.0,0,0,0,CLEAR,none,nan,0.0,0.0,0,0,0,0,0.0,0,0,1,0,2.0,2.0,"4.212,28.239;4.111,28.085;3.944,27.881;3.717,27.623;3.440,27.318;3.155,27.010;2.870,26.702;2.585,26.393;2.303,26.082;2.223,25.993",-2.9499999999999997,20.150000000000002,2.0,-2.9499999999999997,20.150000000000002,2.0,-2.9499999999999997,20.150000000000002,2.0,7.9237084774153494,0.0,0.0,0,0,4,1,,,0,1,PASS_THROUGH,-1,0.9647598314305483,-0.26313030042843216,0.0009553295468190618,0.9,0,0.9813688127123861,-0.19211670792888572,0.002534555197518595,4.5,0.9,0,0,0,BYPASS_VISIBLE,1,0,1,1,1
1787562350070603520,1787562350090501376,joint_v2_000003_c1d41e01,793,16,0.03333333333333333,0.5333333333333333,19.8976993560791,frame_id_exact,1,,4.191951274871826,28.192358016967773,1.9672789573669434,0.043827373810293946,0.04526796171443274,-0.9603299870190671,-0.27165472382984973,-0.33204537630081177,-0.7231548428535461,-0.1568477600812912,0.8027598995722457,0.08907229071049318,-0.07383054363978925,2.5869259600679557,-0.6142239570617676,depth/000793.png,1.0,0.0595829713688899,0.11075618842844762,-0.9920599458942269,0.8027598995722457,0.08907229071049318,-0.07383054363978925,-0.6142239570617676,0.985324927701898,-0.17066204052815387,0.00304216567867126,4.5,0.9,1.1333333321999999,0.0,0.03272104263305664,-0.3384157494992124,1.1333333321999999,0.0,0.03272104263305664,-0.3384157494992124,direct,SAFE_PROGRESSING,NONE,DIRECT_LOCAL,PASS_THROUGH,0,7,0,0,0,0,0,1.1333333321999999,10.755788696591667,inf,0.0,0,0,0,CLEAR,none,nan,0.0,0.0,0,0,0,0,0.0,0,0,1,0,2.0,2.0,"4.212,28.239;4.111,28.085;3.944,27.881;3.717,27.623;3.440,27.318;3.155,27.010;2.870,26.702;2.585,26.393;2.303,26.082;2.223,25.993",-2.9499999999999997,20.150000000000002,2.0,-2.9499999999999997,20.150000000000002,2.0,-2.9499999999999997,20.150000000000002,2.0,7.9024711176314,0.0,0.0,0,0,4,1,,,0,1,PASS_THROUGH,-1,0.9647598314305483,-0.26313030042843216,0.0009553295468190618,0.9,0,0.985324927701898,-0.17066204052815387,0.00304216567867126,4.5,0.9,0,0,0,BYPASS_VISIBLE,1,0,1,1,1
1787562350125376000,1787562350142327552,joint_v2_000003_c1d41e01,794,17,0.03333333333333333,0.5666666666666667,16.951560974121094,frame_id_exact,1,,4.18024206161499,28.16789436340332,1.9622167348861694,0.05061268452217088,0.05144656443595545,-0.9569456178668814,-0.2811524348437499,-0.3714722692966461,-0.7451158165931702,-0.14734363555908203,0.8400278696575827,0.08397145727179792,-0.046918509094688365,2.5657269464429304,-0.5879891514778137,depth/000794.png,1.0,0.06793851961291121,0.12692288775736127,-0.9895832143463926,0.8400278696575827,0.08397145727179792,-0.046918509094688365,-0.5879891514778137,0.9886148250690959,-0.15042715114833713,0.003521342215138014,4.5,0.9,1.0666666656,0.0,0.037783265113830566,-0.23742224301232184,1.0666666656,0.0,0.037783265113830566,-0.23742224301232184,direct,SAFE_PROGRESSING,NONE,DIRECT_LOCAL,PASS_THROUGH,0,7,0,0,0,0,0,1.0666666656,10.729724221988107,inf,0.0,0,0,0,CLEAR,none,nan,0.0,0.0,0,0,0,0,8.6517354476425,0,0,1,0,2.0,1.0,"4.180,28.168;4.064,28.001;3.924,27.832;3.779,27.666;3.633,27.502;3.485,27.339;3.336,27.177;3.187,27.016;3.037,26.854;2.888,26.693;2.738,26.531;2.589,26.370;2.515,26.289",-2.9499999999999997,20.150000000000002,2.0,-2.9499999999999997,20.150000000000002,2.0,-2.9499999999999997,20.150000000000002,2.0,7.880812076304425,0.0,0.0,0,0,4,1,,,0,1,PASS_THROUGH,-1,0.9647598314305483,-0.26313030042843216,0.0009553295468190618,0.9,0,0.9886148250690959,-0.15042715114833713,0.003521342215138014,4.5,0.9,0,0,0,BYPASS_VISIBLE,1,0,1,1,1
1787562350169574912,1787562350186716928,joint_v2_000003_c1d41e01,795,18,0.03333333333333333,0.6,17.142057418823242,frame_id_exact,1,,4.167124271392822,28.142635345458984,1.9573674201965332,0.056348835405651346,0.06407721596321819,-0.9533179437541331,-0.2896615564054392,-0.4164150059223175,-0.7713969945907593,-0.14514398574829102,0.8850570067146518,0.07749814524000684,-0.013772776390386432,2.5461337031694016,-0.5509687662124634,depth/000795.png,1.0,0.07031529959164479,0.15481610225755915,-0.9854378382856598,0.8850570067146518,0.07749814524000684,-0.013772776390386432,-0.5509687662124634,0.9912848107127505,-0.13167594906531313,0.003983527072275919,4.5,0.9,1.0,0.0,0.0426325798034668,-0.21218833028967987,1.0,0.0,0.0426325798034668,-0.21218833028967987,direct,SAFE_PROGRESSING,NONE,DIRECT_LOCAL,PASS_THROUGH,0,7,0,0,0,0,0,1.0,10.702134257237153,inf,0.0,0,0,0,CLEAR,none,nan,0.0,0.0,0,0,0,0,0.0,0,0,1,0,2.0,1.0,"4.180,28.168;4.064,28.001;3.924,27.832;3.779,27.666;3.633,27.502;3.485,27.339;3.336,27.177;3.187,27.016;3.037,26.854;2.888,26.693;2.738,26.531;2.589,26.370;2.515,26.289",-2.9499999999999997,20.150000000000002,2.0,-2.9499999999999997,20.150000000000002,2.0,-2.9499999999999997,20.150000000000002,2.0,7.8586091311012165,0.0,0.0,0,0,4,1,,,1,1,PASS_THROUGH,-1,0.9912926759018869,-0.1316769938268518,0.0,0.9,0,0.9912848107127505,-0.13167594906531313,0.003983527072275919,4.5,0.9,0,0,0,BYPASS_VISIBLE,1,0,1,1,1
1787562350216782592,1787562350234534656,joint_v2_000003_c1d41e01,796,19,0.03333333333333333,0.6333333333333333,17.75217056274414,frame_id_exact,1,,4.152432441711426,28.116405487060547,1.9524846076965332,0.05738743359713134,0.07049063497513929,-0.9503357248328742,-0.29765712313383696,-0.46549874544143677,-0.8029447197914124,-0.14810609817504883,0.9371757881757092,0.07087495026828533,0.004796336811035085,2.5288227972894943,-0.5018829703330994,depth/000796.png,1.0,0.06711057737850172,0.16814309414316952,-0.983475505691873,0.9371757881757092,0.07087495026828533,0.004796336811035085,-0.5018829703330994,0.9933440355629869,-0.1150991179005806,0.004451973713712258,4.5,0.9,1.0,0.0,0.0475153923034668,-0.2051964302922249,1.0,0.0,0.0475153923034668,-0.2051964302922249,direct,SAFE_PROGRESSING,NONE,DIRECT_LOCAL,PASS_THROUGH,0,7,0,0,0,0,0,1.0,10.672776722734495,inf,0.0,0,0,0,CLEAR,none,nan,0.0,0.0,0,0,0,0,0.0,0,0,1,0,2.0,1.0,"4.180,28.168;4.064,28.001;3.924,27.832;3.779,27.666;3.633,27.502;3.485,27.339;3.336,27.177;3.187,27.016;3.037,26.854;2.888,26.693;2.738,26.531;2.589,26.370;2.515,26.289",-2.9499999999999997,20.150000000000002,2.0,-2.9499999999999997,20.150000000000002,2.0,-2.9499999999999997,20.150000000000002,2.0,7.835792022535074,0.0,0.0,0,0,4,1,,,0,1,PASS_THROUGH,-1,0.9912848107127505,-0.13167594906531313,0.003983527072275919,0.9,0,0.9933440355629869,-0.1150991179005806,0.004451973713712258,4.5,0.9,0,0,0,BYPASS_VISIBLE,1,0,1,1,1
1787562350261415424,1787562350278430208,joint_v2_000003_c1d41e01,797,20,0.03333333333333333,0.6666666666666666,17.014741897583008,frame_id_exact,1,,4.13610315322876,28.08910369873047,1.9474883079528809,0.05170816830812624,0.06317621475240594,-0.9486827409478898,-0.3055095550835938,-0.513537585735321,-0.834607720375061,-0.15141431987285614,0.9894048354964953,0.06530576647296976,-0.005515749868298281,2.513951136809405,-0.4511708617210388,depth/000797.png,1.0,0.059507419158149805,0.15146304813605643,-0.9866700624395528,0.9894048354964953,0.06530576647296976,-0.005515749868298281,-0.4511708617210388,0.9948870603644017,-0.10087312551371534,0.004934538334432489,4.5,0.9,1.0,0.0,0.05251169204711914,-0.1420126334400229,1.0,0.0,0.05251169204711914,-0.1420126334400229,direct,SAFE_PROGRESSING,NONE,DIRECT_LOCAL,PASS_THROUGH,0,7,0,0,0,0,0,1.0,10.641533039811245,inf,0.0,0,0,0,CLEAR,none,nan,0.0,0.0,0,0,0,0,5.789521859550256,0,0,1,0,2.0,1.0,"4.136,28.089;4.006,27.915;3.864,27.746;3.719,27.581;3.572,27.417;3.424,27.254;3.275,27.092;3.127,26.930;2.977,26.768;2.828,26.607;2.679,26.445;2.530,26.283;2.456,26.202",-2.9499999999999997,20.150000000000002,2.0,-2.9499999999999997,20.150000000000002,2.0,-2.9499999999999997,20.150000000000002,2.0,7.812452165375609,0.0,0.0,0,0,4,1,,,0,1,PASS_THROUGH,-1,0.9912848107127505,-0.13167594906531313,0.003983527072275919,0.9,0,0.9948870603644017,-0.10087312551371534,0.004934538334432489,4.5,0.9,0,0,0,BYPASS_VISIBLE,1,0,1,1,1
1787562350307756032,1787562350326117888,joint_v2_000003_c1d41e01,798,21,0.03333333333333333,0.7,18.362045288085938,frame_id_exact,1,,4.118279457092285,28.060842514038086,1.9424338340759277,0.04039939364201954,0.04329895409223101,-0.9478842950091553,-0.31306301736690756,-0.5541471838951111,-0.8594508767127991,-0.15082697570323944,1.0309020829586073,0.0619080000628498,-0.04349692380950218,2.5009315198524527,-0.4008975923061371,depth/000798.png,1.0,0.04947729908843598,0.10737990929542453,-0.992986179135752,1.0309020829586073,0.0619080000628498,-0.04349692380950218,-0.4008975923061371,0.9960676034065851,-0.08843011218354765,0.005426297362593823,4.5,0.9,1.0,0.0,0.057566165924072266,-0.12737729865585967,1.0,0.0,0.057566165924072266,-0.12737729865585967,direct,SAFE_PROGRESSING,NONE,DIRECT_LOCAL,PASS_THROUGH,0,7,0,0,0,0,0,1.0,10.608581609502053,inf,0.0,0,0,0,CLEAR,none,nan,0.0,0.0,0,0,0,0,0.0,0,0,1,0,2.0,1.0,"4.136,28.089;4.006,27.915;3.864,27.746;3.719,27.581;3.572,27.417;3.424,27.254;3.275,27.092;3.127,26.930;2.977,26.768;2.828,26.607;2.679,26.445;2.530,26.283;2.456,26.202",-2.9499999999999997,20.150000000000002,2.0,-2.9499999999999997,20.150000000000002,2.0,-2.9499999999999997,20.150000000000002,2.0,7.788839892343905,0.0,0.0,0,0,4,1,,,0,1,PASS_THROUGH,-1,0.9912848107127505,-0.13167594906531313,0.003983527072275919,0.9,0,0.9960676034065851,-0.08843011218354765,0.005426297362593823,4.5,0.9,0,0,0,BYPASS_VISIBLE,1,0,1,1,1
1787562350359480576,1787562350376127232,joint_v2_000003_c1d41e01,799,22,0.03333333333333333,0.7333333333333333,16.646623611450195,frame_id_exact,1,,4.09929895401001,28.031946182250977,1.9375289678573608,0.026030828059795383,0.015464485715719851,-0.9469685066771499,-0.3198966911890751,-0.5823311805725098,-0.8719048500061035,-0.1420048028230667,1.0519058915269761,0.061004392801484085,-0.09625744015772174,2.489135239433335,-0.35163959860801697,depth/000799.png,1.0,0.03940667312790918,0.04594311341997124,-0.9981664913441394,1.0519058915269761,0.061004392801484085,-0.09625744015772174,-0.35163959860801697,0.9970016139283315,-0.07715491767526965,0.00590766475219607,4.5,0.9,1.0,0.0,0.06247103214263916,-0.1273403219736835,1.0,0.0,0.06247103214263916,-0.1273403219736835,direct,SAFE_PROGRESSING,NONE,DIRECT_LOCAL,PASS_THROUGH,0,7,0,0,0,0,0,1.0,10.574388462833552,inf,0.0,0,0,0,CLEAR,none,nan,0.0,0.0,0,0,0,0,0.0,0,0,1,0,2.0,1.0,"4.136,28.089;4.006,27.915;3.864,27.746;3.719,27.581;3.572,27.417;3.424,27.254;3.275,27.092;3.127,26.930;2.977,26.768;2.828,26.607;2.679,26.445;2.530,26.283;2.456,26.202",-2.9499999999999997,20.150000000000002,2.0,-2.9499999999999997,20.150000000000002,2.0,-2.9499999999999997,20.150000000000002,2.0,7.765318276494725,0.0,0.0,0,0,4,1,,,0,1,PASS_THROUGH,-1,0.9912848107127505,-0.13167594906531313,0.003983527072275919,0.9,0,0.9970016139283315,-0.07715491767526965,0.00590766475219607,4.5,0.9,0,0,0,BYPASS_VISIBLE,1,0,1,1,1
1787562350406633472,1787562350425516800,joint_v2_000003_c1d41e01,800,23,0.03333333333333333,0.7666666666666667,18.883466720581055,frame_id_exact,1,,4.079629421234131,28.002891540527344,1.933077335357666,0.011770753934500838,-0.014232088196413252,-0.9452954673015564,-0.32569214991539963,-0.5952569246292114,-0.868628740310669,-0.12384471297264099,1.0483431310509264,0.06185577739285538,-0.146064198643846,2.4782912330465505,-0.306586891412735,depth/000800.png,1.0,0.031524239486962036,-0.019239772614505407,-0.999317794034766,1.0483431310509264,0.06185577739285538,-0.146064198643846,-0.306586891412735,0.9977472139717433,-0.06678458553683973,0.006349499688707887,4.5,0.9,1.0666666666,0.0,0.06692266464233398,-0.08028049711906515,1.0666666666,0.0,0.06692266464233398,-0.08028049711906515,direct,SAFE_PROGRESSING,NONE,DIRECT_LOCAL,PASS_THROUGH,0,7,0,0,0,0,0,1.0666666666,10.539620265795461,inf,0.0,0,0,0,CLEAR,none,nan,0.0,0.0,0,0,0,0,3.8294023830358213,0,0,1,0,2.0,2.0,"4.080,28.003;3.925,27.806;3.708,27.556;3.437,27.255;3.154,26.945;2.870,26.635;2.586,26.326;2.303,26.016;2.079,25.768",-2.9499999999999997,20.150000000000002,2.0,-2.9499999999999997,20.150000000000002,2.0,-2.9499999999999997,20.150000000000002,2.0,7.742288344140116,0.0,0.0,0,0,4,1,,,0,1,PASS_THROUGH,-1,0.9912848107127505,-0.13167594906531313,0.003983527072275919,0.9,0,0.9977472139717433,-0.06678458553683973,0.006349499688707887,4.5,0.9,0,0,0,BYPASS_VISIBLE,1,0,1,1,1
1787562350455943936,1787562350472712448,joint_v2_000003_c1d41e01,801,24,0.03333333333333333,0.8,16.768693923950195,frame_id_exact,1,,4.0597825050354,27.974212646484375,1.929339051246643,0.0010498788691719364,-0.0383186476276708,-0.9430501414713668,-0.33043457698791395,-0.593396008014679,-0.8497312664985657,-0.09998158365488052,1.0243916720093396,0.0629696793663653,-0.17554169436791472,2.4685286531431534,-0.2684941291809082,depth/000801.png,1.0,0.027303789071397456,-0.07157897957248606,-0.9970611579966929,1.0243916720093396,0.0629696793663653,-0.17554169436791472,-0.2684941291809082,0.9983255349507887,-0.057453318796461275,0.006726248917044321,4.5,0.9,1.1333333332,0.0,0.07066094875335693,-0.06975102638132391,1.1333333332,0.0,0.07066094875335693,-0.06975102638132391,direct,SAFE_PROGRESSING,NONE,DIRECT_LOCAL,PASS_THROUGH,0,6,0,0,0,0,1,1.1333333332,10.505015673729686,inf,0.0,0,0,0,CLEAR,none,nan,0.0,0.0,0,0,0,0,0.0,0,0,1,0,2.0,2.0,"4.080,28.003;3.925,27.806;3.708,27.556;3.437,27.255;3.154,26.945;2.870,26.635;2.586,26.326;2.303,26.016;2.079,25.768",-2.9499999999999997,20.150000000000002,2.0,-2.9499999999999997,20.150000000000002,2.0,-2.9499999999999997,20.150000000000002,2.0,7.720084551517989,0.0,0.0,0,0,4,1,,,1,1,PASS_THROUGH,-1,0.9983481190509288,-0.05745461850428167,0.0,0.9,0,0.9983255349507887,-0.057453318796461275,0.006726248917044321,4.5,0.9,0,0,0,BYPASS_VISIBLE,1,0,1,1,1
1787562350522077952,1787562350537731072,joint_v2_000003_c1d41e01,802,25,0.03333333333333333,0.8333333333333334,15.653133392333984,frame_id_exact,1,,4.040177345275879,27.946359634399414,1.9264562129974365,-0.002570620359114264,-0.047615319923512256,-0.941219727559709,-0.3344123168664369,-0.5820854306221008,-0.8204753398895264,-0.07273787260055542,0.9928866919668009,0.06284795488344769,-0.1658920778759394,2.4600580660782723,-0.23775070905685425,depth/000802.png,1.0,0.02700726171978676,-0.09135225111230404,-0.9954523464391017,0.9928866919668009,0.06284795488344769,-0.1658920778759394,-0.23775070905685425,0.9987556258219157,-0.04937482747935895,0.007023268502412444,4.5,0.9,1.1999999998,0.0,0.07354378700256348,-0.07247487733701874,1.1999999998,0.0,0.07354378700256348,-0.07247487733701874,direct,SAFE_PROGRESSING,NONE,DIRECT_LOCAL,PASS_THROUGH,0,6,0,0,0,0,1,1.1999999998,10.47118918114369,inf,0.0,0,0,0,CLEAR,none,nan,0.0,0.0,0,0,0,0,0.0,0,0,1,0,2.0,2.0,"4.080,28.003;3.925,27.806;3.708,27.556;3.437,27.255;3.154,26.945;2.870,26.635;2.586,26.326;2.303,26.016;2.079,25.768",-2.9499999999999997,20.150000000000002,2.0,-2.9499999999999997,20.150000000000002,2.0,-2.9499999999999997,20.150000000000002,2.0,7.698837684966833,0.0,0.0,0,0,4,1,,,0,1,PASS_THROUGH,-1,0.9983255349507887,-0.057453318796461275,0.006726248917044321,0.9,0,0.9987556258219157,-0.04937482747935895,0.007023268502412444,4.5,0.9,0,0,0,BYPASS_VISIBLE,1,0,1,1,1
1787562350565860352,1787562350585122048,joint_v2_000003_c1d41e01,803,26,0.03333333333333333,0.8666666666666667,19.261837005615234,frame_id_exact,1,,4.020978927612305,27.919513702392578,1.9244951009750366,0.0021549511055095182,-0.03780738405897439,-0.9404186297400269,-0.33790347546931265,-0.5706982612609863,-0.7908214330673218,-0.04533440247178078,0.9676083214871585,0.060759151999573914,-0.11485954069878351,2.452733236692148,-0.21390515565872192,depth/000803.png,1.0,0.0296036052754611,-0.06965320568555504,-0.9971319157927001,0.9676083214871585,0.060759151999573914,-0.11485954069878351,-0.21390515565872192,0.9990743221261543,-0.042404948930301195,0.007233199456943926,4.5,0.9,1.1333333332,0.0,0.07550489902496338,-0.03988230520055147,1.1333333332,0.0,0.07550489902496338,-0.03988230520055147,direct,SAFE_PROGRESSING,NONE,DIRECT_LOCAL,PASS_THROUGH,0,6,0,0,0,0,1,1.1333333332,10.43838542979137,inf,0.0,0,0,0,CLEAR,none,nan,0.0,0.0,0,0,0,0,2.4304169619778646,0,0,1,0,2.0,1.0,"4.021,27.920;3.884,27.750;3.740,27.584;3.594,27.420;3.447,27.256;3.299,27.093;3.151,26.930;3.003,26.768;2.854,26.606;2.706,26.443;2.557,26.281;2.409,26.119;2.335,26.037",-2.9499999999999997,20.150000000000002,2.0,-2.9499999999999997,20.150000000000002,2.0,-2.9499999999999997,20.150000000000002,2.0,7.678428932121294,0.0,0.0,0,0,4,1,,,0,1,PASS_THROUGH,-1,0.9983255349507887,-0.057453318796461275,0.006726248917044321,0.9,0,0.9990743221261543,-0.042404948930301195,0.007233199456943926,4.5,0.9,0,0,0,BYPASS_VISIBLE,1,0,1,1,1
1787562350617341952,1787562350634307584,joint_v2_000003_c1d41e01,804,27,0.03333333333333333,0.9,16.965627670288086,frame_id_exact,1,,4.0020222663879395,27.89351463317871,1.923352837562561,0.013236712605630174,-0.012552143115205472,-0.9399514026005594,-0.3408204716443137,-0.5688713788986206,-0.7715151906013489,-0.024587707594037056,0.9563477451920787,0.05672498830426873,-0.04044943004902843,2.4461369158434723,-0.1908206045627594,depth/000804.png,1.0,0.03343978783230769,-0.014574123787018459,-0.9993344662852227,0.9563477451920787,0.05672498830426873,-0.04044943004902843,-0.1908206045627594,0.9993200945615219,-0.03612620045267305,0.0073652051162323585,4.5,0.9,1.0666666666,0.0,0.07664716243743896,-0.03397964886655114,1.0666666666,0.0,0.07664716243743896,-0.03397964886655114,direct,SAFE_PROGRESSING,NONE,DIRECT_LOCAL,PASS_THROUGH,0,6,0,0,0,0,1,1.0666666666,10.406374607259075,inf,0.0,0,0,0,CLEAR,none,nan,0.0,0.0,0,0,0,0,0.0,0,0,1,0,2.0,1.0,"4.021,27.920;3.884,27.750;3.740,27.584;3.594,27.420;3.447,27.256;3.299,27.093;3.151,26.930;3.003,26.768;2.854,26.606;2.706,26.443;2.557,26.281;2.409,26.119;2.335,26.037",-2.9499999999999997,20.150000000000002,2.0,-2.9499999999999997,20.150000000000002,2.0,-2.9499999999999997,20.150000000000002,2.0,7.658514029823376,0.0,0.0,0,0,4,1,,,0,1,PASS_THROUGH,-1,0.9983255349507887,-0.057453318796461275,0.006726248917044321,0.9,0,0.9993200945615219,-0.03612620045267305,0.0073652051162323585,4.5,0.9,0,0,0,BYPASS_VISIBLE,1,0,1,1,1
1787562350667659008,1787562350683263744,joint_v2_000003_c1d41e01,805,28,0.03333333333333333,0.9333333333333333,15.604734420776367,frame_id_exact,1,,3.9828941822052,27.867900848388672,1.922757625579834,0.02541688386713241,0.01580988153963505,-0.9388502988205971,-0.3430220781009042,-0.5811754465103149,-0.7676205635070801,-0.012449454516172409,0.9610444712273488,0.05091912092706302,0.031015891257573897,2.4401303436590815,-0.16594327986240387,depth/000805.png,1.0,0.03687902118698187,0.047123328661515425,-0.9982080593203748,0.9610444712273488,0.05091912092706302,0.031015891257573897,-0.16594327986240387,0.99951007406984,-0.030400348928155612,0.007445174138295954,4.5,0.9,1.0,0.0,0.07724237442016602,-0.036006420996614885,1.0,0.0,0.07724237442016602,-0.036006420996614885,direct,SAFE_PROGRESSING,NONE,DIRECT_LOCAL,PASS_THROUGH,0,6,0,0,0,0,1,1.0,10.37453686904689,inf,0.0,0,0,0,CLEAR,none,nan,0.0,0.0,0,0,0,0,0.0,0,0,1,0,2.0,1.0,"4.021,27.920;3.884,27.750;3.740,27.584;3.594,27.420;3.447,27.256;3.299,27.093;3.151,26.930;3.003,26.768;2.854,26.606;2.706,26.443;2.557,26.281;2.409,26.119;2.335,26.037",-2.9499999999999997,20.150000000000002,2.0,-2.9499999999999997,20.150000000000002,2.0,-2.9499999999999997,20.150000000000002,2.0,7.638743425593892,0.0,0.0,0,0,4,1,,,0,1,PASS_THROUGH,-1,0.9983255349507887,-0.057453318796461275,0.006726248917044321,0.9,0,0.99951007406984,-0.030400348928155612,0.007445174138295954,4.5,0.9,0,0,0,BYPASS_VISIBLE,1,0,1,1,1
1787562350710044928,1787562350726011904,joint_v2_000003_c1d41e01,806,29,0.03333333333333333,0.9666666666666667,15.967130661010742,frame_id_exact,1,,3.963141441345215,27.842187881469727,1.9224233627319336,0.03353548379913877,0.035453840214246274,-0.9374003592986919,-0.34481728919400756,-0.6055693030357361,-0.777025043964386,-0.00886364933103323,0.9811294227334968,0.04362153402326943,0.07773597379977384,2.4349012611761847,-0.14090926945209503,depth/000806.png,1.0,0.0384221549767485,0.08959611434156292,-0.9952367930808408,0.9811294227334968,0.04362153402326943,0.07773597379977384,-0.14090926945209503,0.9996488733405164,-0.025413944686790316,0.007500762927378031,4.5,0.9,1.0,0.0,0.0775766372680664,-0.019397092975679264,1.0,0.0,0.0775766372680664,-0.019397092975679264,direct,SAFE_PROGRESSING,NONE,DIRECT_LOCAL,PASS_THROUGH,0,6,0,0,0,0,1,1.0,10.342208612858004,inf,0.0,0,0,0,CLEAR,none,nan,0.0,0.0,0,0,0,0,1.45630953615302,0,0,1,0,2.0,1.0,"3.963,27.842;3.823,27.675;3.678,27.509;3.531,27.345;3.384,27.182;3.236,27.019;3.088,26.856;2.940,26.693;2.792,26.530;2.644,26.368;2.496,26.205;2.348,26.042;2.274,25.961",-2.9499999999999997,20.150000000000002,2.0,-2.9499999999999997,20.150000000000002,2.0,-2.9499999999999997,20.150000000000002,2.0,7.618867842643414,0.0,0.0,0,0,4,1,,,0,1,PASS_THROUGH,-1,0.9983255349507887,-0.057453318796461275,0.006726248917044321,0.9,0,0.9996488733405164,-0.025413944686790316,0.007500762927378031,4.5,0.9,0,0,0,BYPASS_VISIBLE,1,0,1,1,1
1787562350753875968,1787562350770908672,joint_v2_000003_c1d41e01,807,30,0.03333333333333333,1.0,17.032623291015625,frame_id_exact,1,,3.942462205886841,27.816028594970703,1.9220935106277466,0.03453236354166755,0.03974715029784723,-0.9365080114114325,-0.34667048399543743,-0.6354374289512634,-0.7928797602653503,-0.011538026854395866,1.0117899675801187,0.03539278423636986,0.08718129812376284,2.4306950289827665,-0.11832442134618759,depth/000807.png,1.0,0.037121342557099264,0.09838975173440904,-0.9944553598228529,1.0117899675801187,0.03539278423636986,0.08718129812376284,-0.11832442134618759,0.9997421514832842,-0.021413144613167994,0.007556969323053126,4.5,0.9,1.0,0.0,0.07790648937225342,-0.01557650863772242,1.0,0.0,0.07790648937225342,-0.01557650863772242,direct,SAFE_PROGRESSING,NONE,DIRECT_LOCAL,PASS_THROUGH,0,6,0,0,0,0,1,1.0,10.308929608765741,inf,0.0,0,0,0,CLEAR,none,nan,0.0,0.0,0,0,0,0,0.0,0,0,1,0,2.0,1.0,"3.963,27.842;3.823,27.675;3.678,27.509;3.531,27.345;3.384,27.182;3.236,27.019;3.088,26.856;2.940,26.693;2.792,26.530;2.644,26.368;2.496,26.205;2.348,26.042;2.274,25.961",-2.9499999999999997,20.150000000000002,2.0,-2.9499999999999997,20.150000000000002,2.0,-2.9499999999999997,20.150000000000002,2.0,7.598833387997708,0.0,0.0,0,0,4,1,,,1,1,PASS_THROUGH,-1,0.99977069923611,-0.021413756067990296,0.0,0.9,0,0.9997421514832842,-0.021413144613167994,0.007556969323053126,4.5,0.9,0,0,0,BYPASS_VISIBLE,1,0,1,1,1
1787562350800628736,1787562350817656320,joint_v2_000003_c1d41e01,808,31,0.03333333333333333,1.0333333333333334,17.027616500854492,frame_id_exact,1,,3.920802593231201,27.78934097290039,1.9216324090957642,0.028752510263960144,0.03018255378920158,-0.9363302187082355,-0.34863738774559283,-0.6632500290870667,-0.8076246976852417,-0.015941191464662552,1.0429146072205107,0.02724053761535364,0.06324120600527179,2.4274530869566804,-0.09874223917722702,depth/000808.png,1.0,0.03279815503061301,0.07657007452034321,-0.9965246132005656,1.0429146072205107,0.02724053761535364,0.06324120600527179,-0.09874223917722702,0.9998027002380759,-0.018340886175803865,0.007627089283484393,4.5,0.9,1.0,0.0,0.07836759090423584,-0.01811402476327162,1.0,0.0,0.07836759090423584,-0.01811402476327162,direct,SAFE_PROGRESSING,NONE,DIRECT_LOCAL,PASS_THROUGH,0,6,0,0,0,0,1,1.0,10.274602609122518,inf,0.0,0,0,0,CLEAR,none,nan,0.0,0.0,0,0,0,0,0.0,0,0,1,0,2.0,1.0,"3.963,27.842;3.823,27.675;3.678,27.509;3.531,27.345;3.384,27.182;3.236,27.019;3.088,26.856;2.940,26.693;2.792,26.530;2.644,26.368;2.496,26.205;2.348,26.042;2.274,25.961",-2.9499999999999997,20.150000000000002,2.0,-2.9499999999999997,20.150000000000002,2.0,-2.9499999999999997,20.150000000000002,2.0,7.578741624909284,0.0,0.0,0,0,4,1,,,0,1,PASS_THROUGH,-1,0.9997421514832842,-0.021413144613167994,0.007556969323053126,0.9,0,0.9998027002380759,-0.018340886175803865,0.007627089283484393,4.5,0.9,0,0,0,BYPASS_VISIBLE,1,0,1,1,1
1787562350846651904,1787562350862512896,joint_v2_000003_c1d41e01,809,32,0.03333333333333333,1.0666666666666667,15.861034393310547,frame_id_exact,1,,3.8983359336853027,27.762266159057617,1.9210693836212158,0.018084515238649693,0.011180094220807246,-0.9363282364760775,-0.3504816534134071,-0.6829940676689148,-0.8155297040939331,-0.01696978136897087,1.0635356554995383,0.020393189662380976,0.018264597086735113,2.424814966308717,-0.08219918608665466,depth/000809.png,1.0,0.026029248706206834,0.03361305741485347,-0.9990959116035938,1.0635356554995383,0.020393189662380976,0.018264597086735113,-0.08219918608665466,0.9998448262033818,-0.015840023034038794,0.007708254316663553,4.5,0.9,1.0666666666,0.0,0.07893061637878418,-0.015530323699706194,1.0666666666,0.0,0.07893061637878418,-0.015530323699706194,direct,SAFE_PROGRESSING,NONE,DIRECT_LOCAL,PASS_THROUGH,0,6,0,0,0,0,1,1.0666666666,10.239448282839222,inf,0.0,0,0,0,CLEAR,none,nan,0.0,0.0,0,0,0,0,0.9076313909952213,0,0,1,0,2.0,2.0,"3.898,27.762;3.733,27.571;3.511,27.323;3.239,27.021;2.957,26.710;2.675,26.398;2.393,26.087;2.112,25.776;1.892,25.532",-2.9499999999999997,20.150000000000002,2.0,-2.9499999999999997,20.150000000000002,2.0,-2.9499999999999997,20.150000000000002,2.0,7.5587870499753365,0.0,0.0,0,0,4,1,,,0,1,PASS_THROUGH,-1,0.9997421514832842,-0.021413144613167994,0.007556969323053126,0.9,0,0.9998448262033818,-0.015840023034038794,0.007708254316663553,4.5,0.9,0,0,0,BYPASS_VISIBLE,1,0,1,1,1
1787562350896163584,1787562350913350144,joint_v2_000003_c1d41e01,810,33,0.03333333333333333,1.1,17.186403274536133,frame_id_exact,1,,3.875403881072998,27.735092163085938,1.920554280281067,0.005729313543643154,-0.010321233824088848,-0.9359437442841401,-0.3519516367827423,-0.69083172082901,-0.8132724165916443,-0.01313881203532219,1.066629471607604,0.015822816843636397,-0.0297376401098128,2.4223671389521084,-0.06920548528432846,depth/000810.png,1.0,0.017989780616441364,-0.015287305903246177,-0.9997212941973342,1.066629471607604,0.015822816843636397,-0.0297376401098128,-0.06920548528432846,0.9998785211448727,-0.01350287956391346,0.007785576190923898,4.5,0.9,1.1333333332,0.0,0.0794457197189331,-0.01288305572943571,1.1333333332,0.0,0.0794457197189331,-0.01288305572943571,direct,SAFE_PROGRESSING,NONE,DIRECT_LOCAL,PASS_THROUGH,0,6,0,0,0,0,1,1.1333333332,10.20390911671963,inf,0.0,0,0,0,CLEAR,none,nan,0.0,0.0,0,0,0,0,0.0,0,0,1,0,2.0,2.0,"3.898,27.762;3.733,27.571;3.511,27.323;3.239,27.021;2.957,26.710;2.675,26.398;2.393,26.087;2.112,25.776;1.892,25.532",-2.9499999999999997,20.150000000000002,2.0,-2.9499999999999997,20.150000000000002,2.0,-2.9499999999999997,20.150000000000002,2.0,7.539185339236758,0.0,0.0,0,0,4,1,,,0,1,PASS_THROUGH,-1,0.9997421514832842,-0.021413144613167994,0.007556969323053126,0.9,0,0.9998785211448727,-0.01350287956391346,0.007785576190923898,4.5,0.9,0,0,0,BYPASS_VISIBLE,1,0,1,1,1
1787562350944538112,1787562350962328064,joint_v2_000003_c1d41e01,811,34,0.03333333333333333,1.1333333333333333,17.789840698242188,frame_id_exact,1,,3.852409601211548,27.708152770996094,1.9202722311019897,-0.0036851039866692106,-0.024107468561726946,-0.935290523168286,-0.35303949812980806,-0.6872106790542603,-0.8018575310707092,-0.0028918921016156673,1.0546097794353182,0.013762654710612067,-0.053396470254731314,2.419974219308229,-0.0588960126042366,depth/000811.png,1.0,0.010128491533181648,-0.047696948290740906,-0.9988104999363056,1.0546097794353182,0.013762654710612067,-0.053396470254731314,-0.0588960126042366,0.9999065243187337,-0.011201359807089424,0.007840418566718518,4.5,0.9,1.1999999998,0.0,0.07972776889801025,-0.012892365415091422,1.1999999998,0.0,0.07972776889801025,-0.012892365415091422,direct,SAFE_PROGRESSING,NONE,DIRECT_LOCAL,PASS_THROUGH,0,6,0,0,0,0,1,1.1999999998,10.168502824524904,inf,0.0,0,0,0,CLEAR,none,nan,0.0,0.0,0,0,0,0,0.0,0,0,1,0,2.0,2.0,"3.898,27.762;3.733,27.571;3.511,27.323;3.239,27.021;2.957,26.710;2.675,26.398;2.393,26.087;2.112,25.776;1.892,25.532",-2.9499999999999997,20.150000000000002,2.0,-2.9499999999999997,20.150000000000002,2.0,-2.9499999999999997,20.150000000000002,2.0,7.520066065971358,0.0,0.0,0,0,4,1,,,0,1,PASS_THROUGH,-1,0.9997421514832842,-0.021413144613167994,0.007556969323053126,0.9,0,0.9999065243187337,-0.011201359807089424,0.007840418566718518,4.5,0.9,0,0,0,BYPASS_VISIBLE,1,0,1,1,1
1787562350992705792,1787562351018042624,joint_v2_000003_c1d41e01,812,35,0.03333333333333333,1.1666666666666667,25.336742401123047,frame_id_exact,1,,3.8296587467193604,27.681671142578125,1.920413613319397,-0.006831846581989893,-0.023312179907478157,-0.934939301051448,-0.35397510009839883,-0.677470326423645,-0.7871982455253601,0.011613717302680016,1.0378310897621987,0.013697840363084378,-0.0387427111176607,2.417823569905162,-0.050718650221824646,depth/000812.png,1.0,0.0037291386960102164,-0.04842755353280003,-0.998819736280483,1.0378310897621987,0.013697840363084378,-0.0387427111176607,-0.050718650221824646,0.9999274776074153,-0.009130307633353199,0.00785347109195003,4.5,0.9,1.1333333332,0.0,0.07958638668060303,-0.00805070707216693,1.1333333332,0.0,0.07958638668060303,-0.00805070707216693,direct,SAFE_PROGRESSING,NONE,DIRECT_LOCAL,PASS_THROUGH,0,6,0,0,0,0,1,1.1333333332,10.13359970207588,inf,0.0,0,0,0,CLEAR,none,nan,0.0,0.0,0,0,0,0,0.5231514954390073,0,0,1,0,2.0,1.0,"3.830,27.682;3.684,27.516;3.538,27.352;3.391,27.189;3.244,27.025;3.096,26.862;2.949,26.699;2.801,26.535;2.654,26.372;2.506,26.209;2.359,26.046;2.211,25.883;2.137,25.801",-2.9499999999999997,20.150000000000002,2.0,-2.9499999999999997,20.150000000000002,2.0,-2.9499999999999997,20.150000000000002,2.0,7.501377082661069,0.0,0.0,0,0,4,1,,,0,1,PASS_THROUGH,-1,0.9997421514832842,-0.021413144613167994,0.007556969323053126,0.9,0,0.9999274776074153,-0.009130307633353199,0.00785347109195003,4.5,0.9,0,0,0,BYPASS_VISIBLE,1,0,1,1,1
1787562351046198016,1787562351066081024,joint_v2_000003_c1d41e01,813,36,0.03333333333333333,1.2,19.882917404174805,frame_id_exact,1,,3.807220697402954,27.655616760253906,1.9210119247436523,-0.0033716551766701593,-0.00842948404437263,-0.9348888711594561,-0.3548244274599952,-0.6697567701339722,-0.7776454091072083,0.023434020578861237,1.0264558674403592,0.014863625704988965,0.004805371417522207,2.4161059065404964,-0.043388377875089645,depth/000813.png,1.0,-0.0003222721044568366,-0.018153952880709385,-0.9998351514802306,1.0264558674403592,0.014863625704988965,0.004805371417522207,-0.043388377875089645,0.9999413836443803,-0.0074874430292565675,0.00782096363921874,4.5,0.9,1.0666666666,0.0,0.07898807525634766,-0.00619245892553133,1.0666666666,0.0,0.07898807525634766,-0.00619245892553133,direct,SAFE_PROGRESSING,NONE,DIRECT_LOCAL,PASS_THROUGH,0,6,0,0,0,0,1,1.0666666666,10.099223460505028,inf,0.0,0,0,0,CLEAR,none,nan,0.0,0.0,0,0,0,0,0.0,0,0,1,0,2.0,1.0,"3.830,27.682;3.684,27.516;3.538,27.352;3.391,27.189;3.244,27.025;3.096,26.862;2.949,26.699;2.801,26.535;2.654,26.372;2.506,26.209;2.359,26.046;2.211,25.883;2.137,25.801",-2.9499999999999997,20.150000000000002,2.0,-2.9499999999999997,20.150000000000002,2.0,-2.9499999999999997,20.150000000000002,2.0,7.482904295941072,0.0,0.0,0,0,4,1,,,1,1,PASS_THROUGH,-1,0.9999719669908328,-0.007487672033744196,0.0,0.9,0,0.9999413836443803,-0.0074874430292565675,0.00782096363921874,4.5,0.9,0,0,0,BYPASS_VISIBLE,1,0,1,1,1
1787562351098081280,1787562351116862976,joint_v2_000003_c1d41e01,814,37,0.03333333333333333,1.2333333333333334,18.781661987304688,frame_id_exact,1,,3.784923553466797,27.629718780517578,1.9219191074371338,0.0028502116578281943,0.009745741149226802,-0.9346386681133847,-0.3554538744903427,-0.6694587469100952,-0.7778835296630859,0.03029247745871544,1.0253345506339255,0.01657407126563649,0.051086134754266016,2.4147704255269815,-0.036318596452474594,depth/000814.png,1.0,-0.0016004868471176928,0.02024373060876744,-0.9997937936459157,1.0253345506339255,0.01657407126563649,0.051086134754266016,-0.036318596452474594,0.9999505210037648,-0.0062272385005390386,0.007757386477205822,4.5,0.9,1.0,0.0,0.07808089256286621,-0.007082960457527321,1.0,0.0,0.07808089256286621,-0.007082960457527321,direct,SAFE_PROGRESSING,NONE,DIRECT_LOCAL,PASS_THROUGH,0,6,0,0,0,0,1,1.0,10.065057789534501,inf,0.0,0,0,0,CLEAR,none,nan,0.0,0.0,0,0,0,0,0.0,0,0,1,0,2.0,1.0,"3.830,27.682;3.684,27.516;3.538,27.352;3.391,27.189;3.244,27.025;3.096,26.862;2.949,26.699;2.801,26.535;2.654,26.372;2.506,26.209;2.359,26.046;2.211,25.883;2.137,25.801",-2.9499999999999997,20.150000000000002,2.0,-2.9499999999999997,20.150000000000002,2.0,-2.9499999999999997,20.150000000000002,2.0,7.464420784068766,0.0,0.0,0,0,4,1,,,0,1,PASS_THROUGH,-1,0.9999413836443803,-0.0074874430292565675,0.00782096363921874,0.9,0,0.9999505210037648,-0.0062272385005390386,0.007757386477205822,4.5,0.9,0,0,0,BYPASS_VISIBLE,1,0,1,1,1
1787562351144137728,1787562351161092608,joint_v2_000003_c1d41e01,815,38,0.03333333333333333,1.2666666666666666,16.954898834228516,frame_id_exact,1,,3.762507200241089,27.603662490844727,1.9229756593704224,0.007836310846219696,0.020889918509994068,-0.9342519905480663,-0.3559149079400062,-0.676484227180481,-0.7863510251045227,0.03245280683040619,1.0346540252256249,0.018182542306545875,0.07869226275664346,2.413622276470411,-0.029431762173771858,depth/000815.png,0.9999967447916667,-0.00022788883344923398,0.04461101560754082,-0.9990044070739345,1.0346540252256249,0.018182542306545875,0.07869226275664346,-0.029431762173771858,0.9999572231368834,-0.005156590069072203,0.00767863758960688,4.5,0.9,1.0,0.0,0.07702434062957764,0.002141464922038594,1.0,0.0,0.07702434062957764,0.002141464922038594,direct,SAFE_PROGRESSING,NONE,DIRECT_LOCAL,PASS_THROUGH,0,6,0,0,0,0,1,1.0,10.030694763610049,inf,0.0,0,0,0,CLEAR,none,nan,0.0,0.0,0,0,0,0,0.2954608676228948,0,0,1,0,2.0,1.0,"3.763,27.604;3.617,27.438;3.471,27.274;3.324,27.111;3.176,26.947;3.029,26.784;2.881,26.621;2.734,26.458;2.586,26.294;2.439,26.131;2.291,25.968;2.144,25.805;2.070,25.723",-2.9499999999999997,20.150000000000002,2.0,-2.9499999999999997,20.150000000000002,2.0,-2.9499999999999997,20.150000000000002,2.0,7.44580997429625,0.0,0.0,0,0,4,1,,,0,1,PASS_THROUGH,-1,0.9999413836443803,-0.0074874430292565675,0.00782096363921874,0.9,0,0.9999572231368834,-0.005156590069072203,0.00767863758960688,4.5,0.9,0,0,0,BYPASS_VISIBLE,1,0,1,1,1
1787562351187930880,1787562351207804160,joint_v2_000003_c1d41e01,816,39,0.03333333333333333,1.3,19.873380661010742,frame_id_exact,1,,3.7397875785827637,27.577266693115234,1.924043893814087,0.009236249653930027,0.019808308254579174,-0.9340918236630383,-0.3563632803506575,-0.6868036985397339,-0.7973295450210571,0.03137047216296196,1.0498127311516292,0.01896840503090177,0.07714440574411152,2.412596525287409,-0.02281273528933525,depth/000816.png,1.0,0.0031371031504955297,0.043588478012023216,-0.9990446452328436,1.0498127311516292,0.01896840503090177,0.07714440574411152,-0.02281273528933525,0.9999622724576773,-0.004209048124256539,0.007598524538727997,4.5,0.9,1.0,0.0,0.07595610618591309,0.0021757506921038505,1.0,0.0,0.07595610618591309,0.0021757506921038505,direct,SAFE_PROGRESSING,NONE,DIRECT_LOCAL,PASS_THROUGH,0,6,0,0,0,0,1,1.0,9.995876568726683,inf,0.0,0,0,0,CLEAR,none,nan,0.0,0.0,0,0,0,0,0.0,0,0,1,0,2.0,1.0,"3.763,27.604;3.617,27.438;3.471,27.274;3.324,27.111;3.176,26.947;3.029,26.784;2.881,26.621;2.734,26.458;2.586,26.294;2.439,26.131;2.291,25.968;2.144,25.805;2.070,25.723",-2.9499999999999997,20.150000000000002,2.0,-2.9499999999999997,20.150000000000002,2.0,-2.9499999999999997,20.150000000000002,2.0,7.427103525065842,0.0,0.0,0,0,4,1,,,0,1,PASS_THROUGH,-1,0.9999413836443803,-0.0074874430292565675,0.00782096363921874,0.9,0,0.9999622724576773,-0.004209048124256539,0.007598524538727997,4.5,0.9,0,0,0,BYPASS_VISIBLE,1,0,1,1,1
1787562351234175744,1787562351250057728,joint_v2_000003_c1d41e01,817,40,0.03333333333333333,1.3333333333333333,15.882015228271484,frame_id_exact,1,,3.7167370319366455,27.55055046081543,1.9250620603561401,0.007412647590535671,0.008915774238041895,-0.9341108499158751,-0.3567947332779398,-0.6956218481063843,-0.8046949505805969,0.029929932206869125,1.0626207064945512,0.018280650913807716,0.05312788181310109,2.4117900526263805,-0.016815997660160065,depth/000817.png,1.0,0.00748626649938731,0.021946230142207833,-0.9997311232508695,1.0626207064945512,0.018280650913807716,0.05312788181310109,-0.016815997660160065,0.9999656511380104,-0.003478166335300376,0.007523224247541551,4.5,0.9,1.0,0.0,0.07493793964385986,-2.514343516946127e-05,1.0,0.0,0.07493793964385986,-2.514343516946127e-05,direct,SAFE_PROGRESSING,NONE,DIRECT_LOCAL,PASS_THROUGH,0,6,0,0,0,0,1,1.0,9.960598866336845,inf,0.0,0,0,0,CLEAR,none,nan,0.0,0.0,0,0,0,0,0.0,0,0,1,0,2.0,1.0,"3.763,27.604;3.617,27.438;3.471,27.274;3.324,27.111;3.176,26.947;3.029,26.784;2.881,26.621;2.734,26.458;2.586,26.294;2.439,26.131;2.291,25.968;2.144,25.805;2.070,25.723",-2.9499999999999997,20.150000000000002,2.0,-2.9499999999999997,20.150000000000002,2.0,-2.9499999999999997,20.150000000000002,2.0,7.408456961582466,0.0,0.0,0,0,4,1,,,0,1,PASS_THROUGH,-1,0.9999413836443803,-0.0074874430292565675,0.00782096363921874,0.9,0,0.9999656511380104,-0.003478166335300376,0.007523224247541551,4.5,0.9,0,0,0,BYPASS_VISIBLE,1,0,1,1,1
1787562351284891136,1787562351302626816,joint_v2_000003_c1d41e01,818,41,0.03333333333333333,1.3666666666666667,17.735719680786133,frame_id_exact,1,,3.693467617034912,27.523706436157227,1.926069736480713,0.003456149755074954,-0.007241391193182074,-0.934027861206801,-0.3571100275432024,-0.6995028257369995,-0.8043709397315979,0.03105287440121174,1.0661453942185406,0.01584351086622511,0.019080735241169527,2.4112881957374834,-0.011877627111971378,depth/000818.png,0.9999967447916667,0.011628227144382846,-0.011058870788202738,-0.9998712345649156,1.0661453942185406,0.01584351086622511,0.019080735241169527,-0.011877627111971378,0.9999676234779771,-0.003044660662594033,0.00744862653490328,4.5,0.9,1.0666666666,0.0,0.07393026351928711,0.0043512286527525035,1.0666666666,0.0,0.07393026351928711,0.0043512286527525035,direct,SAFE_PROGRESSING,NONE,DIRECT_LOCAL,PASS_THROUGH,0,6,0,0,0,0,1,1.0666666666,9.92507977727222,inf,0.0,0,0,0,CLEAR,none,nan,0.0,0.0,0,0,0,0,0.17445131507476067,0,0,1,0,2.0,2.0,"3.693,27.524;3.526,27.334;3.303,27.086;3.031,26.784;2.749,26.472;2.468,26.161;2.186,25.849;1.904,25.538;1.685,25.295",-2.9499999999999997,20.150000000000002,2.0,-2.9499999999999997,20.150000000000002,2.0,-2.9499999999999997,20.150000000000002,2.0,7.3900934892403,0.0,0.0,0,0,4,1,,,0,1,PASS_THROUGH,-1,0.9999413836443803,-0.0074874430292565675,0.00782096363921874,0.9,0,0.9999676234779771,-0.003044660662594033,0.00744862653490328,4.5,0.9,0,0,0,BYPASS_VISIBLE,1,0,1,1,1
1787562351334696704,1787562351351827456,joint_v2_000003_c1d41e01,819,42,0.03333333333333333,1.4,17.130613327026367,frame_id_exact,1,,3.6701769828796387,27.497028350830078,1.9271600246429443,-0.0008480373993941679,-0.022448982081773382,-0.9337321894603601,-0.3572667384484929,-0.696855366230011,-0.7949297428131104,0.034749265760183334,1.0575809120992488,0.011934378340436372,-0.010411239133786956,2.411027429657257,-0.008404477499425411,depth/000819.png,1.0,0.014456869584326496,-0.0425286254922691,-0.9989906480721229,1.0575809120992488,0.011934378340436372,-0.010411239133786956,-0.008404477499425411,0.9999688449455036,-0.0028399026459331,0.0073650588128455876,4.5,0.9,1.1333333332,0.0,0.07283997535705566,0.003301146507275199,1.1333333332,0.0,0.07283997535705566,0.003301146507275199,direct,SAFE_PROGRESSING,NONE,DIRECT_LOCAL,PASS_THROUGH,0,6,0,0,0,0,1,1.1333333332,9.889669806042578,inf,0.0,0,0,0,CLEAR,none,nan,0.0,0.0,0,0,0,0,0.0,0,0,1,0,2.0,2.0,"3.693,27.524;3.526,27.334;3.303,27.086;3.031,26.784;2.749,26.472;2.468,26.161;2.186,25.849;1.904,25.538;1.685,25.295",-2.9499999999999997,20.150000000000002,2.0,-2.9499999999999997,20.150000000000002,2.0,-2.9499999999999997,20.150000000000002,2.0,7.372209317409357,0.0,0.0,0,0,4,1,,,1,1,PASS_THROUGH,-1,0.9999959672495968,-0.0028399796730360287,0.0,0.9,0,0.9999688449455036,-0.0028399026459331,0.0073650588128455876,4.5,0.9,0,0,0,BYPASS_VISIBLE,1,0,1,1,1
1787562351382451968,1787562351401473024,joint_v2_000003_c1d41e01,820,43,0.03333333333333333,1.4333333333333333,19.021034240722656,frame_id_exact,1,,3.6470656394958496,27.470787048339844,1.9284287691116333,-0.0025383672777646777,-0.027921366709162634,-0.9335460446334246,-0.3573593940586194,-0.6894039511680603,-0.7791060209274292,0.041845452040433884,1.041044391501138,0.0072711700970896015,-0.014448065525106898,2.4108243980688213,-0.006059064529836178,depth/000820.png,1.0,0.015216559912981478,-0.053945981688756736,-0.9984279079453112,1.041044391501138,0.0072711700970896015,-0.014448065525106898,-0.006059064529836178,0.9999700444307532,-0.00267712415964624,0.007262454639548599,4.5,0.9,1.1999999998,0.0,0.0715712308883667,0.001068068585285964,1.1999999998,0.0,0.0715712308883667,0.001068068585285964,direct,SAFE_PROGRESSING,NONE,DIRECT_LOCAL,PASS_THROUGH,0,6,0,0,0,0,1,1.1999999998,9.854704361824211,inf,0.0,0,0,0,CLEAR,none,nan,0.0,0.0,0,0,0,0,0.0,0,0,1,0,2.0,2.0,"3.693,27.524;3.526,27.334;3.303,27.086;3.031,26.784;2.749,26.472;2.468,26.161;2.186,25.849;1.904,25.538;1.685,25.295",-2.9499999999999997,20.150000000000002,2.0,-2.9499999999999997,20.150000000000002,2.0,-2.9499999999999997,20.150000000000002,2.0,7.354872853271933,0.0,0.0,0,0,4,1,,,0,1,PASS_THROUGH,-1,0.9999688449455036,-0.0028399026459331,0.0073650588128455876,0.9,0,0.9999700444307532,-0.00267712415964624,0.007262454639548599,4.5,0.9,0,0,0,BYPASS_VISIBLE,1,0,1,1,1
1787562351427661568,1787562351444724224,joint_v2_000003_c1d41e01,821,44,0.03333333333333333,1.4666666666666666,17.062664031982422,frame_id_exact,1,,3.624213218688965,27.445083618164062,1.929970145225525,0.00019450873577841267,-0.01858772552046781,-0.9337395911641532,-0.35747004702342194,-0.6823728680610657,-0.7638801336288452,0.0505681037902832,1.0254111287025984,0.002647676157921052,0.015090715141341679,2.4105813907350093,-0.004369295202195644,depth/000821.png,1.0,0.01365235124656736,-0.034573128362455866,-0.9993089172526549,1.0254111287025984,0.002647676157921052,0.015090715141341679,-0.004369295202195644,0.9999715545866426,-0.0024575767638662384,0.007130942015130693,4.5,0.9,1.1333333332,0.0,0.0700298547744751,-0.003284958834242069,1.1333333332,0.0,0.0700298547744751,-0.003284958834242069,direct,SAFE_PROGRESSING,NONE,DIRECT_LOCAL,PASS_THROUGH,0,6,0,0,0,0,1,1.1333333332,9.820311830119772,inf,0.0,0,0,0,CLEAR,none,nan,0.0,0.0,0,0,0,0,0.14081249837342408,0,0,1,0,2.0,1.0,"3.624,27.445;3.477,27.281;3.330,27.118;3.183,26.954;3.036,26.791;2.888,26.628;2.741,26.464;2.594,26.301;2.446,26.137;2.299,25.974;2.152,25.811;2.004,25.647;1.931,25.566",-2.9499999999999997,20.150000000000002,2.0,-2.9499999999999997,20.150000000000002,2.0,-2.9499999999999997,20.150000000000002,2.0,7.3379649925843164,0.0,0.0,0,0,4,1,,,0,1,PASS_THROUGH,-1,0.9999688449455036,-0.0028399026459331,0.0073650588128455876,0.9,0,0.9999715545866426,-0.0024575767638662384,0.007130942015130693,4.5,0.9,0,0,0,BYPASS_VISIBLE,1,0,1,1,1
1787562351484870912,1787562351501641216,joint_v2_000003_c1d41e01,822,45,0.03333333333333333,1.5,16.770362854003906,frame_id_exact,1,,3.601497173309326,27.419755935668945,1.9317342042922974,0.006598940324756716,0.003248121690627021,-0.9338988356703284,-0.3574617020404818,-0.6820863485336304,-0.7575600743293762,0.05411240831017494,1.0187368880665553,-0.0013435146257953176,0.0651195336893606,2.4104207987263275,-0.002941774670034647,depth/000822.png,1.0,0.010003327155964267,0.010784571010286438,-0.9998918073841464,1.0187368880665553,-0.0013435146257953176,0.0651195336893606,-0.002941774670034647,0.9999730138278453,-0.002305254835121818,0.00697548680747506,4.5,0.9,1.0666666666,0.0,0.06826579570770264,-0.0030688078271334795,1.0666666666,0.0,0.06826579570770264,-0.0030688078271334795,direct,SAFE_PROGRESSING,NONE,DIRECT_LOCAL,PASS_THROUGH,0,6,0,0,0,0,1,1.0666666666,9.786289724715589,inf,0.0,0,0,0,CLEAR,none,nan,0.0,0.0,0,0,0,0,0.0,0,0,1,0,2.0,1.0,"3.624,27.445;3.477,27.281;3.330,27.118;3.183,26.954;3.036,26.791;2.888,26.628;2.741,26.464;2.594,26.301;2.446,26.137;2.299,25.974;2.152,25.811;2.004,25.647;1.931,25.566",-2.9499999999999997,20.150000000000002,2.0,-2.9499999999999997,20.150000000000002,2.0,-2.9499999999999997,20.150000000000002,2.0,7.321223261381441,0.0,0.0,0,0,4,1,,,0,1,PASS_THROUGH,-1,0.9999688449455036,-0.0028399026459331,0.0073650588128455876,0.9,0,0.9999730138278453,-0.002305254835121818,0.00697548680747506,4.5,0.9,0,0,0,BYPASS_VISIBLE,1,0,1,1,1
1787562351526645248,1787562351544367616,joint_v2_000003_c1d41e01,823,46,0.03333333333333333,1.5333333333333334,17.722368240356445,frame_id_exact,1,,3.5786352157592773,27.394433975219727,1.93350350856781,0.012288275082447836,0.025290852222515838,-0.9335867692404777,-0.35724657505493906,-0.6910504698753357,-0.7638068795204163,0.0512503944337368,1.0255274628963171,-0.004235647046323172,0.10887509442840547,2.4105169378962787,-0.0023101908154785633,depth/000823.png,1.0,0.004874201394092729,0.05600229840858871,-0.998418742178714,1.0255274628963171,-0.004235647046323172,0.10887509442840547,-0.0023101908154785633,0.9999738781652033,-0.0023982077159929913,0.006818473949050626,4.5,0.9,1.0,0.0,0.06649649143218994,-0.0034714496807009,1.0,0.0,0.06649649143218994,-0.0034714496807009,direct,SAFE_PROGRESSING,NONE,DIRECT_LOCAL,PASS_THROUGH,0,6,0,0,0,0,1,1.0,9.752174188444853,inf,0.0,0,0,0,CLEAR,none,nan,0.0,0.0,0,0,0,0,0.0,0,0,1,0,2.0,1.0,"3.624,27.445;3.477,27.281;3.330,27.118;3.183,26.954;3.036,26.791;2.888,26.628;2.741,26.464;2.594,26.301;2.446,26.137;2.299,25.974;2.152,25.811;2.004,25.647;1.931,25.566",-2.9499999999999997,20.150000000000002,2.0,-2.9499999999999997,20.150000000000002,2.0,-2.9499999999999997,20.150000000000002,2.0,7.304367698863919,0.0,0.0,0,0,4,1,,,0,1,PASS_THROUGH,-1,0.9999688449455036,-0.0028399026459331,0.0073650588128455876,0.9,0,0.9999738781652033,-0.0023982077159929913,0.006818473949050626,4.5,0.9,0,0,0,BYPASS_VISIBLE,1,0,1,1,1
1787562351571596032,1787562351587651072,joint_v2_000003_c1d41e01,824,47,0.03333333333333333,1.5666666666666667,16.054868698120117,frame_id_exact,1,,3.55535626411438,27.36872673034668,1.935092806816101,0.013565339738693128,0.036489854581685174,-0.9332742456661611,-0.35704853234068806,-0.7062712907791138,-0.779696524143219,0.04355543106794357,1.0454287353764835,-0.00556796817626463,0.12526227881865343,2.4108288931768405,-0.0025532215368002653,depth/000824.png,1.0,-0.0007369336237635915,0.07779705230718667,-0.9969689441407626,1.0454287353764835,-0.00556796817626463,0.12526227881865343,-0.0025532215368002653,0.9999740439902135,-0.0027016143651427665,0.0066792683492190655,4.5,0.9,1.0666666666,0.0,0.06490719318389893,-0.008474397317419502,1.0666666666,0.0,0.06490719318389893,-0.008474397317419502,direct,SAFE_PROGRESSING,NONE,DIRECT_LOCAL,PASS_THROUGH,0,6,0,0,0,0,1,1.0666666666,9.717493284302996,inf,0.0,0,0,0,CLEAR,none,nan,0.0,0.0,0,0,0,0,0.15479474223827552,0,0,1,0,2.0,2.0,"3.555,27.369;3.387,27.183;3.166,26.938;2.895,26.637;2.614,26.324;2.333,26.012;2.052,25.700;1.771,25.388;1.547,25.140",-2.9499999999999997,20.150000000000002,2.0,-2.9499999999999997,20.150000000000002,2.0,-2.9499999999999997,20.150000000000002,2.0,7.287242771137079,0.0,0.0,0,0,4,1,,,0,1,PASS_THROUGH,-1,0.9999688449455036,-0.0028399026459331,0.0073650588128455876,0.9,0,0.9999740439902135,-0.0027016143651427665,0.0066792683492190655,4.5,0.9,0,0,0,BYPASS_VISIBLE,1,0,1,1,1
1787562351611868160,1787562351628594176,joint_v2_000003_c1d41e01,825,48,0.03333333333333333,1.6,16.726016998291016,frame_id_exact,1,,3.5315511226654053,27.342424392700195,1.936359167098999,0.009697475668136295,0.033310551874859644,-0.9334396910070566,-0.35705281031257674,-0.721527099609375,-0.7982007265090942,0.03223942965269089,1.0711667175487556,-0.005028429475120995,0.10649748451269744,2.411107122146469,-0.0032302006147801876,depth/000825.png,1.0,-0.005683234937535829,0.06911180437917883,-0.9975927321989164,1.0711667175487556,-0.005028429475120995,0.10649748451269744,-0.0032302006147801876,0.9999739813850181,-0.002972007789235985,0.006572953879029326,4.5,0.9,1.1333333332,0.0,0.06364083290100098,-0.008942320795877201,1.1333333332,0.0,0.06364083290100098,-0.008942320795877201,direct,SAFE_PROGRESSING,NONE,DIRECT_LOCAL,PASS_THROUGH,0,6,0,0,0,0,1,1.1333333332,9.682018054126624,inf,0.0,0,0,0,CLEAR,none,nan,0.0,0.0,0,0,0,0,0.0,0,0,1,0,2.0,2.0,"3.555,27.369;3.387,27.183;3.166,26.938;2.895,26.637;2.614,26.324;2.333,26.012;2.052,25.700;1.771,25.388;1.547,25.140",-2.9499999999999997,20.150000000000002,2.0,-2.9499999999999997,20.150000000000002,2.0,-2.9499999999999997,20.150000000000002,2.0,7.269849312770562,0.0,0.0,0,0,4,1,,,1,1,PASS_THROUGH,-1,0.9999955833842833,-0.0029720719922165083,0.0,0.9,0,0.9999739813850181,-0.002972007789235985,0.006572953879029326,4.5,0.9,0,0,0,BYPASS_VISIBLE,1,0,1,1,1
1787562351654899456,1787562351672906752,joint_v2_000003_c1d41e01,826,49,0.03333333333333333,1.6333333333333333,18.007278442382812,frame_id_exact,1,,3.507305145263672,27.315547943115234,1.9372636079788208,0.004302561771855578,0.023818770551316325,-0.933739428761229,-0.3571341950979729,-0.7323732972145081,-0.8138226866722107,0.022761866450309753,1.0925184336421643,-0.0027915175574543135,0.07477829873248829,2.4111862633886174,-0.0038006564136594534,depth/000826.png,1.0,-0.008978051756010656,0.04755423428726368,-0.9988283082632462,1.0925184336421643,-0.0027915175574543135,0.07477829873248829,-0.0038006564136594534,0.9999742009041521,-0.003049153797178933,0.006503859409881051,4.5,0.9,1.1999999998,0.0,0.0627363920211792,-0.008896262585331716,1.1999999998,0.0,0.0627363920211792,-0.008896262585331716,direct,SAFE_PROGRESSING,NONE,DIRECT_LOCAL,PASS_THROUGH,0,6,0,0,0,0,1,1.1999999998,9.645821222899148,inf,0.0,0,0,0,CLEAR,none,nan,0.0,0.0,0,0,0,0,0.0,0,0,1,0,2.0,2.0,"3.555,27.369;3.387,27.183;3.166,26.938;2.895,26.637;2.614,26.324;2.333,26.012;2.052,25.700;1.771,25.388;1.547,25.140",-2.9499999999999997,20.150000000000002,2.0,-2.9499999999999997,20.150000000000002,2.0,-2.9499999999999997,20.150000000000002,2.0,7.252254589788523,0.0,0.0,0,0,4,1,,,0,1,PASS_THROUGH,-1,0.9999739813850181,-0.002972007789235985,0.006572953879029326,0.9,0,0.9999742009041521,-0.003049153797178933,0.006503859409881051,4.5,0.9,0,0,0,BYPASS_VISIBLE,1,0,1,1,1
1787562351701995776,1787562351719997440,joint_v2_000003_c1d41e01,827,50,0.03333333333333333,1.6666666666666667,18.001556396484375,frame_id_exact,1,,3.482780694961548,27.288217544555664,1.9379373788833618,0.0008686944646249844,0.01625964819249617,-0.9338833258293713,-0.3572069469487621,-0.7384247183799744,-0.8252460956573486,0.018455112352967262,1.1062810670944485,0.0004435913942716967,0.052770996761915344,2.4110944607718,-0.0042266445234417915,depth/000827.png,1.0,-0.009993600027097939,0.030989836056727657,-0.9994697384211668,1.1062810670944485,0.0004435913942716967,0.052770996761915344,-0.0042266445234417915,0.9999747460099777,-0.0029654415625520953,0.006458598812413665,4.5,0.9,1.2666666664,0.0,0.062062621116638184,-0.0049151851479267705,1.2666666664,0.0,0.062062621116638184,-0.0049151851479267705,direct,SAFE_PROGRESSING,NONE,DIRECT_LOCAL,PASS_THROUGH,0,6,0,0,0,0,1,1.2666666664,9.60910074787814,inf,0.0,0,0,0,CLEAR,none,nan,0.0,0.0,0,0,0,0,0.16991107879106065,0,0,1,0,2.0,2.0,"3.483,27.288;3.308,27.094;3.080,26.840;2.805,26.535;2.523,26.223;2.242,25.911;1.961,25.599;1.680,25.287;1.474,25.060",-2.9499999999999997,20.150000000000002,2.0,-2.9499999999999997,20.150000000000002,2.0,-2.9499999999999997,20.150000000000002,2.0,7.234536768055747,0.0,0.0,0,0,4,1,,,0,1,PASS_THROUGH,-1,0.9999739813850181,-0.002972007789235985,0.006572953879029326,0.9,0,0.9999747460099777,-0.0029654415625520953,0.006458598812413665,4.5,0.9,0,0,0,BYPASS_VISIBLE,1,0,1,1,1
1787562351753736448,1787562351770487552,joint_v2_000003_c1d41e01,828,51,0.03333333333333333,1.7,16.75105094909668,frame_id_exact,1,,3.458098888397217,27.26055335998535,1.9385403394699097,0.001565527196449829,0.016141605433600856,-0.9338544956358719,-0.35728529032034695,-0.7425166368484497,-0.8344827890396118,0.018096964806318283,1.115881514988503,0.0037964751867857935,0.05304726777490293,2.4109072424689186,-0.004535794723778963,depth/000828.png,1.0,-0.008610367146271352,0.031266501279673106,-0.9994739953972462,1.115881514988503,0.0037964751867857935,0.05304726777490293,-0.004535794723778963,0.9999754744564924,-0.0027975101109950808,0.0064206247898286216,4.5,0.9,1.333333333,0.0,0.06145966053009033,-0.005102264010610202,1.333333333,0.0,0.06145966053009033,-0.005102264010610202,direct,SAFE_PROGRESSING,NONE,DIRECT_LOCAL,PASS_THROUGH,0,6,0,0,0,0,1,1.333333333,9.572026977013623,inf,0.0,0,0,0,CLEAR,none,nan,0.0,0.0,0,0,0,0,0.0,0,0,1,0,2.0,2.0,"3.483,27.288;3.308,27.094;3.080,26.840;2.805,26.535;2.523,26.223;2.242,25.911;1.961,25.599;1.680,25.287;1.474,25.060",-2.9499999999999997,20.150000000000002,2.0,-2.9499999999999997,20.150000000000002,2.0,-2.9499999999999997,20.150000000000002,2.0,7.216715042524298,0.0,0.0,0,0,4,1,,,0,1,PASS_THROUGH,-1,0.9999739813850181,-0.002972007789235985,0.006572953879029326,0.9,0,0.9999754744564924,-0.0027975101109950808,0.0064206247898286216,4.5,0.9,0,0,0,BYPASS_VISIBLE,1,0,1,1,1
1787562351796574464,1787562351813848064,joint_v2_000003_c1d41e01,829,52,0.03333333333333333,1.7333333333333334,17.273664474487305,frame_id_exact,1,,3.4332478046417236,27.232566833496094,1.9391512870788574,0.007103858374665372,0.025882502172152485,-0.933586880126443,-0.35734460753350666,-0.7494385838508606,-0.8457257151603699,0.018322303891181946,1.1273921154718582,0.006540429523103119,0.07867733994820608,2.4106102842492865,-0.0049305204302072525,depth/000829.png,1.0,-0.00523380720765803,0.05340417987126827,-0.9985592625550025,1.1273921154718582,0.006540429523103119,0.07867733994820608,-0.0049305204302072525,0.9999764373075516,-0.002529435995161007,0.006381753931556387,4.5,0.9,1.3999999995999999,0.0,0.06084871292114258,-0.005644647933813474,1.3999999995999999,0.0,0.06084871292114258,-0.005644647933813474,direct,SAFE_PROGRESSING,NONE,DIRECT_LOCAL,PASS_THROUGH,0,6,0,0,0,0,1,1.3999999995999999,9.534600436641393,inf,0.0,0,0,0,CLEAR,none,nan,0.0,0.0,0,0,0,0,0.0,0,0,1,0,2.0,2.0,"3.483,27.288;3.308,27.094;3.080,26.840;2.805,26.535;2.523,26.223;2.242,25.911;1.961,25.599;1.680,25.287;1.474,25.060",-2.9499999999999997,20.150000000000002,2.0,-2.9499999999999997,20.150000000000002,2.0,-2.9499999999999997,20.150000000000002,2.0,7.1987095372666,0.0,0.0,0,0,4,1,,,0,1,PASS_THROUGH,-1,0.9999739813850181,-0.002972007789235985,0.006572953879029326,0.9,0,0.9999764373075516,-0.002529435995161007,0.006381753931556387,4.5,0.9,0,0,0,BYPASS_VISIBLE,1,0,1,1,1
1787562351841123840,1787562351866444800,joint_v2_000003_c1d41e01,830,53,0.03333333333333333,1.7666666666666666,25.321006774902344,frame_id_exact,1,,3.408048391342163,27.2041015625,1.939720630645752,0.016846620441854154,0.04493652647305716,-0.9327749348923277,-0.3572503615181352,-0.7641716599464417,-0.8636921644210815,0.01490587554872036,1.1464520117273491,0.00824228816782316,0.12539742966113457,2.410098121883736,-0.005624955985695124,depth/000830.png,1.0,-0.0006789700841253188,0.09586825359680891,-0.9953937999364487,1.1464520117273491,0.00824228816782316,0.12539742966113457,-0.005624955985695124,0.9999777481335279,-0.00205289505580355,0.006347350603858208,4.5,0.9,1.4666666661999999,0.0,0.06027936935424805,0.0016151499144667625,1.4666666661999999,0.0,0.06027936935424805,0.0016151499144667625,direct,SAFE_PROGRESSING,NONE,DIRECT_LOCAL,PASS_THROUGH,0,6,0,0,0,0,1,1.4666666661999999,9.4965850810022,inf,0.0,0,0,0,CLEAR,none,nan,0.0,0.0,0,0,0,0,0.11762467460761909,0,0,1,0,2.0,2.0,"3.408,27.204;3.228,27.002;2.993,26.742;2.715,26.433;2.434,26.121;2.152,25.810;1.871,25.498;1.589,25.186;1.400,24.976",-2.9499999999999997,20.150000000000002,2.0,-2.9499999999999997,20.150000000000002,2.0,-2.9499999999999997,20.150000000000002,2.0,7.180376047889711,0.0,0.0,0,0,4,1,,,0,1,PASS_THROUGH,-1,0.9999739813850181,-0.002972007789235985,0.006572953879029326,0.9,0,0.9999777481335279,-0.00205289505580355,0.006347350603858208,4.5,0.9,0,0,0,BYPASS_VISIBLE,1,0,1,1,1
1787562351896389376,1787562351914224640,joint_v2_000003_c1d41e01,831,54,0.03333333333333333,1.8,17.835140228271484,frame_id_exact,1,,3.382176160812378,27.17487335205078,1.9400523900985718,0.029131158860369603,0.07037315003600944,-0.9310594093987593,-0.3568296113097886,-0.7902127504348755,-0.8919650316238403,0.0033755190670490265,1.177298817460438,0.008704903725183356,0.18423062116795705,2.409315678985871,-0.006264316849410534,depth/000831.png,1.0,0.0040232315792849485,0.15183288720641322,-0.9883979906749224,1.177298817460438,0.008704903725183356,0.18423062116795705,-0.006264316849410534,0.9999790568621995,-0.0013075340059931304,0.0063384692007677325,4.5,0.9,1.5333333327999998,0.0,0.05994760990142822,0.0024784944143441123,1.5333333327999998,0.0,0.05994760990142822,0.0024784944143441123,direct,SAFE_PROGRESSING,NONE,DIRECT_LOCAL,PASS_THROUGH,0,6,0,0,0,0,1,1.5333333327999998,9.457552566278114,inf,0.0,0,0,0,CLEAR,none,nan,0.0,0.0,0,0,0,0,0.0,0,0,1,0,2.0,2.0,"3.408,27.204;3.228,27.002;2.993,26.742;2.715,26.433;2.434,26.121;2.152,25.810;1.871,25.498;1.589,25.186;1.400,24.976",-2.9499999999999997,20.150000000000002,2.0,-2.9499999999999997,20.150000000000002,2.0,-2.9499999999999997,20.150000000000002,2.0,7.161519993511783,0.0,0.0,0,0,4,1,,,1,1,PASS_THROUGH,-1,0.9999991451427013,-0.0013075602726531378,0.0,0.9,0,0.9999790568621995,-0.0013075340059931304,0.0063384692007677325,4.5,0.9,0,0,0,BYPASS_VISIBLE,1,0,1,1,1
1787562351940381696,1787562351959303424,joint_v2_000003_c1d41e01,832,55,0.03333333333333333,1.8333333333333333,18.921613693237305,frame_id_exact,1,,3.3552298545837402,27.144506454467773,1.9398080110549927,0.04170454664457937,0.09772435955683494,-0.9284166197926731,-0.356024241353203,-0.8285393714904785,-0.931884765625,-0.020196540281176567,1.2230867273346968,0.007868319076125342,0.24349857027453958,2.4083945212343156,-0.0067092967219650745,depth/000832.png,1.0,0.007853906505592909,0.21115349830255228,-0.9774213606767531,1.2230867273346968,0.007868319076125342,0.24349857027453958,-0.0067092967219650745,0.9999794843931056,-0.00042001333423567235,0.006391743244038547,4.5,0.9,1.5999999993999998,0.0,0.060191988945007324,0.0028910753088173813,1.5999999993999998,0.0,0.060191988945007324,0.0028910753088173813,direct,SAFE_PROGRESSING,NONE,DIRECT_LOCAL,PASS_THROUGH,0,6,0,0,0,0,1,1.5999999993999998,9.416955137448909,inf,0.0,0,0,0,CLEAR,none,nan,0.0,0.0,0,0,0,0,0.0,0,0,1,0,2.0,2.0,"3.408,27.204;3.228,27.002;2.993,26.742;2.715,26.433;2.434,26.121;2.152,25.810;1.871,25.498;1.589,25.186;1.400,24.976",-2.9499999999999997,20.150000000000002,2.0,-2.9499999999999997,20.150000000000002,2.0,-2.9499999999999997,20.150000000000002,2.0,7.141958046127183,0.0,0.0,0,0,4,1,,,0,1,PASS_THROUGH,-1,0.9999790568621995,-0.0013075340059931304,0.0063384692007677325,0.9,0,0.9999794843931056,-0.00042001333423567235,0.006391743244038547,4.5,0.9,0,0,0,BYPASS_VISIBLE,1,0,1,1,1
1787562351984354816,1787562352009058048,joint_v2_000003_c1d41e01,833,56,0.03333333333333333,1.8666666666666667,24.703264236450195,frame_id_exact,1,,3.3268213272094727,27.11263084411621,1.9385451078414917,0.0521931623142805,0.1219585578822981,-0.9254042189902926,-0.35500565550688334,-0.8775306940078735,-0.9823428988456726,-0.05778692290186882,1.286105833435817,0.005812591370806349,0.29033604199417756,2.4076373382486733,-0.007237270008772612,depth/000833.png,1.0,0.010007589644801806,0.26277966361321753,-0.9648039679338106,1.286105833435817,0.005812591370806349,0.29033604199417756,-0.007237270008772612,0.9999784635782246,0.00031133311072705264,0.006555566445979782,4.5,0.9,1.6666666659999998,0.0,0.0614548921585083,0.004526791795598228,1.6666666659999998,0.0,0.0614548921585083,0.004526791795598228,direct,SAFE_PROGRESSING,NONE,DIRECT_LOCAL,PASS_THROUGH,0,6,0,0,0,0,1,1.6666666659999998,9.374258063716299,inf,0.0,0,0,0,CLEAR,none,nan,0.0,0.0,0,0,0,0,0.01783845686749442,0,0,1,0,2.0,2.0,"3.327,27.113;3.124,26.887;2.868,26.602;2.586,26.290;2.305,25.978;2.024,25.666;1.742,25.355;1.461,25.043;1.318,24.884",-2.9499999999999997,20.150000000000002,2.0,-2.9499999999999997,20.150000000000002,2.0,-2.9499999999999997,20.150000000000002,2.0,7.121542239974643,0.0,0.0,0,0,4,1,,,0,1,PASS_THROUGH,-1,0.9999790568621995,-0.0013075340059931304,0.0063384692007677325,0.9,0,0.9999784635782246,0.00031133311072705264,0.006555566445979782,4.5,0.9,0,0,0,BYPASS_VISIBLE,1,0,1,1,1
1787562352045264384,1787562352063023616,joint_v2_000003_c1d41e01,834,57,0.03333333333333333,1.9,17.759084701538086,frame_id_exact,1,,3.2966480255126953,27.078935623168945,1.9358099699020386,0.05860878800653762,0.1385525441598374,-0.9230159365127583,-0.3541324376821713,-0.9338068962097168,-1.0404874086380005,-0.10793790966272354,1.3669537737754183,0.0028456685044177463,0.31255278245011786,2.4073643640329005,-0.008021465502679348,depth/000834.png,1.0,0.010061790278684257,0.29728295854054076,-0.9547364049504821,1.3669537737754183,0.0028456685044177463,0.31255278245011786,-0.008021465502679348,0.9999761675853167,0.0005681395755801835,0.006880514428818941,4.5,0.9,1.7333333325999998,0.0,0.06419003009796143,0.004835428663469976,1.7333333325999998,0.0,0.06419003009796143,0.004835428663469976,direct,SAFE_PROGRESSING,NONE,DIRECT_LOCAL,PASS_THROUGH,0,6,0,0,0,0,1,1.7333333325999998,9.329027839204963,inf,0.0,0,0,0,CLEAR,none,nan,0.0,0.0,0,0,0,0,0.0,0,0,1,0,2.0,2.0,"3.327,27.113;3.124,26.887;2.868,26.602;2.586,26.290;2.305,25.978;2.024,25.666;1.742,25.355;1.461,25.043;1.318,24.884",-2.9499999999999997,20.150000000000002,2.0,-2.9499999999999997,20.150000000000002,2.0,-2.9499999999999997,20.150000000000002,2.0,7.10019384557722,0.0,0.0,0,0,4,1,,,0,1,PASS_THROUGH,-1,0.9999790568621995,-0.0013075340059931304,0.0063384692007677325,0.9,0,0.9999761675853167,0.0005681395755801835,0.006880514428818941,4.5,0.9,0,0,0,BYPASS_VISIBLE,1,0,1,1,1
1787562352089104128,1787562352111147008,joint_v2_000003_c1d41e01,835,58,0.03333333333333333,1.9333333333333333,22.04275131225586,frame_id_exact,1,,3.2645318508148193,27.043222427368164,1.9312629699707031,0.05983330436307697,0.1445606499575509,-0.9221596957238766,-0.35375654022970837,-0.993427038192749,-1.1028186082839966,-0.16537898778915405,1.4627639600379438,-0.0004061603411580181,0.30129355260264734,2.4077058239838163,-0.009007704444229603,depth/000835.png,1.0,0.008073172726536001,0.30894885544098843,-0.9510443883456916,1.4627639600379438,-0.0004061603411580181,0.30129355260264734,-0.009007704444229603,0.9999725508894388,0.00022025555539382277,0.007406008044735961,4.5,0.9,1.7999999991999998,0.0,0.06873703002929688,0.0033609908668807975,1.7999999991999998,0.0,0.06873703002929688,0.0033609908668807975,direct,SAFE_PROGRESSING,NONE,DIRECT_LOCAL,PASS_THROUGH,0,6,0,0,0,0,1,1.7999999991999998,9.280997875118993,inf,0.0,0,0,0,CLEAR,none,nan,0.0,0.0,0,0,0,0,0.0,0,0,1,0,2.0,2.0,"3.327,27.113;3.124,26.887;2.868,26.602;2.586,26.290;2.305,25.978;2.024,25.666;1.742,25.355;1.461,25.043;1.318,24.884",-2.9499999999999997,20.150000000000002,2.0,-2.9499999999999997,20.150000000000002,2.0,-2.9499999999999997,20.150000000000002,2.0,7.077899941394289,0.0,0.0,0,0,4,1,,,0,1,PASS_THROUGH,-1,0.9999790568621995,-0.0013075340059931304,0.0063384692007677325,0.9,0,0.9999725508894388,0.00022025555539382277,0.007406008044735961,4.5,0.9,0,0,0,BYPASS_VISIBLE,1,0,1,1,1
1787562352141518336,1787562352159636992,joint_v2_000003_c1d41e01,836,59,0.03333333333333333,1.9666666666666666,18.118619918823242,frame_id_exact,1,,3.230424165725708,27.005407333374023,1.9247883558273315,0.055905505265950964,0.1393493600425964,-0.9231099343625041,-0.3540118351382212,-1.0526983737945557,-1.1659435033798218,-0.22221429646015167,1.5660094195326788,-0.0030639418753351006,0.2541307203187018,2.408499463665718,-0.009921496734023094,depth/000836.png,1.0,0.004551209245076709,0.2968519782318138,-0.9549126606733551,1.5660094195326788,-0.0030639418753351006,0.2541307203187018,-0.009921496734023094,0.9999666386322407,-0.0005720895261257496,0.008148271970904798,4.5,0.9,1.7333333325999998,0.0,0.07521164417266846,-0.002149804061177818,1.7333333325999998,0.0,0.07521164417266846,-0.002149804061177818,direct,SAFE_PROGRESSING,NONE,DIRECT_LOCAL,PASS_THROUGH,0,6,0,0,0,0,1,1.7333333325999998,9.230073270281478,inf,0.0,0,0,0,CLEAR,none,nan,0.0,0.0,0,0,0,0,0.03277940534023881,0,0,1,0,2.0,1.0,"3.230,27.005;3.083,26.842;2.936,26.679;2.788,26.515;2.641,26.352;2.494,26.189;2.346,26.025;2.199,25.862;2.052,25.698;1.905,25.535;1.757,25.371;1.610,25.208;1.536,25.126",-2.9499999999999997,20.150000000000002,2.0,-2.9499999999999997,20.150000000000002,2.0,-2.9499999999999997,20.150000000000002,2.0,7.05471052659324,0.0,0.0,0,0,4,1,,,0,1,PASS_THROUGH,-1,0.9999790568621995,-0.0013075340059931304,0.0063384692007677325,0.9,0,0.9999666386322407,-0.0005720895261257496,0.008148271970904798,4.5,0.9,0,0,0,BYPASS_VISIBLE,1,0,1,1,1
1787562352187700992,1787562352205563392,joint_v2_000003_c1d41e01,837,60,0.03333333333333333,2.0,17.862319946289062,frame_id_exact,1,,3.1943929195404053,26.965517044067383,1.9165542125701904,0.04710558894681378,0.12237684447013653,-0.925672654970689,-0.354873367931466,-1.1082372665405273,-1.2265819311141968,-0.26955273747444153,1.666313113210475,-0.004284502803162295,0.16951106967853563,2.409372417014235,-0.010492637753486633,depth/000837.png,1.0,0.00035214526082499864,0.2599948350511148,-0.9656099428550117,1.666313113210475,-0.004284502803162295,0.16951106967853563,-0.010492637753486633,0.9999576197178743,-0.001439453221585965,0.009093225092650373,4.5,0.9,1.6666666659999998,0.0,0.08344578742980957,-0.004169965512881291,1.6666666659999998,0.0,0.08344578742980957,-0.004169965512881291,direct,SAFE_PROGRESSING,NONE,DIRECT_LOCAL,PASS_THROUGH,0,6,0,0,0,0,1,1.6666666659999998,9.176319356238166,inf,0.0,0,0,0,CLEAR,none,nan,0.0,0.0,0,0,0,0,0.0,0,0,1,0,2.0,1.0,"3.230,27.005;3.083,26.842;2.936,26.679;2.788,26.515;2.641,26.352;2.494,26.189;2.346,26.025;2.199,25.862;2.052,25.698;1.905,25.535;1.757,25.371;1.610,25.208;1.536,25.126",-2.9499999999999997,20.150000000000002,2.0,-2.9499999999999997,20.150000000000002,2.0,-2.9499999999999997,20.150000000000002,2.0,7.030751367602031,0.0,0.0,0,0,4,1,,,1,1,PASS_THROUGH,-1,0.9999989639010031,-0.0014395127371258731,0.0,0.9,0,0.9999576197178743,-0.001439453221585965,0.009093225092650373,4.5,0.9,0,0,0,BYPASS_VISIBLE,1,0,1,1,1
1787562352233012736,1787562352249613312,joint_v2_000003_c1d41e01,838,61,0.03333333333333333,2.033333333333333,16.600608825683594,frame_id_exact,1,,3.1566359996795654,26.92371368408203,1.907028317451477,0.03297519028447302,0.09097275847652066,-0.9293824829147936,-0.3562089197255014,-1.1552077531814575,-1.2795459032058716,-0.29842638969421387,1.7490727507580337,-0.0036138843231134027,0.039146313788497034,2.40992354601722,-0.010685802437365055,depth/000838.png,1.0,-0.003517487600398106,0.19258909011898317,-0.9812731880817509,1.7490727507580337,-0.0036138843231134027,0.039146313788497034,-0.010685802437365055,0.9999460725180306,-0.001984842096313075,0.010193746005188855,4.5,0.9,1.5999999993999998,0.0,0.09297168254852295,-0.005304201785039098,1.5999999993999998,0.0,0.09297168254852295,-0.005304201785039098,direct,SAFE_PROGRESSING,NONE,DIRECT_LOCAL,PASS_THROUGH,0,6,0,0,0,0,1,1.5999999993999998,9.119989051885018,inf,0.0,0,0,0,CLEAR,none,nan,0.0,0.0,0,0,0,0,0.0,0,0,1,0,2.0,1.0,"3.230,27.005;3.083,26.842;2.936,26.679;2.788,26.515;2.641,26.352;2.494,26.189;2.346,26.025;2.199,25.862;2.052,25.698;1.905,25.535;1.757,25.371;1.610,25.208;1.536,25.126",-2.9499999999999997,20.150000000000002,2.0,-2.9499999999999997,20.150000000000002,2.0,-2.9499999999999997,20.150000000000002,2.0,7.006269889207756,0.0,0.0,0,0,4,1,,,0,1,PASS_THROUGH,-1,0.9999576197178743,-0.001439453221585965,0.009093225092650373,0.9,0,0.9999460725180306,-0.001984842096313075,0.010193746005188855,4.5,0.9,0,0,0,BYPASS_VISIBLE,1,0,1,1,1
1787562352274626048,1787562352292321792,joint_v2_000003_c1d41e01,839,62,0.03333333333333333,2.066666666666667,17.69566535949707,frame_id_exact,1,,3.1175479888916016,26.880380630493164,1.8969515562057495,0.01487518917134543,0.047526418428332086,-0.9326221202738555,-0.35740166350255026,-1.1869500875473022,-1.3172798156738281,-0.3019007444381714,1.7943658721674054,-0.0012969379144165648,-0.12437892649279184,2.4099829607633843,-0.010432840324938297,depth/000839.png,1.0,-0.006226181084298555,0.09928121295681498,-0.9950399365969835,1.7943658721674054,-0.0012969379144165648,-0.12437892649279184,-0.010432840324938297,0.9999332597980555,-0.002042390858428837,0.011371217578418379,4.5,0.9,1.5333333327999998,0.0,0.10304844379425049,-0.004832332646835802,1.5333333327999998,0.0,0.10304844379425049,-0.004832332646835802,direct,SAFE_PROGRESSING,NONE,DIRECT_LOCAL,PASS_THROUGH,0,6,0,0,0,0,1,1.5333333327999998,9.061631311680035,inf,0.0,0,0,0,CLEAR,none,nan,0.0,0.0,0,0,0,0,0.11702802404534618,0,0,1,0,2.0,1.0,"3.118,26.880;2.970,26.717;2.823,26.554;2.676,26.390;2.528,26.227;2.381,26.063;2.234,25.900;2.086,25.737;1.939,25.573;1.792,25.410;1.644,25.246;1.497,25.083;1.424,25.001",-2.9499999999999997,20.150000000000002,2.0,-2.9499999999999997,20.150000000000002,2.0,-2.9499999999999997,20.150000000000002,2.0,6.981638306772377,0.0,0.0,0,0,4,1,,,0,1,PASS_THROUGH,-1,0.9999576197178743,-0.001439453221585965,0.009093225092650373,0.9,0,0.9999332597980555,-0.002042390858428837,0.011371217578418379,4.5,0.9,0,0,0,BYPASS_VISIBLE,1,0,1,1,1
1787562352319547904,1787562352336342784,joint_v2_000003_c1d41e01,840,63,0.03333333333333333,2.1,16.794919967651367,frame_id_exact,1,,3.0777504444122314,26.836151123046875,1.887172818183899,-0.0045402530590197155,-0.0017074275882798693,-0.9337802722818457,-0.3578140213720433,-1.1968562602996826,-1.3318734169006348,-0.2818875312805176,1.7887769560704532,0.0017388100532211232,-0.2934046092471315,2.4097085293815974,-0.009820722043514252,depth/000840.png,1.0,-0.007257314412231846,-0.006437856806760154,-0.9999529415863817,1.7887769560704532,0.0017388100532211232,-0.2934046092471315,-0.009820722043514252,0.9999198923296543,-0.001774229632218426,0.012532399317941206,4.5,0.9,1.4666666661999999,0.0,0.11282718181610107,-0.004375363820798839,1.4666666661999999,0.0,0.11282718181610107,-0.004375363820798839,direct,SAFE_PROGRESSING,NONE,DIRECT_LOCAL,PASS_THROUGH,0,6,0,0,0,0,1,1.4666666661999999,9.002132650674106,inf,0.0,0,0,0,CLEAR,none,nan,0.0,0.0,0,0,0,0,0.0,0,0,1,0,2.0,1.0,"3.118,26.880;2.970,26.717;2.823,26.554;2.676,26.390;2.528,26.227;2.381,26.063;2.234,25.900;2.086,25.737;1.939,25.573;1.792,25.410;1.644,25.246;1.497,25.083;1.424,25.001",-2.9499999999999997,20.150000000000002,2.0,-2.9499999999999997,20.150000000000002,2.0,-2.9499999999999997,20.150000000000002,2.0,6.957350718066277,0.0,0.0,0,0,4,1,,,0,1,PASS_THROUGH,-1,0.9999576197178743,-0.001439453221585965,0.009093225092650373,0.9,0,0.9999198923296543,-0.001774229632218426,0.012532399317941206,4.5,0.9,0,0,0,BYPASS_VISIBLE,1,0,1,1,1
1787562352365190144,1787562352382161920,joint_v2_000003_c1d41e01,841,64,0.03333333333333333,2.1333333333333333,16.971826553344727,frame_id_exact,1,,3.0380375385284424,26.791894912719727,1.8782910108566284,-0.02256675471707907,-0.04980707283553415,-0.9324076492268345,-0.3572477749971066,-1.181757926940918,-1.3188551664352417,-0.249922975897789,1.733060416635055,0.004302725509896154,-0.4414468491768278,2.4094521053527442,-0.009084764868021011,depth/000841.png,1.0,-0.006495897533633742,-0.10900483721806417,-0.99401999415419,1.733060416635055,0.004302725509896154,-0.4414468491768278,-0.009084764868021011,0.9999062225226859,-0.001533192773827206,0.013608654611346064,4.5,0.9,1.3999999995999999,0.0,0.12170898914337158,-0.004310333972044056,1.3999999995999999,0.0,0.12170898914337158,-0.004310333972044056,local_avoidance,SAFE_PROGRESSING,NONE,DIRECT_LOCAL,PASS_THROUGH,0,6,0,0,0,0,1,1.3999999995999999,8.942670831157654,inf,0.0,1,1,1,CURRENT_OCCUPIED,current,4.849999999999991,-0.14999999999999963,22.650000000000002,0,0,0,0,0.0,0,0,1,0,2.0,1.0,"3.118,26.880;2.970,26.717;2.823,26.554;2.676,26.390;2.528,26.227;2.381,26.063;2.234,25.900;2.086,25.737;1.939,25.573;1.792,25.410;1.644,25.246;1.497,25.083;1.424,25.001",-2.9499999999999997,20.150000000000002,2.0,-2.9499999999999997,20.150000000000002,2.0,-2.9499999999999997,20.150000000000002,2.0,6.933904221500262,0.0,0.0,0,0,4,1,,,0,1,PASS_THROUGH,-1,0.9999576197178743,-0.001439453221585965,0.009093225092650373,0.9,0,0.9999062225226859,-0.001533192773827206,0.013608654611346064,4.5,0.9,0,0,0,BYPASS_VISIBLE,1,0,1,1,1
1787562352409238016,1787562352427077888,joint_v2_000003_c1d41e01,842,65,0.03333333333333333,2.1666666666666665,17.839670181274414,frame_id_exact,1,,2.999228000640869,26.748531341552734,1.8705437183380127,-0.03729158248709162,-0.09142231318612273,-0.9292656468975423,-0.35597283045676287,-1.1432443857192993,-1.2790067195892334,-0.21502341330051422,1.6398000905548182,0.005473681926595402,-0.5478381917346498,2.409522054347517,-0.00848344899713993,depth/000842.png,1.0,-0.004219853863863018,-0.1964608103478278,-0.9805025970546138,1.6398000905548182,0.005473681926595402,-0.5478381917346498,-0.00848344899713993,0.9998925353277501,-0.0016269472743620432,0.014569517439168895,4.5,0.9,1.333333333,0.0,0.1294562816619873,-0.15040268827685832,1.333333333,0.0,0.1294562816619873,-0.15040268827685832,local_avoidance,SAFE_PROGRESSING,NONE,DIRECT_LOCAL,PASS_THROUGH,0,6,0,0,0,0,1,1.333333333,8.884476893383372,inf,0.0,1,1,1,HISTORY_OCCUPIED,history,4.799999999999991,-0.14999999999999963,22.650000000000002,1,0,0,0,0.09322714867134545,0,0,1,0,2.0,1.0,"2.999,26.749;2.847,26.589;2.689,26.436;2.528,26.287;2.365,26.139;2.200,25.993;2.035,25.848;1.869,25.704;1.703,25.559;1.536,25.415;1.370,25.271;1.204,25.127;1.121,25.055",-2.9499999999999997,20.150000000000002,2.0,-2.9499999999999997,20.150000000000002,2.0,-2.9499999999999997,20.150000000000002,2.0,6.911716954489616,0.0,0.0,0,0,4,1,,,0,1,PASS_THROUGH,-1,0.9999576197178743,-0.001439453221585965,0.009093225092650373,0.9,0,0.9998925353277501,-0.0016269472743620432,0.014569517439168895,4.5,0.9,0,0,0,BYPASS_VISIBLE,1,0,1,1,1
1787562352457329152,1787562352474468096,joint_v2_000003_c1d41e01,843,66,0.03333333333333333,2.2,17.138957977294922,frame_id_exact,1,,2.962028741836548,26.706876754760742,1.8639296293258667,-0.04734994880633433,-0.12226250118268317,-0.9257873965187717,-0.35458082237987204,-1.0861759185791016,-1.2169710397720337,-0.18240725994110107,1.5276907810457847,0.00506754730452308,-0.6001701789461369,2.409924902767501,-0.015115722082555294,depth/000843.png,1.0,-0.0009680952302750095,-0.25995693289836874,-0.9656197263051838,1.5276907810457847,0.00506754730452308,-0.6001701789461369,-0.015115722082555294,0.9998791286853559,-0.0020597106238545203,0.01541056817770197,4.5,0.9,1.2666666664,0.0,0.1360703706741333,-0.1806610731005054,1.2666666664,0.0,0.1360703706741333,-0.1806610731005054,local_avoidance,SAFE_PROGRESSING,NONE,DIRECT_LOCAL,PASS_THROUGH,0,6,0,0,0,0,1,1.2666666664,8.82863050656347,inf,0.0,1,1,1,HISTORY_OCCUPIED,history,4.749999999999991,-0.14999999999999963,22.650000000000002,2,0,0,0,0.0,0,0,1,0,2.0,1.0,"2.999,26.749;2.847,26.589;2.689,26.436;2.528,26.287;2.365,26.139;2.200,25.993;2.035,25.848;1.869,25.704;1.703,25.559;1.536,25.415;1.370,25.271;1.204,25.127;1.121,25.055",-2.9499999999999997,20.150000000000002,2.0,-2.9499999999999997,20.150000000000002,2.0,-2.9499999999999997,20.150000000000002,2.0,6.891096972655388,0.0,0.0,0,0,4,1,,,1,1,PASS_THROUGH,-1,0.999997878289947,-0.002059955243244168,0.0,0.9,0,0.9998791286853559,-0.0020597106238545203,0.01541056817770197,4.5,0.9,0,0,0,BYPASS_VISIBLE,1,1,0,1,1
1787562352512446464,1787562352533482496,joint_v2_000003_c1d41e01,844,67,0.03333333333333333,2.2333333333333334,21.036148071289062,frame_id_exact,1,,2.9269466400146484,26.667560577392578,1.8583476543426514,-0.051798507112644734,-0.13897871848091578,-0.9234756149552067,-0.3538285164502808,-1.0174376964569092,-1.1400120258331299,-0.15291006863117218,1.4159221798794537,0.0037837831350954,-0.5944227769989066,2.4102034469487537,-0.031129615381360054,depth/000844.png,1.0,0.0026799511373048063,-0.29334249288171327,-0.9560036609406073,1.4159221798794537,0.0037837831350954,-0.5944227769989066,-0.031129615381360054,0.9998669525232713,-0.0023692866865038416,0.01613888882244585,4.5,0.9,1.1999999998,0.0,0.14165234565734863,-0.19785150796253648,1.1999999998,0.0,0.14165234565734863,-0.19785150796253648,local_avoidance,SAFE_PROGRESSING,NONE,DIRECT_LOCAL,PASS_THROUGH,0,6,0,0,0,0,1,1.1999999998,8.775938564595887,inf,0.0,1,1,1,CURRENT_OCCUPIED,current,4.849999999999991,-0.14999999999999963,22.55,0,0,0,0,0.0,0,0,1,0,2.0,1.0,"2.999,26.749;2.847,26.589;2.689,26.436;2.528,26.287;2.365,26.139;2.200,25.993;2.035,25.848;1.869,25.704;1.703,25.559;1.536,25.415;1.370,25.271;1.204,25.127;1.121,25.055",-2.9499999999999997,20.150000000000002,2.0,-2.9499999999999997,20.150000000000002,2.0,-2.9499999999999997,20.150000000000002,2.0,6.8721996369969,0.0,0.0,0,0,4,1,,,0,1,PASS_THROUGH,-1,0.9998791286853559,-0.0020597106238545203,0.01541056817770197,0.9,0,0.9998669525232713,-0.0023692866865038416,0.01613888882244585,4.5,0.9,0,0,0,BYPASS_VISIBLE,1,1,0,1,1
1787562352562348800,1787562352582446848,joint_v2_000003_c1d41e01,845,68,0.03333333333333333,2.2666666666666666,20.097970962524414,frame_id_exact,1,,2.894242525100708,26.630943298339844,1.8537226915359497,-0.050551235962281275,-0.14035633741689368,-0.9231944052197609,-0.35419875954121127,-0.944843053817749,-1.0568466186523438,-0.12451446056365967,1.3178117715226034,0.0024641182548310347,-0.5371434496963411,2.4098174853972116,-0.05221562460064888,depth/000845.png,1.0,0.006090844778978782,-0.2949627410230567,-0.9554893421792017,1.3178117715226034,0.0024641182548310347,-0.5371434496963411,-0.05221562460064888,0.999857530703104,-0.002010076971458391,0.01675941188885126,4.5,0.9,1.2666666664,0.0,0.1462773084640503,-0.11409648120058957,1.2666666664,0.0,0.1462773084640503,-0.11409648120058957,local_avoidance,SAFE_PROGRESSING,NONE,DIRECT_LOCAL,PASS_THROUGH,0,6,0,0,0,0,1,1.2666666664,8.726843457315573,inf,0.0,1,1,1,CURRENT_OCCUPIED,current,4.799999999999991,-0.14999999999999963,22.55,0,0,0,0,0.11518518215923317,0,0,1,0,2.0,2.0,"2.894,26.631;2.791,26.520;2.670,26.397;2.534,26.262;2.384,26.116;2.232,25.970;2.080,25.825;1.928,25.681;1.776,25.536;1.623,25.392;1.470,25.248;1.318,25.104;1.165,24.959;1.013,24.815;0.861,24.670;0.735,24.549",-2.9499999999999997,20.150000000000002,2.0,-2.9499999999999997,20.150000000000002,2.0,-2.9499999999999997,20.150000000000002,2.0,6.833969909842818,0.0,0.0,0,0,4,1,,,0,1,PASS_THROUGH,-1,0.9998791286853559,-0.0020597106238545203,0.01541056817770197,0.9,0,0.999857530703104,-0.002010076971458391,0.01675941188885126,4.5,0.9,0,0,0,BYPASS_VISIBLE,1,1,0,1,1
1787562352616409088,1787562352634333184,joint_v2_000003_c1d41e01,846,69,0.03333333333333333,2.3,17.924070358276367,frame_id_exact,1,,2.863914966583252,26.59707260131836,1.8500697612762451,-0.04381930460028373,-0.12616217566783108,-0.9249867019942936,-0.35575634233113385,-0.8760793209075928,-0.9764164090156555,-0.09402894228696823,1.2401962668030282,0.001638970378335514,-0.43778528514384096,2.4084316682980527,-0.07097326964139938,depth/000846.png,1.0,0.008701440220451467,-0.2645746606310051,-0.9643259479502138,1.2401962668030282,0.001638970378335514,-0.43778528514384096,-0.07097326964139938,0.9998506946213409,-0.000642892248362386,0.017267748978337716,4.5,0.9,1.333333333,0.0,0.14993023872375488,-0.12029310098052637,1.333333333,0.0,0.14993023872375488,-0.12029310098052637,local_avoidance,SAFE_PROGRESSING,NONE,DIRECT_LOCAL,PASS_THROUGH,0,6,0,0,0,0,1,1.333333333,8.68137963490427,inf,0.0,1,1,1,CURRENT_OCCUPIED,current,4.749999999999991,-0.34999999999999964,22.55,0,0,0,0,0.0,0,0,1,0,2.0,2.0,"2.894,26.631;2.791,26.520;2.670,26.397;2.534,26.262;2.384,26.116;2.232,25.970;2.080,25.825;1.928,25.681;1.776,25.536;1.623,25.392;1.470,25.248;1.318,25.104;1.165,24.959;1.013,24.815;0.861,24.670;0.735,24.549",-2.9499999999999997,20.150000000000002,2.0,-2.9499999999999997,20.150000000000002,2.0,-2.9499999999999997,20.150000000000002,2.0,6.797151354117085,0.0,0.0,0,0,4,1,,,0,1,PASS_THROUGH,-1,0.9998791286853559,-0.0020597106238545203,0.01541056817770197,0.9,0,0.9998506946213409,-0.000642892248362386,0.017267748978337716,4.5,0.9,0,0,0,BYPASS_VISIBLE,1,1,0,1,1
1787562352661951744,1787562352678928384,joint_v2_000003_c1d41e01,847,70,0.03333333333333333,2.3333333333333335,16.976594924926758,frame_id_exact,1,,2.8357036113739014,26.565710067749023,1.8475061655044556,-0.031528013909188315,-0.09585290522420545,-0.9281944498105847,-0.35815257676002754,-0.8193541765213013,-0.9084417819976807,-0.05939295515418053,1.1865934872034691,0.0013622800105605854,-0.3035280898095778,2.4061047617945506,-0.08466872572898865,depth/000847.png,1.0,0.010131674943848742,-0.20052394809805857,-0.979636409798043,1.1865934872034691,0.0013622800105605854,-0.3035280898095778,-0.08466872572898865,0.9998428432678891,0.0016775436077637452,0.017648643387725618,4.5,0.9,1.3999999995999999,0.0,0.15249383449554443,-0.13288288793225078,1.3999999995999999,0.0,0.15249383449554443,-0.13288288793225078,local_avoidance,SAFE_PROGRESSING,NONE,DIRECT_LOCAL,PASS_THROUGH,0,6,0,0,0,0,1,1.3999999995999999,8.63919567738115,inf,0.0,1,1,1,CURRENT_OCCUPIED,current,4.699999999999991,-0.34999999999999964,22.55,0,0,0,0,0.0,0,0,1,0,2.0,2.0,"2.894,26.631;2.791,26.520;2.670,26.397;2.534,26.262;2.384,26.116;2.232,25.970;2.080,25.825;1.928,25.681;1.776,25.536;1.623,25.392;1.470,25.248;1.318,25.104;1.165,24.959;1.013,24.815;0.861,24.670;0.735,24.549",-2.9499999999999997,20.150000000000002,2.0,-2.9499999999999997,20.150000000000002,2.0,-2.9499999999999997,20.150000000000002,2.0,6.7626128120891,0.0,0.0,0,0,4,1,,,0,1,PASS_THROUGH,-1,0.9998791286853559,-0.0020597106238545203,0.01541056817770197,0.9,0,0.9998428432678891,0.0016775436077637452,0.017648643387725618,4.5,0.9,0,0,0,BYPASS_VISIBLE,1,1,0,1,1
1787562352710020096,1787562352726803456,joint_v2_000003_c1d41e01,848,71,0.03333333333333333,2.3666666666666667,16.783475875854492,frame_id_exact,1,,2.8090710639953613,26.536270141601562,1.846142292022705,-0.015114424738482835,-0.05326542431400018,-0.9310649715550764,-0.36062774086392624,-0.7823891043663025,-0.8621125221252441,-0.02274302951991558,1.154619706830257,0.0015653163959897171,-0.15079402909860173,2.4030900314475354,-0.09551767259836197,depth/000848.png,1.0,0.010272956394618935,-0.11008850324336111,-0.9938686974749485,1.154619706830257,0.0015653163959897171,-0.15079402909860173,-0.09551767259836197,0.9998289438813613,0.004698981643353562,0.017888615055311603,4.5,0.9,1.4666666661999999,0.0,0.15385770797729492,-0.17509706634909694,1.4666666661999999,0.0,0.15385770797729492,-0.17509706634909694,local_avoidance,SAFE_PROGRESSING,NONE,DIRECT_LOCAL,PASS_THROUGH,0,6,0,0,0,0,1,1.4666666661999999,8.599496836539931,1.8741690649685605,0.0,1,1,1,CURRENT_OCCUPIED,current,4.499999999999992,-0.2499999999999996,22.650000000000002,0,0,0,0,0.26927589522664686,0,0,1,0,2.0,2.0,"2.809,26.536;2.616,26.344;2.356,26.105;2.046,25.827;1.731,25.549;1.416,25.272;1.100,24.994;0.786,24.716;0.578,24.531",-2.9499999999999997,20.150000000000002,2.0,-2.9499999999999997,20.150000000000002,2.0,-2.9499999999999997,20.150000000000002,2.0,6.729388912404828,0.0,0.0,0,0,4,1,,,0,1,PASS_THROUGH,-1,0.9998791286853559,-0.0020597106238545203,0.01541056817770197,0.9,0,0.9998289438813613,0.004698981643353562,0.017888615055311603,4.5,0.9,0,0,0,BYPASS_VISIBLE,1,1,0,1,1
1787562352755621632,1787562352773700096,joint_v2_000003_c1d41e01,849,72,0.03333333333333333,2.4,18.078327178955078,frame_id_exact,1,,2.7832729816436768,26.507936477661133,1.8459779024124146,0.003176818814916753,-0.004530639428343027,-0.9319588732272224,-0.36252177829977816,-0.7697094082832336,-0.8429204225540161,0.01168455183506012,1.1415240333527643,0.0022734080118766197,0.004653343314355546,2.3996643814797673,-0.10668199509382248,depth/000849.png,1.0,0.009206239891189724,-0.0061414072210351596,-0.999938762257175,1.1415240333527643,0.0022734080118766197,0.004653343314355546,-0.10668199509382248,0.9998050256697527,0.008145425750569481,0.017987848255060668,4.5,0.9,1.5333333327999998,0.0,0.15402209758758545,-0.17845463398446837,1.5333333327999998,0.0,0.15402209758758545,-0.17845463398446837,local_avoidance,SAFE_PROGRESSING,NONE,DIRECT_LOCAL,PASS_THROUGH,0,6,0,0,0,0,1,1.5333333327999998,8.561178384779714,1.8741690649685605,0.0,1,1,1,HISTORY_OCCUPIED,history,4.499999999999992,-0.2499999999999996,22.650000000000002,1,0,0,0,0.0,0,0,1,0,2.0,2.0,"2.809,26.536;2.616,26.344;2.356,26.105;2.046,25.827;1.731,25.549;1.416,25.272;1.100,24.994;0.786,24.716;0.578,24.531",-2.9499999999999997,20.150000000000002,2.0,-2.9499999999999997,20.150000000000002,2.0,-2.9499999999999997,20.150000000000002,2.0,6.696379478945636,0.0,0.0,0,0,4,1,,,1,1,PASS_THROUGH,-1,0.9999668147317036,0.008146743848356173,0.0,0.9,0,0.9998050256697527,0.008145425750569481,0.017987848255060668,4.5,0.9,0,0,0,BYPASS_VISIBLE,1,0,1,1,1
1787562352804834048,1787562352821815552,joint_v2_000003_c1d41e01,850,73,0.03333333333333333,2.433333333333333,16.98136329650879,frame_id_exact,1,,2.7574801445007324,26.479766845703125,1.8467532396316528,0.021207120822139502,0.04436228471467764,-0.9302498652670311,-0.3636171529122351,-0.7817644476890564,-0.8517335057258606,0.03182319179177284,1.14743587381059,0.003701974992937619,0.14489838803843508,2.3959980679613224,-0.11901817470788956,depth/000850.png,1.0,0.007194067245727742,0.09795856454715739,-0.9951644914426581,1.14743587381059,0.003701974992937619,0.14489838803843508,-0.11901817470788956,0.9997682256668928,0.011845012787961863,0.01797750313381038,4.5,0.9,1.5999999993999998,0.0,0.15324676036834717,-0.1912434097696969,1.5999999993999998,0.0,0.15324676036834717,-0.1912434097696969,local_avoidance,SAFE_PROGRESSING,NONE,DIRECT_LOCAL,PASS_THROUGH,0,6,0,0,0,0,1,1.5999999993999998,8.522985270480792,1.8741690649685605,0.0,1,1,1,HISTORY_OCCUPIED,history,4.449999999999992,-0.2499999999999996,22.650000000000002,2,0,0,0,0.0,0,0,1,0,2.0,2.0,"2.809,26.536;2.616,26.344;2.356,26.105;2.046,25.827;1.731,25.549;1.416,25.272;1.100,24.994;0.786,24.716;0.578,24.531",-2.9499999999999997,20.150000000000002,2.0,-2.9499999999999997,20.150000000000002,2.0,-2.9499999999999997,20.150000000000002,2.0,6.662570082524647,0.0,0.0,0,0,4,1,,,0,1,PASS_THROUGH,-1,0.9998050256697527,0.008145425750569481,0.017987848255060668,0.9,0,0.9997682256668928,0.011845012787961863,0.01797750313381038,4.5,0.9,0,0,0,BYPASS_VISIBLE,1,0,1,1,1
1787562352848926464,1787562352866902016,joint_v2_000003_c1d41e01,851,74,0.03333333333333333,2.466666666666667,17.975568771362305,frame_id_exact,1,,2.73091983795166,26.45088768005371,1.8478457927703857,0.037448696370004066,0.08877519748970232,-0.9263602606455521,-0.3641060655187666,-0.8149797320365906,-0.884654700756073,0.03001813031733036,1.174747517652832,0.006195708546897885,0.2600709024710563,2.3921327931091074,-0.13198527693748474,depth/000851.png,1.0,0.004734792513052213,0.1917462251590202,-0.9814331189017031,1.174747517652832,0.006195708546897885,0.2600709024710563,-0.13198527693748474,0.9997150754850657,0.015754839483243483,0.01793189562613475,4.5,0.9,1.6666666659999998,0.0,0.15215420722961426,0.03123770175266216,1.6666666659999998,0.0,0.15215420722961426,0.03123770175266216,direct,SAFE_PROGRESSING,NONE,DIRECT_LOCAL,PASS_THROUGH,0,6,0,0,0,0,1,1.6666666659999998,8.48375127887925,inf,0.0,0,0,0,CLEAR,none,nan,0.0,0.0,0,0,0,0,0.9028683404657449,0,0,1,0,2.0,2.0,"2.731,26.451;2.542,26.244;2.300,25.976;2.019,25.664;1.738,25.352;1.457,25.040;1.176,24.727;0.895,24.415;0.722,24.223",-2.9499999999999997,20.150000000000002,2.0,-2.9499999999999997,20.150000000000002,2.0,-2.9499999999999997,20.150000000000002,2.0,6.6271491558230835,0.0,0.0,0,0,4,1,,,0,1,PASS_THROUGH,-1,0.9998050256697527,0.008145425750569481,0.017987848255060668,0.9,0,0.9997150754850657,0.015754839483243483,0.01793189562613475,4.5,0.9,0,0,0,BYPASS_VISIBLE,1,0,1,1,1
1787562352898288896,1787562352917583104,joint_v2_000003_c1d41e01,852,75,0.03333333333333333,2.5,19.294023513793945,frame_id_exact,1,,2.7029738426208496,26.42059326171875,1.8484771251678467,0.05088792930266341,0.12516228292222106,-0.9213857522138205,-0.36440789947853397,-0.8639892935752869,-0.935489296913147,0.004068190697580576,1.2258176197683341,0.010076466389395104,0.3448244511601943,2.388002516806977,-0.13629744946956635,depth/000852.png,1.0,0.0025545768110273592,0.26773341525017075,-0.96348964316997,1.2258176197683341,0.010076466389395104,0.3448244511601943,-0.13629744946956635,0.9996401400561948,0.01993939761302459,0.01794465968639488,4.5,0.9,1.7333333325999998,0.0,0.15152287483215332,0.04306296392000197,1.7333333325999998,0.0,0.15152287483215332,0.04306296392000197,direct,SAFE_PROGRESSING,NONE,DIRECT_LOCAL,PASS_THROUGH,0,6,0,0,0,0,1,1.7333333325999998,8.442538310204348,inf,0.0,0,0,0,CLEAR,none,nan,0.0,0.0,0,0,0,0,0.0,0,0,1,0,2.0,2.0,"2.731,26.451;2.542,26.244;2.300,25.976;2.019,25.664;1.738,25.352;1.457,25.040;1.176,24.727;0.895,24.415;0.722,24.223",-2.9499999999999997,20.150000000000002,2.0,-2.9499999999999997,20.150000000000002,2.0,-2.9499999999999997,20.150000000000002,2.0,6.589565191144251,0.0,0.0,0,0,4,1,,,0,1,PASS_THROUGH,-1,0.9998050256697527,0.008145425750569481,0.017987848255060668,0.9,0,0.9996401400561948,0.01993939761302459,0.01794465968639488,4.5,0.9,0,0,0,BYPASS_VISIBLE,1,0,1,1,1
1787562352948583424,1787562352964299008,joint_v2_000003_c1d41e01,853,76,0.03333333333333333,2.533333333333333,15.715599060058594,frame_id_exact,1,,2.6732072830200195,26.388399124145508,1.8478699922561646,0.06081498835404424,0.15054777244260079,-0.9167710788278393,-0.3649214907742598,-0.9234122633934021,-0.9977441430091858,-0.043153226375579834,1.3015552145717384,0.015144507439561198,0.39467765500039687,2.3836744759487094,-0.12577368319034576,depth/000853.png,1.0,0.001630609859483434,0.3204210799378165,-0.9472738108081367,1.3015552145717384,0.015144507439561198,0.39467765500039687,-0.12577368319034576,0.9995398914872664,0.024331317789720194,0.018110557700948215,4.5,0.9,1.7999999991999998,0.0,0.15213000774383545,0.056781614067005215,1.7999999991999998,0.0,0.15213000774383545,0.056781614067005215,direct,SAFE_PROGRESSING,NONE,DIRECT_LOCAL,PASS_THROUGH,0,6,0,0,0,0,1,1.7999999991999998,8.398695361777852,inf,0.0,0,0,0,CLEAR,none,nan,0.0,0.0,0,0,0,0,0.0,0,0,1,0,2.0,2.0,"2.731,26.451;2.542,26.244;2.300,25.976;2.019,25.664;1.738,25.352;1.457,25.040;1.176,24.727;0.895,24.415;0.722,24.223",-2.9499999999999997,20.150000000000002,2.0,-2.9499999999999997,20.150000000000002,2.0,-2.9499999999999997,20.150000000000002,2.0,6.549497073656041,0.0,0.0,0,0,4,1,,,0,1,PASS_THROUGH,-1,0.9998050256697527,0.008145425750569481,0.017987848255060668,0.9,0,0.9995398914872664,0.024331317789720194,0.018110557700948215,4.5,0.9,0,0,0,BYPASS_VISIBLE,1,0,1,1,1
1787562352991218944,1787562353010091008,joint_v2_000003_c1d41e01,854,77,0.03333333333333333,2.566666666666667,18.87202262878418,frame_id_exact,1,,2.641348123550415,26.35401725769043,1.845436692237854,0.06667457089343454,0.16316695611994228,-0.9137777861618533,-0.3659797857038989,-0.9888050556182861,-1.0658377408981323,-0.10446668416261673,1.3996619933186967,0.020691636521545313,0.40641970507868286,2.379262444990501,-0.10629209876060486,depth/000854.png,1.0,0.0024198682991204146,0.34699977021105544,-0.9378620920534584,1.3996619933186967,0.020691636521545313,0.40641970507868286,-0.10629209876060486,0.9994134023400344,0.02881799628104306,0.018503359518263367,4.5,0.9,1.8666666657999997,0.0,0.154563307762146,0.05901030171547639,1.8666666657999997,0.0,0.154563307762146,0.05901030171547639,direct,SAFE_PROGRESSING,NONE,DIRECT_LOCAL,PASS_THROUGH,0,6,0,0,0,0,1,1.8666666657999997,8.351826385435189,inf,0.0,0,0,0,CLEAR,none,nan,0.0,0.0,0,0,0,0,1.6516610323354801,0,0,1,0,2.0,2.0,"2.641,26.354;2.536,26.240;2.418,26.110;2.287,25.965;2.146,25.809;2.006,25.653;1.865,25.497;1.725,25.341;1.584,25.185;1.444,25.028;1.304,24.872;1.164,24.716;1.023,24.560;0.883,24.403;0.743,24.247;0.633,24.126",-2.9499999999999997,20.150000000000002,2.0,-2.9499999999999997,20.150000000000002,2.0,-2.9499999999999997,20.150000000000002,2.0,6.506827612493186,0.0,0.0,0,0,4,1,,,0,1,PASS_THROUGH,-1,0.9998050256697527,0.008145425750569481,0.017987848255060668,0.9,0,0.9994134023400344,0.02881799628104306,0.018503359518263367,4.5,0.9,0,0,0,BYPASS_VISIBLE,1,0,1,1,1
1787562353035853568,1787562353052496896,joint_v2_000003_c1d41e01,855,78,0.03333333333333333,2.6,16.643285751342773,frame_id_exact,1,,2.6072638034820557,26.31733512878418,1.8408339023590088,0.06823012958486667,0.1626113144423307,-0.9130559927851654,-0.36773762912063546,-1.056401252746582,-1.135040283203125,-0.17181870341300964,1.513635427718913,0.025692166207800057,0.376920976718783,2.374939311510451,-0.08230549097061157,depth/000855.png,1.0,0.004999258929516151,0.3471280424687511,-0.9378044196643395,1.513635427718913,0.025692166207800057,0.376920976718783,-0.08230549097061157,0.9992639024407736,0.033229515807250254,0.019169052090591755,4.5,0.9,1.9333333323999997,0.0,0.1591660976409912,0.07208966138796402,1.9333333323999997,0.0,0.1591660976409912,0.07208966138796402,direct,SAFE_PROGRESSING,NONE,DIRECT_LOCAL,PASS_THROUGH,0,6,0,0,0,0,1,1.9333333323999997,8.301759064934805,inf,0.0,0,0,0,CLEAR,none,nan,0.0,0.0,0,0,0,0,0.0,0,0,1,0,2.0,2.0,"2.641,26.354;2.536,26.240;2.418,26.110;2.287,25.965;2.146,25.809;2.006,25.653;1.865,25.497;1.725,25.341;1.584,25.185;1.444,25.028;1.304,24.872;1.164,24.716;1.023,24.560;0.883,24.403;0.743,24.247;0.633,24.126",-2.9499999999999997,20.150000000000002,2.0,-2.9499999999999997,20.150000000000002,2.0,-2.9499999999999997,20.150000000000002,2.0,6.461592592360671,0.0,0.0,0,0,4,1,,,1,1,PASS_THROUGH,-1,0.9994475440905793,0.03323562262556944,0.0,0.9,0,0.9992639024407736,0.033229515807250254,0.019169052090591755,4.5,0.9,0,0,0,BYPASS_VISIBLE,1,0,1,1,1
1787562353084274688,1787562353102111488,joint_v2_000003_c1d41e01,856,79,0.03333333333333333,2.6333333333333333,17.836809158325195,frame_id_exact,1,,2.570927143096924,26.278371810913086,1.834027886390686,0.06581367071714762,0.15028855386046128,-0.9144099440011378,-0.3700491394897469,-1.123544454574585,-1.2019004821777344,-0.234907865524292,1.6325818093188333,0.02891756106477789,0.30974025617097534,2.3709947432829765,-0.05704900622367859,depth/000856.png,1.0,0.00913304984750822,0.32355928067019685,-0.9461638226505322,1.6325818093188333,0.02891756106477789,0.30974025617097534,-0.05704900622367859,0.9991023166937217,0.037280681584414936,0.02011744411797073,4.5,0.9,1.9999999989999997,0.0,0.16597211360931396,0.08666928325162804,1.9999999989999997,0.0,0.16597211360931396,0.08666928325162804,direct,SAFE_PROGRESSING,NONE,DIRECT_LOCAL,PASS_THROUGH,0,6,0,0,0,0,1,1.9999999989999997,8.248489411533392,inf,0.0,0,0,0,CLEAR,none,nan,0.0,0.0,0,0,0,0,0.0,0,0,1,0,2.0,2.0,"2.641,26.354;2.536,26.240;2.418,26.110;2.287,25.965;2.146,25.809;2.006,25.653;1.865,25.497;1.725,25.341;1.584,25.185;1.444,25.028;1.304,24.872;1.164,24.716;1.023,24.560;0.883,24.403;0.743,24.247;0.633,24.126",-2.9499999999999997,20.150000000000002,2.0,-2.9499999999999997,20.150000000000002,2.0,-2.9499999999999997,20.150000000000002,2.0,6.413955833674654,0.0,0.0,0,0,4,1,,,0,1,PASS_THROUGH,-1,0.9992639024407736,0.033229515807250254,0.019169052090591755,0.9,0,0.9991023166937217,0.037280681584414936,0.02011744411797073,4.5,0.9,0,0,0,BYPASS_VISIBLE,1,0,1,1,1
1787562353128950272,1787562353151712256,joint_v2_000003_c1d41e01,857,80,0.03333333333333333,2.6666666666666665,22.761821746826172,frame_id_exact,1,,2.5323898792266846,26.237258911132812,1.8253310918807983,0.060304720119950375,0.1295738430669163,-0.9169659728473348,-0.3724880730496825,-1.1880155801773071,-1.2635596990585327,-0.2840408384799957,1.7437454429451753,0.029204955602115983,0.21712261634741792,2.367853515463764,-0.03277084231376648,depth/000857.png,1.0,0.01406533046087785,0.2825551881134071,-0.9591479198482492,1.7437454429451753,0.029204955602115983,0.21712261634741792,-0.03277084231376648,0.9989499457103589,0.04055374530357918,0.02131665328149954,4.5,0.9,1.9333333323999997,0.0,0.17466890811920166,0.07849394645929264,1.9333333323999997,0.0,0.17466890811920166,0.07849394645929264,direct,SAFE_PROGRESSING,NONE,DIRECT_LOCAL,PASS_THROUGH,0,6,0,0,0,0,1,1.9333333323999997,8.192149891146583,inf,0.0,0,0,0,CLEAR,none,nan,0.0,0.0,0,0,0,0,2.3247243379518587,0,0,1,0,2.0,1.0,"2.532,26.237;2.383,26.076;2.234,25.914;2.087,25.751;1.939,25.587;1.792,25.424;1.645,25.260;1.499,25.096;1.352,24.932;1.205,24.768;1.059,24.604;0.912,24.440;0.839,24.358",-2.9499999999999997,20.150000000000002,2.0,-2.9499999999999997,20.150000000000002,2.0,-2.9499999999999997,20.150000000000002,2.0,6.364183085162111,0.0,0.0,0,0,4,1,,,0,1,PASS_THROUGH,-1,0.9992639024407736,0.033229515807250254,0.019169052090591755,0.9,0,0.9989499457103589,0.04055374530357918,0.02131665328149954,4.5,0.9,0,0,0,BYPASS_VISIBLE,1,0,1,1,1
1787562353183740672,1787562353201224960,joint_v2_000003_c1d41e01,858,81,0.03333333333333333,2.7,17.484426498413086,frame_id_exact,1,,2.491779327392578,26.194215774536133,1.8153307437896729,0.05204384980841864,0.10293155605777965,-0.9199523445596394,-0.3746788173941325,-1.247411847114563,-1.3172831535339355,-0.31242936849594116,1.8374402059480883,0.025974083534657827,0.10964565543071614,2.365902937475269,-0.010067276656627655,depth/000858.png,1.0,0.018623175909795453,0.22838370884676495,-0.9733930649292859,1.8374402059480883,0.025974083534657827,0.10964565543071614,-0.010067276656627655,0.9988313329793352,0.042669221857691855,0.022700347239272348,4.5,0.9,1.8666666657999997,0.0,0.18466925621032715,0.08967875918444168,1.8666666657999997,0.0,0.18466925621032715,0.08967875918444168,direct,SAFE_PROGRESSING,NONE,DIRECT_LOCAL,PASS_THROUGH,0,6,0,0,0,0,1,1.8666666657999997,8.132988785015543,inf,0.0,0,0,0,CLEAR,none,nan,0.0,0.0,0,0,0,0,0.0,0,0,1,0,2.0,1.0,"2.532,26.237;2.383,26.076;2.234,25.914;2.087,25.751;1.939,25.587;1.792,25.424;1.645,25.260;1.499,25.096;1.352,24.932;1.205,24.768;1.059,24.604;0.912,24.440;0.839,24.358",-2.9499999999999997,20.150000000000002,2.0,-2.9499999999999997,20.150000000000002,2.0,-2.9499999999999997,20.150000000000002,2.0,6.312667057090214,0.0,0.0,0,0,4,1,,,0,1,PASS_THROUGH,-1,0.9992639024407736,0.033229515807250254,0.019169052090591755,0.9,0,0.9988313329793352,0.042669221857691855,0.022700347239272348,4.5,0.9,0,0,0,BYPASS_VISIBLE,1,0,1,1,1
1787562353227331072,1787562353243934464,joint_v2_000003_c1d41e01,859,82,0.03333333333333333,2.7333333333333334,16.60323143005371,frame_id_exact,1,,2.449331521987915,26.14957046508789,1.8047738075256348,0.03975306312503863,0.06885230500474143,-0.923006985004919,-0.3764799592273674,-1.2973064184188843,-1.358837604522705,-0.3171638548374176,1.9050740256520098,0.019528025310167098,-0.018657506926187895,2.365320974913143,0.010265632532536983,depth/000859.png,1.0,0.02154168391771362,0.15703478007508598,-0.9873581081354215,1.9050740256520098,0.019528025310167098,-0.018657506926187895,0.010265632532536983,0.9987626734802385,0.04345612598906165,0.02418030555284996,4.5,0.9,1.7999999991999998,0.0,0.19522619247436523,0.09645321187859324,1.7999999991999998,0.0,0.19522619247436523,0.09645321187859324,direct,SAFE_PROGRESSING,NONE,DIRECT_LOCAL,PASS_THROUGH,0,6,0,0,0,0,1,1.7999999991999998,8.071407971964199,inf,0.0,0,0,0,CLEAR,none,nan,0.0,0.0,0,0,0,0,0.0,0,0,1,0,2.0,1.0,"2.532,26.237;2.383,26.076;2.234,25.914;2.087,25.751;1.939,25.587;1.792,25.424;1.645,25.260;1.499,25.096;1.352,24.932;1.205,24.768;1.059,24.604;0.912,24.440;0.839,24.358",-2.9499999999999997,20.150000000000002,2.0,-2.9499999999999997,20.150000000000002,2.0,-2.9499999999999997,20.150000000000002,2.0,6.259995891672759,0.0,0.0,0,0,4,1,,,0,1,PASS_THROUGH,-1,0.9992639024407736,0.033229515807250254,0.019169052090591755,0.9,0,0.9987626734802385,0.04345612598906165,0.02418030555284996,4.5,0.9,0,0,0,BYPASS_VISIBLE,1,0,1,1,1
1787562353272162560,1787562353288664832,joint_v2_000003_c1d41e01,860,83,0.03333333333333333,2.7666666666666666,16.50214195251465,frame_id_exact,1,,2.405466079711914,26.103818893432617,1.794451117515564,0.023554261300831873,0.028703084687454077,-0.9252351661457024,-0.3775727969959323,-1.331416130065918,-1.3827660083770752,-0.29887157678604126,1.9358634912535493,0.011119828034051288,-0.16230790920181093,2.3659045180177984,0.027848467230796814,depth/000860.png,1.0,0.021911453800522635,0.07090110330043775,-0.997242659407994,1.9358634912535493,0.011119828034051288,-0.16230790920181093,0.027848467230796814,0.9987402875838474,0.04312119943861771,0.025659308562564487,4.5,0.9,1.7333333325999998,0.0,0.20554888248443604,0.06818120540691641,1.7333333325999998,0.0,0.20554888248443604,0.06818120540691641,direct,SAFE_PROGRESSING,NONE,DIRECT_LOCAL,PASS_THROUGH,0,6,0,0,0,0,1,1.7333333325999998,8.00805696450394,inf,0.0,0,0,0,CLEAR,none,nan,0.0,0.0,0,0,0,0,2.472243552748484,0,0,1,0,2.0,1.0,"2.405,26.104;2.254,25.944;2.105,25.782;1.957,25.620;1.809,25.456;1.663,25.293;1.516,25.128;1.370,24.964;1.224,24.800;1.078,24.635;0.932,24.470;0.786,24.306;0.713,24.224",-2.9499999999999997,20.150000000000002,2.0,-2.9499999999999997,20.150000000000002,2.0,-2.9499999999999997,20.150000000000002,2.0,6.206958304230593,0.0,0.0,0,0,4,1,,,0,1,PASS_THROUGH,-1,0.9992639024407736,0.033229515807250254,0.019169052090591755,0.9,0,0.9987402875838474,0.04312119943861771,0.025659308562564487,4.5,0.9,0,0,0,BYPASS_VISIBLE,1,0,1,1,1
1787562353318783488,1787562353334003456,joint_v2_000003_c1d41e01,861,84,0.03333333333333333,2.8,15.219926834106445,frame_id_exact,1,,2.3608124256134033,26.05763053894043,1.7850091457366943,0.004877206057716588,-0.013651405983115233,-0.9258178719832113,-0.3776918319109283,-1.343860149383545,-1.3846862316131592,-0.26606667041778564,1.9233752461130278,0.0026563436936233855,-0.3077793701748942,2.367111403087117,0.04120674729347229,depth/000861.png,1.0,0.019342858135002798,-0.021593269492641138,-0.9995797039515095,1.9233752461130278,0.0026563436936233855,-0.3077793701748942,0.04120674729347229,0.9987426345243553,0.04220470441586941,0.02705388897218452,4.5,0.9,1.6666666659999998,0.0,0.21499085426330566,0.07535450411379374,1.6666666659999998,0.0,0.21499085426330566,0.07535450411379374,direct,SAFE_PROGRESSING,NONE,DIRECT_LOCAL,PASS_THROUGH,0,6,0,0,0,0,1,1.6666666659999998,7.9438546817443285,inf,0.0,0,0,0,CLEAR,none,nan,0.0,0.0,0,0,0,0,0.0,0,0,1,0,2.0,1.0,"2.405,26.104;2.254,25.944;2.105,25.782;1.957,25.620;1.809,25.456;1.663,25.293;1.516,25.128;1.370,24.964;1.224,24.800;1.078,24.635;0.932,24.470;0.786,24.306;0.713,24.224",-2.9499999999999997,20.150000000000002,2.0,-2.9499999999999997,20.150000000000002,2.0,-2.9499999999999997,20.150000000000002,2.0,6.1544426023912875,0.0,0.0,0,0,4,1,,,1,1,PASS_THROUGH,-1,0.9991083315936563,0.04222015798336724,0.0,0.9,0,0.9987426345243553,0.04220470441586941,0.02705388897218452,4.5,0.9,0,0,0,BYPASS_VISIBLE,1,0,1,1,1
1787562353364172800,1787562353380350464,joint_v2_000003_c1d41e01,862,85,0.03333333333333333,2.8333333333333335,16.177654266357422,frame_id_exact,1,,2.3161461353302,26.011762619018555,1.7767770290374756,-0.01435504015918535,-0.05382828881619934,-0.924590824758625,-0.37686636214620384,-1.3320608139038086,-1.3636723756790161,-0.22746342420578003,1.8695545622526417,-0.0038788964492571503,-0.43643861240982823,2.3682815458483915,0.05073979124426842,depth/000862.png,1.0,0.014027065932983737,-0.11035814743034013,-0.993792896290296,1.8695545622526417,-0.0038788964492571503,-0.43643861240982823,0.05073979124426842,0.99874304271252,0.041358078889163936,0.028316849117355585,4.5,0.9,1.5999999993999998,0.0,0.22322297096252441,0.08007318679518871,1.5999999993999998,0.0,0.22322297096252441,0.08007318679518871,local_avoidance,SAFE_PROGRESSING,NONE,DIRECT_LOCAL,PASS_THROUGH,0,6,0,0,0,0,1,1.5999999993999998,7.87988300169339,inf,0.0,1,1,1,CURRENT_OCCUPIED,current,4.149999999999993,-0.8499999999999996,22.55,0,0,0,0,0.0,0,0,1,0,2.0,1.0,"2.405,26.104;2.254,25.944;2.105,25.782;1.957,25.620;1.809,25.456;1.663,25.293;1.516,25.128;1.370,24.964;1.224,24.800;1.078,24.635;0.932,24.470;0.786,24.306;0.713,24.224",-2.9499999999999997,20.150000000000002,2.0,-2.9499999999999997,20.150000000000002,2.0,-2.9499999999999997,20.150000000000002,2.0,6.103304061471338,0.0,0.0,0,0,4,1,,,0,1,PASS_THROUGH,-1,0.9987426345243553,0.04220470441586941,0.02705388897218452,0.9,0,0.99874304271252,0.041358078889163936,0.028316849117355585,4.5,0.9,0,0,0,BYPASS_VISIBLE,1,0,1,1,1
1787562353408116224,1787562353427223552,joint_v2_000003_c1d41e01,863,86,0.03333333333333333,2.8666666666666667,19.10710334777832,frame_id_exact,1,,2.272268772125244,25.966949462890625,1.7698450088500977,-0.032109313144522415,-0.08774970788794881,-0.9221402775048478,-0.3754015042301364,-1.2969586849212646,-1.3220535516738892,-0.18879537284374237,1.7845997294503964,-0.007223273280553616,-0.5298327534818299,2.368996970733079,0.05816866084933281,depth/000863.png,1.0,0.006664162806622173,-0.18594284887402532,-0.9825379615499333,1.7845997294503964,-0.007223273280553616,-0.5298327534818299,0.05816866084933281,0.9987262187813257,0.040986060981985435,0.029429283442462283,4.5,0.9,1.5333333327999998,0.0,0.23015499114990234,-0.18659347960481126,1.5333333327999998,0.0,0.23015499114990234,-0.18659347960481126,local_avoidance,SAFE_PROGRESSING,NONE,DIRECT_LOCAL,PASS_THROUGH,0,6,0,0,0,0,1,1.5333333327999998,7.817224071378407,inf,0.0,1,1,1,CURRENT_OCCUPIED,current,3.899999999999994,-0.34999999999999964,22.55,0,0,0,0,2.350004727146983,0,0,1,0,2.0,1.0,"2.272,25.967;2.109,25.820;1.933,25.687;1.751,25.563;1.566,25.445;1.378,25.331;1.189,25.219;0.998,25.109;0.807,25.000;0.615,24.892;0.424,24.783;0.233,24.674;0.138,24.619",-2.9499999999999997,20.150000000000002,2.0,-2.9499999999999997,20.150000000000002,2.0,-2.9499999999999997,20.150000000000002,2.0,6.054247269169943,0.0,0.0,0,0,4,1,,,0,1,PASS_THROUGH,-1,0.9987426345243553,0.04220470441586941,0.02705388897218452,0.9,0,0.9987262187813257,0.040986060981985435,0.029429283442462283,4.5,0.9,0,0,0,BYPASS_VISIBLE,1,0,1,1,1
1787562353458531328,1787562353476485376,joint_v2_000003_c1d41e01,864,87,0.03333333333333333,2.9,17.954111099243164,frame_id_exact,1,,2.229898452758789,25.92380142211914,1.7641557455062866,-0.046264725711468856,-0.11168042185101557,-0.9195858501514612,-0.37383007199961366,-1.2425217628479004,-1.2647038698196411,-0.15319526195526123,1.6843491477881498,-0.007076330336964463,-0.574215004738877,2.3691702006139845,0.05558503046631813,depth/000864.png,1.0,-0.001589773967785757,-0.23998976283380152,-0.9707741170600435,1.6843491477881498,-0.007076330336964463,-0.574215004738877,0.05558503046631813,0.998690271579431,0.041159979112839064,0.030390748132168254,4.5,0.9,1.4666666661999999,0.0,0.23584425449371338,-0.395859508332983,1.4666666661999999,0.0,0.23584425449371338,-0.395859508332983,local_avoidance,SAFE_PROGRESSING,NONE,DIRECT_LOCAL,PASS_THROUGH,0,6,0,0,0,0,1,1.4666666661999999,7.756811899418335,inf,0.0,1,1,1,CURRENT_OCCUPIED,current,3.7999999999999945,-0.34999999999999964,22.55,0,0,0,0,0.0,0,0,1,0,2.0,1.0,"2.272,25.967;2.109,25.820;1.933,25.687;1.751,25.563;1.566,25.445;1.378,25.331;1.189,25.219;0.998,25.109;0.807,25.000;0.615,24.892;0.424,24.783;0.233,24.674;0.138,24.619",-2.9499999999999997,20.150000000000002,2.0,-2.9499999999999997,20.150000000000002,2.0,-2.9499999999999997,20.150000000000002,2.0,6.007745058645785,0.0,0.0,0,0,4,1,,,0,1,PASS_THROUGH,-1,0.9987426345243553,0.04220470441586941,0.02705388897218452,0.9,0,0.998690271579431,0.041159979112839064,0.030390748132168254,4.5,0.9,0,0,0,BYPASS_VISIBLE,1,0,1,1,1
1787562353504594688,1787562353521632256,joint_v2_000003_c1d41e01,865,88,0.03333333333333333,2.933333333333333,17.037391662597656,frame_id_exact,1,,2.189578056335449,25.882734298706055,1.7595888376235962,-0.05495729424957135,-0.12307135123011863,-0.9180331986800335,-0.37289165240920175,-1.1751731634140015,-1.1982808113098145,-0.12128997594118118,1.585054685579565,-0.0035396671292038783,-0.5649860524866717,2.3686982942226824,0.027928808704018593,depth/000865.png,1.0,-0.009120682212603246,-0.26695340500064213,-0.9636662766303177,1.585054685579565,-0.0035396671292038783,-0.5649860524866717,0.027928808704018593,0.9986314677969793,0.04196595125776744,0.03120978149044209,4.5,0.9,1.3999999995999999,0.0,0.2404111623764038,-0.4320858573852737,1.3999999995999999,0.0,0.2404111623764038,-0.4320858573852737,local_avoidance,SAFE_PROGRESSING,NONE,DIRECT_LOCAL,PASS_THROUGH,0,6,0,0,0,0,1,1.3999999995999999,7.699318485211899,inf,0.0,1,1,1,CURRENT_OCCUPIED,current,3.7499999999999947,-0.34999999999999964,22.55,0,0,0,0,0.0,0,0,1,0,2.0,1.0,"2.272,25.967;2.109,25.820;1.933,25.687;1.751,25.563;1.566,25.445;1.378,25.331;1.189,25.219;0.998,25.109;0.807,25.000;0.615,24.892;0.424,24.783;0.233,24.674;0.138,24.619",-2.9499999999999997,20.150000000000002,2.0,-2.9499999999999997,20.150000000000002,2.0,-2.9499999999999997,20.150000000000002,2.0,5.964004430226994,0.0,0.0,0,0,4,1,,,0,1,PASS_THROUGH,-1,0.9987426345243553,0.04220470441586941,0.02705388897218452,0.9,0,0.9986314677969793,0.04196595125776744,0.03120978149044209,4.5,0.9,0,0,0,BYPASS_VISIBLE,1,0,1,1,1
1787562353552966656,1787562353569529344,joint_v2_000003_c1d41e01,866,89,0.03333333333333333,2.966666666666667,16.562700271606445,frame_id_exact,1,,2.151613712310791,25.84393882751465,1.7560571432113647,-0.05718474343129382,-0.12149518427947455,-0.9179836913854843,-0.3731953478620463,-1.1024556159973145,-1.1298298835754395,-0.09050662815570831,1.4977652036691482,0.0029679632546124116,-0.5067602852200045,2.3673967583847517,-0.0223004762083292,depth/000866.png,1.0,-0.014306448610498027,-0.26574335593535053,-0.9639376506311872,1.4977652036691482,0.0029679632546124116,-0.5067602852200045,-0.0223004762083292,0.9985410201650795,0.04357428613599984,0.031892203364154825,4.5,0.9,1.333333333,0.0,0.24394285678863525,-0.3574167600248135,1.333333333,0.0,0.24394285678863525,-0.3574167600248135,local_avoidance,SAFE_PROGRESSING,NONE,DIRECT_LOCAL,PASS_THROUGH,0,6,0,0,0,0,1,1.333333333,7.645090047940334,inf,0.0,1,1,1,CURRENT_OCCUPIED,current,3.699999999999995,-0.34999999999999964,22.55,0,0,0,0,2.498685281860261,0,0,1,0,2.0,1.0,"2.152,25.844;1.986,25.699;1.809,25.569;1.626,25.447;1.440,25.329;1.252,25.215;1.063,25.102;0.873,24.991;0.683,24.881;0.492,24.771;0.302,24.661;0.112,24.550;0.017,24.494",-2.9499999999999997,20.150000000000002,2.0,-2.9499999999999997,20.150000000000002,2.0,-2.9499999999999997,20.150000000000002,2.0,5.922955121821884,0.0,0.0,0,0,4,1,,,0,1,PASS_THROUGH,-1,0.9987426345243553,0.04220470441586941,0.02705388897218452,0.9,0,0.9985410201650795,0.04357428613599984,0.031892203364154825,4.5,0.9,0,0,0,BYPASS_VISIBLE,1,0,1,1,1
1787562353600655360,1787562353617240832,joint_v2_000003_c1d41e01,867,90,0.03333333333333333,3.0,16.585588455200195,frame_id_exact,1,,2.1160566806793213,25.80736541748047,1.7535755634307861,-0.053104240642093056,-0.1090122837847061,-0.9191297922473617,-0.37482887643989093,-1.031951904296875,-1.0657657384872437,-0.05789005383849144,1.4261575518368457,0.011447372031003692,-0.4124029527791328,2.365215396091008,-0.07930698245763779,depth/000867.png,1.0,-0.015897475639305936,-0.24020288120303337,-0.9705925232197388,1.4261575518368457,0.011447372031003692,-0.4124029527791328,-0.07930698245763779,0.9984136838444579,0.04602458730967676,0.03243228754054515,4.5,0.9,1.2666666664,0.0,0.24642443656921387,-0.38574706569699746,1.2666666664,0.0,0.24642443656921387,-0.38574706569699746,local_avoidance,SAFE_PROGRESSING,NONE,DIRECT_LOCAL,PASS_THROUGH,0,6,0,0,0,0,1,1.2666666664,7.594123633360173,inf,0.0,1,1,1,CURRENT_OCCUPIED,current,3.649999999999995,-0.34999999999999964,22.55,0,0,0,0,0.0,0,0,1,0,2.0,1.0,"2.152,25.844;1.986,25.699;1.809,25.569;1.626,25.447;1.440,25.329;1.252,25.215;1.063,25.102;0.873,24.991;0.683,24.881;0.492,24.771;0.302,24.661;0.112,24.550;0.017,24.494",-2.9499999999999997,20.150000000000002,2.0,-2.9499999999999997,20.150000000000002,2.0,-2.9499999999999997,20.150000000000002,2.0,5.884318173198402,0.0,0.0,0,0,4,1,,,1,1,PASS_THROUGH,-1,0.998939190799609,0.046048811978399336,0.0,0.9,0,0.9984136838444579,0.04602458730967676,0.03243228754054515,4.5,0.9,0,0,0,BYPASS_VISIBLE,1,1,0,1,1
1787562353650839296,1787562353670480896,joint_v2_000003_c1d41e01,868,91,0.03333333333333333,3.033333333333333,19.641637802124023,frame_id_exact,1,,2.082719326019287,25.772785186767578,1.7522332668304443,-0.04395693360300822,-0.08976445723994682,-0.9206323842142043,-0.377420380134285,-0.9701611399650574,-1.0107712745666504,-0.022037267684936523,1.3686867455262546,0.020662499730633506,-0.29937685595256136,2.3621495179384207,-0.13474267721176147,depth/000868.png,1.0,-0.013178482023268864,-0.19846061775298224,-0.9800202604092769,1.3686867455262546,0.020662499730633506,-0.29937685595256136,-0.13474267721176147,0.9982438585831137,0.049318470180722426,0.03281596105753184,4.5,0.9,1.1999999998,0.0,0.24776673316955566,-0.43902248017294365,1.1999999998,0.0,0.24776673316955566,-0.43902248017294365,local_avoidance,SAFE_PROGRESSING,NONE,DIRECT_LOCAL,PASS_THROUGH,0,6,0,0,0,0,1,1.1999999998,7.5461233140613935,inf,0.0,1,1,1,HISTORY_OCCUPIED,history,3.599999999999995,-0.34999999999999964,22.55,1,0,0,0,0.0,0,0,1,0,2.0,1.0,"2.152,25.844;1.986,25.699;1.809,25.569;1.626,25.447;1.440,25.329;1.252,25.215;1.063,25.102;0.873,24.991;0.683,24.881;0.492,24.771;0.302,24.661;0.112,24.550;0.017,24.494",-2.9499999999999997,20.150000000000002,2.0,-2.9499999999999997,20.150000000000002,2.0,-2.9499999999999997,20.150000000000002,2.0,5.847686534769367,0.0,0.0,0,0,4,1,,,0,1,PASS_THROUGH,-1,0.9984136838444579,0.04602458730967676,0.03243228754054515,0.9,0,0.9982438585831137,0.049318470180722426,0.03281596105753184,4.5,0.9,0,0,0,BYPASS_VISIBLE,1,1,0,1,1
1787562353707754752,1787562353724748032,joint_v2_000003_c1d41e01,869,92,0.03333333333333333,3.066666666666667,16.993284225463867,frame_id_exact,1,,2.0512349605560303,25.739858627319336,1.7521402835845947,-0.03185293032588251,-0.06900439312108914,-0.921623097509622,-0.38057147908955874,-0.9212930202484131,-0.9668228030204773,0.016527637839317322,1.3222845727990096,0.02980817275787678,-0.18567526972093187,2.357904707685455,-0.188056081533432,depth/000869.png,1.0,-0.006190584715855492,-0.15143671867497516,-0.9884475691192893,1.3222845727990096,0.02980817275787678,-0.18567526972093187,-0.188056081533432,0.9980078353552883,0.0537545916696907,0.03302732874267251,4.5,0.9,1.2666666664,0.0,0.24785971641540527,-0.3577204380194532,1.2666666664,0.0,0.24785971641540527,-0.3577204380194532,local_avoidance,SAFE_PROGRESSING,NONE,DIRECT_LOCAL,PASS_THROUGH,0,6,0,0,0,0,1,1.2666666664,7.50059135029394,1.7029409479296505,0.0,1,1,1,HISTORY_OCCUPIED,history,3.5499999999999954,-0.34999999999999964,22.55,2,0,0,0,3.0830800283028426,0,0,1,0,2.0,2.0,"2.051,25.740;1.945,25.644;1.815,25.545;1.664,25.440;1.493,25.329;1.315,25.217;1.136,25.108;0.956,25.000;0.775,24.894;0.594,24.787;0.413,24.681;0.231,24.575;0.050,24.469;-0.130,24.361;-0.310,24.252;-0.488,24.142",-2.9499999999999997,20.150000000000002,2.0,-2.9499999999999997,20.150000000000002,2.0,-2.9499999999999997,20.150000000000002,2.0,5.812617824196889,0.0,0.0,0,0,4,1,,,0,1,PASS_THROUGH,-1,0.9984136838444579,0.04602458730967676,0.03243228754054515,0.9,0,0.9980078353552883,0.0537545916696907,0.03302732874267251,4.5,0.9,0,0,0,BYPASS_VISIBLE,1,1,0,1,1
1787562353755166720,1787562353772817920,joint_v2_000003_c1d41e01,870,93,0.03333333333333333,3.1,17.651081085205078,frame_id_exact,1,,2.0211408138275146,25.708215713500977,1.7533425092697144,-0.018456055105459345,-0.04969598664825325,-0.921754697092906,-0.38413273920373675,-0.8868495225906372,-0.9332599639892578,0.05490091070532799,1.2854362758519842,0.03830837703092157,-0.08170921045870647,2.3521046285944314,-0.23494669795036316,depth/000870.png,1.0,0.004155799990726371,-0.10579416824449796,-0.9943793658820018,1.2854362758519842,0.03830837703092157,-0.08170921045870647,-0.23494669795036316,0.9976675805211749,0.05971992617006707,0.033059479658140614,4.5,0.9,1.333333333,0.0,0.24665749073028564,-0.3757545392607353,1.333333333,0.0,0.24665749073028564,-0.3757545392607353,local_avoidance,SAFE_PROGRESSING,NONE,DIRECT_LOCAL,PASS_THROUGH,0,6,0,0,0,0,1,1.333333333,7.456943268438538,1.7029409479296505,0.0,1,1,1,HISTORY_OCCUPIED,history,3.5499999999999954,-0.4499999999999996,22.55,2,0,0,0,0.0,0,0,1,0,2.0,2.0,"2.051,25.740;1.945,25.644;1.815,25.545;1.664,25.440;1.493,25.329;1.315,25.217;1.136,25.108;0.956,25.000;0.775,24.894;0.594,24.787;0.413,24.681;0.231,24.575;0.050,24.469;-0.130,24.361;-0.310,24.252;-0.488,24.142",-2.9499999999999997,20.150000000000002,2.0,-2.9499999999999997,20.150000000000002,2.0,-2.9499999999999997,20.150000000000002,2.0,5.778715074263871,0.0,0.0,0,0,4,1,,,0,1,PASS_THROUGH,-1,0.9984136838444579,0.04602458730967676,0.03243228754054515,0.9,0,0.9976675805211749,0.05971992617006707,0.033059479658140614,4.5,0.9,0,0,0,BYPASS_VISIBLE,1,1,0,1,1
1787562353800238592,1787562353816832256,joint_v2_000003_c1d41e01,871,94,0.03333333333333333,3.1333333333333333,16.59369468688965,frame_id_exact,1,,1.9919410943984985,25.677528381347656,1.7557744979858398,-0.0031931276111730783,-0.02826525367695138,-0.9211737806882689,-0.38811048058911946,-0.8678422570228577,-0.9096325635910034,0.09010324627161026,1.2594394792603916,0.04565073380476347,0.02069752139148158,2.344529144541993,-0.2747012674808502,depth/000871.png,1.0,0.01605723150946114,-0.05455299376693013,-0.9983817587412727,1.2594394792603916,0.04565073380476347,0.02069752139148158,-0.2747012674808502,0.997179248879113,0.06745206050971414,0.03292058835868187,4.5,0.9,1.3999999995999999,0.0,0.24422550201416016,-0.41812878296051625,1.3999999995999999,0.0,0.24422550201416016,-0.41812878296051625,local_avoidance,SAFE_PROGRESSING,NONE,DIRECT_LOCAL,PASS_THROUGH,0,5,0,0,0,0,1,1.3999999995999999,7.414603953489926,1.7029409479296505,0.0,1,1,1,HISTORY_OCCUPIED,history,3.7999999999999945,-0.9499999999999996,22.55,2,0,0,0,0.0,0,0,1,0,2.0,2.0,"2.051,25.740;1.945,25.644;1.815,25.545;1.664,25.440;1.493,25.329;1.315,25.217;1.136,25.108;0.956,25.000;0.775,24.894;0.594,24.787;0.413,24.681;0.231,24.575;0.050,24.469;-0.130,24.361;-0.310,24.252;-0.488,24.142",-2.9499999999999997,20.150000000000002,2.0,-2.9499999999999997,20.150000000000002,2.0,-2.9499999999999997,20.150000000000002,2.0,5.745562784098978,0.0,0.0,0,0,4,1,,,0,1,PASS_THROUGH,-1,0.9984136838444579,0.04602458730967676,0.03243228754054515,0.9,0,0.997179248879113,0.06745206050971414,0.03292058835868187,4.5,0.9,0,0,0,BYPASS_VISIBLE,1,1,0,1,1
1787562353848452096,1787562353867458048,joint_v2_000003_c1d41e01,872,95,0.03333333333333333,3.1666666666666665,19.006013870239258,frame_id_exact,1,,1.9630906581878662,25.64744758605957,1.7592564821243286,0.013936935694224953,-0.0024714455234431626,-0.9197068007173969,-0.39235067795869827,-0.8661954998970032,-0.8974284529685974,0.11712444573640823,1.2455592347228974,0.051661311986618705,0.12370897165857397,2.3350474219549335,-0.3110872507095337,depth/000872.png,1.0,0.027575135731601277,0.0063903218255653964,-0.9995993075609594,1.2455592347228974,0.051661311986618705,0.12370897165857397,-0.3110872507095337,0.9964889822638929,0.0771017073894127,0.032634873131490064,4.5,0.9,1.4666666661999999,0.0,0.2407435178756714,-0.37748673392693055,1.4666666661999999,0.0,0.2407435178756714,-0.37748673392693055,local_avoidance,SAFE_PROGRESSING,NONE,DIRECT_LOCAL,PASS_THROUGH,0,5,0,0,0,0,1,1.4666666661999999,7.372949869424384,1.9061517378745643,0.0,1,1,1,HISTORY_OCCUPIED,history,4.199999999999993,-1.3499999999999996,22.35,2,0,0,0,4.424352408233799,0,0,1,0,2.0,2.0,"1.963,25.647;1.736,25.469;1.423,25.272;1.059,25.064;0.690,24.862;0.321,24.662;-0.049,24.462;-0.416,24.260;-0.629,24.138",-2.9499999999999997,20.150000000000002,2.0,-2.9499999999999997,20.150000000000002,2.0,-2.9499999999999997,20.150000000000002,2.0,5.7126776681434075,0.0,0.0,0,0,4,1,,,0,1,PASS_THROUGH,-1,0.9984136838444579,0.04602458730967676,0.03243228754054515,0.9,0,0.9964889822638929,0.0771017073894127,0.032634873131490064,4.5,0.9,0,0,0,BYPASS_VISIBLE,1,1,0,1,1
1787562353895656704,1787562353911305984,joint_v2_000003_c1d41e01,873,96,0.03333333333333333,3.2,15.64931869506836,frame_id_exact,1,,1.9339871406555176,25.6175537109375,1.7634332180023193,0.03201945281856652,0.027435966908171364,-0.917011402770741,-0.39662590630145594,-0.8831180334091187,-0.8983433842658997,0.13120624423027039,1.2452626963425752,0.05644476460758451,0.22420566709547426,2.323743915938091,-0.34308382868766785,depth/000873.png,1.0,0.03696077620979003,0.07571767798854902,-0.9964440447220266,1.2452626963425752,0.05644476460758451,0.22420566709547426,-0.34308382868766785,0.9955447370728239,0.08860317620932333,0.032251413181773124,4.5,0.9,1.5333333327999998,0.0,0.23656678199768066,-0.38371924815983505,1.5333333327999998,0.0,0.23656678199768066,-0.38371924815983505,direct,SAFE_PROGRESSING,NONE,DIRECT_LOCAL,PASS_THROUGH,0,5,0,0,0,0,1,1.5333333327999998,7.331266873608875,1.9061517378745643,0.0,0,0,1,CLEAR,none,nan,0.0,0.0,0,0,0,0,0.0,0,0,1,0,2.0,2.0,"1.963,25.647;1.736,25.469;1.423,25.272;1.059,25.064;0.690,24.862;0.321,24.662;-0.049,24.462;-0.416,24.260;-0.629,24.138",-2.9499999999999997,20.150000000000002,2.0,-2.9499999999999997,20.150000000000002,2.0,-2.9499999999999997,20.150000000000002,2.0,5.679558121958476,0.0,0.0,0,0,4,1,,,1,1,PASS_THROUGH,-1,0.996062901082629,0.08864929264724565,0.0,0.9,0,0.9955447370728239,0.08860317620932333,0.032251413181773124,4.5,0.9,0,0,0,BYPASS_VISIBLE,1,0,1,1,1
1787562353942356992,1787562353961298688,joint_v2_000003_c1d41e01,874,97,0.03333333333333333,3.2333333333333334,18.941640853881836,frame_id_exact,1,,1.9040141105651855,25.587400436401367,1.7678190469741821,0.04951140715184491,0.05917320106453036,-0.9129321824105924,-0.40075177249346494,-0.91815185546875,-0.9130166172981262,0.12925204634666443,1.260713079973822,0.060238921607631044,0.31667343897853417,2.311105761400449,-0.3697252869606018,depth/000874.png,1.0,0.04297358354926091,0.14772580752561992,-0.9880943056752418,1.260713079973822,0.060238921607631044,0.31667343897853417,-0.3697252869606018,0.9943271590322329,0.1014880514944342,0.03183828222049455,4.5,0.9,1.5999999993999998,0.0,0.23218095302581787,-0.4162120907685152,1.5999999993999998,0.0,0.23218095302581787,-0.4162120907685152,direct,SAFE_PROGRESSING,NONE,DIRECT_LOCAL,PASS_THROUGH,0,5,0,0,0,0,1,1.5999999993999998,7.288811733838629,1.9061517378745643,0.0,0,0,0,CLEAR,none,nan,0.0,0.0,0,0,0,0,0.0,0,0,1,0,2.0,2.0,"1.963,25.647;1.736,25.469;1.423,25.272;1.059,25.064;0.690,24.862;0.321,24.662;-0.049,24.462;-0.416,24.260;-0.629,24.138",-2.9499999999999997,20.150000000000002,2.0,-2.9499999999999997,20.150000000000002,2.0,-2.9499999999999997,20.150000000000002,2.0,5.645716080068844,0.0,0.0,0,0,4,1,,,0,1,PASS_THROUGH,-1,0.9955447370728239,0.08860317620932333,0.032251413181773124,0.9,0,0.9943271590322329,0.1014880514944342,0.03183828222049455,4.5,0.9,0,0,0,BYPASS_VISIBLE,1,0,1,1,1
1787562353987842304,1787562354007795968,joint_v2_000003_c1d41e01,875,98,0.03333333333333333,3.2666666666666666,19.95372772216797,frame_id_exact,1,,1.8726028203964233,25.55653953552246,1.7718429565429688,0.06462035309322826,0.08913729210901883,-0.9077554755097778,-0.4047947008096762,-0.9688517451286316,-0.9404135346412659,0.10928469151258469,1.2947334265494017,0.06363633908721057,0.39320507944010297,2.2977664711235612,-0.3933362066745758,depth/000875.png,1.0,0.04515435171899633,0.21414568296133063,-0.9757575062431559,1.2947334265494017,0.06363633908721057,0.39320507944010297,-0.3933362066745758,0.9928506360423003,0.1151383414423099,0.03147660782730477,4.5,0.9,1.6666666659999998,0.0,0.22815704345703125,-0.1495454243685152,1.6666666659999998,0.0,0.22815704345703125,-0.1495454243685152,direct,SAFE_PROGRESSING,NONE,DIRECT_LOCAL,PASS_THROUGH,0,5,0,0,0,0,1,1.6666666659999998,7.244871821672413,inf,0.0,0,0,0,CLEAR,none,nan,0.0,0.0,0,0,0,0,6.614896818366354,0,0,1,0,2.0,2.0,"1.873,25.557;1.771,25.453;1.658,25.333;1.533,25.197;1.396,25.044;1.256,24.887;1.117,24.730;0.978,24.572;0.840,24.415;0.701,24.257;0.563,24.099;0.425,23.941;0.286,23.783;0.148,23.625;0.009,23.467;-0.124,23.318",-2.9499999999999997,20.150000000000002,2.0,-2.9499999999999997,20.150000000000002,2.0,-2.9499999999999997,20.150000000000002,2.0,5.610755359145311,0.0,0.0,0,0,4,1,,,0,1,PASS_THROUGH,-1,0.9955447370728239,0.08860317620932333,0.032251413181773124,0.9,0,0.9928506360423003,0.1151383414423099,0.03147660782730477,4.5,0.9,0,0,0,BYPASS_VISIBLE,1,0,1,1,1
1787562354039656960,1787562354057580288,joint_v2_000003_c1d41e01,876,99,0.03333333333333333,3.3,17.923355102539062,frame_id_exact,1,,1.8392959833145142,25.524593353271484,1.774897575378418,0.07575707318712206,0.11328136829695966,-0.9022648272324585,-0.4090799176176603,-1.0311280488967896,-0.9778255820274353,0.07128840684890747,1.3499443831381441,0.06756787086073605,0.44444876454004506,2.2842691375239235,-0.40516966581344604,depth/000876.png,1.0,0.04402361948055862,0.2664009829069115,-0.9628563949177792,1.3499443831381441,0.06756787086073605,0.44444876454004506,-0.40516966581344604,0.9911488929727603,0.12902350986344227,0.0312538935396844,4.5,0.9,1.7333333325999998,0.0,0.22510242462158203,0.11712124203148477,1.7333333325999998,0.0,0.22510242462158203,0.11712124203148477,direct,SAFE_PROGRESSING,NONE,DIRECT_LOCAL,PASS_THROUGH,0,5,0,0,0,0,1,1.7333333325999998,7.198861696742238,inf,0.0,0,0,0,CLEAR,none,nan,0.0,0.0,0,0,0,0,0.0,0,0,1,0,2.0,2.0,"1.873,25.557;1.771,25.453;1.658,25.333;1.533,25.197;1.396,25.044;1.256,24.887;1.117,24.730;0.978,24.572;0.840,24.415;0.701,24.257;0.563,24.099;0.425,23.941;0.286,23.783;0.148,23.625;0.009,23.467;-0.124,23.318",-2.9499999999999997,20.150000000000002,2.0,-2.9499999999999997,20.150000000000002,2.0,-2.9499999999999997,20.150000000000002,2.0,5.574402342037448,0.0,0.0,0,0,4,1,,,0,1,PASS_THROUGH,-1,0.9955447370728239,0.08860317620932333,0.032251413181773124,0.9,0,0.9911488929727603,0.12902350986344227,0.0312538935396844,4.5,0.9,0,0,0,BYPASS_VISIBLE,1,0,1,1,1
1787562354088873472,1787562354105509632,joint_v2_000003_c1d41e01,877,100,0.03333333333333333,3.3333333333333335,16.636133193969727,frame_id_exact,1,,1.8037843704223633,25.491283416748047,1.7764296531677246,0.08202527086946844,0.1280923077913317,-0.8975430849483218,-0.41386063630759884,-1.1006982326507568,-1.0217584371566772,0.01995362713932991,1.4268676314099982,0.07254311069688628,0.46336951779569163,2.2712049763426774,-0.38860344886779785,depth/000877.png,1.0,0.04121770130255015,0.29783079177704636,-0.9537284312469622,1.4268676314099982,0.07254311069688628,0.46336951779569163,-0.38860344886779785,0.989292259543209,0.1425628169987074,0.031251694630611,4.5,0.9,1.7999999991999998,0.0,0.2235703468322754,0.327803264144082,1.7999999991999998,0.0,0.2235703468322754,0.327803264144082,direct,SAFE_PROGRESSING,NONE,DIRECT_LOCAL,PASS_THROUGH,0,5,0,0,0,0,1,1.7999999991999998,7.150368828144434,inf,0.0,0,0,0,CLEAR,none,nan,0.0,0.0,0,0,0,0,0.0,0,0,1,0,2.0,2.0,"1.873,25.557;1.771,25.453;1.658,25.333;1.533,25.197;1.396,25.044;1.256,24.887;1.117,24.730;0.978,24.572;0.840,24.415;0.701,24.257;0.563,24.099;0.425,23.941;0.286,23.783;0.148,23.625;0.009,23.467;-0.124,23.318",-2.9499999999999997,20.150000000000002,2.0,-2.9499999999999997,20.150000000000002,2.0,-2.9499999999999997,20.150000000000002,2.0,5.536506367688741,0.0,0.0,0,0,4,1,,,0,1,PASS_THROUGH,-1,0.9955447370728239,0.08860317620932333,0.032251413181773124,0.9,0,0.989292259543209,0.1425628169987074,0.031251694630611,4.5,0.9,0,0,0,BYPASS_VISIBLE,1,0,1,1,1
1787562354135706368,1787562354152526336,joint_v2_000003_c1d41e01,878,101,0.03333333333333333,3.3666666666666667,16.81995391845703,frame_id_exact,1,,1.7658690214157104,25.456436157226562,1.776196002960205,0.0830914575570507,0.13234985368905178,-0.8944408590614578,-0.4189926915244857,-1.1747034788131714,-1.069315791130066,-0.033528830856084824,1.5213169208691721,0.07770331160803359,0.4517142110192549,2.259496907218795,-0.33850619196891785,depth/000878.png,1.0,0.0377335465158988,0.3063876605496299,-0.9511586518190629,1.5213169208691721,0.07770331160803359,0.4517142110192549,-0.33850619196891785,0.9874351637889096,0.1548512976247988,0.03150988633882024,4.5,0.9,1.7333333325999998,0.0,0.22380399703979492,0.28432132425383116,1.7333333325999998,0.0,0.22380399703979492,0.28432132425383116,direct,SAFE_PROGRESSING,NONE,DIRECT_LOCAL,PASS_THROUGH,0,5,0,0,0,0,1,1.7333333325999998,7.099132715893523,inf,0.0,0,0,0,CLEAR,none,nan,0.0,0.0,0,0,0,0,8.912633780912339,0,0,1,0,2.0,1.0,"1.766,25.456;1.608,25.303;1.457,25.143;1.309,24.981;1.162,24.816;1.017,24.651;0.873,24.485;0.729,24.319;0.586,24.152;0.442,23.985;0.299,23.818;0.155,23.651;0.083,23.568",-2.9499999999999997,20.150000000000002,2.0,-2.9499999999999997,20.150000000000002,2.0,-2.9499999999999997,20.150000000000002,2.0,5.4970100170396865,0.0,0.0,0,0,4,1,,,0,1,PASS_THROUGH,-1,0.9955447370728239,0.08860317620932333,0.032251413181773124,0.9,0,0.9874351637889096,0.1548512976247988,0.03150988633882024,4.5,0.9,0,0,0,BYPASS_VISIBLE,1,0,1,1,1
1787562354182799104,1787562354202037760,joint_v2_000003_c1d41e01,879,102,0.03333333333333333,3.4,19.238710403442383,frame_id_exact,1,,1.7254174947738647,25.419958114624023,1.774420142173767,0.07777440182109856,0.1256937680705774,-0.8935005320782832,-0.4240389348461001,-1.2524605989456177,-1.1194102764129639,-0.0700565055012703,1.6264103415935305,0.08095825608459833,0.418186554473682,2.2505660789494195,-0.2663360834121704,depth/000879.png,1.0,0.03238483575956275,0.2905736463129929,-0.9563044381791804,1.6264103415935305,0.08095825608459833,0.418186554473682,-0.2663360834121704,0.9858575317882237,0.16450138423777536,0.032003462317182894,4.5,0.9,1.6666666659999998,0.0,0.2255798578262329,0.3237695341898128,1.6666666659999998,0.0,0.2255798578262329,0.3237695341898128,direct,SAFE_PROGRESSING,NONE,DIRECT_LOCAL,PASS_THROUGH,0,5,0,0,0,0,1,1.6666666659999998,7.044997322946907,inf,0.0,0,0,0,CLEAR,none,nan,0.0,0.0,0,0,0,0,0.0,0,0,1,0,2.0,1.0,"1.766,25.456;1.608,25.303;1.457,25.143;1.309,24.981;1.162,24.816;1.017,24.651;0.873,24.485;0.729,24.319;0.586,24.152;0.442,23.985;0.299,23.818;0.155,23.651;0.083,23.568",-2.9499999999999997,20.150000000000002,2.0,-2.9499999999999997,20.150000000000002,2.0,-2.9499999999999997,20.150000000000002,2.0,5.455958639132429,0.0,0.0,0,0,4,1,,,1,1,PASS_THROUGH,-1,0.9863627882317215,0.16458569194114067,0.0,0.9,0,0.9858575317882237,0.16450138423777536,0.032003462317182894,4.5,0.9,0,0,0,BYPASS_VISIBLE,1,0,1,1,1
1787562354232213504,1787562354251552512,joint_v2_000003_c1d41e01,880,103,0.03333333333333333,3.433333333333333,19.33908462524414,frame_id_exact,1,,1.6824344396591187,25.3818416595459,1.7716678380966187,0.06308673975090553,0.10591312076611556,-0.8950273533943998,-0.4286356387341117,-1.3244863748550415,-1.1664087772369385,-0.09398923814296722,1.7330915819688923,0.08121877094968011,0.3367560681453269,2.245589888477909,-0.184443399310112,depth/000880.png,1.0,0.022132439087254402,0.24367273031563985,-0.9696049482343675,1.7330915819688923,0.08121877094968011,0.3367560681453269,-0.184443399310112,0.9848391794472385,0.1703680399649657,0.032657642048773125,4.5,0.9,1.5999999993999998,0.0,0.22833216190338135,0.36921277816929,1.5999999993999998,0.0,0.22833216190338135,0.36921277816929,direct,SAFE_PROGRESSING,NONE,DIRECT_LOCAL,PASS_THROUGH,0,5,0,0,0,0,1,1.5999999993999998,6.987962220010913,inf,0.0,0,0,0,CLEAR,none,nan,0.0,0.0,0,0,0,0,0.0,0,0,1,0,2.0,1.0,"1.766,25.456;1.608,25.303;1.457,25.143;1.309,24.981;1.162,24.816;1.017,24.651;0.873,24.485;0.729,24.319;0.586,24.152;0.442,23.985;0.299,23.818;0.155,23.651;0.083,23.568",-2.9499999999999997,20.150000000000002,2.0,-2.9499999999999997,20.150000000000002,2.0,-2.9499999999999997,20.150000000000002,2.0,5.413648199421974,0.0,0.0,0,0,4,1,,,0,1,PASS_THROUGH,-1,0.9858575317882237,0.16450138423777536,0.032003462317182894,0.9,0,0.9848391794472385,0.1703680399649657,0.032657642048773125,4.5,0.9,0,0,0,BYPASS_VISIBLE,1,0,1,1,1
1787562354281652224,1787562354298284800,joint_v2_000003_c1d41e01,881,104,0.03333333333333333,3.466666666666667,16.632556915283203,frame_id_exact,1,,1.6373103857040405,25.342302322387695,1.7682172060012817,0.03984087763179586,0.07312123767145082,-0.8979277009861746,-0.4321942073566079,-1.3794126510620117,-1.2040106058120728,-0.11191684007644653,1.8224930079183668,0.08087660764361494,0.1921572021426841,2.243705253795563,-0.09594520926475525,depth/000881.png,1.0,0.008343304601686294,0.16575316272811022,-0.9861319781418469,1.8224930079183668,0.08087660764361494,0.1921572021426841,-0.09594520926475525,0.9843022042574525,0.17329531696681513,0.03343506858511017,4.5,0.9,1.5333333327999998,0.0,0.23178279399871826,0.29039669814584723,1.5333333327999998,0.0,0.23178279399871826,0.29039669814584723,direct,SAFE_PROGRESSING,NONE,DIRECT_LOCAL,PASS_THROUGH,0,5,0,0,0,0,1,1.5333333327999998,6.928450041810273,inf,0.0,0,0,0,CLEAR,none,nan,0.0,0.0,0,0,0,0,9.985111254831812,0,0,1,0,2.0,1.0,"1.637,25.342;1.477,25.192;1.324,25.034;1.174,24.872;1.028,24.708;0.884,24.542;0.740,24.375;0.598,24.207;0.456,24.039;0.315,23.871;0.173,23.702;0.031,23.534;-0.040,23.451",-2.9499999999999997,20.150000000000002,2.0,-2.9499999999999997,20.150000000000002,2.0,-2.9499999999999997,20.150000000000002,2.0,5.370560621269265,0.0,0.0,0,0,4,1,,,0,1,PASS_THROUGH,-1,0.9858575317882237,0.16450138423777536,0.032003462317182894,0.9,0,0.9843022042574525,0.17329531696681513,0.03343506858511017,4.5,0.9,0,0,0,BYPASS_VISIBLE,1,0,1,1,1
1787562354327865344,1787562354343517952,joint_v2_000003_c1d41e01,882,105,0.03333333333333333,3.5,15.652656555175781,frame_id_exact,1,,1.5907396078109741,25.301733016967773,1.7643606662750244,0.01268187655130272,0.030041399886104537,-0.9003284550029405,-0.43398773878076213,-1.4104721546173096,-1.2277302742004395,-0.11585356295108795,1.8717390418943207,0.0820299017160266,0.006279128962979191,2.2433567878615865,-0.010288171470165253,depth/000882.png,1.0,-0.0032394897688135145,0.0651018121471573,-0.9978733686000414,1.8717390418943207,0.0820299017160266,0.006279128962979191,-0.010288171470165253,0.9840091494334884,0.17478544397850165,0.03429347466239998,4.5,0.9,1.4666666661999999,0.0,0.23563933372497559,0.3279368159873086,1.4666666661999999,0.0,0.23563933372497559,0.3279368159873086,direct,SAFE_PROGRESSING,NONE,DIRECT_LOCAL,PASS_THROUGH,0,5,0,0,0,0,1,1.4666666661999999,6.86721699555644,inf,0.0,0,0,0,CLEAR,none,nan,0.0,0.0,0,0,0,0,0.0,0,0,1,0,2.0,1.0,"1.637,25.342;1.477,25.192;1.324,25.034;1.174,24.872;1.028,24.708;0.884,24.542;0.740,24.375;0.598,24.207;0.456,24.039;0.315,23.871;0.173,23.702;0.031,23.534;-0.040,23.451",-2.9499999999999997,20.150000000000002,2.0,-2.9499999999999997,20.150000000000002,2.0,-2.9499999999999997,20.150000000000002,2.0,5.32731040413876,0.0,0.0,0,0,4,1,,,0,1,PASS_THROUGH,-1,0.9858575317882237,0.16450138423777536,0.032003462317182894,0.9,0,0.9840091494334884,0.17478544397850165,0.03429347466239998,4.5,0.9,0,0,0,BYPASS_VISIBLE,1,0,1,1,1
1787562354370125056,1787562354385800704,joint_v2_000003_c1d41e01,883,106,0.03333333333333333,3.533333333333333,15.675544738769531,frame_id_exact,1,,1.543596863746643,25.260669708251953,1.7607585191726685,-0.012991494648278134,-0.017854444773042,-0.9008775307545118,-0.43351137753270536,-1.4130430221557617,-1.2324647903442383,-0.09739465266466141,1.8672554017333176,0.08254534107120018,-0.1780148635204694,2.244414366641939,0.06452873349189758,depth/000883.png,1.0,-0.007927281341816425,-0.043433257722629404,-0.9990248797373003,1.8672554017333176,0.08254534107120018,-0.1780148635204694,0.06452873349189758,0.9839542774881272,0.1749274116924828,0.03513375088694603,4.5,0.9,1.3999999995999999,0.0,0.23924148082733154,0.3485164890569781,1.3999999995999999,0.0,0.23924148082733154,0.3485164890569781,direct,SAFE_PROGRESSING,NONE,DIRECT_LOCAL,PASS_THROUGH,0,5,0,0,0,0,1,1.3999999995999999,6.805244862656871,inf,0.0,0,0,0,CLEAR,none,nan,0.0,0.0,0,0,0,0,0.0,0,0,1,0,2.0,1.0,"1.637,25.342;1.477,25.192;1.324,25.034;1.174,24.872;1.028,24.708;0.884,24.542;0.740,24.375;0.598,24.207;0.456,24.039;0.315,23.871;0.173,23.702;0.031,23.534;-0.040,23.451",-2.9499999999999997,20.150000000000002,2.0,-2.9499999999999997,20.150000000000002,2.0,-2.9499999999999997,20.150000000000002,2.0,5.284669010658498,0.0,0.0,0,0,4,1,,,0,1,PASS_THROUGH,-1,0.9858575317882237,0.16450138423777536,0.032003462317182894,0.9,0,0.9839542774881272,0.1749274116924828,0.03513375088694603,4.5,0.9,0,0,0,BYPASS_VISIBLE,1,0,1,1,1
1787562354414075904,1787562354430780672,joint_v2_000003_c1d41e01,884,107,0.03333333333333333,3.566666666666667,16.704797744750977,frame_id_exact,1,,1.4968701601028442,25.21982765197754,1.7579925060272217,-0.03349018401233457,-0.06416302106307564,-0.8995517692003665,-0.43077619343618556,-1.3858472108840942,-1.2139382362365723,-0.06758581101894379,1.8117454058834128,0.07796827072084304,-0.33209322212990344,2.2480155050690747,0.12811484932899475,depth/000884.png,1.0,-0.004972504612447741,-0.14428946620168193,-0.9895230286057586,1.8117454058834128,0.07796827072084304,-0.33209322212990344,0.12811484932899475,0.9843451686242403,0.1725642391117104,0.035863245613195684,4.5,0.9,1.333333333,0.0,0.24200749397277832,0.0818498226569781,1.333333333,0.0,0.24200749397277832,0.0818498226569781,local_avoidance,SAFE_PROGRESSING,NONE,DIRECT_LOCAL,PASS_THROUGH,0,5,0,0,0,0,1,1.333333333,6.743723499786239,inf,0.0,1,1,1,CURRENT_OCCUPIED,current,4.199999999999993,-1.7499999999999998,21.85,0,0,0,0,9.94340438927019,0,0,1,0,2.0,1.0,"1.497,25.220;1.319,25.090;1.128,24.982;0.930,24.886;0.728,24.799;0.523,24.718;0.318,24.640;0.111,24.565;-0.097,24.492;-0.304,24.419;-0.512,24.346;-0.719,24.272;-0.822,24.234",-2.9499999999999997,20.150000000000002,2.0,-2.9499999999999997,20.150000000000002,2.0,-2.9499999999999997,20.150000000000002,2.0,5.2434551751087675,0.0,0.0,0,0,4,1,,,0,1,PASS_THROUGH,-1,0.9858575317882237,0.16450138423777536,0.032003462317182894,0.9,0,0.9843451686242403,0.1725642391117104,0.035863245613195684,4.5,0.9,0,0,0,BYPASS_VISIBLE,1,0,1,1,1
1787562354463129600,1787562354479805952,joint_v2_000003_c1d41e01,885,108,0.03333333333333333,3.6,16.67642593383789,frame_id_exact,1,,1.4514915943145752,25.180002212524414,1.7562710046768188,-0.04751778512074891,-0.10395405420193041,-0.897298076943859,-0.42637046781531807,-1.3331953287124634,-1.1719818115234375,-0.03602074086666107,1.7192995372903273,0.06576698553674891,-0.43810095811553873,2.2548039158618614,0.17156101763248444,depth/000885.png,1.0,0.003370643023792974,-0.22707590639478265,-0.9738712294244009,1.7192995372903273,0.06576698553674891,-0.43810095811553873,0.17156101763248444,0.985277717056864,0.16703254037830553,0.0364410582445698,4.5,0.9,1.2666666664,0.0,0.24372899532318115,-0.18481684374302187,1.2666666664,0.0,0.24372899532318115,-0.18481684374302187,local_avoidance,SAFE_PROGRESSING,NONE,DIRECT_LOCAL,PASS_THROUGH,0,5,0,0,0,0,1,1.2666666664,6.6838649382540885,inf,0.0,1,1,1,CURRENT_OCCUPIED,current,3.399999999999996,-1.2499999999999998,22.35,0,0,0,0,0.0,0,0,1,0,2.0,1.0,"1.497,25.220;1.319,25.090;1.128,24.982;0.930,24.886;0.728,24.799;0.523,24.718;0.318,24.640;0.111,24.565;-0.097,24.492;-0.304,24.419;-0.512,24.346;-0.719,24.272;-0.822,24.234",-2.9499999999999997,20.150000000000002,2.0,-2.9499999999999997,20.150000000000002,2.0,-2.9499999999999997,20.150000000000002,2.0,5.204387445841089,0.0,0.0,0,0,4,1,,,1,1,PASS_THROUGH,-1,0.9859325694677187,0.16714355645008347,0.0,0.9,0,0.985277717056864,0.16703254037830553,0.0364410582445698,4.5,0.9,0,0,0,BYPASS_VISIBLE,1,1,0,1,1
1787562354517308928,1787562354535107584,joint_v2_000003_c1d41e01,886,109,0.03333333333333333,3.6333333333333333,17.798662185668945,frame_id_exact,1,,1.4081937074661255,25.141921997070312,1.7555474042892456,-0.05538513144101167,-0.1337266801887214,-0.8952528222261241,-0.42139298346926135,-1.2622692584991455,-1.109946608543396,-0.008178231306374073,1.6074102022561791,0.04755508946772145,-0.48922693444324794,2.2637070939485087,0.18031276762485504,depth/000886.png,1.0,0.01353557900446907,-0.2861161872472965,-0.9580993244419306,1.6074102022561791,0.04755508946772145,-0.48922693444324794,0.18031276762485504,0.9865305351978553,0.15936922759596409,0.03686397181122715,4.5,0.9,1.1999999998,0.0,0.2444525957107544,-0.45148351014302185,1.1999999998,0.0,0.2444525957107544,-0.45148351014302185,local_avoidance,SAFE_PROGRESSING,NONE,DIRECT_LOCAL,PASS_THROUGH,0,5,0,0,0,0,1,1.1999999998,6.6266988475885755,inf,0.0,1,1,1,CURRENT_OCCUPIED,current,2.9999999999999973,-0.9499999999999996,22.55,0,0,0,0,0.0,0,0,1,0,2.0,1.0,"1.497,25.220;1.319,25.090;1.128,24.982;0.930,24.886;0.728,24.799;0.523,24.718;0.318,24.640;0.111,24.565;-0.097,24.492;-0.304,24.419;-0.512,24.346;-0.719,24.272;-0.822,24.234",-2.9499999999999997,20.150000000000002,2.0,-2.9499999999999997,20.150000000000002,2.0,-2.9499999999999997,20.150000000000002,2.0,5.168012301024407,0.0,0.0,0,0,4,1,,,0,1,PASS_THROUGH,-1,0.985277717056864,0.16703254037830553,0.0364410582445698,0.9,0,0.9865305351978553,0.15936922759596409,0.03686397181122715,4.5,0.9,0,0,0,BYPASS_VISIBLE,1,1,0,1,1
1787562354567503104,1787562354586917120,joint_v2_000003_c1d41e01,887,110,0.03333333333333333,3.6666666666666665,19.41394805908203,frame_id_exact,1,,1.367458701133728,25.106168746948242,1.7556748390197754,-0.058150123600676666,-0.15106361160563622,-0.8943069638317892,-0.4171491373787731,-1.180658221244812,-1.0335053205490112,0.015301368199288845,1.4916933953455194,0.027839214336728795,-0.486206753647581,2.27229977478709,0.14976733922958374,depth/000887.png,1.0,0.0220239895736975,-0.31870902747798496,-0.947596696747775,1.4916933953455194,0.027839214336728795,-0.486206753647581,0.14976733922958374,0.9876879798392887,0.15196271586583848,0.037145490542774814,4.5,0.9,1.1333333332,0.0,0.2443251609802246,-0.44394468678274235,1.1333333332,0.0,0.2443251609802246,-0.44394468678274235,local_avoidance,SAFE_PROGRESSING,NONE,DIRECT_LOCAL,PASS_THROUGH,0,5,0,0,0,0,1,1.1333333332,6.572979406952514,inf,0.0,1,1,1,CURRENT_OCCUPIED,current,2.799999999999998,-0.7499999999999997,22.55,0,0,0,0,8.746769691818722,0,0,1,0,2.0,1.0,"1.367,25.106;1.188,24.980;0.994,24.875;0.795,24.782;0.593,24.696;0.388,24.614;0.183,24.535;-0.023,24.457;-0.229,24.381;-0.436,24.306;-0.642,24.230;-0.848,24.153;-0.951,24.114",-2.9499999999999997,20.150000000000002,2.0,-2.9499999999999997,20.150000000000002,2.0,-2.9499999999999997,20.150000000000002,2.0,5.134644494008098,0.0,0.0,0,0,4,1,,,0,1,PASS_THROUGH,-1,0.985277717056864,0.16703254037830553,0.0364410582445698,0.9,0,0.9876879798392887,0.15196271586583848,0.037145490542774814,4.5,0.9,0,0,0,BYPASS_VISIBLE,1,1,0,1,1
1787562354627288576,1787562354643979520,joint_v2_000003_c1d41e01,888,111,0.03333333333333333,3.7,16.690969467163086,frame_id_exact,1,,1.3295261859893799,25.07310676574707,1.756554126739502,-0.05697889947076101,-0.15474800570700056,-0.8948863696789436,-0.41471055581893274,-1.095170497894287,-0.9496294260025024,0.037612639367580414,1.3832628561408427,0.011235210155214784,-0.4348181432529079,2.278069078342798,0.09041920304298401,depth/000888.png,1.0,0.026371981925861557,-0.32422326422332914,-0.9456129194896141,1.3832628561408427,0.011235210155214784,-0.4348181432529079,0.09041920304298401,0.9883878402776847,0.14730446298784705,0.037294401390504085,4.5,0.9,1.0666666666,0.0,0.24344587326049805,-0.5023187980258892,1.0666666666,0.0,0.24344587326049805,-0.5023187980258892,local_avoidance,SAFE_PROGRESSING,NONE,DIRECT_LOCAL,PASS_THROUGH,0,5,0,0,0,0,1,1.0666666666,6.523137634874291,inf,0.0,1,1,1,CURRENT_OCCUPIED,current,2.7499999999999982,-0.7499999999999997,22.55,0,0,0,0,0.0,0,0,1,0,2.0,1.0,"1.367,25.106;1.188,24.980;0.994,24.875;0.795,24.782;0.593,24.696;0.388,24.614;0.183,24.535;-0.023,24.457;-0.229,24.381;-0.436,24.306;-0.642,24.230;-0.848,24.153;-0.951,24.114",-2.9499999999999997,20.150000000000002,2.0,-2.9499999999999997,20.150000000000002,2.0,-2.9499999999999997,20.150000000000002,2.0,5.104350213252066,0.0,0.0,0,0,4,1,,,0,1,PASS_THROUGH,-1,0.985277717056864,0.16703254037830553,0.0364410582445698,0.9,0,0.9883878402776847,0.14730446298784705,0.037294401390504085,4.5,0.9,0,0,0,BYPASS_VISIBLE,1,1,0,1,1
1787562354673704960,1787562354691447552,joint_v2_000003_c1d41e01,889,112,0.03333333333333333,3.7333333333333334,17.742633819580078,frame_id_exact,1,,1.2944220304489136,25.042856216430664,1.758204460144043,-0.05308033697804845,-0.14563504714915929,-0.8967700757673177,-0.4144590957820065,-1.0119404792785645,-0.8661082983016968,0.06178867816925049,1.2872525548552483,0.00020484698359402357,-0.3478013467424259,2.2797293772342555,0.018343495205044746,depth/000889.png,1.0,0.025517824284102375,-0.30520156146810923,-0.9519458217363179,1.2872525548552483,0.00020484698359402357,-0.3478013467424259,0.018343495205044746,0.9884806848220409,0.14667774675365403,0.0373038113471024,4.5,0.9,1.0,0.0,0.24179553985595703,-0.5838151354989707,1.0,0.0,0.24179553985595703,-0.5838151354989707,local_avoidance,SAFE_PROGRESSING,NONE,DIRECT_LOCAL,PASS_THROUGH,0,5,0,0,0,0,1,1.0,6.477280318715891,inf,0.0,1,1,1,HISTORY_OCCUPIED,history,2.6999999999999984,-0.7499999999999997,22.55,1,0,0,0,0.0,0,0,1,0,2.0,1.0,"1.367,25.106;1.188,24.980;0.994,24.875;0.795,24.782;0.593,24.696;0.388,24.614;0.183,24.535;-0.023,24.457;-0.229,24.381;-0.436,24.306;-0.642,24.230;-0.848,24.153;-0.951,24.114",-2.9499999999999997,20.150000000000002,2.0,-2.9499999999999997,20.150000000000002,2.0,-2.9499999999999997,20.150000000000002,2.0,5.076937605311473,0.0,0.0,0,0,4,1,,,0,1,PASS_THROUGH,-1,0.985277717056864,0.16703254037830553,0.0364410582445698,0.9,0,0.9884806848220409,0.14667774675365403,0.0373038113471024,4.5,0.9,0,0,0,BYPASS_VISIBLE,1,1,0,1,1
1787562354724528384,1787562354743325696,joint_v2_000003_c1d41e01,890,113,0.03333333333333333,3.7666666666666666,18.79739761352539,frame_id_exact,1,,1.261980414390564,25.015275955200195,1.7607040405273438,-0.04760798268091715,-0.1267604285871452,-0.8991503176939741,-0.4161658082066357,-0.9362176060676575,-0.7904446721076965,0.08814109116792679,1.2041840678066036,-0.004823544846223916,-0.2428837207032009,2.277338337693324,-0.06039705127477646,depth/000890.png,1.0,0.019893246918545868,-0.2675789884492946,-0.9633305474589136,1.2041840678066036,-0.004823544846223916,-0.2428837207032009,-0.06039705127477646,0.9879829611175772,0.15002937985915113,0.037159840156036544,4.5,0.9,1.0666666666,0.0,0.23929595947265625,-0.5297561316186483,1.0666666666,0.0,0.23929595947265625,-0.5297561316186483,local_avoidance,SAFE_PROGRESSING,NONE,DIRECT_LOCAL,PASS_THROUGH,0,5,0,0,0,0,1,1.0666666666,6.43519146035756,1.3996076885502426,0.0,1,1,1,HISTORY_OCCUPIED,history,2.6499999999999986,-0.7499999999999997,22.55,2,0,0,0,8.634638326999891,0,0,1,0,2.0,2.0,"1.262,25.015;1.020,24.866;0.690,24.711;0.302,24.549;-0.089,24.394;-0.480,24.243;-0.872,24.091;-1.262,23.935;-1.497,23.837",-2.9499999999999997,20.150000000000002,2.0,-2.9499999999999997,20.150000000000002,2.0,-2.9499999999999997,20.150000000000002,2.0,5.052007971332998,0.0,0.0,0,0,4,1,,,0,1,PASS_THROUGH,-1,0.985277717056864,0.16703254037830553,0.0364410582445698,0.9,0,0.9879829611175772,0.15002937985915113,0.037159840156036544,4.5,0.9,0,0,0,BYPASS_VISIBLE,1,1,0,1,1
1787562354777734144,1787562354796601088,joint_v2_000003_c1d41e01,891,114,0.03333333333333333,3.8,18.867015838623047,frame_id_exact,1,,1.2318860292434692,24.990009307861328,1.7641037702560425,-0.04066183606923483,-0.10077500276838552,-0.901275667336659,-0.41939621525637377,-0.8715925812721252,-0.7280775904655457,0.1157604232430458,1.1339043453832967,-0.004414236901929712,-0.13195655000636092,2.2717509892704975,-0.13806620240211487,depth/000891.png,1.0,0.011234262630156047,-0.21575895604748502,-0.9763820278090212,1.1339043453832967,-0.004414236901929712,-0.13195655000636092,-0.13806620240211487,0.9869888425009596,0.1565080508070859,0.03685450869544437,4.5,0.9,1.1333333332,0.0,0.23589622974395752,-0.5512745376052708,1.1333333332,0.0,0.23589622974395752,-0.5512745376052708,local_avoidance,SAFE_PROGRESSING,NONE,DIRECT_LOCAL,PASS_THROUGH,0,5,0,0,0,0,1,1.1333333332,6.396394364152822,1.3996076885502426,0.0,1,1,1,HISTORY_OCCUPIED,history,2.7499999999999982,-0.8499999999999996,22.450000000000003,2,0,0,0,0.0,0,0,1,0,2.0,2.0,"1.262,25.015;1.020,24.866;0.690,24.711;0.302,24.549;-0.089,24.394;-0.480,24.243;-0.872,24.091;-1.262,23.935;-1.497,23.837",-2.9499999999999997,20.150000000000002,2.0,-2.9499999999999997,20.150000000000002,2.0,-2.9499999999999997,20.150000000000002,2.0,5.029017964082032,0.0,0.0,0,0,4,1,,,1,1,PASS_THROUGH,-1,0.9876598172663605,0.1566144481118493,0.0,0.9,0,0.9869888425009596,0.1565080508070859,0.03685450869544437,4.5,0.9,0,0,0,BYPASS_VISIBLE,1,1,1,1,1
1787562354829873408,1787562354846645504,joint_v2_000003_c1d41e01,892,115,0.03333333333333333,3.8333333333333335,16.77227020263672,frame_id_exact,1,,1.2037104368209839,24.966543197631836,1.768438696861267,-0.03028176815305327,-0.06698490309202168,-0.9028094884016805,-0.42371106302192924,-0.8218259811401367,-0.6831325888633728,0.14409245550632477,1.0782534060975484,0.0004778367829594187,-0.014144853799517632,2.264130739315573,-0.2099739909172058,depth/000892.png,0.9999967447916667,0.0020871537627701955,-0.1466106525309161,-0.9891920745505544,1.0782534060975484,0.0004778367829594187,-0.014144853799517632,-0.2099739909172058,0.9856299825065855,0.16495383591754284,0.03638364467939206,4.5,0.9,1.1999999998,0.0,0.2315613031387329,-0.5970415070429125,1.1999999998,0.0,0.2315613031387329,-0.5970415070429125,local_avoidance,SAFE_PROGRESSING,NONE,DIRECT_LOCAL,PASS_THROUGH,0,5,0,0,0,0,1,1.1999999998,6.360220025094184,1.3996076885502426,0.0,1,1,1,HISTORY_OCCUPIED,history,3.049999999999997,-1.2499999999999998,22.450000000000003,2,0,0,0,0.0,0,0,1,0,2.0,2.0,"1.262,25.015;1.020,24.866;0.690,24.711;0.302,24.549;-0.089,24.394;-0.480,24.243;-0.872,24.091;-1.262,23.935;-1.497,23.837",-2.9499999999999997,20.150000000000002,2.0,-2.9499999999999997,20.150000000000002,2.0,-2.9499999999999997,20.150000000000002,2.0,5.007309370348904,0.0,0.0,0,0,4,1,,,0,1,PASS_THROUGH,-1,0.9869888425009596,0.1565080508070859,0.03685450869544437,0.9,0,0.9856299825065855,0.16495383591754284,0.03638364467939206,4.5,0.9,0,0,0,BYPASS_VISIBLE,1,1,1,1,1
1787562354874284288,1787562354891166464,joint_v2_000003_c1d41e01,893,116,0.03333333333333333,3.8666666666666667,16.88218116760254,frame_id_exact,1,,1.1768755912780762,24.94423484802246,1.773659348487854,-0.015553874422571643,-0.02686500916463586,-0.902976680908272,-0.4285667532706097,-0.7919119596481323,-0.6591172218322754,0.16806522011756897,1.038696551653975,0.009209252892790188,0.10407038678753447,2.2551667522895955,-0.2777668237686157,depth/000893.png,1.0,-0.005062672294169287,-0.061848700540227015,-0.9980726965460618,1.038696551653975,0.009209252892790188,0.10407038678753447,-0.2777668237686157,0.9839755596705096,0.17468110378449117,0.03575765584792881,4.5,0.9,1.1333333332,0.0,0.226340651512146,-0.3303748406429125,1.1333333332,0.0,0.226340651512146,-0.3303748406429125,local_avoidance,SAFE_PROGRESSING,NONE,DIRECT_LOCAL,PASS_THROUGH,0,5,0,0,0,0,1,1.1333333332,6.325803500258263,inf,0.0,1,1,1,HISTORY_OCCUPIED,history,3.4999999999999956,-1.6499999999999997,22.35,2,0,0,0,10.06660555235418,0,0,1,0,2.0,1.0,"1.177,24.944;1.053,24.764;0.965,24.562;0.889,24.356;0.820,24.147;0.755,23.937;0.692,23.726;0.631,23.515;0.571,23.303;0.511,23.091;0.451,22.880;0.390,22.668;0.359,22.563",-2.9499999999999997,20.150000000000002,2.0,-2.9499999999999997,20.150000000000002,2.0,-2.9499999999999997,20.150000000000002,2.0,4.986163482767211,0.0,0.0,0,0,4,1,,,0,1,PASS_THROUGH,-1,0.9869888425009596,0.1565080508070859,0.03685450869544437,0.9,0,0.9839755596705096,0.17468110378449117,0.03575765584792881,4.5,0.9,0,0,0,BYPASS_VISIBLE,1,1,1,1,1
1787562354924567040,1787562354941367808,joint_v2_000003_c1d41e01,894,117,0.03333333333333333,3.9,16.800880432128906,frame_id_exact,1,,1.1506556272506714,24.92236328125,1.779479742050171,0.002237333171298908,0.013913224992589438,-0.9010444605693646,-0.4334977469236131,-0.7851368188858032,-0.6565901041030884,0.1787172108888626,1.0180362362537339,0.021492124632349167,0.20647164671507967,2.244864450874498,-0.33036166429519653,depth/000894.png,1.0,-0.00803083005256371,0.027012626394206984,-0.9996028330211724,1.0180362362537339,0.021492124632349167,0.20647164671507967,-0.33036166429519653,0.9819842748983267,0.1856881700861196,0.03502552415704255,4.5,0.9,1.0666666666,0.0,0.2205202579498291,-0.06370817424291253,1.0666666666,0.0,0.2205202579498291,-0.06370817424291253,local_avoidance,SAFE_PROGRESSING,NONE,DIRECT_LOCAL,PASS_THROUGH,0,4,0,0,0,0,1,1.0666666666,6.2921242725748705,inf,0.0,1,1,1,HISTORY_OCCUPIED,history,3.999999999999994,-1.5499999999999996,21.35,2,0,0,0,0.0,0,0,1,0,2.0,1.0,"1.177,24.944;1.053,24.764;0.965,24.562;0.889,24.356;0.820,24.147;0.755,23.937;0.692,23.726;0.631,23.515;0.571,23.303;0.511,23.091;0.451,22.880;0.390,22.668;0.359,22.563",-2.9499999999999997,20.150000000000002,2.0,-2.9499999999999997,20.150000000000002,2.0,-2.9499999999999997,20.150000000000002,2.0,4.964942955316152,0.0,0.0,0,0,4,1,,,0,1,PASS_THROUGH,-1,0.9869888425009596,0.1565080508070859,0.03685450869544437,0.9,0,0.9819842748983267,0.1856881700861196,0.03502552415704255,4.5,0.9,0,0,0,BYPASS_VISIBLE,1,1,1,1,1
1787562354966830080,1787562354983529728,joint_v2_000003_c1d41e01,895,118,0.03333333333333333,3.933333333333333,16.699790954589844,frame_id_exact,1,,1.1242986917495728,24.900272369384766,1.785443663597107,0.01833317943470125,0.04334804920596832,-0.8975637899309354,-0.4383652406004241,-0.7993101477622986,-0.6707439422607422,0.17861655354499817,1.0213913090243958,0.03640360314454776,0.2759213531481185,2.2331919323788907,-0.34919804334640503,depth/000895.png,1.0,-0.005094160009677974,0.09388853589057032,-0.995569682323704,1.0213913090243958,0.03640360314454776,0.2759213531481185,-0.34919804334640503,0.9795992534765138,0.19801839686818148,0.03426393278671256,4.5,0.9,1.0,0.0,0.21455633640289307,0.20295849215708744,1.0,0.0,0.21455633640289307,0.20295849215708744,local_avoidance,SAFE_PROGRESSING,NONE,DIRECT_LOCAL,PASS_THROUGH,0,4,0,0,0,0,1,1.0,6.258194421151567,inf,0.0,1,1,1,HISTORY_OCCUPIED,history,4.599999999999992,-2.3499999999999996,21.150000000000002,2,0,0,0,0.0,0,0,1,0,2.0,1.0,"1.177,24.944;1.053,24.764;0.965,24.562;0.889,24.356;0.820,24.147;0.755,23.937;0.692,23.726;0.631,23.515;0.571,23.303;0.511,23.091;0.451,22.880;0.390,22.668;0.359,22.563",-2.9499999999999997,20.150000000000002,2.0,-2.9499999999999997,20.150000000000002,2.0,-2.9499999999999997,20.150000000000002,2.0,4.9432605876941595,0.0,0.0,0,0,4,1,,,0,1,PASS_THROUGH,-1,0.9869888425009596,0.1565080508070859,0.03685450869544437,0.9,0,0.9795992534765138,0.19801839686818148,0.03426393278671256,4.5,0.9,0,0,0,BYPASS_VISIBLE,1,1,1,1,1
1787562355011522816,1787562355029572608,joint_v2_000003_c1d41e01,896,119,0.03333333333333333,3.966666666666667,18.049955368041992,frame_id_exact,1,,1.0972076654434204,24.877546310424805,1.791418433189392,0.027594901839204967,0.053824812967338605,-0.8942897360015772,-0.44338164033228195,-0.8277347087860107,-0.6935036778450012,0.18053847551345825,1.0489731860225806,0.05128832879250724,0.3093719489379043,2.2209431525305083,-0.33003345131874084,depth/000896.png,1.0,0.001625807233470354,0.12074010124234102,-0.9926828218030314,1.0489731860225806,0.05128832879250724,0.3093719489379043,-0.33003345131874084,0.9769306904811413,0.21091313890617513,0.03349737053538645,4.5,0.9,1.0666666666,0.0,0.2085815668106079,0.4178455049814689,1.0666666666,0.0,0.2085815668106079,0.4178455049814689,direct,SAFE_PROGRESSING,NONE,DIRECT_LOCAL,PASS_THROUGH,0,4,0,0,0,0,1,1.0666666666,6.223309730716859,inf,0.0,0,0,0,CLEAR,none,nan,0.0,0.0,0,0,0,0,12.182811644562358,0,0,1,0,2.0,2.0,"1.097,24.878;0.916,24.697;0.692,24.446;0.428,24.136;0.158,23.813;-0.109,23.490;-0.377,23.166;-0.646,22.844;-0.854,22.599",-2.9499999999999997,20.150000000000002,2.0,-2.9499999999999997,20.150000000000002,2.0,-2.9499999999999997,20.150000000000002,2.0,4.921020069022287,0.0,0.0,0,0,4,1,,,0,1,PASS_THROUGH,-1,0.9869888425009596,0.1565080508070859,0.03685450869544437,0.9,0,0.9769306904811413,0.21091313890617513,0.03349737053538645,4.5,0.9,0,0,0,BYPASS_VISIBLE,1,1,1,1,1
1787562355058458880,1787562355076309504,joint_v2_000003_c1d41e01,897,120,0.03333333333333333,4.0,17.850637435913086,frame_id_exact,1,,1.0690968036651611,24.854061126708984,1.79729163646698,0.02774925462318531,0.04624826596713347,-0.8922599921119665,-0.4482891736806104,-0.8582912087440491,-0.7146828770637512,0.1682697832584381,1.0907154634462115,0.06292279031935535,0.28658442733516803,2.2099955364248034,-0.2709498703479767,depth/000897.png,1.0,0.008053905553257835,0.10741033570461447,-0.9941821535257819,1.0907154634462115,0.06292279031935535,0.28658442733516803,-0.2709498703479767,0.9743692303787485,0.2225586818243292,0.032745015433533295,4.5,0.9,1.1333333332,0.0,0.20270836353302002,0.4648869875007322,1.1333333332,0.0,0.20270836353302002,0.4648869875007322,direct,SAFE_PROGRESSING,NONE,DIRECT_LOCAL,PASS_THROUGH,0,4,0,0,0,0,1,1.1333333332,6.1871908166021585,inf,0.0,0,0,0,CLEAR,none,nan,0.0,0.0,0,0,0,0,0.0,0,0,1,0,2.0,2.0,"1.097,24.878;0.916,24.697;0.692,24.446;0.428,24.136;0.158,23.813;-0.109,23.490;-0.377,23.166;-0.646,22.844;-0.854,22.599",-2.9499999999999997,20.150000000000002,2.0,-2.9499999999999997,20.150000000000002,2.0,-2.9499999999999997,20.150000000000002,2.0,4.89839907792283,0.0,0.0,0,0,4,1,,,1,1,PASS_THROUGH,-1,0.9748920277384263,0.22267809558207474,0.0,0.9,0,0.9743692303787485,0.2225586818243292,0.032745015433533295,4.5,0.9,0,0,0,BYPASS_VISIBLE,1,0,1,1,1
1787562355105186304,1787562355122291200,joint_v2_000003_c1d41e01,898,121,0.03333333333333333,4.033333333333333,17.1048641204834,frame_id_exact,1,,1.04004967212677,24.829978942871094,1.8025847673416138,0.02326894372705647,0.029189461902622088,-0.8910933888537046,-0.45228210655837675,-0.8834200501441956,-0.7289134860038757,0.1505335569381714,1.1293419476542663,0.06975949025802328,0.23265121024177463,2.201689030709947,-0.18445993959903717,depth/000898.png,1.0,0.015065861204330996,0.0730693268237701,-0.9972130631433249,1.1293419476542663,0.06975949025802328,0.23265121024177463,-0.18445993959903717,0.9722657383580567,0.23166783907433738,0.03208342802272833,4.5,0.9,1.1999999998,0.0,0.19741523265838623,0.5216119810641606,1.1999999998,0.0,0.19741523265838623,0.5216119810641606,direct,SAFE_PROGRESSING,NONE,DIRECT_LOCAL,PASS_THROUGH,0,4,0,0,0,0,1,1.1999999998,6.150016202560426,inf,0.0,0,0,0,CLEAR,none,nan,0.0,0.0,0,0,0,0,0.0,0,0,1,0,2.0,2.0,"1.097,24.878;0.916,24.697;0.692,24.446;0.428,24.136;0.158,23.813;-0.109,23.490;-0.377,23.166;-0.646,22.844;-0.854,22.599",-2.9499999999999997,20.150000000000002,2.0,-2.9499999999999997,20.150000000000002,2.0,-2.9499999999999997,20.150000000000002,2.0,4.875669279332344,0.0,0.0,0,0,4,1,,,0,1,PASS_THROUGH,-1,0.9743692303787485,0.2225586818243292,0.032745015433533295,0.9,0,0.9722657383580567,0.23166783907433738,0.03208342802272833,4.5,0.9,0,0,0,BYPASS_VISIBLE,1,0,1,1,1
1787562355147234048,1787562355164868864,joint_v2_000003_c1d41e01,899,122,0.03333333333333333,4.066666666666666,17.634868621826172,frame_id_exact,1,,1.0102815628051758,24.805564880371094,1.8074580430984497,0.019155437250834035,0.011105452290468073,-0.8903263055887838,-0.45478435299576997,-0.9014722108840942,-0.7344978451728821,0.14361834526062012,1.1547840365653865,0.07065654312797426,0.18505929444969574,2.196635201939279,-0.08891299366950989,depth/000899.png,1.0,0.02400800748965384,0.03719813889227313,-0.9990194763063069,1.1547840365653865,0.07065654312797426,0.18505929444969574,-0.08891299366950989,0.9708366563361225,0.23766534949448923,0.03148600266404302,4.5,0.9,1.2666666664,0.0,0.1925419569015503,0.46621800778168243,1.2666666664,0.0,0.1925419569015503,0.46621800778168243,direct,SAFE_PROGRESSING,NONE,DIRECT_LOCAL,PASS_THROUGH,0,4,0,0,0,0,1,1.2666666664,6.11212846822114,inf,0.0,0,0,0,CLEAR,none,nan,0.0,0.0,0,0,0,0,13.755742482634279,0,0,1,0,2.0,2.0,"1.010,24.806;0.816,24.615;0.581,24.352;0.313,24.033;0.046,23.709;-0.220,23.384;-0.486,23.059;-0.753,22.735;-0.934,22.520",-2.9499999999999997,20.150000000000002,2.0,-2.9499999999999997,20.150000000000002,2.0,-2.9499999999999997,20.150000000000002,2.0,4.85311774173738,0.0,0.0,0,0,4,1,,,0,1,PASS_THROUGH,-1,0.9743692303787485,0.2225586818243292,0.032745015433533295,0.9,0,0.9708366563361225,0.23766534949448923,0.03148600266404302,4.5,0.9,0,0,0,BYPASS_VISIBLE,1,0,1,1,1
1787562355192920064,1787562355209555456,joint_v2_000003_c1d41e01,900,123,0.03333333333333333,4.1,16.635417938232422,frame_id_exact,1,,0.9800180196762085,24.781105041503906,1.8122305870056152,0.018762650343072663,-0.001161719001443534,-0.889962814401461,-0.45564547879211553,-0.9136740565299988,-0.7316974401473999,0.14308923482894897,1.1667685113236759,0.06466595903883726,0.1585102815065864,2.194958122319173,0.0019944566302001476,depth/000900.png,1.0,0.03445478623117224,0.015030460173820105,-0.9992932267221306,1.1667685113236759,0.06466595903883726,0.1585102815065864,0.0019944566302001476,0.9701700145771451,0.24044826642136324,0.030899417313971483,4.5,0.9,1.333333333,0.0,0.18776941299438477,0.4933367189091742,1.333333333,0.0,0.18776941299438477,0.4933367189091742,direct,SAFE_PROGRESSING,NONE,DIRECT_LOCAL,PASS_THROUGH,0,4,0,0,0,0,1,1.333333333,6.073892947724926,inf,0.0,0,0,0,CLEAR,none,nan,0.0,0.0,0,0,0,0,0.0,0,0,1,0,2.0,2.0,"1.010,24.806;0.816,24.615;0.581,24.352;0.313,24.033;0.046,23.709;-0.220,23.384;-0.486,23.059;-0.753,22.735;-0.934,22.520",-2.9499999999999997,20.150000000000002,2.0,-2.9499999999999997,20.150000000000002,2.0,-2.9499999999999997,20.150000000000002,2.0,4.8309874300072515,0.0,0.0,0,0,4,1,,,0,1,PASS_THROUGH,-1,0.9743692303787485,0.2225586818243292,0.032745015433533295,0.9,0,0.9701700145771451,0.24044826642136324,0.030899417313971483,4.5,0.9,0,0,0,BYPASS_VISIBLE,1,0,1,1,1
1787562355235525632,1787562355252529408,joint_v2_000003_c1d41e01,901,124,0.03333333333333333,4.133333333333334,17.003774642944336,frame_id_exact,1,,0.949383020401001,24.756839752197266,1.8170127868652344,0.023199614712801082,-0.0025475821175889395,-0.8902027830408785,-0.4549662545385168,-0.924751341342926,-0.7239333987236023,0.1438502073287964,1.1710201232460544,0.051673939243445,0.1611805391709748,2.196283542826277,0.083429716527462,depth/000901.png,1.0,0.04362285095396076,0.016574354243033856,-0.9989105754050635,1.1710201232460544,0.051673939243445,0.1611805391709748,0.083429716527462,0.9702013331709013,0.24039764860948187,0.03030418546072194,4.5,0.9,1.3999999995999999,0.0,0.18298721313476562,0.5328915914636356,1.3999999995999999,0.0,0.18298721313476562,0.5328915914636356,direct,SAFE_PROGRESSING,NONE,DIRECT_LOCAL,PASS_THROUGH,0,4,0,0,0,0,1,1.3999999995999999,6.035574574323192,inf,0.0,0,0,0,CLEAR,none,nan,0.0,0.0,0,0,0,0,0.0,0,0,1,0,2.0,2.0,"1.010,24.806;0.816,24.615;0.581,24.352;0.313,24.033;0.046,23.709;-0.220,23.384;-0.486,23.059;-0.753,22.735;-0.934,22.520",-2.9499999999999997,20.150000000000002,2.0,-2.9499999999999997,20.150000000000002,2.0,-2.9499999999999997,20.150000000000002,2.0,4.8093614983187685,0.0,0.0,0,0,4,1,,,0,1,PASS_THROUGH,-1,0.9743692303787485,0.2225586818243292,0.032745015433533295,0.9,0,0.9702013331709013,0.24039764860948187,0.03030418546072194,4.5,0.9,0,0,0,BYPASS_VISIBLE,1,0,1,1,1
1787562355287183616,1787562355303390720,joint_v2_000003_c1d41e01,902,125,0.03333333333333333,4.166666666666667,16.207218170166016,frame_id_exact,1,,0.9183110594749451,24.732837677001953,1.8218096494674683,0.03161529365493651,0.009118768640006754,-0.8910162632758826,-0.4527773623354919,-0.940910279750824,-0.7169933319091797,0.1435270756483078,1.1750990089879632,0.032588243263290115,0.1951203204786095,2.200205340866616,0.1572151929140091,depth/000902.png,1.0,0.048081937604442786,0.04487932085968057,-0.9978346425312044,1.1750990089879632,0.032588243263290115,0.1951203204786095,0.1572151929140091,0.9708295116162623,0.23792439028731321,0.029699223581428662,4.5,0.9,1.4666666661999999,0.0,0.17819035053253174,0.4379200965959118,1.4666666661999999,0.0,0.17819035053253174,0.4379200965959118,direct,SAFE_PROGRESSING,NONE,DIRECT_LOCAL,PASS_THROUGH,0,4,0,0,0,0,1,1.4666666661999999,5.997185308676464,inf,0.0,0,0,0,CLEAR,none,nan,0.0,0.0,0,0,0,0,13.770262478445524,0,0,1,0,2.0,2.0,"0.918,24.733;0.718,24.542;0.481,24.276;0.213,23.955;-0.052,23.629;-0.315,23.302;-0.578,22.974;-0.843,22.649;-1.017,22.440",-2.9499999999999997,20.150000000000002,2.0,-2.9499999999999997,20.150000000000002,2.0,-2.9499999999999997,20.150000000000002,2.0,4.78813615752346,0.0,0.0,0,0,4,1,,,0,1,PASS_THROUGH,-1,0.9743692303787485,0.2225586818243292,0.032745015433533295,0.9,0,0.9708295116162623,0.23792439028731321,0.029699223581428662,4.5,0.9,0,0,0,BYPASS_VISIBLE,1,0,1,1,1
1787562355334309376,1787562355351984640,joint_v2_000003_c1d41e01,903,126,0.03333333333333333,4.2,17.675399780273438,frame_id_exact,1,,0.8865402936935425,24.708961486816406,1.8265188932418823,0.04193689780909015,0.03274456158190176,-0.89196388330302,-0.4489649442572946,-0.9673522114753723,-0.7174406051635742,0.1377706080675125,1.185554114096219,0.008867632873848414,0.25269521378096227,2.2067639692222007,0.21926960349082947,depth/000903.png,1.0,0.04541007591625977,0.09607032658565999,-0.9943381805779179,1.185554114096219,0.008867632873848414,0.25269521378096227,0.21926960349082947,0.9720400710840411,0.2330045661849204,0.02910278928057505,4.5,0.9,1.5333333327999998,0.0,0.17348110675811768,0.44980475597893976,1.5333333327999998,0.0,0.17348110675811768,0.44980475597893976,direct,SAFE_PROGRESSING,NONE,DIRECT_LOCAL,PASS_THROUGH,0,4,0,0,0,0,1,1.5333333327999998,5.958453764476936,inf,0.0,0,0,0,CLEAR,none,nan,0.0,0.0,0,0,0,0,0.0,0,0,1,0,2.0,2.0,"0.918,24.733;0.718,24.542;0.481,24.276;0.213,23.955;-0.052,23.629;-0.315,23.302;-0.578,22.974;-0.843,22.649;-1.017,22.440",-2.9499999999999997,20.150000000000002,2.0,-2.9499999999999997,20.150000000000002,2.0,-2.9499999999999997,20.150000000000002,2.0,4.7670240953133245,0.0,0.0,0,0,4,1,,,1,1,PASS_THROUGH,-1,0.9724519782867135,0.23310330312172178,0.0,0.9,0,0.9720400710840411,0.2330045661849204,0.02910278928057505,4.5,0.9,0,0,0,BYPASS_VISIBLE,1,0,1,1,1
1787562355383513344,1787562355399084544,joint_v2_000003_c1d41e01,904,127,0.03333333333333333,4.233333333333333,15.571117401123047,frame_id_exact,1,,0.8536778092384338,24.68486976623535,1.8308782577514648,0.051549418292624154,0.06456887440223674,-0.8924694754660056,-0.44347689149892916,-1.0065579414367676,-0.7306880354881287,0.12184684723615646,1.2076395286676866,-0.017790446211145526,0.32124884074376103,2.216430479668595,0.26897063851356506,depth/000904.png,1.0,0.03474295719341454,0.16097345050437123,-0.9863470358642404,1.2076395286676866,-0.017790446211145526,0.32124884074376103,0.26897063851356506,0.9738970232915022,0.22518618819150507,0.028561664372566666,4.5,0.9,1.5999999993999998,0.0,0.16912174224853516,0.47882954706964576,1.5999999993999998,0.0,0.16912174224853516,0.47882954706964576,direct,SAFE_PROGRESSING,NONE,DIRECT_LOCAL,PASS_THROUGH,0,4,0,0,0,0,1,1.5999999993999998,5.918868867715211,inf,0.0,0,0,0,CLEAR,none,nan,0.0,0.0,0,0,0,0,0.0,0,0,1,0,2.0,2.0,"0.918,24.733;0.718,24.542;0.481,24.276;0.213,23.955;-0.052,23.629;-0.315,23.302;-0.578,22.974;-0.843,22.649;-1.017,22.440",-2.9499999999999997,20.150000000000002,2.0,-2.9499999999999997,20.150000000000002,2.0,-2.9499999999999997,20.150000000000002,2.0,4.745607311109543,0.0,0.0,0,0,4,1,,,0,1,PASS_THROUGH,-1,0.9720400710840411,0.2330045661849204,0.02910278928057505,0.9,0,0.9738970232915022,0.22518618819150507,0.028561664372566666,4.5,0.9,0,0,0,BYPASS_VISIBLE,1,0,1,1,1
1787562355430395904,1787562355446011136,joint_v2_000003_c1d41e01,905,128,0.03333333333333333,4.266666666666667,15.615224838256836,frame_id_exact,1,,0.8193038702011108,24.66007423400879,1.8344793319702148,0.05802038028414635,0.0992005025963833,-0.8923623241220122,-0.4364428693928552,-1.057640790939331,-0.7595550417900085,0.0917314812541008,1.2460094495620144,-0.045656438164054056,0.38641753334548035,2.2298773291458023,0.31059005856513977,depth/000905.png,1.0,0.016959698796849804,0.22769074461091557,-0.973585791512616,1.2460094495620144,-0.045656438164054056,0.38641753334548035,0.31059005856513977,0.9764715314215522,0.21380124200402417,0.028149196094834777,4.5,0.9,1.6666666659999998,0.0,0.16552066802978516,0.33457569111954744,1.6666666659999998,0.0,0.16552066802978516,0.33457569111954744,direct,SAFE_PROGRESSING,NONE,DIRECT_LOCAL,PASS_THROUGH,0,4,0,0,0,0,1,1.6666666659999998,5.877790508531502,inf,0.0,0,0,0,CLEAR,none,nan,0.0,0.0,0,0,0,0,12.350179468659176,0,0,1,0,2.0,2.0,"0.819,24.660;0.599,24.457;0.346,24.172;0.079,23.848;-0.182,23.519;-0.441,23.188;-0.700,22.858;-0.963,22.530;-1.105,22.358",-2.9499999999999997,20.150000000000002,2.0,-2.9499999999999997,20.150000000000002,2.0,-2.9499999999999997,20.150000000000002,2.0,4.723450436461636,0.0,0.0,0,0,4,1,,,0,1,PASS_THROUGH,-1,0.9720400710840411,0.2330045661849204,0.02910278928057505,0.9,0,0.9764715314215522,0.21380124200402417,0.028149196094834777,4.5,0.9,0,0,0,BYPASS_VISIBLE,1,0,1,1,1
1787562355473181184,1787562355492205824,joint_v2_000003_c1d41e01,906,129,0.03333333333333333,4.3,19.02461051940918,frame_id_exact,1,,0.7830776572227478,24.634061813354492,1.8368041515350342,0.05962526117687281,0.13080551928675202,-0.8921161622484086,-0.4283263912122202,-1.1169407367706299,-0.8038029670715332,0.04516732692718506,1.3046922516754362,-0.07258766455570351,0.433826078198273,2.2471745642590917,0.3383294343948364,depth/000906.png,1.0,-0.005669593705128331,0.2844655816239669,-0.9586694887074257,1.3046922516754362,-0.07258766455570351,0.433826078198273,0.3383294343948364,0.9796518132836439,0.1987475740817774,0.02795937278761798,4.5,0.9,1.7333333325999998,0.0,0.16319584846496582,0.32534865039314464,1.7333333325999998,0.0,0.16319584846496582,0.32534865039314464,direct,SAFE_PROGRESSING,NONE,DIRECT_LOCAL,PASS_THROUGH,0,4,0,0,0,0,1,1.7333333325999998,5.834610453221332,inf,0.0,0,0,0,CLEAR,none,nan,0.0,0.0,0,0,0,0,0.0,0,0,1,0,2.0,2.0,"0.819,24.660;0.599,24.457;0.346,24.172;0.079,23.848;-0.182,23.519;-0.441,23.188;-0.700,22.858;-0.963,22.530;-1.105,22.358",-2.9499999999999997,20.150000000000002,2.0,-2.9499999999999997,20.150000000000002,2.0,-2.9499999999999997,20.150000000000002,2.0,4.700147202202212,0.0,0.0,0,0,4,1,,,0,1,PASS_THROUGH,-1,0.9720400710840411,0.2330045661849204,0.02910278928057505,0.9,0,0.9796518132836439,0.1987475740817774,0.02795937278761798,4.5,0.9,0,0,0,BYPASS_VISIBLE,1,0,1,1,1
1787562355517827584,1787562355534418176,joint_v2_000003_c1d41e01,907,130,0.03333333333333333,4.333333333333333,16.590595245361328,frame_id_exact,1,,0.744803786277771,24.60634994506836,1.837324857711792,0.0555625435478423,0.15408583027677583,-0.892648678791319,-0.41993892045692,-1.1797165870666504,-0.8609787821769714,-0.01570194587111473,1.385734671394921,-0.09564330894383209,0.45150195814808125,2.267145537579138,0.3510129153728485,depth/000907.png,1.0,-0.030217612271741773,0.3217547747446977,-0.9463407213248215,1.385734671394921,-0.09564330894383209,0.45150195814808125,0.3510129153728485,0.9830581784592205,0.1811285321074189,0.028090436469570587,4.5,0.9,1.7999999991999998,0.0,0.162675142288208,0.34007839457913525,1.7999999991999998,0.0,0.162675142288208,0.34007839457913525,direct,SAFE_PROGRESSING,NONE,DIRECT_LOCAL,PASS_THROUGH,0,5,0,0,0,0,1,1.7999999991999998,5.788836657913515,inf,0.0,0,0,0,CLEAR,none,nan,0.0,0.0,0,0,0,0,0.0,0,0,1,0,2.0,2.0,"0.819,24.660;0.599,24.457;0.346,24.172;0.079,23.848;-0.182,23.519;-0.441,23.188;-0.700,22.858;-0.963,22.530;-1.105,22.358",-2.9499999999999997,20.150000000000002,2.0,-2.9499999999999997,20.150000000000002,2.0,-2.9499999999999997,20.150000000000002,2.0,4.675388821967774,0.0,0.0,0,0,4,1,,,0,1,PASS_THROUGH,-1,0.9720400710840411,0.2330045661849204,0.02910278928057505,0.9,0,0.9830581784592205,0.1811285321074189,0.028090436469570587,4.5,0.9,0,0,0,BYPASS_VISIBLE,1,0,1,1,1
1787562355563172608,1787562355581470208,joint_v2_000003_c1d41e01,908,131,0.03333333333333333,4.366666666666666,18.297672271728516,frame_id_exact,1,,0.7044425010681152,24.576560974121094,1.8356622457504272,0.04630151395891833,0.16535394549981905,-0.8948432912920136,-0.41203122034917655,-1.241492509841919,-0.9276240468025208,-0.08459722250699997,1.4866707422129108,-0.11187623876635176,0.43155593577586265,2.2877751616636774,0.3558477759361267,depth/000908.png,1.0,-0.053396777622080185,0.3340870762393717,-0.94102848502551,1.4866707422129108,-0.11187623876635176,0.43155593577586265,0.3558477759361267,0.9862306180096242,0.16288091217040865,0.02861776635047726,4.5,0.9,1.8666666657999997,0.0,0.16433775424957275,0.18029623462147315,1.8666666657999997,0.0,0.16433775424957275,0.18029623462147315,direct,SAFE_PROGRESSING,NONE,DIRECT_LOCAL,PASS_THROUGH,0,5,0,0,0,0,1,1.8666666657999997,5.740156099900494,inf,0.0,0,0,0,CLEAR,none,nan,0.0,0.0,0,0,0,0,9.378030040307422,0,0,1,0,2.0,2.0,"0.704,24.577;0.579,24.469;0.449,24.338;0.312,24.186;0.176,24.026;0.043,23.863;-0.088,23.699;-0.217,23.533;-0.345,23.367;-0.473,23.200;-0.601,23.033;-0.728,22.867;-0.857,22.701;-0.986,22.535;-1.117,22.371;-1.205,22.263",-2.9499999999999997,20.150000000000002,2.0,-2.9499999999999997,20.150000000000002,2.0,-2.9499999999999997,20.150000000000002,2.0,4.648986953614711,0.0,0.0,0,0,4,1,,,0,1,PASS_THROUGH,-1,0.9720400710840411,0.2330045661849204,0.02910278928057505,0.9,0,0.9862306180096242,0.16288091217040865,0.02861776635047726,4.5,0.9,0,0,0,BYPASS_VISIBLE,1,0,1,1,1
1787562355617704192,1787562355634397952,joint_v2_000003_c1d41e01,909,132,0.03333333333333333,4.4,16.693830490112305,frame_id_exact,1,,0.6620907187461853,24.544448852539062,1.8316868543624878,0.03348071255235552,0.1634087493365233,-0.8989607012299277,-0.40502627096455923,-1.2985881567001343,-0.9999973177909851,-0.1529894471168518,1.599027541172058,-0.11943235859856614,0.37226125440738966,2.306914915220595,0.35079583525657654,depth/000909.png,1.0,-0.07217398310602255,0.32091722408996665,-0.9443532450545197,1.599027541172058,-0.11943235859856614,0.37226125440738966,0.35079583525657654,0.9888282392583071,0.14609583449805907,0.029575672226206193,4.5,0.9,1.9333333323999997,0.0,0.1683131456375122,0.16646099015798832,1.9333333323999997,0.0,0.1683131456375122,0.16646099015798832,direct,SAFE_PROGRESSING,NONE,DIRECT_LOCAL,PASS_THROUGH,0,5,0,0,0,0,1,1.9333333323999997,5.688442675990872,inf,0.0,0,0,0,CLEAR,none,nan,0.0,0.0,0,0,0,0,0.0,0,0,1,0,2.0,2.0,"0.704,24.577;0.579,24.469;0.449,24.338;0.312,24.186;0.176,24.026;0.043,23.863;-0.088,23.699;-0.217,23.533;-0.345,23.367;-0.473,23.200;-0.601,23.033;-0.728,22.867;-0.857,22.701;-0.986,22.535;-1.117,22.371;-1.205,22.263",-2.9499999999999997,20.150000000000002,2.0,-2.9499999999999997,20.150000000000002,2.0,-2.9499999999999997,20.150000000000002,2.0,4.620848668238102,0.0,0.0,0,0,4,1,,,1,1,PASS_THROUGH,-1,0.9892609972960927,0.14615977294981025,0.0,0.9,0,0.9888282392583071,0.14609583449805907,0.029575672226206193,4.5,0.9,0,0,0,BYPASS_VISIBLE,1,0,1,1,1
1787562355668917248,1787562355686740736,joint_v2_000003_c1d41e01,910,133,0.03333333333333333,4.433333333333334,17.823457717895508,frame_id_exact,1,,0.6179524660110474,24.509876251220703,1.825574278831482,0.019403635188721402,0.14980698352096938,-0.9044151415247041,-0.3990170653125758,-1.348273754119873,-1.0744459629058838,-0.21139265596866608,1.70992466902858,-0.11834369857663929,0.2812747651415558,2.323012644182876,0.3374757468700409,depth/000910.png,1.0,-0.08445320292513084,0.286460171543812,-0.9543627332596221,1.70992466902858,-0.11834369857663929,0.2812747651415558,0.3374757468700409,0.9907278155516986,0.13229032027915222,0.030946189629717624,4.5,0.9,1.9999999989999997,0.0,0.17442572116851807,0.19616524492679144,1.9999999989999997,0.0,0.17442572116851807,0.19616524492679144,direct,SAFE_PROGRESSING,NONE,DIRECT_LOCAL,PASS_THROUGH,0,5,0,0,0,0,1,1.9999999989999997,5.633720416001542,inf,0.0,0,0,0,CLEAR,none,nan,0.0,0.0,0,0,0,0,0.0,0,0,1,0,2.0,2.0,"0.704,24.577;0.579,24.469;0.449,24.338;0.312,24.186;0.176,24.026;0.043,23.863;-0.088,23.699;-0.217,23.533;-0.345,23.367;-0.473,23.200;-0.601,23.033;-0.728,22.867;-0.857,22.701;-0.986,22.535;-1.117,22.371;-1.205,22.263",-2.9499999999999997,20.150000000000002,2.0,-2.9499999999999997,20.150000000000002,2.0,-2.9499999999999997,20.150000000000002,2.0,4.590995381115984,0.0,0.0,0,0,4,1,,,0,1,PASS_THROUGH,-1,0.9888282392583071,0.14609583449805907,0.029575672226206193,0.9,0,0.9907278155516986,0.13229032027915222,0.030946189629717624,4.5,0.9,0,0,0,BYPASS_VISIBLE,1,0,1,1,1
1787562355722169856,1787562355738841856,joint_v2_000003_c1d41e01,911,134,0.03333333333333333,4.466666666666667,16.67189598083496,frame_id_exact,1,,0.572310209274292,24.472835540771484,1.817794919013977,0.00644590791438407,0.1283771923993454,-0.9101809325450482,-0.3937618782643229,-1.388541579246521,-1.1471649408340454,-0.2520996630191803,1.8068076237409243,-0.11114074636009973,0.1751665041033338,2.335871517729937,0.3240424692630768,depth/000911.png,1.0,-0.089366203857706,0.238769251006076,-0.9669554934856415,1.8068076237409243,-0.11114074636009973,0.1751665041033338,0.3240424692630768,0.992036324437351,0.12164442935764823,0.032658288428559876,4.5,0.9,1.9333333323999997,0.0,0.18220508098602295,0.08812312961013813,1.9333333323999997,0.0,0.18220508098602295,0.08812312961013813,direct,SAFE_PROGRESSING,NONE,DIRECT_LOCAL,PASS_THROUGH,0,5,0,0,0,0,1,1.9333333323999997,5.576161432644771,inf,0.0,0,0,0,CLEAR,none,nan,0.0,0.0,0,0,0,0,6.990764421697472,0,0,1,0,2.0,1.0,"0.572,24.473;0.411,24.324;0.260,24.163;0.116,23.997;-0.024,23.827;-0.161,23.655;-0.296,23.482;-0.430,23.307;-0.563,23.132;-0.696,22.956;-0.829,22.781;-0.962,22.606;-1.029,22.519",-2.9499999999999997,20.150000000000002,2.0,-2.9499999999999997,20.150000000000002,2.0,-2.9499999999999997,20.150000000000002,2.0,4.559570525135558,0.0,0.0,0,0,4,1,,,0,1,PASS_THROUGH,-1,0.9888282392583071,0.14609583449805907,0.029575672226206193,0.9,0,0.992036324437351,0.12164442935764823,0.032658288428559876,4.5,0.9,0,0,0,BYPASS_VISIBLE,1,0,1,1,1
1787562355771321600,1787562355792926976,joint_v2_000003_c1d41e01,912,135,0.03333333333333333,4.5,21.605491638183594,frame_id_exact,1,,0.5254999399185181,24.43345832824707,1.8090171813964844,-0.004369392492007111,0.10197920055540591,-0.9155646978267861,-0.3890018446700184,-1.4181735515594482,-1.2141910791397095,-0.2710660696029663,1.8826113137724094,-0.10143955173392175,0.06661585168213274,2.346182610199048,0.2993117570877075,depth/000912.png,1.0,-0.08734111730131557,0.18333770840329863,-0.9791623021266622,1.8826113137724094,-0.10143955173392175,0.06661585168213274,0.2993117570877075,0.9929401786529033,0.11345699229721677,0.03460220391260949,4.5,0.9,1.8666666657999997,0.0,0.19098281860351562,0.11539765028278914,1.8666666657999997,0.0,0.19098281860351562,0.11539765028278914,direct,SAFE_PROGRESSING,NONE,DIRECT_LOCAL,PASS_THROUGH,0,5,0,0,0,0,1,1.8666666657999997,5.516077871296125,inf,0.0,0,0,0,CLEAR,none,nan,0.0,0.0,0,0,0,0,0.0,0,0,1,0,2.0,1.0,"0.572,24.473;0.411,24.324;0.260,24.163;0.116,23.997;-0.024,23.827;-0.161,23.655;-0.296,23.482;-0.430,23.307;-0.563,23.132;-0.696,22.956;-0.829,22.781;-0.962,22.606;-1.029,22.519",-2.9499999999999997,20.150000000000002,2.0,-2.9499999999999997,20.150000000000002,2.0,-2.9499999999999997,20.150000000000002,2.0,4.526826025315746,0.0,0.0,0,0,4,1,,,0,1,PASS_THROUGH,-1,0.9888282392583071,0.14609583449805907,0.029575672226206193,0.9,0,0.9929401786529033,0.11345699229721677,0.03460220391260949,4.5,0.9,0,0,0,BYPASS_VISIBLE,1,0,1,1,1
1787562355827019776,1787562355844716544,joint_v2_000003_c1d41e01,913,136,0.03333333333333333,4.533333333333333,17.696857452392578,frame_id_exact,1,,0.4779044985771179,24.392005920410156,1.7999866008758545,-0.014614879187940728,0.06901976689066645,-0.9203822710661563,-0.38460258994419716,-1.4351886510849,-1.2703005075454712,-0.2672744691371918,1.9323021459777106,-0.09184893960983634,-0.05135829502841435,2.3546261403470283,0.26424920558929443,depth/000913.png,1.0,-0.07999291360369891,0.11580729882376949,-0.9900453541693599,1.9323021459777106,-0.09184893960983634,-0.05135829502841435,0.26424920558929443,0.9935793803457978,0.10703683407204324,0.036648753096036345,4.5,0.9,1.7999999991999998,0.0,0.2000133991241455,0.12253527069929326,1.7999999991999998,0.0,0.2000133991241455,0.12253527069929326,direct,SAFE_PROGRESSING,NONE,DIRECT_LOCAL,PASS_THROUGH,0,5,0,0,0,0,1,1.7999999991999998,5.453910842703613,inf,0.0,0,0,0,CLEAR,none,nan,0.0,0.0,0,0,0,0,0.0,0,0,1,0,2.0,1.0,"0.572,24.473;0.411,24.324;0.260,24.163;0.116,23.997;-0.024,23.827;-0.161,23.655;-0.296,23.482;-0.430,23.307;-0.563,23.132;-0.696,22.956;-0.829,22.781;-0.962,22.606;-1.029,22.519",-2.9499999999999997,20.150000000000002,2.0,-2.9499999999999997,20.150000000000002,2.0,-2.9499999999999997,20.150000000000002,2.0,4.493202478610697,0.0,0.0,0,0,4,1,,,0,1,PASS_THROUGH,-1,0.9888282392583071,0.14609583449805907,0.029575672226206193,0.9,0,0.9935793803457978,0.10703683407204324,0.036648753096036345,4.5,0.9,0,0,0,BYPASS_VISIBLE,1,0,1,1,1
1787562355873614592,1787562355890267136,joint_v2_000003_c1d41e01,914,137,0.03333333333333333,4.566666666666666,16.652584075927734,frame_id_exact,1,,0.4299968183040619,24.34896469116211,1.7914172410964966,-0.025077799183314865,0.030389248636447094,-0.9240341184973102,-0.38027430285036684,-1.4363905191421509,-1.3089096546173096,-0.2441708743572235,1.9486345828194143,-0.08432438071283525,-0.17830951958276875,2.3620610244275784,0.2275688797235489,depth/000914.png,1.0,-0.0694579848031566,0.03708851994823684,-0.9968951951108671,1.9486345828194143,-0.08432438071283525,-0.17830951958276875,0.2275688797235489,0.9940815391330602,0.10152228331796206,0.03866677572222948,4.5,0.9,1.7333333325999998,0.0,0.20858275890350342,0.07269398446435815,1.7333333325999998,0.0,0.20858275890350342,0.07269398446435815,direct,SAFE_PROGRESSING,NONE,DIRECT_LOCAL,PASS_THROUGH,0,5,0,0,0,0,1,1.7333333325999998,5.390332361679721,inf,0.0,0,0,0,CLEAR,none,nan,0.0,0.0,0,0,0,0,5.8312129744422645,0,0,1,0,2.0,1.0,"0.430,24.349;0.273,24.195;0.125,24.032;-0.018,23.865;-0.157,23.694;-0.293,23.522;-0.428,23.348;-0.562,23.173;-0.694,22.998;-0.827,22.822;-0.960,22.646;-1.093,22.471;-1.160,22.384",-2.9499999999999997,20.150000000000002,2.0,-2.9499999999999997,20.150000000000002,2.0,-2.9499999999999997,20.150000000000002,2.0,4.459273218691246,0.0,0.0,0,0,4,1,,,0,1,PASS_THROUGH,-1,0.9888282392583071,0.14609583449805907,0.029575672226206193,0.9,0,0.9940815391330602,0.10152228331796206,0.03866677572222948,4.5,0.9,0,0,0,BYPASS_VISIBLE,1,0,1,1,1
1787562355918975232,1787562355935689216,joint_v2_000003_c1d41e01,915,138,0.03333333333333333,4.6,16.714096069335938,frame_id_exact,1,,0.3823484182357788,24.30500030517578,1.7838362455368042,-0.03565564004082261,-0.010631723535431972,-0.925942808205713,-0.37582649949153907,-1.4193917512893677,-1.3247454166412354,-0.20946447551250458,1.9272823017914713,-0.0796492379180894,-0.30452858181527953,2.3691003605219403,0.1906396597623825,depth/000915.png,1.0,-0.05803880005577629,-0.046489404660274736,-0.9972312835758909,1.9272823017914713,-0.0796492379180894,-0.30452858181527953,0.1906396597623825,0.9945261225987732,0.09629833140009515,0.040551483797851666,4.5,0.9,1.6666666659999998,0.0,0.2161637544631958,0.09767989032416713,1.6666666659999998,0.0,0.2161637544631958,0.09767989032416713,direct,SAFE_PROGRESSING,NONE,DIRECT_LOCAL,PASS_THROUGH,0,5,0,0,0,0,1,1.6666666659999998,5.326215684379418,inf,0.0,0,0,1,CLEAR,none,nan,0.0,0.0,0,0,0,0,0.0,0,0,1,0,2.0,1.0,"0.430,24.349;0.273,24.195;0.125,24.032;-0.018,23.865;-0.157,23.694;-0.293,23.522;-0.428,23.348;-0.562,23.173;-0.694,22.998;-0.827,22.822;-0.960,22.646;-1.093,22.471;-1.160,22.384",-2.9499999999999997,20.150000000000002,2.0,-2.9499999999999997,20.150000000000002,2.0,-2.9499999999999997,20.150000000000002,2.0,4.425711916615437,0.0,0.0,0,0,4,1,,,1,1,PASS_THROUGH,-1,0.9953448432140133,0.09637760677289733,0.0,0.9,0,0.9945261225987732,0.09629833140009515,0.040551483797851666,4.5,0.9,0,0,0,BYPASS_VISIBLE,1,0,1,1,1
1787562355969104128,1787562355986949888,joint_v2_000003_c1d41e01,916,139,0.03333333333333333,4.633333333333334,17.845869064331055,frame_id_exact,1,,0.33557799458503723,24.260923385620117,1.777498722076416,-0.045837365530906324,-0.050000923405181884,-0.9260137579427464,-0.3713453428825625,-1.3838266134262085,-1.3159641027450562,-0.1705964058637619,1.870214896258233,-0.0771367118681088,-0.4149541166561289,2.375789069614199,0.15625666081905365,depth/000916.png,1.0,-0.047756842126255736,-0.12664607040589532,-0.9907976871596305,1.870214896258233,-0.0771367118681088,-0.4149541166561289,0.15625666081905365,0.9949250414754096,0.09132229035573101,0.04224217240315824,4.5,0.9,1.5999999993999998,0.0,0.22250127792358398,0.10350991858035563,1.5999999993999998,0.0,0.22250127792358398,0.10350991858035563,local_avoidance,SAFE_PROGRESSING,NONE,DIRECT_LOCAL,PASS_THROUGH,0,5,0,0,0,0,1,1.5999999993999998,5.2625767301712365,inf,0.0,1,1,1,CURRENT_OCCUPIED,current,4.149999999999993,-2.7499999999999996,20.85,0,0,0,0,0.0,0,0,1,0,2.0,1.0,"0.430,24.349;0.273,24.195;0.125,24.032;-0.018,23.865;-0.157,23.694;-0.293,23.522;-0.428,23.348;-0.562,23.173;-0.694,22.998;-0.827,22.822;-0.960,22.646;-1.093,22.471;-1.160,22.384",-2.9499999999999997,20.150000000000002,2.0,-2.9499999999999997,20.150000000000002,2.0,-2.9499999999999997,20.150000000000002,2.0,4.39314227643995,0.0,0.0,0,0,4,1,,,0,1,PASS_THROUGH,-1,0.9945261225987732,0.09629833140009515,0.040551483797851666,0.9,0,0.9949250414754096,0.09132229035573101,0.04224217240315824,4.5,0.9,0,0,0,BYPASS_VISIBLE,1,0,1,1,1
1787562356016494592,1787562356033106176,joint_v2_000003_c1d41e01,917,140,0.03333333333333333,4.666666666666667,16.611576080322266,frame_id_exact,1,,0.29028186202049255,24.217525482177734,1.7724553346633911,-0.05474937546427862,-0.08342993333674889,-0.9247982031177504,-0.3671378972809499,-1.3313831090927124,-1.2843222618103027,-0.13240453600883484,1.7863826085901722,-0.07532909889053091,-0.4927051035878738,2.381837810884992,0.12825404107570648,depth/000917.png,1.0,-0.04000366751128021,-0.19451284604291913,-0.9800839042193942,1.7863826085901722,-0.07532909889053091,-0.4927051035878738,0.12825404107570648,0.9952589441995524,0.08688368593623189,0.04371337448569302,4.5,0.9,1.5333333327999998,0.0,0.2275446653366089,0.3701765849803556,1.5333333327999998,0.0,0.2275446653366089,0.3701765849803556,local_avoidance,SAFE_PROGRESSING,NONE,DIRECT_LOCAL,PASS_THROUGH,0,5,0,0,0,0,1,1.5333333327999998,5.200402877999375,inf,0.0,1,1,1,CURRENT_OCCUPIED,current,3.5499999999999954,-2.2499999999999996,21.05,0,0,0,0,4.989134055419034,0,0,1,0,2.0,1.0,"0.290,24.218;0.149,24.050;0.031,23.864;-0.073,23.670;-0.166,23.471;-0.253,23.269;-0.336,23.065;-0.416,22.860;-0.494,22.654;-0.571,22.448;-0.649,22.242;-0.728,22.037;-0.768,21.935",-2.9499999999999997,20.150000000000002,2.0,-2.9499999999999997,20.150000000000002,2.0,-2.9499999999999997,20.150000000000002,2.0,4.362079029948012,0.0,0.0,0,0,4,1,,,0,1,PASS_THROUGH,-1,0.9945261225987732,0.09629833140009515,0.040551483797851666,0.9,0,0.9952589441995524,0.08688368593623189,0.04371337448569302,4.5,0.9,0,0,0,BYPASS_VISIBLE,1,0,1,1,1
1787562356066919168,1787562356083784192,joint_v2_000003_c1d41e01,918,141,0.03333333333333333,4.7,16.865015029907227,frame_id_exact,1,,0.24696660041809082,24.175500869750977,1.7686353921890259,-0.061286409767647876,-0.10695656442705213,-0.923363309032993,-0.3635993245804993,-1.2657390832901,-1.2346971035003662,-0.09743096679449081,1.6897064348549993,-0.07286183771233003,-0.5250223559673988,2.38697813936607,0.1162429228425026,depth/000918.png,1.0,-0.035400575073360946,-0.2420869288992877,-0.9696085386075076,1.6897064348549993,-0.07286183771233003,-0.5250223559673988,0.1162429228425026,0.9955136653489918,0.08325226274590959,0.04496223805708564,4.5,0.9,1.4666666661999999,0.0,0.23136460781097412,0.4992349850384681,1.4666666661999999,0.0,0.23136460781097412,0.4992349850384681,local_avoidance,SAFE_PROGRESSING,NONE,DIRECT_LOCAL,PASS_THROUGH,0,5,0,0,0,0,1,1.4666666661999999,5.1405498437963475,inf,0.0,1,1,1,CURRENT_OCCUPIED,current,3.349999999999996,-1.9499999999999997,21.05,0,0,0,0,0.0,0,0,1,0,2.0,1.0,"0.290,24.218;0.149,24.050;0.031,23.864;-0.073,23.670;-0.166,23.471;-0.253,23.269;-0.336,23.065;-0.416,22.860;-0.494,22.654;-0.571,22.448;-0.649,22.242;-0.728,22.037;-0.768,21.935",-2.9499999999999997,20.150000000000002,2.0,-2.9499999999999997,20.150000000000002,2.0,-2.9499999999999997,20.150000000000002,2.0,4.332839115177555,0.0,0.0,0,0,4,1,,,0,1,PASS_THROUGH,-1,0.9945261225987732,0.09629833140009515,0.040551483797851666,0.9,0,0.9955136653489918,0.08325226274590959,0.04496223805708564,4.5,0.9,0,0,0,BYPASS_VISIBLE,1,0,1,1,1
1787562356111690496,1787562356129406976,joint_v2_000003_c1d41e01,919,142,0.03333333333333333,4.733333333333333,17.716407775878906,frame_id_exact,1,,0.20598797500133514,24.135332107543945,1.7659201622009277,-0.06454364620946633,-0.1179853282524726,-0.9228775999357194,-0.3608469420516542,-1.19211745262146,-1.1741647720336914,-0.06584455817937851,1.594127025611477,-0.06957701169605394,-0.507996559269844,2.391564672751155,0.13280978798866272,depth/000919.png,1.0,-0.033982480796054204,-0.2643527878576394,-0.9638271601022871,1.594127025611477,-0.06957701169605394,-0.507996559269844,0.13280978798866272,0.995727064989913,0.08007414334059355,0.04599721312039886,4.5,0.9,1.3999999995999999,0.0,0.23407983779907227,0.54544283561901,1.3999999995999999,0.0,0.23407983779907227,0.54544283561901,local_avoidance,SAFE_PROGRESSING,NONE,DIRECT_LOCAL,PASS_THROUGH,0,5,0,0,0,0,1,1.3999999995999999,5.083614079154089,inf,0.0,1,1,1,CURRENT_OCCUPIED,current,3.2499999999999964,-1.8499999999999996,21.05,0,0,0,0,0.0,0,0,1,0,2.0,1.0,"0.290,24.218;0.149,24.050;0.031,23.864;-0.073,23.670;-0.166,23.471;-0.253,23.269;-0.336,23.065;-0.416,22.860;-0.494,22.654;-0.571,22.448;-0.649,22.242;-0.728,22.037;-0.768,21.935",-2.9499999999999997,20.150000000000002,2.0,-2.9499999999999997,20.150000000000002,2.0,-2.9499999999999997,20.150000000000002,2.0,4.30553129147223,0.0,0.0,0,0,4,1,,,0,1,PASS_THROUGH,-1,0.9945261225987732,0.09629833140009515,0.040551483797851666,0.9,0,0.995727064989913,0.08007414334059355,0.04599721312039886,4.5,0.9,0,0,0,BYPASS_VISIBLE,1,0,1,1,1
1787562356159421440,1787562356177289216,joint_v2_000003_c1d41e01,920,143,0.03333333333333333,4.766666666666667,17.8678035736084,frame_id_exact,1,,0.16751763224601746,24.097257614135742,1.7642394304275513,-0.06411689683090671,-0.1161535169964881,-0.9240002148755815,-0.35863768198559504,-1.1161998510360718,-1.11041259765625,-0.03483256697654724,1.5088764178455223,-0.06618454484990793,-0.4461424816149,2.3964495622635082,0.17123673856258392,depth/000920.png,1.0,-0.03517399671763677,-0.2606412198377109,-0.9647947680602428,1.5088764178455223,-0.06618454484990793,-0.4461424816149,0.17123673856258392,0.9959698433567702,0.07649776450684884,0.046820541959115204,4.5,0.9,1.333333333,0.0,0.23576056957244873,0.6690256018844565,1.333333333,0.0,0.23576056957244873,0.6690256018844565,local_avoidance,SAFE_PROGRESSING,NONE,DIRECT_LOCAL,PASS_THROUGH,0,5,0,0,0,0,1,1.333333333,5.029886565293236,inf,0.0,1,1,1,CURRENT_OCCUPIED,current,3.1999999999999966,-1.8499999999999996,21.05,0,0,0,0,4.392111357795515,0,0,1,0,2.0,1.0,"0.168,24.097;0.040,23.919;-0.052,23.719;-0.125,23.512;-0.188,23.301;-0.243,23.088;-0.294,22.874;-0.342,22.659;-0.389,22.444;-0.434,22.229;-0.480,22.014;-0.528,21.799;-0.552,21.692",-2.9499999999999997,20.150000000000002,2.0,-2.9499999999999997,20.150000000000002,2.0,-2.9499999999999997,20.150000000000002,2.0,4.280062607056758,0.0,0.0,0,0,4,1,,,0,1,PASS_THROUGH,-1,0.9945261225987732,0.09629833140009515,0.040551483797851666,0.9,0,0.9959698433567702,0.07649776450684884,0.046820541959115204,4.5,0.9,0,0,0,BYPASS_VISIBLE,1,0,1,1,1
1787562356208859136,1787562356228031488,joint_v2_000003_c1d41e01,921,144,0.03333333333333333,4.8,19.172191619873047,frame_id_exact,1,,0.13153710961341858,24.061262130737305,1.7636163234710693,-0.060337149294439375,-0.10352630388121095,-0.9265852867826391,-0.35648483717775475,-1.0435997247695923,-1.0506774187088013,-0.0020948664750903845,1.4370132389142942,-0.06344503562042454,-0.3521299345830749,2.4025146031887123,0.2255675494670868,depth/000921.png,1.0,-0.03800391439985354,-0.2348704576266332,-0.9712834656394314,1.4370132389142942,-0.06344503562042454,-0.3521299345830749,0.2255675494670868,0.9963027456808503,0.07163960073128361,0.04741947443678962,4.5,0.9,1.2666666664,0.0,0.23638367652893066,0.7242826542117542,1.2666666664,0.0,0.23638367652893066,0.7242826542117542,local_avoidance,SAFE_PROGRESSING,NONE,DIRECT_LOCAL,PASS_THROUGH,0,5,0,0,0,0,1,1.2666666664,4.979341564229584,inf,0.0,1,1,1,HISTORY_OCCUPIED,history,3.149999999999997,-1.8499999999999996,21.05,1,0,0,0,0.0,0,0,1,0,2.0,1.0,"0.168,24.097;0.040,23.919;-0.052,23.719;-0.125,23.512;-0.188,23.301;-0.243,23.088;-0.294,22.874;-0.342,22.659;-0.389,22.444;-0.434,22.229;-0.480,22.014;-0.528,21.799;-0.552,21.692",-2.9499999999999997,20.150000000000002,2.0,-2.9499999999999997,20.150000000000002,2.0,-2.9499999999999997,20.150000000000002,2.0,4.25618111750697,0.0,0.0,0,0,4,1,,,1,1,PASS_THROUGH,-1,0.9974247847469104,0.07172028145915052,0.0,0.9,0,0.9963027456808503,0.07163960073128361,0.04741947443678962,4.5,0.9,0,0,0,BYPASS_VISIBLE,1,1,1,0,1
1787562356273202688,1787562356294436864,joint_v2_000003_c1d41e01,922,145,0.03333333333333333,4.833333333333333,21.23427391052246,frame_id_exact,1,,0.09785724431276321,24.02711296081543,1.7641310691833496,-0.054285538060300335,-0.08410419303230596,-0.9299690532764148,-0.3537472615018488,-0.9787940382957458,-1.0004723072052002,0.033207736909389496,1.3774541246827015,-0.062040820512724096,-0.24260344528294836,2.4105402484849647,0.29017430543899536,depth/000922.png,1.0,-0.04146448494107435,-0.19483531439763208,-0.9799591301437766,1.3774541246827015,-0.062040820512724096,-0.24260344528294836,0.29017430543899536,0.9967595548762647,0.06471597231940017,0.04777271909390415,4.5,0.9,1.1999999998,0.0,0.2358689308166504,0.8290812073587239,1.1999999998,0.0,0.2358689308166504,0.8290812073587239,local_avoidance,SAFE_PROGRESSING,NONE,DIRECT_LOCAL,PASS_THROUGH,0,5,0,0,0,0,1,1.1999999998,4.931677066945154,inf,0.0,1,1,1,HISTORY_OCCUPIED,history,3.099999999999997,-1.8499999999999996,21.05,2,0,0,0,0.0,0,0,1,0,2.0,1.0,"0.168,24.097;0.040,23.919;-0.052,23.719;-0.125,23.512;-0.188,23.301;-0.243,23.088;-0.294,22.874;-0.342,22.659;-0.389,22.444;-0.434,22.229;-0.480,22.014;-0.528,21.799;-0.552,21.692",-2.9499999999999997,20.150000000000002,2.0,-2.9499999999999997,20.150000000000002,2.0,-2.9499999999999997,20.150000000000002,2.0,4.233537710414343,0.0,0.0,0,0,4,1,,,0,1,PASS_THROUGH,-1,0.9963027456808503,0.07163960073128361,0.04741947443678962,0.9,0,0.9967595548762647,0.06471597231940017,0.04777271909390415,4.5,0.9,0,0,0,BYPASS_VISIBLE,1,1,1,0,1
1787562356334516992,1787562356351455744,joint_v2_000003_c1d41e01,923,146,0.03333333333333333,4.866666666666666,16.93868637084961,frame_id_exact,1,,0.06616901606321335,23.994428634643555,1.7658451795578003,-0.04751688035605007,-0.06283830602770427,-0.9334745975113006,-0.34988379382005214,-0.9243544340133667,-0.9627504348754883,0.06914810836315155,1.3281238542948743,-0.06232488679335136,-0.13529085912373606,2.4209765479945067,0.3609846532344818,depth/000923.png,1.0,-0.044739391710315685,-0.15056669759394298,-0.9875869867535948,1.3281238542948743,-0.06232488679335136,-0.13529085912373606,0.3609846532344818,0.9973234126718572,0.055271819436367144,0.0478647731923397,4.5,0.9,1.1333333332,0.0,0.2341548204421997,0.562414540958724,1.1333333332,0.0,0.2341548204421997,0.562414540958724,local_avoidance,SAFE_PROGRESSING,NONE,DIRECT_LOCAL,PASS_THROUGH,0,6,0,0,0,0,1,1.1333333332,4.88640021491558,inf,0.0,1,1,1,HISTORY_OCCUPIED,history,3.1999999999999966,-2.2499999999999996,21.05,2,0,0,0,3.1720961275930644,0,0,1,0,2.0,1.0,"0.066,23.994;-0.063,23.817;-0.169,23.624;-0.264,23.426;-0.354,23.225;-0.440,23.023;-0.524,22.819;-0.606,22.615;-0.687,22.411;-0.768,22.206;-0.849,22.001;-0.931,21.797;-0.973,21.695",-2.9499999999999997,20.150000000000002,2.0,-2.9499999999999997,20.150000000000002,2.0,-2.9499999999999997,20.150000000000002,2.0,4.211780026257672,0.0,0.0,0,0,4,1,,,0,1,PASS_THROUGH,-1,0.9963027456808503,0.07163960073128361,0.04741947443678962,0.9,0,0.9973234126718572,0.055271819436367144,0.0478647731923397,4.5,0.9,0,0,0,BYPASS_VISIBLE,1,1,1,0,1
1787562356381623296,1787562356398579968,joint_v2_000003_c1d41e01,924,147,0.03333333333333333,4.9,16.956806182861328,frame_id_exact,1,,0.03611829876899719,23.962793350219727,1.7687195539474487,-0.04172924385291514,-0.04464977664658722,-0.936751128658704,-0.3446191965191698,-0.880282461643219,-0.9373179078102112,0.10245788097381592,1.2875315252455493,-0.0643176075026863,-0.0456673495618288,2.4338738063430956,0.4229440689086914,depth/000924.png,1.0,-0.04740549224917053,-0.1124128543119875,-0.9925301353057476,1.2875315252455493,-0.0643176075026863,-0.0456673495618288,0.4229440689086914,0.9979247035303568,0.0432532352568922,0.04770161133191839,4.5,0.9,1.0666666666,0.0,0.23128044605255127,0.4743736376720875,1.0666666666,0.0,0.23128044605255127,0.4743736376720875,local_avoidance,SAFE_PROGRESSING,NONE,DIRECT_LOCAL,PASS_THROUGH,0,6,0,0,0,0,1,1.0666666666,4.842963516868861,inf,0.0,1,1,1,HISTORY_OCCUPIED,history,3.4499999999999957,-2.4499999999999997,20.85,2,0,0,0,0.0,0,0,1,0,2.0,1.0,"0.066,23.994;-0.063,23.817;-0.169,23.624;-0.264,23.426;-0.354,23.225;-0.440,23.023;-0.524,22.819;-0.606,22.615;-0.687,22.411;-0.768,22.206;-0.849,22.001;-0.931,21.797;-0.973,21.695",-2.9499999999999997,20.150000000000002,2.0,-2.9499999999999997,20.150000000000002,2.0,-2.9499999999999997,20.150000000000002,2.0,4.190605236771759,0.0,0.0,0,0,4,1,,,0,1,PASS_THROUGH,-1,0.9963027456808503,0.07163960073128361,0.04741947443678962,0.9,0,0.9979247035303568,0.0432532352568922,0.04770161133191839,4.5,0.9,0,0,0,BYPASS_VISIBLE,1,1,1,0,1
1787562356426525952,1787562356443362048,joint_v2_000003_c1d41e01,925,148,0.03333333333333333,4.933333333333334,16.835927963256836,frame_id_exact,1,,0.0073953536339104176,23.931838989257812,1.7726114988327026,-0.038451240825984036,-0.03359624026864582,-0.9397008057119228,-0.3381644429314187,-0.8440685868263245,-0.9210774898529053,0.13002575933933258,1.2541939194017335,-0.06719974818153335,0.014967499876202023,2.4485055870456387,0.4578574597835541,depth/000925.png,1.0,-0.049543216219527335,-0.08914651296655707,-0.9947855894375072,1.2541939194017335,-0.06719974818153335,0.014967499876202023,0.4578574597835541,0.9984479936331626,0.02938177386285622,0.04731083781316768,4.5,0.9,1.0,0.0,0.22738850116729736,0.5134602524555998,1.0,0.0,0.22738850116729736,0.5134602524555998,local_avoidance,SAFE_PROGRESSING,NONE,DIRECT_LOCAL,PASS_THROUGH,0,6,0,0,0,0,1,1.0,4.800884649558451,inf,0.0,1,1,1,HISTORY_OCCUPIED,history,4.149999999999993,-3.05,20.85,2,0,0,0,0.0,0,0,1,0,2.0,1.0,"0.066,23.994;-0.063,23.817;-0.169,23.624;-0.264,23.426;-0.354,23.225;-0.440,23.023;-0.524,22.819;-0.606,22.615;-0.687,22.411;-0.768,22.206;-0.849,22.001;-0.931,21.797;-0.973,21.695",-2.9499999999999997,20.150000000000002,2.0,-2.9499999999999997,20.150000000000002,2.0,-2.9499999999999997,20.150000000000002,2.0,4.1698290189442435,0.0,0.0,0,0,4,1,,,0,1,PASS_THROUGH,-1,0.9963027456808503,0.07163960073128361,0.04741947443678962,0.9,0,0.9984479936331626,0.02938177386285622,0.04731083781316768,4.5,0.9,0,0,0,BYPASS_VISIBLE,1,1,1,0,1
1787562356473179904,1787562356490934784,joint_v2_000003_c1d41e01,926,149,0.03333333333333333,4.966666666666667,17.75503158569336,frame_id_exact,1,,-0.020192492753267288,23.901344299316406,1.7773162126541138,-0.0385702444023879,-0.032208562307171736,-0.9423269664272241,-0.330900034912223,-0.811372697353363,-0.9088888764381409,0.15135489404201508,1.2249989512371136,-0.06998191453950767,0.04234440670602854,2.463967561316605,0.47239068150520325,depth/000926.png,1.0,-0.05137593402028635,-0.08622778406244501,-0.9949498895216902,1.2249989512371136,-0.06998191453950767,0.04234440670602854,0.47239068150520325,0.9988013274141867,0.014559663220753534,0.046732478669086294,4.5,0.9,1.0666666666,0.0,0.22268378734588623,0.2467935860555998,1.0666666666,0.0,0.22268378734588623,0.2467935860555998,direct,SAFE_PROGRESSING,NONE,DIRECT_LOCAL,PASS_THROUGH,0,6,0,0,0,0,1,1.0666666666,4.759869334502051,1.7636472120881097,0.0,0,0,1,CLEAR,none,nan,0.0,0.0,0,0,0,0,0.8351492440091302,0,0,1,0,2.0,2.0,"-0.020,23.901;-0.202,23.684;-0.428,23.399;-0.686,23.067;-0.943,22.735;-1.199,22.402;-1.455,22.069;-1.711,21.737;-1.867,21.537",-2.9499999999999997,20.150000000000002,2.0,-2.9499999999999997,20.150000000000002,2.0,-2.9499999999999997,20.150000000000002,2.0,4.149398359689712,0.0,0.0,0,0,4,1,,,0,1,PASS_THROUGH,-1,0.9963027456808503,0.07163960073128361,0.04741947443678962,0.9,0,0.9988013274141867,0.014559663220753534,0.046732478669086294,4.5,0.9,0,0,0,BYPASS_VISIBLE,1,1,1,0,1
1787562356517459200,1787562356535598848,joint_v2_000003_c1d41e01,927,150,0.03333333333333333,5.0,18.13960075378418,frame_id_exact,1,,-0.0466853603720665,23.871267318725586,1.7826224565505981,-0.04116642460463684,-0.03837158321792935,-0.9446682276721606,-0.3231638697524203,-0.7777965664863586,-0.8952364921569824,0.16598480939865112,1.1945004571219449,-0.0720668738526774,0.044066498694374956,2.4797296387734455,0.47444894909858704,depth/000927.png,1.0,-0.05297660809925767,-0.09910383318112366,-0.9936658941732406,1.1945004571219449,-0.0720668738526774,0.044066498694374956,0.47444894909858704,0.9989408752355741,-0.0006838619261517086,0.046007174619303114,4.5,0.9,1.1333333332,0.0,0.21737754344940186,-0.019873080344400162,1.1333333332,0.0,0.21737754344940186,-0.019873080344400162,direct,SAFE_PROGRESSING,NONE,DIRECT_LOCAL,PASS_THROUGH,0,6,0,0,0,0,1,1.1333333332,4.719858721836171,1.7636472120881097,0.0,0,0,1,CLEAR,none,nan,0.0,0.0,0,0,0,0,0.0,0,0,1,0,2.0,2.0,"-0.020,23.901;-0.202,23.684;-0.428,23.399;-0.686,23.067;-0.943,22.735;-1.199,22.402;-1.455,22.069;-1.711,21.737;-1.867,21.537",-2.9499999999999997,20.150000000000002,2.0,-2.9499999999999997,20.150000000000002,2.0,-2.9499999999999997,20.150000000000002,2.0,4.129355037407301,0.0,0.0,0,0,4,1,,,1,1,PASS_THROUGH,-1,0.9999997656704094,-0.0006845868287663272,0.0,0.9,0,0.9989408752355741,-0.0006838619261517086,0.046007174619303114,4.5,0.9,0,0,0,BYPASS_VISIBLE,1,0,1,1,1
1787562356575248384,1787562356593332992,joint_v2_000003_c1d41e01,928,151,0.03333333333333333,5.033333333333333,18.08452606201172,frame_id_exact,1,,-0.07201781123876572,23.841699600219727,1.7883516550064087,-0.04234148068421922,-0.0415035852787023,-0.9470228173008143,-0.3156460595890751,-0.7418799996376038,-0.8782642483711243,0.1779465228319168,1.1599001946006526,-0.07284230940293392,0.05219698596060714,2.4952870164663556,0.45471855998039246,depth/000928.png,1.0,-0.053995810348431525,-0.10533952758772397,-0.9929693028449628,1.1599001946006526,-0.07284230940293392,0.05219698596060714,0.45471855998039246,0.9988537314038985,-0.015843804264448248,0.04516854134171758,4.5,0.9,1.1999999998,0.0,0.2116483449935913,-0.07330672426851592,1.1999999998,0.0,0.2116483449935913,-0.07330672426851592,direct,SAFE_PROGRESSING,NONE,DIRECT_LOCAL,PASS_THROUGH,0,6,0,0,0,0,1,1.1999999998,4.6809643682781195,1.7636472120881097,0.0,0,0,1,CLEAR,none,nan,0.0,0.0,0,0,0,0,0.0,0,0,1,0,2.0,2.0,"-0.020,23.901;-0.202,23.684;-0.428,23.399;-0.686,23.067;-0.943,22.735;-1.199,22.402;-1.455,22.069;-1.711,21.737;-1.867,21.537",-2.9499999999999997,20.150000000000002,2.0,-2.9499999999999997,20.150000000000002,2.0,-2.9499999999999997,20.150000000000002,2.0,4.109724004869916,0.0,0.0,0,0,4,1,,,0,1,PASS_THROUGH,-1,0.9989408752355741,-0.0006838619261517086,0.046007174619303114,0.9,0,0.9988537314038985,-0.015843804264448248,0.04516854134171758,4.5,0.9,0,0,0,BYPASS_VISIBLE,1,0,1,1,1
1787562357628080640,1787562357654441984,joint_v2_000003_c1d41e01,930,152,0.03333333333333333,5.066666666666666,26.361465454101562,frame_id_exact,1,,-0.09615171700716019,23.812707901000977,1.7944893836975098,-0.039535509441872355,-0.03378347529336476,-0.9496133177765861,-0.30907954799957066,-0.7067434191703796,-0.8618502616882324,0.19006581604480743,1.1250367463678188,-0.07158682987290982,0.08697582222866487,2.509850510720319,0.41173866391181946,depth/000930.png,1.0,-0.05420333003511221,-0.08860171089516419,-0.9945912405805485,1.1250367463678188,-0.07158682987290982,0.08697582222866487,0.41173866391181946,0.9985675146604954,-0.030129782911397715,0.044216680636080384,4.5,0.9,1.2666666664,0.0,0.20551061630249023,-0.09313969554137103,1.2666666664,0.0,0.20551061630249023,-0.09313969554137103,direct,SAFE_PROGRESSING,NONE,DIRECT_LOCAL,PASS_THROUGH,0,6,0,0,0,0,1,1.2666666664,4.643261697384301,1.9272172173921298,0.0,0,0,1,CLEAR,none,nan,0.0,0.0,0,0,0,0,1.7282615104720174,0,0,1,0,2.0,2.0,"-0.096,23.813;-0.260,23.607;-0.472,23.337;-0.725,23.013;-0.982,22.681;-1.239,22.349;-1.497,22.017;-1.754,21.685;-1.940,21.446",-2.9499999999999997,20.150000000000002,2.0,-2.9499999999999997,20.150000000000002,2.0,-2.9499999999999997,20.150000000000002,2.0,4.090391289750003,0.0,0.0,0,0,4,1,,,0,1,PASS_THROUGH,-1,0.9989408752355741,-0.0006838619261517086,0.046007174619303114,0.9,0,0.9985675146604954,-0.030129782911397715,0.044216680636080384,4.5,0.9,0,0,0,BYPASS_VISIBLE,1,0,1,1,1
1787562357685937920,1787562357702472704,joint_v2_000003_c1d41e01,931,153,0.03333333333333333,5.1,16.534805297851562,frame_id_exact,1,,-0.11920712143182755,23.784156799316406,1.8009907007217407,-0.03200244209249048,-0.012482412952388763,-0.9521288929208386,-0.3037607682574254,-0.6781589984893799,-0.853310763835907,0.19934429228305817,1.0959195784040316,-0.06798836036934111,0.14871077399162852,2.522785320330844,0.3569953739643097,depth/000931.png,1.0,-0.05335756482432431,-0.04321190484293465,-0.9976400661340057,1.0959195784040316,-0.06798836036934111,0.14871077399162852,0.3569953739643097,0.998146351097825,-0.04290682417839685,0.043160934061037985,4.5,0.9,1.333333333,0.0,0.19900929927825928,-0.12379793867065558,1.333333333,0.0,0.19900929927825928,-0.12379793867065558,direct,SAFE_PROGRESSING,NONE,DIRECT_LOCAL,PASS_THROUGH,0,6,0,0,0,0,1,1.333333333,4.606569652503903,1.9272172173921298,0.0,0,0,1,CLEAR,none,nan,0.0,0.0,0,0,0,0,0.0,0,0,1,0,2.0,2.0,"-0.096,23.813;-0.260,23.607;-0.472,23.337;-0.725,23.013;-0.982,22.681;-1.239,22.349;-1.497,22.017;-1.754,21.685;-1.940,21.446",-2.9499999999999997,20.150000000000002,2.0,-2.9499999999999997,20.150000000000002,2.0,-2.9499999999999997,20.150000000000002,2.0,4.071075289729246,0.0,0.0,0,0,4,1,,,0,1,PASS_THROUGH,-1,0.9989408752355741,-0.0006838619261517086,0.046007174619303114,0.9,0,0.998146351097825,-0.04290682417839685,0.043160934061037985,4.5,0.9,0,0,0,BYPASS_VISIBLE,1,0,1,1,1
1787562357740704768,1787562357758855936,joint_v2_000003_c1d41e01,932,154,0.03333333333333333,5.133333333333334,18.151044845581055,frame_id_exact,1,,-0.1414971500635147,23.755657196044922,1.8077054023742676,-0.020311331821473495,0.020592691621594092,-0.9536663658895888,-0.299472625497492,-0.6616014242172241,-0.8599194884300232,0.20225782692432404,1.077921001413593,-0.06225434295211201,0.22868517913341163,2.5337440060577254,0.29841482639312744,depth/000932.png,1.0,-0.051074362861082356,0.027111739029446393,-0.9983267817028318,1.077921001413593,-0.06225434295211201,0.22868517913341163,0.29841482639312744,0.9976649245663699,-0.05382939465615039,0.042036823868267514,4.5,0.9,1.3999999995999999,0.0,0.19229459762573242,-0.14894840265187392,1.3999999995999999,0.0,0.19229459762573242,-0.14894840265187392,direct,SAFE_PROGRESSING,NONE,DIRECT_LOCAL,PASS_THROUGH,0,6,0,0,0,0,1,1.3999999995999999,4.570388612961908,1.9272172173921298,0.0,0,0,0,CLEAR,none,nan,0.0,0.0,0,0,0,0,0.0,0,0,1,0,2.0,2.0,"-0.096,23.813;-0.260,23.607;-0.472,23.337;-0.725,23.013;-0.982,22.681;-1.239,22.349;-1.497,22.017;-1.754,21.685;-1.940,21.446",-2.9499999999999997,20.150000000000002,2.0,-2.9499999999999997,20.150000000000002,2.0,-2.9499999999999997,20.150000000000002,2.0,4.05136132081057,0.0,0.0,0,0,4,1,,,0,1,PASS_THROUGH,-1,0.9989408752355741,-0.0006838619261517086,0.046007174619303114,0.9,0,0.9976649245663699,-0.05382939465615039,0.042036823868267514,4.5,0.9,0,0,0,BYPASS_VISIBLE,1,0,1,1,1
1787562357790151424,1787562357805621248,joint_v2_000003_c1d41e01,933,155,0.03333333333333333,5.166666666666667,15.469789505004883,frame_id_exact,1,,-0.16348734498023987,23.726608276367188,1.8143476247787476,-0.005856489646598213,0.06058772667908159,-0.9533013843166035,-0.29582308828914583,-0.6605321168899536,-0.8861687779426575,0.1942136585712433,1.0758213846709272,-0.05482374717060592,0.3145145952893704,2.5424544480706324,0.2401120513677597,depth/000933.png,1.0,-0.04701249621192504,0.11205175772394879,-0.9925896578097604,1.0758213846709272,-0.05482374717060592,0.3145145952893704,0.2401120513677597,0.997197843065601,-0.06263070061335807,0.04091279904862248,4.5,0.9,1.4666666661999999,0.0,0.18565237522125244,-0.1417537735315899,1.4666666661999999,0.0,0.18565237522125244,-0.1417537735315899,direct,SAFE_PROGRESSING,NONE,DIRECT_LOCAL,PASS_THROUGH,0,7,0,0,0,0,1,1.4666666661999999,4.533958484499337,inf,0.0,0,0,0,CLEAR,none,nan,0.0,0.0,0,0,0,0,3.59383798474717,0,0,1,0,2.0,2.0,"-0.163,23.727;-0.322,23.519;-0.531,23.249;-0.783,22.926;-1.042,22.595;-1.301,22.264;-1.559,21.933;-1.818,21.602;-2.007,21.360",-2.9499999999999997,20.150000000000002,2.0,-2.9499999999999997,20.150000000000002,2.0,-2.9499999999999997,20.150000000000002,2.0,4.030824814399082,0.0,0.0,0,0,4,1,,,0,1,PASS_THROUGH,-1,0.9989408752355741,-0.0006838619261517086,0.046007174619303114,0.9,0,0.997197843065601,-0.06263070061335807,0.04091279904862248,4.5,0.9,0,0,0,BYPASS_VISIBLE,1,0,1,1,1
1787562357832786688,1787562357849833472,joint_v2_000003_c1d41e01,934,156,0.03333333333333333,5.2,17.046689987182617,frame_id_exact,1,,-0.18571332097053528,23.696352005004883,1.8204704523086548,0.009642196566718901,0.10153326712061765,-0.9507888434637077,-0.29257238225459214,-0.6756405234336853,-0.9324774146080017,0.17030733823776245,1.0943404604429214,-0.04623393770988495,0.39406879444941123,2.5486802157887913,0.1858181357383728,depth/000934.png,1.0,-0.04107627383490113,0.19871547607679152,-0.9791960474263641,1.0943404604429214,-0.04623393770988495,0.39406879444941123,0.1858181357383728,0.9968133514634699,-0.06907607962786298,0.03989533265194909,4.496431183423347,0.8992862366846694,1.3999999995999999,0.0,0.17952954769134521,-0.10993070323347176,1.3999999995999999,0.0,0.17952954769134521,-0.10993070323347176,goal_capture,TERMINAL_SETTLING,NONE,DIRECT_LOCAL,PASS_THROUGH,0,7,0,0,0,0,1,1.3999999995999999,4.496431183423347,inf,0.0,0,0,0,CLEAR,none,nan,0.0,0.0,0,0,0,0,3.9640830105158247,0,0,1,1,0.0,0.6,"-0.186,23.696;-0.345,23.478;-0.555,23.198;-0.810,22.870;-1.072,22.541;-1.334,22.213;-1.595,21.884;-1.854,21.554;-2.113,21.223;-2.372,20.892;-2.609,20.588;-2.790,20.355;-2.912,20.198;-2.950,20.150",-2.9499999999999997,20.150000000000002,2.0,-2.9499999999999997,20.150000000000002,2.0,-2.9499999999999997,20.150000000000002,2.0,4.009065222901924,0.0,0.0,0,0,4,1,,,1,1,PASS_THROUGH,-1,0.9976075824742001,-0.06913111737837024,0.0,0.8992862366846694,0,0.9968133514634699,-0.06907607962786298,0.03989533265194909,4.5,0.9,0,0,0,BYPASS_VISIBLE,1,0,1,1,1
1787562357894403328,1787562357911180544,joint_v2_000003_c1d41e01,935,157,0.03333333333333333,5.233333333333333,16.77727699279785,frame_id_exact,1,,-0.20870009064674377,23.664236068725586,1.8256012201309204,0.024170157331914816,0.1346823828413659,-0.9472321691839141,-0.2898752781971223,-0.7060516476631165,-0.9975797533988953,0.13786137104034424,1.1397703473789862,-0.036698746296526204,0.460713369070373,2.5520764841054273,0.14087916910648346,depth/000935.png,1.0,-0.03229268527073223,0.26916363346068484,-0.9625529184934445,1.1397703473789862,-0.036698746296526204,0.460713369070373,0.14087916910648346,0.9965780650397082,-0.07282435815366106,0.03909952865724266,4.4569698607632535,0.8913939721526507,1.333333333,0.0,0.1743987798690796,-0.12118181623693491,1.333333333,0.0,0.1743987798690796,-0.12118181623693491,goal_capture,TERMINAL_SETTLING,NONE,DIRECT_LOCAL,PASS_THROUGH,0,7,0,0,0,0,1,1.333333333,4.4569698607632535,inf,0.0,0,0,0,CLEAR,none,nan,0.0,0.0,0,0,0,0,0.0,0,0,1,1,0.0,0.6,"-0.186,23.696;-0.345,23.478;-0.555,23.198;-0.810,22.870;-1.072,22.541;-1.334,22.213;-1.595,21.884;-1.854,21.554;-2.113,21.223;-2.372,20.892;-2.609,20.588;-2.790,20.355;-2.912,20.198;-2.950,20.150",-2.9499999999999997,20.150000000000002,2.0,-2.9499999999999997,20.150000000000002,2.0,-2.9499999999999997,20.150000000000002,2.0,3.9857809292093607,0.0,0.0,0,0,4,1,,,0,1,PASS_THROUGH,-1,0.9968133514634699,-0.06907607962786298,0.03989533265194909,0.8992862366846694,0,0.9965780650397082,-0.07282435815366106,0.03909952865724266,4.46038061987672,0.8920761239753441,0,0,0,BYPASS_VISIBLE,1,0,1,1,1
1787562357941197312,1787562357957867776,joint_v2_000003_c1d41e01,936,158,0.03333333333333333,5.266666666666667,16.67046546936035,frame_id_exact,1,,-0.2329191416501999,23.629709243774414,1.8296480178833008,0.0355651797294296,0.14663651630894953,-0.9455056050480423,-0.2885342282959234,-0.7484295964241028,-1.074666976928711,0.10362516343593597,1.2192068567047092,-0.026148717400395115,0.4885130824699595,2.5518638845662758,0.10748550295829773,depth/000936.png,1.0,-0.017365154588977277,0.2978148395245344,-0.9544657001511772,1.2192068567047092,-0.026148717400395115,0.4885130824699595,0.10748550295829773,0.9965792224501748,-0.07309704281934738,0.03855743393525004,4.414850485805831,0.8829700971611661,1.2666666664,0.0,0.17035198211669922,-0.08404127784552795,1.2666666664,0.0,0.17035198211669922,-0.08404127784552795,goal_capture,TERMINAL_SETTLING,NONE,DIRECT_LOCAL,PASS_THROUGH,0,7,0,0,0,0,1,1.2666666664,4.414850485805831,inf,0.0,0,0,0,CLEAR,none,nan,0.0,0.0,0,0,0,0,4.195015772010798,0,0,1,1,0.0,0.6,"-0.233,23.630;-0.406,23.383;-0.634,23.076;-0.893,22.746;-1.159,22.420;-1.424,22.095;-1.687,21.767;-1.946,21.437;-2.205,21.106;-2.463,20.774;-2.680,20.496;-2.841,20.290;-2.941,20.162;-2.950,20.150",-2.9499999999999997,20.150000000000002,2.0,-2.9499999999999997,20.150000000000002,2.0,-2.9499999999999997,20.150000000000002,2.0,3.9610075849596007,0.0,0.0,0,0,4,1,,,0,1,PASS_THROUGH,-1,0.9968133514634699,-0.06907607962786298,0.03989533265194909,0.8992862366846694,0,0.9965792224501748,-0.07309704281934738,0.03855743393525004,4.418135874985181,0.8836271749970361,0,0,0,BYPASS_VISIBLE,1,0,1,1,1
1787562357991555072,1787562358012443392,joint_v2_000003_c1d41e01,937,159,0.03333333333333333,5.3,20.888328552246094,frame_id_exact,1,,-0.258638471364975,23.592639923095703,1.8324120044708252,0.04194810752314381,0.13099725610324484,-0.9473733444160598,-0.28907407607493507,-0.7946158647537231,-1.1475833654403687,0.06054079905152321,1.3264056225274978,-0.017621400929432863,0.4385940631840242,2.548755555434438,0.08102185279130936,depth/000937.png,1.0,0.003745216279456162,0.272458838098406,-0.9621601503372953,1.3264056225274978,-0.017621400929432863,0.4385940631840242,0.08102185279130936,0.9967697101151267,-0.07057958527461185,0.03832319323164511,4.369805089235563,0.8739610178471127,1.1999999998,0.0,0.1675879955291748,-0.07968173567302728,1.1999999998,0.0,0.1675879955291748,-0.07968173567302728,goal_capture,TERMINAL_SETTLING,NONE,DIRECT_LOCAL,PASS_THROUGH,0,7,0,0,0,0,1,1.1999999998,4.369805089235563,inf,0.0,0,0,0,CLEAR,none,nan,0.0,0.0,0,0,0,0,0.0,0,0,1,1,0.0,0.6,"-0.233,23.630;-0.406,23.383;-0.634,23.076;-0.893,22.746;-1.159,22.420;-1.424,22.095;-1.687,21.767;-1.946,21.437;-2.205,21.106;-2.463,20.774;-2.680,20.496;-2.841,20.290;-2.941,20.162;-2.950,20.150",-2.9499999999999997,20.150000000000002,2.0,-2.9499999999999997,20.150000000000002,2.0,-2.9499999999999997,20.150000000000002,2.0,3.9351629947936035,0.0,0.0,0,0,4,1,,,0,1,PASS_THROUGH,-1,0.9968133514634699,-0.06907607962786298,0.03989533265194909,0.8992862366846694,0,0.9967697101151267,-0.07057958527461185,0.03832319323164511,4.373017522735819,0.8746035045471638,0,0,0,BYPASS_VISIBLE,1,0,1,1,1
1787562358037054976,1787562358054838784,joint_v2_000003_c1d41e01,938,160,0.03333333333333333,5.333333333333333,17.78388023376465,frame_id_exact,1,,-0.285838782787323,23.55341339111328,1.8335769176483154,0.04091581906771373,0.08976947386785147,-0.9516460400119661,-0.29092464976528004,-0.8362278938293457,-1.202154278755188,0.010069946758449078,1.4342135919802317,-0.01713655722963954,0.2954506983590756,2.5457032216391293,0.05437805503606796,depth/000938.png,1.0,0.025642448890035432,0.19466436930486541,-0.9805346746230145,1.4342135919802317,-0.01713655722963954,0.2954506983590756,0.05437805503606796,0.996931767701967,-0.06816621888715471,0.038476189380701784,4.322149662159944,0.8644299324319888,1.1333333332,0.0,0.16642308235168457,-0.09010537278310249,1.1333333332,0.0,0.16642308235168457,-0.09010537278310249,goal_capture,TERMINAL_SETTLING,NONE,DIRECT_LOCAL,PASS_THROUGH,0,7,0,0,0,0,1,1.1333333332,4.322149662159944,inf,0.0,0,0,0,CLEAR,none,nan,0.0,0.0,0,0,0,0,0.0,0,0,1,1,0.0,0.6,"-0.233,23.630;-0.406,23.383;-0.634,23.076;-0.893,22.746;-1.159,22.420;-1.424,22.095;-1.687,21.767;-1.946,21.437;-2.205,21.106;-2.463,20.774;-2.680,20.496;-2.841,20.290;-2.941,20.162;-2.950,20.150",-2.9499999999999997,20.150000000000002,2.0,-2.9499999999999997,20.150000000000002,2.0,-2.9499999999999997,20.150000000000002,2.0,3.9089057866946395,0.0,0.0,0,0,4,1,,,0,1,PASS_THROUGH,-1,0.9968133514634699,-0.06907607962786298,0.03989533265194909,0.8992862366846694,0,0.996931767701967,-0.06816621888715471,0.038476189380701784,4.325352511004017,0.8650705022008035,0,0,0,BYPASS_VISIBLE,1,0,1,1,1
1787562358081829888,1787562358100634112,joint_v2_000003_c1d41e01,939,161,0.03333333333333333,5.366666666666666,18.804311752319336,frame_id_exact,1,,-0.3142831027507782,23.512771606445312,1.8332945108413696,0.031119489206735722,0.03175078391869776,-0.9551057231135922,-0.292910434753906,-0.868278980255127,-1.2317354679107666,-0.022419532760977745,1.503767619610199,-0.02690656704787881,0.09768453702113533,2.544832016066473,0.026679627597332,depth/000939.png,1.0,0.04084453264064372,0.07888115709391137,-0.99604693022412,1.503767619610199,-0.02690656704787881,0.09768453702113533,0.026679627597332,0.9969290153686976,-0.06791546170169176,0.0389875413157208,4.272614707595319,0.8545229415190638,1.0666666666,0.0,0.16670548915863037,-0.06839306462534278,1.0666666666,0.0,0.16670548915863037,-0.06839306462534278,goal_capture,TERMINAL_SETTLING,NONE,DIRECT_LOCAL,PASS_THROUGH,0,7,0,0,0,0,1,1.0666666666,4.272614707595319,inf,0.0,0,0,0,CLEAR,none,nan,0.0,0.0,0,0,0,0,3.897234618093085,0,0,1,1,0.0,0.6,"-0.314,23.513;-0.512,23.234;-0.757,22.905;-1.018,22.576;-1.286,22.252;-1.553,21.928;-1.815,21.600;-2.074,21.270;-2.333,20.939;-2.578,20.625;-2.768,20.383;-2.899,20.215;-2.950,20.150",-2.9499999999999997,20.150000000000002,2.0,-2.9499999999999997,20.150000000000002,2.0,-2.9499999999999997,20.150000000000002,2.0,3.882993065608636,0.0,0.0,0,0,4,1,,,0,1,PASS_THROUGH,-1,0.9968133514634699,-0.06907607962786298,0.03989533265194909,0.8992862366846694,0,0.9969290153686976,-0.06791546170169176,0.0389875413157208,4.275865662023944,0.8551731324047888,0,0,0,BYPASS_VISIBLE,1,0,1,1,1
1787562358130413312,1787562358148682752,joint_v2_000003_c1d41e01,940,162,0.03333333333333333,5.4,18.26953887939453,frame_id_exact,1,,-0.34353622794151306,23.471670150756836,1.832438349723816,0.013913326813096767,-0.030870144826637254,-0.9551388726973878,-0.29421622551745436,-0.883334755897522,-1.2286373376846313,-0.02487410604953766,1.5095465040661686,-0.04169575680346377,-0.09989762563380751,2.545107254472065,0.0019951423164457083,depth/000940.png,1.0,0.04474331355960394,-0.05078349766075857,-0.9977069069907488,1.5095465040661686,-0.04169575680346377,-0.09989762563380751,0.0019951423164457083,0.9968463017978242,-0.0687384517606834,0.039654455506859934,4.2222205041284,0.8444441008256801,1.0,0.0,0.16756165027618408,-0.07035790957246935,1.0,0.0,0.16756165027618408,-0.07035790957246935,goal_capture,TERMINAL_SETTLING,NONE,DIRECT_LOCAL,PASS_THROUGH,0,7,0,0,0,0,1,1.0,4.2222205041284,inf,0.0,0,0,0,CLEAR,none,nan,0.0,0.0,0,0,0,0,0.0,0,0,1,1,0.0,0.6,"-0.314,23.513;-0.512,23.234;-0.757,22.905;-1.018,22.576;-1.286,22.252;-1.553,21.928;-1.815,21.600;-2.074,21.270;-2.333,20.939;-2.578,20.625;-2.768,20.383;-2.899,20.215;-2.950,20.150",-2.9499999999999997,20.150000000000002,2.0,-2.9499999999999997,20.150000000000002,2.0,-2.9499999999999997,20.150000000000002,2.0,3.8582309767048604,0.0,0.0,0,0,4,1,,,1,1,PASS_THROUGH,-1,0.9976309857052078,-0.06879256035979024,0.0,0.8444441008256801,0,0.9968463017978242,-0.0687384517606834,0.039654455506859934,4.225544094211485,0.845108818842297,0,0,0,BYPASS_VISIBLE,1,0,1,1,1
1787562358180685312,1787562358197246464,joint_v2_000003_c1d41e01,941,163,0.03333333333333333,5.433333333333334,16.561269760131836,frame_id_exact,1,,-0.37290051579475403,23.431272506713867,1.831855058670044,-0.007742447059928136,-0.08722951167662206,-0.9515287826561247,-0.2948288360780464,-0.874146044254303,-1.1894707679748535,-0.00810464657843113,1.452481658921227,-0.05337961674286764,-0.2578475263835578,2.543815895383377,-0.016772275790572166,depth/000941.png,1.0,0.03670122834712385,-0.17056817542483782,-0.9846621336123645,1.452481658921227,-0.05337961674286764,-0.2578475263835578,-0.016772275790572166,0.9968799807041897,-0.06788838644143431,0.0402674938081911,4.172312430152761,0.8344624860305523,0.9333333334,0.0,0.16814494132995605,-0.1048045485973681,0.9333333334,0.0,0.16814494132995605,-0.1048045485973681,goal_capture,TERMINAL_SETTLING,NONE,DIRECT_LOCAL,PASS_THROUGH,0,7,0,0,0,0,1,0.9333333334,4.172312430152761,1.7103905043574714,0.0,0,0,1,CLEAR,none,nan,0.0,0.0,0,0,1,0,3.8958767581895204,0,0,1,1,0.0,0.6,"-0.373,23.431;-0.572,23.161;-0.818,22.836;-1.078,22.507;-1.343,22.181;-1.608,21.855;-1.869,21.526;-2.129,21.196;-2.388,20.866;-2.622,20.567;-2.800,20.341;-2.919,20.190;-2.950,20.150",-2.9499999999999997,20.150000000000002,2.0,-2.9499999999999997,20.150000000000002,2.0,-2.9499999999999997,20.150000000000002,2.0,3.835289046592836,0.0,0.0,0,0,4,1,,,0,1,PASS_THROUGH,-1,0.9968463017978242,-0.0687384517606834,0.039654455506859934,0.8444441008256801,0,0.9968799807041897,-0.06788838644143431,0.0402674938081911,4.1756991912854655,0.8351398382570931,0,0,0,BYPASS_VISIBLE,1,0,1,1,1
1787562358228362496,1787562358247654656,joint_v2_000003_c1d41e01,942,164,0.03333333333333333,5.466666666666667,19.292116165161133,frame_id_exact,1,,-0.40151771903038025,23.392719268798828,1.8319685459136963,-0.03044888148758424,-0.13060125680237888,-0.9459443152586318,-0.2953058241343584,-0.8386136889457703,-1.1193203926086426,0.015159952454268932,1.3517848697336126,-0.05624846694689648,-0.3548163760040114,2.539040353159796,-0.03101561963558197,depth/000942.png,1.0,0.019528730847690745,-0.26506649695900697,-0.9640323546755882,1.3517848697336126,-0.05624846694689648,-0.3548163760040114,-0.03101561963558197,0.9971549469408234,-0.06344194860549375,0.040707873299663334,4.124316936494492,0.8248633872988984,0.8666666668,0.0,0.1680314540863037,0.0,0.8666666668,0.0,0.1680314540863037,0.0,blocked,BLOCKED_BY_OBSERVED_OBSTACLE,BLOCKED_BY_OBSERVED_OBSTACLE,DIRECT_LOCAL,PASS_THROUGH,0,7,0,0,0,0,1,0.8666666668,4.124316936494492,2.8718620115289437,0.0,0,1,1,CURRENT_OCCUPIED,current,3.099999999999997,-2.7499999999999996,20.650000000000002,0,0,1,0,3.640420342965378,1,0,0,1,0.0,0.8666666668,,-2.9499999999999997,20.150000000000002,2.0,-2.9499999999999997,20.150000000000002,2.0,-2.9499999999999997,20.150000000000002,2.0,3.8145519016376,0.0,0.0,0,0,4,1,,,0,1,PASS_THROUGH,-1,0.9968463017978242,-0.0687384517606834,0.039654455506859934,0.8444441008256801,0,0.9971549469408234,-0.06344194860549375,0.040707873299663334,4.127738456130387,0.8255476912260773,0,0,0,BYPASS_VISIBLE,1,0,1,1,1
1787562358290364928,1787562358313076480,joint_v2_000003_c1d41e01,943,165,0.03333333333333333,5.5,22.711515426635742,frame_id_exact,1,,-0.42854586243629456,23.35688591003418,1.8328487873077393,-0.05087104355220402,-0.15793891343744718,-0.9405920017806394,-0.29623322355265636,-0.7796986699104309,-1.0284168720245361,0.03665291890501976,1.230581904225561,-0.04926676342381481,-0.3874992619391924,2.531016595635005,-0.037273209542036057,depth/000943.png,1.0,-0.0021242864709174886,-0.32725154393228906,-0.9449348731002166,1.230581904225561,-0.04926676342381481,-0.3874992619391924,-0.037273209542036057,0.9976102926442344,-0.05565650188023252,0.040939685010272876,4.079442144192373,0.8158884288384746,0.8000000002000001,0.0,0.16715121269226074,0.0,0.8000000002000001,0.0,0.16715121269226074,0.0,blocked,BLOCKED_BY_OBSERVED_OBSTACLE,BLOCKED_BY_OBSERVED_OBSTACLE,DIRECT_LOCAL,PASS_THROUGH,0,6,0,0,0,0,1,0.8000000002000001,4.079442144192373,2.845887236407214,0.0,0,1,1,CURRENT_OCCUPIED,current,2.6499999999999986,-2.3499999999999996,20.85,0,0,0,0,3.1932111949427147,2,0,0,1,0.0,0.8000000002000001,,-2.9499999999999997,20.150000000000002,2.0,-2.9499999999999997,20.150000000000002,2.0,-2.9499999999999997,20.150000000000002,2.0,3.7960869052375843,0.0,0.0,0,0,4,1,,,0,1,PASS_THROUGH,-1,0.9968463017978242,-0.0687384517606834,0.039654455506859934,0.8444441008256801,0,0.9976102926442344,-0.05565650188023252,0.040939685010272876,4.082865138076123,0.8165730276152245,0,0,0,BYPASS_VISIBLE,1,0,1,1,1
1787562358374306816,1787562358392455680,joint_v2_000003_c1d41e01,944,166,0.03333333333333333,5.533333333333333,18.14866065979004,frame_id_exact,1,,-0.4533095061779022,23.324260711669922,1.8343546390533447,-0.06595652295612497,-0.16856403079660714,-0.9372960900029763,-0.2978455040222553,-0.7040821313858032,-0.928533673286438,0.05249856412410736,1.1071354137889104,-0.03517166266508122,-0.36561818756526054,2.5219658878418203,-0.03666776418685913,depth/000944.png,1.0,-0.023229504728658146,-0.3552785216084473,-0.9344718092022772,1.1071354137889104,-0.03517166266508122,-0.36561818756526054,-0.03666776418685913,0.9980633385067922,-0.04679776729388576,0.0409822071755984,4.038489134267029,0.8076978268534057,0.7333333336000001,0.0,0.16564536094665527,0.0,0.7333333336000001,0.0,0.16564536094665527,0.0,blocked,BLOCKED_BY_OBSERVED_OBSTACLE,BLOCKED_BY_OBSERVED_OBSTACLE,DIRECT_LOCAL,PASS_THROUGH,0,6,0,0,0,0,1,0.7333333336000001,4.038489134267029,2.8227005540674472,0.0,0,1,1,CURRENT_OCCUPIED,current,2.499999999999999,-2.15,20.85,0,0,0,0,2.6845512205224016,3,0,0,1,0.0,0.7333333336000001,,-2.9499999999999997,20.150000000000002,2.0,-2.9499999999999997,20.150000000000002,2.0,-2.9499999999999997,20.150000000000002,2.0,3.779726412036581,0.0,0.0,0,0,4,1,,,0,1,PASS_THROUGH,-1,0.9968463017978242,-0.0687384517606834,0.039654455506859934,0.8444441008256801,0,0.9980633385067922,-0.04679776729388576,0.0409822071755984,4.041884816913515,0.808376963382703,0,0,0,BYPASS_VISIBLE,1,0,1,1,1
1787562358452465408,1787562358470139136,joint_v2_000003_c1d41e01,945,167,0.03333333333333333,5.566666666666666,17.673730850219727,frame_id_exact,1,,-0.47539398074150085,23.294965744018555,1.836296558380127,-0.07330156607246162,-0.16344643680105292,-0.9369435113710566,-0.30008165423437466,-0.6204515099525452,-0.8302657604217529,0.06327465176582336,0.9925639368447071,-0.01775741109303599,-0.30464158664535684,2.5145737562501496,-0.03565622493624687,depth/000945.png,1.0,-0.03926429914191114,-0.35027306724492124,-0.9358242854167279,0.9925639368447071,-0.01775741109303599,-0.30464158664535684,-0.03565622493624687,0.9983790359423423,-0.03960662915957888,0.04087316378083127,4.001810150619412,0.8003620301238824,0.6666666670000001,0.0,0.16370344161987305,0.0,0.6666666670000001,0.0,0.16370344161987305,0.0,blocked,BLOCKED_BY_OBSERVED_OBSTACLE,BLOCKED_BY_OBSERVED_OBSTACLE,DIRECT_LOCAL,PASS_THROUGH,0,6,0,0,0,0,1,0.6666666670000001,4.001810150619412,2.8021773331865023,0.0,0,1,1,HISTORY_OCCUPIED,history,2.4499999999999993,-2.15,20.85,1,0,0,0,2.271785839518676,4,0,0,1,0.0,0.6666666670000001,,-2.9499999999999997,20.150000000000002,2.0,-2.9499999999999997,20.150000000000002,2.0,-2.9499999999999997,20.150000000000002,2.0,3.765153310767814,0.0,0.0,0,0,4,1,,,0,1,PASS_THROUGH,-1,0.9968463017978242,-0.0687384517606834,0.039654455506859934,0.8444441008256801,0,0.9983790359423423,-0.03960662915957888,0.04087316378083127,4.0051570878554505,0.8010314175710901,0,0,0,BYPASS_VISIBLE,1,0,1,1,1
1787562358527382784,1787562358544070656,joint_v2_000003_c1d41e01,946,168,0.03333333333333333,5.6,16.687870025634766,frame_id_exact,1,,-0.4946801960468292,23.268810272216797,1.8385651111602783,-0.07191061070990128,-0.1456275088406509,-0.9391713496793147,-0.3026196766202252,-0.5375690460205078,-0.7413457036018372,0.07280881702899933,0.8915115197546885,-4.1525323766880215e-05,-0.22154517314939978,2.51051155557519,-0.03786444291472435,depth/000946.png,1.0,-0.046933271368630014,-0.3170614995738073,-0.9472429854723904,0.8915115197546885,-4.1525323766880215e-05,-0.22154517314939978,-0.03786444291472435,0.998532174024212,-0.035806890087523004,0.040636978981475204,3.96932901807971,0.793865803615942,0.6000000004000001,0.0,0.16143488883972168,0.0,0.6000000004000001,0.0,0.16143488883972168,0.0,blocked,BLOCKED_BY_OBSERVED_OBSTACLE,BLOCKED_BY_OBSERVED_OBSTACLE,DIRECT_LOCAL,PASS_THROUGH,0,6,0,0,0,0,1,0.6000000004000001,3.96932901807971,2.7839877720046258,0.0,0,1,1,HISTORY_OCCUPIED,history,2.4499999999999993,-2.15,20.85,2,0,0,0,2.053719479194376,5,0,0,1,0.0,0.6000000004000001,,-2.9499999999999997,20.150000000000002,2.0,-2.9499999999999997,20.150000000000002,2.0,-2.9499999999999997,20.150000000000002,2.0,3.7519949084926507,0.0,0.0,0,0,4,1,,,1,1,PASS_THROUGH,-1,0.9993576666294773,-0.03583649186075947,0.0,0.793865803615942,0,0.998532174024212,-0.035806890087523004,0.040636978981475204,3.972610486456522,0.7945220972913044,0,0,0,BYPASS_VISIBLE,1,1,1,0,0
1787562358640393984,1787562358657974784,joint_v2_000003_c1d41e01,947,169,0.03333333333333333,5.633333333333334,17.580747604370117,frame_id_exact,1,,-0.5113266110420227,23.245386123657227,1.8411781787872314,-0.06248723206461711,-0.11993812152819207,-0.9426994560229547,-0.305004800695361,-0.4632142186164856,-0.6665248274803162,0.08432605862617493,0.8050517083006611,0.016101317559393247,-0.13253730295509603,2.5097483973441395,-0.04351814463734627,depth/000947.png,1.0,-0.044649953646424934,-0.26424901536583,-0.9634203856663827,0.8050517083006611,0.016101317559393247,-0.13253730295509603,-0.04351814463734627,0.998561414486052,-0.03540266073396115,0.04027099592226751,3.9406272536921687,0.7881254507384338,0.5333333338000001,0.0,0.15882182121276855,0.0,0.5333333338000001,0.0,0.15882182121276855,0.0,blocked,BLOCKED_BY_OBSERVED_OBSTACLE,BLOCKED_BY_OBSERVED_OBSTACLE,DIRECT_LOCAL,PASS_THROUGH,0,6,0,0,0,0,1,0.5333333338000001,3.9406272536921687,2.7677026545440198,0.0,0,1,1,HISTORY_OCCUPIED,history,2.4499999999999993,-2.2499999999999996,20.85,2,0,0,0,2.030494840689603,6,0,0,1,0.0,0.5333333338000001,,-2.9499999999999997,20.150000000000002,2.0,-2.9499999999999997,20.150000000000002,2.0,-2.9499999999999997,20.150000000000002,2.0,3.7399232054268383,0.0,0.0,0,0,4,1,,,0,1,PASS_THROUGH,-1,0.998532174024212,-0.035806890087523004,0.040636978981475204,0.793865803615942,0,0.998561414486052,-0.03540266073396115,0.04027099592226751,3.94382650777577,0.788765301555154,0,0,0,BYPASS_VISIBLE,1,1,1,0,0
1787562358717749760,1787562358734728448,joint_v2_000003_c1d41e01,948,170,0.03333333333333333,5.666666666666667,16.97850227355957,frame_id_exact,1,,-0.5257266759872437,23.224191665649414,1.8441905975341797,-0.047212310331754645,-0.0921972938697566,-0.9461028748149026,-0.30685502606802517,-0.403526246547699,-0.6078256964683533,0.096522256731987,0.7334497289790971,0.02931845831053317,-0.05285809349126318,2.5109611622864443,-0.050161030143499374,depth/000948.png,1.0,-0.03275299903544172,-0.20343091899582677,-0.9785413135124637,0.7334497289790971,0.02931845831053317,-0.05285809349126318,-0.050161030143499374,0.9985209749098916,-0.037074742229779696,0.03976589183703913,3.915067757608821,0.7830135515217642,0.46666666720000016,0.0,0.1558094024658203,0.0,0.46666666720000016,0.0,0.1558094024658203,0.0,blocked,BLOCKED_BY_OBSERVED_OBSTACLE,BLOCKED_BY_OBSERVED_OBSTACLE,DIRECT_LOCAL,PASS_THROUGH,0,6,0,0,0,0,1,0.46666666720000016,3.915067757608821,2.7529085124159156,0.0,0,1,1,HISTORY_OCCUPIED,history,2.5999999999999988,-2.55,20.85,2,0,0,0,2.1263958949221253,7,0,0,1,0.0,0.46666666720000016,,-2.9499999999999997,20.150000000000002,2.0,-2.9499999999999997,20.150000000000002,2.0,-2.9499999999999997,20.150000000000002,2.0,3.728680311976411,0.0,0.0,0,0,4,1,,,0,1,PASS_THROUGH,-1,0.998532174024212,-0.035806890087523004,0.040636978981475204,0.793865803615942,0,0.9985209749098916,-0.037074742229779696,0.03976589183703913,3.918166933218252,0.7836333866436503,0,0,0,BYPASS_VISIBLE,1,1,1,0,0
1787562358783670016,1787562358801394944,joint_v2_000003_c1d41e01,949,171,0.03333333333333333,5.7,17.724990844726562,frame_id_exact,1,,-0.5384220480918884,23.204702377319336,1.8476026058197021,-0.029302424824404552,-0.06826952840992577,-0.9484739518926095,-0.308022404982677,-0.3610529899597168,-0.563538134098053,0.10810419917106628,0.6768215735711397,0.03814780837325596,0.008849309859402632,2.5125669492883573,-0.05413114279508591,depth/000949.png,1.0,-0.013528084690761118,-0.14755534554208855,-0.9889612787801929,0.6768215735711397,0.03814780837325596,0.008849309859402632,-0.05413114279508591,0.9984643243253213,-0.0392176900633665,0.03912755851919751,3.89190375422231,0.778380750844462,0.4000000006000002,0.0,0.15239739418029785,0.0,0.4000000006000002,0.0,0.15239739418029785,0.0,blocked,BLOCKED_BY_OBSERVED_OBSTACLE,BLOCKED_BY_OBSERVED_OBSTACLE,DIRECT_LOCAL,PASS_THROUGH,0,6,0,0,0,0,1,0.4000000006000002,3.89190375422231,2.739248506768822,0.0,0,1,1,HISTORY_OCCUPIED,history,3.049999999999997,-2.9499999999999997,20.650000000000002,2,0,0,0,2.249307865837511,8,0,0,1,0.0,0.4000000006000002,,-2.9499999999999997,20.150000000000002,2.0,-2.9499999999999997,20.150000000000002,2.0,-2.9499999999999997,20.150000000000002,2.0,3.7181429726365836,0.0,0.0,0,0,4,1,,,0,1,PASS_THROUGH,-1,0.998532174024212,-0.035806890087523004,0.040636978981475204,0.793865803615942,0,0.9984643243253213,-0.0392176900633665,0.03912755851919751,3.894886365207932,0.7789772730415864,0,0,0,BYPASS_VISIBLE,1,1,1,0,0
1787562358840639232,1787562358859625472,joint_v2_000003_c1d41e01,950,172,0.03333333333333333,5.733333333333333,18.98646354675293,frame_id_exact,1,,-0.5499778389930725,23.186511993408203,1.8513751029968262,-0.012478029082571439,-0.053050141302138074,-0.9496210928636178,-0.3086256005041481,-0.3347007930278778,-0.5290927886962891,0.11790983378887177,0.6338543039361502,0.0410611763917752,0.04908390757639598,2.513623303809673,-0.052713461220264435,depth/000950.png,1.0,0.009046464204053552,-0.10845714475724509,-0.9940599625960753,0.6338543039361502,0.0410611763917752,0.04908390757639598,-0.052713461220264435,0.9984285673202485,-0.04084148931214056,0.03837145696480938,3.8704665687015316,0.7740933137403063,0.46666666720000016,0.0,0.14862489700317383,0.006819558338380105,0.46666666720000016,0.0,0.14862489700317383,0.006819558338380105,goal_capture,TERMINAL_SETTLING,NONE,DIRECT_LOCAL,PASS_THROUGH,0,6,0,0,0,0,1,0.46666666720000016,3.8704665687015316,inf,0.0,0,0,1,CLEAR,none,nan,0.0,0.0,0,0,0,0,2.342422048919136,6,0,1,1,0.0,0.6,"-0.550,23.187;-0.703,22.958;-0.904,22.696;-1.112,22.440;-1.322,22.186;-1.531,21.930;-1.739,21.674;-1.946,21.417;-2.152,21.159;-2.357,20.900;-2.562,20.641;-2.766,20.383;-2.938,20.166;-2.950,20.150",-2.9499999999999997,20.150000000000002,2.0,-2.9499999999999997,20.150000000000002,2.0,-2.9499999999999997,20.150000000000002,2.0,3.7083099398866213,0.0,0.0,0,0,4,1,,,0,1,PASS_THROUGH,-1,0.998532174024212,-0.035806890087523004,0.040636978981475204,0.793865803615942,0,0.9984285673202485,-0.04084148931214056,0.03837145696480938,3.8733190960009236,0.7746638192001847,0,0,0,BYPASS_VISIBLE,1,1,1,0,0
1787562358891036672,1787562358907659008,joint_v2_000003_c1d41e01,951,173,0.03333333333333333,5.766666666666667,16.622304916381836,frame_id_exact,1,,-0.5608707070350647,23.169384002685547,1.8554195165634155,0.0005983054549011646,-0.04682188599997444,-0.9499193542463833,-0.3089669455623405,-0.3205175995826721,-0.49871599674224854,0.1240372285246849,0.6004593991351185,0.0371180026662235,0.07003695436910623,2.514001223955237,-0.04798944294452667,depth/000951.png,1.0,0.030069514068484036,-0.0885843182095588,-0.9956147060439761,0.6004593991351185,0.0371180026662235,0.07003695436910623,-0.04798944294452667,0.9984228474594369,-0.04175821938676637,0.037524242625755946,3.8502751244783164,0.7700550248956632,0.5333333338000001,0.0,0.14458048343658447,-0.012800738362028774,0.5333333338000001,0.0,0.14458048343658447,-0.012800738362028774,goal_capture,TERMINAL_SETTLING,NONE,DIRECT_LOCAL,PASS_THROUGH,0,6,0,0,0,0,1,0.5333333338000001,3.850275124478316,inf,0.0,0,0,0,CLEAR,none,nan,0.0,0.0,0,0,0,0,2.39495332264989,4,0,1,1,0.0,0.6,"-0.561,23.169;-0.712,22.949;-0.914,22.687;-1.121,22.430;-1.330,22.175;-1.539,21.920;-1.747,21.664;-1.954,21.407;-2.160,21.149;-2.365,20.890;-2.569,20.631;-2.774,20.372;-2.942,20.161;-2.950,20.150",-2.9499999999999997,20.150000000000002,2.0,-2.9499999999999997,20.150000000000002,2.0,-2.9499999999999997,20.150000000000002,2.0,3.699272191343304,0.0,0.0,0,0,4,1,,,0,1,PASS_THROUGH,-1,0.998532174024212,-0.035806890087523004,0.040636978981475204,0.793865803615942,0,0.9984228474594369,-0.04175821938676637,0.037524242625755946,3.8529887166156183,0.7705977433231237,0,0,0,BYPASS_VISIBLE,1,1,1,0,0
1787562358937674496,1787562358954280704,joint_v2_000003_c1d41e01,952,174,0.03333333333333333,5.8,16.60609245300293,frame_id_exact,1,,-0.5714388489723206,23.15325164794922,1.859615445137024,0.010381354799041991,-0.040786456451400166,-0.9500300907401439,-0.30930812975243416,-0.3147995173931122,-0.4696468412876129,0.12757398188114166,0.5725634543559165,0.026853935999871,0.08597656304315732,2.5136870150805604,-0.0433880090713501,depth/000952.png,1.0,0.04495636401190236,-0.07107464697260898,-0.9964573848853489,0.5725634543559165,0.026853935999871,0.08597656304315732,-0.0433880090713501,0.9984507285081305,-0.04189487904192264,0.03661914597100688,3.8310669023247037,0.7662133804649407,0.6,0.0,0.14038455486297607,-0.016396292919536037,0.6,0.0,0.14038455486297607,-0.016396292919536037,goal_capture,TERMINAL_SETTLING,NONE,DIRECT_LOCAL,PASS_THROUGH,0,6,0,0,0,0,1,0.6,3.8310669023247037,inf,0.0,0,0,0,CLEAR,none,nan,0.0,0.0,0,0,0,0,0.0,2,0,1,1,0.0,0.6,"-0.561,23.169;-0.712,22.949;-0.914,22.687;-1.121,22.430;-1.330,22.175;-1.539,21.920;-1.747,21.664;-1.954,21.407;-2.160,21.149;-2.365,20.890;-2.569,20.631;-2.774,20.372;-2.942,20.161;-2.950,20.150",-2.9499999999999997,20.150000000000002,2.0,-2.9499999999999997,20.150000000000002,2.0,-2.9499999999999997,20.150000000000002,2.0,3.691075921241311,0.0,0.0,0,0,4,1,,,1,1,PASS_THROUGH,-1,0.9991208447025214,-0.041922997041245316,0.0,0.7662133804649407,0,0.9984507285081305,-0.04189487904192264,0.03661914597100688,3.8336381458520417,0.7667276291704084,0,0,0,BYPASS_VISIBLE,1,0,1,1,1
1787562358986727168,1787562359008709120,joint_v2_000003_c1d41e01,953,175,0.03333333333333333,5.833333333333333,21.98195457458496,frame_id_exact,1,,-0.5819364786148071,23.138036727905273,1.863913893699646,0.01751680678006037,-0.028059044912165914,-0.9502746522557445,-0.3096513148027487,-0.3162325918674469,-0.4444328248500824,0.13017538189888,0.5504509861497214,0.012315737543902801,0.10640137438724859,2.5126621800211466,-0.0392865315079689,depth/000953.png,1.0,0.05066859524142898,-0.042479393791890765,-0.9978117029576942,0.5504509861497214,0.012315737543902801,0.10640137438724859,-0.0392865315079689,0.9985143109822775,-0.04119175612163619,0.03567085632842519,3.812622237860195,0.762524447572039,0.6,0.0,0.136086106300354,-0.026892243012826,0.6,0.0,0.136086106300354,-0.026892243012826,goal_capture,TERMINAL_SETTLING,NONE,DIRECT_LOCAL,PASS_THROUGH,0,6,0,0,0,0,1,0.6,3.812622237860195,inf,0.0,0,0,0,CLEAR,none,nan,0.0,0.0,0,0,0,0,0.0,0,0,1,1,0.0,0.6,"-0.561,23.169;-0.712,22.949;-0.914,22.687;-1.121,22.430;-1.330,22.175;-1.539,21.920;-1.747,21.664;-1.954,21.407;-2.160,21.149;-2.365,20.890;-2.569,20.631;-2.774,20.372;-2.942,20.161;-2.950,20.150",-2.9499999999999997,20.150000000000002,2.0,-2.9499999999999997,20.150000000000002,2.0,-2.9499999999999997,20.150000000000002,2.0,3.683642005761702,0.0,0.0,0,0,4,1,,,0,1,PASS_THROUGH,-1,0.9984507285081305,-0.04189487904192264,0.03661914597100688,0.7662133804649407,0,0.9985143109822775,-0.04119175612163619,0.03567085632842519,3.815050164408598,0.7630100328817196,0,0,0,BYPASS_VISIBLE,1,0,1,1,1
1787562359038346240,1787562359054960384,joint_v2_000003_c1d41e01,954,176,0.03333333333333333,5.866666666666666,16.614198684692383,frame_id_exact,1,,-0.5926002264022827,23.12352180480957,1.8682670593261719,0.0219516740400806,-0.007200522947426117,-0.9505060770322219,-0.3098458875004438,-0.32475703954696655,-0.4286160171031952,0.1305902749300003,0.5376758777380082,-0.0037272536716648147,0.1308564206974167,2.5113587388076613,-0.03509623929858208,depth/000954.png,1.0,0.04619250399847927,-8.500978853852835e-05,-0.9989325529522433,0.5376758777380082,-0.0037272536716648147,0.1308564206974167,-0.03509623929858208,0.9985945566518756,-0.04006474055007542,0.03469478332399946,3.794623250895472,0.7589246501790944,0.6,0.0,0.13173294067382812,-0.07550390076930036,0.6,0.0,0.13173294067382812,-0.07550390076930036,goal_capture,TERMINAL_SETTLING,NONE,DIRECT_LOCAL,PASS_THROUGH,0,6,0,0,0,0,1,0.6,3.794623250895472,inf,0.0,0,0,0,CLEAR,none,nan,0.0,0.0,0,0,0,0,2.2975390757420584,0,0,1,1,0.0,0.6,"-0.593,23.124;-0.682,23.006;-0.822,22.826;-1.012,22.585;-1.253,22.281;-1.515,21.953;-1.778,21.625;-2.040,21.297;-2.301,20.968;-2.551,20.653;-2.749,20.404;-2.887,20.229;-2.950,20.150",-2.9499999999999997,20.150000000000002,2.0,-2.9499999999999997,20.150000000000002,2.0,-2.9499999999999997,20.150000000000002,2.0,3.6767355360674183,0.0,0.0,0,0,4,1,,,0,1,PASS_THROUGH,-1,0.9984507285081305,-0.04189487904192264,0.03661914597100688,0.7662133804649407,0,0.9985945566518756,-0.04006474055007542,0.03469478332399946,3.796909161923036,0.7593818323846072,0,0,0,BYPASS_VISIBLE,1,0,1,1,1
1787562359088232448,1787562359106146048,joint_v2_000003_c1d41e01,955,177,0.03333333333333333,5.9,17.9135799407959,frame_id_exact,1,,-0.603655993938446,23.109310150146484,1.8725831508636475,0.02244647855546846,0.01646490351743533,-0.9503820148829462,-0.30983719650754027,-0.3394271433353424,-0.42641204595565796,0.12785503268241882,0.5381778315330539,-0.01832428679839912,0.15301558780337907,2.5105616757625775,-0.03427610918879509,depth/000955.png,1.0,0.03246257993992731,0.045205404333692925,-0.9984501251052409,0.5381778315330539,-0.01832428679839912,0.15301558780337907,-0.03427610918879509,0.9986578187161558,-0.03931385895653106,0.03371915792299029,3.7766184291692717,0.7553236858338543,0.6,0.0,0.12741684913635254,-0.07345658299622304,0.6,0.0,0.12741684913635254,-0.07345658299622304,goal_capture,TERMINAL_SETTLING,NONE,DIRECT_LOCAL,PASS_THROUGH,0,6,0,0,0,0,1,0.6,3.7766184291692717,inf,0.0,0,0,0,CLEAR,none,nan,0.0,0.0,0,0,0,0,0.0,0,0,1,1,0.0,0.6,"-0.593,23.124;-0.682,23.006;-0.822,22.826;-1.012,22.585;-1.253,22.281;-1.515,21.953;-1.778,21.625;-2.040,21.297;-2.301,20.968;-2.551,20.653;-2.749,20.404;-2.887,20.229;-2.950,20.150",-2.9499999999999997,20.150000000000002,2.0,-2.9499999999999997,20.150000000000002,2.0,-2.9499999999999997,20.150000000000002,2.0,3.6700390469813375,0.0,0.0,0,0,4,1,,,0,1,PASS_THROUGH,-1,0.9984507285081305,-0.04189487904192264,0.03661914597100688,0.7662133804649407,0,0.9986578187161558,-0.03931385895653106,0.03371915792299029,3.7787672345600773,0.7557534469120155,0,0,0,BYPASS_VISIBLE,1,0,1,1,1
1787562359133963520,1787562359150787328,joint_v2_000003_c1d41e01,956,178,0.03333333333333333,5.933333333333334,16.823768615722656,frame_id_exact,1,,-0.6152666807174683,23.094938278198242,1.8767492771148682,0.018500883158809836,0.03677441580456165,-0.9499270306591403,-0.30974827858712334,-0.35748955607414246,-0.4383374750614166,0.12156461924314499,0.5530414511153539,-0.028595677318224228,0.16746319590874928,2.510679510682159,-0.03781573101878166,depth/000956.png,1.0,0.012367354024219696,0.08132725664046932,-0.9966107193291546,0.5530414511153539,-0.028595677318224228,0.16746319590874928,-0.03781573101878166,0.9986862359924897,-0.039387859463950604,0.032778019555811486,3.758143309476801,0.7516286618953603,0.6,0.0,0.12325072288513184,-0.07427398866103552,0.6,0.0,0.12325072288513184,-0.07427398866103552,goal_capture,TERMINAL_SETTLING,NONE,DIRECT_LOCAL,PASS_THROUGH,0,6,0,0,0,0,1,0.6,3.758143309476801,inf,0.0,0,0,0,CLEAR,none,nan,0.0,0.0,0,0,0,0,0.0,0,0,1,1,0.0,0.6,"-0.593,23.124;-0.682,23.006;-0.822,22.826;-1.012,22.585;-1.253,22.281;-1.515,21.953;-1.778,21.625;-2.040,21.297;-2.301,20.968;-2.551,20.653;-2.749,20.404;-2.887,20.229;-2.950,20.150",-2.9499999999999997,20.150000000000002,2.0,-2.9499999999999997,20.150000000000002,2.0,-2.9499999999999997,20.150000000000002,2.0,3.6632077547768587,0.0,0.0,0,0,4,1,,,0,1,PASS_THROUGH,-1,0.9984507285081305,-0.04189487904192264,0.03661914597100688,0.7662133804649407,0,0.9986862359924897,-0.039387859463950604,0.032778019555811486,3.7601638096307655,0.7520327619261531,0,0,0,BYPASS_VISIBLE,1,0,1,1,1
1787562359179381248,1787562359196804864,joint_v2_000003_c1d41e01,957,179,0.03333333333333333,5.966666666666667,17.423629760742188,frame_id_exact,1,,-0.6274847388267517,23.079967498779297,1.880649447441101,0.010802293839178134,0.04881605588904197,-0.9494961182594619,-0.30976995423291787,-0.3752155303955078,-0.46148258447647095,0.11205199360847473,0.5799056132364565,-0.03225462553482771,0.1702281943896386,2.511359314023018,-0.04391356185078621,depth/000957.png,1.0,-0.009730022659964706,0.09939376328711007,-0.9950006062705,0.5799056132364565,-0.03225462553482771,0.1702281943896386,-0.04391356185078621,0.9986903637709575,-0.039994779956075095,0.031905718724042464,3.738821563311846,0.7477643126623692,0.6,0.0,0.11935055255889893,-0.10590751891249806,0.6,0.0,0.11935055255889893,-0.10590751891249806,goal_capture,TERMINAL_SETTLING,NONE,DIRECT_LOCAL,PASS_THROUGH,0,6,0,0,0,0,1,0.6,3.7388215633118462,inf,0.0,0,0,0,CLEAR,none,nan,0.0,0.0,0,0,0,0,2.293311637414504,0,0,1,1,0.0,0.6,"-0.627,23.080;-0.727,22.956;-0.876,22.769;-1.074,22.519;-1.320,22.205;-1.580,21.875;-1.841,21.546;-2.103,21.218;-2.364,20.889;-2.604,20.586;-2.788,20.355;-2.911,20.199;-2.950,20.150",-2.9499999999999997,20.150000000000002,2.0,-2.9499999999999997,20.150000000000002,2.0,-2.9499999999999997,20.150000000000002,2.0,3.6559663829334,0.0,0.0,0,0,4,1,,,0,1,PASS_THROUGH,-1,0.9984507285081305,-0.04189487904192264,0.03661914597100688,0.7662133804649407,0,0.9986903637709575,-0.039994779956075095,0.031905718724042464,3.7407260306899985,0.7481452061379997,0,0,0,BYPASS_VISIBLE,1,0,1,1,1
1787562359225898752,1787562359242579456,joint_v2_000003_c1d41e01,958,180,0.03333333333333333,6.0,16.68071746826172,frame_id_exact,1,,-0.6402361392974854,23.06410789489746,1.884200096130371,0.0009962067444410205,0.04984292067515864,-0.9494134598882595,-0.31004640461340044,-0.38892993330955505,-0.49052488803863525,0.1009637862443924,0.6130965863456393,-0.028251260420774946,0.15934016141028495,2.5116829533486977,-0.05198457092046738,depth/000958.png,1.0,-0.029015612517520183,0.09526082017700797,-0.9950293816613843,0.6130965863456393,-0.028251260420774946,0.15934016141028495,-0.05198457092046738,0.9987034389314161,-0.04028112586014009,0.031126708242325815,3.71847198662449,0.7436943973248981,0.6,0.0,0.1157999038696289,-0.10631379409494546,0.6,0.0,0.1157999038696289,-0.10631379409494546,goal_capture,TERMINAL_SETTLING,NONE,DIRECT_LOCAL,PASS_THROUGH,0,6,0,0,0,0,1,0.6,3.71847198662449,inf,0.0,0,0,0,CLEAR,none,nan,0.0,0.0,0,0,0,0,0.0,0,0,1,1,0.0,0.6,"-0.627,23.080;-0.727,22.956;-0.876,22.769;-1.074,22.519;-1.320,22.205;-1.580,21.875;-1.841,21.546;-2.103,21.218;-2.364,20.889;-2.604,20.586;-2.788,20.355;-2.911,20.199;-2.950,20.150",-2.9499999999999997,20.150000000000002,2.0,-2.9499999999999997,20.150000000000002,2.0,-2.9499999999999997,20.150000000000002,2.0,3.648159541272766,0.0,0.0,0,0,4,1,,,1,1,PASS_THROUGH,-1,0.999187598658591,-0.04030065367805521,0.0,0.7436943973248981,0,0.9987034389314161,-0.04028112586014009,0.031126708242325815,3.720274658280931,0.7440549316561862,0,0,0,BYPASS_VISIBLE,1,0,1,1,1
1787562359274341888,1787562359290327040,joint_v2_000003_c1d41e01,959,181,0.03333333333333333,6.033333333333333,15.985250473022461,frame_id_exact,1,,-0.6533371210098267,23.047271728515625,1.8873902559280396,-0.008765661650273109,0.0397643834091738,-0.949669281250623,-0.31059654414826693,-0.39582547545433044,-0.5190482139587402,0.09083182364702225,0.6446802808641383,-0.017310604960047406,0.13574591721411605,2.510861656522588,-0.06042652577161789,depth/000959.png,1.0,-0.041350319332354155,0.07008085839163292,-0.9966839139758423,0.6446802808641383,-0.017310604960047406,0.13574591721411605,-0.06042652577161789,0.9987551418741226,-0.039513283024722685,0.030444491202999774,3.697139955233956,0.7394279910467911,0.6,0.0,0.11260974407196045,-0.10360840880428768,0.6,0.0,0.11260974407196045,-0.10360840880428768,goal_capture,TERMINAL_SETTLING,NONE,DIRECT_LOCAL,PASS_THROUGH,0,6,0,0,0,0,1,0.6,3.697139955233956,inf,0.0,0,0,0,CLEAR,none,nan,0.0,0.0,0,0,0,0,0.0,0,0,1,1,0.0,0.6,"-0.627,23.080;-0.727,22.956;-0.876,22.769;-1.074,22.519;-1.320,22.205;-1.580,21.875;-1.841,21.546;-2.103,21.218;-2.364,20.889;-2.604,20.586;-2.788,20.355;-2.911,20.199;-2.950,20.150",-2.9499999999999997,20.150000000000002,2.0,-2.9499999999999997,20.150000000000002,2.0,-2.9499999999999997,20.150000000000002,2.0,3.6397712960960216,0.0,0.0,0,0,4,1,,,0,1,PASS_THROUGH,-1,0.9987034389314161,-0.04028112586014009,0.031126708242325815,0.7436943973248981,0,0.9987551418741226,-0.039513283024722685,0.030444491202999774,3.6988545258021825,0.7397709051604365,0,0,0,BYPASS_VISIBLE,1,0,1,1,1
1787562359316982016,1787562359333897728,joint_v2_000003_c1d41e01,960,182,0.03333333333333333,6.066666666666666,16.91579818725586,frame_id_exact,1,,-0.6665323972702026,23.029579162597656,1.890292763710022,-0.016360056748664364,0.02101472428705066,-0.9499388178899599,-0.3112988470459622,-0.3944867253303528,-0.5408262610435486,0.08398044854402542,0.6666137846087786,-0.0020387445660079054,0.10386261369723437,2.5088990617446254,-0.06741687655448914,depth/000960.png,1.0,-0.044165824819973075,0.02973967108811721,-0.9985814598126395,0.6666137846087786,-0.0020387445660079054,0.10386261369723437,-0.06741687655448914,0.99884237251837,-0.037730436766605764,0.029838381378267255,3.6750782911909745,0.7350156582381949,0.6,0.0,0.10970723628997803,-0.05589448506344574,0.6,0.0,0.10970723628997803,-0.05589448506344574,goal_capture,TERMINAL_SETTLING,NONE,DIRECT_LOCAL,PASS_THROUGH,0,6,0,0,0,0,1,0.6,3.6750782911909745,inf,0.0,0,0,0,CLEAR,none,nan,0.0,0.0,0,0,0,0,2.163271715397738,0,0,1,1,0.0,0.6,"-0.667,23.030;-0.770,22.890;-0.925,22.689;-1.133,22.428;-1.388,22.111;-1.652,21.784;-1.914,21.456;-2.176,21.127;-2.436,20.798;-2.661,20.515;-2.828,20.304;-2.934,20.170;-2.950,20.150",-2.9499999999999997,20.150000000000002,2.0,-2.9499999999999997,20.150000000000002,2.0,-2.9499999999999997,20.150000000000002,2.0,3.6309360947366622,0.0,0.0,0,0,4,1,,,0,1,PASS_THROUGH,-1,0.9987034389314161,-0.04028112586014009,0.031126708242325815,0.7436943973248981,0,0.99884237251837,-0.037730436766605764,0.029838381378267255,3.676715398841411,0.7353430797682823,0,0,0,BYPASS_VISIBLE,1,0,1,1,1
1787562359366599424,1787562359383540992,joint_v2_000003_c1d41e01,961,183,0.03333333333333333,6.1,16.94178581237793,frame_id_exact,1,,-0.6795471906661987,23.01134490966797,1.8930392265319824,-0.020169684640090862,-0.002114787409713982,-0.949868011061083,-0.31199274520186115,-0.38519009947776794,-0.5510053634643555,0.08148784935474396,0.6733550419416149,0.013726871020380876,0.07087420827379164,2.506570571618096,-0.07074716687202454,depth/000961.png,1.0,-0.03699747980667477,-0.0166031283827996,-0.999177422991462,0.6733550419416149,0.013726871020380876,0.07087420827379164,-0.07074716687202454,0.9989332918730547,-0.03571471633415307,0.029270077294628286,3.6527045666867903,0.730540913337358,0.6,0.0,0.10696077346801758,-0.053481441453078205,0.6,0.0,0.10696077346801758,-0.053481441453078205,goal_capture,TERMINAL_SETTLING,NONE,DIRECT_LOCAL,PASS_THROUGH,0,6,0,0,0,0,1,0.6,3.6527045666867903,inf,0.0,0,0,0,CLEAR,none,nan,0.0,0.0,0,0,0,0,0.0,0,0,1,1,0.0,0.6,"-0.667,23.030;-0.770,22.890;-0.925,22.689;-1.133,22.428;-1.388,22.111;-1.652,21.784;-1.914,21.456;-2.176,21.127;-2.436,20.798;-2.661,20.515;-2.828,20.304;-2.934,20.170;-2.950,20.150",-2.9499999999999997,20.150000000000002,2.0,-2.9499999999999997,20.150000000000002,2.0,-2.9499999999999997,20.150000000000002,2.0,3.6218991858216065,0.0,0.0,0,0,4,1,,,0,1,PASS_THROUGH,-1,0.9987034389314161,-0.04028112586014009,0.031126708242325815,0.7436943973248981,0,0.9989332918730547,-0.03571471633415307,0.029270077294628286,3.6542702771627895,0.7308540554325579,0,0,0,BYPASS_VISIBLE,1,0,1,1,1
1787562359415759872,1787562359432117248,joint_v2_000003_c1d41e01,962,184,0.03333333333333333,6.133333333333334,16.357421875,frame_id_exact,1,,-0.6921451687812805,22.993000030517578,1.8957710266113281,-0.019417717083159088,-0.02448707769213474,-0.9493764594636238,-0.3125822667805902,-0.3699522912502289,-0.5471799373626709,0.08287184685468674,0.6636764796614625,0.026114910331957394,0.0446079192200168,2.504817527365073,-0.07108967006206512,depth/000962.png,1.0,-0.021560994486872,-0.05863417828705525,-0.9980466705787555,0.6636764796614625,0.026114910331957394,0.0446079192200168,-0.07108967006206512,0.9989965198349008,-0.03438622049233896,0.02869740751372716,3.630503768401935,0.726100753680387,0.6,0.0,0.10422897338867188,-0.05957890728429671,0.6,0.0,0.10422897338867188,-0.05957890728429671,goal_capture,TERMINAL_SETTLING,NONE,DIRECT_LOCAL,PASS_THROUGH,0,6,0,0,0,0,1,0.6,3.630503768401935,inf,0.0,0,0,0,CLEAR,none,nan,0.0,0.0,0,0,0,0,0.0,0,0,1,1,0.0,0.6,"-0.667,23.030;-0.770,22.890;-0.925,22.689;-1.133,22.428;-1.388,22.111;-1.652,21.784;-1.914,21.456;-2.176,21.127;-2.436,20.798;-2.661,20.515;-2.828,20.304;-2.934,20.170;-2.950,20.150",-2.9499999999999997,20.150000000000002,2.0,-2.9499999999999997,20.150000000000002,2.0,-2.9499999999999997,20.150000000000002,2.0,3.6129764214495683,0.0,0.0,0,0,4,1,,,0,1,PASS_THROUGH,-1,0.9987034389314161,-0.04028112586014009,0.031126708242325815,0.7436943973248981,0,0.9989965198349008,-0.03438622049233896,0.02869740751372716,3.6319996271027213,0.7263999254205442,0,0,0,BYPASS_VISIBLE,1,0,1,1,1
1787562359460476160,1787562359477228032,joint_v2_000003_c1d41e01,963,185,0.03333333333333333,6.166666666666667,16.751766204833984,frame_id_exact,1,,-0.7041822671890259,22.975011825561523,1.8985923528671265,-0.014309469255107222,-0.041260671582617474,-0.9487100261377147,-0.3131167232454463,-0.35219186544418335,-0.5300797820091248,0.08656659722328186,0.6407138149426286,0.03245174497983299,0.030824547427984232,2.5039595427718386,-0.07107806205749512,depth/000963.png,1.0,-0.0013122613323478215,-0.08724989388029063,-0.996185592140377,0.6407138149426286,0.03245174497983299,0.030824547427984232,-0.07107806205749512,0.9990264754079732,-0.03401714747112768,0.028087988746974542,3.6089318507794883,0.7217863701558976,0.6,0.0,0.10140764713287354,-0.00890523288302969,0.6,0.0,0.10140764713287354,-0.00890523288302969,goal_capture,TERMINAL_SETTLING,NONE,DIRECT_LOCAL,PASS_THROUGH,0,6,0,0,0,0,1,0.6,3.6089318507794883,inf,0.0,0,0,0,CLEAR,none,nan,0.0,0.0,0,0,0,0,1.950184804275,0,0,1,1,0.0,0.6,"-0.704,22.975;-0.798,22.837;-0.947,22.639;-1.152,22.384;-1.409,22.073;-1.676,21.749;-1.940,21.422;-2.202,21.093;-2.462,20.765;-2.681,20.489;-2.842,20.286;-2.942,20.161;-2.950,20.150",-2.9499999999999997,20.150000000000002,2.0,-2.9499999999999997,20.150000000000002,2.0,-2.9499999999999997,20.150000000000002,2.0,3.604474717824205,0.0,0.0,0,0,4,1,,,0,1,PASS_THROUGH,-1,0.9987034389314161,-0.04028112586014009,0.031126708242325815,0.7436943973248981,0,0.9990264754079732,-0.03401714747112768,0.028087988746974542,3.610356300210228,0.7220712600420456,0,0,0,BYPASS_VISIBLE,1,0,1,1,1
1787562359505940992,1787562359523633408,joint_v2_000003_c1d41e01,964,186,0.03333333333333333,6.2,17.69256591796875,frame_id_exact,1,,-0.715641438961029,22.957765579223633,1.901550054550171,-0.0060010645673613285,-0.04891898402202664,-0.9482410542781627,-0.31370340005768116,-0.33594629168510437,-0.5034888386726379,0.0908416137099266,0.610420596758189,0.031790677238429633,0.031451045140296785,2.503541570850728,-0.06902743130922318,depth/000964.png,1.0,0.01931119164586221,-0.09653908668402014,-0.9951418404526221,0.610420596758189,0.031790677238429633,0.031451045140296785,-0.06902743130922318,0.9990423553125034,-0.03409082474666217,0.02742604528068152,3.5883012313852847,0.7176602462770569,0.6,0.0,0.0984499454498291,-0.01275085019117217,0.6,0.0,0.0984499454498291,-0.01275085019117217,goal_capture,TERMINAL_SETTLING,NONE,DIRECT_LOCAL,PASS_THROUGH,0,6,0,0,0,0,1,0.6,3.5883012313852847,inf,0.0,0,0,0,CLEAR,none,nan,0.0,0.0,0,0,0,0,0.0,0,0,1,1,0.0,0.6,"-0.704,22.975;-0.798,22.837;-0.947,22.639;-1.152,22.384;-1.409,22.073;-1.676,21.749;-1.940,21.422;-2.202,21.093;-2.462,20.765;-2.681,20.489;-2.842,20.286;-2.942,20.161;-2.950,20.150",-2.9499999999999997,20.150000000000002,2.0,-2.9499999999999997,20.150000000000002,2.0,-2.9499999999999997,20.150000000000002,2.0,3.5966259479850082,0.0,0.0,0,0,4,1,,,1,1,PASS_THROUGH,-1,0.9994183012277628,-0.03410365333820601,0.0,0.7176602462770569,0,0.9990423553125034,-0.03409082474666217,0.02742604528068152,3.589651531683852,0.7179303063367704,0,0,0,BYPASS_VISIBLE,1,0,1,1,1
1787562359555853056,1787562359572553984,joint_v2_000003_c1d41e01,965,187,0.03333333333333333,6.233333333333333,16.70074462890625,frame_id_exact,1,,-0.7266364097595215,22.941478729248047,1.9046423435211182,0.003658678147475833,-0.04599719278537392,-0.9481819148298594,-0.3143595532501912,-0.32486167550086975,-0.4732973575592041,0.09453423321247101,0.5795512219358712,0.024735923657644814,0.04461763512636288,2.5028494381456525,-0.06407207250595093,depth/000965.png,1.0,0.035857498852785726,-0.0849271318082146,-0.9957417446601566,0.5795512219358712,0.024735923657644814,0.04461763512636288,-0.06407207250595093,0.9990705758960495,-0.03383060752629112,0.026710941075486952,3.5687111329233847,0.7137422265846769,0.6,0.0,0.09535765647888184,-0.026172266818191847,0.6,0.0,0.09535765647888184,-0.026172266818191847,goal_capture,TERMINAL_SETTLING,NONE,DIRECT_LOCAL,PASS_THROUGH,0,6,0,0,0,0,1,0.6,3.5687111329233847,inf,0.0,0,0,0,CLEAR,none,nan,0.0,0.0,0,0,0,0,0.0,0,0,1,1,0.0,0.6,"-0.704,22.975;-0.798,22.837;-0.947,22.639;-1.152,22.384;-1.409,22.073;-1.676,21.749;-1.940,21.422;-2.202,21.093;-2.462,20.765;-2.681,20.489;-2.842,20.286;-2.942,20.161;-2.950,20.150",-2.9499999999999997,20.150000000000002,2.0,-2.9499999999999997,20.150000000000002,2.0,-2.9499999999999997,20.150000000000002,2.0,3.589554199738815,0.0,0.0,0,0,4,1,,,0,1,PASS_THROUGH,-1,0.9990423553125034,-0.03409082474666217,0.02742604528068152,0.7176602462770569,0,0.9990705758960495,-0.03383060752629112,0.026710941075486952,3.569984906536784,0.7139969813073568,0,0,0,BYPASS_VISIBLE,1,0,1,1,1
1787562359601790464,1787562359617796608,joint_v2_000003_c1d41e01,966,188,0.03333333333333333,6.266666666666667,16.0062313079834,frame_id_exact,1,,-0.7373834848403931,22.92617416381836,1.9078375101089478,0.012555637123363168,-0.03335319275951063,-0.9484181481367451,-0.3150125978338651,-0.3213313817977905,-0.4460391402244568,0.09694506973028183,0.5541630354288496,0.013036227141773625,0.06585214523044111,2.501474424658835,-0.057841941714286804,depth/000966.png,1.0,0.04482934001288834,-0.055355178887466036,-0.9974598410183467,0.5541630354288496,0.013036227141773625,0.06585214523044111,-0.057841941714286804,0.9991257558872223,-0.032775103692229184,0.025952196453288084,3.550044342118785,0.710008868423757,0.6,0.0,0.09216248989105225,-0.042182068111915605,0.6,0.0,0.09216248989105225,-0.042182068111915605,goal_capture,TERMINAL_SETTLING,NONE,DIRECT_LOCAL,PASS_THROUGH,0,6,0,0,0,0,1,0.6,3.550044342118785,inf,0.0,0,0,0,CLEAR,none,nan,0.0,0.0,0,0,0,0,1.8788445316363755,0,0,1,1,0.0,0.6,"-0.737,22.926;-0.826,22.805;-0.967,22.623;-1.160,22.381;-1.406,22.078;-1.671,21.752;-1.934,21.425;-2.196,21.097;-2.458,20.768;-2.677,20.492;-2.840,20.288;-2.941,20.162;-2.950,20.150",-2.9499999999999997,20.150000000000002,2.0,-2.9499999999999997,20.150000000000002,2.0,-2.9499999999999997,20.150000000000002,2.0,3.5832248367446335,0.0,0.0,0,0,4,1,,,0,1,PASS_THROUGH,-1,0.9990423553125034,-0.03409082474666217,0.02742604528068152,0.7176602462770569,0,0.9991257558872223,-0.032775103692229184,0.025952196453288084,3.551240453074463,0.7102480906148926,0,0,0,BYPASS_VISIBLE,1,0,1,1,1
1787562359650058496,1787562359666734336,joint_v2_000003_c1d41e01,967,189,0.03333333333333333,6.3,16.675710678100586,frame_id_exact,1,,-0.7481502294540405,22.91164779663086,1.9110828638076782,0.018763554136188333,-0.013898068414120474,-0.9486212901490588,-0.31555097940977794,-0.325992614030838,-0.4273841679096222,0.09746140241622925,0.5388576874720309,-0.000876885794278119,0.08977059689562243,2.49965953971733,-0.052073340862989426,depth/000967.png,1.0,0.044370112064865,-0.014526291409400458,-0.9989095454610695,0.5388576874720309,-0.000876885794278119,0.08977059689562243,-0.052073340862989426,0.9991980868107191,-0.031141749262969948,0.02516693796712106,3.531974088904017,0.7063948177808034,0.6,0.0,0.08891713619232178,-0.039132905307939225,0.6,0.0,0.08891713619232178,-0.039132905307939225,goal_capture,TERMINAL_SETTLING,NONE,DIRECT_LOCAL,PASS_THROUGH,0,6,0,0,0,0,1,0.6,3.531974088904017,inf,0.0,0,0,0,CLEAR,none,nan,0.0,0.0,0,0,0,0,0.0,0,0,1,1,0.0,0.6,"-0.737,22.926;-0.826,22.805;-0.967,22.623;-1.160,22.381;-1.406,22.078;-1.671,21.752;-1.934,21.425;-2.196,21.097;-2.458,20.768;-2.677,20.492;-2.840,20.288;-2.941,20.162;-2.950,20.150",-2.9499999999999997,20.150000000000002,2.0,-2.9499999999999997,20.150000000000002,2.0,-2.9499999999999997,20.150000000000002,2.0,3.5774798090679027,0.0,0.0,0,0,4,1,,,0,1,PASS_THROUGH,-1,0.9990423553125034,-0.03409082474666217,0.02742604528068152,0.7176602462770569,0,0.9991980868107191,-0.031141749262969948,0.02516693796712106,3.5330931521540734,0.7066186304308146,0,0,0,BYPASS_VISIBLE,1,0,1,1,1
1787562359694709760,1787562359711540480,joint_v2_000003_c1d41e01,968,190,0.03333333333333333,6.333333333333333,16.8306827545166,frame_id_exact,1,,-0.7591946125030518,22.897546768188477,1.9143040180206299,0.02094479827608637,0.008068138470961642,-0.9485241144713064,-0.31590857036999115,-0.337647020816803,-0.4209372401237488,0.09538179636001587,0.5363784145093856,-0.014246677200935198,0.1112950425825647,2.498101847693633,-0.04762473329901695,depth/000968.png,1.0,0.0346357042953927,0.02853893035737414,-0.9989924411335749,0.5363784145093856,-0.014246677200935198,0.1112950425825647,-0.04762473329901695,0.9992635863510881,-0.029629938493804048,0.02437933013055919,3.514063387201287,0.7028126774402574,0.6,0.0,0.08569598197937012,-0.039678108649447985,0.6,0.0,0.08569598197937012,-0.039678108649447985,goal_capture,TERMINAL_SETTLING,NONE,DIRECT_LOCAL,PASS_THROUGH,0,6,0,0,0,0,1,0.6,3.514063387201287,inf,0.0,0,0,0,CLEAR,none,nan,0.0,0.0,0,0,0,0,0.0,0,0,1,1,0.0,0.6,"-0.737,22.926;-0.826,22.805;-0.967,22.623;-1.160,22.381;-1.406,22.078;-1.671,21.752;-1.934,21.425;-2.196,21.097;-2.458,20.768;-2.677,20.492;-2.840,20.288;-2.941,20.162;-2.950,20.150",-2.9499999999999997,20.150000000000002,2.0,-2.9499999999999997,20.150000000000002,2.0,-2.9499999999999997,20.150000000000002,2.0,3.5720680202008093,0.0,0.0,0,0,4,1,,,0,1,PASS_THROUGH,-1,0.9990423553125034,-0.03409082474666217,0.02742604528068152,0.7176602462770569,0,0.9992635863510881,-0.029629938493804048,0.02437933013055919,3.515108147780946,0.7030216295561892,0,0,0,BYPASS_VISIBLE,1,0,1,1,1
1787562359742003200,1787562359759725056,joint_v2_000003_c1d41e01,969,191,0.03333333333333333,6.366666666666666,17.721891403198242,frame_id_exact,1,,-0.7707080245018005,22.883441925048828,1.9174045324325562,0.018641426092138726,0.02775894898147295,-0.9481308576553952,-0.3161167739085356,-0.3535930812358856,-0.4275434911251068,0.09016437828540802,0.5472191048735722,-0.024344317372134962,0.1261337563302446,2.497378595802669,-0.04500212520360947,depth/000969.png,1.0,0.017798883819088583,0.0644239671654352,-0.9977638759693906,0.5472191048735722,-0.024344317372134962,0.1261337563302446,-0.04500212520360947,0.9993046966614002,-0.028848138941708207,0.02362007853642876,3.49585730144774,0.699171460289548,0.6,0.0,0.08259546756744385,-0.08242026052743157,0.6,0.0,0.08259546756744385,-0.08242026052743157,goal_capture,TERMINAL_SETTLING,NONE,DIRECT_LOCAL,PASS_THROUGH,0,6,0,0,0,0,1,0.6,3.49585730144774,inf,0.0,0,0,0,CLEAR,none,nan,0.0,0.0,0,0,0,0,1.653567413978994,0,0,1,1,0.0,0.6,"-0.771,22.883;-0.867,22.767;-1.011,22.587;-1.204,22.343;-1.447,22.036;-1.708,21.707;-1.970,21.379;-2.232,21.051;-2.490,20.727;-2.703,20.460;-2.857,20.266;-2.949,20.152;-2.950,20.150",-2.9499999999999997,20.150000000000002,2.0,-2.9499999999999997,20.150000000000002,2.0,-2.9499999999999997,20.150000000000002,2.0,3.566700793541153,0.0,0.0,0,0,4,1,,,0,1,PASS_THROUGH,-1,0.9990423553125034,-0.03409082474666217,0.02742604528068152,0.7176602462770569,0,0.9993046966614002,-0.028848138941708207,0.02362007853642876,3.4968328932547177,0.6993665786509435,0,0,0,BYPASS_VISIBLE,1,0,1,1,1
1787562359793321984,1787562359814364928,joint_v2_000003_c1d41e01,970,192,0.03333333333333333,6.4,21.042823791503906,frame_id_exact,1,,-0.7827756404876709,22.868921279907227,1.9202799797058105,0.012391595870143901,0.040922493623984375,-0.9476926311131855,-0.3163075636167334,-0.3702890872955322,-0.4452321529388428,0.08198079466819763,0.5692700622774962,-0.02889781565696508,0.13100779106593707,2.497415603524224,-0.04630814492702484,depth/000970.png,1.0,-0.0024013403229116957,0.08540300230646941,-0.9963435957347719,0.5692700622774962,-0.02889781565696508,0.13100779106593707,-0.04630814492702484,0.9993230544851717,-0.028775307553866064,0.022921920722461714,3.476980637103975,0.695396127420795,0.6,0.0,0.07972002029418945,-0.08119561736781966,0.6,0.0,0.07972002029418945,-0.08119561736781966,goal_capture,TERMINAL_SETTLING,NONE,DIRECT_LOCAL,PASS_THROUGH,0,6,0,0,0,0,1,0.6,3.476980637103975,inf,0.0,0,0,0,CLEAR,none,nan,0.0,0.0,0,0,0,0,0.0,0,0,1,1,0.0,0.6,"-0.771,22.883;-0.867,22.767;-1.011,22.587;-1.204,22.343;-1.447,22.036;-1.708,21.707;-1.970,21.379;-2.232,21.051;-2.490,20.727;-2.703,20.460;-2.857,20.266;-2.949,20.152;-2.950,20.150",-2.9499999999999997,20.150000000000002,2.0,-2.9499999999999997,20.150000000000002,2.0,-2.9499999999999997,20.150000000000002,2.0,3.5611178964621413,0.0,0.0,0,0,4,1,,,1,1,PASS_THROUGH,-1,0.9995856873693644,-0.02878287001525683,0.0,0.695396127420795,0,0.9993230544851717,-0.028775307553866064,0.022921920722461714,3.4778944251416934,0.6955788850283386,0,0,0,BYPASS_VISIBLE,1,0,1,1,1
1787562359855308032,1787562359873727232,joint_v2_000003_c1d41e01,971,193,0.03333333333333333,6.433333333333334,18.419265747070312,frame_id_exact,1,,-0.7953622937202454,22.853681564331055,1.9228496551513672,0.003627488489004667,0.044792895904746825,-0.9474797290755036,-0.31664270210244694,-0.3841674327850342,-0.46979600191116333,0.07210613042116165,0.5978040504398048,-0.02662977377209773,0.12415057911778479,2.497480448531233,-0.05079510062932968,depth/000971.png,1.0,-0.02149274356697203,0.08717795726668143,-0.9959608756074573,0.5978040504398048,-0.02662977377209773,0.12415057911778479,-0.05079510062932968,0.9993378798363421,-0.028741225253359384,0.022310174699903096,3.4572181948245744,0.6914436389649149,0.6,0.0,0.07715034484863281,-0.07846723623904595,0.6,0.0,0.07715034484863281,-0.07846723623904595,goal_capture,TERMINAL_SETTLING,NONE,DIRECT_LOCAL,PASS_THROUGH,0,6,0,0,0,0,1,0.6,3.4572181948245744,inf,0.0,0,0,0,CLEAR,none,nan,0.0,0.0,0,0,0,0,0.0,0,0,1,1,0.0,0.6,"-0.771,22.883;-0.867,22.767;-1.011,22.587;-1.204,22.343;-1.447,22.036;-1.708,21.707;-1.970,21.379;-2.232,21.051;-2.490,20.727;-2.703,20.460;-2.857,20.266;-2.949,20.152;-2.950,20.150",-2.9499999999999997,20.150000000000002,2.0,-2.9499999999999997,20.150000000000002,2.0,-2.9499999999999997,20.150000000000002,2.0,3.5551372795816136,0.0,0.0,0,0,4,1,,,0,1,PASS_THROUGH,-1,0.9993230544851717,-0.028775307553866064,0.022921920722461714,0.695396127420795,0,0.9993378798363421,-0.028741225253359384,0.022310174699903096,3.458078920779043,0.6916157841558086,0,0,0,BYPASS_VISIBLE,1,0,1,1,1
1787562359901949440,1787562359918412544,joint_v2_000003_c1d41e01,972,194,0.03333333333333333,6.466666666666667,16.463041305541992,frame_id_exact,1,,-0.8083232641220093,22.83758544921875,1.9250903129577637,-0.00565249988021861,0.03870755087674801,-0.9475599376850935,-0.3171749347669986,-0.3923667073249817,-0.49575895071029663,0.06259187310934067,0.62617697281621,-0.017828790363465994,0.10597568473315501,2.49681493514245,-0.05559338629245758,depth/000972.png,1.0,-0.035266294717175545,0.06976978643187025,-0.9969395495004562,0.62617697281621,-0.017828790363465994,0.10597568473315501,-0.05559338629245758,0.999369047418513,-0.028046097644246686,0.02179273889953715,3.4365527477187574,0.6873105495437515,0.6,0.0,0.07490968704223633,-0.0669428037099351,0.6,0.0,0.07490968704223633,-0.0669428037099351,goal_capture,TERMINAL_SETTLING,NONE,DIRECT_LOCAL,PASS_THROUGH,0,6,0,0,0,0,1,0.6,3.4365527477187574,inf,0.0,0,0,0,CLEAR,none,nan,0.0,0.0,0,0,0,0,1.6075156335945553,0,0,1,1,0.0,0.6,"-0.808,22.838;-0.980,22.621;-1.186,22.363;-1.391,22.105;-1.597,21.847;-1.803,21.589;-2.009,21.331;-2.214,21.073;-2.420,20.815;-2.626,20.557;-2.832,20.299;-2.950,20.150",-2.9499999999999997,20.150000000000002,2.0,-2.9499999999999997,20.150000000000002,2.0,-2.9499999999999997,20.150000000000002,2.0,3.548683881974793,0.0,0.0,0,0,4,1,,,0,1,PASS_THROUGH,-1,0.9993230544851717,-0.028775307553866064,0.022921920722461714,0.695396127420795,0,0.999369047418513,-0.028046097644246686,0.02179273889953715,3.4373690882804695,0.6874738176560939,0,0,0,BYPASS_VISIBLE,1,0,1,1,1
1787562359950429696,1787562359967208448,joint_v2_000003_c1d41e01,973,195,0.03333333333333333,6.5,16.77870750427246,frame_id_exact,1,,-0.8214382529258728,22.8206787109375,1.9270496368408203,-0.013368144660276247,0.024230377218125997,-0.9477444943747917,-0.31782786993981466,-0.3932596445083618,-0.517470121383667,0.055502258241176605,0.6474107724070692,-0.004521361294267943,0.0796732342563625,2.4952241275570417,-0.05870077386498451,depth/000973.png,1.0,-0.04074134936171556,0.037430875325360775,-0.9984683630564185,0.6474107724070692,-0.004521361294267943,0.0796732342563625,-0.05870077386498451,0.9994196524849981,-0.02653835301403705,0.02135589019610569,3.4151573738500005,0.6830314747700001,0.6,0.0,0.07295036315917969,-0.06405591911335717,0.6,0.0,0.07295036315917969,-0.06405591911335717,goal_capture,TERMINAL_SETTLING,NONE,DIRECT_LOCAL,PASS_THROUGH,0,6,0,0,0,0,1,0.6,3.415157373850001,inf,0.0,0,0,0,CLEAR,none,nan,0.0,0.0,0,0,0,0,0.0,0,0,1,1,0.0,0.6,"-0.808,22.838;-0.980,22.621;-1.186,22.363;-1.391,22.105;-1.597,21.847;-1.803,21.589;-2.009,21.331;-2.214,21.073;-2.420,20.815;-2.626,20.557;-2.832,20.299;-2.950,20.150",-2.9499999999999997,20.150000000000002,2.0,-2.9499999999999997,20.150000000000002,2.0,-2.9499999999999997,20.150000000000002,2.0,3.541808467230262,0.0,0.0,0,0,4,1,,,0,1,PASS_THROUGH,-1,0.9993230544851717,-0.028775307553866064,0.022921920722461714,0.695396127420795,0,0.9994196524849981,-0.02653835301403705,0.02135589019610569,3.415936422658813,0.6831872845317626,0,0,0,BYPASS_VISIBLE,1,0,1,1,1
1787562359994216960,1787562360011348480,joint_v2_000003_c1d41e01,974,196,0.03333333333333333,6.533333333333333,17.131567001342773,frame_id_exact,1,,-0.8344577550888062,22.803186416625977,1.928832769393921,-0.017827159921377587,0.004740171515036491,-0.9477529768988665,-0.31847137692810357,-0.38676321506500244,-0.5301877856254578,0.0520881712436676,0.6562803970157709,0.009985254717498141,0.05093510889751897,2.493201713815211,-0.05996416136622429,depth/000974.png,1.0,-0.03681070566881363,-0.0023698570049831558,-0.9993194462862913,0.6562803970157709,0.009985254717498141,0.05093510889751897,-0.05996416136622429,0.9994742586018308,-0.024729640512828922,0.020967862848344225,3.3933636927645217,0.6786727385529043,0.6,0.0,0.0711672306060791,-0.06208010874168224,0.6,0.0,0.0711672306060791,-0.06208010874168224,goal_capture,TERMINAL_SETTLING,NONE,DIRECT_LOCAL,PASS_THROUGH,0,6,0,0,0,0,1,0.6,3.3933636927645217,inf,0.0,0,0,0,CLEAR,none,nan,0.0,0.0,0,0,0,0,0.0,0,0,1,1,0.0,0.6,"-0.808,22.838;-0.980,22.621;-1.186,22.363;-1.391,22.105;-1.597,21.847;-1.803,21.589;-2.009,21.331;-2.214,21.073;-2.420,20.815;-2.626,20.557;-2.832,20.299;-2.950,20.150",-2.9499999999999997,20.150000000000002,2.0,-2.9499999999999997,20.150000000000002,2.0,-2.9499999999999997,20.150000000000002,2.0,3.5346760798173325,0.0,0.0,0,0,4,1,,,0,1,PASS_THROUGH,-1,0.9993230544851717,-0.028775307553866064,0.022921920722461714,0.695396127420795,0,0.9994742586018308,-0.024729640512828922,0.020967862848344225,3.394109887155189,0.6788219774310378,0,0,0,BYPASS_VISIBLE,1,0,1,1,1
1787562360040531968,1787562360058590208,joint_v2_000003_c1d41e01,975,197,0.03333333333333333,6.566666666666666,18.058300018310547,frame_id_exact,1,,-0.8471567630767822,22.785465240478516,1.9305649995803833,-0.018078761492253414,-0.015370379373830645,-0.9474465244123764,-0.3190329030048767,-0.37441474199295044,-0.5310742855072021,0.05231977254152298,0.6509811831467253,0.022115345769891444,0.02642092007855956,2.4914877327713416,-0.06054816395044327,depth/000975.png,1.0,-0.02445000597919267,-0.040660664556483817,-0.9988738196416215,0.6509811831467253,0.022115345769891444,0.02642092007855956,-0.06054816395044327,0.999515338737937,-0.023348427361744032,0.02058976851060785,3.3715911248020847,0.6743182249604169,0.6,0.0,0.0694350004196167,-0.005955370955676997,0.6,0.0,0.0694350004196167,-0.005955370955676997,goal_capture,TERMINAL_SETTLING,NONE,DIRECT_LOCAL,PASS_THROUGH,0,6,0,0,0,0,1,0.6,3.3715911248020847,inf,0.0,0,0,0,CLEAR,none,nan,0.0,0.0,0,0,0,0,1.3381716558660357,0,0,1,1,0.0,0.6,"-0.847,22.785;-1.012,22.559;-1.218,22.301;-1.427,22.046;-1.636,21.791;-1.845,21.535;-2.051,21.278;-2.257,21.020;-2.463,20.762;-2.668,20.503;-2.872,20.248;-2.950,20.150",-2.9499999999999997,20.150000000000002,2.0,-2.9499999999999997,20.150000000000002,2.0,-2.9499999999999997,20.150000000000002,2.0,3.527524354472082,0.0,0.0,0,0,4,1,,,0,1,PASS_THROUGH,-1,0.9993230544851717,-0.028775307553866064,0.022921920722461714,0.695396127420795,0,0.999515338737937,-0.023348427361744032,0.02058976851060785,3.372306025871237,0.6744612051742475,0,0,0,BYPASS_VISIBLE,1,0,1,1,1
1787562360090027008,1787562360105997824,joint_v2_000003_c1d41e01,976,198,0.03333333333333333,6.6,15.970706939697266,frame_id_exact,1,,-0.8593855500221252,22.76791763305664,1.9323511123657227,-0.014115114376645796,-0.03167066242777928,-0.9469421966041426,-0.31952810358095496,-0.3591143488883972,-0.5199213027954102,0.05508554354310036,0.6335099137295619,0.029095790870892025,0.011589561916382135,2.4904996904280883,-0.05887701362371445,depth/000976.png,1.0,-0.00649306141687753,-0.069000924751735,-0.9975954653750397,0.6335099137295619,0.029095790870892025,0.011589561916382135,-0.05887701362371445,0.999536776699124,-0.02277439640177757,0.020188087934725114,3.350247977676453,0.6700495955352906,0.6,0.0,0.06764888763427734,-0.007537138952273814,0.6,0.0,0.06764888763427734,-0.007537138952273814,goal_capture,TERMINAL_SETTLING,NONE,DIRECT_LOCAL,PASS_THROUGH,0,6,0,0,0,0,1,0.6,3.350247977676453,inf,0.0,0,0,0,CLEAR,none,nan,0.0,0.0,0,0,0,0,0.0,0,0,1,1,0.0,0.6,"-0.847,22.785;-1.012,22.559;-1.218,22.301;-1.427,22.046;-1.636,21.791;-1.845,21.535;-2.051,21.278;-2.257,21.020;-2.463,20.762;-2.668,20.503;-2.872,20.248;-2.950,20.150",-2.9499999999999997,20.150000000000002,2.0,-2.9499999999999997,20.150000000000002,2.0,-2.9499999999999997,20.150000000000002,2.0,3.5206206488605964,0.0,0.0,0,0,4,1,,,1,1,PASS_THROUGH,-1,0.9997405240323598,-0.022779038774765826,0.0,0.6700495955352906,0,0.999536776699124,-0.02277439640177757,0.020188087934725114,3.3509308981122423,0.6701861796224484,0,0,0,BYPASS_VISIBLE,1,0,1,1,1
1787562360137493760,1787562360153454592,joint_v2_000003_c1d41e01,977,199,0.03333333333333333,6.633333333333334,15.960693359375,frame_id_exact,1,,-0.8711050152778625,22.750911712646484,1.9342511892318726,-0.00687171690779181,-0.040652897960149495,-0.9465206489576342,-0.3199980976365329,-0.34446942806243896,-0.4992930293083191,0.05894980952143669,0.6086612556716392,0.029612003110273143,0.0090775075971486,2.490092919463995,-0.054894544184207916,depth/000977.png,1.0,0.013009256127287353,-0.08135548739447872,-0.9966002427883617,0.6086612556716392,0.029612003110273143,0.0090775075971486,-0.054894544184207916,0.9995449861352466,-0.022804584172491198,0.019742634895310425,3.329646541974766,0.6659293083949531,0.6,0.0,0.06574881076812744,-0.019159030926791942,0.6,0.0,0.06574881076812744,-0.019159030926791942,goal_capture,TERMINAL_SETTLING,NONE,DIRECT_LOCAL,PASS_THROUGH,0,6,0,0,0,0,1,0.6,3.3296465419747654,inf,0.0,0,0,0,CLEAR,none,nan,0.0,0.0,0,0,0,0,0.0,0,0,1,1,0.0,0.6,"-0.847,22.785;-1.012,22.559;-1.218,22.301;-1.427,22.046;-1.636,21.791;-1.845,21.535;-2.051,21.278;-2.257,21.020;-2.463,20.762;-2.668,20.503;-2.872,20.248;-2.950,20.150",-2.9499999999999997,20.150000000000002,2.0,-2.9499999999999997,20.150000000000002,2.0,-2.9499999999999997,20.150000000000002,2.0,3.5141954973710323,0.0,0.0,0,0,4,1,,,0,1,PASS_THROUGH,-1,0.999536776699124,-0.02277439640177757,0.020188087934725114,0.6700495955352906,0,0.9995449861352466,-0.022804584172491198,0.019742634895310425,3.3302956326131072,0.6660591265226214,0,0,0,BYPASS_VISIBLE,1,0,1,1,1
1787562360181181440,1787562360196761856,joint_v2_000003_c1d41e01,978,200,0.03333333333333333,6.666666666666667,15.580415725708008,frame_id_exact,1,,-0.8823959827423096,22.73468780517578,1.9362802505493164,0.002003923862390409,-0.04049963854399134,-0.946385347076161,-0.32048484894998414,-0.3339111804962158,-0.4739145338535309,0.06268218904733658,0.5823385049199592,0.02395050082092443,0.018137196028206327,2.4896766445029015,-0.050371892750263214,depth/000978.png,1.0,0.029752009442645135,-0.0753720744871377,-0.9967115271339196,0.5823385049199592,0.02395050082092443,0.018137196028206327,-0.050371892750263214,0.9995551060270381,-0.022784241215874662,0.019247554844540517,3.309924081063571,0.6619848162127142,0.6,0.0,0.0637197494506836,-0.007967989062538372,0.6,0.0,0.0637197494506836,-0.007967989062538372,goal_capture,TERMINAL_SETTLING,NONE,DIRECT_LOCAL,PASS_THROUGH,0,6,0,0,0,0,1,0.6,3.309924081063571,inf,0.0,0,0,0,CLEAR,none,nan,0.0,0.0,0,0,0,0,1.3057957768720667,0,0,1,1,0.0,0.6,"-0.882,22.735;-0.973,22.608;-1.117,22.421;-1.316,22.175;-1.567,21.870;-1.834,21.545;-2.097,21.218;-2.359,20.890;-2.601,20.587;-2.785,20.356;-2.911,20.199;-2.950,20.150",-2.9499999999999997,20.150000000000002,2.0,-2.9499999999999997,20.150000000000002,2.0,-2.9499999999999997,20.150000000000002,2.0,3.508395278624436,0.0,0.0,0,0,4,1,,,0,1,PASS_THROUGH,-1,0.999536776699124,-0.02277439640177757,0.020188087934725114,0.6700495955352906,0,0.9995551060270381,-0.022784241215874662,0.019247554844540517,3.310537362555297,0.6621074725110594,0,0,0,BYPASS_VISIBLE,1,0,1,1,1
1787562360231548928,1787562360248237824,joint_v2_000003_c1d41e01,979,201,0.03333333333333333,6.7,16.688823699951172,frame_id_exact,1,,-0.8934388756752014,22.719308853149414,1.9384187459945679,0.010526975379994962,-0.03143191188244732,-0.9465088956962096,-0.3209706031285498,-0.3298623859882355,-0.4494880139827728,0.06543287634849548,0.5600802779921873,0.013614008716162692,0.03542415393678379,2.488771340133698,-0.045028604567050934,depth/000979.png,1.0,0.04010519111266553,-0.05274346913727881,-0.9978024354095261,0.5600802779921873,0.013614008716162692,0.03542415393678379,-0.045028604567050934,0.9995789670256588,-0.022178258723193612,0.018708648265549306,3.29101680958272,0.6582033619165439,0.6,0.0,0.06158125400543213,-0.008341199828154622,0.6,0.0,0.06158125400543213,-0.008341199828154622,goal_capture,TERMINAL_SETTLING,NONE,DIRECT_LOCAL,PASS_THROUGH,0,6,0,0,0,0,1,0.6,3.29101680958272,inf,0.0,0,0,0,CLEAR,none,nan,0.0,0.0,0,0,0,0,0.0,0,0,1,1,0.0,0.6,"-0.882,22.735;-0.973,22.608;-1.117,22.421;-1.316,22.175;-1.567,21.870;-1.834,21.545;-2.097,21.218;-2.359,20.890;-2.601,20.587;-2.785,20.356;-2.911,20.199;-2.950,20.150",-2.9499999999999997,20.150000000000002,2.0,-2.9499999999999997,20.150000000000002,2.0,-2.9499999999999997,20.150000000000002,2.0,3.503252626904574,0.0,0.0,0,0,4,1,,,0,1,PASS_THROUGH,-1,0.999536776699124,-0.02277439640177757,0.020188087934725114,0.6700495955352906,0,0.9995789670256588,-0.022178258723193612,0.018708648265549306,3.2915929110084234,0.6583185822016847,0,0,0,BYPASS_VISIBLE,1,0,1,1,1
1787562360275000064,1787562360292738304,joint_v2_000003_c1d41e01,980,202,0.03333333333333333,6.733333333333333,17.73810386657715,frame_id_exact,1,,-0.9044696688652039,22.70465087890625,1.94062340259552,0.01681637918462346,-0.015598946238494041,-0.946676961595047,-0.321366788347112,-0.33320045471191406,-0.43133601546287537,0.06656783074140549,0.5461931134690755,0.0008233886612221027,0.05636472456512767,2.487461594069883,-0.03874658793210983,depth/000980.png,1.0,0.041865324011587254,-0.018725874517904716,-0.9989477645347351,0.5461931134690755,0.0008233886612221027,0.05636472456512767,-0.03874658793210983,0.9996141231755193,-0.021036649280578943,0.018140125001883153,3.272680162907596,0.6545360325815193,0.6,0.0,0.05937659740447998,-0.01305502315069873,0.6,0.0,0.05937659740447998,-0.01305502315069873,goal_capture,TERMINAL_SETTLING,NONE,DIRECT_LOCAL,PASS_THROUGH,0,6,0,0,0,0,1,0.6,3.272680162907596,inf,0.0,0,0,0,CLEAR,none,nan,0.0,0.0,0,0,0,0,0.0,0,0,1,1,0.0,0.6,"-0.882,22.735;-0.973,22.608;-1.117,22.421;-1.316,22.175;-1.567,21.870;-1.834,21.545;-2.097,21.218;-2.359,20.890;-2.601,20.587;-2.785,20.356;-2.911,20.199;-2.950,20.150",-2.9499999999999997,20.150000000000002,2.0,-2.9499999999999997,20.150000000000002,2.0,-2.9499999999999997,20.150000000000002,2.0,3.4986877378110623,0.0,0.0,0,0,4,1,,,0,1,PASS_THROUGH,-1,0.999536776699124,-0.02277439640177757,0.020188087934725114,0.6700495955352906,0,0.9996141231755193,-0.021036649280578943,0.018140125001883153,3.2732187566687663,0.6546437513337533,0,0,0,BYPASS_VISIBLE,1,0,1,1,1
1787562360326930176,1787562360344418304,joint_v2_000003_c1d41e01,981,203,0.03333333333333333,6.766666666666667,17.48800277709961,frame_id_exact,1,,-0.9157259464263916,22.690441131591797,1.9428303241729736,0.01948988028344824,0.003424197357890444,-0.9466700864681247,-0.3215962792468604,-0.3431110382080078,-0.4232251048088074,0.06547850370407104,0.54329792199454,-0.0118519044568057,0.07628242684320405,2.4862996406868008,-0.03277622535824776,depth/000981.png,1.0,0.0346985550469617,0.019018916382003544,-0.9992168388779822,0.54329792199454,-0.0118519044568057,0.07628242684320405,-0.03277622535824776,0.9996476079093782,-0.019904486966642432,0.017563353883945046,3.2545525142676985,0.6509105028535397,0.6,0.0,0.05716967582702637,-0.05095104015645058,0.6,0.0,0.05716967582702637,-0.05095104015645058,goal_capture,TERMINAL_SETTLING,NONE,DIRECT_LOCAL,PASS_THROUGH,0,6,0,0,0,0,1,0.6,3.2545525142676985,inf,0.0,0,0,0,CLEAR,none,nan,0.0,0.0,0,0,0,0,1.1406943876952411,0,0,1,1,0.0,0.6,"-0.916,22.690;-1.009,22.575;-1.153,22.396;-1.345,22.154;-1.588,21.850;-1.851,21.523;-2.113,21.195;-2.376,20.867;-2.614,20.570;-2.795,20.343;-2.916,20.192;-2.950,20.150",-2.9499999999999997,20.150000000000002,2.0,-2.9499999999999997,20.150000000000002,2.0,-2.9499999999999997,20.150000000000002,2.0,3.494519409831359,0.0,0.0,0,0,4,1,,,0,1,PASS_THROUGH,-1,0.999536776699124,-0.02277439640177757,0.020188087934725114,0.6700495955352906,0,0.9996476079093782,-0.019904486966642432,0.017563353883945046,3.2550545986143407,0.6510109197228682,0,0,0,BYPASS_VISIBLE,1,0,1,1,1
1787562360375572224,1787562360393026816,joint_v2_000003_c1d41e01,982,204,0.03333333333333333,6.8,17.45462417602539,frame_id_exact,1,,-0.9273920059204102,22.676311492919922,1.94495689868927,0.017955125829869408,0.021415252243074785,-0.9464381224808407,-0.32167356239321304,-0.35732415318489075,-0.42659786343574524,0.06169027090072632,0.55200547785505,-0.021821114148638448,0.09102619653911187,2.4858073887835466,-0.03006695583462715,depth/000982.png,1.0,0.020209390201499478,0.0520878008286036,-0.9984380008555981,0.55200547785505,-0.021821114148638448,0.09102619653911187,-0.03006695583462715,0.999668562220638,-0.019327800015238046,0.017005935854676905,3.236231273715452,0.6472462547430904,0.6,0.0,0.05504310131072998,-0.04857775472134174,0.6,0.0,0.05504310131072998,-0.04857775472134174,goal_capture,TERMINAL_SETTLING,NONE,DIRECT_LOCAL,PASS_THROUGH,0,6,0,0,0,0,1,0.6,3.2362312737154517,inf,0.0,0,0,0,CLEAR,none,nan,0.0,0.0,0,0,0,0,0.0,0,0,1,1,0.0,0.6,"-0.916,22.690;-1.009,22.575;-1.153,22.396;-1.345,22.154;-1.588,21.850;-1.851,21.523;-2.113,21.195;-2.376,20.867;-2.614,20.570;-2.795,20.343;-2.916,20.192;-2.950,20.150",-2.9499999999999997,20.150000000000002,2.0,-2.9499999999999997,20.150000000000002,2.0,-2.9499999999999997,20.150000000000002,2.0,3.4905113021445073,0.0,0.0,0,0,4,1,,,1,1,PASS_THROUGH,-1,0.9998131465828797,-0.019330595439385957,0.0,0.6472462547430904,0,0.999668562220638,-0.019327800015238046,0.017005935854676905,3.236699337284178,0.6473398674568356,0,0,0,BYPASS_VISIBLE,1,0,1,1,1
1787562360427730432,1787562360444431360,joint_v2_000003_c1d41e01,983,205,0.03333333333333333,6.833333333333333,16.70098304748535,frame_id_exact,1,,-0.9395601749420166,22.66188621520996,1.9469125270843506,0.012557694871698005,0.034414530650324925,-0.9461262183028962,-0.3217190131457694,-0.37267568707466125,-0.4403582513332367,0.05532245710492134,0.5706615918767876,-0.026863313241874503,0.09740041823463938,2.48598791376981,-0.03106611967086792,depth/000983.png,1.0,0.00161871104172788,0.0732010778807388,-0.9973158887592544,0.5706615918767876,-0.026863313241874503,0.09740041823463938,-0.03106611967086792,0.999676483391439,-0.01935827969103931,0.016498047203509576,3.217365482555717,0.6434730965111435,0.6,0.0,0.053087472915649414,-0.046604306552664454,0.6,0.0,0.053087472915649414,-0.046604306552664454,goal_capture,TERMINAL_SETTLING,NONE,DIRECT_LOCAL,PASS_THROUGH,0,6,0,0,0,0,1,0.6,3.2173654825557176,inf,0.0,0,0,0,CLEAR,none,nan,0.0,0.0,0,0,0,0,0.0,0,0,1,1,0.0,0.6,"-0.916,22.690;-1.009,22.575;-1.153,22.396;-1.345,22.154;-1.588,21.850;-1.851,21.523;-2.113,21.195;-2.376,20.867;-2.614,20.570;-2.795,20.343;-2.916,20.192;-2.950,20.150",-2.9499999999999997,20.150000000000002,2.0,-2.9499999999999997,20.150000000000002,2.0,-2.9499999999999997,20.150000000000002,2.0,3.486430018019144,0.0,0.0,0,0,4,1,,,0,1,PASS_THROUGH,-1,0.999668562220638,-0.019327800015238046,0.017005935854676905,0.6472462547430904,0,0.999676483391439,-0.01935827969103931,0.016498047203509576,3.217803432175675,0.6435606864351351,0,0,0,BYPASS_VISIBLE,1,0,1,1,1
1787562360472181760,1787562360492089856,joint_v2_000003_c1d41e01,984,206,0.03333333333333333,6.866666666666666,19.90795135498047,frame_id_exact,1,,-0.9522125124931335,22.64687156677246,1.9486254453659058,0.004536631996517446,0.039597012895651526,-0.9459496967174995,-0.32185504007229826,-0.38584408164024353,-0.46122485399246216,0.047323327511548996,0.5953465206654212,-0.025675038768291282,0.09352449582735259,2.4863347929238735,-0.033807337284088135,depth/000984.png,1.0,-0.0169061450220973,0.07783384042518574,-0.9968229910797396,0.5953465206654212,-0.025675038768291282,0.09352449582735259,-0.033807337284088135,0.999679820433986,-0.019550186039757615,0.016063836493319047,3.1977370852206954,0.6395474170441391,0.6,0.0,0.05137455463409424,-0.06546015706946573,0.6,0.0,0.05137455463409424,-0.06546015706946573,goal_capture,TERMINAL_SETTLING,NONE,DIRECT_LOCAL,PASS_THROUGH,0,6,0,0,0,0,1,0.6,3.1977370852206954,inf,0.0,0,0,0,CLEAR,none,nan,0.0,0.0,0,0,0,0,1.1203590963068408,0,0,1,1,0.0,0.6,"-0.952,22.647;-1.055,22.524;-1.193,22.353;-1.330,22.181;-1.467,22.008;-1.603,21.836;-1.740,21.663;-1.877,21.491;-2.014,21.319;-2.151,21.147;-2.289,20.975;-2.427,20.804;-2.564,20.632;-2.702,20.460;-2.839,20.289;-2.940,20.162;-2.950,20.150",-2.9499999999999997,20.150000000000002,2.0,-2.9499999999999997,20.150000000000002,2.0,-2.9499999999999997,20.150000000000002,2.0,3.4820867165043996,0.0,0.0,0,0,4,1,,,0,1,PASS_THROUGH,-1,0.999668562220638,-0.019327800015238046,0.017005935854676905,0.6472462547430904,0,0.999679820433986,-0.019550186039757615,0.016063836493319047,3.198149748066779,0.6396299496133558,0,0,0,BYPASS_VISIBLE,1,0,1,1,1
1787562360524214784,1787562360541994496,joint_v2_000003_c1d41e01,985,207,0.03333333333333333,6.9,17.779827117919922,frame_id_exact,1,,-0.9652277827262878,22.631107330322266,1.9500669240951538,-0.004271043020908463,0.03592697004420751,-0.9460020964263398,-0.32213513402286054,-0.3940633237361908,-0.48450765013694763,0.03933265060186386,0.6204308543836249,-0.018342954466558,0.07943371141305333,2.486199014615213,-0.037480469793081284,depth/000985.png,1.0,-0.03122750992386515,0.06522227192821772,-0.9973820220299123,0.6204308543836249,-0.018342954466558,0.07943371141305333,-0.037480469793081284,0.9996899428290525,-0.01931578585978292,0.01571364448701905,3.177296703022945,0.635459340604589,0.6,0.0,0.04993307590484619,-0.0643511247737294,0.6,0.0,0.04993307590484619,-0.0643511247737294,goal_capture,TERMINAL_SETTLING,NONE,DIRECT_LOCAL,PASS_THROUGH,0,6,0,0,0,0,1,0.6,3.177296703022945,inf,0.0,0,0,0,CLEAR,none,nan,0.0,0.0,0,0,0,0,0.0,0,0,1,1,0.0,0.6,"-0.952,22.647;-1.055,22.524;-1.193,22.353;-1.330,22.181;-1.467,22.008;-1.603,21.836;-1.740,21.663;-1.877,21.491;-2.014,21.319;-2.151,21.147;-2.289,20.975;-2.427,20.804;-2.564,20.632;-2.702,20.460;-2.839,20.289;-2.940,20.162;-2.950,20.150",-2.9499999999999997,20.150000000000002,2.0,-2.9499999999999997,20.150000000000002,2.0,-2.9499999999999997,20.150000000000002,2.0,3.4773742277702233,0.0,0.0,0,0,4,1,,,0,1,PASS_THROUGH,-1,0.999668562220638,-0.019327800015238046,0.017005935854676905,0.6472462547430904,0,0.9996899428290525,-0.01931578585978292,0.01571364448701905,3.17768904254488,0.635537808508976,0,0,0,BYPASS_VISIBLE,1,0,1,1,1
1787562360573882880,1787562360591554560,joint_v2_000003_c1d41e01,986,208,0.03333333333333333,6.933333333333334,17.671823501586914,frame_id_exact,1,,-0.978409469127655,22.61459732055664,1.951267957687378,-0.011874335012105918,0.02438027005479776,-0.9461701051785428,-0.32253175760923236,-0.39566394686698914,-0.5050948858261108,0.03314817696809769,0.6398508255085211,-0.006512208044714478,0.057603093812836105,2.4852719050175245,-0.04116181656718254,depth/000986.png,1.0,-0.03819710431818234,0.03847606508026782,-0.9985292052001508,0.6398508255085211,-0.006512208044714478,0.057603093812836105,-0.04116181656718254,0.9997115916242811,-0.01839535780831656,0.01543840610784533,3.156170016637325,0.631234003327465,0.6,0.0,0.04873204231262207,-0.059673024981483636,0.6,0.0,0.04873204231262207,-0.059673024981483636,goal_capture,TERMINAL_SETTLING,NONE,DIRECT_LOCAL,PASS_THROUGH,0,6,0,0,0,0,1,0.6,3.156170016637325,inf,0.0,0,0,0,CLEAR,none,nan,0.0,0.0,0,0,0,0,0.0,0,0,1,1,0.0,0.6,"-0.952,22.647;-1.055,22.524;-1.193,22.353;-1.330,22.181;-1.467,22.008;-1.603,21.836;-1.740,21.663;-1.877,21.491;-2.014,21.319;-2.151,21.147;-2.289,20.975;-2.427,20.804;-2.564,20.632;-2.702,20.460;-2.839,20.289;-2.940,20.162;-2.950,20.150",-2.9499999999999997,20.150000000000002,2.0,-2.9499999999999997,20.150000000000002,2.0,-2.9499999999999997,20.150000000000002,2.0,3.4722908201101204,0.0,0.0,0,0,4,1,,,0,1,PASS_THROUGH,-1,0.999668562220638,-0.019327800015238046,0.017005935854676905,0.6472462547430904,0,0.9997115916242811,-0.01839535780831656,0.01543840610784533,3.1565462115844927,0.6313092423168986,0,0,0,BYPASS_VISIBLE,1,0,1,1,1
1787562360619608576,1787562360637667840,joint_v2_000003_c1d41e01,987,209,0.03333333333333333,6.966666666666667,18.059253692626953,frame_id_exact,1,,-0.9915285110473633,22.597511291503906,1.9523121118545532,-0.01658810492459453,0.007673502542385963,-0.9462357624472271,-0.32296104099358114,-0.39039620757102966,-0.5184696316719055,0.030001142993569374,0.648845040805368,0.006921604931000085,0.03274493610047342,2.483834844852456,-0.043988361954689026,depth/000987.png,1.0,-0.03634900096006834,0.0038072617885550365,-0.9993319042674853,0.648845040805368,0.006921604931000085,0.03274493610047342,-0.043988361954689026,0.999738142827526,-0.017095524593198456,0.015211469838652554,3.1346326890210703,0.626926537804214,0.6,0.0,0.04768788814544678,-0.01800932997142901,0.6,0.0,0.04768788814544678,-0.01800932997142901,goal_capture,TERMINAL_SETTLING,NONE,DIRECT_LOCAL,PASS_THROUGH,0,6,0,0,0,0,1,0.6,3.1346326890210703,inf,0.0,0,0,0,CLEAR,none,nan,0.0,0.0,0,0,0,0,0.9796624841186675,0,0,1,1,0.0,0.6,"-0.992,22.598;-1.094,22.462;-1.230,22.289;-1.368,22.118;-1.506,21.947;-1.645,21.776;-1.784,21.605;-1.922,21.434;-2.060,21.263;-2.197,21.091;-2.335,20.919;-2.472,20.747;-2.610,20.576;-2.747,20.404;-2.880,20.238;-2.950,20.150",-2.9499999999999997,20.150000000000002,2.0,-2.9499999999999997,20.150000000000002,2.0,-2.9499999999999997,20.150000000000002,2.0,3.4669367217013223,0.0,0.0,0,0,4,1,,,0,1,PASS_THROUGH,-1,0.999668562220638,-0.019327800015238046,0.017005935854676905,0.6472462547430904,0,0.999738142827526,-0.017095524593198456,0.015211469838652554,3.1349954114408587,0.6269990822881717,0,0,0,BYPASS_VISIBLE,1,0,1,1,1
1787562360678681344,1787562360697573376,joint_v2_000003_c1d41e01,988,210,0.03333333333333333,7.0,18.89204978942871,frame_id_exact,1,,-1.0043729543685913,22.58014488220215,1.9533060789108276,-0.017400120001835002,-0.010386295250584526,-0.9460629348858934,-0.3233485486746142,-0.37951725721359253,-0.5216572284698486,0.030088139697909355,0.6454491661353303,0.01863122851669369,0.010637666446100015,2.482515028120823,-0.04437895864248276,depth/000988.png,1.0,-0.02620643020184043,-0.03090478503343377,-0.9991787213897788,0.6454491661353303,0.01863122851669369,0.010637666446100015,-0.04437895864248276,0.999758866116936,-0.016039874773968392,0.014997734422710173,3.1130481443732414,0.6226096288746483,0.6,0.0,0.04669392108917236,-0.0173368435739496,0.6,0.0,0.04669392108917236,-0.0173368435739496,goal_capture,TERMINAL_SETTLING,NONE,DIRECT_LOCAL,PASS_THROUGH,0,6,0,0,0,0,1,0.6,3.113048144373242,inf,0.0,0,0,0,CLEAR,none,nan,0.0,0.0,0,0,0,0,0.0,0,0,1,1,0.0,0.6,"-0.992,22.598;-1.094,22.462;-1.230,22.289;-1.368,22.118;-1.506,21.947;-1.645,21.776;-1.784,21.605;-1.922,21.434;-2.060,21.263;-2.197,21.091;-2.335,20.919;-2.472,20.747;-2.610,20.576;-2.747,20.404;-2.880,20.238;-2.950,20.150",-2.9499999999999997,20.150000000000002,2.0,-2.9499999999999997,20.150000000000002,2.0,-2.9499999999999997,20.150000000000002,2.0,3.461490701473694,0.0,0.0,0,0,4,1,,,1,1,PASS_THROUGH,-1,0.9998713239883644,-0.016041679019208086,0.0,0.6226096288746483,0,0.999758866116936,-0.016039874773968392,0.014997734422710173,3.113398315579355,0.6226796631158711,0,0,0,BYPASS_VISIBLE,1,0,1,1,1
1787562360733326848,1787562360751213056,joint_v2_000003_c1d41e01,989,211,0.03333333333333333,7.033333333333333,17.88616180419922,frame_id_exact,1,,-1.016795039176941,22.56285285949707,1.9543474912643433,-0.014181849258399132,-0.025766570292846833,-0.9457137017351644,-0.32366734984753776,-0.36557239294052124,-0.5139514803886414,0.03266611322760582,0.6310110413230241,0.02585167868593513,-0.003623543139754097,2.481796667156182,-0.04281416907906532,depth/000989.png,1.0,-0.010144343276529421,-0.05791600027614163,-0.9982699180139116,0.6310110413230241,0.02585167868593513,-0.003623543139754097,-0.04281416907906532,0.9997680401831374,-0.01568076093793278,0.014764131020007468,3.091785947010896,0.6183571894021792,0.6,0.0,0.04565250873565674,-0.023512336209980944,0.6,0.0,0.04565250873565674,-0.023512336209980944,goal_capture,TERMINAL_SETTLING,NONE,DIRECT_LOCAL,PASS_THROUGH,0,6,0,0,0,0,1,0.6,3.091785947010896,inf,0.0,0,0,0,CLEAR,none,nan,0.0,0.0,0,0,0,0,0.0,0,0,1,1,0.0,0.6,"-0.992,22.598;-1.094,22.462;-1.230,22.289;-1.368,22.118;-1.506,21.947;-1.645,21.776;-1.784,21.605;-1.922,21.434;-2.060,21.263;-2.197,21.091;-2.335,20.919;-2.472,20.747;-2.610,20.576;-2.747,20.404;-2.880,20.238;-2.950,20.150",-2.9499999999999997,20.150000000000002,2.0,-2.9499999999999997,20.150000000000002,2.0,-2.9499999999999997,20.150000000000002,2.0,3.456181994326094,0.0,0.0,0,0,4,1,,,0,1,PASS_THROUGH,-1,0.999758866116936,-0.016039874773968392,0.014997734422710173,0.6226096288746483,0,0.9997680401831374,-0.01568076093793278,0.014764131020007468,3.0921229751883934,0.6184245950376787,0,0,0,BYPASS_VISIBLE,1,0,1,1,1
1787562360780862208,1787562360797476608,joint_v2_000003_c1d41e01,990,212,0.03333333333333333,7.066666666666666,16.614437103271484,frame_id_exact,1,,-1.028746485710144,22.545982360839844,1.955499291419983,-0.007697561180566271,-0.03511139442384964,-0.9453859605034259,-0.32396500307363335,-0.35183796286582947,-0.4971506893634796,0.03650997206568718,0.6095015992517245,0.027151441704989513,-0.0072344890163697426,2.4816075736173895,-0.041129712015390396,depth/000990.png,1.0,0.008195393464436946,-0.07137511954705472,-0.9974158750669686,0.6095015992517245,0.027151441704989513,-0.0072344890163697426,-0.041129712015390396,0.9997687787734112,-0.015889462457512462,0.014488408219445277,3.0711474304609316,0.6142294860921863,0.6,0.0,0.04450070858001709,0.009032278404559335,0.6,0.0,0.04450070858001709,0.009032278404559335,goal_capture,TERMINAL_SETTLING,NONE,DIRECT_LOCAL,PASS_THROUGH,0,6,0,0,0,0,1,0.6,3.0711474304609316,inf,0.0,0,0,0,CLEAR,none,nan,0.0,0.0,0,0,0,0,0.9105330306034397,0,0,1,1,0.0,0.6,"-1.029,22.546;-1.123,22.415;-1.258,22.240;-1.396,22.069;-1.536,21.900;-1.676,21.730;-1.816,21.561;-1.956,21.390;-2.094,21.219;-2.232,21.048;-2.369,20.876;-2.506,20.704;-2.644,20.532;-2.781,20.360;-2.906,20.204;-2.950,20.150",-2.9499999999999997,20.150000000000002,2.0,-2.9499999999999997,20.150000000000002,2.0,-2.9499999999999997,20.150000000000002,2.0,3.4512197482409364,0.0,0.0,0,0,4,1,,,0,1,PASS_THROUGH,-1,0.999758866116936,-0.016039874773968392,0.014997734422710173,0.6226096288746483,0,0.9997687787734112,-0.015889462457512462,0.014488408219445277,3.0714698195962966,0.6142939639192593,0,0,0,BYPASS_VISIBLE,1,0,1,1,1
1787562360830537728,1787562360846606848,joint_v2_000003_c1d41e01,991,213,0.03333333333333333,7.1,16.06893539428711,frame_id_exact,1,,-1.040289282798767,22.529767990112305,1.9567831754684448,0.0005684857481930681,-0.036464220896923825,-0.9452540526475878,-0.3242912477567748,-0.34152984619140625,-0.4751463830471039,0.040436845272779465,0.586115765231488,0.022584792027137715,-0.00031069934630231083,2.4814605114772506,-0.03804013505578041,depth/000991.png,1.0,0.024724782300987964,-0.06856719525368127,-0.9973400748366689,0.586115765231488,0.022584792027137715,-0.00031069934630231083,-0.03804013505578041,0.9997698371493936,-0.016115447018448137,0.014162100609400378,3.0512768983093608,0.6102553796618722,0.6,0.0,0.043216824531555176,0.0061650396615564595,0.6,0.0,0.043216824531555176,0.0061650396615564595,goal_capture,TERMINAL_SETTLING,NONE,DIRECT_LOCAL,PASS_THROUGH,0,6,0,0,0,0,1,0.6,3.0512768983093608,inf,0.0,0,0,0,CLEAR,none,nan,0.0,0.0,0,0,0,0,0.0,0,0,1,1,0.0,0.6,"-1.029,22.546;-1.123,22.415;-1.258,22.240;-1.396,22.069;-1.536,21.900;-1.676,21.730;-1.816,21.561;-1.956,21.390;-2.094,21.219;-2.232,21.048;-2.369,20.876;-2.506,20.704;-2.644,20.532;-2.781,20.360;-2.906,20.204;-2.950,20.150",-2.9499999999999997,20.150000000000002,2.0,-2.9499999999999997,20.150000000000002,2.0,-2.9499999999999997,20.150000000000002,2.0,3.446768512373332,0.0,0.0,0,0,4,1,,,0,1,PASS_THROUGH,-1,0.999758866116936,-0.016039874773968392,0.014997734422710173,0.6226096288746483,0,0.9997698371493936,-0.016115447018448137,0.014162100609400378,3.051582934163675,0.610316586832735,0,0,0,BYPASS_VISIBLE,1,0,1,1,1
1787562360874736640,1787562360893818112,joint_v2_000003_c1d41e01,992,214,0.03333333333333333,7.133333333333334,19.081592559814453,frame_id_exact,1,,-1.0515801906585693,22.514307022094727,1.9581866264343262,0.00875389704936783,-0.029665583769864706,-0.9453398042052331,-0.32461666163531067,-0.33702075481414795,-0.4529566466808319,0.04358847439289093,0.5659151864461252,0.013384734333541882,0.014612278542703118,2.4809552069687286,-0.03293202444911003,depth/000992.png,1.0,0.03581070018303657,-0.05040479263234572,-0.9980866448520844,0.5659151864461252,0.013384734333541882,0.014612278542703118,-0.03293202444911003,0.9997785482366454,-0.015897375831475487,0.013788688389353716,3.0321519531887544,0.6064303906377508,0.6,0.0,0.04181337356567383,-0.0030087874240658508,0.6,0.0,0.04181337356567383,-0.0030087874240658508,goal_capture,TERMINAL_SETTLING,NONE,DIRECT_LOCAL,PASS_THROUGH,0,6,0,0,0,0,1,0.6,3.032151953188754,inf,0.0,0,0,0,CLEAR,none,nan,0.0,0.0,0,0,0,0,0.0,0,0,1,1,0.0,0.6,"-1.029,22.546;-1.123,22.415;-1.258,22.240;-1.396,22.069;-1.536,21.900;-1.676,21.730;-1.816,21.561;-1.956,21.390;-2.094,21.219;-2.232,21.048;-2.369,20.876;-2.506,20.704;-2.644,20.532;-2.781,20.360;-2.906,20.204;-2.950,20.150",-2.9499999999999997,20.150000000000002,2.0,-2.9499999999999997,20.150000000000002,2.0,-2.9499999999999997,20.150000000000002,2.0,3.4428975993479667,0.0,0.0,0,0,4,1,,,0,1,PASS_THROUGH,-1,0.999758866116936,-0.016039874773968392,0.014997734422710173,0.6226096288746483,0,0.9997785482366454,-0.015897375831475487,0.013788688389353716,3.0324402426816786,0.6064880485363358,0,0,0,BYPASS_VISIBLE,1,0,1,1,1
1787562360925812224,1787562360943056896,joint_v2_000003_c1d41e01,993,215,0.03333333333333333,7.166666666666667,17.244577407836914,frame_id_exact,1,,-1.062833309173584,22.49951934814453,1.9596726894378662,0.015033929700718703,-0.01635241557730786,-0.9454983120526804,-0.3248684677959267,-0.3393007516860962,-0.43552035093307495,0.04531702771782875,0.5529246849865306,0.001578687356328928,0.03359180929295294,2.480091397840118,-0.027160804718732834,depth/000993.png,1.0,0.039053878697820885,-0.021154263239008757,-0.9990131589250817,0.5529246849865306,0.001578687356328928,0.03359180929295294,-0.027160804718732834,0.9997950229194349,-0.01519439012959476,0.01338068212448589,3.013575830516003,0.6027151661032006,0.6,0.0,0.04032731056213379,-0.024737433227719485,0.6,0.0,0.04032731056213379,-0.024737433227719485,goal_capture,TERMINAL_SETTLING,NONE,DIRECT_LOCAL,PASS_THROUGH,0,6,0,0,0,0,1,0.6,3.013575830516003,inf,0.0,0,0,0,CLEAR,none,nan,0.0,0.0,0,0,0,0,0.8706858828056812,0,0,1,1,0.0,0.6,"-1.063,22.500;-1.155,22.381;-1.299,22.201;-1.493,21.959;-1.739,21.655;-2.003,21.329;-2.267,21.002;-2.522,20.683;-2.727,20.428;-2.874,20.245;-2.950,20.150",-2.9499999999999997,20.150000000000002,2.0,-2.9499999999999997,20.150000000000002,2.0,-2.9499999999999997,20.150000000000002,2.0,3.439574694342755,0.0,0.0,0,0,4,1,,,0,1,PASS_THROUGH,-1,0.999758866116936,-0.016039874773968392,0.014997734422710173,0.6226096288746483,0,0.9997950229194349,-0.01519439012959476,0.01338068212448589,3.01384564605545,0.6027691292110899,0,0,0,BYPASS_VISIBLE,1,0,1,1,1
1787562360974427648,1787562360991752448,joint_v2_000003_c1d41e01,994,216,0.03333333333333333,7.2,17.32468605041504,frame_id_exact,1,,-1.0742696523666382,22.485177993774414,1.9611843824386597,0.01801220916933516,0.0004386601245078721,-0.9455455078946662,-0.32499086202284716,-0.347788006067276,-0.42657583951950073,0.045050013810396194,0.5496423932168517,-0.010399733013238027,0.05232621620603475,2.4792650088142305,-0.022798804566264153,depth/000994.png,1.0,0.033777605870650235,0.012537152990198,-0.9993507357962705,0.5496423932168517,-0.010399733013238027,0.05232621620603475,-0.022798804566264153,0.9998124937729702,-0.014389802266660711,0.012958043301402045,2.9952329791922794,0.5990465958384559,0.6,0.0,0.03881561756134033,-0.022531072768146032,0.6,0.0,0.03881561756134033,-0.022531072768146032,goal_capture,TERMINAL_SETTLING,NONE,DIRECT_LOCAL,PASS_THROUGH,0,6,0,0,0,0,1,0.6,2.9952329791922794,inf,0.0,0,0,0,CLEAR,none,nan,0.0,0.0,0,0,0,0,0.0,0,0,1,1,0.0,0.6,"-1.063,22.500;-1.155,22.381;-1.299,22.201;-1.493,21.959;-1.739,21.655;-2.003,21.329;-2.267,21.002;-2.522,20.683;-2.727,20.428;-2.874,20.245;-2.950,20.150",-2.9499999999999997,20.150000000000002,2.0,-2.9499999999999997,20.150000000000002,2.0,-2.9499999999999997,20.150000000000002,2.0,3.4366790236816773,0.0,0.0,0,0,4,1,,,1,1,PASS_THROUGH,-1,0.9998964440461737,-0.014391010521047519,0.0,0.5990465958384559,0,0.9998124937729702,-0.014389802266660711,0.012958043301402045,2.995484476976592,0.5990968953953184,0,0,0,BYPASS_VISIBLE,1,0,1,1,1
1787562361027685888,1787562361044539904,joint_v2_000003_c1d41e01,995,217,0.03333333333333333,7.233333333333333,16.854047775268555,frame_id_exact,1,,-1.086066484451294,22.47096824645996,1.9626481533050537,0.01702494667474823,0.016942284439291834,-0.9454099557284712,-0.32499711659980984,-0.3605079650878906,-0.4278704822063446,0.042397744953632355,0.5567395780222899,-0.020067135854567524,0.06689591567959838,2.478920179378255,-0.020631175488233566,depth/000995.png,1.0,0.02117872098133927,0.04310092592249751,-0.9988462203774002,0.5567395780222899,-0.020067135854567524,0.06689591567959838,-0.020631175488233566,0.9998240439118177,-0.013944854658461604,0.012546802157292185,2.9767669965016026,0.5953533993003205,0.6,0.0,0.03735184669494629,-0.021898038537573328,0.6,0.0,0.03735184669494629,-0.021898038537573328,goal_capture,TERMINAL_SETTLING,NONE,DIRECT_LOCAL,PASS_THROUGH,0,6,0,0,0,0,1,0.6,2.9767669965016026,inf,0.0,0,0,0,CLEAR,none,nan,0.0,0.0,0,0,0,0,0.0,0,0,1,1,0.0,0.6,"-1.063,22.500;-1.155,22.381;-1.299,22.201;-1.493,21.959;-1.739,21.655;-2.003,21.329;-2.267,21.002;-2.522,20.683;-2.727,20.428;-2.874,20.245;-2.950,20.150",-2.9499999999999997,20.150000000000002,2.0,-2.9499999999999997,20.150000000000002,2.0,-2.9499999999999997,20.150000000000002,2.0,3.434020481373315,0.0,0.0,0,0,4,1,,,0,1,PASS_THROUGH,-1,0.9998124937729702,-0.014389802266660711,0.012958043301402045,0.5990465958384559,0,0.9998240439118177,-0.013944854658461604,0.012546802157292185,2.9770013288395916,0.5954002657679183,0,0,0,BYPASS_VISIBLE,1,0,1,1,1
1787562361071045120,1787562361088311296,joint_v2_000003_c1d41e01,996,218,0.03333333333333333,7.266666666666667,17.266035079956055,frame_id_exact,1,,-1.0983186960220337,22.456546783447266,1.9639835357666016,0.012306537645048408,0.02948032365568783,-0.9451890118634552,-0.3249572148774854,-0.37458720803260803,-0.4388499855995178,0.03741755336523056,0.5728541355366369,-0.02530900127801915,0.07417919812914583,2.47917782374755,-0.02028709463775158,depth/000996.png,1.0,0.0041043205746891,0.06372715236690857,-0.9979589192966938,0.5728541355366369,-0.02530900127801915,0.07417919812914583,-0.02028709463775158,0.9998275003661116,-0.01402578870772926,0.012175662724435456,2.957850860968562,0.5915701721937123,0.6,0.0,0.03601646423339844,-0.05544287520636626,0.6,0.0,0.03601646423339844,-0.05544287520636626,goal_capture,TERMINAL_SETTLING,NONE,DIRECT_LOCAL,PASS_THROUGH,0,6,0,0,0,0,1,0.6,2.9578508609685614,inf,0.0,0,0,0,CLEAR,none,nan,0.0,0.0,0,0,0,0,0.8037044273730571,0,0,1,1,0.0,0.6,"-1.098,22.457;-1.199,22.338;-1.347,22.155;-1.544,21.909;-1.789,21.598;-2.050,21.270;-2.313,20.942;-2.564,20.631;-2.759,20.388;-2.894,20.219;-2.950,20.150",-2.9499999999999997,20.150000000000002,2.0,-2.9499999999999997,20.150000000000002,2.0,-2.9499999999999997,20.150000000000002,2.0,3.431393867551666,0.0,0.0,0,0,4,1,,,0,1,PASS_THROUGH,-1,0.9998124937729702,-0.014389802266660711,0.012958043301402045,0.5990465958384559,0,0.9998275003661116,-0.01402578870772926,0.012175662724435456,2.9580701312559063,0.5916140262511813,0,0,0,BYPASS_VISIBLE,1,0,1,1,1
1787562361124349184,1787562361140183552,joint_v2_000003_c1d41e01,997,219,0.03333333333333333,7.3,15.834331512451172,frame_id_exact,1,,-1.1110193729400635,22.441633224487305,1.9651235342025757,0.004946013690731784,0.0352896964719345,-0.9450535099798698,-0.3249677484708569,-0.38692840933799744,-0.45687177777290344,0.030854934826493263,0.5946071517200101,-0.02482529865614275,0.07227366014948783,2.4796762759231012,-0.022664034739136696,depth/000997.png,1.0,-0.01358753121573987,0.06991589289981814,-0.9974603485429796,0.5946071517200101,-0.02482529865614275,0.07227366014948783,-0.022664034739136696,0.999826861115919,-0.014330988354208863,0.011868890591826747,2.9382703385284046,0.587654067705681,0.6,0.0,0.034876465797424316,-0.05493051823376671,0.6,0.0,0.034876465797424316,-0.05493051823376671,goal_capture,TERMINAL_SETTLING,NONE,DIRECT_LOCAL,PASS_THROUGH,0,6,0,0,0,0,1,0.6,2.938270338528405,inf,0.0,0,0,0,CLEAR,none,nan,0.0,0.0,0,0,0,0,0.0,0,0,1,1,0.0,0.6,"-1.098,22.457;-1.199,22.338;-1.347,22.155;-1.544,21.909;-1.789,21.598;-2.050,21.270;-2.313,20.942;-2.564,20.631;-2.759,20.388;-2.894,20.219;-2.950,20.150",-2.9499999999999997,20.150000000000002,2.0,-2.9499999999999997,20.150000000000002,2.0,-2.9499999999999997,20.150000000000002,2.0,3.4286132017472495,0.0,0.0,0,0,4,1,,,0,1,PASS_THROUGH,-1,0.9998124937729702,-0.014389802266660711,0.012958043301402045,0.5990465958384559,0,0.999826861115919,-0.014330988354208863,0.011868890591826747,2.9384773182963904,0.587695463659278,0,0,0,BYPASS_VISIBLE,1,0,1,1,1
1787562361165910272,1787562361182792192,joint_v2_000003_c1d41e01,998,220,0.03333333333333333,7.333333333333333,16.881942749023438,frame_id_exact,1,,-1.124064564704895,22.426055908203125,1.966037631034851,-0.003367036099070319,0.0331596661678064,-0.9450901377283561,-0.3251057230750395,-0.3948870003223419,-0.4778541922569275,0.024106040596961975,0.6170823746554948,-0.018538326868371084,0.06105036118498884,2.4798092147623705,-0.026904450729489326,depth/000998.png,1.0,-0.027925099714036675,0.060488461519900893,-0.9977781992150944,0.6170823746554948,-0.018538326868371084,0.06105036118498884,-0.026904450729489326,0.9998297527274588,-0.014318359486122274,0.011638304970009105,2.917956598569051,0.5835913197138102,0.6,0.0,0.033962368965148926,-0.05045709538674892,0.6,0.0,0.033962368965148926,-0.05045709538674892,goal_capture,TERMINAL_SETTLING,NONE,DIRECT_LOCAL,PASS_THROUGH,0,6,0,0,0,0,1,0.6,2.917956598569051,inf,0.0,0,0,0,CLEAR,none,nan,0.0,0.0,0,0,0,0,0.0,0,0,1,1,0.0,0.6,"-1.098,22.457;-1.199,22.338;-1.347,22.155;-1.544,21.909;-1.789,21.598;-2.050,21.270;-2.313,20.942;-2.564,20.631;-2.759,20.388;-2.894,20.219;-2.950,20.150",-2.9499999999999997,20.150000000000002,2.0,-2.9499999999999997,20.150000000000002,2.0,-2.9499999999999997,20.150000000000002,2.0,3.4255607366577108,0.0,0.0,0,0,4,1,,,0,1,PASS_THROUGH,-1,0.9998124937729702,-0.014389802266660711,0.012958043301402045,0.5990465958384559,0,0.9998297527274588,-0.014318359486122274,0.011638304970009105,2.918154237465592,0.5836308474931184,0,0,0,BYPASS_VISIBLE,1,0,1,1,1
1787562361209930752,1787562361226799872,joint_v2_000003_c1d41e01,999,221,0.03333333333333333,7.366666666666666,16.869306564331055,frame_id_exact,1,,-1.137277364730835,22.409801483154297,1.966746211051941,-0.010743840278399154,0.023689274476242524,-0.9452318568728074,-0.32536152956925657,-0.39680126309394836,-0.4971548616886139,0.01874777488410473,0.6348987539424691,-0.00782956016743033,0.04251997397186116,2.4792476243912835,-0.03088538907468319,depth/000999.png,1.0,-0.03572599734854462,0.03779244918944118,-0.9986467763417229,0.6348987539424691,-0.00782956016743033,0.04251997397186116,-0.03088538907468319,0.9998401293652762,-0.013710341026466242,0.01147790310839139,2.8970098542606886,0.5794019708521377,0.6,0.0,0.03325378894805908,-0.032982604456335274,0.6,0.0,0.03325378894805908,-0.032982604456335274,goal_capture,TERMINAL_SETTLING,NONE,DIRECT_LOCAL,PASS_THROUGH,0,6,0,0,0,0,1,0.6,2.8970098542606886,inf,0.0,0,0,0,CLEAR,none,nan,0.0,0.0,0,0,0,0,0.7856210435343787,0,0,1,1,0.0,0.6,"-1.137,22.410;-1.242,22.279;-1.379,22.107;-1.517,21.936;-1.655,21.764;-1.792,21.593;-1.930,21.421;-2.068,21.250;-2.205,21.078;-2.343,20.906;-2.481,20.735;-2.618,20.563;-2.756,20.392;-2.887,20.228;-2.950,20.150",-2.9499999999999997,20.150000000000002,2.0,-2.9499999999999997,20.150000000000002,2.0,-2.9499999999999997,20.150000000000002,2.0,3.4221889096885594,0.0,0.0,0,0,4,1,,,0,1,PASS_THROUGH,-1,0.9998124937729702,-0.014389802266660711,0.012958043301402045,0.5990465958384559,0,0.9998401293652762,-0.013710341026466242,0.01147790310839139,2.897200702430354,0.5794401404860708,0,0,0,BYPASS_VISIBLE,1,0,1,1,1
1787562361255296256,1787562361270970112,joint_v2_000003_c1d41e01,1000,222,0.03333333333333333,7.4,15.67387580871582,frame_id_exact,1,,-1.1504461765289307,22.392988204956055,1.96731698513031,-0.015536706115102134,0.00912024875119148,-0.945315125141958,-0.3256604765759172,-0.3923211395740509,-0.5105166435241699,0.015942679718136787,0.6436974197497614,0.004702526354999836,0.02070765466781555,2.478186332199889,-0.03310002386569977,depth/001000.png,1.0,-0.03531437568059106,0.007123635943388466,-0.9993508636516186,0.6436974197497614,0.004702526354999836,0.02070765466781555,-0.03310002386569977,0.9998543147684207,-0.012735510193909613,0.011364682972823701,2.8756547169542657,0.5751309433908531,0.6,0.0,0.03268301486968994,-0.031353665440227996,0.6,0.0,0.03268301486968994,-0.031353665440227996,goal_capture,TERMINAL_SETTLING,NONE,DIRECT_LOCAL,PASS_THROUGH,0,6,0,0,0,0,1,0.6,2.8756547169542657,inf,0.0,0,0,0,CLEAR,none,nan,0.0,0.0,0,0,0,0,0.0,0,0,1,1,0.0,0.6,"-1.137,22.410;-1.242,22.279;-1.379,22.107;-1.517,21.936;-1.655,21.764;-1.792,21.593;-1.930,21.421;-2.068,21.250;-2.205,21.078;-2.343,20.906;-2.481,20.735;-2.618,20.563;-2.756,20.392;-2.887,20.228;-2.950,20.150",-2.9499999999999997,20.150000000000002,2.0,-2.9499999999999997,20.150000000000002,2.0,-2.9499999999999997,20.150000000000002,2.0,3.41855082536784,0.0,0.0,0,0,4,1,,,1,1,PASS_THROUGH,-1,0.9999188896251358,-0.012736332707483648,0.0,0.5751309433908531,0,0.9998543147684207,-0.012735510193909613,0.011364682972823701,2.8758404390025345,0.5751680878005069,0,0,0,BYPASS_VISIBLE,1,0,1,1,1
1787562361308446464,1787562361327388160,joint_v2_000003_c1d41e01,1001,223,0.03333333333333333,7.433333333333334,18.941640853881836,frame_id_exact,1,,-1.163372278213501,22.37586784362793,1.967842936515808,-0.016701591232321747,-0.007205124436856433,-0.9452196633530163,-0.3259278003530359,-0.38250428438186646,-0.5149657130241394,0.016022689640522003,0.6414831187315877,0.015962895681493998,0.0007308133266242089,2.477163083894743,-0.03381538391113281,depth/001001.png,1.0,-0.026876644166200652,-0.024507876374736413,-0.9993382860643157,0.6414831187315877,0.015962895681493998,0.0007308133266242089,-0.03381538391113281,0.9998653258469646,-0.011933632979353972,0.011265814345054519,2.854212023230379,0.5708424046460758,0.6,0.0,0.032157063484191895,-0.03148322247310986,0.6,0.0,0.032157063484191895,-0.03148322247310986,goal_capture,TERMINAL_SETTLING,NONE,DIRECT_LOCAL,PASS_THROUGH,0,6,0,0,0,0,1,0.6,2.8542120232303794,inf,0.0,0,0,0,CLEAR,none,nan,0.0,0.0,0,0,0,0,0.0,0,0,1,1,0.0,0.6,"-1.137,22.410;-1.242,22.279;-1.379,22.107;-1.517,21.936;-1.655,21.764;-1.792,21.593;-1.930,21.421;-2.068,21.250;-2.205,21.078;-2.343,20.906;-2.481,20.735;-2.618,20.563;-2.756,20.392;-2.887,20.228;-2.950,20.150",-2.9499999999999997,20.150000000000002,2.0,-2.9499999999999997,20.150000000000002,2.0,-2.9499999999999997,20.150000000000002,2.0,3.414781404846052,0.0,0.0,0,0,4,1,,,0,1,PASS_THROUGH,-1,0.9998543147684207,-0.012735510193909613,0.011364682972823701,0.5751309433908531,0,0.9998653258469646,-0.011933632979353972,0.011265814345054519,2.854393166731728,0.5708786333463456,0,0,0,BYPASS_VISIBLE,1,0,1,1,1
1787562361353648896,1787562361370233088,joint_v2_000003_c1d41e01,1002,224,0.03333333333333333,7.466666666666667,16.584157943725586,frame_id_exact,1,,-1.1759121417999268,22.358762741088867,1.9684134721755981,-0.014014922490485407,-0.021615819419978106,-0.9449656274680732,-0.32615379992000615,-0.36963245272636414,-0.5095111131668091,0.018455101177096367,0.6291783601889758,0.023299979359978233,-0.012728603229815734,2.476589656577428,-0.03425901010632515,depth/001002.png,1.0,-0.012387076765854863,-0.049994453174584695,-0.9986726765967772,0.6291783601889758,0.023299979359978233,-0.012728603229815734,-0.03425901010632515,0.9998695425129971,-0.01168777729302757,0.01114871368358214,2.8330232217606897,0.566604644352138,0.6,0.0,0.031586527824401855,0.009872631873473203,0.6,0.0,0.031586527824401855,0.009872631873473203,goal_capture,TERMINAL_SETTLING,NONE,DIRECT_LOCAL,PASS_THROUGH,0,6,0,0,0,0,1,0.6,2.8330232217606897,inf,0.0,0,0,0,CLEAR,none,nan,0.0,0.0,0,0,0,0,0.6697171821528445,0,0,1,1,0.0,0.6,"-1.176,22.359;-1.274,22.225;-1.409,22.051;-1.548,21.881;-1.688,21.711;-1.828,21.542;-1.968,21.372;-2.107,21.201;-2.245,21.030;-2.382,20.858;-2.520,20.686;-2.657,20.514;-2.795,20.343;-2.916,20.192;-2.950,20.150",-2.9499999999999997,20.150000000000002,2.0,-2.9499999999999997,20.150000000000002,2.0,-2.9499999999999997,20.150000000000002,2.0,3.4110702332656158,0.0,0.0,0,0,4,1,,,0,1,PASS_THROUGH,-1,0.9998543147684207,-0.012735510193909613,0.011364682972823701,0.5751309433908531,0,0.9998695425129971,-0.01168777729302757,0.01114871368358214,2.8331993018097616,0.5666398603619524,0,0,0,BYPASS_VISIBLE,1,0,1,1,1
1787562361400304896,1787562361416589312,joint_v2_000003_c1d41e01,1003,225,0.03333333333333333,7.5,16.284465789794922,frame_id_exact,1,,-1.1880136728286743,22.34199333190918,1.9690897464752197,-0.008119528714455418,-0.030929435302063876,-0.944699111113839,-0.3263756007211221,-0.3567154109477997,-0.4954363703727722,0.022190479561686516,0.6101446959256199,0.025195997202125585,-0.01685558179967045,2.476460656687811,-0.033033259212970734,depth/001003.png,1.0,0.004848202934933706,-0.06373805219773104,-0.9979548865707012,0.6101446959256199,0.025195997202125585,-0.01685558179967045,-0.033033259212970734,0.9998683425249696,-0.011937929430186331,0.010990152741888375,2.812370989800775,0.5624741979601551,0.6,0.0,0.030910253524780273,0.006987024843252421,0.6,0.0,0.030910253524780273,0.006987024843252421,goal_capture,TERMINAL_SETTLING,NONE,DIRECT_LOCAL,PASS_THROUGH,0,6,0,0,0,0,1,0.6,2.8123709898007756,inf,0.0,0,0,0,CLEAR,none,nan,0.0,0.0,0,0,0,0,0.0,0,0,1,1,0.0,0.6,"-1.176,22.359;-1.274,22.225;-1.409,22.051;-1.548,21.881;-1.688,21.711;-1.828,21.542;-1.968,21.372;-2.107,21.201;-2.245,21.030;-2.382,20.858;-2.520,20.686;-2.657,20.514;-2.795,20.343;-2.916,20.192;-2.950,20.150",-2.9499999999999997,20.150000000000002,2.0,-2.9499999999999997,20.150000000000002,2.0,-2.9499999999999997,20.150000000000002,2.0,3.4076067345293266,0.0,0.0,0,0,4,1,,,0,1,PASS_THROUGH,-1,0.9998543147684207,-0.012735510193909613,0.011364682972823701,0.5751309433908531,0,0.9998683425249696,-0.011937929430186331,0.010990152741888375,2.812540849133744,0.5625081698267488,0,0,0,BYPASS_VISIBLE,1,0,1,1,1
1787562361443539712,1787562361462453760,joint_v2_000003_c1d41e01,1004,226,0.03333333333333333,7.533333333333333,18.914222717285156,frame_id_exact,1,,-1.1997264623641968,22.325788497924805,1.969896674156189,-0.00037426201239974176,-0.03314868776900797,-0.9445787571131694,-0.32660679116895147,-0.34676700830459595,-0.47601959109306335,0.026170331984758377,0.5890134898373652,0.02148336988051128,-0.011334418260540956,2.476449355165759,-0.029779482632875443,depth/001004.png,1.0,0.020946133194379882,-0.06286756561541677,-0.9978020488542778,0.5890134898373652,0.02148336988051128,-0.011334418260540956,-0.029779482632875443,0.9998663284530467,-0.01229312318219856,0.010779812069397553,2.792402736757364,0.5584805473514728,0.6,0.0,0.030103325843811035,-0.0035045882952089435,0.6,0.0,0.030103325843811035,-0.0035045882952089435,goal_capture,TERMINAL_SETTLING,NONE,DIRECT_LOCAL,PASS_THROUGH,0,6,0,0,0,0,1,0.6,2.792402736757364,inf,0.0,0,0,0,CLEAR,none,nan,0.0,0.0,0,0,0,0,0.0,0,0,1,1,0.0,0.6,"-1.176,22.359;-1.274,22.225;-1.409,22.051;-1.548,21.881;-1.688,21.711;-1.828,21.542;-1.968,21.372;-2.107,21.201;-2.245,21.030;-2.382,20.858;-2.520,20.686;-2.657,20.514;-2.795,20.343;-2.916,20.192;-2.950,20.150",-2.9499999999999997,20.150000000000002,2.0,-2.9499999999999997,20.150000000000002,2.0,-2.9499999999999997,20.150000000000002,2.0,3.4045570308883417,0.0,0.0,0,0,4,1,,,0,1,PASS_THROUGH,-1,0.9998543147684207,-0.012735510193909613,0.011364682972823701,0.5751309433908531,0,0.9998663284530467,-0.01229312318219856,0.010779812069397553,2.792564995568926,0.5585129991137852,0,0,0,BYPASS_VISIBLE,1,0,1,1,1
1787562361492503296,1787562361510558208,joint_v2_000003_c1d41e01,1005,227,0.03333333333333333,7.566666666666666,18.054723739624023,frame_id_exact,1,,-1.2111902236938477,22.310258865356445,1.9708274602890015,0.007465789753707695,-0.02789387461691544,-0.9446400210268732,-0.32683546994865453,-0.34207504987716675,-0.4557279348373413,0.02953202836215496,0.5704361947906855,0.013214764251022535,0.001829950073173759,2.4761719464760255,-0.025837145745754242,depth/001005.png,1.0,0.03233838281806611,-0.04781917080390612,-0.9983323874844184,0.5704361947906855,0.013214764251022535,0.001829950073173759,-0.025837145745754242,0.9998689606634091,-0.012304807441905399,0.010519183223598766,2.7731169833833116,0.5546233966766623,0.6,0.0,0.029172539710998535,-0.004762051647548837,0.6,0.0,0.029172539710998535,-0.004762051647548837,goal_capture,TERMINAL_SETTLING,NONE,DIRECT_LOCAL,PASS_THROUGH,0,6,0,0,0,0,1,0.6,2.7731169833833116,inf,0.0,0,0,0,CLEAR,none,nan,0.0,0.0,0,0,0,0,0.7050703383681736,0,0,1,1,0.0,0.6,"-1.211,22.310;-1.304,22.188;-1.438,22.017;-1.577,21.846;-1.716,21.676;-1.856,21.506;-1.995,21.336;-2.134,21.165;-2.272,20.994;-2.410,20.822;-2.548,20.651;-2.685,20.479;-2.823,20.308;-2.932,20.172;-2.950,20.150",-2.9499999999999997,20.150000000000002,2.0,-2.9499999999999997,20.150000000000002,2.0,-2.9499999999999997,20.150000000000002,2.0,3.4020175714760317,0.0,0.0,0,0,4,1,,,0,1,PASS_THROUGH,-1,0.9998543147684207,-0.012735510193909613,0.011364682972823701,0.5751309433908531,0,0.9998689606634091,-0.012304807441905399,0.010519183223598766,2.773270423273242,0.5546540846546484,0,0,0,BYPASS_VISIBLE,1,0,1,1,1
1787562361545053696,1787562361563174656,joint_v2_000003_c1d41e01,1006,228,0.03333333333333333,7.6,18.121004104614258,frame_id_exact,1,,-1.2226017713546753,22.295358657836914,1.9718502759933472,0.01364285444973546,-0.016447161502644272,-0.9447761018956045,-0.32701908306384164,-0.343670129776001,-0.43913376331329346,0.03161262720823288,0.5581880751601014,0.002270286820801176,0.019180639399354608,2.475544767116607,-0.021740082651376724,depth/001006.png,1.0,0.03653595703869563,-0.02215482275837953,-0.9990867268019386,0.5581880751601014,0.002270286820801176,0.019180639399354608,-0.021740082651376724,0.999877653416491,-0.011842257500132932,0.010219546742979863,2.7543544454341387,0.5508708890868277,0.6,0.0,0.028149724006652832,-0.0043039669888234044,0.6,0.0,0.028149724006652832,-0.0043039669888234044,goal_capture,TERMINAL_SETTLING,NONE,DIRECT_LOCAL,PASS_THROUGH,0,6,0,0,0,0,1,0.6,2.7543544454341387,inf,0.0,0,0,0,CLEAR,none,nan,0.0,0.0,0,0,0,0,0.0,0,0,1,1,0.0,0.6,"-1.211,22.310;-1.304,22.188;-1.438,22.017;-1.577,21.846;-1.716,21.676;-1.856,21.506;-1.995,21.336;-2.134,21.165;-2.272,20.994;-2.410,20.822;-2.548,20.651;-2.685,20.479;-2.823,20.308;-2.932,20.172;-2.950,20.150",-2.9499999999999997,20.150000000000002,2.0,-2.9499999999999997,20.150000000000002,2.0,-2.9499999999999997,20.150000000000002,2.0,3.3999958747265433,0.0,0.0,0,0,4,1,,,1,1,PASS_THROUGH,-1,0.9999298706856017,-0.011842875946144518,0.0,0.5508708890868277,0,0.999877653416491,-0.011842257500132932,0.010219546742979863,2.754498287900076,0.5508996575800152,0,0,0,BYPASS_VISIBLE,1,0,1,1,1
1787562361600076800,1787562361616312064,joint_v2_000003_c1d41e01,1007,229,0.03333333333333333,7.633333333333334,16.2351131439209,frame_id_exact,1,,-1.234167456626892,22.280900955200195,1.9729135036468506,0.016782199824729952,-0.0014381255108499623,-0.9448373315726392,-0.3271065673916569,-0.3511210083961487,-0.42985963821411133,0.031880516558885574,0.554659246552216,-0.00905698552114938,0.03677947343497573,2.4748792863626705,-0.017807530239224434,depth/001007.png,1.0,0.03265373839929833,0.008261546215620526,-0.9994325791281158,0.554659246552216,-0.00905698552114938,0.03677947343497573,-0.017807530239224434,0.9998882860353628,-0.011198343230027554,0.009900129199510643,2.735839943741469,0.5471679887482938,0.6,0.0,0.027086496353149414,-0.006794108782086639,0.6,0.0,0.027086496353149414,-0.006794108782086639,goal_capture,TERMINAL_SETTLING,NONE,DIRECT_LOCAL,PASS_THROUGH,0,6,0,0,0,0,1,0.6,2.735839943741469,inf,0.0,0,0,0,CLEAR,none,nan,0.0,0.0,0,0,0,0,0.0,0,0,1,1,0.0,0.6,"-1.211,22.310;-1.304,22.188;-1.438,22.017;-1.577,21.846;-1.716,21.676;-1.856,21.506;-1.995,21.336;-2.134,21.165;-2.272,20.994;-2.410,20.822;-2.548,20.651;-2.685,20.479;-2.823,20.308;-2.932,20.172;-2.950,20.150",-2.9499999999999997,20.150000000000002,2.0,-2.9499999999999997,20.150000000000002,2.0,-2.9499999999999997,20.150000000000002,2.0,3.3984087213715757,0.0,0.0,0,0,4,1,,,0,1,PASS_THROUGH,-1,0.999877653416491,-0.011842257500132932,0.010219546742979863,0.5508708890868277,0,0.9998882860353628,-0.011198343230027554,0.009900129199510643,2.7359740269337376,0.5471948053867475,0,0,0,BYPASS_VISIBLE,1,0,1,1,1
1787562361642820608,1787562361659500288,joint_v2_000003_c1d41e01,1008,230,0.03333333333333333,7.666666666666667,16.679763793945312,frame_id_exact,1,,-1.2460558414459229,22.266599655151367,1.973949909210205,0.016189821971000246,0.013743052031522538,-0.9447563398373633,-0.3270848154875351,-0.3626777231693268,-0.4297946095466614,0.02998003177344799,0.5605581802970386,-0.018420632493813517,0.0509170539641832,2.4746072820885194,-0.014780640602111816,depth/001008.png,1.0,0.02160058661994915,0.03655856093531266,-0.9990980363708124,0.5605581802970386,-0.018420632493813517,0.0509170539641832,-0.014780640602111816,0.9998955125071909,-0.010819561224333092,0.009586509421839124,2.717244890630478,0.5434489781260956,0.6,0.0,0.026050090789794922,-0.04045219066283856,0.6,0.0,0.026050090789794922,-0.04045219066283856,goal_capture,TERMINAL_SETTLING,NONE,DIRECT_LOCAL,PASS_THROUGH,0,6,0,0,0,0,1,0.6,2.7172448906304782,inf,0.0,0,0,0,CLEAR,none,nan,0.0,0.0,0,0,0,0,0.6199557789152587,0,0,1,1,0.0,0.6,"-1.246,22.267;-1.344,22.150;-1.491,21.969;-1.685,21.725;-1.930,21.418;-2.193,21.090;-2.456,20.763;-2.677,20.489;-2.840,20.286;-2.941,20.161;-2.950,20.150",-2.9499999999999997,20.150000000000002,2.0,-2.9499999999999997,20.150000000000002,2.0,-2.9499999999999997,20.150000000000002,2.0,3.3971083304308602,0.0,0.0,0,0,4,1,,,0,1,PASS_THROUGH,-1,0.999877653416491,-0.011842257500132932,0.010219546742979863,0.5508708890868277,0,0.9998955125071909,-0.010819561224333092,0.009586509421839124,2.717369758219811,0.5434739516439622,0,0,0,BYPASS_VISIBLE,1,0,1,1,1
1787562361694510080,1787562361711198720,joint_v2_000003_c1d41e01,1009,231,0.03333333333333333,7.7,16.688823699951172,frame_id_exact,1,,-1.2583621740341187,22.25214195251465,1.974886417388916,0.012009851505116378,0.025694268805490507,-0.9445959615425079,-0.32700770243980687,-0.37570762634277344,-0.4387363791465759,0.02593856118619442,0.5747354378416194,-0.023781272649310646,0.05858555620082765,2.4748771459522287,-0.01470614317804575,depth/001009.png,1.0,0.00588446684500778,0.05639603299157067,-0.9983911360347525,0.5747354378416194,-0.023781272649310646,0.05858555620082765,-0.01470614317804575,0.9998973154149965,-0.010896798422885668,0.009306901203621735,2.698265984435312,0.5396531968870624,0.6,0.0,0.025113582611083984,-0.039327904946822034,0.6,0.0,0.025113582611083984,-0.039327904946822034,goal_capture,TERMINAL_SETTLING,NONE,DIRECT_LOCAL,PASS_THROUGH,0,6,0,0,0,0,1,0.6,2.6982659844353116,inf,0.0,0,0,0,CLEAR,none,nan,0.0,0.0,0,0,0,0,0.0,0,0,1,1,0.0,0.6,"-1.246,22.267;-1.344,22.150;-1.491,21.969;-1.685,21.725;-1.930,21.418;-2.193,21.090;-2.456,20.763;-2.677,20.489;-2.840,20.286;-2.941,20.161;-2.950,20.150",-2.9499999999999997,20.150000000000002,2.0,-2.9499999999999997,20.150000000000002,2.0,-2.9499999999999997,20.150000000000002,2.0,3.395923132012223,0.0,0.0,0,0,4,1,,,0,1,PASS_THROUGH,-1,0.999877653416491,-0.011842257500132932,0.010219546742979863,0.5508708890868277,0,0.9998973154149965,-0.010896798422885668,0.009306901203621735,2.6983828517821977,0.5396765703564396,0,0,0,BYPASS_VISIBLE,1,0,1,1,1
1787562361738220032,1787562361755965952,joint_v2_000003_c1d41e01,1010,232,0.03333333333333333,7.733333333333333,17.7459716796875,frame_id_exact,1,,-1.2710869312286377,22.23727035522461,1.975661039352417,0.005204029859216991,0.03176522557507555,-0.9444838375470653,-0.3269773220419999,-0.3873143494129181,-0.4545198976993561,0.020410338416695595,0.5942157615089573,-0.02381363285005887,0.057947081418152316,2.475374564696532,-0.017422502860426903,depth/001010.png,1.0,-0.010942772600910944,0.06340668379777784,-0.9979277770347779,0.5942157615089573,-0.02381363285005887,0.057947081418152316,-0.017422502860426903,0.9998962906424689,-0.011173967222245444,0.009085725945003544,2.6787024150305925,0.5357404830061185,0.6,0.0,0.024338960647583008,-0.03583474173262102,0.6,0.0,0.024338960647583008,-0.03583474173262102,goal_capture,TERMINAL_SETTLING,NONE,DIRECT_LOCAL,PASS_THROUGH,0,6,0,0,0,0,1,0.6,2.678702415030593,inf,0.0,0,0,0,CLEAR,none,nan,0.0,0.0,0,0,0,0,0.0,0,0,1,1,0.0,0.6,"-1.246,22.267;-1.344,22.150;-1.491,21.969;-1.685,21.725;-1.930,21.418;-2.193,21.090;-2.456,20.763;-2.677,20.489;-2.840,20.286;-2.941,20.161;-2.950,20.150",-2.9499999999999997,20.150000000000002,2.0,-2.9499999999999997,20.150000000000002,2.0,-2.9499999999999997,20.150000000000002,2.0,3.3946732634809282,0.0,0.0,0,0,4,1,,,0,1,PASS_THROUGH,-1,0.999877653416491,-0.011842257500132932,0.010219546742979863,0.5508708890868277,0,0.9998962906424689,-0.011173967222245444,0.009085725945003544,2.6788129858756724,0.5357625971751345,0,0,0,BYPASS_VISIBLE,1,0,1,1,1
1787562361785652736,1787562361802481920,joint_v2_000003_c1d41e01,1011,233,0.03333333333333333,7.766666666666667,16.829252243041992,frame_id_exact,1,,-1.2841389179229736,22.221805572509766,1.976243257522583,-0.00266056380504204,0.03065577574216927,-0.9445045091404615,-0.32705408884039533,-0.3949747681617737,-0.47355154156684875,0.014593444764614105,0.6146185394359991,-0.018351949240872877,0.048747877651271476,2.475600829208687,-0.020840398967266083,depth/001011.png,1.0,-0.025078022627537548,0.056168740297235786,-0.9981062896277703,0.6146185394359991,-0.018351949240872877,0.048747877651271476,-0.020840398967266083,0.9998971183276167,-0.011220638971186732,0.008935883907388241,2.6584716427040087,0.5316943285408018,0.6,0.0,0.023756742477416992,-0.041910842776791135,0.6,0.0,0.023756742477416992,-0.041910842776791135,goal_capture,TERMINAL_SETTLING,NONE,DIRECT_LOCAL,PASS_THROUGH,0,6,0,0,0,0,1,0.6,2.6584716427040087,inf,0.0,0,0,0,CLEAR,none,nan,0.0,0.0,0,0,0,0,0.6429344183856425,0,0,1,1,0.0,0.6,"-1.284,22.222;-1.388,22.096;-1.527,21.925;-1.665,21.754;-1.802,21.581;-1.938,21.409;-2.076,21.237;-2.213,21.066;-2.351,20.894;-2.489,20.723;-2.627,20.551;-2.765,20.380;-2.894,20.219;-2.950,20.150",-2.9499999999999997,20.150000000000002,2.0,-2.9499999999999997,20.150000000000002,2.0,-2.9499999999999997,20.150000000000002,2.0,3.393225753933035,0.0,0.0,0,0,4,1,,,0,1,PASS_THROUGH,-1,0.999877653416491,-0.011842257500132932,0.010219546742979863,0.5508708890868277,0,0.9998971183276167,-0.011220638971186732,0.008935883907388241,2.658577788569386,0.5317155577138772,0,0,0,BYPASS_VISIBLE,1,0,1,1,1
1787562361833400576,1787562361850411776,joint_v2_000003_c1d41e01,1012,234,0.03333333333333333,7.8,17.011404037475586,frame_id_exact,1,,-1.297356128692627,22.20570945739746,1.9766466617584229,-0.009787867864679504,0.022711346943505278,-0.9446220406601962,-0.3272271270259269,-0.3970593214035034,-0.49159374833106995,0.009878745302557945,0.6310920068595272,-0.008589884771759877,0.03266803449822807,2.47525492247396,-0.02395966276526451,depth/001012.png,1.0,-0.033355209054516416,0.03650156602969439,-0.9987767847253506,0.6310920068595272,-0.008589884771759877,0.03266803449822807,-0.02395966276526451,0.9999025525365017,-0.010793552243194227,0.008853511222226546,2.6376453777191458,0.5275290755438291,0.6,0.0,0.02335333824157715,-0.04061952823260162,0.6,0.0,0.02335333824157715,-0.04061952823260162,goal_capture,TERMINAL_SETTLING,NONE,DIRECT_LOCAL,PASS_THROUGH,0,6,0,0,0,0,1,0.6,2.6376453777191458,inf,0.0,0,0,0,CLEAR,none,nan,0.0,0.0,0,0,0,0,0.0,0,0,1,1,0.0,0.6,"-1.284,22.222;-1.388,22.096;-1.527,21.925;-1.665,21.754;-1.802,21.581;-1.938,21.409;-2.076,21.237;-2.213,21.066;-2.351,20.894;-2.489,20.723;-2.627,20.551;-2.765,20.380;-2.894,20.219;-2.950,20.150",-2.9499999999999997,20.150000000000002,2.0,-2.9499999999999997,20.150000000000002,2.0,-2.9499999999999997,20.150000000000002,2.0,3.3915183829013853,0.0,0.0,0,0,4,1,,,1,1,PASS_THROUGH,-1,0.9999417433517735,-0.010793975292531507,0.0,0.5275290755438291,0,0.9999025525365017,-0.010793552243194227,0.008853511222226546,2.637748759266166,0.5275497518532333,0,0,0,BYPASS_VISIBLE,1,0,1,1,1
1787562361881895936,1787562361901232640,joint_v2_000003_c1d41e01,1013,235,0.03333333333333333,7.833333333333333,19.336700439453125,frame_id_exact,1,,-1.3105424642562866,22.1890869140625,1.9769275188446045,-0.01457276846274795,0.009820593676902323,-0.9447071376770638,-0.3274440629804939,-0.39316120743751526,-0.5046470165252686,0.007358922623097897,0.6396197640919636,0.0031343224828835436,0.01323757792296578,2.474444313666218,-0.026474803686141968,depth/001013.png,1.0,-0.03396538695383729,0.009011636856959342,-0.9993823807183286,0.6396197640919636,0.0031343224828835436,0.01323757792296578,-0.026474803686141968,0.9999107596566639,-0.010035742900609896,0.008817969565972451,2.6164281864037027,0.5232856372807405,0.6,0.0,0.023072481155395508,-0.03659009520750267,0.6,0.0,0.023072481155395508,-0.03659009520750267,goal_capture,TERMINAL_SETTLING,NONE,DIRECT_LOCAL,PASS_THROUGH,0,6,0,0,0,0,1,0.6,2.6164281864037027,inf,0.0,0,0,0,CLEAR,none,nan,0.0,0.0,0,0,0,0,0.0,0,0,1,1,0.0,0.6,"-1.284,22.222;-1.388,22.096;-1.527,21.925;-1.665,21.754;-1.802,21.581;-1.938,21.409;-2.076,21.237;-2.213,21.066;-2.351,20.894;-2.489,20.723;-2.627,20.551;-2.765,20.380;-2.894,20.219;-2.950,20.150",-2.9499999999999997,20.150000000000002,2.0,-2.9499999999999997,20.150000000000002,2.0,-2.9499999999999997,20.150000000000002,2.0,3.3895651103911173,0.0,0.0,0,0,4,1,,,0,1,PASS_THROUGH,-1,0.9999025525365017,-0.010793552243194227,0.008853511222226546,0.5275290755438291,0,0.9999107596566639,-0.010035742900609896,0.008817969565972451,2.61652991459957,0.523305982919914,0,0,0,BYPASS_VISIBLE,1,0,1,1,1
1787562361931051264,1787562361949338624,joint_v2_000003_c1d41e01,1014,236,0.03333333333333333,7.866666666666666,18.28742027282715,frame_id_exact,1,,-1.3235101699829102,22.17215347290039,1.9771676063537598,-0.015960689605540583,-0.0050461314641593496,-0.944649146611198,-0.3276549751664049,-0.38419854640960693,-0.5097975134849548,0.007423048373311758,0.6382301051930186,0.013957457648715078,-0.004965044525777437,2.47358597616384,-0.028395989909768105,depth/001014.png,1.0,-0.02684772347124917,-0.019992846275296284,-0.9994395858891241,0.6382301051930186,0.013957457648715078,-0.004965044525777437,-0.028395989909768105,0.9999173798469112,-0.009371778814665591,0.008797911225766064,2.5951057464219303,0.519021149284386,0.6,0.0,0.022832393646240234,-2.8758138843620884e-05,0.6,0.0,0.022832393646240234,-2.8758138843620884e-05,goal_capture,TERMINAL_SETTLING,NONE,DIRECT_LOCAL,PASS_THROUGH,0,6,0,0,0,0,1,0.6,2.5951057464219303,inf,0.0,0,0,0,CLEAR,none,nan,0.0,0.0,0,0,0,0,0.5369920166634411,0,0,1,1,0.0,0.6,"-1.324,22.172;-1.425,22.039;-1.579,21.844;-1.786,21.591;-2.042,21.278;-2.306,20.952;-2.557,20.639;-2.754,20.394;-2.891,20.223;-2.950,20.150",-2.9499999999999997,20.150000000000002,2.0,-2.9499999999999997,20.150000000000002,2.0,-2.9499999999999997,20.150000000000002,2.0,3.3874618950096735,0.0,0.0,0,0,4,1,,,0,1,PASS_THROUGH,-1,0.9999025525365017,-0.010793552243194227,0.008853511222226546,0.5275290755438291,0,0.9999173798469112,-0.009371778814665591,0.008797911225766064,2.5952061870517613,0.5190412374103522,0,0,0,BYPASS_VISIBLE,1,0,1,1,1
1787562361989121280,1787562362008008960,joint_v2_000003_c1d41e01,1015,237,0.03333333333333333,7.9,18.887758255004883,frame_id_exact,1,,-1.3361220359802246,22.155200958251953,1.9774487018585205,-0.013675212787230231,-0.018523558460888045,-0.9444517644791801,-0.3278425398103994,-0.37224921584129333,-0.5058934688568115,0.009680528193712234,0.6275557671706489,0.02131413764431439,-0.017631216063629506,2.473069653872472,-0.02849482372403145,depth/001015.png,1.0,-0.01368553678876778,-0.043955847930864336,-0.9989397326743401,0.6275557671706489,0.02131413764431439,-0.017631216063629506,-0.02849482372403145,0.9999196183326368,-0.009165361405271142,0.008760880311063847,2.5739916405697896,0.5147983281139579,0.6,0.0,0.022551298141479492,-0.0013292585679636204,0.6,0.0,0.022551298141479492,-0.0013292585679636204,goal_capture,TERMINAL_SETTLING,NONE,DIRECT_LOCAL,PASS_THROUGH,0,6,0,0,0,0,1,0.6,2.5739916405697896,inf,0.0,0,0,0,CLEAR,none,nan,0.0,0.0,0,0,0,0,0.0,0,0,1,1,0.0,0.6,"-1.324,22.172;-1.425,22.039;-1.579,21.844;-1.786,21.591;-2.042,21.278;-2.306,20.952;-2.557,20.639;-2.754,20.394;-2.891,20.223;-2.950,20.150",-2.9499999999999997,20.150000000000002,2.0,-2.9499999999999997,20.150000000000002,2.0,-2.9499999999999997,20.150000000000002,2.0,3.3853558370318266,0.0,0.0,0,0,4,1,,,0,1,PASS_THROUGH,-1,0.9999025525365017,-0.010793552243194227,0.008853511222226546,0.5275290755438291,0,0.9999196183326368,-0.009165361405271142,0.008760880311063847,2.574090427077305,0.514818085415461,0,0,0,BYPASS_VISIBLE,1,0,1,1,1
1787562362037297408,1787562362053083136,joint_v2_000003_c1d41e01,1016,238,0.03333333333333333,7.933333333333334,15.785694122314453,frame_id_exact,1,,-1.3483242988586426,22.13851547241211,1.9778293371200562,-0.008271486742371175,-0.02760937947935659,-0.9442342686310641,-0.3280105952779504,-0.36009639501571655,-0.493863970041275,0.013263066299259663,0.6104967646986514,0.023615680206504567,-0.021975974990126768,2.472982042420243,-0.02694612741470337,depth/001016.png,1.0,0.0024918955272083872,-0.05756571506049324,-0.9983386093436714,0.6104967646986514,0.023615680206504567,-0.021975974990126768,-0.02694612741470337,0.9999176312871623,-0.009452085212139921,0.008682668150575099,2.5533426788523714,0.5106685357704743,0.6,0.0,0.022170662879943848,-0.009468991678354133,0.6,0.0,0.022170662879943848,-0.009468991678354133,goal_capture,TERMINAL_SETTLING,NONE,DIRECT_LOCAL,PASS_THROUGH,0,6,0,0,0,0,1,0.6,2.5533426788523714,inf,0.0,0,0,0,CLEAR,none,nan,0.0,0.0,0,0,0,0,0.0,0,0,1,1,0.0,0.6,"-1.324,22.172;-1.425,22.039;-1.579,21.844;-1.786,21.591;-2.042,21.278;-2.306,20.952;-2.557,20.639;-2.754,20.394;-2.891,20.223;-2.950,20.150",-2.9499999999999997,20.150000000000002,2.0,-2.9499999999999997,20.150000000000002,2.0,-2.9499999999999997,20.150000000000002,2.0,3.3834253225362274,0.0,0.0,0,0,4,1,,,0,1,PASS_THROUGH,-1,0.9999025525365017,-0.010793552243194227,0.008853511222226546,0.5275290755438291,0,0.9999176312871623,-0.009452085212139921,0.008682668150575099,2.553438930920718,0.5106877861841437,0,0,0,BYPASS_VISIBLE,1,0,1,1,1
1787562362080513536,1787562362097297920,joint_v2_000003_c1d41e01,1017,239,0.03333333333333333,7.966666666666667,16.7844295501709,frame_id_exact,1,,-1.360158085823059,22.122331619262695,1.9783374071121216,-0.0009963389550263903,-0.030337509003200824,-0.9441252221073054,-0.32818623956070825,-0.3505684733390808,-0.47652116417884827,0.017183471471071243,0.5912163554819644,0.020586796076041945,-0.017474293673930216,2.4730295941510962,-0.025108646601438522,depth/001017.png,1.0,0.018031368520382316,-0.057938784321614624,-0.9981572857123349,0.5912163554819644,0.020586796076041945,-0.017474293673930216,-0.025108646601438522,0.9999147395494468,-0.009869040848231411,0.00855076981903199,2.5333158761625443,0.5066631752325088,0.6,0.0,0.021662592887878418,0.007324468345673019,0.6,0.0,0.021662592887878418,0.007324468345673019,goal_capture,TERMINAL_SETTLING,NONE,DIRECT_LOCAL,PASS_THROUGH,0,6,0,0,0,0,1,0.6,2.533315876162544,inf,0.0,0,0,0,CLEAR,none,nan,0.0,0.0,0,0,0,0,0.5654842417933705,0,0,1,1,0.0,0.6,"-1.360,22.122;-1.455,21.995;-1.590,21.823;-1.729,21.652;-1.869,21.483;-2.010,21.314;-2.149,21.144;-2.288,20.973;-2.426,20.801;-2.564,20.630;-2.702,20.458;-2.840,20.287;-2.941,20.162;-2.950,20.150",-2.9499999999999997,20.150000000000002,2.0,-2.9499999999999997,20.150000000000002,2.0,-2.9499999999999997,20.150000000000002,2.0,3.3818279746729063,0.0,0.0,0,0,4,1,,,0,1,PASS_THROUGH,-1,0.9999025525365017,-0.010793552243194227,0.008853511222226546,0.5275290755438291,0,0.9999147395494468,-0.009869040848231411,0.00855076981903199,2.533408493778258,0.5066816987556516,0,0,0,BYPASS_VISIBLE,1,0,1,1,1
1787562362126147328,1787562362141729536,joint_v2_000003_c1d41e01,1018,240,0.03333333333333333,8.0,15.58232307434082,frame_id_exact,1,,-1.3717496395111084,22.106760025024414,1.9789692163467407,0.006498269717304236,-0.02619363515796334,-0.9441619584084111,-0.32837457615090493,-0.34585443139076233,-0.457872211933136,0.02059228904545307,0.5740042854166179,0.013128990436329382,-0.005744778044650272,2.472841674429185,-0.02232685498893261,depth/001018.png,1.0,0.029473485810807387,-0.045194334608888075,-0.9985433319357854,0.5740042854166179,0.013128990436329382,-0.005744778044650272,-0.02232685498893261,0.9999152205846992,-0.009978524082737915,0.00836544680112495,2.5139180567227823,0.5027836113445565,0.6,0.0,0.021030783653259277,0.005643952350795622,0.6,0.0,0.021030783653259277,0.005643952350795622,goal_capture,TERMINAL_SETTLING,NONE,DIRECT_LOCAL,PASS_THROUGH,0,6,0,0,0,0,1,0.6,2.513918056722783,inf,0.0,0,0,0,CLEAR,none,nan,0.0,0.0,0,0,0,0,0.0,0,0,1,1,0.0,0.6,"-1.360,22.122;-1.455,21.995;-1.590,21.823;-1.729,21.652;-1.869,21.483;-2.010,21.314;-2.149,21.144;-2.288,20.973;-2.426,20.801;-2.564,20.630;-2.702,20.458;-2.840,20.287;-2.941,20.162;-2.950,20.150",-2.9499999999999997,20.150000000000002,2.0,-2.9499999999999997,20.150000000000002,2.0,-2.9499999999999997,20.150000000000002,2.0,3.3806722711443578,0.0,0.0,0,0,4,1,,,1,1,PASS_THROUGH,-1,0.9999502098047673,-0.009978873253115361,0.0,0.5027836113445565,0,0.9999152205846992,-0.009978524082737915,0.00836544680112495,2.514006024212735,0.502801204842547,0,0,0,BYPASS_VISIBLE,1,0,1,1,1
1787562362172676608,1787562362189501440,joint_v2_000003_c1d41e01,1019,241,0.03333333333333333,8.033333333333333,16.824960708618164,frame_id_exact,1,,-1.3832805156707764,22.091772079467773,1.9796967506408691,0.012530055644580781,-0.01619810973298514,-0.9442722330939053,-0.32852788124369486,-0.34699419140815735,-0.4421466588973999,0.02284122444689274,0.5624128012473186,0.002946710942242395,0.010174294429342137,2.472341589537117,-0.018340392038226128,depth/001019.png,1.0,0.03430662859005933,-0.022357905233372555,-0.9991612378932437,0.5624128012473186,0.002946710942242395,0.010174294429342137,-0.018340392038226128,0.9999203037567912,-0.009652516390337552,0.00813726380675733,2.4950127757543488,0.4990025551508698,0.6,0.0,0.02030324935913086,-0.0007911326376586203,0.6,0.0,0.02030324935913086,-0.0007911326376586203,goal_capture,TERMINAL_SETTLING,NONE,DIRECT_LOCAL,PASS_THROUGH,0,6,0,0,0,0,1,0.6,2.4950127757543488,inf,0.0,0,0,0,CLEAR,none,nan,0.0,0.0,0,0,0,0,0.0,0,0,1,1,0.0,0.6,"-1.360,22.122;-1.455,21.995;-1.590,21.823;-1.729,21.652;-1.869,21.483;-2.010,21.314;-2.149,21.144;-2.288,20.973;-2.426,20.801;-2.564,20.630;-2.702,20.458;-2.840,20.287;-2.941,20.162;-2.950,20.150",-2.9499999999999997,20.150000000000002,2.0,-2.9499999999999997,20.150000000000002,2.0,-2.9499999999999997,20.150000000000002,2.0,3.379996924148907,0.0,0.0,0,0,4,1,,,0,1,PASS_THROUGH,-1,0.9999152205846992,-0.009978524082737915,0.00836544680112495,0.5027836113445565,0,0.9999203037567912,-0.009652516390337552,0.00813726380675733,2.4950953835699266,0.4990190767139853,0,0,0,BYPASS_VISIBLE,1,0,1,1,1
1787562362216530688,1787562362233200384,joint_v2_000003_c1d41e01,1020,242,0.03333333333333333,8.066666666666666,16.669511795043945,frame_id_exact,1,,-1.394944190979004,22.077213287353516,1.9804725646972656,0.015752929638725106,-0.0026570901752095886,-0.9443364120351845,-0.32859325310193527,-0.3536657989025116,-0.43281394243240356,0.023424530401825905,0.5587344060026336,-0.007809022888893357,0.02666453472653966,2.4717923015405607,-0.014283034950494766,depth/001020.png,1.0,0.031498333917067384,0.005334238786726428,-0.9994895701591964,0.5587344060026336,-0.007809022888893357,0.02666453472653966,-0.014283034950494766,0.9999272353902905,-0.009129400846643002,0.007885300559382602,2.4763581372898953,0.49527162745797904,0.6,0.0,0.019527435302734375,-0.02413910798500396,0.6,0.0,0.019527435302734375,-0.02413910798500396,goal_capture,TERMINAL_SETTLING,NONE,DIRECT_LOCAL,PASS_THROUGH,0,6,0,0,0,0,1,0.6,2.4763581372898953,inf,0.0,0,0,0,CLEAR,none,nan,0.0,0.0,0,0,0,0,0.523099667656525,0,0,1,1,0.0,0.6,"-1.395,22.077;-1.491,21.960;-1.636,21.779;-1.832,21.536;-2.078,21.231;-2.341,20.904;-2.587,20.600;-2.776,20.365;-2.905,20.205;-2.950,20.150",-2.9499999999999997,20.150000000000002,2.0,-2.9499999999999997,20.150000000000002,2.0,-2.9499999999999997,20.150000000000002,2.0,3.37975476043059,0.0,0.0,0,0,4,1,,,0,1,PASS_THROUGH,-1,0.9999152205846992,-0.009978524082737915,0.00836544680112495,0.5027836113445565,0,0.9999272353902905,-0.009129400846643002,0.007885300559382602,2.4764351283349586,0.49528702566699173,0,0,0,BYPASS_VISIBLE,1,0,1,1,1
1787562362271327488,1787562362291293696,joint_v2_000003_c1d41e01,1021,243,0.03333333333333333,8.1,19.96612548828125,frame_id_exact,1,,-1.4069021940231323,22.06282615661621,1.981235146522522,0.015448562046287617,0.011359703061895087,-0.9442873236112552,-0.32856315914012674,-0.36429455876350403,-0.43182191252708435,0.02201010286808014,0.5637040009000793,-0.016884896302225713,0.0402223067167335,2.471557661027986,-0.012156369164586067,depth/001021.png,1.0,0.02171100276684266,0.03160530390287203,-0.9992645981540952,0.5637040009000793,-0.016884896302225713,0.0402223067167335,-0.012156369164586067,0.9999322691743878,-0.008784248553670698,0.0076350534449323906,2.4576522830225107,0.4915304566045021,0.6,0.0,0.018764853477478027,-0.022426282814853593,0.6,0.0,0.018764853477478027,-0.022426282814853593,goal_capture,TERMINAL_SETTLING,NONE,DIRECT_LOCAL,PASS_THROUGH,0,6,0,0,0,0,1,0.6,2.4576522830225107,inf,0.0,0,0,0,CLEAR,none,nan,0.0,0.0,0,0,0,0,0.0,0,0,1,1,0.0,0.6,"-1.395,22.077;-1.491,21.960;-1.636,21.779;-1.832,21.536;-2.078,21.231;-2.341,20.904;-2.587,20.600;-2.776,20.365;-2.905,20.205;-2.950,20.150",-2.9499999999999997,20.150000000000002,2.0,-2.9499999999999997,20.150000000000002,2.0,-2.9499999999999997,20.150000000000002,2.0,3.37975476043059,0.0,0.0,0,0,4,1,,,0,1,PASS_THROUGH,-1,0.9999152205846992,-0.009978524082737915,0.00836544680112495,0.5027836113445565,0,0.9999322691743878,-0.008784248553670698,0.0076350534449323906,2.4577239193961127,0.4915447838792225,0,0,0,BYPASS_VISIBLE,1,0,1,1,1
1787562362320613120,1787562362337683968,joint_v2_000003_c1d41e01,1022,244,0.03333333333333333,8.133333333333333,17.070770263671875,frame_id_exact,1,,-1.4192475080490112,22.048328399658203,1.981917142868042,0.011693417096895193,0.022698885930074436,-0.9441611034196286,-0.32849328054552507,-0.3764464855194092,-0.4392150938510895,0.01863972283899784,0.5763411946500134,-0.02228808601389581,0.04799336376295508,2.4717687340503027,-0.012369495816528797,depth/001022.png,1.0,0.007168076170103401,0.05054522825816318,-0.998696049148263,0.5763411946500134,-0.02228808601389581,0.04799336376295508,-0.012369495816528797,0.9999338927206344,-0.008787939586377972,0.007415005487840045,2.438617211569505,0.48772344231390097,0.6,0.0,0.018082857131958008,-0.020368483837969187,0.6,0.0,0.018082857131958008,-0.020368483837969187,goal_capture,TERMINAL_SETTLING,NONE,DIRECT_LOCAL,PASS_THROUGH,0,6,0,0,0,0,1,0.6,2.438617211569505,inf,0.0,0,0,0,CLEAR,none,nan,0.0,0.0,0,0,0,0,0.0,0,0,1,1,0.0,0.6,"-1.395,22.077;-1.491,21.960;-1.636,21.779;-1.832,21.536;-2.078,21.231;-2.341,20.904;-2.587,20.600;-2.776,20.365;-2.905,20.205;-2.950,20.150",-2.9499999999999997,20.150000000000002,2.0,-2.9499999999999997,20.150000000000002,2.0,-2.9499999999999997,20.150000000000002,2.0,3.37975476043059,0.0,0.0,0,0,4,1,,,0,1,PASS_THROUGH,-1,0.9999152205846992,-0.009978524082737915,0.00836544680112495,0.5027836113445565,0,0.9999338927206344,-0.008787939586377972,0.007415005487840045,2.4386842547334995,0.4877368509466999,0,0,0,BYPASS_VISIBLE,1,0,1,1,1
1787562362364615424,1787562362381311232,joint_v2_000003_c1d41e01,1023,245,0.03333333333333333,8.166666666666666,16.695737838745117,frame_id_exact,1,,-1.4319851398468018,22.03346824645996,1.9824609756469727,0.0053584059039593415,0.028826283048406565,-0.9440650525154968,-0.3284532074903423,-0.3874010741710663,-0.45319145917892456,0.013872153125703335,0.5939843762360897,-0.02272203747383794,0.04817465489676795,2.47221833376704,-0.01384316198527813,depth/001023.png,1.0,-0.00881880275230579,0.057947744052222305,-0.9982806657835631,0.5939843762360897,-0.02272203747383794,0.04817465489676795,-0.01384316198527813,0.9999332636508608,-0.008994621238067263,0.007250174709747161,2.4190538958586445,0.4838107791717289,0.6,0.0,0.017539024353027344,-0.0412883431933464,0.6,0.0,0.017539024353027344,-0.0412883431933464,goal_capture,TERMINAL_SETTLING,NONE,DIRECT_LOCAL,PASS_THROUGH,0,6,0,0,0,0,1,0.6,2.4190538958586445,inf,0.0,0,0,0,CLEAR,none,nan,0.0,0.0,0,0,0,0,0.5153743303541352,0,0,1,1,0.0,0.6,"-1.432,22.033;-1.535,21.912;-1.687,21.727;-1.885,21.477;-2.133,21.164;-2.396,20.836;-2.631,20.546;-2.808,20.327;-2.924,20.183;-2.950,20.150",-2.9499999999999997,20.150000000000002,2.0,-2.9499999999999997,20.150000000000002,2.0,-2.9499999999999997,20.150000000000002,2.0,3.37975476043059,0.0,0.0,0,0,4,1,,,0,1,PASS_THROUGH,-1,0.9999152205846992,-0.009978524082737915,0.00836544680112495,0.5027836113445565,0,0.9999332636508608,-0.008994621238067263,0.007250174709747161,2.419117477189593,0.48382349543791864,0,0,0,BYPASS_VISIBLE,1,0,1,1,1
1787562362409115904,1787562362425942528,joint_v2_000003_c1d41e01,1024,246,0.03333333333333333,8.2,16.826629638671875,frame_id_exact,1,,-1.4450337886810303,22.018077850341797,1.982837200164795,-0.0020933430168506447,0.028411520465288536,-0.9440777288842398,-0.3284899469460825,-0.3947567641735077,-0.47055092453956604,0.008751795627176762,0.6126745199160364,-0.017959715084034118,0.04043575957284718,2.4724932595903404,-0.016543753445148468,depth/001024.png,1.0,-0.02261835474284842,0.05227008315694496,-0.9983768068397286,0.6126745199160364,-0.017959715084034118,0.04043575957284718,-0.016543753445148468,0.9999333605132946,-0.009060370865622938,0.007154314248548949,2.3988826882841505,0.4797765376568301,0.6,0.0,0.017162799835205078,-0.04046608526700357,0.6,0.0,0.017162799835205078,-0.04046608526700357,goal_capture,TERMINAL_SETTLING,NONE,DIRECT_LOCAL,PASS_THROUGH,0,6,0,0,0,0,1,0.6,2.3988826882841505,inf,0.0,0,0,0,CLEAR,none,nan,0.0,0.0,0,0,0,0,0.0,0,0,1,1,0.0,0.6,"-1.432,22.033;-1.535,21.912;-1.687,21.727;-1.885,21.477;-2.133,21.164;-2.396,20.836;-2.631,20.546;-2.808,20.327;-2.924,20.183;-2.950,20.150",-2.9499999999999997,20.150000000000002,2.0,-2.9499999999999997,20.150000000000002,2.0,-2.9499999999999997,20.150000000000002,2.0,3.37975476043059,0.0,0.0,0,0,4,1,,,1,1,PASS_THROUGH,-1,0.9999589518964437,-0.009060602748497798,0.0,0.4797765376568301,0,0.9999333605132946,-0.009060370865622938,0.007154314248548949,2.398944083101475,0.47978881662029504,0,0,0,BYPASS_VISIBLE,1,0,1,1,1
1787562362458585600,1787562362474324736,joint_v2_000003_c1d41e01,1025,247,0.03333333333333333,8.233333333333333,15.739202499389648,frame_id_exact,1,,-1.4582443237304688,22.002103805541992,1.9830546379089355,-0.008955504350546432,0.021630969592939142,-0.9441739673509005,-0.3286143932836134,-0.39693358540534973,-0.48740771412849426,0.004533833358436823,0.6279915708711283,-0.009017054558671423,0.026237116867727124,2.4722743204035798,-0.019821176305413246,depth/001025.png,1.0,-0.031127604042407324,0.034960981499016934,-0.9989038001925934,0.6279915708711283,-0.009017054558671423,0.026237116867727124,-0.019821176305413246,0.9999365101673252,-0.008729637404496778,0.007125241411820793,2.3781554836018373,0.47563109672036746,0.6,0.0,0.016945362091064453,-0.03490171286107513,0.6,0.0,0.016945362091064453,-0.03490171286107513,goal_capture,TERMINAL_SETTLING,NONE,DIRECT_LOCAL,PASS_THROUGH,0,6,0,0,0,0,1,0.6,2.3781554836018373,inf,0.0,0,0,0,CLEAR,none,nan,0.0,0.0,0,0,0,0,0.0,0,0,1,1,0.0,0.6,"-1.432,22.033;-1.535,21.912;-1.687,21.727;-1.885,21.477;-2.133,21.164;-2.396,20.836;-2.631,20.546;-2.808,20.327;-2.924,20.183;-2.950,20.150",-2.9499999999999997,20.150000000000002,2.0,-2.9499999999999997,20.150000000000002,2.0,-2.9499999999999997,20.150000000000002,2.0,3.37975476043059,0.0,0.0,0,0,4,1,,,0,1,PASS_THROUGH,-1,0.9999333605132946,-0.009060370865622938,0.007154314248548949,0.4797765376568301,0,0.9999365101673252,-0.008729637404496778,0.007125241411820793,2.378215854265942,0.4756431708531884,0,0,0,BYPASS_VISIBLE,1,0,1,1,1
1787562362500171776,1787562362519031296,joint_v2_000003_c1d41e01,1026,248,0.03333333333333333,8.266666666666667,18.8596248626709,frame_id_exact,1,,-1.471433162689209,21.985628128051758,1.9831615686416626,-0.013678445915645298,0.010102545731258758,-0.944250079277187,-0.32878963863252575,-0.39349499344825745,-0.5000096559524536,0.002233143663033843,0.6362177411426916,0.0019828637161006784,0.008718196598470056,2.4716124858977775,-0.022513968870043755,depth/001026.png,1.0,-0.03247497200097184,0.010083996635965847,-0.9994216773741612,0.6362177411426916,0.0019828637161006784,0.008718196598470056,-0.022513968870043755,0.9999417201513747,-0.008094704824186035,0.007143672341252901,2.3570512334037264,0.47141024668074527,0.6,0.0,0.016838431358337402,-0.013326340741051101,0.6,0.0,0.016838431358337402,-0.013326340741051101,goal_capture,TERMINAL_SETTLING,NONE,DIRECT_LOCAL,PASS_THROUGH,0,6,0,0,0,0,1,0.6,2.3570512334037264,inf,0.0,0,0,0,CLEAR,none,nan,0.0,0.0,0,0,0,0,0.463809322901712,0,0,1,1,0.0,0.6,"-1.471,21.986;-1.575,21.854;-1.730,21.661;-1.936,21.407;-2.190,21.094;-2.453,20.767;-2.675,20.491;-2.839,20.288;-2.940,20.162;-2.950,20.150",-2.9499999999999997,20.150000000000002,2.0,-2.9499999999999997,20.150000000000002,2.0,-2.9499999999999997,20.150000000000002,2.0,3.37975476043059,0.0,0.0,0,0,4,1,,,0,1,PASS_THROUGH,-1,0.9999333605132946,-0.009060370865622938,0.007154314248548949,0.4797765376568301,0,0.9999417201513747,-0.008094704824186035,0.007143672341252901,2.3571113782892477,0.47142227565784955,0,0,0,BYPASS_VISIBLE,1,0,1,1,1
1787562362555579648,1787562362571156480,joint_v2_000003_c1d41e01,1027,249,0.03333333333333333,8.3,15.576839447021484,frame_id_exact,1,,-1.484423041343689,21.96884536743164,1.9832308292388916,-0.015218162296374939,-0.0035078477810399056,-0.9442132226726675,-0.32896427263513267,-0.3852510154247284,-0.5055384635925293,0.0022613496985286474,0.6354337995407697,0.012356477826670398,-0.007987528819257102,2.4708744971114247,-0.02357766591012478,depth/001027.png,1.0,-0.026430466942422612,-0.016636775897302475,-0.9995122050805325,0.6354337995407697,0.012356477826670398,-0.007987528819257102,-0.02357766591012478,0.999945857853367,-0.007532899556170788,0.0071789126036380674,2.335832676450052,0.4671665352900104,0.6,0.0,0.0167691707611084,-0.013005313173897193,0.6,0.0,0.0167691707611084,-0.013005313173897193,goal_capture,TERMINAL_SETTLING,NONE,DIRECT_LOCAL,PASS_THROUGH,0,6,0,0,0,0,1,0.6,2.335832676450052,inf,0.0,0,0,0,CLEAR,none,nan,0.0,0.0,0,0,0,0,0.0,0,0,1,1,0.0,0.6,"-1.471,21.986;-1.575,21.854;-1.730,21.661;-1.936,21.407;-2.190,21.094;-2.453,20.767;-2.675,20.491;-2.839,20.288;-2.940,20.162;-2.950,20.150",-2.9499999999999997,20.150000000000002,2.0,-2.9499999999999997,20.150000000000002,2.0,-2.9499999999999997,20.150000000000002,2.0,3.3796719811380598,0.0,0.0,0,0,4,1,,,0,1,PASS_THROUGH,-1,0.9999333605132946,-0.009060370865622938,0.007154314248548949,0.4797765376568301,0,0.999945857853367,-0.007532899556170788,0.0071789126036380674,2.335892869431265,0.467178573886253,0,0,0,BYPASS_VISIBLE,1,0,1,1,1
1787562362604115968,1787562362622089472,joint_v2_000003_c1d41e01,1028,250,0.03333333333333333,8.333333333333334,17.97342300415039,frame_id_exact,1,,-1.4970836639404297,21.95201301574707,1.9833366870880127,-0.013261127382984291,-0.016107142880752733,-0.9440616619548574,-0.3291083117695209,-0.37410834431648254,-0.5027575492858887,0.004347572103142738,0.6260672271396591,0.0196283766749199,-0.019891253483151614,2.470439951950242,-0.023423928767442703,depth/001028.png,1.0,-0.01443665471132046,-0.0391409666450446,-0.9991294048975026,0.6260672271396591,0.0196283766749199,-0.019891253483151614,-0.023423928767442703,0.9999466953280187,-0.007401931504339855,0.007198465987955894,2.314782233496406,0.46295644669928115,0.6,0.0,0.016663312911987305,-0.016336087171526792,0.6,0.0,0.016663312911987305,-0.016336087171526792,goal_capture,TERMINAL_SETTLING,NONE,DIRECT_LOCAL,PASS_THROUGH,0,6,0,0,0,0,1,0.6,2.314782233496406,inf,0.0,0,0,0,CLEAR,none,nan,0.0,0.0,0,0,0,0,0.0,0,0,1,1,0.0,0.6,"-1.471,21.986;-1.575,21.854;-1.730,21.661;-1.936,21.407;-2.190,21.094;-2.453,20.767;-2.675,20.491;-2.839,20.288;-2.940,20.162;-2.950,20.150",-2.9499999999999997,20.150000000000002,2.0,-2.9499999999999997,20.150000000000002,2.0,-2.9499999999999997,20.150000000000002,2.0,3.3791782720408583,0.0,0.0,0,0,4,1,,,0,1,PASS_THROUGH,-1,0.9999333605132946,-0.009060370865622938,0.007154314248548949,0.4797765376568301,0,0.9999466953280187,-0.007401931504339855,0.007198465987955894,2.314842209418994,0.4629684418837988,0,0,0,BYPASS_VISIBLE,1,0,1,1,1
1787562362650641408,1787562362666264576,joint_v2_000003_c1d41e01,1029,251,0.03333333333333333,8.366666666666667,15.623092651367188,frame_id_exact,1,,-1.5093601942062378,21.935413360595703,1.9835363626480103,-0.008281962099802706,-0.024879803148068615,-0.9438819558210811,-0.3292404257901229,-0.36265629529953003,-0.4923359751701355,0.007734611164778471,0.6106458627480575,0.02222617510594206,-0.024325966081927983,2.4703743286068307,-0.023201994597911835,depth/001029.png,1.0,0.0007484847944934092,-0.052420707967918395,-0.9986248089981816,0.6106458627480575,0.02222617510594206,-0.024325966081927983,-0.023201994597911835,0.9999445119893626,-0.007712049032204277,0.0071761578912603145,2.2941542925947944,0.4588308585189589,0.6,0.0,0.016463637351989746,0.010145262379914755,0.6,0.0,0.016463637351989746,0.010145262379914755,goal_capture,TERMINAL_SETTLING,NONE,DIRECT_LOCAL,PASS_THROUGH,0,6,0,0,0,0,1,0.6,2.2941542925947944,inf,0.0,0,0,0,CLEAR,none,nan,0.0,0.0,0,0,0,0,0.44188361939314036,0,0,1,1,0.0,0.6,"-1.509,21.935;-1.606,21.805;-1.756,21.615;-1.962,21.367;-2.218,21.058;-2.479,20.735;-2.695,20.467;-2.852,20.271;-2.947,20.154;-2.950,20.150",-2.9499999999999997,20.150000000000002,2.0,-2.9499999999999997,20.150000000000002,2.0,-2.9499999999999997,20.150000000000002,2.0,3.378794008427633,0.0,0.0,0,0,4,1,,,0,1,PASS_THROUGH,-1,0.9999333605132946,-0.009060370865622938,0.007154314248548949,0.4797765376568301,0,0.9999445119893626,-0.007712049032204277,0.0071761578912603145,2.2942133661858874,0.4588426732371775,0,0,0,BYPASS_VISIBLE,1,0,1,1,1
1787562362694516736,1787562362710316800,joint_v2_000003_c1d41e01,1030,252,0.03333333333333333,8.4,15.800237655639648,frame_id_exact,1,,-1.5212873220443726,21.919254302978516,1.98385751247406,-0.0014313471524293022,-0.02791085823593545,-0.9437800940158911,-0.3293904512538555,-0.3535563349723816,-0.47671225666999817,0.011507872492074966,0.5929353176352009,0.01977719743558842,-0.020631537757435446,2.4704251086440667,-0.0218510664999485,depth/001030.png,1.0,0.015685386478256125,-0.05362636898882995,-0.9984378704757255,0.5929353176352009,0.01977719743558842,-0.020631537757435446,-0.0218510664999485,0.9999416498003251,-0.00814319729840694,0.007098262629924109,2.274088983474289,0.4548177966948578,0.6,0.0,0.01614248752593994,0.007307037887347434,0.6,0.0,0.01614248752593994,0.007307037887347434,goal_capture,TERMINAL_SETTLING,NONE,DIRECT_LOCAL,PASS_THROUGH,0,6,0,0,0,0,1,0.6,2.274088983474289,inf,0.0,0,0,0,CLEAR,none,nan,0.0,0.0,0,0,0,0,0.0,0,0,1,1,0.0,0.6,"-1.509,21.935;-1.606,21.805;-1.756,21.615;-1.962,21.367;-2.218,21.058;-2.479,20.735;-2.695,20.467;-2.852,20.271;-2.947,20.154;-2.950,20.150",-2.9499999999999997,20.150000000000002,2.0,-2.9499999999999997,20.150000000000002,2.0,-2.9499999999999997,20.150000000000002,2.0,3.3786719036034865,0.0,0.0,0,0,4,1,,,1,1,PASS_THROUGH,-1,0.9999668419484997,-0.008143402455010808,0.0,0.4548177966948578,0,0.9999416498003251,-0.00814319729840694,0.007098262629924109,2.2741462760039535,0.4548292552007907,0,0,0,BYPASS_VISIBLE,1,0,1,1,1
1787562362743364864,1787562362759869184,joint_v2_000003_c1d41e01,1031,253,0.03333333333333333,8.433333333333334,16.504287719726562,frame_id_exact,1,,-1.5329804420471191,21.90365219116211,1.9842990636825562,0.005731192237986884,-0.024596872046102062,-0.9438019259713133,-0.3295452500855057,-0.3488996624946594,-0.45950424671173096,0.014867487363517284,0.5769096889196006,0.013011650178404123,-0.010103326473556285,2.470303159001484,-0.018953314051032066,depth/001031.png,1.0,0.027029785244155502,-0.04265177606125117,-0.9987242946421578,0.5769096889196006,0.013011650178404123,-0.010103326473556285,-0.018953314051032066,0.99994102457602,-0.008333859577861655,0.006963774436015548,2.254604274631945,0.45092085492638895,0.6,0.0,0.015700936317443848,-0.0019313410480714666,0.6,0.0,0.015700936317443848,-0.0019313410480714666,goal_capture,TERMINAL_SETTLING,NONE,DIRECT_LOCAL,PASS_THROUGH,0,6,0,0,0,0,1,0.6,2.254604274631945,inf,0.0,0,0,0,CLEAR,none,nan,0.0,0.0,0,0,0,0,0.0,0,0,1,1,0.0,0.6,"-1.509,21.935;-1.606,21.805;-1.756,21.615;-1.962,21.367;-2.218,21.058;-2.479,20.735;-2.695,20.467;-2.852,20.271;-2.947,20.154;-2.950,20.150",-2.9499999999999997,20.150000000000002,2.0,-2.9499999999999997,20.150000000000002,2.0,-2.9499999999999997,20.150000000000002,2.0,3.3786719036034865,0.0,0.0,0,0,4,1,,,0,1,PASS_THROUGH,-1,0.9999416498003251,-0.00814319729840694,0.007098262629924109,0.4548177966948578,0,0.99994102457602,-0.008333859577861655,0.006963774436015548,2.2546589441842158,0.45093178883684315,0,0,0,BYPASS_VISIBLE,1,0,1,1,1
1787562362786840320,1787562362803514624,joint_v2_000003_c1d41e01,1032,254,0.03333333333333333,8.466666666666667,16.674280166625977,frame_id_exact,1,,-1.5446085929870605,21.888595581054688,1.9848363399505615,0.011591097597643289,-0.015762729997216392,-0.9438941096979196,-0.32966815508491043,-0.34971827268600464,-0.4446330666542053,0.017175784334540367,0.5659182731073231,0.0034976608064396456,0.004551517595352869,2.469912006009807,-0.015602507628500462,depth/001032.png,1.0,0.03227447772926622,-0.022114264473414115,-0.9992343655990336,0.5659182731073231,0.0034976608064396456,0.004551517595352869,-0.015602507628500462,0.9999439476598372,-0.008129972880020356,0.006782704433405087,2.235584845486453,0.4471169690972906,0.6,0.0,0.015163660049438477,-0.009748371862592364,0.6,0.0,0.015163660049438477,-0.009748371862592364,goal_capture,TERMINAL_SETTLING,NONE,DIRECT_LOCAL,PASS_THROUGH,0,6,0,0,0,0,1,0.6,2.235584845486453,inf,0.0,0,0,0,CLEAR,none,nan,0.0,0.0,0,0,0,0,0.4658289807757018,0,0,1,1,0.0,0.6,"-1.545,21.889;-1.639,21.768;-1.775,21.599;-1.913,21.428;-2.052,21.258;-2.192,21.088;-2.330,20.917;-2.469,20.746;-2.607,20.575;-2.745,20.403;-2.879,20.238;-2.950,20.150",-2.9499999999999997,20.150000000000002,2.0,-2.9499999999999997,20.150000000000002,2.0,-2.9499999999999997,20.150000000000002,2.0,3.3786719036034865,0.0,0.0,0,0,4,1,,,0,1,PASS_THROUGH,-1,0.9999416498003251,-0.00814319729840694,0.007098262629924109,0.4548177966948578,0,0.9999439476598372,-0.008129972880020356,0.006782704433405087,2.235636271390045,0.44712725427800903,0,0,0,BYPASS_VISIBLE,1,0,1,1,1
1787562362834062848,1787562362850126848,joint_v2_000003_c1d41e01,1033,255,0.03333333333333333,8.5,16.063928604125977,frame_id_exact,1,,-1.5563535690307617,21.873947143554688,1.985425591468811,0.014834837687880518,-0.0034533726421206285,-0.9439540407241805,-0.3297252959793365,-0.35576656460762024,-0.43540534377098083,0.017941568046808243,0.5621608990189453,-0.006718305464090423,0.019988740003178032,2.469436998234481,-0.012815630994737148,depth/001033.png,1.0,0.030284138591024686,0.0032631923755714254,-0.9995360036163378,0.5621608990189453,-0.006718305464090423,0.019988740003178032,-0.012815630994737148,0.9999488295444162,-0.0076887021977885455,0.00657435557797246,2.2168094479056277,0.44336188958112555,0.6,0.0,0.014574408531188965,-0.008540526872935494,0.6,0.0,0.014574408531188965,-0.008540526872935494,goal_capture,TERMINAL_SETTLING,NONE,DIRECT_LOCAL,PASS_THROUGH,0,6,0,0,0,0,1,0.6,2.2168094479056277,inf,0.0,0,0,0,CLEAR,none,nan,0.0,0.0,0,0,0,0,0.0,0,0,1,1,0.0,0.6,"-1.545,21.889;-1.639,21.768;-1.775,21.599;-1.913,21.428;-2.052,21.258;-2.192,21.088;-2.330,20.917;-2.469,20.746;-2.607,20.575;-2.745,20.403;-2.879,20.238;-2.950,20.150",-2.9499999999999997,20.150000000000002,2.0,-2.9499999999999997,20.150000000000002,2.0,-2.9499999999999997,20.150000000000002,2.0,3.3786719036034865,0.0,0.0,0,0,4,1,,,0,1,PASS_THROUGH,-1,0.9999416498003251,-0.00814319729840694,0.007098262629924109,0.4548177966948578,0,0.9999488295444162,-0.0076887021977885455,0.00657435557797246,2.2168573570953294,0.44337147141906585,0,0,0,BYPASS_VISIBLE,1,0,1,1,1
1787562362878370304,1787562362895066368,joint_v2_000003_c1d41e01,1034,256,0.03333333333333333,8.533333333333333,16.69597625732422,frame_id_exact,1,,-1.5683687925338745,21.85948371887207,1.9860106706619263,0.014740398951593833,0.009530635038504624,-0.9439190531624273,-0.329710037322884,-0.36561083793640137,-0.43377885222435,0.016867443919181824,0.5663893155086455,-0.015475593525491115,0.03291712928979131,2.4691935170788497,-0.01099507138133049,depth/001034.png,1.0,0.021542794774737483,0.02771241098013228,-0.9993837752690213,0.5663893155086455,-0.015475593525491115,0.03291712928979131,-0.01099507138133049,0.9999528742271667,-0.007330994818735778,0.006364419831832927,2.198008047877209,0.4396016095754418,0.6,0.0,0.01398932933807373,-0.008999651946215437,0.6,0.0,0.01398932933807373,-0.008999651946215437,goal_capture,TERMINAL_SETTLING,NONE,DIRECT_LOCAL,PASS_THROUGH,0,6,0,0,0,0,1,0.6,2.198008047877209,inf,0.0,0,0,0,CLEAR,none,nan,0.0,0.0,0,0,0,0,0.0,0,0,1,1,0.0,0.6,"-1.545,21.889;-1.639,21.768;-1.775,21.599;-1.913,21.428;-2.052,21.258;-2.192,21.088;-2.330,20.917;-2.469,20.746;-2.607,20.575;-2.745,20.403;-2.879,20.238;-2.950,20.150",-2.9499999999999997,20.150000000000002,2.0,-2.9499999999999997,20.150000000000002,2.0,-2.9499999999999997,20.150000000000002,2.0,3.3786719036034865,0.0,0.0,0,0,4,1,,,0,1,PASS_THROUGH,-1,0.9999416498003251,-0.00814319729840694,0.007098262629924109,0.4548177966948578,0,0.9999528742271667,-0.007330994818735778,0.006364419831832927,2.198052565310554,0.4396105130621108,0,0,0,BYPASS_VISIBLE,1,0,1,1,1
1787562362927527936,1787562362944123392,joint_v2_000003_c1d41e01,1035,257,0.03333333333333333,8.566666666666666,16.59560203552246,frame_id_exact,1,,-1.5807445049285889,21.844942092895508,1.986528754234314,0.011343313901626944,0.020255526460193126,-0.9438174858663447,-0.32965071856509265,-0.3769897520542145,-0.4399663805961609,0.013982867822051048,0.5777566995586173,-0.020869664671361067,0.040606194268260926,2.469352932300859,-0.010232944041490555,depth/001035.png,1.0,0.008057538311018776,0.04571370327427885,-0.9989220857550991,0.5777566995586173,-0.020869664671361067,0.040606194268260926,-0.010232944041490555,0.9999544754188077,-0.007268067592541086,0.00618241727542271,2.1789192984257704,0.4357838596851541,0.6,0.0,0.013471245765686035,-0.03336275445326553,0.6,0.0,0.013471245765686035,-0.03336275445326553,goal_capture,TERMINAL_SETTLING,NONE,DIRECT_LOCAL,PASS_THROUGH,0,6,0,0,0,0,1,0.6,2.1789192984257704,inf,0.0,0,0,0,CLEAR,none,nan,0.0,0.0,0,0,0,0,0.4164412235411616,0,0,1,1,0.0,0.6,"-1.581,21.845;-1.682,21.726;-1.831,21.544;-2.027,21.296;-2.274,20.986;-2.529,20.671;-2.733,20.418;-2.878,20.239;-2.950,20.150",-2.9499999999999997,20.150000000000002,2.0,-2.9499999999999997,20.150000000000002,2.0,-2.9499999999999997,20.150000000000002,2.0,3.3786719036034865,0.0,0.0,0,0,4,1,,,0,1,PASS_THROUGH,-1,0.9999416498003251,-0.00814319729840694,0.007098262629924109,0.4548177966948578,0,0.9999544754188077,-0.007268067592541086,0.00618241727542271,2.178960941254967,0.43579218825099336,0,0,0,BYPASS_VISIBLE,1,0,1,1,1
1787562362972098304,1787562362987665920,joint_v2_000003_c1d41e01,1036,258,0.03333333333333333,8.6,15.567541122436523,frame_id_exact,1,,-1.593489646911621,21.8300838470459,1.9869266748428345,0.005433471540030373,0.026317201004483436,-0.9437370021706536,-0.3296033268221987,-0.38734668493270874,-0.4524462819099426,0.009778042323887348,0.5938572488618575,-0.021627517883064266,0.04131005808058991,2.4697626335885037,-0.011481434106826782,depth/001036.png,1.0,-0.007092937722316842,0.05325481335456291,-0.9985557646366265,0.5938572488618575,-0.021627517883064266,0.04131005808058991,-0.011481434106826782,0.9999542147594462,-0.007410493245536903,0.006054170023804143,2.1593522341527556,0.4318704468305511,0.6,0.0,0.013073325157165527,-0.032413172378280564,0.6,0.0,0.013073325157165527,-0.032413172378280564,goal_capture,TERMINAL_SETTLING,NONE,DIRECT_LOCAL,PASS_THROUGH,0,6,0,0,0,0,1,0.6,2.1593522341527556,inf,0.0,0,0,0,CLEAR,none,nan,0.0,0.0,0,0,0,0,0.0,0,0,1,1,0.0,0.6,"-1.581,21.845;-1.682,21.726;-1.831,21.544;-2.027,21.296;-2.274,20.986;-2.529,20.671;-2.733,20.418;-2.878,20.239;-2.950,20.150",-2.9499999999999997,20.150000000000002,2.0,-2.9499999999999997,20.150000000000002,2.0,-2.9499999999999997,20.150000000000002,2.0,3.3786719036034865,0.0,0.0,0,0,4,1,,,1,1,PASS_THROUGH,-1,0.9999725409114846,-0.007410629057581061,0.0,0.4318704468305511,0,0.9999542147594462,-0.007410493245536903,0.006054170023804143,2.159391808582028,0.4318783617164056,0,0,0,BYPASS_VISIBLE,1,0,1,1,1
1787562363019220736,1787562363035918848,joint_v2_000003_c1d41e01,1037,259,0.03333333333333333,8.633333333333333,16.698122024536133,frame_id_exact,1,,-1.6065303087234497,21.814741134643555,1.9871755838394165,-0.0016257308214907425,0.026392821280957407,-0.9437411942873005,-0.32962605204884404,-0.3944000005722046,-0.4683501124382019,0.005197081249207258,0.6110837728609634,-0.01744844801318344,0.03467523804797983,2.4700327709725247,-0.01424339134246111,depth/001037.png,1.0,-0.020468061256672103,0.048744218887839814,-0.998601551968255,0.6110837728609634,-0.01744844801318344,0.03467523804797983,-0.01424339134246111,0.9999543297340553,-0.007443182684948536,0.00599478753878023,2.1392227225684124,0.4278445445136825,0.6,0.0,0.012824416160583496,-0.027067599098606898,0.6,0.0,0.012824416160583496,-0.027067599098606898,goal_capture,TERMINAL_SETTLING,NONE,DIRECT_LOCAL,PASS_THROUGH,0,6,0,0,0,0,1,0.6,2.1392227225684124,inf,0.0,0,0,0,CLEAR,none,nan,0.0,0.0,0,0,0,0,0.0,0,0,1,1,0.0,0.6,"-1.581,21.845;-1.682,21.726;-1.831,21.544;-2.027,21.296;-2.274,20.986;-2.529,20.671;-2.733,20.418;-2.878,20.239;-2.950,20.150",-2.9499999999999997,20.150000000000002,2.0,-2.9499999999999997,20.150000000000002,2.0,-2.9499999999999997,20.150000000000002,2.0,3.3786719036034865,0.0,0.0,0,0,4,1,,,0,1,PASS_THROUGH,-1,0.9999542147594462,-0.007410493245536903,0.006054170023804143,0.4318704468305511,0,0.9999543297340553,-0.007443182684948536,0.00599478753878023,2.139261162738872,0.4278522325477744,0,0,0,BYPASS_VISIBLE,1,0,1,1,1
1787562363062365952,1787562363078934016,joint_v2_000003_c1d41e01,1038,260,0.03333333333333333,8.666666666666666,16.56794548034668,frame_id_exact,1,,-1.6197288036346436,21.79886245727539,1.9872815608978271,-0.008217233600281102,0.02053468162424838,-0.9438173889054177,-0.3297264628784122,-0.3966241180896759,-0.48410484194755554,0.0013718062546104193,0.6253814691194676,-0.009223827893167915,0.021977488046977526,2.4698788892416568,-0.01685626246035099,depth/001038.png,1.0,-0.029052791797881842,0.03334310044587167,-0.9990216078450983,0.6253814691194676,-0.009223827893167915,0.021977488046977526,-0.01685626246035099,0.9999564315751465,-0.00714819716704791,0.00600318488476286,2.1185770835378044,0.42371541670756085,0.5333333334,0.0,0.012718439102172852,-0.023674585399007242,0.5333333334,0.0,0.012718439102172852,-0.023674585399007242,goal_capture,TERMINAL_SETTLING,NONE,DIRECT_LOCAL,PASS_THROUGH,0,6,0,0,0,0,1,0.5333333334,2.1185770835378044,inf,0.0,0,0,0,CLEAR,none,nan,0.0,0.0,0,0,0,0,0.4095723970788297,0,0,1,1,0.0,0.5,"-1.620,21.799;-1.734,21.660;-1.847,21.520;-1.960,21.380;-2.073,21.239;-2.185,21.099;-2.298,20.958;-2.411,20.818;-2.524,20.678;-2.637,20.538;-2.750,20.398;-2.863,20.258;-2.950,20.150",-2.9499999999999997,20.150000000000002,2.0,-2.9499999999999997,20.150000000000002,2.0,-2.9499999999999997,20.150000000000002,2.0,3.3786719036034865,0.0,0.0,0,0,4,1,,,0,1,PASS_THROUGH,-1,0.9999542147594462,-0.007410493245536903,0.006054170023804143,0.4318704468305511,0,0.9999564315751465,-0.00714819716704791,0.00600318488476286,2.1186152594524432,0.42372305189048864,0,0,0,BYPASS_VISIBLE,1,0,1,1,1
1787562363109897728,1787562363127973376,joint_v2_000003_c1d41e01,1039,261,0.03333333333333333,8.7,18.07570457458496,frame_id_exact,1,,-1.6329119205474854,21.782512664794922,1.9872851371765137,-0.013312341512351411,0.008853910442044277,-0.9438979583478835,-0.3298500175231771,-0.3934327960014343,-0.4960271120071411,-0.0008247608784586191,0.6330985822517098,0.0010979382420527467,0.004233288160489106,2.4693368594956864,-0.01885996386408806,depth/001039.png,1.0,-0.03097190897759044,0.00793222381703394,-0.9994887796666856,0.6330985822517098,0.0010979382420527467,0.004233288160489106,-0.01885996386408806,0.999959788315051,-0.006609003011749848,0.0060615866000017105,2.0975744586907332,0.41951489173814666,0.5,0.0,0.012714862823486328,-0.022555532761436847,0.5,0.0,0.012714862823486328,-0.022555532761436847,goal_capture,TERMINAL_SETTLING,NONE,DIRECT_LOCAL,PASS_THROUGH,0,6,0,0,0,0,1,0.5,2.0975744586907332,inf,0.0,0,0,0,CLEAR,none,nan,0.0,0.0,0,0,0,0,0.0,0,0,1,1,0.0,0.5,"-1.620,21.799;-1.734,21.660;-1.847,21.520;-1.960,21.380;-2.073,21.239;-2.185,21.099;-2.298,20.958;-2.411,20.818;-2.524,20.678;-2.637,20.538;-2.750,20.398;-2.863,20.258;-2.950,20.150",-2.9499999999999997,20.150000000000002,2.0,-2.9499999999999997,20.150000000000002,2.0,-2.9499999999999997,20.150000000000002,2.0,3.3786719036034865,0.0,0.0,0,0,4,1,,,0,1,PASS_THROUGH,-1,0.9999542147594462,-0.007410493245536903,0.006054170023804143,0.4318704468305511,0,0.999959788315051,-0.006609003011749848,0.0060615866000017105,2.097612995165777,0.4195225990331554,0,0,0,BYPASS_VISIBLE,1,0,1,1,1
1787562363154628864,1787562363172318976,joint_v2_000003_c1d41e01,1040,262,0.03333333333333333,8.733333333333333,17.690181732177734,frame_id_exact,1,,-1.6458898782730103,21.765888214111328,1.9872541427612305,-0.017252151836425342,-0.010021160038725087,-0.943821016873767,-0.32985425223249687,-0.38415324687957764,-0.4997085630893707,-0.0006708672735840082,0.6299064047695818,0.01100222831723724,-0.0194855684592254,2.468761683429433,-0.01982601173222065,depth/001040.png,1.0,-0.0259548424768795,-0.030297754202819695,-0.9992038792169824,0.6299064047695818,0.01100222831723724,-0.0194855684592254,-0.01982601173222065,0.9999619620286183,-0.0061966621463583425,0.0061380676210239385,2.076486920280182,0.4152973840560364,0.5,0.0,0.012745857238769531,-0.02121882095589278,0.5,0.0,0.012745857238769531,-0.02121882095589278,goal_capture,TERMINAL_SETTLING,NONE,DIRECT_LOCAL,PASS_THROUGH,0,6,0,0,0,0,1,0.5,2.076486920280182,inf,0.0,0,0,0,CLEAR,none,nan,0.0,0.0,0,0,0,0,0.0,0,0,1,1,0.0,0.5,"-1.620,21.799;-1.734,21.660;-1.847,21.520;-1.960,21.380;-2.073,21.239;-2.185,21.099;-2.298,20.958;-2.411,20.818;-2.524,20.678;-2.637,20.538;-2.750,20.398;-2.863,20.258;-2.950,20.150",-2.9499999999999997,20.150000000000002,2.0,-2.9499999999999997,20.150000000000002,2.0,-2.9499999999999997,20.150000000000002,2.0,3.3786719036034865,0.0,0.0,0,0,4,1,,,0,1,PASS_THROUGH,-1,0.9999542147594462,-0.007410493245536903,0.006054170023804143,0.4318704468305511,0,0.9999619620286183,-0.0061966621463583425,0.0061380676210239385,2.0765260381154445,0.41530520762308887,0,0,0,BYPASS_VISIBLE,1,0,1,1,1
1787562363200350464,1787562363218144256,joint_v2_000003_c1d41e01,1041,263,0.03333333333333333,8.766666666666667,17.793655395507812,frame_id_exact,1,,-1.658447504043579,21.74933624267578,1.9872609376907349,-0.019499140131895607,-0.03271508717769454,-0.9433383336024435,-0.32963964409827584,-0.3682103157043457,-0.4909821152687073,0.0012376370141282678,0.6118498015999331,0.01805169189239375,-0.044246610628971415,2.4686734751769803,-0.020371118560433388,depth/001041.png,1.0,-0.015220193329607268,-0.07457817087033101,-0.997099013210145,0.6118498015999331,0.01805169189239375,-0.044246610628971415,-0.020371118560433388,0.9999602452462654,-0.00641155227050774,0.006196767262969291,2.0557198901960203,0.41114397803920405,0.5666666666,0.0,0.012739062309265137,0.0042507028927962764,0.5666666666,0.0,0.012739062309265137,0.0042507028927962764,goal_capture,TERMINAL_SETTLING,NONE,DIRECT_LOCAL,PASS_THROUGH,0,6,0,0,0,0,1,0.5666666666,2.0557198901960203,inf,0.0,0,0,0,CLEAR,none,nan,0.0,0.0,0,0,0,0,0.36736445569316967,0,0,1,1,0.0,0.6,"-1.658,21.749;-1.701,21.692;-1.757,21.620;-1.825,21.532;-1.908,21.429;-2.004,21.313;-2.114,21.181;-2.236,21.034;-2.368,20.871;-2.496,20.713;-2.609,20.573;-2.707,20.451;-2.792,20.346;-2.861,20.260;-2.915,20.194;-2.950,20.150",-2.9499999999999997,20.150000000000002,2.0,-2.9499999999999997,20.150000000000002,2.0,-2.9499999999999997,20.150000000000002,2.0,3.3786719036034865,0.0,0.0,0,0,4,1,,,0,1,PASS_THROUGH,-1,0.9999542147594462,-0.007410493245536903,0.006054170023804143,0.4318704468305511,0,0.9999602452462654,-0.00641155227050774,0.006196767262969291,2.0557593610770835,0.4111518722154167,0,0,0,BYPASS_VISIBLE,1,0,1,1,1
1787562363248258816,1787562363266636288,joint_v2_000003_c1d41e01,1042,264,0.03333333333333333,8.8,18.37754249572754,frame_id_exact,1,,-1.6703771352767944,21.733301162719727,1.987336277961731,-0.01853368354392001,-0.051154594231717254,-0.9426460597044222,-0.3293297985105648,-0.3469594120979309,-0.4689961075782776,0.003221207996830344,0.5799219523151853,0.02061700142020909,-0.0601167798809871,2.469302377437514,-0.02060404047369957,depth/001042.png,1.0,-0.0012479431065274826,-0.10864874191096915,-0.9940794201265644,0.5799219523151853,0.02061700142020909,-0.0601167798809871,-0.02060404047369957,0.9999530484089864,-0.007430058839053899,0.006220546858888654,2.035749799899795,0.40714995997995895,0.6,0.0,0.012663722038269043,-4.260225530128281e-05,0.6,0.0,0.012663722038269043,-4.260225530128281e-05,goal_capture,TERMINAL_SETTLING,NONE,DIRECT_LOCAL,PASS_THROUGH,0,6,0,0,0,0,1,0.6,2.035749799899795,inf,0.0,0,0,0,CLEAR,none,nan,0.0,0.0,0,0,0,0,0.0,0,0,1,1,0.0,0.6,"-1.658,21.749;-1.701,21.692;-1.757,21.620;-1.825,21.532;-1.908,21.429;-2.004,21.313;-2.114,21.181;-2.236,21.034;-2.368,20.871;-2.496,20.713;-2.609,20.573;-2.707,20.451;-2.792,20.346;-2.861,20.260;-2.915,20.194;-2.950,20.150",-2.9499999999999997,20.150000000000002,2.0,-2.9499999999999997,20.150000000000002,2.0,-2.9499999999999997,20.150000000000002,2.0,3.3786719036034865,0.0,0.0,0,0,4,1,,,1,1,PASS_THROUGH,-1,0.9999723956636836,-0.007430202597044367,0.0,0.40714995997995895,0,0.9999530484089864,-0.007430058839053899,0.006220546858888654,2.0357891879190038,0.40715783758380075,0,0,0,BYPASS_VISIBLE,1,0,1,1,1
1787562363313709056,1787562363331406080,joint_v2_000003_c1d41e01,1043,265,0.03333333333333333,8.833333333333334,17.69709587097168,frame_id_exact,1,,-1.6815667152404785,21.718164443969727,1.9874967336654663,-0.01279926628006456,-0.055930766447695464,-0.9425079275541258,-0.32922140672333605,-0.32477450370788574,-0.43825748562812805,0.00667576165869832,0.5423590462541846,0.018423808799521442,-0.05567670946712024,2.4702095631753447,-0.020695321261882782,depth/001043.png,1.0,0.012700391346375225,-0.1138579664417614,-0.9934158562945307,0.5423590462541846,0.018423808799521442,-0.05567670946712024,-0.020695321261882782,0.9999425932701792,-0.008739715071160318,0.006198995449587741,2.0169439063138825,0.4033887812627765,0.6,0.0,0.012503266334533691,-0.011487653340815918,0.6,0.0,0.012503266334533691,-0.011487653340815918,goal_capture,TERMINAL_SETTLING,NONE,DIRECT_LOCAL,PASS_THROUGH,0,6,0,0,0,0,1,0.6,2.0169439063138825,inf,0.0,0,0,0,CLEAR,none,nan,0.0,0.0,0,0,0,0,0.0,0,0,1,1,0.0,0.6,"-1.658,21.749;-1.701,21.692;-1.757,21.620;-1.825,21.532;-1.908,21.429;-2.004,21.313;-2.114,21.181;-2.236,21.034;-2.368,20.871;-2.496,20.713;-2.609,20.573;-2.707,20.451;-2.792,20.346;-2.861,20.260;-2.915,20.194;-2.950,20.150",-2.9499999999999997,20.150000000000002,2.0,-2.9499999999999997,20.150000000000002,2.0,-2.9499999999999997,20.150000000000002,2.0,3.3786719036034865,0.0,0.0,0,0,4,1,,,0,1,PASS_THROUGH,-1,0.9999530484089864,-0.007430058839053899,0.006220546858888654,0.40714995997995895,0,0.9999425932701792,-0.008739715071160318,0.006198995449587741,2.01698266053175,0.40339653210634996,0,0,0,BYPASS_VISIBLE,1,0,1,1,1
1787562363361730560,1787562363377658112,joint_v2_000003_c1d41e01,1044,266,0.03333333333333333,8.866666666666667,15.927553176879883,frame_id_exact,1,,-1.6920900344848633,21.704082489013672,1.987786889076233,-0.003067896382178089,-0.04456062706095733,-0.9431451517304769,-0.32936630261005484,-0.3080448806285858,-0.4075576066970825,0.010673381388187408,0.5097303690107732,0.012366212925542183,-0.033627370019260555,2.4706474887109025,-0.020527444779872894,depth/001044.png,1.0,0.02356659475638067,-0.0860752021176011,-0.996009877055445,0.5097303690107732,0.012366212925542183,-0.033627370019260555,-0.020527444779872894,0.9999360765159745,-0.009514779329595878,0.006108343159012631,1.999377369082989,0.3998754738165978,0.6,0.0,0.01221311092376709,-0.007643825092533696,0.6,0.0,0.01221311092376709,-0.007643825092533696,goal_capture,TERMINAL_SETTLING,NONE,DIRECT_LOCAL,PASS_THROUGH,0,6,0,0,0,0,1,0.6,1.999377369082989,inf,0.0,0,0,0,CLEAR,none,nan,0.0,0.0,0,0,0,0,0.5451750956676717,0,0,1,1,0.0,0.6,"-1.692,21.704;-1.778,21.591;-1.917,21.417;-2.109,21.184;-2.352,20.889;-2.596,20.588;-2.783,20.357;-2.909,20.200;-2.950,20.150",-2.9499999999999997,20.150000000000002,2.0,-2.9499999999999997,20.150000000000002,2.0,-2.9499999999999997,20.150000000000002,2.0,3.3786719036034865,0.0,0.0,0,0,4,1,,,0,1,PASS_THROUGH,-1,0.9999530484089864,-0.007430058839053899,0.006220546858888654,0.40714995997995895,0,0.9999360765159745,-0.009514779329595878,0.006108343159012631,1.999414670367218,0.3998829340734436,0,0,0,BYPASS_VISIBLE,1,0,1,1,1
1787562363409083648,1787562363426205952,joint_v2_000003_c1d41e01,1045,267,0.03333333333333333,8.9,17.122268676757812,frame_id_exact,1,,-1.7022215127944946,21.69089698791504,1.9881958961486816,0.00813930921623617,-0.020788441195541817,-0.9438880128981868,-0.329510260030328,-0.3018782436847687,-0.38565877079963684,0.013662414625287056,0.489923941247459,0.003878207356596409,-0.0030519466797772257,2.470341819825822,-0.01948942430317402,depth/001045.png,1.0,0.029065202132890447,-0.03387994911000309,-0.999003184716284,0.489923941247459,0.003878207356596409,-0.0030519466797772257,-0.01948942430317402,0.9999378970792384,-0.00942127505485189,0.005953281539700655,1.9827543167267327,0.39655086334534656,0.6,0.0,0.01180410385131836,-0.008222387742757853,0.6,0.0,0.01180410385131836,-0.008222387742757853,goal_capture,TERMINAL_SETTLING,NONE,DIRECT_LOCAL,PASS_THROUGH,0,6,0,0,0,0,1,0.6,1.9827543167267327,inf,0.0,0,0,0,CLEAR,none,nan,0.0,0.0,0,0,0,0,0.0,0,0,1,1,0.0,0.6,"-1.692,21.704;-1.778,21.591;-1.917,21.417;-2.109,21.184;-2.352,20.889;-2.596,20.588;-2.783,20.357;-2.909,20.200;-2.950,20.150",-2.9499999999999997,20.150000000000002,2.0,-2.9499999999999997,20.150000000000002,2.0,-2.9499999999999997,20.150000000000002,2.0,3.3786719036034865,0.0,0.0,0,0,4,1,,,0,1,PASS_THROUGH,-1,0.9999530484089864,-0.007430058839053899,0.006220546858888654,0.40714995997995895,0,0.9999378970792384,-0.00942127505485189,0.005953281539700655,1.9827894536148374,0.3965578907229675,0,0,0,BYPASS_VISIBLE,1,0,1,1,1
1787562363453689856,1787562363469122304,joint_v2_000003_c1d41e01,1046,268,0.03333333333333333,8.933333333333334,15.432596206665039,frame_id_exact,1,,-1.7123568058013916,21.678207397460938,1.988669991493225,0.01803461976866843,0.009091913315537492,-0.943982139946461,-0.3293779122287383,-0.30832961201667786,-0.37842199206352234,0.014287600293755531,0.4874693847077106,-0.005379675176693521,0.028620749702149322,2.469753190636301,-0.017698677256703377,depth/001046.png,1.0,0.028059367072623933,0.02904561839010389,-0.9991841792041246,0.4874693847077106,-0.005379675176693521,0.028620749702149322,-0.017698677256703377,0.9999439018863819,-0.008888176020821393,0.005761371994630778,1.9665143085674355,0.3933028617134871,0.6,0.0,0.011330008506774902,-0.011208913285898348,0.6,0.0,0.011330008506774902,-0.011208913285898348,goal_capture,TERMINAL_SETTLING,NONE,DIRECT_LOCAL,PASS_THROUGH,0,6,0,0,0,0,1,0.6,1.9665143085674355,inf,0.0,0,0,0,CLEAR,none,nan,0.0,0.0,0,0,0,0,0.0,0,0,1,1,0.0,0.6,"-1.692,21.704;-1.778,21.591;-1.917,21.417;-2.109,21.184;-2.352,20.889;-2.596,20.588;-2.783,20.357;-2.909,20.200;-2.950,20.150",-2.9499999999999997,20.150000000000002,2.0,-2.9499999999999997,20.150000000000002,2.0,-2.9499999999999997,20.150000000000002,2.0,3.3786719036034865,0.0,0.0,0,0,4,1,,,0,1,PASS_THROUGH,-1,0.9999530484089864,-0.007430058839053899,0.006220546858888654,0.40714995997995895,0,0.9999439018863819,-0.008888176020821393,0.005761371994630778,1.9665469470351382,0.39330938940702764,0,0,0,BYPASS_VISIBLE,1,0,1,1,1
1787562363500075520,1787562363515738112,joint_v2_000003_c1d41e01,1047,269,0.03333333333333333,8.966666666666667,15.662431716918945,frame_id_exact,1,,-1.7229050397872925,21.665485382080078,1.989099144935608,0.024233093944263692,0.03787507605294652,-0.9432849431022063,-0.32892514633049774,-0.3262041509151459,-0.3878138065338135,0.01066918671131134,0.50367621425845,-0.013647917779639798,0.05519541365144823,2.469646012077897,-0.016396498307585716,depth/001047.png,1.0,0.020801295418822065,0.08739572586250606,-0.995956471543744,0.50367621425845,-0.013647917779639798,0.05519541365144823,-0.016396498307585716,0.9999466736573188,-0.008683336754446516,0.005590125622247895,1.949989226810707,0.38999784536214144,0.6,0.0,0.01090085506439209,-0.027132448853282032,0.6,0.0,0.01090085506439209,-0.027132448853282032,goal_capture,TERMINAL_SETTLING,NONE,DIRECT_LOCAL,PASS_THROUGH,0,6,0,0,0,0,1,0.6,1.949989226810707,inf,0.0,0,0,0,CLEAR,none,nan,0.0,0.0,0,0,0,0,0.49753257458982986,0,0,1,1,0.0,0.6,"-1.723,21.665;-1.762,21.619;-1.814,21.557;-1.877,21.479;-1.953,21.385;-2.041,21.276;-2.141,21.150;-2.254,21.009;-2.381,20.853;-2.507,20.697;-2.619,20.559;-2.716,20.439;-2.799,20.336;-2.867,20.252;-2.919,20.188;-2.950,20.150",-2.9499999999999997,20.150000000000002,2.0,-2.9499999999999997,20.150000000000002,2.0,-2.9499999999999997,20.150000000000002,2.0,3.3786719036034865,0.0,0.0,0,0,4,1,,,0,1,PASS_THROUGH,-1,0.9999530484089864,-0.007430058839053899,0.006220546858888654,0.40714995997995895,0,0.9999466736573188,-0.008683336754446516,0.005590125622247895,1.9500196956233427,0.3900039391246685,0,0,0,BYPASS_VISIBLE,1,0,1,1,1
1787562363544678144,1787562363560370944,joint_v2_000003_c1d41e01,1048,270,0.03333333333333333,9.0,15.692710876464844,frame_id_exact,1,,-1.7341876029968262,21.65219497680664,1.9893202781677246,0.025234835923805134,0.05881780997668521,-0.9423733113017997,-0.32838424205726835,-0.35157278180122375,-0.41175249218940735,0.0017957387026399374,0.5364232205376213,-0.019219833670161744,0.07090477323047403,2.470407610457576,-0.017277251929044724,depth/001048.png,1.0,0.008931587882023286,0.1274301136390543,-0.9918073365708904,0.5364232205376213,-0.019219833670161744,0.07090477323047403,-0.017277251929044724,0.9999420841145978,-0.009235281473312455,0.0055261191322090045,1.9325603568969585,0.3865120713793917,0.6,0.0,0.01067972183227539,-0.027460157353207393,0.6,0.0,0.01067972183227539,-0.027460157353207393,goal_capture,TERMINAL_SETTLING,NONE,DIRECT_LOCAL,PASS_THROUGH,0,6,0,0,0,0,1,0.6,1.9325603568969585,inf,0.0,0,0,0,CLEAR,none,nan,0.0,0.0,0,0,0,0,0.0,0,0,1,1,0.0,0.6,"-1.723,21.665;-1.762,21.619;-1.814,21.557;-1.877,21.479;-1.953,21.385;-2.041,21.276;-2.141,21.150;-2.254,21.009;-2.381,20.853;-2.507,20.697;-2.619,20.559;-2.716,20.439;-2.799,20.336;-2.867,20.252;-2.919,20.188;-2.950,20.150",-2.9499999999999997,20.150000000000002,2.0,-2.9499999999999997,20.150000000000002,2.0,-2.9499999999999997,20.150000000000002,2.0,3.3786719036034865,0.0,0.0,0,0,4,1,,,1,1,PASS_THROUGH,-1,0.999957352576314,-0.009235422490021246,0.0,0.3865120713793917,0,0.9999420841145978,-0.009235281473312455,0.0055261191322090045,1.9325898658298182,0.38651797316596365,0,0,0,BYPASS_VISIBLE,1,0,1,1,1
1787562363594514688,1787562363611465728,joint_v2_000003_c1d41e01,1049,271,0.03333333333333333,9.033333333333333,16.95108413696289,frame_id_exact,1,,-1.7463656663894653,21.637935638427734,1.9891718626022339,0.020796730207499954,0.06710422223223486,-0.9420346223035478,-0.3280781762822623,-0.37895467877388,-0.44496506452560425,-0.011064677499234676,0.5799022517485335,-0.020710803895770843,0.07076316358122423,2.4716763311955456,-0.020167216658592224,depth/001049.png,1.0,-0.004848381929240503,0.14007490792925503,-0.9901290387425666,0.5799022517485335,-0.020710803895770843,0.07076316358122423,-0.020167216658592224,0.9999315108833112,-0.01024514287799283,0.005657790207122293,1.9138150571958144,0.38276301143916286,0.6,0.0,0.010828137397766113,-0.026725752618377285,0.6,0.0,0.010828137397766113,-0.026725752618377285,goal_capture,TERMINAL_SETTLING,NONE,DIRECT_LOCAL,PASS_THROUGH,0,6,0,0,0,0,1,0.6,1.9138150571958144,inf,0.0,0,0,0,CLEAR,none,nan,0.0,0.0,0,0,0,0,0.0,0,0,1,1,0.0,0.6,"-1.723,21.665;-1.762,21.619;-1.814,21.557;-1.877,21.479;-1.953,21.385;-2.041,21.276;-2.141,21.150;-2.254,21.009;-2.381,20.853;-2.507,20.697;-2.619,20.559;-2.716,20.439;-2.799,20.336;-2.867,20.252;-2.919,20.188;-2.950,20.150",-2.9499999999999997,20.150000000000002,2.0,-2.9499999999999997,20.150000000000002,2.0,-2.9499999999999997,20.150000000000002,2.0,3.3786719036034865,0.0,0.0,0,0,4,1,,,0,1,PASS_THROUGH,-1,0.9999420841145978,-0.009235281473312455,0.0055261191322090045,0.3865120713793917,0,0.9999315108833112,-0.01024514287799283,0.005657790207122293,1.913845689105818,0.3827691378211636,0,0,0,BYPASS_VISIBLE,1,0,1,1,1
1787562363637190912,1787562363654091776,joint_v2_000003_c1d41e01,1050,272,0.03333333333333333,9.066666666666666,16.901016235351562,frame_id_exact,1,,-1.7594103813171387,21.62250518798828,1.988574504852295,0.011994399319596442,0.06097720441081491,-0.9425811689217384,-0.32814425931491337,-0.40267887711524963,-0.4804525375366211,-0.024497410282492638,0.6249297989514877,-0.01750351248091175,0.05235852790147194,2.472643543011117,-0.02332785725593567,depth/001050.png,1.0,-0.017407249290603218,0.12282371578356394,-0.9922758298544075,0.6249297989514877,-0.01750351248091175,0.05235852790147194,-0.02332785725593567,0.9999215003813443,-0.010981297738673408,0.006033587249387609,1.893614313625612,0.3787228627251224,0.6,0.0,0.011425495147705078,-0.036917098702322626,0.6,0.0,0.011425495147705078,-0.036917098702322626,goal_capture,TERMINAL_SETTLING,NONE,DIRECT_LOCAL,PASS_THROUGH,0,6,0,0,0,0,1,0.6,1.893614313625612,inf,0.0,0,0,0,CLEAR,none,nan,0.0,0.0,0,0,0,0,0.6292061135127008,0,0,1,1,0.0,0.6,"-1.759,21.623;-1.806,21.567;-1.865,21.496;-1.937,21.409;-2.021,21.305;-2.116,21.186;-2.223,21.051;-2.343,20.900;-2.473,20.739;-2.589,20.596;-2.690,20.471;-2.778,20.363;-2.850,20.274;-2.906,20.204;-2.946,20.155;-2.950,20.150",-2.9499999999999997,20.150000000000002,2.0,-2.9499999999999997,20.150000000000002,2.0,-2.9499999999999997,20.150000000000002,2.0,3.3786719036034865,0.0,0.0,0,0,4,1,,,0,1,PASS_THROUGH,-1,0.9999420841145978,-0.009235281473312455,0.0055261191322090045,0.3865120713793917,0,0.9999215003813443,-0.010981297738673408,0.006033587249387609,1.8936487823002364,0.37872975646004725,0,0,0,BYPASS_VISIBLE,1,0,1,1,1
1787562363684573696,1787562363705244928,joint_v2_000003_c1d41e01,1051,273,0.03333333333333333,9.1,20.671367645263672,frame_id_exact,1,,-1.7731165885925293,21.60595703125,1.9875779151916504,0.0008950831943692467,0.04206267337241855,-0.9435887468248291,-0.3284360016812849,-0.4179627001285553,-0.5109378099441528,-0.034440670162439346,0.6606829708346398,-0.010170742908612768,0.01819318906401695,2.4727212129243967,-0.025882616639137268,depth/001051.png,1.0,-0.025940611665568308,0.07996768560222654,-0.9964598606696807,0.6606829708346398,-0.010170742908612768,0.01819318906401695,-0.025882616639137268,0.999918323657609,-0.010923419809660835,0.0066351272345868935,1.872128585565744,0.37442571711314876,0.6,0.0,0.01242208480834961,-0.03636637396767117,0.6,0.0,0.01242208480834961,-0.03636637396767117,goal_capture,TERMINAL_SETTLING,NONE,DIRECT_LOCAL,PASS_THROUGH,0,6,0,0,0,0,1,0.6,1.8721285855657437,inf,0.0,0,0,0,CLEAR,none,nan,0.0,0.0,0,0,0,0,0.0,0,0,1,1,0.0,0.6,"-1.759,21.623;-1.806,21.567;-1.865,21.496;-1.937,21.409;-2.021,21.305;-2.116,21.186;-2.223,21.051;-2.343,20.900;-2.473,20.739;-2.589,20.596;-2.690,20.471;-2.778,20.363;-2.850,20.274;-2.906,20.204;-2.946,20.155;-2.950,20.150",-2.9499999999999997,20.150000000000002,2.0,-2.9499999999999997,20.150000000000002,2.0,-2.9499999999999997,20.150000000000002,2.0,3.3786719036034865,0.0,0.0,0,0,4,1,,,0,1,PASS_THROUGH,-1,0.9999420841145978,-0.009235281473312455,0.0055261191322090045,0.3865120713793917,0,0.999918323657609,-0.010923419809660835,0.0066351272345868935,1.8721697970759432,0.37443395941518864,0,0,0,BYPASS_VISIBLE,1,0,1,1,1
1787562363745216512,1787562363762876672,joint_v2_000003_c1d41e01,1052,274,0.03333333333333333,9.133333333333333,17.660140991210938,frame_id_exact,1,,-1.7871453762054443,21.58856964111328,1.9863507747650146,-0.009977089099837385,0.01481982656824278,-0.9442751862289235,-0.32867187757079735,-0.4216984510421753,-0.5301039218902588,-0.03811749815940857,0.6780373284431506,-0.0005309818108961484,-0.023617675091503802,2.471994082192065,-0.027567530050873756,depth/001052.png,1.0,-0.0285839557824589,0.021429611770946218,-0.9993616608671623,0.6780373284431506,-0.0005309818108961484,-0.023617675091503802,-0.027567530050873756,0.9999206819332318,-0.010207154677165906,0.00737860661488068,1.849787417086938,0.3699574834173876,0.6,0.0,0.013649225234985352,-0.03113376337866569,0.6,0.0,0.013649225234985352,-0.03113376337866569,goal_capture,TERMINAL_SETTLING,NONE,DIRECT_LOCAL,PASS_THROUGH,0,6,0,0,0,0,1,0.6,1.849787417086938,inf,0.0,0,0,0,CLEAR,none,nan,0.0,0.0,0,0,0,0,0.0,0,0,1,1,0.0,0.6,"-1.759,21.623;-1.806,21.567;-1.865,21.496;-1.937,21.409;-2.021,21.305;-2.116,21.186;-2.223,21.051;-2.343,20.900;-2.473,20.739;-2.589,20.596;-2.690,20.471;-2.778,20.363;-2.850,20.274;-2.906,20.204;-2.946,20.155;-2.950,20.150",-2.9499999999999997,20.150000000000002,2.0,-2.9499999999999997,20.150000000000002,2.0,-2.9499999999999997,20.150000000000002,2.0,3.3786719036034865,0.0,0.0,0,0,4,1,,,0,1,PASS_THROUGH,-1,0.9999420841145978,-0.009235281473312455,0.0055261191322090045,0.3865120713793917,0,0.9999206819332318,-0.010207154677165906,0.00737860661488068,1.8498377739041554,0.3699675547808311,0,0,0,BYPASS_VISIBLE,1,0,1,1,1
1787562363798846976,1787562363815573248,joint_v2_000003_c1d41e01,1053,275,0.03333333333333333,9.166666666666666,16.726255416870117,frame_id_exact,1,,-1.8010920286178589,21.570796966552734,1.9851129055023193,-0.01821510858338202,-0.014585396926411531,-0.9441569623476799,-0.3286686879917167,-0.41313913464546204,-0.5338272452354431,-0.03532801568508148,0.6730596475059789,0.00886126087921016,-0.06177159523815403,2.4711252947713165,-0.028511228039860725,depth/001053.png,1.0,-0.02480831663455405,-0.03951527979280545,-0.9989109520315893,0.6730596475059789,0.00886126087921016,-0.06177159523815403,-0.028511228039860725,0.9999215215455763,-0.009517007456740122,0.008147227690929333,1.8271982779301408,0.36543965558602814,0.6,0.0,0.014887094497680664,-0.01302800178585084,0.6,0.0,0.014887094497680664,-0.01302800178585084,goal_capture,TERMINAL_SETTLING,NONE,DIRECT_LOCAL,PASS_THROUGH,0,6,0,0,0,0,1,0.6,1.8271982779301408,inf,0.0,0,0,0,CLEAR,none,nan,0.0,0.0,0,0,0,0,0.5453106915581781,0,0,1,1,0.0,0.6,"-1.801,21.571;-1.849,21.510;-1.908,21.433;-1.981,21.340;-2.068,21.234;-2.168,21.112;-2.282,20.976;-2.406,20.823;-2.530,20.670;-2.639,20.535;-2.733,20.418;-2.814,20.319;-2.878,20.239;-2.927,20.178;-2.950,20.150",-2.9499999999999997,20.150000000000002,2.0,-2.9499999999999997,20.150000000000002,2.0,-2.9499999999999997,20.150000000000002,2.0,3.3786719036034865,0.0,0.0,0,0,4,1,,,0,1,PASS_THROUGH,-1,0.9999420841145978,-0.009235281473312455,0.0055261191322090045,0.3865120713793917,0,0.9999215215455763,-0.009517007456740122,0.008147227690929333,1.8272589232107899,0.365451784642158,0,0,0,BYPASS_VISIBLE,1,0,1,1,1
1787562363845676800,1787562363862297088,joint_v2_000003_c1d41e01,1054,276,0.03333333333333333,9.2,16.620159149169922,frame_id_exact,1,,-1.8145729303359985,21.553171157836914,1.9840487241744995,-0.022044141510419904,-0.03966130700792163,-0.943421326130307,-0.32847714982023474,-0.394334077835083,-0.5213571786880493,-0.0281477440148592,0.6484096025070053,0.015622496081549123,-0.08617362240049792,2.470798406911881,-0.028747187927365303,depth/001054.png,1.0,-0.015538160266114192,-0.08931663925410263,-0.9958820731029839,0.6484096025070053,0.015622496081549123,-0.08617362240049792,-0.028747187927365303,0.9999156113748573,-0.009522618589683824,0.008836846951300374,1.8050163236688914,0.3610032647337783,0.6,0.0,0.01595127582550049,-0.01439478082112089,0.6,0.0,0.01595127582550049,-0.01439478082112089,goal_capture,TERMINAL_SETTLING,NONE,DIRECT_LOCAL,PASS_THROUGH,0,6,0,0,0,0,1,0.6,1.8050163236688914,inf,0.0,0,0,0,CLEAR,none,nan,0.0,0.0,0,0,0,0,0.0,0,0,1,1,0.0,0.6,"-1.801,21.571;-1.849,21.510;-1.908,21.433;-1.981,21.340;-2.068,21.234;-2.168,21.112;-2.282,20.976;-2.406,20.823;-2.530,20.670;-2.639,20.535;-2.733,20.418;-2.814,20.319;-2.878,20.239;-2.927,20.178;-2.950,20.150",-2.9499999999999997,20.150000000000002,2.0,-2.9499999999999997,20.150000000000002,2.0,-2.9499999999999997,20.150000000000002,2.0,3.3786719036034865,0.0,0.0,0,0,4,1,,,1,1,PASS_THROUGH,-1,0.9999546552986455,-0.009522990421456707,0.0,0.3610032647337783,0,0.9999156113748573,-0.009522618589683824,0.008836846951300374,1.8050868045364528,0.36101736090729053,0,0,0,BYPASS_VISIBLE,1,0,1,1,1
1787562363894374400,1787562363909815040,joint_v2_000003_c1d41e01,1055,277,0.03333333333333333,9.233333333333333,15.440702438354492,frame_id_exact,1,,-1.8273168802261353,21.536190032958984,1.9832581281661987,-0.020710813229684016,-0.05500371773055472,-0.9427375617050122,-0.32831622409145583,-0.3698272407054901,-0.4957948327064514,-0.019295481964945793,0.6117387130329426,0.018317600887332055,-0.0916364130957,2.47117526890465,-0.02885805070400238,depth/001055.png,1.0,-0.002932497297584463,-0.11730753347089427,-0.9930913065023652,0.6117387130329426,0.018317600887332055,-0.0916364130957,-0.02885805070400238,0.9999025612616448,-0.010333822651404033,0.009385099456682049,1.783799370697277,0.3567598741394554,0.6,0.0,0.01674187183380127,-0.02271258557561051,0.6,0.0,0.01674187183380127,-0.02271258557561051,goal_capture,TERMINAL_SETTLING,NONE,DIRECT_LOCAL,PASS_THROUGH,0,6,0,0,0,0,1,0.6,1.7837993706972772,inf,0.0,0,0,0,CLEAR,none,nan,0.0,0.0,0,0,0,0,0.0,0,0,1,1,0.0,0.6,"-1.801,21.571;-1.849,21.510;-1.908,21.433;-1.981,21.340;-2.068,21.234;-2.168,21.112;-2.282,20.976;-2.406,20.823;-2.530,20.670;-2.639,20.535;-2.733,20.418;-2.814,20.319;-2.878,20.239;-2.927,20.178;-2.950,20.150",-2.9499999999999997,20.150000000000002,2.0,-2.9499999999999997,20.150000000000002,2.0,-2.9499999999999997,20.150000000000002,2.0,3.3786719036034865,0.0,0.0,0,0,4,1,,,0,1,PASS_THROUGH,-1,0.9999156113748573,-0.009522618589683824,0.008836846951300374,0.3610032647337783,0,0.9999025612616448,-0.010333822651404033,0.009385099456682049,1.7838779344934175,0.3567755868986835,0,0,0,BYPASS_VISIBLE,1,0,1,1,1
1787562363936138240,1787562363953344512,joint_v2_000003_c1d41e01,1056,278,0.03333333333333333,9.266666666666667,17.206430435180664,frame_id_exact,1,,-1.8392300605773926,21.52019691467285,1.9827617406845093,-0.014640847937744618,-0.05749347587383492,-0.9426786635283968,-0.3283855708339274,-0.345487117767334,-0.4633448123931885,-0.010645111091434956,0.5724116747242661,0.01671352460792261,-0.07892157398043448,2.4717793077717034,-0.029459333047270775,depth/001056.png,1.0,0.010156825854360663,-0.11801143241175564,-0.9929602916072172,0.5724116747242661,0.01671352460792261,-0.07892157398043448,-0.029459333047270775,0.9998873109596378,-0.01139578046108917,0.009772490449576387,1.7638734204312674,0.35277468408625345,0.6,0.0,0.017238259315490723,-0.01107138535919372,0.6,0.0,0.017238259315490723,-0.01107138535919372,goal_capture,TERMINAL_SETTLING,NONE,DIRECT_LOCAL,PASS_THROUGH,0,6,0,0,0,0,1,0.6,1.7638734204312674,inf,0.0,0,0,0,CLEAR,none,nan,0.0,0.0,0,0,0,0,0.6529754396873018,0,0,1,1,0.0,0.6,"-1.839,21.520;-1.880,21.466;-1.933,21.396;-1.999,21.311;-2.079,21.211;-2.174,21.098;-2.283,20.970;-2.403,20.826;-2.527,20.673;-2.636,20.538;-2.731,20.420;-2.812,20.321;-2.877,20.240;-2.926,20.179;-2.950,20.150",-2.9499999999999997,20.150000000000002,2.0,-2.9499999999999997,20.150000000000002,2.0,-2.9499999999999997,20.150000000000002,2.0,3.3786719036034865,0.0,0.0,0,0,4,1,,,0,1,PASS_THROUGH,-1,0.9999156113748573,-0.009522618589683824,0.008836846951300374,0.3610032647337783,0,0.9998873109596378,-0.01139578046108917,0.009772490449576387,1.7639576528046603,0.35279153056093204,0,0,0,BYPASS_VISIBLE,1,0,1,1,1
1787562363989735936,1787562364012657664,joint_v2_000003_c1d41e01,1057,279,0.03333333333333333,9.3,22.92180061340332,frame_id_exact,1,,-1.850414752960205,21.505294799804688,1.9825376272201538,-0.005305735602253366,-0.04693384334015366,-0.9432565641102936,-0.32868848136477885,-0.32695743441581726,-0.43163251876831055,-0.002972253132611513,0.53876893204542,0.011505005756211785,-0.05303114341517608,2.4719472269262406,-0.029402589425444603,depth/001057.png,1.0,0.020843887515656752,-0.09202917997430365,-0.9955381270380818,0.53876893204542,0.011505005756211785,-0.05303114341517608,-0.029402589425444603,0.9998783919856711,-0.011962380859776144,0.01000513289838517,1.7452540531066496,0.3490508106213299,0.6,0.0,0.01746237277984619,-0.013926556246479649,0.6,0.0,0.01746237277984619,-0.013926556246479649,goal_capture,TERMINAL_SETTLING,NONE,DIRECT_LOCAL,PASS_THROUGH,0,6,0,0,0,0,1,0.6,1.7452540531066496,inf,0.0,0,0,0,CLEAR,none,nan,0.0,0.0,0,0,0,0,0.0,0,0,1,1,0.0,0.6,"-1.839,21.520;-1.880,21.466;-1.933,21.396;-1.999,21.311;-2.079,21.211;-2.174,21.098;-2.283,20.970;-2.403,20.826;-2.527,20.673;-2.636,20.538;-2.731,20.420;-2.812,20.321;-2.877,20.240;-2.926,20.179;-2.950,20.150",-2.9499999999999997,20.150000000000002,2.0,-2.9499999999999997,20.150000000000002,2.0,-2.9499999999999997,20.150000000000002,2.0,3.3786719036034865,0.0,0.0,0,0,4,1,,,0,1,PASS_THROUGH,-1,0.9999156113748573,-0.009522618589683824,0.008836846951300374,0.3610032647337783,0,0.9998783919856711,-0.011962380859776144,0.01000513289838517,1.7453414119731103,0.34906828239462206,0,0,0,BYPASS_VISIBLE,1,0,1,1,1
1787562364043862272,1787562364061854720,joint_v2_000003_c1d41e01,1058,280,0.03333333333333333,9.333333333333334,17.992258071899414,frame_id_exact,1,,-1.8611384630203247,21.491334915161133,1.9825466871261597,0.005154926524118174,-0.02596452930321504,-0.9439513665865178,-0.3290214088323724,-0.31833207607269287,-0.4078201949596405,0.003263910999521613,0.5169425236154305,0.003907099254972118,-0.020455733724429482,2.47142662172979,-0.027987465262413025,depth/001058.png,1.0,0.026817771896215335,-0.045626343462305596,-0.9985985399011869,0.5169425236154305,0.003907099254972118,-0.020455733724429482,-0.027987465262413025,0.999880378228626,-0.011712520822893674,0.01010178644365342,1.7276570265374018,0.3455314053074804,0.6,0.0,0.017453312873840332,-0.02130755259586614,0.6,0.0,0.017453312873840332,-0.02130755259586614,goal_capture,TERMINAL_SETTLING,NONE,DIRECT_LOCAL,PASS_THROUGH,0,6,0,0,0,0,1,0.6,1.727657026537402,inf,0.0,0,0,0,CLEAR,none,nan,0.0,0.0,0,0,0,0,0.0,0,0,1,1,0.0,0.6,"-1.839,21.520;-1.880,21.466;-1.933,21.396;-1.999,21.311;-2.079,21.211;-2.174,21.098;-2.283,20.970;-2.403,20.826;-2.527,20.673;-2.636,20.538;-2.731,20.420;-2.812,20.321;-2.877,20.240;-2.926,20.179;-2.950,20.150",-2.9499999999999997,20.150000000000002,2.0,-2.9499999999999997,20.150000000000002,2.0,-2.9499999999999997,20.150000000000002,2.0,3.3786719036034865,0.0,0.0,0,0,4,1,,,0,1,PASS_THROUGH,-1,0.9999156113748573,-0.009522618589683824,0.008836846951300374,0.3610032647337783,0,0.999880378228626,-0.011712520822893674,0.01010178644365342,1.7277451836061735,0.3455490367212347,0,0,0,BYPASS_VISIBLE,1,0,1,1,1
1787562364091015680,1787562364108679680,joint_v2_000003_c1d41e01,1059,281,0.03333333333333333,9.366666666666667,17.664194107055664,frame_id_exact,1,,-1.8717671632766724,21.477964401245117,1.982726812362671,0.014403612516230737,0.0006150705831057973,-0.9441648280007898,-0.32915791833237024,-0.32131919264793396,-0.39703646302223206,0.007073648739606142,0.5106401270443383,-0.004581237441149071,0.012636690835255388,2.4705541985947126,-0.02607782371342182,depth/001059.png,1.0,0.02679385796242887,0.010643582247230027,-0.9995843152693201,0.5106401270443383,-0.004581237441149071,0.012636690835255388,-0.02607782371342182,0.999889147805524,-0.010942373654329905,0.010097354086695614,1.710577534390865,0.342115506878173,0.6,0.0,0.0172731876373291,-0.023930473466089452,0.6,0.0,0.0172731876373291,-0.023930473466089452,goal_capture,TERMINAL_SETTLING,NONE,DIRECT_LOCAL,PASS_THROUGH,0,6,0,0,0,0,1,0.6,1.710577534390865,inf,0.0,0,0,0,CLEAR,none,nan,0.0,0.0,0,0,0,0,0.6269963056089054,0,0,1,1,0.0,0.6,"-1.872,21.478;-1.961,21.367;-2.094,21.203;-2.232,21.032;-2.372,20.862;-2.510,20.691;-2.649,20.521;-2.788,20.350;-2.912,20.197;-2.950,20.150",-2.9499999999999997,20.150000000000002,2.0,-2.9499999999999997,20.150000000000002,2.0,-2.9499999999999997,20.150000000000002,2.0,3.3786719036034865,0.0,0.0,0,0,4,1,,,0,1,PASS_THROUGH,-1,0.9999156113748573,-0.009522618589683824,0.008836846951300374,0.3610032647337783,0,0.999889147805524,-0.010942373654329905,0.010097354086695614,1.710664743359693,0.3421329486719386,0,0,0,BYPASS_VISIBLE,1,0,1,1,1
1787562364137900032,1787562364153537536,joint_v2_000003_c1d41e01,1060,282,0.03333333333333333,9.4,15.637397766113281,frame_id_exact,1,,-1.8826789855957031,21.464702606201172,1.9829730987548828,0.020382104175117356,0.02687390433678837,-0.943714748226089,-0.329036224564502,-0.3349408209323883,-0.40131664276123047,0.0069920071400702,0.5210338465636384,-0.012322189358867358,0.04075762299690076,2.4699629039001234,-0.024818135425448418,depth/001060.png,1.0,0.020784808575308705,0.06413550094301046,-0.9977247261901836,0.5210338465636384,-0.012322189358867358,0.04075762299690076,-0.024818135425448418,0.9998965577840994,-0.010285144790285397,0.010054328826530422,1.6934039950765336,0.33868079901530673,0.6,0.0,0.017026901245117188,-0.021871770520784928,0.6,0.0,0.017026901245117188,-0.021871770520784928,goal_capture,TERMINAL_SETTLING,NONE,DIRECT_LOCAL,PASS_THROUGH,0,6,0,0,0,0,1,0.6,1.6934039950765336,inf,0.0,0,0,0,CLEAR,none,nan,0.0,0.0,0,0,0,0,0.0,0,0,1,1,0.0,0.6,"-1.872,21.478;-1.961,21.367;-2.094,21.203;-2.232,21.032;-2.372,20.862;-2.510,20.691;-2.649,20.521;-2.788,20.350;-2.912,20.197;-2.950,20.150",-2.9499999999999997,20.150000000000002,2.0,-2.9499999999999997,20.150000000000002,2.0,-2.9499999999999997,20.150000000000002,2.0,3.3786719036034865,0.0,0.0,0,0,4,1,,,1,1,PASS_THROUGH,-1,0.9999471011517992,-0.010285664689919956,0.0,0.33868079901530673,0,0.9998965577840994,-0.010285144790285397,0.010054328826530422,1.6934895942718915,0.3386979188543783,0,0,0,BYPASS_VISIBLE,1,0,1,1,1
1787562364189537280,1787562364208323328,joint_v2_000003_c1d41e01,1061,283,0.03333333333333333,9.433333333333334,18.785953521728516,frame_id_exact,1,,-1.8941785097122192,21.451059341430664,1.983137845993042,0.021760330573409935,0.046972428787006214,-0.9429778329615374,-0.3288052394508771,-0.35585683584213257,-0.419260174036026,0.0021553614642471075,0.5464770823907751,-0.017707146186482114,0.05888193379069388,2.4700576518578226,-0.024792056530714035,depth/001061.png,1.0,0.010149457347479879,0.1028977396224631,-0.9946401578943711,0.5464770823907751,-0.017707146186482114,0.05888193379069388,-0.024792056530714035,0.9998975083060556,-0.010183698082252668,0.010063060007334453,1.6755639138145395,0.3351127827629079,0.6,0.0,0.016862154006958008,-0.021622890787482696,0.6,0.0,0.016862154006958008,-0.021622890787482696,goal_capture,TERMINAL_SETTLING,NONE,DIRECT_LOCAL,PASS_THROUGH,0,6,0,0,0,0,1,0.6,1.6755639138145395,inf,0.0,0,0,0,CLEAR,none,nan,0.0,0.0,0,0,0,0,0.0,0,0,1,1,0.0,0.6,"-1.872,21.478;-1.961,21.367;-2.094,21.203;-2.232,21.032;-2.372,20.862;-2.510,20.691;-2.649,20.521;-2.788,20.350;-2.912,20.197;-2.950,20.150",-2.9499999999999997,20.150000000000002,2.0,-2.9499999999999997,20.150000000000002,2.0,-2.9499999999999997,20.150000000000002,2.0,3.3786719036034865,0.0,0.0,0,0,4,1,,,0,1,PASS_THROUGH,-1,0.9998965577840994,-0.010285144790285397,0.010054328826530422,0.33868079901530673,0,0.9998975083060556,-0.010183698082252668,0.010063060007334453,1.6756487583963566,0.33512975167927134,0,0,0,BYPASS_VISIBLE,1,0,1,1,1
1787562364242097152,1787562364258753536,joint_v2_000003_c1d41e01,1062,284,0.03333333333333333,9.466666666666667,16.65639877319336,frame_id_exact,1,,-1.906430959701538,21.4366455078125,1.983071208000183,0.01827395833873078,0.056468242828785244,-0.9425674689846729,-0.32870042045955994,-0.3792782425880432,-0.44655659794807434,-0.006576789543032646,0.5822273587704829,-0.019421890957762127,0.06278636383083747,2.47066777008536,-0.02579791657626629,depth/001062.png,1.0,-0.00267339300153082,0.1184635730210826,-0.9929547999969274,0.5822273587704829,-0.019421890957762127,0.06278636383083747,-0.02579791657626629,0.9998923126837486,-0.010533397693311037,0.010218148999665404,1.6566511415031027,0.33133022830062053,0.6,0.0,0.016928791999816895,-0.03289913445835069,0.6,0.0,0.016928791999816895,-0.03289913445835069,goal_capture,TERMINAL_SETTLING,NONE,DIRECT_LOCAL,PASS_THROUGH,0,6,0,0,0,0,1,0.6,1.6566511415031027,inf,0.0,0,0,0,CLEAR,none,nan,0.0,0.0,0,0,0,0,0.6035619037503611,0,0,1,1,0.0,0.6,"-1.906,21.437;-1.951,21.384;-2.008,21.317;-2.077,21.233;-2.158,21.133;-2.250,21.016;-2.355,20.884;-2.473,20.737;-2.589,20.594;-2.691,20.469;-2.778,20.362;-2.850,20.273;-2.907,20.204;-2.946,20.155;-2.950,20.150",-2.9499999999999997,20.150000000000002,2.0,-2.9499999999999997,20.150000000000002,2.0,-2.9499999999999997,20.150000000000002,2.0,3.3786719036034865,0.0,0.0,0,0,4,1,,,0,1,PASS_THROUGH,-1,0.9998965577840994,-0.010285144790285397,0.010054328826530422,0.33868079901530673,0,0.9998923126837486,-0.010533397693311037,0.010218148999665404,1.6567376342203692,0.33134752684407387,0,0,0,BYPASS_VISIBLE,1,0,1,1,1
1787562364288445440,1787562364305002752,joint_v2_000003_c1d41e01,1063,285,0.03333333333333333,9.5,16.55721664428711,frame_id_exact,1,,-1.9194347858428955,21.421247482299805,1.9826838970184326,0.01080260322167774,0.0533941825217106,-0.9428088301574865,-0.3288523602067423,-0.40011876821517944,-0.4771369397640228,-0.01654691994190216,0.6206490139368676,-0.016822381455782295,0.05040136413156963,2.471177955531315,-0.027496328577399254,depth/001063.png,1.0,-0.014748026474977263,0.10778593665266993,-0.9940647300729465,0.6206490139368676,-0.016822381455782295,0.05040136413156963,-0.027496328577399254,0.9998857079347359,-0.010799181190554058,0.010580583796072705,1.6365007857878544,0.3273001571575709,0.6,0.0,0.017316102981567383,-0.03267862845838465,0.6,0.0,0.017316102981567383,-0.03267862845838465,goal_capture,TERMINAL_SETTLING,NONE,DIRECT_LOCAL,PASS_THROUGH,0,6,0,0,0,0,1,0.6,1.6365007857878544,inf,0.0,0,0,0,CLEAR,none,nan,0.0,0.0,0,0,0,0,0.0,0,0,1,1,0.0,0.6,"-1.906,21.437;-1.951,21.384;-2.008,21.317;-2.077,21.233;-2.158,21.133;-2.250,21.016;-2.355,20.884;-2.473,20.737;-2.589,20.594;-2.691,20.469;-2.778,20.362;-2.850,20.273;-2.907,20.204;-2.946,20.155;-2.950,20.150",-2.9499999999999997,20.150000000000002,2.0,-2.9499999999999997,20.150000000000002,2.0,-2.9499999999999997,20.150000000000002,2.0,3.3786719036034865,0.0,0.0,0,0,4,1,,,0,1,PASS_THROUGH,-1,0.9998965577840994,-0.010285144790285397,0.010054328826530422,0.33868079901530673,0,0.9998857079347359,-0.010799181190554058,0.010580583796072705,1.636592395591136,0.3273184791182272,0,0,0,BYPASS_VISIBLE,1,0,1,1,1
1787562364331642624,1787562364348547584,joint_v2_000003_c1d41e01,1064,286,0.03333333333333333,9.533333333333333,16.90506935119629,frame_id_exact,1,,-1.933027744293213,21.404869079589844,1.9819916486740112,0.0011282415646623359,0.038698750022156926,-0.9434698721274088,-0.32918951108075317,-0.41399723291397095,-0.5044634938240051,-0.024374915286898613,0.6525401231413317,-0.010303823625105093,0.023589846675822937,2.4710419880005134,-0.029018571600317955,depth/001064.png,1.0,-0.023349521348978646,0.07376502004789426,-0.9970022676353888,0.6525401231413317,-0.010303823625105093,0.023589846675822937,-0.029018571600317955,0.9998826031867829,-0.010511476435041722,0.011148484541761264,1.615217934455907,0.3230435868911814,0.6,0.0,0.01800835132598877,-0.02773093814670391,0.6,0.0,0.01800835132598877,-0.02773093814670391,goal_capture,TERMINAL_SETTLING,NONE,DIRECT_LOCAL,PASS_THROUGH,0,6,0,0,0,0,1,0.6,1.615217934455907,inf,0.0,0,0,0,CLEAR,none,nan,0.0,0.0,0,0,0,0,0.0,0,0,1,1,0.0,0.6,"-1.906,21.437;-1.951,21.384;-2.008,21.317;-2.077,21.233;-2.158,21.133;-2.250,21.016;-2.355,20.884;-2.473,20.737;-2.589,20.594;-2.691,20.469;-2.778,20.362;-2.850,20.273;-2.907,20.204;-2.946,20.155;-2.950,20.150",-2.9499999999999997,20.150000000000002,2.0,-2.9499999999999997,20.150000000000002,2.0,-2.9499999999999997,20.150000000000002,2.0,3.3786719036034865,0.0,0.0,0,0,4,1,,,0,1,PASS_THROUGH,-1,0.9998965577840994,-0.010285144790285397,0.010054328826530422,0.33868079901530673,0,0.9998826031867829,-0.010511476435041722,0.011148484541761264,1.6153183204884067,0.32306366409768134,0,0,0,BYPASS_VISIBLE,1,0,1,1,1
1787562364379589888,1787562364396245504,joint_v2_000003_c1d41e01,1065,287,0.03333333333333333,9.566666666666666,16.655683517456055,frame_id_exact,1,,-1.946924090385437,21.38771629333496,1.9811129570007324,-0.008519017280846718,0.015920580403950578,-0.9439815823561156,-0.3295037687745228,-0.4179946482181549,-0.5227053761482239,-0.027501674368977547,0.6697536146126497,-0.0014089549105000669,-0.011175367811541131,2.4702479676141746,-0.029482359066605568,depth/001065.png,1.0,-0.026575373314144616,0.024443372762909504,-0.99934792292834,0.6697536146126497,-0.0014089549105000669,-0.011175367811541131,-0.029482359066605568,0.9998824934011247,-0.009719725737999627,0.011854379845782245,1.5931424616888195,0.3186284923377639,0.6,0.0,0.018887042999267578,-0.02270145003373747,0.6,0.0,0.018887042999267578,-0.02270145003373747,goal_capture,TERMINAL_SETTLING,NONE,DIRECT_LOCAL,PASS_THROUGH,0,6,0,0,0,0,1,0.6,1.5931424616888197,inf,0.0,0,0,0,CLEAR,none,nan,0.0,0.0,0,0,0,0,0.5569471673243306,0,0,1,1,0.0,0.6,"-1.947,21.388;-2.056,21.252;-2.194,21.081;-2.333,20.911;-2.472,20.740;-2.610,20.569;-2.749,20.398;-2.882,20.234;-2.950,20.150",-2.9499999999999997,20.150000000000002,2.0,-2.9499999999999997,20.150000000000002,2.0,-2.9499999999999997,20.150000000000002,2.0,3.3786719036034865,0.0,0.0,0,0,4,1,,,0,1,PASS_THROUGH,-1,0.9998965577840994,-0.010285144790285397,0.010054328826530422,0.33868079901530673,0,0.9998824934011247,-0.009719725737999627,0.011854379845782245,1.5932544127129127,0.31865088254258256,0,0,0,BYPASS_VISIBLE,1,0,1,1,1
1787562364425031168,1787562364443913728,joint_v2_000003_c1d41e01,1066,288,0.03333333333333333,9.6,18.88251304626465,frame_id_exact,1,,-1.9607738256454468,21.37016487121582,1.9802204370498657,-0.01597191848490796,-0.009706963066811255,-0.9439252544611896,-0.32962977213581535,-0.41125747561454773,-0.5278593897819519,-0.025326423346996307,0.6681137732334661,0.007571153965701678,-0.0444560231323554,2.4693049330595414,-0.02897052653133869,depth/001066.png,1.0,-0.023753186392512705,-0.028854934867274425,-0.999301345375862,0.6681137732334661,0.007571153965701678,-0.0444560231323554,-0.02897052653133869,0.9998805670053827,-0.008961858897448941,0.012591140142838277,1.5707866618281612,0.31415733236563226,0.6,0.0,0.019779562950134277,-0.0215407306849702,0.6,0.0,0.019779562950134277,-0.0215407306849702,goal_capture,TERMINAL_SETTLING,NONE,DIRECT_LOCAL,PASS_THROUGH,0,6,0,0,0,0,1,0.6,1.5707866618281614,inf,0.0,0,0,0,CLEAR,none,nan,0.0,0.0,0,0,0,0,0.0,0,0,1,1,0.0,0.6,"-1.947,21.388;-2.056,21.252;-2.194,21.081;-2.333,20.911;-2.472,20.740;-2.610,20.569;-2.749,20.398;-2.882,20.234;-2.950,20.150",-2.9499999999999997,20.150000000000002,2.0,-2.9499999999999997,20.150000000000002,2.0,-2.9499999999999997,20.150000000000002,2.0,3.3786719036034865,0.0,0.0,0,0,4,1,,,1,1,PASS_THROUGH,-1,0.9999598353685075,-0.00896256937418872,0.0,0.31415733236563226,0,0.9998805670053827,-0.008961858897448941,0.012591140142838277,1.5709111903884818,0.31418223807769635,0,0,0,BYPASS_VISIBLE,1,0,1,1,1
1787562364483818752,1787562364500562432,joint_v2_000003_c1d41e01,1067,289,0.03333333333333333,9.633333333333333,16.74365997314453,frame_id_exact,1,,-1.974238395690918,21.352684020996094,1.9794721603393555,-0.019593716996704712,-0.032448666981964754,-0.9433668234172189,-0.3295788323619289,-0.39535659551620483,-0.5187735557556152,-0.019186340272426605,0.6488988896299038,0.014382203276036312,-0.06726320456641077,2.468797213889352,-0.028381207957863808,depth/001067.png,1.0,-0.015579337573000552,-0.07413734052860661,-0.9971263405306932,0.6488988896299038,0.014382203276036312,-0.06726320456641077,-0.028381207957863808,0.9998733650326989,-0.008809042572521793,0.013253477549034928,1.5487283695997696,0.3097456739199539,0.6,0.0,0.02052783966064453,-0.02322476887305358,0.6,0.0,0.02052783966064453,-0.02322476887305358,goal_capture,TERMINAL_SETTLING,NONE,DIRECT_LOCAL,PASS_THROUGH,0,6,0,0,0,0,1,0.6,1.5487283695997696,inf,0.0,0,0,0,CLEAR,none,nan,0.0,0.0,0,0,0,0,0.0,0,0,1,1,0.0,0.6,"-1.947,21.388;-2.056,21.252;-2.194,21.081;-2.333,20.911;-2.472,20.740;-2.610,20.569;-2.749,20.398;-2.882,20.234;-2.950,20.150",-2.9499999999999997,20.150000000000002,2.0,-2.9499999999999997,20.150000000000002,2.0,-2.9499999999999997,20.150000000000002,2.0,3.3786719036034865,0.0,0.0,0,0,4,1,,,0,1,PASS_THROUGH,-1,0.9998805670053827,-0.008961858897448941,0.012591140142838277,0.31415733236563226,0,0.9998733650326989,-0.008809042572521793,0.013253477549034928,1.548864408205022,0.3097728816410044,0,0,0,BYPASS_VISIBLE,1,0,1,1,1
1787562364527739392,1787562364543002624,joint_v2_000003_c1d41e01,1068,290,0.03333333333333333,9.666666666666666,15.26331901550293,frame_id_exact,1,,-1.9870703220367432,21.335716247558594,1.97896409034729,-0.018636885879508396,-0.047328118096159444,-0.9427778776631557,-0.3295187234606647,-0.37406930327415466,-0.4976332485675812,-0.011231130920350552,0.6179541396082902,0.017540051216030982,-0.0742822992239898,2.4688992455125582,-0.028529860079288483,depth/001068.png,1.0,-0.003949885313782632,-0.10152221115357217,-0.9948254314443803,0.6179541396082902,0.017540051216030982,-0.0742822992239898,-0.028529860079288483,0.9998611295211802,-0.009385965270957211,0.013770451283891625,1.527467375896077,0.30549347517921543,0.6,0.0,0.02103590965270996,-0.013963396342426826,0.6,0.0,0.02103590965270996,-0.013963396342426826,goal_capture,TERMINAL_SETTLING,NONE,DIRECT_LOCAL,PASS_THROUGH,0,6,0,0,0,0,1,0.6,1.5274673758960773,inf,0.0,0,0,0,CLEAR,none,nan,0.0,0.0,0,0,0,0,0.5378350905079822,0,0,1,1,0.0,0.6,"-1.987,21.336;-2.086,21.205;-2.224,21.033;-2.366,20.865;-2.507,20.696;-2.646,20.525;-2.784,20.354;-2.909,20.200;-2.950,20.150",-2.9499999999999997,20.150000000000002,2.0,-2.9499999999999997,20.150000000000002,2.0,-2.9499999999999997,20.150000000000002,2.0,3.3786719036034865,0.0,0.0,0,0,4,1,,,0,1,PASS_THROUGH,-1,0.9998805670053827,-0.008961858897448941,0.012591140142838277,0.31415733236563226,0,0.9998611295211802,-0.009385965270957211,0.013770451283891625,1.527612219747461,0.30552244394949224,0,0,0,BYPASS_VISIBLE,1,0,1,1,1
1787562364575622912,1787562364593373440,joint_v2_000003_c1d41e01,1069,291,0.03333333333333333,9.7,17.75074005126953,frame_id_exact,1,,-1.9991724491119385,21.31958770751953,1.9787256717681885,-0.013407361525849582,-0.05122282810137779,-0.942627355291067,-0.3296211971266115,-0.3524476885795593,-0.4694822132587433,-0.00319277192465961,0.5831973452437376,0.016629328389182033,-0.06517236747231586,2.4692558876914643,-0.028852446004748344,depth/001069.png,1.0,0.008491968364887973,-0.10540677908038101,-0.9943929290764237,0.5831973452437376,0.016629328389182033,-0.06517236747231586,-0.028852446004748344,0.9998478191517116,-0.010255364835652191,0.014112619517788865,1.507318293230921,0.3014636586461842,0.6,0.0,0.021274328231811523,-0.017859068130041678,0.6,0.0,0.021274328231811523,-0.017859068130041678,goal_capture,TERMINAL_SETTLING,NONE,DIRECT_LOCAL,PASS_THROUGH,0,6,0,0,0,0,1,0.6,1.5073182932309208,inf,0.0,0,0,0,CLEAR,none,nan,0.0,0.0,0,0,0,0,0.0,0,0,1,1,0.0,0.6,"-1.987,21.336;-2.086,21.205;-2.224,21.033;-2.366,20.865;-2.507,20.696;-2.646,20.525;-2.784,20.354;-2.909,20.200;-2.950,20.150",-2.9499999999999997,20.150000000000002,2.0,-2.9499999999999997,20.150000000000002,2.0,-2.9499999999999997,20.150000000000002,2.0,3.3786719036034865,0.0,0.0,0,0,4,1,,,0,1,PASS_THROUGH,-1,0.9998805670053827,-0.008961858897448941,0.012591140142838277,0.31415733236563226,0,0.9998478191517116,-0.010255364835652191,0.014112619517788865,1.5074684189561953,0.3014936837912391,0,0,0,BYPASS_VISIBLE,1,0,1,1,1
1787562364619937536,1787562364635710720,joint_v2_000003_c1d41e01,1070,292,0.03333333333333333,9.733333333333333,15.773296356201172,frame_id_exact,1,,-2.0106189250946045,21.304424285888672,1.978742241859436,-0.005165638193169187,-0.04352021703781663,-0.9429951642670924,-0.3299082100523085,-0.33550506830215454,-0.4408915936946869,0.004015985410660505,0.5521936691986893,0.012144002384640504,-0.04358728356829881,2.469320414076231,-0.028691545128822327,depth/001070.png,1.0,0.018973010135044245,-0.0854870813292034,-0.9961586137820773,0.5521936691986893,0.012144002384640504,-0.04358728356829881,-0.028691545128822327,0.9998399136539985,-0.010778973881160189,0.014281484041736557,1.4883320314163708,0.2976664062832742,0.6,0.0,0.021257758140563965,-0.02660244112362875,0.6,0.0,0.021257758140563965,-0.02660244112362875,goal_capture,TERMINAL_SETTLING,NONE,DIRECT_LOCAL,PASS_THROUGH,0,6,0,0,0,0,1,0.6,1.4883320314163708,inf,0.0,0,0,0,CLEAR,none,nan,0.0,0.0,0,0,0,0,0.0,0,0,1,1,0.0,0.6,"-1.987,21.336;-2.086,21.205;-2.224,21.033;-2.366,20.865;-2.507,20.696;-2.646,20.525;-2.784,20.354;-2.909,20.200;-2.950,20.150",-2.9499999999999997,20.150000000000002,2.0,-2.9499999999999997,20.150000000000002,2.0,-2.9499999999999997,20.150000000000002,2.0,3.3786719036034865,0.0,0.0,0,0,4,1,,,0,1,PASS_THROUGH,-1,0.9998805670053827,-0.008961858897448941,0.012591140142838277,0.31415733236563226,0,0.9998399136539985,-0.010778973881160189,0.014281484041736557,1.4884838353241003,0.29769676706482007,0,0,0,BYPASS_VISIBLE,1,0,1,1,1
1787562364665191168,1787562364684199424,joint_v2_000003_c1d41e01,1071,293,0.03333333333333333,9.766666666666667,19.008159637451172,frame_id_exact,1,,-2.0216338634490967,21.290122985839844,1.9789769649505615,0.0041951879509422065,-0.02616381308899824,-0.9435229026000969,-0.3302459500914259,-0.32701489329338074,-0.4183241128921509,0.009834335185587406,0.5308267792478296,0.005177719607264706,-0.015054556262918573,2.468806309021782,-0.02817552164196968,depth/001071.png,1.0,0.025197498448033304,-0.04660142607629403,-0.9985957105654004,0.5308267792478296,0.005177719607264706,-0.015054556262918573,-0.02817552164196968,0.9998416753656004,-0.010593217711854981,0.01429713050296366,1.4702870829653665,0.2940574165930733,0.6,0.0,0.021023035049438477,-0.020882463602520662,0.6,0.0,0.021023035049438477,-0.020882463602520662,goal_capture,TERMINAL_SETTLING,NONE,DIRECT_LOCAL,PASS_THROUGH,0,6,0,0,0,0,1,0.6,1.4702870829653663,inf,0.0,0,0,0,CLEAR,none,nan,0.0,0.0,0,0,0,0,0.6070200638257791,0,0,1,1,0.0,0.6,"-2.022,21.290;-2.061,21.240;-2.112,21.175;-2.176,21.094;-2.254,20.999;-2.345,20.889;-2.450,20.764;-2.566,20.622;-2.671,20.493;-2.761,20.382;-2.836,20.290;-2.896,20.216;-2.939,20.163;-2.950,20.150",-2.9499999999999997,20.150000000000002,2.0,-2.9499999999999997,20.150000000000002,2.0,-2.9499999999999997,20.150000000000002,2.0,3.3786719036034865,0.0,0.0,0,0,4,1,,,0,1,PASS_THROUGH,-1,0.9998805670053827,-0.008961858897448941,0.012591140142838277,0.31415733236563226,0,0.9998416753656004,-0.010593217711854981,0.01429713050296366,1.4704373751838244,0.2940874750367649,0,0,0,BYPASS_VISIBLE,1,0,1,1,1
1787562364715116288,1787562364730844160,joint_v2_000003_c1d41e01,1072,294,0.03333333333333333,9.8,15.727996826171875,frame_id_exact,1,,-2.03253436088562,21.27640724182129,1.9793715476989746,0.012577039852559703,-0.0031426857983390573,-0.9437307123125948,-0.3304607151122242,-0.3287079930305481,-0.40667232871055603,0.013426967896521091,0.5228632386257597,-0.002842395515560028,0.01475010404867333,2.4679197130326247,-0.027171075344085693,depth/001072.png,1.0,0.02581574595026443,0.002380736953261256,-0.9996638831890401,0.5228632386257597,-0.002842395515560028,0.01475010404867333,-0.027171075344085693,0.9998506893600667,-0.009849693627823782,0.014197975969731545,1.452768554651083,0.2905537109302166,0.6,0.0,0.02062845230102539,-0.019388775599944452,0.6,0.0,0.02062845230102539,-0.019388775599944452,goal_capture,TERMINAL_SETTLING,NONE,DIRECT_LOCAL,PASS_THROUGH,0,6,0,0,0,0,1,0.6,1.452768554651083,inf,0.0,0,0,0,CLEAR,none,nan,0.0,0.0,0,0,0,0,0.0,0,0,1,1,0.0,0.6,"-2.022,21.290;-2.061,21.240;-2.112,21.175;-2.176,21.094;-2.254,20.999;-2.345,20.889;-2.450,20.764;-2.566,20.622;-2.671,20.493;-2.761,20.382;-2.836,20.290;-2.896,20.216;-2.939,20.163;-2.950,20.150",-2.9499999999999997,20.150000000000002,2.0,-2.9499999999999997,20.150000000000002,2.0,-2.9499999999999997,20.150000000000002,2.0,3.3786719036034865,0.0,0.0,0,0,4,1,,,1,1,PASS_THROUGH,-1,0.9999514808102797,-0.00985068654098122,0.0,0.2905537109302166,0,0.9998506893600667,-0.009849693627823782,0.014197975969731545,1.4529150031668516,0.29058300063337034,0,0,0,BYPASS_VISIBLE,1,0,1,1,1
1787562364762860288,1787562364779687936,joint_v2_000003_c1d41e01,1073,295,0.03333333333333333,9.833333333333334,16.82758331298828,frame_id_exact,1,,-2.0436551570892334,21.262863159179688,1.9798327684402466,0.018118270179804562,0.020382722402117248,-0.9434202813536526,-0.3304760893676952,-0.3399590253829956,-0.40822353959083557,0.013644549064338207,0.5297606656890844,-0.010344692764865786,0.04063736402443779,2.467193307370652,-0.02598424069583416,depth/001073.png,1.0,0.020714282321107384,0.05043425755697599,-0.9985125458263396,0.5297606656890844,-0.010344692764865786,0.04063736402443779,-0.02598424069583416,0.9998601077383807,-0.009075308801819051,0.014050043542463466,1.4352440159535003,0.28704880319070003,0.6,0.0,0.020167231559753418,-0.02068489988762412,0.6,0.0,0.020167231559753418,-0.02068489988762412,goal_capture,TERMINAL_SETTLING,NONE,DIRECT_LOCAL,PASS_THROUGH,0,6,0,0,0,0,1,0.6,1.4352440159535003,inf,0.0,0,0,0,CLEAR,none,nan,0.0,0.0,0,0,0,0,0.0,0,0,1,1,0.0,0.6,"-2.022,21.290;-2.061,21.240;-2.112,21.175;-2.176,21.094;-2.254,20.999;-2.345,20.889;-2.450,20.764;-2.566,20.622;-2.671,20.493;-2.761,20.382;-2.836,20.290;-2.896,20.216;-2.939,20.163;-2.950,20.150",-2.9499999999999997,20.150000000000002,2.0,-2.9499999999999997,20.150000000000002,2.0,-2.9499999999999997,20.150000000000002,2.0,3.3786719036034865,0.0,0.0,0,0,4,1,,,0,1,PASS_THROUGH,-1,0.9998506893600667,-0.009849693627823782,0.014197975969731545,0.2905537109302166,0,0.9998601077383807,-0.009075308801819051,0.014050043542463466,1.4353856981867683,0.28707713963735365,0,0,0,BYPASS_VISIBLE,1,0,1,1,1
1787562364805548544,1787562364821191424,joint_v2_000003_c1d41e01,1074,296,0.03333333333333333,9.866666666666667,15.642881393432617,frame_id_exact,1,,-2.055274486541748,21.249055862426758,1.9802336692810059,0.019588912281263596,0.039166235208430454,-0.9428312309474706,-0.33038091725357327,-0.35801440477371216,-0.42224058508872986,0.009771270677447319,0.5504095286653716,-0.015777678982155412,0.05794237700077466,2.4670252441191094,-0.025467900559306145,depth/001074.png,1.0,0.011058523131070662,0.0867979051212526,-0.9961645610704697,0.5504095286653716,-0.015777678982155412,0.05794237700077466,-0.025467900559306145,0.9998648772313493,-0.008702518403487411,0.01394609094247842,1.4172005973636024,0.28344011947272046,0.5333333334,0.0,0.01976633071899414,-0.02212031338574061,0.5333333334,0.0,0.01976633071899414,-0.02212031338574061,goal_capture,TERMINAL_SETTLING,NONE,DIRECT_LOCAL,PASS_THROUGH,0,6,0,0,0,0,1,0.5333333334,1.4172005973636024,inf,0.0,0,0,0,CLEAR,none,nan,0.0,0.0,0,0,0,0,0.49867236740990123,0,0,1,1,0.0,0.5,"-2.055,21.249;-2.133,21.157;-2.209,21.065;-2.285,20.972;-2.359,20.878;-2.434,20.784;-2.509,20.690;-2.585,20.597;-2.661,20.504;-2.737,20.411;-2.813,20.318;-2.889,20.225;-2.950,20.150",-2.9499999999999997,20.150000000000002,2.0,-2.9499999999999997,20.150000000000002,2.0,-2.9499999999999997,20.150000000000002,2.0,3.3786719036034865,0.0,0.0,0,0,4,1,,,0,1,PASS_THROUGH,-1,0.9998506893600667,-0.009849693627823782,0.014197975969731545,0.2905537109302166,0,0.9998648772313493,-0.008702518403487411,0.01394609094247842,1.4173384355889895,0.2834676871177979,0,0,0,BYPASS_VISIBLE,1,0,1,1,1
1787562364853162240,1787562364869905408,joint_v2_000003_c1d41e01,1075,297,0.03333333333333333,9.9,16.743183135986328,frame_id_exact,1,,-2.0675506591796875,21.234621047973633,1.9804328680038452,0.01624934074487279,0.0477422815664799,-0.9424977345331111,-0.3303856139061404,-0.37855657935142517,-0.445075124502182,0.0017226766794919968,0.5808769788196717,-0.017843431507129387,0.06052656660680415,2.467322686059373,-0.026238301768898964,depth/001075.png,1.0,-0.0009167923298441863,0.10073108127082815,-0.9949132669523679,0.5808769788196717,-0.017843431507129387,0.06052656660680415,-0.026238301768898964,0.9998641731639617,-0.008708774955059789,0.013992585962902399,1.3982559339482956,0.2796511867896591,0.5,0.0,0.019567131996154785,-0.021123826358984132,0.5,0.0,0.019567131996154785,-0.021123826358984132,goal_capture,TERMINAL_SETTLING,NONE,DIRECT_LOCAL,PASS_THROUGH,0,6,0,0,0,0,1,0.5,1.3982559339482956,inf,0.0,0,0,0,CLEAR,none,nan,0.0,0.0,0,0,0,0,0.0,0,0,1,1,0.0,0.5,"-2.055,21.249;-2.133,21.157;-2.209,21.065;-2.285,20.972;-2.359,20.878;-2.434,20.784;-2.509,20.690;-2.585,20.597;-2.661,20.504;-2.737,20.411;-2.813,20.318;-2.889,20.225;-2.950,20.150",-2.9499999999999997,20.150000000000002,2.0,-2.9499999999999997,20.150000000000002,2.0,-2.9499999999999997,20.150000000000002,2.0,3.3786719036034865,0.0,0.0,0,0,4,1,,,0,1,PASS_THROUGH,-1,0.9998506893600667,-0.009849693627823782,0.014197975969731545,0.2905537109302166,0,0.9998641731639617,-0.008708774955059789,0.013992585962902399,1.3983928380380728,0.27967856760761456,0,0,0,BYPASS_VISIBLE,1,0,1,1,1
1787562364894948096,1787562364911747072,joint_v2_000003_c1d41e01,1076,298,0.03333333333333333,9.933333333333334,16.798973083496094,frame_id_exact,1,,-2.080475091934204,21.219362258911133,1.9803439378738403,0.0075912174779856996,0.04039166116813222,-0.9428553187603507,-0.3306580333374622,-0.3958463668823242,-0.4699769616127014,-0.006718524731695652,0.6127967870159968,-0.015827171049988126,0.04298171325852494,2.467502699013925,-0.027825821191072464,depth/001076.png,1.0,-0.012396814940204778,0.08118717921569421,-0.9966217742505614,0.6127967870159968,-0.015827171049988126,0.04298171325852494,-0.027825821191072464,0.999861320621127,-0.008601818023457275,0.014260022877509652,1.3782631122287017,0.27565262244574035,0.5,0.0,0.019656062126159668,-0.01864829443528615,0.5,0.0,0.019656062126159668,-0.01864829443528615,goal_capture,TERMINAL_SETTLING,NONE,DIRECT_LOCAL,PASS_THROUGH,0,6,0,0,0,0,1,0.5,1.3782631122287017,inf,0.0,0,0,0,CLEAR,none,nan,0.0,0.0,0,0,0,0,0.0,0,0,1,1,0.0,0.5,"-2.055,21.249;-2.133,21.157;-2.209,21.065;-2.285,20.972;-2.359,20.878;-2.434,20.784;-2.509,20.690;-2.585,20.597;-2.661,20.504;-2.737,20.411;-2.813,20.318;-2.889,20.225;-2.950,20.150",-2.9499999999999997,20.150000000000002,2.0,-2.9499999999999997,20.150000000000002,2.0,-2.9499999999999997,20.150000000000002,2.0,3.3786719036034865,0.0,0.0,0,0,4,1,,,0,1,PASS_THROUGH,-1,0.9998506893600667,-0.009849693627823782,0.014197975969731545,0.2905537109302166,0,0.999861320621127,-0.008601818023457275,0.014260022877509652,1.3784032673019366,0.27568065346038734,0,0,0,BYPASS_VISIBLE,1,0,1,1,1
1787562364940168448,1787562364957795328,joint_v2_000003_c1d41e01,1077,299,0.03333333333333333,9.966666666666667,17.62700080871582,frame_id_exact,1,,-2.093834638595581,21.203357696533203,1.9800137281417847,-0.004624597828544896,0.01824667392482753,-0.9434421098971245,-0.3310025034021152,-0.4037375748157501,-0.48841622471809387,-0.012465701438486576,0.6336855106783872,-0.010027358035599607,0.0072081374452730995,2.4670632914135564,-0.028726326301693916,depth/001077.png,1.0,-0.020805470161336135,0.031367854175535566,-0.9992913439712104,0.6336855106783872,-0.010027358035599607,0.0072081374452730995,-0.028726326301693916,0.9998599005197611,-0.00796476683040705,0.014722154120609336,1.3574172398030349,0.27148344796060697,0.5666666666,0.0,0.019986271858215332,-0.020301668125686234,0.5666666666,0.0,0.019986271858215332,-0.020301668125686234,goal_capture,TERMINAL_SETTLING,NONE,DIRECT_LOCAL,PASS_THROUGH,0,6,0,0,0,0,1,0.5666666666,1.3574172398030349,inf,0.0,0,0,0,CLEAR,none,nan,0.0,0.0,0,0,0,0,0.456401813657707,0,0,1,1,0.0,0.6,"-2.094,21.203;-2.141,21.147;-2.200,21.075;-2.270,20.990;-2.339,20.904;-2.408,20.818;-2.477,20.733;-2.546,20.647;-2.615,20.562;-2.684,20.476;-2.754,20.391;-2.823,20.306;-2.886,20.228;-2.933,20.171;-2.950,20.150",-2.9499999999999997,20.150000000000002,2.0,-2.9499999999999997,20.150000000000002,2.0,-2.9499999999999997,20.150000000000002,2.0,3.3786719036034865,0.0,0.0,0,0,4,1,,,0,1,PASS_THROUGH,-1,0.9998506893600667,-0.009849693627823782,0.014197975969731545,0.2905537109302166,0,0.9998599005197611,-0.00796476683040705,0.014722154120609336,1.357564368262986,0.27151287365259724,0,0,0,BYPASS_VISIBLE,1,0,1,1,1
1787562364988561152,1787562365010588672,joint_v2_000003_c1d41e01,1078,300,0.03333333333333333,10.0,22.02749252319336,frame_id_exact,1,,-2.1072418689727783,21.186948776245117,1.9795424938201904,-0.016601306389822698,-0.010569403872454107,-0.943389755626808,-0.3311018775336732,-0.398415744304657,-0.4936467409133911,-0.015265697613358498,0.6335857059198335,-0.001907038259477082,-0.034939492082916704,2.466138050636649,-0.02837466262280941,depth/001078.png,1.0,-0.02432390582319874,-0.03093558210307516,-0.9992253686558644,0.6335857059198335,-0.001907038259477082,-0.034939492082916704,-0.02837466262280941,0.9998583288241225,-0.006998875424092305,0.01530810320813925,1.3362275374982873,0.2672455074996575,0.6,0.0,0.02045750617980957,-0.017767725339781215,0.6,0.0,0.02045750617980957,-0.017767725339781215,goal_capture,TERMINAL_SETTLING,NONE,DIRECT_LOCAL,PASS_THROUGH,0,6,0,0,0,0,1,0.6,1.3362275374982873,inf,0.0,0,0,0,CLEAR,none,nan,0.0,0.0,0,0,0,0,0.0,0,0,1,1,0.0,0.6,"-2.094,21.203;-2.141,21.147;-2.200,21.075;-2.270,20.990;-2.339,20.904;-2.408,20.818;-2.477,20.733;-2.546,20.647;-2.615,20.562;-2.684,20.476;-2.754,20.391;-2.823,20.306;-2.886,20.228;-2.933,20.171;-2.950,20.150",-2.9499999999999997,20.150000000000002,2.0,-2.9499999999999997,20.150000000000002,2.0,-2.9499999999999997,20.150000000000002,2.0,3.3786719036034865,0.0,0.0,0,0,4,1,,,1,1,PASS_THROUGH,-1,0.9999755018305366,-0.006999695619565401,0.0,0.2672455074996575,0,0.9998583288241225,-0.006998875424092305,0.01530810320813925,1.3363841294806795,0.2672768258961359,0,0,0,BYPASS_VISIBLE,1,0,1,1,1
1787562365046285824,1787562365062115584,joint_v2_000003_c1d41e01,1079,301,0.03333333333333333,10.033333333333333,15.829801559448242,frame_id_exact,1,,-2.1202573776245117,21.170612335205078,1.9790681600570679,-0.02373587258401494,-0.03398568159274806,-0.9427145212980885,-0.33101497418253983,-0.3807925581932068,-0.48423314094543457,-0.012335347943007946,0.6130548243513092,0.006352270400430536,-0.0613212766862214,2.465341532363993,-0.027865786105394363,depth/001079.png,1.0,-0.0222527644912651,-0.07979144960858903,-0.9965631635987036,0.6130548243513092,0.006352270400430536,-0.0613212766862214,-0.027865786105394363,0.9998531956884522,-0.006356718598350051,0.015911605835074585,1.3153411565671131,0.2630682313134226,0.6,0.0,0.02093183994293213,-0.015482402922959437,0.6,0.0,0.02093183994293213,-0.015482402922959437,goal_capture,TERMINAL_SETTLING,NONE,DIRECT_LOCAL,PASS_THROUGH,0,6,0,0,0,0,1,0.6,1.315341156567113,inf,0.0,0,0,0,CLEAR,none,nan,0.0,0.0,0,0,0,0,0.0,0,0,1,1,0.0,0.6,"-2.094,21.203;-2.141,21.147;-2.200,21.075;-2.270,20.990;-2.339,20.904;-2.408,20.818;-2.477,20.733;-2.546,20.647;-2.615,20.562;-2.684,20.476;-2.754,20.391;-2.823,20.306;-2.886,20.228;-2.933,20.171;-2.950,20.150",-2.9499999999999997,20.150000000000002,2.0,-2.9499999999999997,20.150000000000002,2.0,-2.9499999999999997,20.150000000000002,2.0,3.3786719036034865,0.0,0.0,0,0,4,1,,,0,1,PASS_THROUGH,-1,0.9998583288241225,-0.006998875424092305,0.01530810320813925,0.2672455074996575,0,0.9998531956884522,-0.006356718598350051,0.015911605835074585,1.3155076967021921,0.26310153934043845,0,0,0,BYPASS_VISIBLE,1,0,1,1,1
1787562365094625280,1787562365111412736,joint_v2_000003_c1d41e01,1080,302,0.03333333333333333,10.066666666666666,16.78752899169922,frame_id_exact,1,,-2.1325528621673584,21.154783248901367,1.9787662029266357,-0.02394323468620291,-0.04520213796915829,-0.9422265299107352,-0.331047813114893,-0.3564276397228241,-0.46419137716293335,-0.005588400177657604,0.5815696801579858,0.012777435401575665,-0.06449008817520967,2.465075709812143,-0.02797042578458786,depth/001080.png,1.0,-0.015191764020823593,-0.10103401816998085,-0.9947669764715572,0.5815696801579858,0.012777435401575665,-0.06449008817520967,-0.02797042578458786,0.9998449601715026,-0.0064342767919193045,0.01639071999062373,1.2953027446985357,0.25906054893970715,0.6,0.0,0.021233797073364258,-0.014322958063159863,0.6,0.0,0.021233797073364258,-0.014322958063159863,goal_capture,TERMINAL_SETTLING,NONE,DIRECT_LOCAL,PASS_THROUGH,0,6,0,0,0,0,1,0.6,1.2953027446985357,inf,0.0,0,0,0,CLEAR,none,nan,0.0,0.0,0,0,0,0,0.3687089800664073,0,0,1,1,0.0,0.6,"-2.133,21.155;-2.174,21.100;-2.228,21.030;-2.296,20.945;-2.378,20.846;-2.474,20.733;-2.582,20.604;-2.684,20.477;-2.772,20.368;-2.846,20.278;-2.903,20.207;-2.944,20.157;-2.950,20.150",-2.9499999999999997,20.150000000000002,2.0,-2.9499999999999997,20.150000000000002,2.0,-2.9499999999999997,20.150000000000002,2.0,3.3786719036034865,0.0,0.0,0,0,4,1,,,0,1,PASS_THROUGH,-1,0.9998583288241225,-0.006998875424092305,0.01530810320813925,0.2672455074996575,0,0.9998449601715026,-0.0064342767919193045,0.01639071999062373,1.2954767749989626,0.2590953549997925,0,0,0,BYPASS_VISIBLE,1,0,1,1,1
1787562365143887360,1787562365161726208,joint_v2_000003_c1d41e01,1081,303,0.03333333333333333,10.1,17.83895492553711,frame_id_exact,1,,-2.1440272331237793,21.139707565307617,1.9786999225616455,-0.0177130410892465,-0.04312669091836829,-0.942360020141801,-0.3313365798461538,-0.33273380994796753,-0.44031819701194763,0.0015057288110256195,0.5494167852844318,0.016166569958766832,-0.0497394027415249,2.465164396507259,-0.02861206978559494,depth/001081.png,1.0,-0.004805222977321104,-0.0930196955513362,-0.9956526734116043,0.5494167852844318,0.016166569958766832,-0.0497394027415249,-0.02861206978559494,0.999836256846099,-0.007003289644114878,0.016685725340600015,1.276367175139363,0.2552734350278726,0.6,0.0,0.021300077438354492,-0.017126030695000516,0.6,0.0,0.021300077438354492,-0.017126030695000516,goal_capture,TERMINAL_SETTLING,NONE,DIRECT_LOCAL,PASS_THROUGH,0,6,0,0,0,0,1,0.6,1.276367175139363,inf,0.0,0,0,0,CLEAR,none,nan,0.0,0.0,0,0,0,0,0.0,0,0,1,1,0.0,0.6,"-2.133,21.155;-2.174,21.100;-2.228,21.030;-2.296,20.945;-2.378,20.846;-2.474,20.733;-2.582,20.604;-2.684,20.477;-2.772,20.368;-2.846,20.278;-2.903,20.207;-2.944,20.157;-2.950,20.150",-2.9499999999999997,20.150000000000002,2.0,-2.9499999999999997,20.150000000000002,2.0,-2.9499999999999997,20.150000000000002,2.0,3.3786719036034865,0.0,0.0,0,0,4,1,,,0,1,PASS_THROUGH,-1,0.9998583288241225,-0.006998875424092305,0.01530810320813925,0.2672455074996575,0,0.999836256846099,-0.007003289644114878,0.016685725340600015,1.2765448911307888,0.2553089782261578,0,0,0,BYPASS_VISIBLE,1,0,1,1,1
1787562365194793216,1787562365212646400,joint_v2_000003_c1d41e01,1082,304,0.03333333333333333,10.133333333333333,17.853260040283203,frame_id_exact,1,,-2.154815912246704,21.125394821166992,1.9788556098937988,-0.006916353804937787,-0.029543325146012604,-0.942869006957928,-0.33177913091020766,-0.31620538234710693,-0.41947269439697266,0.007658093702048063,0.524557529310679,0.016103137666830084,-0.024122996701170664,2.465088823834036,-0.02938656508922577,depth/001082.png,1.0,0.006561286194620736,-0.060300374994251706,-0.9981587119787239,0.524557529310679,0.016103137666830084,-0.024122996701170664,-0.02938656508922577,0.9998310352201661,-0.0074618172960719065,0.016799473003961292,1.2584565111975166,0.2516913022395033,0.6,0.0,0.021144390106201172,-0.02159756073933039,0.6,0.0,0.021144390106201172,-0.02159756073933039,goal_capture,TERMINAL_SETTLING,NONE,DIRECT_LOCAL,PASS_THROUGH,0,6,0,0,0,0,1,0.6,1.2584565111975166,inf,0.0,0,0,0,CLEAR,none,nan,0.0,0.0,0,0,0,0,0.0,0,0,1,1,0.0,0.6,"-2.133,21.155;-2.174,21.100;-2.228,21.030;-2.296,20.945;-2.378,20.846;-2.474,20.733;-2.582,20.604;-2.684,20.477;-2.772,20.368;-2.846,20.278;-2.903,20.207;-2.944,20.157;-2.950,20.150",-2.9499999999999997,20.150000000000002,2.0,-2.9499999999999997,20.150000000000002,2.0,-2.9499999999999997,20.150000000000002,2.0,3.3786719036034865,0.0,0.0,0,0,4,1,,,0,1,PASS_THROUGH,-1,0.9998583288241225,-0.006998875424092305,0.01530810320813925,0.2672455074996575,0,0.9998310352201661,-0.0074618172960719065,0.016799473003961292,1.2586341310358578,0.2517268262071716,0,0,0,BYPASS_VISIBLE,1,0,1,1,1
1787562365250881280,1787562365267552512,joint_v2_000003_c1d41e01,1083,305,0.03333333333333333,10.166666666666666,16.671419143676758,frame_id_exact,1,,-2.1652355194091797,21.111648559570312,1.9791898727416992,0.005759245872524947,-0.00830747009866563,-0.9431695677087407,-0.33215807016486426,-0.31109002232551575,-0.40710705518722534,0.012063524685800076,0.5123095303400522,0.012811906510563931,0.005786637699830727,2.464472456311959,-0.029901918023824692,depth/001083.png,1.0,0.01638267735168559,-0.011844745974177812,-0.9997956340550792,0.5123095303400522,0.012811906510563931,0.005786637699830727,-0.029901918023824692,0.999832563133568,-0.007336876090250168,0.016763530266497337,1.2412184506043376,0.2482436901208675,0.6,0.0,0.02081012725830078,-0.016559521615153727,0.6,0.0,0.02081012725830078,-0.016559521615153727,goal_capture,TERMINAL_SETTLING,NONE,DIRECT_LOCAL,PASS_THROUGH,0,6,0,0,0,0,1,0.6,1.2412184506043376,inf,0.0,0,0,0,CLEAR,none,nan,0.0,0.0,0,0,0,0,0.420434885958224,0,0,1,1,0.0,0.6,"-2.165,21.112;-2.202,21.063;-2.252,20.999;-2.315,20.919;-2.392,20.826;-2.484,20.719;-2.587,20.595;-2.690,20.470;-2.777,20.362;-2.849,20.273;-2.906,20.204;-2.946,20.155;-2.950,20.150",-2.9499999999999997,20.150000000000002,2.0,-2.9499999999999997,20.150000000000002,2.0,-2.9499999999999997,20.150000000000002,2.0,3.3786719036034865,0.0,0.0,0,0,4,1,,,0,1,PASS_THROUGH,-1,0.9998583288241225,-0.006998875424092305,0.01530810320813925,0.2672455074996575,0,0.999832563133568,-0.007336876090250168,0.016763530266497337,1.2413928884592256,0.2482785776918451,0,0,0,BYPASS_VISIBLE,1,0,1,1,1
1787562365300205056,1787562365316054016,joint_v2_000003_c1d41e01,1084,306,0.03333333333333333,10.2,15.849113464355469,frame_id_exact,1,,-2.1756973266601562,21.098129272460938,1.9796241521835327,0.01734760796639596,0.015378393072074262,-0.9428792006177413,-0.3323272161090845,-0.3186897039413452,-0.406291663646698,0.01340877078473568,0.5153624518899161,0.0070319912388265736,0.03417503126864048,2.4634071194600007,-0.0297183096408844,depth/001084.png,1.0,0.022492080348223427,0.04053009845641387,-0.99892513104873,0.5153624518899161,0.0070319912388265736,0.03417503126864048,-0.0297183096408844,0.9998394969098048,-0.006632909991849606,0.0166428640620661,1.2241297918270475,0.2448259583654095,0.6,0.0,0.020375847816467285,-0.01574077316806477,0.6,0.0,0.020375847816467285,-0.01574077316806477,goal_capture,TERMINAL_SETTLING,NONE,DIRECT_LOCAL,PASS_THROUGH,0,6,0,0,0,0,1,0.6,1.2241297918270475,inf,0.0,0,0,0,CLEAR,none,nan,0.0,0.0,0,0,0,0,0.0,0,0,1,1,0.0,0.6,"-2.165,21.112;-2.202,21.063;-2.252,20.999;-2.315,20.919;-2.392,20.826;-2.484,20.719;-2.587,20.595;-2.690,20.470;-2.777,20.362;-2.849,20.273;-2.906,20.204;-2.946,20.155;-2.950,20.150",-2.9499999999999997,20.150000000000002,2.0,-2.9499999999999997,20.150000000000002,2.0,-2.9499999999999997,20.150000000000002,2.0,3.3786719036034865,0.0,0.0,0,0,4,1,,,1,1,PASS_THROUGH,-1,0.9999779959156977,-0.006633828790759797,0.0,0.2448259583654095,0,0.9998394969098048,-0.006632909991849606,0.0166428640620661,1.2242993598024834,0.2448598719604967,0,0,0,BYPASS_VISIBLE,1,0,1,1,1
1787562365349370880,1787562365364959744,joint_v2_000003_c1d41e01,1085,307,0.03333333333333333,10.233333333333333,15.588760375976562,frame_id_exact,1,,-2.1866040229797363,21.08443260192871,1.9800338745117188,0.025191298867470138,0.035966300568608715,-0.942141690768953,-0.3323264331945276,-0.33724915981292725,-0.4172075688838959,0.010458707809448242,0.5336641078337349,-7.230334861736568e-05,0.055777689803621404,2.4623760860728936,-0.02909724973142147,depth/001085.png,1.0,0.02356244104899257,0.08451417145715413,-0.9961436473695566,0.5336641078337349,-7.230334861736568e-05,0.055777689803621404,-0.02909724973142147,0.9998464119378098,-0.005781031547569932,0.016544854466979952,1.2066224369196767,0.24132448738393536,0.6,0.0,0.01996612548828125,-0.0170284709544255,0.6,0.0,0.01996612548828125,-0.0170284709544255,goal_capture,TERMINAL_SETTLING,NONE,DIRECT_LOCAL,PASS_THROUGH,0,6,0,0,0,0,1,0.6,1.2066224369196767,inf,0.0,0,0,0,CLEAR,none,nan,0.0,0.0,0,0,0,0,0.0,0,0,1,1,0.0,0.6,"-2.165,21.112;-2.202,21.063;-2.252,20.999;-2.315,20.919;-2.392,20.826;-2.484,20.719;-2.587,20.595;-2.690,20.470;-2.777,20.362;-2.849,20.273;-2.906,20.204;-2.946,20.155;-2.950,20.150",-2.9499999999999997,20.150000000000002,2.0,-2.9499999999999997,20.150000000000002,2.0,-2.9499999999999997,20.150000000000002,2.0,3.3786719036034865,0.0,0.0,0,0,4,1,,,0,1,PASS_THROUGH,-1,0.9998394969098048,-0.006632909991849606,0.0166428640620661,0.2448259583654095,0,0.9998464119378098,-0.005781031547569932,0.016544854466979952,1.206787616544433,0.24135752330888657,0,0,0,BYPASS_VISIBLE,1,0,1,1,1
1787562365394613248,1787562365409354240,joint_v2_000003_c1d41e01,1086,308,0.03333333333333333,10.266666666666667,14.740943908691406,frame_id_exact,1,,-2.1982555389404297,21.070205688476562,1.980271339416504,0.027508129819372177,0.048709022399115384,-0.9414962522120585,-0.3323485233928551,-0.3625597655773163,-0.4373149573802948,0.003235037438571453,0.5641981156482557,-0.007006884299906104,0.065846874660851,2.461830422283806,-0.02889050357043743,depth/001086.png,1.0,0.01942085892009235,0.1100032967288953,-0.9937414678615261,0.5641981156482557,-0.007006884299906104,0.065846874660851,-0.02889050357043743,0.9998485834761587,-0.005216764881182627,0.016601068787684466,1.1882332447118134,0.23764664894236268,0.6,0.0,0.019728660583496094,-0.011751684265777218,0.6,0.0,0.019728660583496094,-0.011751684265777218,goal_capture,TERMINAL_SETTLING,NONE,DIRECT_LOCAL,PASS_THROUGH,0,6,0,0,0,0,1,0.6,1.1882332447118134,inf,0.0,0,0,0,CLEAR,none,nan,0.0,0.0,0,0,0,0,0.29894116278622607,0,0,1,1,0.0,0.6,"-2.198,21.070;-2.241,21.019;-2.296,20.952;-2.364,20.869;-2.443,20.771;-2.536,20.656;-2.641,20.527;-2.736,20.412;-2.816,20.314;-2.881,20.235;-2.929,20.176;-2.950,20.150",-2.9499999999999997,20.150000000000002,2.0,-2.9499999999999997,20.150000000000002,2.0,-2.9499999999999997,20.150000000000002,2.0,3.3786719036034865,0.0,0.0,0,0,4,1,,,0,1,PASS_THROUGH,-1,0.9998394969098048,-0.006632909991849606,0.0166428640620661,0.2448259583654095,0,0.9998485834761587,-0.005216764881182627,0.016601068787684466,1.1883970144218567,0.23767940288437134,0,0,0,BYPASS_VISIBLE,1,0,1,1,1
1787562365448202496,1787562365464065536,joint_v2_000003_c1d41e01,1087,309,0.03333333333333333,10.3,15.86294174194336,frame_id_exact,1,,-2.210787773132324,21.055219650268555,1.9802206754684448,0.023822775185537267,0.05074034139066872,-0.9414104292684433,-0.3325722429828192,-0.38910406827926636,-0.462154746055603,-0.00640823133289814,0.6009623408770336,-0.01215386305556176,0.06104587735821238,2.4618019514518443,-0.029146313667297363,depth/001087.png,1.0,0.011104359735547166,0.11138056069469275,-0.9937157862760355,0.6009623408770336,-0.01215386305556176,0.06104587735821238,-0.029146313667297363,0.9998443324530047,-0.00499634790495579,0.016921801594927694,1.1686989910079448,0.23373979820158897,0.6,0.0,0.019779324531555176,-0.010670828513541508,0.6,0.0,0.019779324531555176,-0.010670828513541508,goal_capture,TERMINAL_SETTLING,NONE,DIRECT_LOCAL,PASS_THROUGH,0,6,0,0,0,0,1,0.6,1.1686989910079448,inf,0.0,0,0,0,CLEAR,none,nan,0.0,0.0,0,0,0,0,0.0,0,0,1,1,0.0,0.6,"-2.198,21.070;-2.241,21.019;-2.296,20.952;-2.364,20.869;-2.443,20.771;-2.536,20.656;-2.641,20.527;-2.736,20.412;-2.816,20.314;-2.881,20.235;-2.929,20.176;-2.950,20.150",-2.9499999999999997,20.150000000000002,2.0,-2.9499999999999997,20.150000000000002,2.0,-2.9499999999999997,20.150000000000002,2.0,3.3786719036034865,0.0,0.0,0,0,4,1,,,0,1,PASS_THROUGH,-1,0.9998394969098048,-0.006632909991849606,0.0166428640620661,0.2448259583654095,0,0.9998443324530047,-0.00499634790495579,0.016921801594927694,1.1688663538924853,0.23377327077849705,0,0,0,BYPASS_VISIBLE,1,0,1,1,1
1787562365492573440,1787562365510923264,joint_v2_000003_c1d41e01,1088,310,0.03333333333333333,10.333333333333334,18.349647521972656,frame_id_exact,1,,-2.2241475582122803,21.03940200805664,1.9798506498336792,0.015071285908868548,0.04173165308192683,-0.9418810401078573,-0.33300365126743536,-0.4112994968891144,-0.48642274737358093,-0.015387015417218208,0.6357029948719266,-0.014157966186954953,0.04113854459583162,2.4618953043597314,-0.029311366379261017,depth/001088.png,1.0,0.0005971311958008936,0.08865009209434838,-0.9960626509442057,0.6357029948719266,-0.014157966186954953,0.04113854459583162,-0.029311366379261017,0.9998345258770498,-0.004790838787438481,0.017549037806333757,1.1479972557390439,0.22959945114780878,0.6,0.0,0.0201493501663208,-0.010045459506802246,0.6,0.0,0.0201493501663208,-0.010045459506802246,goal_capture,TERMINAL_SETTLING,NONE,DIRECT_LOCAL,PASS_THROUGH,0,6,0,0,0,0,1,0.6,1.1479972557390439,inf,0.0,0,0,0,CLEAR,none,nan,0.0,0.0,0,0,0,0,0.0,0,0,1,1,0.0,0.6,"-2.198,21.070;-2.241,21.019;-2.296,20.952;-2.364,20.869;-2.443,20.771;-2.536,20.656;-2.641,20.527;-2.736,20.412;-2.816,20.314;-2.881,20.235;-2.929,20.176;-2.950,20.150",-2.9499999999999997,20.150000000000002,2.0,-2.9499999999999997,20.150000000000002,2.0,-2.9499999999999997,20.150000000000002,2.0,3.3786719036034865,0.0,0.0,0,0,4,1,,,0,1,PASS_THROUGH,-1,0.9998394969098048,-0.006632909991849606,0.0166428640620661,0.2448259583654095,0,0.9998345258770498,-0.004790838787438481,0.017549037806333757,1.1481740702073446,0.22963481404146893,0,0,0,BYPASS_VISIBLE,1,0,1,1,1
1787562365548683520,1787562365566548480,joint_v2_000003_c1d41e01,1089,311,0.03333333333333333,10.366666666666667,17.86518096923828,frame_id_exact,1,,-2.2381081581115723,21.022851943969727,1.9792355298995972,0.0033262200534302363,0.02388750494227644,-0.9424498699029329,-0.33347648505964234,-0.4245404601097107,-0.5049992203712463,-0.020765895023941994,0.659871330296146,-0.012399569206188886,0.01030123189587195,2.461637694316434,-0.028821656480431557,depth/001089.png,1.0,-0.009662251056742658,0.047243984194213814,-0.9988366467355777,0.659871330296146,-0.012399569206188886,0.01030123189587195,-0.028821656480431557,0.9998212045451702,-0.004221060939513605,0.018432080359792553,1.1263483078688514,0.2252696615737703,0.6,0.0,0.020764470100402832,-0.008884694721011943,0.6,0.0,0.020764470100402832,-0.008884694721011943,goal_capture,TERMINAL_SETTLING,NONE,DIRECT_LOCAL,PASS_THROUGH,0,6,0,0,0,0,1,0.6,1.1263483078688514,inf,0.0,0,0,0,CLEAR,none,nan,0.0,0.0,0,0,0,0,0.24189078900714908,0,0,1,1,0.0,0.6,"-2.238,21.023;-2.287,20.965;-2.349,20.891;-2.422,20.801;-2.507,20.695;-2.604,20.573;-2.704,20.451;-2.789,20.347;-2.859,20.261;-2.914,20.195;-2.950,20.150",-2.9499999999999997,20.150000000000002,2.0,-2.9499999999999997,20.150000000000002,2.0,-2.9499999999999997,20.150000000000002,2.0,3.3786719036034865,0.0,0.0,0,0,4,1,,,0,1,PASS_THROUGH,-1,0.9998394969098048,-0.006632909991849606,0.0166428640620661,0.2448259583654095,0,0.9998212045451702,-0.004221060939513605,0.018432080359792553,1.1265396903161358,0.22530793806322716,0,0,0,BYPASS_VISIBLE,1,0,1,1,1
1787562365596614912,1787562365613210880,joint_v2_000003_c1d41e01,1090,312,0.03333333333333333,10.4,16.596078872680664,frame_id_exact,1,,-2.2523186206817627,21.005842208862305,1.9785246849060059,-0.008724227315165577,0.0013396093267606722,-0.9426044788277183,-0.3337946821004354,-0.42605236172676086,-0.5138931274414062,-0.021103326231241226,0.66741995392203,-0.007314068090702122,-0.02343547006489283,2.460883883784446,-0.02740008942782879,depth/001090.png,1.0,-0.0173413004219021,-0.0032987578639072698,-0.9998441866092099,0.66741995392203,-0.007314068090702122,-0.02343547006489283,-0.02740008942782879,0.9998057023827058,-0.003230538905381003,0.01944533623790391,1.1041853075990926,0.22083706151981852,0.6,0.0,0.02147531509399414,-0.005804690976360938,0.6,0.0,0.02147531509399414,-0.005804690976360938,goal_capture,TERMINAL_SETTLING,NONE,DIRECT_LOCAL,PASS_THROUGH,0,6,0,0,0,0,1,0.6,1.1041853075990926,inf,0.0,0,0,0,CLEAR,none,nan,0.0,0.0,0,0,0,0,0.0,0,0,1,1,0.0,0.6,"-2.238,21.023;-2.287,20.965;-2.349,20.891;-2.422,20.801;-2.507,20.695;-2.604,20.573;-2.704,20.451;-2.789,20.347;-2.859,20.261;-2.914,20.195;-2.950,20.150",-2.9499999999999997,20.150000000000002,2.0,-2.9499999999999997,20.150000000000002,2.0,-2.9499999999999997,20.150000000000002,2.0,3.3786719036034865,0.0,0.0,0,0,4,1,,,1,1,PASS_THROUGH,-1,0.9999947798217109,-0.0032311498461081007,0.0,0.22083706151981852,0,0.9998057023827058,-0.003230538905381003,0.01944533623790391,1.104394124701906,0.2208788249403812,0,0,0,BYPASS_VISIBLE,1,0,1,1,1
1787562365644676352,1787562365661817088,joint_v2_000003_c1d41e01,1091,313,0.03333333333333333,10.433333333333334,17.140626907348633,frame_id_exact,1,,-2.2663769721984863,20.988725662231445,1.977881908416748,-0.0183868363586151,-0.02083301300088439,-0.9422022669285576,-0.3338903982038324,-0.4155837297439575,-0.5111387372016907,-0.016945062205195427,0.6570159098880257,-0.00029828096676258914,-0.0508899342861692,2.4599284802331236,-0.02527293562889099,depth/001091.png,1.0,-0.02073635178416133,-0.05153620037974417,-0.998455819636053,0.6570159098880257,-0.00029828096676258914,-0.0508899342861692,-0.02527293562889099,0.9997887236905837,-0.0022001004118949088,0.020436916091512294,1.0820356651358964,0.2164071330271793,0.6,0.0,0.022118091583251953,-0.003485095233668467,0.6,0.0,0.022118091583251953,-0.003485095233668467,goal_capture,TERMINAL_SETTLING,NONE,DIRECT_LOCAL,PASS_THROUGH,0,6,0,0,0,0,1,0.6,1.0820356651358964,inf,0.0,0,0,0,CLEAR,none,nan,0.0,0.0,0,0,0,0,0.0,0,0,1,1,0.0,0.6,"-2.238,21.023;-2.287,20.965;-2.349,20.891;-2.422,20.801;-2.507,20.695;-2.604,20.573;-2.704,20.451;-2.789,20.347;-2.859,20.261;-2.914,20.195;-2.950,20.150",-2.9499999999999997,20.150000000000002,2.0,-2.9499999999999997,20.150000000000002,2.0,-2.9499999999999997,20.150000000000002,2.0,3.3786719036034865,0.0,0.0,0,0,4,1,,,0,1,PASS_THROUGH,-1,0.9998057023827058,-0.003230538905381003,0.01944533623790391,0.22083706151981852,0,0.9997887236905837,-0.0022001004118949088,0.020436916091512294,1.0822617015312732,0.21645234030625465,0,0,0,BYPASS_VISIBLE,1,0,1,1,1
1787562365692688896,1787562365710034688,joint_v2_000003_c1d41e01,1092,314,0.03333333333333333,10.466666666666667,17.345666885375977,frame_id_exact,1,,-2.2799181938171387,20.97188949584961,1.9774277210235596,-0.023553286290494156,-0.037735148572715274,-0.9415693806066792,-0.33386884067110495,-0.39566531777381897,-0.49742040038108826,-0.010128774680197239,0.6322913453414283,0.006799106338227844,-0.06513153798421843,2.4592477159445085,-0.023107193410396576,depth/001092.png,1.0,-0.01915692575453604,-0.0867879377130289,-0.9960426025342263,0.6322913453414283,0.006799106338227844,-0.06513153798421843,-0.023107193410396576,0.9997721657737482,-0.0016520858365483093,0.021281145562627665,1.0604300874481103,0.21208601748962205,0.6,0.0,0.02257227897644043,-0.0045116754288332395,0.6,0.0,0.02257227897644043,-0.0045116754288332395,goal_capture,TERMINAL_SETTLING,NONE,DIRECT_LOCAL,PASS_THROUGH,0,6,0,0,0,0,1,0.6,1.0604300874481103,inf,0.0,0,0,0,CLEAR,none,nan,0.0,0.0,0,0,0,0,0.09467903079310973,0,0,1,1,0.0,0.6,"-2.280,20.972;-2.326,20.914;-2.384,20.841;-2.456,20.753;-2.541,20.651;-2.639,20.532;-2.734,20.415;-2.814,20.317;-2.879,20.237;-2.928,20.177;-2.950,20.150",-2.9499999999999997,20.150000000000002,2.0,-2.9499999999999997,20.150000000000002,2.0,-2.9499999999999997,20.150000000000002,2.0,3.3786719036034865,0.0,0.0,0,0,4,1,,,0,1,PASS_THROUGH,-1,0.9998057023827058,-0.003230538905381003,0.01944533623790391,0.22083706151981852,0,0.9997721657737482,-0.0016520858365483093,0.021281145562627665,1.060670296625392,0.2121340593250784,0,0,0,BYPASS_VISIBLE,1,0,1,1,1
1787562365744091392,1787562365760725248,joint_v2_000003_c1d41e01,1093,315,0.03333333333333333,10.5,16.63374900817871,frame_id_exact,1,,-2.2927021980285645,20.95565414428711,1.977217435836792,-0.023167512105092016,-0.045737037638471464,-0.9412091454604691,-0.3339112670643072,-0.37108734250068665,-0.47601795196533203,-0.0025354227982461452,0.6000844911281408,0.012309146878467144,-0.06365864542119755,2.4590942484228497,-0.021628307178616524,depth/001093.png,1.0,-0.013066724162497632,-0.10156802286667597,-0.9947427795418349,0.6000844911281408,0.012309146878467144,-0.06365864542119755,-0.021628307178616524,0.9997583507090518,-0.00183591261109022,0.02190592642188598,1.039768724613061,0.20795374492261218,0.6,0.0,0.022782564163208008,-0.005655320268114217,0.6,0.0,0.022782564163208008,-0.005655320268114217,goal_capture,TERMINAL_SETTLING,NONE,DIRECT_LOCAL,PASS_THROUGH,0,6,0,0,0,0,1,0.6,1.039768724613061,inf,0.0,0,0,0,CLEAR,none,nan,0.0,0.0,0,0,0,0,0.0,0,0,1,1,0.0,0.6,"-2.280,20.972;-2.326,20.914;-2.384,20.841;-2.456,20.753;-2.541,20.651;-2.639,20.532;-2.734,20.415;-2.814,20.317;-2.879,20.237;-2.928,20.177;-2.950,20.150",-2.9499999999999997,20.150000000000002,2.0,-2.9499999999999997,20.150000000000002,2.0,-2.9499999999999997,20.150000000000002,2.0,3.3786719036034865,0.0,0.0,0,0,4,1,,,0,1,PASS_THROUGH,-1,0.9998057023827058,-0.003230538905381003,0.01944533623790391,0.22083706151981852,0,0.9997583507090518,-0.00183591261109022,0.02190592642188598,1.0400182911436326,0.20800365822872652,0,0,0,BYPASS_VISIBLE,1,0,1,1,1
1787562365788042752,1787562365804090880,joint_v2_000003_c1d41e01,1094,316,0.03333333333333333,10.533333333333333,16.048192977905273,frame_id_exact,1,,-2.3046698570251465,20.940187454223633,1.9772553443908691,-0.017448492356223987,-0.043266703810902946,-0.9413749254577845,-0.33412092447972386,-0.34766456484794617,-0.45197004079818726,0.00466774171218276,0.5679786162506277,0.015154517214316434,-0.0483734155579463,2.459291220170254,-0.02098621428012848,depth/001094.png,1.0,-0.003938524229403592,-0.0931201929432635,-0.9956470849116688,0.5679786162506277,0.015154517214316434,-0.0483734155579463,-0.02098621428012848,0.99974838997006,-0.0025270688195084237,0.022288352910303823,1.0202191951950164,0.20404383903900328,0.6,0.0,0.02274465560913086,-0.00788468247843177,0.6,0.0,0.02274465560913086,-0.00788468247843177,goal_capture,TERMINAL_SETTLING,NONE,DIRECT_LOCAL,PASS_THROUGH,0,6,0,0,0,0,1,0.6,1.0202191951950164,inf,0.0,0,0,0,CLEAR,none,nan,0.0,0.0,0,0,0,0,0.0,0,0,1,1,0.0,0.6,"-2.280,20.972;-2.326,20.914;-2.384,20.841;-2.456,20.753;-2.541,20.651;-2.639,20.532;-2.734,20.415;-2.814,20.317;-2.879,20.237;-2.928,20.177;-2.950,20.150",-2.9499999999999997,20.150000000000002,2.0,-2.9499999999999997,20.150000000000002,2.0,-2.9499999999999997,20.150000000000002,2.0,3.3786719036034865,0.0,0.0,0,0,4,1,,,0,1,PASS_THROUGH,-1,0.9998057023827058,-0.003230538905381003,0.01944533623790391,0.22083706151981852,0,0.99974838997006,-0.0025270688195084237,0.022288352910303823,1.02047269713753,0.204094539427506,0,0,0,BYPASS_VISIBLE,1,0,1,1,1
1787562365843579136,1787562365860191744,joint_v2_000003_c1d41e01,1095,317,0.03333333333333333,10.566666666666666,16.612768173217773,frame_id_exact,1,,-2.315953254699707,20.925491333007812,1.9775172472000122,-0.007795158663259426,-0.031097720957193768,-0.9418715110300128,-0.3344401649962573,-0.33077237010002136,-0.4307876527309418,0.010871217586100101,0.5425065841679121,0.014933037593511693,-0.023877949273739957,2.459400662145832,-0.02076146937906742,depth/001095.png,1.0,0.006116578118097205,-0.06379414315410854,-0.9979443345053662,0.5425065841679121,0.014933037593511693,-0.023877949273739957,-0.02076146937906742,0.9997431192773913,-0.0031919845130156,0.022438954796966656,1.0016995970829403,0.20033991941658807,0.6,0.0,0.022482752799987793,-0.009683288369179976,0.6,0.0,0.022482752799987793,-0.009683288369179976,goal_capture,TERMINAL_SETTLING,NONE,DIRECT_LOCAL,PASS_THROUGH,0,6,0,0,0,0,1,0.6,1.0016995970829403,inf,0.0,0,0,0,CLEAR,none,nan,0.0,0.0,0,0,0,0,0.18293361153808127,0,0,1,1,0.0,0.6,"-2.316,20.925;-2.355,20.875;-2.407,20.808;-2.472,20.727;-2.553,20.632;-2.646,20.522;-2.740,20.407;-2.819,20.310;-2.883,20.232;-2.931,20.174;-2.950,20.150",-2.9499999999999997,20.150000000000002,2.0,-2.9499999999999997,20.150000000000002,2.0,-2.9499999999999997,20.150000000000002,2.0,3.3786719036034865,0.0,0.0,0,0,4,1,,,0,1,PASS_THROUGH,-1,0.9998057023827058,-0.003230538905381003,0.01944533623790391,0.22083706151981852,0,0.9997431192773913,-0.0031919845130156,0.022438954796966656,1.0019518735795598,0.20039037471591198,0,0,0,BYPASS_VISIBLE,1,0,1,1,1
1787562365891329792,1787562365907957504,joint_v2_000003_c1d41e01,1096,318,0.03333333333333333,10.6,16.627788543701172,frame_id_exact,1,,-2.326836585998535,20.91138458251953,1.9779603481292725,0.00357112850453113,-0.012095487273978594,-0.9422372371215069,-0.3347087319004964,-0.32412073016166687,-0.4171608090400696,0.015395579859614372,0.5283510382477394,0.011826418065937962,0.004441668265047759,2.4590952126275614,-0.02042390964925289,depth/001096.png,1.0,0.014826630925414475,-0.020403061234933212,-0.9996818924576183,0.5283510382477394,0.011826418065937962,0.004441668265047759,-0.02042390964925289,0.9997434268947961,-0.0033982847914185714,0.0223949110542116,0.9838897921253165,0.1967779584250633,0.6,0.0,0.02203965187072754,-0.01113447511710941,0.6,0.0,0.02203965187072754,-0.01113447511710941,goal_capture,TERMINAL_SETTLING,NONE,DIRECT_LOCAL,PASS_THROUGH,0,6,0,0,0,0,1,0.6,0.9838897921253165,inf,0.0,0,0,0,CLEAR,none,nan,0.0,0.0,0,0,0,0,0.0,0,0,1,1,0.0,0.6,"-2.316,20.925;-2.355,20.875;-2.407,20.808;-2.472,20.727;-2.553,20.632;-2.646,20.522;-2.740,20.407;-2.819,20.310;-2.883,20.232;-2.931,20.174;-2.950,20.150",-2.9499999999999997,20.150000000000002,2.0,-2.9499999999999997,20.150000000000002,2.0,-2.9499999999999997,20.150000000000002,2.0,3.3786719036034865,0.0,0.0,0,0,4,1,,,1,1,PASS_THROUGH,-1,0.9999942229161667,-0.0033991372864510708,0.0,0.1967779584250633,0,0.9997434268947961,-0.0033982847914185714,0.0223949110542116,0.9841366110977587,0.19682732221955174,0,0,0,CORRIDOR_CLEAR,1,0,0,0,1
1787562365944445184,1787562365963360512,joint_v2_000003_c1d41e01,1097,319,0.03333333333333333,10.633333333333333,18.915414810180664,frame_id_exact,1,,-2.3376903533935547,20.897565841674805,1.9785115718841553,0.014099199370908125,0.009444654281422585,-0.9421351758340779,-0.33480340729851465,-0.328985333442688,-0.41393545269966125,0.017168154940009117,0.5280513080928668,0.006492722887031531,0.03143747345189851,2.458421317021101,-0.019790275022387505,depth/001097.png,1.0,0.02024249848850692,0.027237202023362515,-0.9994240221652075,0.5280513080928668,0.006492722887031531,0.03143747345189851,-0.019790275022387505,0.9997480669793276,-0.0030899183455472628,0.022231845980839427,0.9663217843794403,0.19326435687588805,0.6,0.0,0.021488428115844727,-0.01055297331804761,0.6,0.0,0.021488428115844727,-0.01055297331804761,goal_capture,TERMINAL_SETTLING,NONE,DIRECT_LOCAL,PASS_THROUGH,0,6,0,0,0,0,1,0.6,0.9663217843794403,inf,0.0,0,0,0,CLEAR,none,nan,0.0,0.0,0,0,0,0,0.0,0,0,1,1,0.0,0.6,"-2.316,20.925;-2.355,20.875;-2.407,20.808;-2.472,20.727;-2.553,20.632;-2.646,20.522;-2.740,20.407;-2.819,20.310;-2.883,20.232;-2.931,20.174;-2.950,20.150",-2.9499999999999997,20.150000000000002,2.0,-2.9499999999999997,20.150000000000002,2.0,-2.9499999999999997,20.150000000000002,2.0,3.3786719036034865,0.0,0.0,0,0,4,1,,,0,1,PASS_THROUGH,-1,0.9997434268947961,-0.0033982847914185714,0.0223949110542116,0.1967779584250633,0,0.9997480669793276,-0.0030899183455472628,0.022231845980839427,0.966560677613752,0.1933121355227504,0,0,0,CORRIDOR_CLEAR,1,0,0,0,1
1787562365993838592,1787562366010675712,joint_v2_000003_c1d41e01,1098,320,0.03333333333333333,10.666666666666666,16.837120056152344,frame_id_exact,1,,-2.3488826751708984,20.883670806884766,1.9790608882904053,0.021441630886230214,0.028707389118146884,-0.9416276696929341,-0.3347438930639551,-0.3440018892288208,-0.42153167724609375,0.015168423764407635,0.5417690529047696,-1.5424694152995982e-05,0.05237011429381615,2.4577442735563113,-0.019125038757920265,depth/001098.png,1.0,0.021160819465413375,0.06841825382957198,-0.997432284549916,0.5417690529047696,-1.5424694152995982e-05,0.05237011429381615,-0.019125038757920265,0.9997531080649302,-0.0025669277712957964,0.022071107727723693,0.9484803061132241,0.18969606122264482,0.6,0.0,0.020939111709594727,-0.00662117622382663,0.6,0.0,0.020939111709594727,-0.00662117622382663,goal_capture,TERMINAL_SETTLING,NONE,DIRECT_LOCAL,PASS_THROUGH,0,6,0,0,0,0,1,0.6,0.9484803061132241,inf,0.0,0,0,0,CLEAR,none,nan,0.0,0.0,0,0,0,0,0.14711012472564355,0,0,1,1,0.0,0.6,"-2.349,20.884;-2.390,20.834;-2.443,20.768;-2.509,20.687;-2.588,20.591;-2.680,20.480;-2.769,20.371;-2.843,20.281;-2.901,20.209;-2.943,20.159;-2.950,20.150",-2.9499999999999997,20.150000000000002,2.0,-2.9499999999999997,20.150000000000002,2.0,-2.9499999999999997,20.150000000000002,2.0,3.3786719036034865,0.0,0.0,0,0,4,1,,,0,1,PASS_THROUGH,-1,0.9997434268947961,-0.0033982847914185714,0.0223949110542116,0.1967779584250633,0,0.9997531080649302,-0.0025669277712957964,0.022071107727723693,0.9487114089562865,0.1897422817912573,0,0,0,CORRIDOR_CLEAR,1,0,0,0,1
1787562366043052288,1787562366066174464,joint_v2_000003_c1d41e01,1099,321,0.03333333333333333,10.7,23.122310638427734,frame_id_exact,1,,-2.3606975078582764,20.869367599487305,1.979478120803833,0.023971510522277955,0.04139704725435286,-0.9411178920349007,-0.3346771047647064,-0.36559420824050903,-0.4379553198814392,0.009341576136648655,0.5670440816706039,-0.006356568682907401,0.06302266126637637,2.4574333675046294,-0.01872866600751877,depth/001099.png,1.0,0.017410747061448236,0.09396443517383683,-0.9954233023238024,0.5670440816706039,-0.006356568682907401,0.06302266126637637,-0.01872866600751877,0.9997542164956622,-0.0021764238607586755,0.022062859704102124,0.9299285835141159,0.18598571670282318,0.6,0.0,0.020521879196166992,-0.005531719311053784,0.6,0.0,0.020521879196166992,-0.005531719311053784,goal_capture,TERMINAL_SETTLING,NONE,DIRECT_LOCAL,PASS_THROUGH,0,6,0,0,0,0,1,0.6,0.9299285835141159,inf,0.0,0,0,0,CLEAR,none,nan,0.0,0.0,0,0,0,0,0.0,0,0,1,1,0.0,0.6,"-2.349,20.884;-2.390,20.834;-2.443,20.768;-2.509,20.687;-2.588,20.591;-2.680,20.480;-2.769,20.371;-2.843,20.281;-2.901,20.209;-2.943,20.159;-2.950,20.150",-2.9499999999999997,20.150000000000002,2.0,-2.9499999999999997,20.150000000000002,2.0,-2.9499999999999997,20.150000000000002,2.0,3.3786719036034865,0.0,0.0,0,0,4,1,,,0,1,PASS_THROUGH,-1,0.9997434268947961,-0.0033982847914185714,0.0223949110542116,0.1967779584250633,0,0.9997542164956622,-0.0021764238607586755,0.022062859704102124,0.9301549967410335,0.18603099934820672,0,0,0,CORRIDOR_CLEAR,1,0,0,0,1
1787562366096690944,1787562366113410560,joint_v2_000003_c1d41e01,1100,322,0.03333333333333333,10.733333333333333,16.719579696655273,frame_id_exact,1,,-2.373274803161621,20.854419708251953,1.9796552658081055,0.021176786522729987,0.044733901003221714,-0.9410055094057644,-0.3347522264027567,-0.38890838623046875,-0.4593896269798279,0.0011301148915663362,0.5987606491136586,-0.011097731285178887,0.06043479833699443,2.457547823001748,-0.01871735230088234,depth/001100.png,1.0,0.009905399665779357,0.09836764747556688,-0.9951008436272094,0.5987606491136586,-0.011097731285178887,0.06043479833699443,-0.01871735230088234,0.9997483778609944,-0.002008757724423988,0.02234157238681016,0.9103950120920207,0.18207900241840413,0.6,0.0,0.02034473419189453,-0.004928184798824731,0.6,0.0,0.02034473419189453,-0.004928184798824731,goal_capture,TERMINAL_SETTLING,NONE,DIRECT_LOCAL,PASS_THROUGH,0,6,0,0,0,0,1,0.6,0.9103950120920207,inf,0.0,0,0,0,CLEAR,none,nan,0.0,0.0,0,0,0,0,0.0,0,0,1,1,0.0,0.6,"-2.349,20.884;-2.390,20.834;-2.443,20.768;-2.509,20.687;-2.588,20.591;-2.680,20.480;-2.769,20.371;-2.843,20.281;-2.901,20.209;-2.943,20.159;-2.950,20.150",-2.9499999999999997,20.150000000000002,2.0,-2.9499999999999997,20.150000000000002,2.0,-2.9499999999999997,20.150000000000002,2.0,3.3786719036034865,0.0,0.0,0,0,4,1,,,0,1,PASS_THROUGH,-1,0.9997434268947961,-0.0033982847914185714,0.0223949110542116,0.1967779584250633,0,0.9997483778609944,-0.002008757724423988,0.02234157238681016,0.9106223071347249,0.182124461426945,0,0,0,CORRIDOR_CLEAR,1,0,0,0,1
1787562366143544832,1787562366160292864,joint_v2_000003_c1d41e01,1101,323,0.03333333333333333,10.766666666666667,16.74795150756836,frame_id_exact,1,,-2.386587142944336,20.83873748779297,1.979554295539856,0.013782388234670281,0.03811602704523057,-0.9413473439232027,-0.3349961079558501,-0.40890637040138245,-0.4811052680015564,-0.006913843564689159,0.6297514986917551,-0.013040605915742987,0.044243557489853196,2.4577889737115046,-0.018827375024557114,depth/001101.png,1.0,0.0004105876934662085,0.08099493447376761,-0.9967144285136722,0.6297514986917551,-0.013040605915742987,0.044243557489853196,-0.018827375024557114,0.9997344389519208,-0.0018386856059215,0.02297108636373848,0.889827721857997,0.1779655443715994,0.6,0.0,0.020445704460144043,-0.00349963016697874,0.6,0.0,0.020445704460144043,-0.00349963016697874,goal_capture,TERMINAL_SETTLING,NONE,DIRECT_LOCAL,PASS_THROUGH,0,6,0,0,0,0,1,0.6,0.889827721857997,inf,0.0,0,0,0,CLEAR,none,nan,0.0,0.0,0,0,0,0,0.10537679025881333,0,0,1,1,0.0,0.6,"-2.387,20.839;-2.434,20.783;-2.494,20.712;-2.565,20.624;-2.648,20.519;-2.741,20.405;-2.820,20.308;-2.884,20.230;-2.931,20.173;-2.950,20.150",-2.9499999999999997,20.150000000000002,2.0,-2.9499999999999997,20.150000000000002,2.0,-2.9499999999999997,20.150000000000002,2.0,3.3786719036034865,0.0,0.0,0,0,4,1,,,0,1,PASS_THROUGH,-1,0.9997434268947961,-0.0033982847914185714,0.0223949110542116,0.1967779584250633,0,0.9997344389519208,-0.0018386856059215,0.02297108636373848,0.8900625828658704,0.17801251657317407,0,0,0,CORRIDOR_CLEAR,1,0,0,0,1
1787562366188274688,1787562366204928512,joint_v2_000003_c1d41e01,1102,324,0.03333333333333333,10.8,16.653776168823242,frame_id_exact,1,,-2.4004499912261963,20.8223934173584,1.9792253971099854,0.0035473841018437363,0.02321774044206564,-0.9418213448697011,-0.33529227092586933,-0.42134007811546326,-0.49840596318244934,-0.012213415466248989,0.6524060115714021,-0.011625290263162006,0.017787123750453743,2.4577703913210227,-0.018502486869692802,depth/001102.png,1.0,-0.008887453706039444,0.04611274799867084,-0.9988967051895977,0.6524060115714021,-0.011625290263162006,0.017787123750453743,-0.018502486869692802,0.9997130174186297,-0.0013809648143583467,0.023916014298374564,0.8683997465742319,0.17367994931484637,0.6,0.0,0.02077460289001465,-0.0017642503406856136,0.6,0.0,0.02077460289001465,-0.0017642503406856136,goal_capture,TERMINAL_SETTLING,NONE,DIRECT_LOCAL,PASS_THROUGH,0,6,0,0,0,0,1,0.6,0.8683997465742318,inf,0.0,0,0,0,CLEAR,none,nan,0.0,0.0,0,0,0,0,0.0,0,0,1,1,0.0,0.6,"-2.387,20.839;-2.434,20.783;-2.494,20.712;-2.565,20.624;-2.648,20.519;-2.741,20.405;-2.820,20.308;-2.884,20.230;-2.931,20.173;-2.950,20.150",-2.9499999999999997,20.150000000000002,2.0,-2.9499999999999997,20.150000000000002,2.0,-2.9499999999999997,20.150000000000002,2.0,3.3786719036034865,0.0,0.0,0,0,4,1,,,1,1,PASS_THROUGH,-1,0.9999990459219263,-0.0013813599230465808,0.0,0.17367994931484637,0,0.9997130174186297,-0.0013809648143583467,0.023916014298374564,0.8686482049572357,0.17372964099144714,0,0,0,CORRIDOR_CLEAR,1,0,0,0,1
1787562366236648704,1787562366253321984,joint_v2_000003_c1d41e01,1103,325,0.03333333333333333,10.833333333333334,16.67308807373047,frame_id_exact,1,,-2.4145617485046387,20.805599212646484,1.9787887334823608,-0.007174438361984711,0.0035338421161103116,-0.9420128839729244,-0.33548139415338996,-0.4235502779483795,-0.5075138807296753,-0.013310921378433704,0.661015442646973,-0.007204666267225923,-0.012207992365317229,2.4573521420714983,-0.017389312386512756,depth/001103.png,1.0,-0.015887903304179708,0.001844068438711724,-0.999872078788177,0.661015442646973,-0.007204666267225923,-0.012207992365317229,-0.017389312386512756,0.9996859944326566,-0.0006100319587550316,0.025050756399752454,0.8464658580161972,0.16929317160323945,0.6,0.0,0.02121126651763916,-0.0003071493939321712,0.6,0.0,0.02121126651763916,-0.0003071493939321712,goal_capture,TERMINAL_SETTLING,NONE,DIRECT_LOCAL,PASS_THROUGH,0,6,0,0,0,0,1,0.6,0.8464658580161972,inf,0.0,0,0,0,CLEAR,none,nan,0.0,0.0,0,0,0,0,0.0,0,0,1,1,0.0,0.6,"-2.387,20.839;-2.434,20.783;-2.494,20.712;-2.565,20.624;-2.648,20.519;-2.741,20.405;-2.820,20.308;-2.884,20.230;-2.931,20.173;-2.950,20.150",-2.9499999999999997,20.150000000000002,2.0,-2.9499999999999997,20.150000000000002,2.0,-2.9499999999999997,20.150000000000002,2.0,3.3786719036034865,0.0,0.0,0,0,4,1,,,0,1,PASS_THROUGH,-1,0.9997130174186297,-0.0013809648143583467,0.023916014298374564,0.17367994931484637,0,0.9996859944326566,-0.0006100319587550316,0.025050756399752454,0.8467315788456099,0.16934631576912199,0,0,0,CORRIDOR_CLEAR,1,0,0,0,1
1787562366279750912,1787562366295287296,joint_v2_000003_c1d41e01,1104,326,0.03333333333333333,10.866666666666667,15.53654670715332,frame_id_exact,1,,-2.4285671710968018,20.788673400878906,1.978385329246521,-0.01597391311576942,-0.016454480552762666,-0.9417635972138311,-0.33549278849533226,-0.41508814692497253,-0.5063886642456055,-0.01038893312215805,0.6537676147744874,-0.0009794508389483348,-0.037716382032275494,2.456751200540277,-0.015673866495490074,depth/001104.png,1.0,-0.019046580627199286,-0.04171072690009288,-0.9989481683390172,0.6537676147744874,-0.0009794508389483348,-0.037716382032275494,-0.015673866495490074,0.9996565358473688,0.00016148280193021045,0.02620656904180615,0.8244973669140594,0.16489947338281188,0.6,0.0,0.021614670753479004,0.0007932341829586242,0.6,0.0,0.021614670753479004,0.0007932341829586242,goal_capture,TERMINAL_SETTLING,NONE,DIRECT_LOCAL,PASS_THROUGH,0,6,0,0,0,0,1,0.6,0.8244973669140594,inf,0.0,0,0,0,CLEAR,none,nan,0.0,0.0,0,0,0,0,0.009255461853413938,0,0,1,1,0.0,0.6,"-2.429,20.789;-2.476,20.730;-2.537,20.656;-2.610,20.567;-2.695,20.462;-2.782,20.356;-2.853,20.268;-2.909,20.200;-2.948,20.153;-2.950,20.150",-2.9499999999999997,20.150000000000002,2.0,-2.9499999999999997,20.150000000000002,2.0,-2.9499999999999997,20.150000000000002,2.0,3.3786719036034865,0.0,0.0,0,0,4,1,,,0,1,PASS_THROUGH,-1,0.9997130174186297,-0.0013809648143583467,0.023916014298374564,0.17367994931484637,0,0.9996565358473688,0.00016148280193021045,0.02620656904180615,0.8247806387397794,0.16495612774795587,0,0,0,CORRIDOR_CLEAR,1,0,0,0,1
1787562366326490112,1787562366341967360,joint_v2_000003_c1d41e01,1105,327,0.03333333333333333,10.9,15.477180480957031,frame_id_exact,1,,-2.4421372413635254,20.771955490112305,1.9781280755996704,-0.02091755761425454,-0.03228788505012441,-0.9412912158152024,-0.3353964747751271,-0.39796099066734314,-0.49530932307243347,-0.00483974302187562,0.6332186240740884,0.005419975723532601,-0.05227328875054466,2.456349040866557,-0.013948432169854641,depth/001105.png,1.0,-0.017720540829699892,-0.07481595531931938,-0.9970398965248886,0.6332186240740884,0.005419975723532601,-0.05227328875054466,-0.013948432169854641,0.9996291075249161,0.0004873520352331667,0.027228842739519844,0.8029652628169441,0.16059305256338882,0.6,0.0,0.02187192440032959,0.0015488169592647871,0.6,0.0,0.02187192440032959,0.0015488169592647871,goal_capture,TERMINAL_SETTLING,NONE,DIRECT_LOCAL,PASS_THROUGH,0,6,0,0,0,0,1,0.6,0.8029652628169441,inf,0.0,0,0,0,CLEAR,none,nan,0.0,0.0,0,0,0,0,0.0,0,0,1,1,0.0,0.6,"-2.429,20.789;-2.476,20.730;-2.537,20.656;-2.610,20.567;-2.695,20.462;-2.782,20.356;-2.853,20.268;-2.909,20.200;-2.948,20.153;-2.950,20.150",-2.9499999999999997,20.150000000000002,2.0,-2.9499999999999997,20.150000000000002,2.0,-2.9499999999999997,20.150000000000002,2.0,3.3786719036034865,0.0,0.0,0,0,4,1,,,0,1,PASS_THROUGH,-1,0.9997130174186297,-0.0013809648143583467,0.023916014298374564,0.17367994931484637,0,0.9996291075249161,0.0004873520352331667,0.027228842739519844,0.8032630916254387,0.16065261832508776,0,0,0,CORRIDOR_CLEAR,1,0,0,0,1
1787562366367725824,1787562366382947840,joint_v2_000003_c1d41e01,1106,328,0.03333333333333333,10.933333333333334,15.22207260131836,frame_id_exact,1,,-2.4550464153289795,20.7557373046875,1.9780758619308472,-0.02097537904627963,-0.04051752510080567,-0.9409927489780738,-0.3353371586989106,-0.3762352764606476,-0.4769025444984436,0.0017082494450733066,0.6050371128963915,0.01047449440782684,-0.05303126722581885,2.4563675834126735,-0.012732145376503468,depth/001106.png,1.0,-0.012301295689599583,-0.09032104267681462,-0.9958367272671409,0.6050371128963915,0.01047449440782684,-0.05303126722581885,-0.012732145376503468,0.9996074529334825,0.00013829210275828898,0.028016440086665928,0.7822382842003883,0.15644765684007766,0.5822382786284469,8.055057575009516e-05,0.021924138069152832,0.00034586602338126937,0.5822382786284469,8.055057575009516e-05,0.021924138069152832,0.00034586602338126937,goal_capture,TERMINAL_SETTLING,NONE,DIRECT_LOCAL,PASS_THROUGH,0,6,0,0,0,0,1,0.5822382842003884,0.7822382842003883,inf,0.0,0,0,0,CLEAR,none,nan,0.0,0.0,0,0,0,0,0.007926665366687914,0,0,0,1,0.0,0.5822382842003884,,-2.9499999999999997,20.150000000000002,2.0,-2.9499999999999997,20.150000000000002,2.0,-2.9499999999999997,20.150000000000002,2.0,3.3786719036034865,0.0,0.0,0,0,4,1,,,0,1,PASS_THROUGH,-1,0.9997130174186297,-0.0013809648143583467,0.023916014298374564,0.17367994931484637,0,0.9996074529334825,0.00013829210275828898,0.028016440086665928,0.7825454626402499,0.15650909252804998,0,0,0,CORRIDOR_CLEAR,1,0,0,0,1
1787562366410769408,1787562366427851520,joint_v2_000003_c1d41e01,1107,329,0.03333333333333333,10.966666666666667,17.08197593688965,frame_id_exact,1,,-2.4672255516052246,20.740196228027344,1.978239893913269,-0.01636361277793677,-0.039808632770272724,-0.9410912702562887,-0.33540233448981904,-0.3549829423427582,-0.45545434951782227,0.008015439845621586,0.575861079802269,0.013158187785163346,-0.041553339073036856,2.4566913843757066,-0.012073375284671783,depth/001107.png,1.0,-0.004095489542346335,-0.085903901414699,-0.9962950098676306,0.575861079802269,0.013158187785163346,-0.041553339073036856,-0.012073375284671783,0.9995927876410002,-0.0007128729594486331,0.028526316064957934,0.7624977085871021,0.15249954171742042,0.5624975655434298,-0.0004011526585520327,0.021760106086730957,-0.0017829081187015206,0.5624975655434298,-0.0004011526585520327,0.021760106086730957,-0.0017829081187015206,goal_capture,TERMINAL_SETTLING,NONE,DIRECT_LOCAL,PASS_THROUGH,0,6,0,0,0,0,1,0.5624977085871022,0.7624977085871021,inf,0.0,0,0,0,CLEAR,none,nan,0.0,0.0,0,0,0,0,0.04086124418448269,0,0,0,1,0.0,0.5624977085871022,,-2.9499999999999997,20.150000000000002,2.0,-2.9499999999999997,20.150000000000002,2.0,-2.9499999999999997,20.150000000000002,2.0,3.3786719036034865,0.0,0.0,0,0,4,1,,,0,1,PASS_THROUGH,-1,0.9997130174186297,-0.0013809648143583467,0.023916014298374564,0.17367994931484637,0,0.9995927876410002,-0.0007128729594486331,0.028526316064957934,0.7628081395852347,0.15256162791704694,0,0,0,CORRIDOR_CLEAR,1,0,0,0,1
1787562366454496000,1787562366472870656,joint_v2_000003_c1d41e01,1108,330,0.03333333333333333,11.0,18.37468147277832,frame_id_exact,1,,-2.4787676334381104,20.725353240966797,1.9785997867584229,-0.008667463505183397,-0.0318098293891645,-0.9414463495492746,-0.335546987396644,-0.3386598825454712,-0.43539318442344666,0.013410656712949276,0.5511281298060848,0.013040113009869955,-0.02292000852337241,2.4569988597990577,-0.011593777686357498,depth/001108.png,1.0,0.005027481088657811,-0.06571117805149758,-0.9978260196612371,0.5511281298060848,0.013040113009869955,-0.02292000852337241,-0.011593777686357498,0.9995848968272596,-0.0016437280261992308,0.02876338285064633,0.7437010791887513,0.14874021583775027,0.5437003440829202,-0.0008940666233152057,0.02140021324157715,-0.004111022860151525,0.5437003440829202,-0.0008940666233152057,0.02140021324157715,-0.004111022860151525,goal_capture,TERMINAL_SETTLING,NONE,DIRECT_LOCAL,PASS_THROUGH,0,6,0,0,0,0,1,0.5437010791887513,0.7437010791887514,inf,0.0,0,0,0,CLEAR,none,nan,0.0,0.0,0,0,0,0,0.09421770374739315,0,0,0,1,0.0,0.5437010791887513,,-2.9499999999999997,20.150000000000002,2.0,-2.9499999999999997,20.150000000000002,2.0,-2.9499999999999997,20.150000000000002,2.0,3.3786719036034865,0.0,0.0,0,0,4,1,,,1,1,PASS_THROUGH,-1,0.999998647959588,-0.0016444084029578162,0.0,0.14874021583775027,0,0.9995848968272596,-0.0016437280261992308,0.02876338285064633,0.7440089141356429,0.14880178282712858,0,0,0,CORRIDOR_CLEAR,1,0,0,0,1
1787562366511557888,1787562366530323200,joint_v2_000003_c1d41e01,1109,331,0.03333333333333333,11.033333333333333,18.76544952392578,frame_id_exact,1,,-2.4898877143859863,20.71111488342285,1.9791181087493896,-4.848754534375628e-05,-0.019630939772287106,-0.9417715561063191,-0.3356798474166971,-0.32988226413726807,-0.4199671745300293,0.017463786527514458,0.5342183764129774,0.01022158559116075,-0.0024423770450005405,2.457043854589899,-0.010971596464514732,depth/001109.png,1.0,0.013088093352755082,-0.037008273977997726,-0.9992292477052296,0.5342183764129774,0.01022158559116075,-0.0024423770450005405,-0.010971596464514732,0.9995836249402252,-0.0022658660641225216,0.028765302055399383,0.7256398747116846,0.14512797494233692,0.5256385242357858,-0.0011915226143610397,0.02088189125061035,-0.005667015061581182,0.5256385242357858,-0.0011915226143610397,0.02088189125061035,-0.005667015061581182,goal_capture,TERMINAL_SETTLING,NONE,DIRECT_LOCAL,PASS_THROUGH,0,6,0,0,0,0,1,0.5256398747116845,0.7256398747116847,inf,0.0,0,0,0,CLEAR,none,nan,0.0,0.0,0,0,0,0,0.12987841818626883,0,0,0,1,0.0,0.5256398747116845,,-2.9499999999999997,20.150000000000002,2.0,-2.9499999999999997,20.150000000000002,2.0,-2.9499999999999997,20.150000000000002,2.0,3.3786719036034865,0.0,0.0,0,0,4,1,,,0,1,PASS_THROUGH,-1,0.9995848968272596,-0.0016437280261992308,0.02876338285064633,0.14874021583775027,0,0.9995836249402252,-0.0022658660641225216,0.028765302055399383,0.7259402738199553,0.14518805476399105,0,0,0,CORRIDOR_CLEAR,1,0,0,0,1
1787562366564019456,1787562366584191232,joint_v2_000003_c1d41e01,1110,332,0.03333333333333333,11.066666666666666,20.1718807220459,frame_id_exact,1,,-2.5008492469787598,20.69728660583496,1.979743480682373,0.007293284247343232,-0.006842933527901587,-0.9418962292844846,-0.3357550826499724,-0.3290664851665497,-0.41073668003082275,0.019761500880122185,0.5264153254429784,0.005270166278241715,0.015460251802844665,2.4568168276594267,-0.010111553594470024,depth/001110.png,1.0,0.01833413328780277,-0.007993152063836825,-0.9997999645312403,0.5264153254429784,0.005270166278241715,0.015460251802844665,-0.010111553594470024,0.9995879497580569,-0.0024511942705037816,0.028599341690547644,0.7079964885971515,0.1415992977194303,0.5079949612343907,-0.0012457076325539645,0.020256519317626953,-0.006130499466938666,0.5079949612343907,-0.0012457076325539645,0.020256519317626953,-0.006130499466938666,goal_capture,TERMINAL_SETTLING,NONE,DIRECT_LOCAL,PASS_THROUGH,0,6,0,0,0,0,1,0.5079964885971515,0.7079964885971515,inf,0.0,0,0,0,CLEAR,none,nan,0.0,0.0,0,0,0,0,0.1405006983051146,0,0,0,1,0.0,0.5079964885971515,,-2.9499999999999997,20.150000000000002,2.0,-2.9499999999999997,20.150000000000002,2.0,-2.9499999999999997,20.150000000000002,2.0,3.3786719036034865,0.0,0.0,0,0,4,1,,,0,1,PASS_THROUGH,-1,0.9995848968272596,-0.0016437280261992308,0.02876338285064633,0.14874021583775027,0,0.9995879497580569,-0.0024511942705037816,0.028599341690547644,0.7082862094102651,0.14165724188205303,0,0,0,CORRIDOR_CLEAR,1,0,0,0,1
1787562366614321920,1787562366632006144,joint_v2_000003_c1d41e01,1111,333,0.03333333333333333,11.1,17.684221267700195,frame_id_exact,1,,-2.5118958950042725,20.683664321899414,1.9804126024246216,0.011537113707980412,0.003177008345969474,-0.9418572336166836,-0.33580016841744853,-0.33456096053123474,-0.4074890613555908,0.020106881856918335,0.5269089047309867,-0.0008387185129327471,0.027367148198143496,2.4564977821338947,-0.009245714172720909,depth/001111.png,1.0,0.01959894812655872,0.013732906036206001,-0.9997136032505175,0.5269089047309867,-0.0008387185129327471,0.027367148198143496,-0.009245714172720909,0.9995952487708881,-0.0022811100004037537,0.02835727722883096,0.6904584095240396,0.13809168190480792,0.4904571324543889,-0.0011192396832485532,0.019587397575378418,-0.005705074237445373,0.4904571324543889,-0.0011192396832485532,0.019587397575378418,-0.005705074237445373,goal_capture,TERMINAL_SETTLING,NONE,DIRECT_LOCAL,PASS_THROUGH,0,6,0,0,0,0,1,0.4904584095240396,0.6904584095240396,inf,0.0,0,0,0,CLEAR,none,nan,0.0,0.0,0,0,0,0,0.13075067024577455,0,0,0,1,0.0,0.4904584095240396,,-2.9499999999999997,20.150000000000002,2.0,-2.9499999999999997,20.150000000000002,2.0,-2.9499999999999997,20.150000000000002,2.0,3.3786719036034865,0.0,0.0,0,0,4,1,,,0,1,PASS_THROUGH,-1,0.9995848968272596,-0.0016437280261992308,0.02876338285064633,0.14874021583775027,0,0.9995952487708881,-0.0022811100004037537,0.02835727722883096,0.6907361880097511,0.13814723760195022,0,0,0,CORRIDOR_CLEAR,1,0,0,0,1
1787562366658270976,1787562366676128512,joint_v2_000003_c1d41e01,1112,334,0.03333333333333333,11.133333333333333,17.85755157470703,frame_id_exact,1,,-2.5231881141662598,20.670076370239258,1.9810651540756226,0.011615428415777835,0.007876805354877139,-0.9418011368280952,-0.3358774425730716,-0.34317028522491455,-0.40847694873809814,0.018860701471567154,0.5328828596906282,-0.006834669785982157,0.03105049932916902,2.4562613044522292,-0.008717870339751244,depth/001112.png,1.0,0.016587564896965834,0.022639489256957922,-0.9996060755202386,0.5328828596906282,-0.006834669785982157,0.03105049932916902,-0.008717870339751244,0.9996024194713476,-0.0018869745059564387,0.028132584563842145,0.6727910647223199,0.13455821294446396,0.4727902223277244,-0.0008924979359991595,0.01893484592437744,-0.0047193069659234865,0.4727902223277244,-0.0008924979359991595,0.01893484592437744,-0.0047193069659234865,goal_capture,TERMINAL_SETTLING,NONE,DIRECT_LOCAL,PASS_THROUGH,0,6,0,0,0,0,1,0.4727910647223198,0.6727910647223199,inf,0.0,0,0,0,CLEAR,none,nan,0.0,0.0,0,0,0,0,0.10815854854964224,0,0,0,1,0.0,0.4727910647223198,,-2.9499999999999997,20.150000000000002,2.0,-2.9499999999999997,20.150000000000002,2.0,-2.9499999999999997,20.150000000000002,2.0,3.3786719036034865,0.0,0.0,0,0,4,1,,,0,1,PASS_THROUGH,-1,0.9995848968272596,-0.0016437280261992308,0.02876338285064633,0.14874021583775027,0,0.9996024194713476,-0.0018869745059564387,0.028132584563842145,0.673057460519065,0.134611492103813,0,0,0,CORRIDOR_CLEAR,1,0,0,0,1
1787562366708323328,1787562366727279360,joint_v2_000003_c1d41e01,1113,335,0.03333333333333333,11.166666666666666,18.95618438720703,frame_id_exact,1,,-2.5347647666931152,20.65641975402832,1.981662392616272,0.007447312711045413,0.00603238642556567,-0.9418071816863397,-0.3360169346497741,-0.35095658898353577,-0.4109281897544861,0.01696309819817543,0.5399251180919817,-0.011373102072207835,0.025918537554290695,2.4561087743720407,-0.008657870814204216,depth/001113.png,1.0,0.0099738972003701,0.01636753609369743,-0.9998162956947931,0.5399251180919817,-0.011373102072207835,0.025918537554290695,-0.008657870814204216,0.9996073572036221,-0.0012990603160802315,0.027990067286185652,0.6548902703885019,0.13097805407770038,0.4548898862606068,-0.0005911615147376375,0.018337607383728027,-0.003248924628753702,0.4548898862606068,-0.0005911615147376375,0.018337607383728027,-0.003248924628753702,goal_capture,TERMINAL_SETTLING,NONE,DIRECT_LOCAL,PASS_THROUGH,0,6,0,0,0,0,1,0.4548902703885018,0.6548902703885019,inf,0.0,0,0,0,CLEAR,none,nan,0.0,0.0,0,0,0,0,0.07445986767347798,0,0,0,1,0.0,0.4548902703885018,,-2.9499999999999997,20.150000000000002,2.0,-2.9499999999999997,20.150000000000002,2.0,-2.9499999999999997,20.150000000000002,2.0,3.3786719036034865,0.0,0.0,0,0,4,1,,,0,1,PASS_THROUGH,-1,0.9995848968272596,-0.0016437280261992308,0.02876338285064633,0.14874021583775027,0,0.9996073572036221,-0.0012990603160802315,0.027990067286185652,0.6551469561053344,0.13102939122106688,0,0,0,CORRIDOR_CLEAR,1,0,0,0,1
1787562366759720448,1787562366775557888,joint_v2_000003_c1d41e01,1114,336,0.03333333333333333,11.2,15.837430953979492,frame_id_exact,1,,-2.5465335845947266,20.642696380615234,1.9822014570236206,-5.9926379614431e-05,-0.002029654861239433,-0.9417956295296186,-0.3361798166292595,-0.3541256785392761,-0.4117031693458557,0.015540367923676968,0.5429422841021949,-0.013360882485715916,0.013459637388232797,2.4558782426526817,-0.008869513869285583,depth/001114.png,1.0,0.0012517811933155077,-0.003863332234157755,-0.9999917538199465,0.5429422841021949,-0.013360882485715916,0.013459637388232797,-0.008869513869285583,0.9996095504389407,-0.00044175369126802006,0.0279383522229828,0.6368161994102618,0.12736323988205236,0.43681615675542773,-0.0001930405222393563,0.017798542976379395,-0.0011048155310144914,0.43681615675542773,-0.0001930405222393563,0.017798542976379395,-0.0011048155310144914,goal_capture,TERMINAL_SETTLING,NONE,DIRECT_LOCAL,PASS_THROUGH,0,6,0,0,0,0,1,0.43681619941026184,0.6368161994102618,inf,0.0,0,0,0,CLEAR,none,nan,0.0,0.0,0,0,0,0,0.025320506827054105,0,0,0,1,0.0,0.43681619941026184,,-2.9499999999999997,20.150000000000002,2.0,-2.9499999999999997,20.150000000000002,2.0,-2.9499999999999997,20.150000000000002,2.0,3.3786719036034865,0.0,0.0,0,0,4,1,,,1,1,PASS_THROUGH,-1,0.999999902350613,-0.000441926198021044,0.0,0.12736323988205236,0,0.9996095504389407,-0.00044175369126802006,0.0279383522229828,0.637064878927894,0.1274129757855788,0,0,0,CORRIDOR_CLEAR,1,0,0,0,1
1787562366802072064,1787562366818858496,joint_v2_000003_c1d41e01,1115,337,0.03333333333333333,11.233333333333333,16.78633689880371,frame_id_exact,1,,-2.5582892894744873,20.62902069091797,1.9827126264572144,-0.00924622151647134,-0.014555665270435255,-0.9416024884788361,-0.3362846914247909,-0.3498394787311554,-0.4079802930355072,0.01533895917236805,0.537505139547608,-0.012290836437653599,-0.002832728770253052,2.455420153823607,-0.009000775404274464,depth/001115.png,1.0,-0.007622835569970215,-0.033630026779237265,-0.9994052799924068,0.537505139547608,-0.012290836437653599,-0.002832728770253052,-0.009000775404274464,0.9996097229999399,0.0007120121476569801,0.027926595257656055,0.6187876073968579,0.12375752147937158,0.4187875011594358,0.0002982982070417454,0.017287373542785645,0.0017807250441315148,0.4187875011594358,0.0002982982070417454,0.017287373542785645,0.0017807250441315148,goal_capture,TERMINAL_SETTLING,NONE,DIRECT_LOCAL,PASS_THROUGH,0,6,0,0,0,0,1,0.4187876073968579,0.6187876073968579,inf,0.0,0,0,0,CLEAR,none,nan,0.0,0.0,0,0,0,0,0.04081121180079322,0,0,0,1,0.0,0.4187876073968579,,-2.9499999999999997,20.150000000000002,2.0,-2.9499999999999997,20.150000000000002,2.0,-2.9499999999999997,20.150000000000002,2.0,3.3786719036034865,0.0,0.0,0,0,4,1,,,0,1,PASS_THROUGH,-1,0.9996095504389407,-0.00044175369126802006,0.0279383522229828,0.12736323988205236,0,0.9996097229999399,0.0007120121476569801,0.027926595257656055,0.6190290432216696,0.12380580864433392,0,0,0,CORRIDOR_CLEAR,1,0,0,0,1
1787562366847072000,1787562366863761664,joint_v2_000003_c1d41e01,1116,338,0.03333333333333333,11.266666666666667,16.689777374267578,frame_id_exact,1,,-2.569758415222168,20.61557388305664,1.9832391738891602,-0.01809292799766745,-0.028790661922572933,-0.9411499183998823,-0.3362745527666737,-0.33684802055358887,-0.39788126945495605,0.016369657590985298,0.521186284272188,-0.008424829184327909,-0.018383105378840418,2.4547747301379785,-0.008812773041427135,depth/001116.png,1.0,-0.0146931814934999,-0.06636104077952673,-0.9976874874850626,0.521186284272188,-0.008424829184327909,-0.018383105378840418,-0.008812773041427135,0.9996095682388948,0.0019663881283762206,0.027871928583774647,0.6011178781061112,0.12022357562122224,0.4011171020047569,0.0007890599815490198,0.016760826110839844,0.004917884077979551,0.4011171020047569,0.0007890599815490198,0.016760826110839844,0.004917884077979551,goal_capture,TERMINAL_SETTLING,NONE,DIRECT_LOCAL,PASS_THROUGH,0,6,0,0,0,0,1,0.40111787810611116,0.6011178781061112,inf,0.0,0,0,0,CLEAR,none,nan,0.0,0.0,0,0,0,0,0.11270960072112579,0,0,0,1,0.0,0.40111787810611116,,-2.9499999999999997,20.150000000000002,2.0,-2.9499999999999997,20.150000000000002,2.0,-2.9499999999999997,20.150000000000002,2.0,3.3786719036034865,0.0,0.0,0,0,4,1,,,0,1,PASS_THROUGH,-1,0.9996095504389407,-0.00044175369126802006,0.0279383522229828,0.12736323988205236,0,0.9996095682388948,0.0019663881283762206,0.027871928583774647,0.6013515017614168,0.12027030035228337,0,0,0,CORRIDOR_CLEAR,1,0,0,0,1
1787562366894804224,1787562366911449344,joint_v2_000003_c1d41e01,1117,339,0.03333333333333333,11.3,16.645193099975586,frame_id_exact,1,,-2.580655574798584,20.60257339477539,1.9838124513626099,-0.02467306960667946,-0.04159964361917141,-0.9405596149135014,-0.3361671014253295,-0.3158184885978699,-0.380929172039032,0.018023591488599777,0.494289779985889,-0.0027158717182735916,-0.029042023742234708,2.4541909382840217,-0.00834044348448515,depth/001117.png,1.0,-0.01844412246441778,-0.09484243815185917,-0.9953214185738838,0.494289779985889,-0.0027158717182735916,-0.029042023742234708,-0.00834044348448515,0.9996120050230527,0.002920339818810073,0.02770037958467104,0.5841557858019416,0.11683115716038832,0.38415414642638046,0.0011222960956177302,0.016187548637390137,0.0073036625605849,0.38415414642638046,0.0011222960956177302,0.016187548637390137,0.0073036625605849,goal_capture,TERMINAL_SETTLING,NONE,DIRECT_LOCAL,PASS_THROUGH,0,6,0,0,0,0,1,0.38415578580194154,0.5841557858019416,inf,0.0,0,0,0,CLEAR,none,nan,0.0,0.0,0,0,0,0,0.1673876158836907,0,0,0,1,0.0,0.38415578580194154,,-2.9499999999999997,20.150000000000002,2.0,-2.9499999999999997,20.150000000000002,2.0,-2.9499999999999997,20.150000000000002,2.0,3.3786719036034865,0.0,0.0,0,0,4,1,,,0,1,PASS_THROUGH,-1,0.9996095504389407,-0.00044175369126802006,0.0279383522229828,0.12736323988205236,0,0.9996120050230527,0.002920339818810073,0.02770037958467104,0.5843800294472525,0.1168760058894505,0,0,0,CORRIDOR_CLEAR,1,0,0,0,1
1787562366942824192,1787562366958873600,joint_v2_000003_c1d41e01,1118,340,0.03333333333333333,11.333333333333334,16.04938507080078,frame_id_exact,1,,-2.5907504558563232,20.590240478515625,1.984440565109253,-0.027567675636850177,-0.05016000990424187,-0.9401043490487059,-0.33604733232998113,-0.289226233959198,-0.35819682478904724,0.019568858668208122,0.45964629868442425,0.0034955360567770744,-0.03244659091703439,2.453960869213262,-0.007835396565496922,depth/001118.png,1.0,-0.018120708482801978,-0.11283937463121131,-0.9934479933327756,0.45964629868442425,0.0034955360567770744,-0.03244659091703439,-0.007835396565496922,0.9996202064511491,0.003191247137477872,0.0273725920634034,0.5682181921507828,0.11364363843015657,0.3682163157623383,0.0011755157169350903,0.01555943489074707,0.007981121918687606,0.3682163157623383,0.0011755157169350903,0.01555943489074707,0.007981121918687606,goal_capture,TERMINAL_SETTLING,NONE,DIRECT_LOCAL,PASS_THROUGH,0,6,0,0,0,0,1,0.3682181921507828,0.5682181921507828,inf,0.0,0,0,0,CLEAR,none,nan,0.0,0.0,0,0,0,0,0.18291384068806144,0,0,0,1,0.0,0.3682181921507828,,-2.9499999999999997,20.150000000000002,2.0,-2.9499999999999997,20.150000000000002,2.0,-2.9499999999999997,20.150000000000002,2.0,3.3786719036034865,0.0,0.0,0,0,4,1,,,0,1,PASS_THROUGH,-1,0.9996095504389407,-0.00044175369126802006,0.0279383522229828,0.12736323988205236,0,0.9996202064511491,0.003191247137477872,0.0273725920634034,0.5684311830865926,0.11368623661731851,0,0,0,CORRIDOR_CLEAR,1,0,0,0,1
1787562366986817792,1787562367010356736,joint_v2_000003_c1d41e01,1119,341,0.03333333333333333,11.366666666666667,23.538827896118164,frame_id_exact,1,,-2.599916934967041,20.578731536865234,1.985111951828003,-0.0261683573652779,-0.05258465846899295,-0.9400265843226936,-0.3360060885357771,-0.26078614592552185,-0.33206599950790405,0.0206263717263937,0.42167422638677005,0.00885375365735059,-0.02855077921459156,2.4542022559695384,-0.007537656929343939,depth/001119.png,1.0,-0.013860372364523484,-0.11644740858019252,-0.993100141533005,0.42167422638677005,0.00885375365735059,-0.02855077921459156,-0.007537656929343939,0.999634979860451,0.002634929313313495,0.02688799335967416,0.553505991951031,0.1107011983902062,0.35350476389107854,0.0009318001906081539,0.01488804817199707,0.006589713405380504,0.35350476389107854,0.0009318001906081539,0.01488804817199707,0.006589713405380504,goal_capture,TERMINAL_SETTLING,NONE,DIRECT_LOCAL,PASS_THROUGH,0,6,0,0,0,0,1,0.353505991951031,0.553505991951031,inf,0.0,0,0,0,CLEAR,none,nan,0.0,0.0,0,0,0,0,0.1510251065316337,0,0,0,1,0.0,0.353505991951031,,-2.9499999999999997,20.150000000000002,2.0,-2.9499999999999997,20.150000000000002,2.0,-2.9499999999999997,20.150000000000002,2.0,3.3786719036034865,0.0,0.0,0,0,4,1,,,0,1,PASS_THROUGH,-1,0.9996095504389407,-0.00044175369126802006,0.0279383522229828,0.12736323988205236,0,0.999634979860451,0.002634929313313495,0.02688799335967416,0.5537061830105082,0.11074123660210164,0,0,0,CORRIDOR_CLEAR,1,0,0,0,1
1787562367040664320,1787562367059441920,joint_v2_000003_c1d41e01,1120,342,0.03333333333333333,11.4,18.77737045288086,frame_id_exact,1,,-2.6081619262695312,20.568105697631836,1.9858111143112183,-0.020797937357043942,-0.04833013109502276,-0.9403646236599527,-0.3360744244939,-0.23459169268608093,-0.30566874146461487,0.021270528435707092,0.3852289849389624,0.012279630346920627,-0.01915507784521333,2.454762481864128,-0.0074728503823280334,depth/001120.png,1.0,-0.006630247084370766,-0.10487520073307197,-0.9944632884600608,0.3852289849389624,0.012279630346920627,-0.01915507784521333,-0.0074728503823280334,0.9996539891335854,0.0014561469457247769,0.026263694435131747,0.5400607771760134,0.10801215543520268,0.3400604164006634,0.0004953493329555698,0.014188885688781738,0.0036416248313297928,0.3400604164006634,0.0004953493329555698,0.014188885688781738,0.0036416248313297928,goal_capture,TERMINAL_SETTLING,NONE,DIRECT_LOCAL,PASS_THROUGH,0,6,0,0,0,0,1,0.3400607771760134,0.5400607771760134,inf,0.0,0,0,0,CLEAR,none,nan,0.0,0.0,0,0,0,0,0.08345989336209496,0,0,0,1,0.0,0.3400607771760134,,-2.9499999999999997,20.150000000000002,2.0,-2.9499999999999997,20.150000000000002,2.0,-2.9499999999999997,20.150000000000002,2.0,3.3786719036034865,0.0,0.0,0,0,4,1,,,1,1,PASS_THROUGH,-1,0.9999989390856747,0.0014566494174045256,0.0,0.10801215543520268,0,0.9996539891335854,0.0014561469457247769,0.026263694435131747,0.5402471355972643,0.10804942711945287,0,0,0,CORRIDOR_CLEAR,1,0,0,0,1
1787562367087919104,1787562367103944704,joint_v2_000003_c1d41e01,1121,343,0.03333333333333333,11.433333333333334,16.025781631469727,frame_id_exact,1,,-2.61562180519104,20.558320999145508,1.9865280389785767,-0.012623224167380799,-0.038292997032693475,-0.9409251854982476,-0.3362054370246901,-0.21421529352664948,-0.2821887731552124,0.02174181491136551,0.3546430070365341,0.013133935853852018,-0.0068730983016708075,2.4553222211119166,-0.0074406894855201244,depth/001121.png,1.0,0.001993608522166259,-0.08054968386825169,-0.9967486011797484,0.3546430070365341,0.013133935853852018,-0.0068730983016708075,-0.0074406894855201244,0.9996743528365761,0.00010478840471362213,0.025518175878442205,0.5277639770833953,0.10555279541667906,0.32776397528269857,3.4357052369114263e-05,0.01347196102142334,0.00026205634873210926,0.32776397528269857,3.4357052369114263e-05,0.01347196102142334,0.00026205634873210926,goal_capture,TERMINAL_SETTLING,NONE,DIRECT_LOCAL,PASS_THROUGH,0,6,0,0,0,0,1,0.32776397708339533,0.5277639770833953,inf,0.0,0,0,0,CLEAR,none,nan,0.0,0.0,0,0,0,0,0.006005889110783337,0,0,0,1,0.0,0.32776397708339533,,-2.9499999999999997,20.150000000000002,2.0,-2.9499999999999997,20.150000000000002,2.0,-2.9499999999999997,20.150000000000002,2.0,3.3786719036034865,0.0,0.0,0,0,4,1,,,0,1,PASS_THROUGH,-1,0.9996539891335854,0.0014561469457247769,0.026263694435131747,0.10801215543520268,0,0.9996743528365761,0.00010478840471362213,0.025518175878442205,0.527935895010602,0.1055871790021204,0,0,0,CORRIDOR_CLEAR,1,0,0,0,1
1787562367132754688,1787562367150619392,joint_v2_000003_c1d41e01,1122,344,0.03333333333333333,11.466666666666667,17.864704132080078,frame_id_exact,1,,-2.6225337982177734,20.549230575561523,1.9872584342956543,-0.0033940784424436863,-0.024590494452906994,-0.9414214431804241,-0.336317490080691,-0.20196691155433655,-0.26418906450271606,0.022067440673708916,0.3330354981647179,0.011287790215090698,0.005780126100998088,2.4556114791159542,-0.007189441006630659,depth/001122.png,1.0,0.010149910297383867,-0.04858301343855111,-0.9987675756281762,0.3330354981647179,0.011287790215090698,0.005780126100998088,-0.007189441006630659,0.9996952012316639,-0.0009816340469033318,0.02466862438364167,0.5163517849033363,0.10327035698066726,0.3163516323913454,-0.0003106362146844482,0.012741565704345703,-0.002454832558462794,0.3163516323913454,-0.0003106362146844482,0.012741565704345703,-0.002454832558462794,goal_capture,TERMINAL_SETTLING,NONE,DIRECT_LOCAL,PASS_THROUGH,0,6,0,0,0,0,1,0.3163517849033364,0.5163517849033363,inf,0.0,0,0,0,CLEAR,none,nan,0.0,0.0,0,0,0,0,0.056260618004488006,0,0,0,1,0.0,0.3163517849033364,,-2.9499999999999997,20.150000000000002,2.0,-2.9499999999999997,20.150000000000002,2.0,-2.9499999999999997,20.150000000000002,2.0,3.3786719036034865,0.0,0.0,0,0,4,1,,,0,1,PASS_THROUGH,-1,0.9996539891335854,0.0014561469457247769,0.026263694435131747,0.10801215543520268,0,0.9996952012316639,-0.0009816340469033318,0.02466862438364167,0.5165089672691651,0.10330179345383302,0,0,0,CORRIDOR_CLEAR,1,0,0,0,1
1787562367176615168,1787562367194604288,joint_v2_000003_c1d41e01,1123,345,0.03333333333333333,11.5,17.989158630371094,frame_id_exact,1,,-2.629183530807495,20.54062843322754,1.9879932403564453,0.004925330176188283,-0.01009754516519188,-0.9416667303781006,-0.33635925675282097,-0.1984243541955948,-0.2530819773674011,0.021930256858468056,0.3218255355365678,0.007132505248507872,0.016766031656070362,2.455577340752192,-0.0066467770375311375,depth/001123.png,1.0,0.016068844699671594,-0.015703683886453008,-0.9997475614085849,0.3218255355365678,0.007132505248507872,0.016766031656070362,-0.0066467770375311375,0.9997167860683455,-0.001568538226769847,0.023746312155978527,0.5054837086899493,0.10109674173798985,0.30548333268505073,-0.00047929802883669265,0.012006759643554688,-0.0039224532426018754,0.30548333268505073,-0.00047929802883669265,0.012006759643554688,-0.0039224532426018754,goal_capture,TERMINAL_SETTLING,NONE,DIRECT_LOCAL,PASS_THROUGH,0,6,0,0,0,0,1,0.30548370868994934,0.5054837086899493,inf,0.0,0,0,0,CLEAR,none,nan,0.0,0.0,0,0,0,0,0.08989600645539675,0,0,0,1,0.0,0.30548370868994934,,-2.9499999999999997,20.150000000000002,2.0,-2.9499999999999997,20.150000000000002,2.0,-2.9499999999999997,20.150000000000002,2.0,3.3786719036034865,0.0,0.0,0,0,4,1,,,0,1,PASS_THROUGH,-1,0.9996539891335854,0.0014561469457247769,0.026263694435131747,0.10801215543520268,0,0.9997167860683455,-0.001568538226769847,0.023746312155978527,0.5056262869235376,0.10112525738470753,0,0,0,CORRIDOR_CLEAR,1,0,0,0,1
1787562367220973568,1787562367236717056,joint_v2_000003_c1d41e01,1124,346,0.03333333333333333,11.533333333333333,15.743494033813477,frame_id_exact,1,,-2.635845184326172,20.53228187561035,1.9887096881866455,0.010568066551468783,0.0021605223585445046,-0.9416766070660425,-0.3363462736780182,-0.20232126116752625,-0.2488374263048172,0.02091071382164955,0.3204529462243296,0.0015260932213905132,0.024470302380257956,2.45537909036563,-0.006021569017320871,depth/001124.png,1.0,0.018450034817881537,0.011178086337304684,-0.9997672962250039,0.3204529462243296,0.0015260932213905132,0.024470302380257956,-0.006021569017320871,0.9997383803445192,-0.001672082087245701,0.022811729605862082,0.49480569987746037,0.09896113997549208,0.2948052875450929,-0.0004930676367147442,0.011290311813354492,-0.0041812952293462935,0.2948052875450929,-0.0004930676367147442,0.011290311813354492,-0.0041812952293462935,goal_capture,TERMINAL_SETTLING,NONE,DIRECT_LOCAL,PASS_THROUGH,0,6,0,0,0,0,1,0.29480569987746047,0.4948056998774604,inf,0.0,0,0,0,CLEAR,none,nan,0.0,0.0,0,0,0,0,0.09582822781589129,0,0,0,1,0.0,0.29480569987746047,,-2.9499999999999997,20.150000000000002,2.0,-2.9499999999999997,20.150000000000002,2.0,-2.9499999999999997,20.150000000000002,2.0,3.3786719036034865,0.0,0.0,0,0,4,1,,,0,1,PASS_THROUGH,-1,0.9996539891335854,0.0014561469457247769,0.026263694435131747,0.10801215543520268,0,0.9997383803445192,-0.001672082087245701,0.022811729605862082,0.49493449240486986,0.09898689848097397,0,0,0,CORRIDOR_CLEAR,1,0,0,0,1
1787562367261504768,1787562367278178048,joint_v2_000003_c1d41e01,1125,347,0.03333333333333333,11.566666666666666,16.67332649230957,frame_id_exact,1,,-2.642723560333252,20.52398109436035,1.989375114440918,0.012351883924390659,0.0096547236047809,-0.9416096722735012,-0.33634125877837745,-0.21084292232990265,-0.2500072717666626,0.018896281719207764,0.3263942579951902,-0.004343033374649667,0.027629145924384313,2.455224481272189,-0.005655973684042692,depth/001125.png,1.0,0.01676674296723299,0.026490858633605875,-0.9995084345512674,0.3263942579951902,-0.004343033374649667,0.027629145924384313,-0.005655973684042692,0.9997581438550384,-0.00142675810102013,0.02194580043765481,0.48402548415681285,0.09680509683136257,0.2840251949307384,-0.000405333280105809,0.010624885559082031,-0.003567755714724008,0.2840251949307384,-0.000405333280105809,0.010624885559082031,-0.003567755714724008,goal_capture,TERMINAL_SETTLING,NONE,DIRECT_LOCAL,PASS_THROUGH,0,6,0,0,0,0,1,0.2840254841568128,0.48402548415681285,inf,0.0,0,0,0,CLEAR,none,nan,0.0,0.0,0,0,0,0,0.08176693791494648,0,0,0,1,0.0,0.2840254841568128,,-2.9499999999999997,20.150000000000002,2.0,-2.9499999999999997,20.150000000000002,2.0,-2.9499999999999997,20.150000000000002,2.0,3.3786719036034865,0.0,0.0,0,0,4,1,,,0,1,PASS_THROUGH,-1,0.9996539891335854,0.0014561469457247769,0.026263694435131747,0.10801215543520268,0,0.9997581438550384,-0.00142675810102013,0.02194580043765481,0.4841420840067311,0.09682841680134621,0,0,0,CORRIDOR_CLEAR,1,0,0,0,1
1787562367302771456,1787562367320606976,joint_v2_000003_c1d41e01,1126,348,0.03333333333333333,11.6,17.835378646850586,frame_id_exact,1,,-2.649911880493164,20.515583038330078,1.989962100982666,0.009954475026420355,0.010909349998230254,-0.9416051609646492,-0.3363950287300656,-0.2202693223953247,-0.25406649708747864,0.016294555738568306,0.33555432274830443,-0.009180771801784686,0.025551551646914,2.4551869168214804,-0.005733603145927191,depth/001126.png,1.0,0.011406667906980222,0.02724187234721738,-0.999563789019129,0.33555432274830443,-0.009180771801784686,0.025551551646914,-0.005733603145927191,0.9997744468944112,-0.0009185732840732715,0.021218189368934673,0.4729734002920235,0.0945946800584047,0.27297328507580576,-0.00025080253622727916,0.010037899017333984,-0.00229695064835278,0.27297328507580576,-0.00025080253622727916,0.010037899017333984,-0.00229695064835278,goal_capture,TERMINAL_SETTLING,NONE,DIRECT_LOCAL,PASS_THROUGH,0,6,0,0,0,0,1,0.2729734002920235,0.4729734002920235,inf,0.0,0,0,0,CLEAR,none,nan,0.0,0.0,0,0,0,0,0.05264223116018095,0,0,0,1,0.0,0.2729734002920235,,-2.9499999999999997,20.150000000000002,2.0,-2.9499999999999997,20.150000000000002,2.0,-2.9499999999999997,20.150000000000002,2.0,3.3786719036034865,0.0,0.0,0,0,4,1,,,1,1,PASS_THROUGH,-1,0.9999995779214472,-0.0009187801300748427,0.0,0.0945946800584047,0,0.9997744468944112,-0.0009185732840732715,0.021218189368934673,0.47307990530192773,0.09461598106038555,0,0,0,CORRIDOR_CLEAR,1,0,0,0,1
1787562367357732864,1787562367373806592,joint_v2_000003_c1d41e01,1127,349,0.03333333333333333,11.633333333333333,16.07370376586914,frame_id_exact,1,,-2.6573760509490967,20.507041931152344,1.9904630184173584,0.003988979933359867,0.005828163281861574,-0.9416572252786253,-0.3364993174323116,-0.22679126262664795,-0.25797125697135925,0.013854660093784332,0.34305816575923187,-0.01187718487776724,0.018585618600878026,2.4551564158196446,-0.006116475444287062,depth/001127.png,1.0,0.0035901576190185743,0.013660842178590638,-0.9999002411037025,0.34305816575923187,-0.01187718487776724,0.018585618600878026,-0.006116475444287062,0.9997866607450656,-0.00012939759170260681,0.020654690810913708,0.46163591298678114,0.09232718259735623,0.26163591079546483,-3.386228091362333e-05,0.009536981582641602,-0.0003235630061415584,0.26163591079546483,-3.386228091362333e-05,0.009536981582641602,-0.0003235630061415584,goal_capture,TERMINAL_SETTLING,NONE,DIRECT_LOCAL,PASS_THROUGH,0,6,0,0,0,0,1,0.2616359129867811,0.46163591298678114,inf,0.0,0,0,0,CLEAR,none,nan,0.0,0.0,0,0,0,0,0.007415517863390733,0,0,0,1,0.0,0.2616359129867811,,-2.9499999999999997,20.150000000000002,2.0,-2.9499999999999997,20.150000000000002,2.0,-2.9499999999999997,20.150000000000002,2.0,3.3786719036034865,0.0,0.0,0,0,4,1,,,0,1,PASS_THROUGH,-1,0.9997744468944112,-0.0009185732840732715,0.021218189368934673,0.0945946800584047,0,0.9997866607450656,-0.00012939759170260681,0.020654690810913708,0.46173441519649217,0.09234688303929843,0,0,0,CORRIDOR_CLEAR,1,0,0,0,1
1787562367398442752,1787562367416148736,joint_v2_000003_c1d41e01,1128,350,0.03333333333333333,11.666666666666666,17.705917358398438,frame_id_exact,1,,-2.664964199066162,20.49842071533203,1.9908950328826904,-0.00414756907992088,-0.0042981972104231235,-0.9416320324563547,-0.3365909069234969,-0.22731155157089233,-0.2587990164756775,0.012222240678966045,0.34436436782006313,-0.01179879739451074,0.0084158261323863,2.454964715866246,-0.006448996718972921,depth/001128.png,1.0,-0.0049174996105733355,-0.010886708426574765,-0.9999286463429352,0.34436436782006313,-0.01179879739451074,0.0084158261323863,-0.006448996718972921,0.9997950536631134,0.0009595981422146134,0.020222013801242965,0.45015819740006646,0.09003163948001329,0.2501580821765109,0.00024010043862195436,0.00910496711730957,0.0023994863848253445,0.2501580821765109,0.00024010043862195436,0.00910496711730957,0.0023994863848253445,goal_capture,TERMINAL_SETTLING,NONE,DIRECT_LOCAL,PASS_THROUGH,0,6,0,0,0,0,1,0.25015819740006645,0.45015819740006646,inf,0.0,0,0,0,CLEAR,none,nan,0.0,0.0,0,0,0,0,0.05499217713983837,0,0,0,1,0.0,0.25015819740006645,,-2.9499999999999997,20.150000000000002,2.0,-2.9499999999999997,20.150000000000002,2.0,-2.9499999999999997,20.150000000000002,2.0,3.3786719036034865,0.0,0.0,0,0,4,1,,,0,1,PASS_THROUGH,-1,0.9997744468944112,-0.0009185732840732715,0.021218189368934673,0.0945946800584047,0,0.9997950536631134,0.0009595981422146134,0.020222013801242965,0.45025026719890404,0.09005005343978081,0,0,0,CORRIDOR_CLEAR,1,0,0,0,1
1787562367441576192,1787562367458384640,joint_v2_000003_c1d41e01,1129,351,0.03333333333333333,11.7,16.808509826660156,frame_id_exact,1,,-2.672443151473999,20.489852905273438,1.9912896156311035,-0.01260120766763463,-0.017093909014014235,-0.9414068842545041,-0.3366037523827752,-0.2200959175825119,-0.25436028838157654,0.011552290059626102,0.33643599323209583,-0.008979000613527334,-0.0022415739077486646,2.4545671147072468,-0.006417352706193924,depth/001129.png,1.0,-0.012217979462449896,-0.04066787482018708,-0.9990980156798756,0.33643599323209583,-0.008979000613527334,-0.0022415739077486646,-0.006417352706193924,0.9998006408640783,0.002185663292741944,0.01984694948220594,0.438791295932907,0.0877582591865814,0.23879072533964912,0.0005220201925166056,0.008710384368896484,0.005465239072761641,0.23879072533964912,0.0005220201925166056,0.008710384368896484,0.005465239072761641,goal_capture,TERMINAL_SETTLING,NONE,DIRECT_LOCAL,PASS_THROUGH,0,6,0,0,0,0,1,0.23879129593290693,0.43879129593290694,inf,0.0,0,0,0,CLEAR,none,nan,0.0,0.0,0,0,0,0,0.12525405315969337,0,0,0,1,0.0,0.23879129593290693,,-2.9499999999999997,20.150000000000002,2.0,-2.9499999999999997,20.150000000000002,2.0,-2.9499999999999997,20.150000000000002,2.0,3.3786719036034865,0.0,0.0,0,0,4,1,,,0,1,PASS_THROUGH,-1,0.9997744468944112,-0.0009185732840732715,0.021218189368934673,0.0945946800584047,0,0.9998006408640783,0.002185663292741944,0.01984694948220594,0.43887774172579525,0.08777554834515905,0,0,0,CORRIDOR_CLEAR,1,0,0,0,1
1787562367482954752,1787562367499568640,joint_v2_000003_c1d41e01,1130,352,0.03333333333333333,11.733333333333333,16.61396026611328,frame_id_exact,1,,-2.6795504093170166,20.481531143188477,1.9916729927062988,-0.019473987222719664,-0.02962511688976836,-0.9410070617730166,-0.3365246290603871,-0.2051640748977661,-0.24368086457252502,0.011469585821032524,0.3185525370841441,-0.004115945086318473,-0.01056186061624433,2.454119208169022,-0.005963705480098724,depth/001130.png,1.0,-0.016711156050513584,-0.06886184105115109,-0.9974862325418338,0.3185525370841441,-0.004115945086318473,-0.01056186061624433,-0.005963705480098724,0.9998055518314622,0.003196201011521606,0.019458746775662054,0.42785030092831516,0.08557006018566303,0.22784913665923673,0.0007283932758030366,0.008327007293701172,0.007992029344325857,0.22784913665923673,0.0007283932758030366,0.008327007293701172,0.007992029344325857,goal_capture,TERMINAL_SETTLING,NONE,DIRECT_LOCAL,PASS_THROUGH,0,6,0,0,0,0,1,0.22785030092831515,0.42785030092831516,inf,0.0,0,0,0,CLEAR,none,nan,0.0,0.0,0,0,0,0,0.1831638204698313,0,0,0,1,0.0,0.22785030092831515,,-2.9499999999999997,20.150000000000002,2.0,-2.9499999999999997,20.150000000000002,2.0,-2.9499999999999997,20.150000000000002,2.0,3.3786719036034865,0.0,0.0,0,0,4,1,,,0,1,PASS_THROUGH,-1,0.9997744468944112,-0.0009185732840732715,0.021218189368934673,0.0945946800584047,0,0.9998055518314622,0.003196201011521606,0.019458746775662054,0.42793132516201615,0.08558626503240323,0,0,0,CORRIDOR_CLEAR,1,0,0,0,1
1787562367525562880,1787562367542137344,joint_v2_000003_c1d41e01,1131,353,0.03333333333333333,11.766666666666667,16.574621200561523,frame_id_exact,1,,-2.686053991317749,20.473670959472656,1.9920551776885986,-0.02323604856339491,-0.03903988066518355,-0.9406203414427434,-0.3364065204911234,-0.1843036562204361,-0.2272348254919052,0.011405793949961662,0.29243045918300486,0.0016318895187649044,-0.014675122718457643,2.453878583819317,-0.00530404644086957,depth/001131.png,1.0,-0.017446059037035208,-0.08907692825668671,-0.9958719475296156,0.29243045918300486,0.0016318895187649044,-0.014675122718457643,-0.00530404644086957,0.9998126115428958,0.0036066583566022508,0.019019301124734878,0.41764863881645686,0.08352972776329137,0.21764722271453957,0.0007851262982003209,0.007944822311401367,0.009018296705729512,0.21764722271453957,0.0007851262982003209,0.007944822311401367,0.009018296705729512,goal_capture,TERMINAL_SETTLING,NONE,DIRECT_LOCAL,PASS_THROUGH,0,6,0,0,0,0,1,0.2176486388164569,0.41764863881645686,inf,0.0,0,0,0,CLEAR,none,nan,0.0,0.0,0,0,0,0,0.2066841358540139,0,0,0,1,0.0,0.2176486388164569,,-2.9499999999999997,20.150000000000002,2.0,-2.9499999999999997,20.150000000000002,2.0,-2.9499999999999997,20.150000000000002,2.0,3.3786719036034865,0.0,0.0,0,0,4,1,,,0,1,PASS_THROUGH,-1,0.9997744468944112,-0.0009185732840732715,0.021218189368934673,0.0945946800584047,0,0.9998126115428958,0.0036066583566022508,0.019019301124734878,0.41772419813412653,0.08354483962682531,0,0,0,CORRIDOR_CLEAR,1,0,0,0,1
1787562367567453952,1787562367585204992,joint_v2_000003_c1d41e01,1132,354,0.03333333333333333,11.8,17.751216888427734,frame_id_exact,1,,-2.6918060779571533,20.466432571411133,1.9924300909042358,-0.023057151577783486,-0.04319185163896513,-0.9404711098834787,-0.33632859406784693,-0.16065843403339386,-0.2068358063697815,0.011031677015125751,0.26165303809655466,0.00696016536608524,-0.014252188371819878,2.454009355124655,-0.0047384887002408504,depth/001132.png,1.0,-0.01431586039637893,-0.09675093604437049,-0.9952056634262335,0.26165303809655466,0.00696016536608524,-0.014252188371819878,-0.0047384887002408504,0.9998231752416472,0.0031901264001246393,0.018532170495164823,0.40840381196767467,0.08168076239353493,0.20840275114759724,0.0006649486976873205,0.00756990909576416,0.007976699414169452,0.20840275114759724,0.0006649486976873205,0.00756990909576416,0.007976699414169452,goal_capture,TERMINAL_SETTLING,NONE,DIRECT_LOCAL,PASS_THROUGH,0,6,0,0,0,0,1,0.20840381196767466,0.40840381196767467,inf,0.0,0,0,0,CLEAR,none,nan,0.0,0.0,0,0,0,0,0.18281248435055436,0,0,0,1,0.0,0.20840381196767466,,-2.9499999999999997,20.150000000000002,2.0,-2.9499999999999997,20.150000000000002,2.0,-2.9499999999999997,20.150000000000002,2.0,3.3786719036034865,0.0,0.0,0,0,4,1,,,1,1,PASS_THROUGH,-1,0.999994909785635,0.0031906743519186202,0.0,0.08168076239353493,0,0.9998231752416472,0.0031901264001246393,0.018532170495164823,0.4084739614142447,0.08169479228284894,0,0,0,CORRIDOR_CLEAR,1,0,0,0,1
1787562367611794432,1787562367628088832,joint_v2_000003_c1d41e01,1133,355,0.03333333333333333,11.833333333333334,16.294479370117188,frame_id_exact,1,,-2.6967756748199463,20.459897994995117,1.9927881956100464,-0.018982346826964452,-0.04110815848230639,-0.9406531661418771,-0.33633526553484827,-0.13799364864826202,-0.18520842492580414,0.010434260591864586,0.23072065042178927,0.010721392593492246,-0.010310903678094004,2.4544499288011785,-0.004423053935170174,depth/001133.png,1.0,-0.008059362489584363,-0.09010590418233048,-0.9958995796302689,0.23072065042178927,0.010721392593492246,-0.010310903678094004,-0.004423053935170174,0.9998355714167372,0.002048330490576884,0.0180176156016258,0.4001991081510375,0.0800398216302075,0.2001986880307366,0.00041014051569076085,0.007211804389953613,0.0051216612098548,0.2001986880307366,0.00041014051569076085,0.007211804389953613,0.0051216612098548,goal_capture,TERMINAL_SETTLING,NONE,DIRECT_LOCAL,PASS_THROUGH,0,6,0,0,0,0,1,0.2001991081510375,0.4001991081510375,inf,0.0,0,0,0,CLEAR,none,nan,0.0,0.0,0,0,0,0,0.11737982856821882,0,0,0,1,0.0,0.2001991081510375,,-2.9499999999999997,20.150000000000002,2.0,-2.9499999999999997,20.150000000000002,2.0,-2.9499999999999997,20.150000000000002,2.0,3.3786719036034865,0.0,0.0,0,0,4,1,,,0,1,PASS_THROUGH,-1,0.9998231752416472,0.0031901264001246393,0.018532170495164823,0.08168076239353493,0,0.9998355714167372,0.002048330490576884,0.0180176156016258,0.4002640831843956,0.08005281663687912,0,0,0,CORRIDOR_CLEAR,1,0,0,0,1
1787562367654500096,1787562367670219520,joint_v2_000003_c1d41e01,1134,356,0.03333333333333333,11.866666666666667,15.719413757324219,frame_id_exact,1,,-2.701056718826294,20.454057693481445,1.993126392364502,-0.011907130103995009,-0.03318779168835749,-0.9410573163195207,-0.3364043967266752,-0.11985132843255997,-0.1653711199760437,0.00992678850889206,0.20406634617532554,0.012144192988948088,-0.004464786062070158,2.454952944504388,-0.004293357487767935,depth/001134.png,1.0,-8.154571824089962e-05,-0.07047445020039494,-0.9975135814710735,0.20406634617532554,0.012144192988948088,-0.004464786062070158,-0.004293357487767935,0.9998468915839921,0.0005776460038551756,0.017488845442831955,0.3929679862365203,0.07859359724730405,0.19296795403238032,0.0001114842366938095,0.006873607635498047,0.0,0.19296795403238032,0.0001114842366938095,0.006873607635498047,0.0,goal_capture,TERMINAL_SETTLING,NONE,DIRECT_LOCAL,PASS_THROUGH,0,6,0,0,0,0,1,0.19296798623652026,0.3929679862365203,inf,0.0,0,0,0,CLEAR,none,nan,0.0,0.0,0,0,0,0,0.033101742546514656,0,0,0,1,0.0,0.19296798623652026,,-2.9499999999999997,20.150000000000002,2.0,-2.9499999999999997,20.150000000000002,2.0,-2.9499999999999997,20.150000000000002,2.0,3.3786719036034865,0.0,0.0,0,0,4,1,,,0,1,PASS_THROUGH,-1,0.9998231752416472,0.0031901264001246393,0.018532170495164823,0.08168076239353493,0,0.9998468915839921,0.0005776460038551756,0.017488845442831955,0.3930280965639896,0.07860561931279793,0,0,0,CORRIDOR_CLEAR,1,0,0,0,1
1787562367695849472,1787562367711461376,joint_v2_000003_c1d41e01,1135,357,0.03333333333333333,11.9,15.611886978149414,frame_id_exact,1,,-2.704845666885376,20.448814392089844,1.993452548980713,-0.003366626523514938,-0.021091049001873863,-0.9414520445961135,-0.336469732968137,-0.10879488289356232,-0.14998483657836914,0.009685718454420567,0.18520834173122985,0.010960129638784262,0.0018266364475140462,2.455263476184924,-0.004245122894644737,depth/001135.png,1.0,0.007853964403447492,-0.04197795826572297,-0.9990876669557034,0.18520834173122985,0.010960129638784262,0.0018266364475140462,-0.004245122894644737,1.0,0.0,0.0,0.0,0.0,0.18651086442249917,-0.00013831948108053245,0.006547451019287109,0.0,0.18651086442249917,-0.00013831948108053245,0.006547451019287109,0.0,goal_capture,TERMINAL_SETTLING,NONE,GOAL_REACHED,PASS_THROUGH,0,6,0,0,0,0,1,0.18651091571247705,0.38651091571247703,inf,0.0,0,0,0,CLEAR,none,nan,0.0,0.0,0,0,0,0,0.042491471271489084,0,0,0,1,0.0,0.18651091571247705,,-2.9499999999999997,20.150000000000002,2.0,-2.9499999999999997,20.150000000000002,2.0,-2.9499999999999997,20.150000000000002,2.0,3.3786719036034865,0.0,0.0,0,0,4,1,,,0,1,PASS_THROUGH,-1,0.9998231752416472,0.0031901264001246393,0.018532170495164823,0.08168076239353493,0,1.0,0.0,0.0,0.0,0.0,0,0,0,CORRIDOR_CLEAR,1,0,0,0,1
