timestamp_ns,receive_timestamp_ns,episode_id,frame_id,episode_frame_index,control_dt_s,trajectory_time_s,latency_ms,match_method,frame_valid,frame_invalid_reason,x,y,z,qx,qy,qz,qw,state_vx_world,state_vy_world,state_vz_world,state_vx_flu,state_vy_flu,state_vz_flu,yaw,yaw_rate,depth_file,raw_depth_finite_ratio,gravity_flu_x,gravity_flu_y,gravity_flu_z,velocity_flu_x,velocity_flu_y,velocity_flu_z,yaw_rate_flu,goal_direction_flu_x,goal_direction_flu_y,goal_direction_flu_z,goal_distance_clipped_m,goal_distance_norm,target_velocity_flu_x,target_velocity_flu_y,target_velocity_flu_z,target_yaw_rate,velocity_command_flu_x,velocity_command_flu_y,velocity_command_flu_z,yaw_rate_command,hierarchical_mode,planner_status,planner_failure_reason,fsm_state,effective_target_source,target_correction_active,effective_direction_token,directive_terminal_stop,directive_update_event,mission_revision,reentry_guard_ticks,obstacle_first_observed_event,selected_output_speed_mps,local_target_distance_m,min_observed_clearance_m,obstacle_risk_cost,avoidance_active,local_corridor_blocked,risk_corridor_near_obstacle,corridor_block_reason,corridor_block_source,first_blocking_distance_m,first_block_x,first_block_y,first_block_age_ticks,emergency_brake,immediate_avoidance,local_limit_cycle_detected,target_bearing_error_deg,consecutive_failures_30hz,unknown_recovery_ticks,plan_valid,plan_terminal,plan_end_speed_mps,plan_executed_speed_mps,plan_points_xy,navigation_goal_world_x,navigation_goal_world_y,navigation_goal_world_z,effective_target_world_x,effective_target_world_y,effective_target_world_z,original_navigation_goal_world_x,original_navigation_goal_world_y,original_navigation_goal_world_z,truth_minimum_clearance_m,truth_brake_risk,observed_brake_risk,truth_brake_would_trigger,scene_id,task_id,episode_valid,failure_taxonomy,failure_reason,macro_update_mask,macro_label_valid,macro_correction_type,macro_direction_token,macro_direction_flu_x,macro_direction_flu_y,macro_direction_flu_z,macro_distance_norm,macro_param_valid,navigation_goal_direction_flu_x,navigation_goal_direction_flu_y,navigation_goal_direction_flu_z,navigation_goal_distance_clipped_m,navigation_goal_distance_norm,correction_enter_event,correction_exit_event,correction_update_event,observability_reason,observability_goal_inside_fov,observability_direct_corridor_blocked,observability_left_bypass_visible,observability_right_bypass_visible,observability_local_avoidance_observable
1787562507848235776,1787562507865202176,joint_v2_000008_af4e508d,2879,0,0.03333333333333333,0.0,16.96634292602539,frame_id_exact,1,,0.6499999761581421,7.650000095367432,2.0,0.0,0.0,0.1472886662130051,0.9890935490666158,0.0,0.0,0.0,0.0,-0.0,0.0,0.29565295746727954,0.0,depth/002879.png,1.0,0.0,0.0,-1.0,0.0,-0.0,0.0,0.0,0.926910104734381,-0.3752834365400358,0.0,4.5,0.9,0.0666666666,0.0,0.0,-0.2666666664,0.0666666666,0.0,0.0,-0.2666666664,direct,SAFE_PROGRESSING,NONE,DIRECT_LOCAL,PASS_THROUGH,0,9,0,0,0,0,1,0.0666666666,16.866831263375463,inf,0.0,0,0,0,CLEAR,none,nan,0.0,0.0,0,0,0,0,22.041832025273077,0,0,1,0,2.0,2.0,"0.650,7.650;0.654,7.690;0.664,7.809;0.682,8.009;0.707,8.287;0.739,8.646;0.776,9.064;0.814,9.483;0.851,9.901;0.888,10.319;0.917,10.638",2.1500000000000004,24.450000000000003,2.0,2.1500000000000004,24.450000000000003,2.0,2.1500000000000004,24.450000000000003,2.0,3.8823414357491557,0.0,0.0,0,0,9,1,,,1,1,PASS_THROUGH,-1,0.926910104734381,-0.3752834365400358,0.0,0.9,0,0.926910104734381,-0.3752834365400358,0.0,4.5,0.9,0,0,0,BYPASS_VISIBLE,1,0,1,1,1
1787562507891694592,1787562507908387328,joint_v2_000008_af4e508d,2880,1,0.03333333333333333,0.03333333333333333,16.6928768157959,frame_id_exact,1,,0.6499999761581421,7.650000095367432,2.000570297241211,-0.0003203733993218231,-3.962011101790578e-05,0.14723921216473337,0.9891008594639075,-1.3640039469464682e-05,4.9301575927529484e-05,0.0278252474963665,3.317756572539902e-05,-8.671198037823402e-07,0.0278252747233042,0.295552969471826,-0.00882689282298088,depth/002880.png,1.0,1.596648210963344e-05,0.0006454304771014891,-0.9999997915822636,3.317756572539902e-05,-8.671198037823402e-07,0.0278252747233042,-0.00882689282298088,0.9269476234095675,-0.37519075456641987,-3.381175942177625e-05,4.5,0.9,0.1333333332,0.0,-0.0005702972412109375,-0.5333333328,0.1333333332,0.0,-0.0005702972412109375,-0.5333333328,direct,SAFE_PROGRESSING,NONE,DIRECT_LOCAL,PASS_THROUGH,0,9,0,0,0,0,1,0.1333333332,16.866831263375463,inf,0.0,0,0,0,CLEAR,none,nan,0.0,0.0,0,0,0,0,0.0,0,0,1,0,2.0,2.0,"0.650,7.650;0.654,7.690;0.664,7.809;0.682,8.009;0.707,8.287;0.739,8.646;0.776,9.064;0.814,9.483;0.851,9.901;0.888,10.319;0.917,10.638",2.1500000000000004,24.450000000000003,2.0,2.1500000000000004,24.450000000000003,2.0,2.1500000000000004,24.450000000000003,2.0,3.8823414357491557,0.0,0.0,0,0,9,1,,,0,1,PASS_THROUGH,-1,0.926910104734381,-0.3752834365400358,0.0,0.9,0,0.9269476234095675,-0.37519075456641987,-3.381175942177625e-05,4.5,0.9,0,0,0,BYPASS_VISIBLE,1,0,1,1,1
1787562507936983552,1787562507958306304,joint_v2_000008_af4e508d,2881,2,0.03333333333333333,0.06666666666666667,21.32272720336914,frame_id_exact,1,,0.6499971151351929,7.650010585784912,2.001492738723755,-0.0035789857680594505,-0.0004115954996255794,0.1468565638534624,0.989151237730192,-0.00024167101946659386,0.0008915624930523336,0.025617294013500214,0.0007388189883394175,-2.170894081357164e-05,0.025623284652033576,0.29478032557801137,-0.042098693549633026,depth/002881.png,1.0,0.0002369347081576745,0.0072012074061346175,-0.9999740429000334,0.0007388189883394175,-2.170894081357164e-05,0.025623284652033576,-0.042098693549633026,0.9272371484599145,-0.3744746489195411,-8.850148536027013e-05,4.5,0.9,0.1999999998,0.0,-0.0014927387237548828,-0.7999999992,0.1999999998,0.0,-0.0014927387237548828,-0.7999999992,direct,SAFE_PROGRESSING,NONE,DIRECT_LOCAL,PASS_THROUGH,0,9,0,0,0,0,1,0.1999999998,16.866821068960856,inf,0.0,0,0,0,CLEAR,none,nan,0.0,0.0,0,0,0,0,21.991846750327305,0,0,1,0,2.0,2.0,"0.650,7.650;0.654,7.690;0.664,7.810;0.682,8.009;0.707,8.288;0.739,8.647;0.776,9.065;0.814,9.484;0.851,9.902;0.888,10.320;0.917,10.638",2.1500000000000004,24.450000000000003,2.0,2.1500000000000004,24.450000000000003,2.0,2.1500000000000004,24.450000000000003,2.0,3.8823414357491557,0.0,0.0,0,0,9,1,,,0,1,PASS_THROUGH,-1,0.926910104734381,-0.3752834365400358,0.0,0.9,0,0.9272371484599145,-0.3744746489195411,-8.850148536027013e-05,4.5,0.9,0,0,0,BYPASS_VISIBLE,1,0,1,1,1
1787562507989973760,1787562508010379264,joint_v2_000008_af4e508d,2882,3,0.03333333333333333,0.1,20.40553092956543,frame_id_exact,1,,0.6499717235565186,7.650104522705078,2.0022683143615723,-0.014795577963777755,-0.0018405732542493727,0.14566656254698176,0.9892213886277227,-0.0016076358733698726,0.0059155914932489395,0.021323129534721375,0.005489571541877768,-0.00015148846294811848,0.021496423528183733,0.2923961392223856,-0.10552837699651718,depth/002882.png,1.0,0.0006689731048795332,0.029808424315880766,-0.999555406325627,0.005489571541877768,-0.00015148846294811848,0.021496423528183733,-0.10552837699651718,0.9281265822629086,-0.3722647300119655,-0.00013448453689671847,4.5,0.9,0.2666666664,0.0,-0.0022683143615722656,-0.9537550788436855,0.2666666664,0.0,-0.0022683143615722656,-0.9537550788436855,direct,SAFE_PROGRESSING,NONE,DIRECT_LOCAL,PASS_THROUGH,0,9,0,0,0,0,1,0.2666666664,16.866729762409914,inf,0.0,0,0,0,CLEAR,none,nan,0.0,0.0,0,0,0,0,0.0,0,0,1,0,2.0,2.0,"0.650,7.650;0.654,7.690;0.664,7.810;0.682,8.009;0.707,8.288;0.739,8.647;0.776,9.065;0.814,9.484;0.851,9.902;0.888,10.320;0.917,10.638",2.1500000000000004,24.450000000000003,2.0,2.1500000000000004,24.450000000000003,2.0,2.1500000000000004,24.450000000000003,2.0,3.8823414357491557,0.0,0.0,0,0,9,1,,,0,1,PASS_THROUGH,-1,0.926910104734381,-0.3752834365400358,0.0,0.9,0,0.9281265822629086,-0.3722647300119655,-0.00013448453689671847,4.5,0.9,0,0,0,BYPASS_VISIBLE,1,0,1,1,1
1787562508036345856,1787562508054492672,joint_v2_000008_af4e508d,2883,4,0.03333333333333333,0.13333333333333333,18.146753311157227,frame_id_exact,1,,0.6498581767082214,7.650515079498291,2.002960681915283,-0.03508370177303991,-0.004979432350543764,0.14313121875004195,0.9890691549848749,-0.0058446722105145454,0.020787987858057022,0.020159820094704628,0.02011000860960644,-0.0002842340218518608,0.02163852452059337,0.28742389930325063,-0.19828097522258759,depth/002883.png,1.0,0.00019314009156307967,0.07082583897483732,-0.9974886782467335,0.02011000860960644,-0.0002842340218518608,0.02163852452059337,-0.19828097522258759,0.9299628240159229,-0.36765352593813494,-0.00017553799233086973,4.5,0.9,0.33333333299999995,0.0,-0.002960681915283203,-0.9419484512920728,0.33333333299999995,0.0,-0.002960681915283203,-0.9419484512920728,direct,SAFE_PROGRESSING,NONE,DIRECT_LOCAL,PASS_THROUGH,0,9,0,0,0,0,1,0.33333333299999995,16.866330931300784,inf,0.0,0,0,0,CLEAR,none,nan,0.0,0.0,0,0,0,0,0.0,0,0,1,0,2.0,2.0,"0.650,7.650;0.654,7.690;0.664,7.810;0.682,8.009;0.707,8.288;0.739,8.647;0.776,9.065;0.814,9.484;0.851,9.902;0.888,10.320;0.917,10.638",2.1500000000000004,24.450000000000003,2.0,2.1500000000000004,24.450000000000003,2.0,2.1500000000000004,24.450000000000003,2.0,3.8823414357491557,0.0,0.0,0,0,9,1,,,0,1,PASS_THROUGH,-1,0.926910104734381,-0.3752834365400358,0.0,0.9,0,0.9299628240159229,-0.36765352593813494,-0.00017553799233086973,4.5,0.9,0,0,0,BYPASS_VISIBLE,1,0,1,1,1
1787562508089264128,1787562508106336768,joint_v2_000008_af4e508d,2884,5,0.03333333333333333,0.16666666666666666,17.072677612304688,frame_id_exact,1,,0.6495308876037598,7.651654243469238,2.00355863571167,-0.06235439772513946,-0.009748041389732754,0.13881447405523195,0.9883053407556637,-0.014682942070066929,0.050338853150606155,0.014902956783771515,0.05014116685114982,0.0002118472216844264,0.021389379439572653,0.27921211973326887,-0.3057118058204651,depth/002884.png,1.0,-0.0019566968842683156,0.12595670705988504,-0.9920338095467983,0.05014116685114982,0.0002118472216844264,0.021389379439572653,-0.3057118058204651,0.9329413966362556,-0.36002820156143944,-0.00021100433279400886,4.5,0.9,0.39999999959999993,0.0,-0.003558635711669922,-0.8199001793751293,0.39999999959999993,0.0,-0.003558635711669922,-0.8199001793751293,direct,SAFE_PROGRESSING,NONE,DIRECT_LOCAL,PASS_THROUGH,0,9,0,0,0,0,1,0.39999999959999993,16.865225397640266,inf,0.0,0,0,0,CLEAR,none,nan,0.0,0.0,0,0,0,0,21.101928480383346,0,0,1,0,2.0,2.0,"0.650,7.652;0.645,7.702;0.647,7.832;0.661,8.042;0.686,8.332;0.721,8.700;0.764,9.118;0.807,9.536;0.850,9.954;0.891,10.372;0.916,10.640",2.1500000000000004,24.450000000000003,2.0,2.1500000000000004,24.450000000000003,2.0,2.1500000000000004,24.450000000000003,2.0,3.8823414357491557,0.0,0.0,0,0,9,1,,,0,1,PASS_THROUGH,-1,0.926910104734381,-0.3752834365400358,0.0,0.9,0,0.9329413966362556,-0.36002820156143944,-0.00021100433279400886,4.5,0.9,0,0,0,BYPASS_VISIBLE,1,0,1,1,1
1787562508134565888,1787562508151583744,joint_v2_000008_af4e508d,2885,6,0.03333333333333333,0.2,17.017841339111328,frame_id_exact,1,,0.6488174796104431,7.654068946838379,2.0038962364196777,-0.09271793072479109,-0.01509535621037528,0.1326033580290064,0.9867075883879813,-0.02906048856675625,0.09756483882665634,0.004345035180449486,0.09916712685448635,0.002198654643338235,0.023309568226693573,0.2676691154399045,-0.4061131179332733,depth/002885.png,1.0,-0.005199987117177687,0.18697436149984462,-0.9823510310859894,0.09916712685448635,0.002198654643338235,0.023309568226693573,-0.4061131179332733,0.937015788011918,-0.34928693023138613,-0.0002310539745020202,4.5,0.9,0.4666666661999999,0.0,-0.0038962364196777344,-0.7945206454480752,0.4666666661999999,0.0,-0.0038962364196777344,-0.7945206454480752,direct,SAFE_PROGRESSING,NONE,DIRECT_LOCAL,PASS_THROUGH,0,9,0,0,0,0,1,0.4666666661999999,16.862883765894907,inf,0.0,0,0,0,CLEAR,none,nan,0.0,0.0,0,0,0,0,0.0,0,0,1,0,2.0,2.0,"0.650,7.652;0.645,7.702;0.647,7.832;0.661,8.042;0.686,8.332;0.721,8.700;0.764,9.118;0.807,9.536;0.850,9.954;0.891,10.372;0.916,10.640",2.1500000000000004,24.450000000000003,2.0,2.1500000000000004,24.450000000000003,2.0,2.1500000000000004,24.450000000000003,2.0,3.8823414357491557,0.0,0.0,0,0,9,1,,,1,1,PASS_THROUGH,-1,0.937015813023653,-0.34928693955489193,0.0,0.9,0,0.937015788011918,-0.34928693023138613,-0.0002310539745020202,4.5,0.9,0,0,0,BYPASS_VISIBLE,1,0,1,1,1
1787562508178568704,1787562508198484224,joint_v2_000008_af4e508d,2886,7,0.03333333333333333,0.23333333333333334,19.91558074951172,frame_id_exact,1,,0.6475361585617065,7.658356189727783,2.0037693977355957,-0.12100686835842431,-0.019738503947083565,0.12473133930937683,0.9845861172422182,-0.048559971153736115,0.1624339073896408,-0.013306629844009876,0.16755419290620013,0.006454121430491617,0.028352217236680594,0.25309744066428136,-0.48928672075271606,depth/002886.png,1.0,-0.00868181641089898,0.24320738541988876,-0.9699354585440358,0.16755419290620013,0.006454121430491617,0.028352217236680594,-0.48928672075271606,0.9419728194969201,-0.3356890783712454,-0.00022358731393563302,4.5,0.9,0.5333333328,0.0,-0.003769397735595703,-0.7643970911205988,0.5333333328,0.0,-0.003769397735595703,-0.7643970911205988,direct,SAFE_PROGRESSING,NONE,DIRECT_LOCAL,PASS_THROUGH,0,9,0,0,0,0,1,0.5333333328,16.858727693568184,inf,0.0,0,0,0,CLEAR,none,nan,0.0,0.0,0,0,0,0,0.0,0,0,1,0,2.0,2.0,"0.650,7.652;0.645,7.702;0.647,7.832;0.661,8.042;0.686,8.332;0.721,8.700;0.764,9.118;0.807,9.536;0.850,9.954;0.891,10.372;0.916,10.640",2.1500000000000004,24.450000000000003,2.0,2.1500000000000004,24.450000000000003,2.0,2.1500000000000004,24.450000000000003,2.0,3.8823414357491557,0.0,0.0,0,0,9,1,,,0,1,PASS_THROUGH,-1,0.937015788011918,-0.34928693023138613,-0.0002310539745020202,0.9,0,0.9419728194969201,-0.3356890783712454,-0.00022358731393563302,4.5,0.9,0,0,0,BYPASS_VISIBLE,1,0,1,1,1
1787562508226821632,1787562508244554240,joint_v2_000008_af4e508d,2887,8,0.03333333333333333,0.26666666666666666,17.732620239257812,frame_id_exact,1,,0.6455417275428772,7.665057182312012,2.002918243408203,-0.14204965869729655,-0.022546960074712435,0.11557209299343739,0.9828309215610217,-0.0714927613735199,0.2416287213563919,-0.039090413600206375,0.2523247497475157,0.01351927671907618,0.03425148420751667,0.2357750246693966,-0.553779661655426,depth/002887.png,1.0,-0.011485746367958377,0.2844331926627331,-0.9586270581107418,0.2523247497475157,0.01351927671907618,0.03425148420751667,-0.553779661655426,0.9475971926079795,-0.3194675735889468,-0.00017316658613143255,4.5,0.9,0.5999999993999999,0.0,-0.002918243408203125,-0.7110125542218609,0.5999999993999999,0.0,-0.002918243408203125,-0.7110125542218609,direct,SAFE_PROGRESSING,NONE,DIRECT_LOCAL,PASS_THROUGH,0,9,0,0,0,0,1,0.5999999993999999,16.852231308839208,inf,0.0,0,0,0,CLEAR,none,nan,0.0,0.0,0,0,0,0,18.63072934554474,0,0,1,0,2.0,2.0,"0.646,7.665;0.640,7.755;0.648,7.925;0.667,8.175;0.697,8.504;0.737,8.907;0.780,9.325;0.823,9.743;0.866,10.161;0.907,10.579;0.913,10.653",2.1500000000000004,24.450000000000003,2.0,2.1500000000000004,24.450000000000003,2.0,2.1500000000000004,24.450000000000003,2.0,3.8823414357491557,0.0,0.0,0,0,9,1,,,0,1,PASS_THROUGH,-1,0.937015788011918,-0.34928693023138613,-0.0002310539745020202,0.9,0,0.9475971926079795,-0.3194675735889468,-0.00017316658613143255,4.5,0.9,0,0,0,BYPASS_VISIBLE,1,0,1,1,1
1787562508272406784,1787562508289028608,joint_v2_000008_af4e508d,2888,9,0.03333333333333333,0.3,16.621828079223633,frame_id_exact,1,,0.6427584886550903,7.674561500549316,2.0010886192321777,-0.1520187117210528,-0.022771959867241984,0.10552686215604289,0.9824641624476569,-0.0954582616686821,0.3295365571975708,-0.07146994024515152,0.34779080344884805,0.023526263394145538,0.036092195502546276,0.21596839309968785,-0.5985714793205261,depth/002888.png,1.0,-0.012661153682669582,0.30351197951465864,-0.9527434982609523,0.34779080344884805,0.023526263394145538,0.036092195502546276,-0.5985714793205261,0.9536738536659501,-0.30084244490509526,-6.463328017872362e-05,4.5,0.9,0.6666666659999999,0.0,-0.0010886192321777344,-0.6752373734048978,0.6666666659999999,0.0,-0.0010886192321777344,-0.6752373734048978,direct,SAFE_PROGRESSING,NONE,DIRECT_LOCAL,PASS_THROUGH,0,9,0,0,0,0,1,0.6666666659999999,16.843013798675507,inf,0.0,0,0,0,CLEAR,none,nan,0.0,0.0,0,0,0,0,0.0,0,0,1,0,2.0,2.0,"0.646,7.665;0.640,7.755;0.648,7.925;0.667,8.175;0.697,8.504;0.737,8.907;0.780,9.325;0.823,9.743;0.866,10.161;0.907,10.579;0.913,10.653",2.1500000000000004,24.450000000000003,2.0,2.1500000000000004,24.450000000000003,2.0,2.1500000000000004,24.450000000000003,2.0,3.8823414357491557,0.0,0.0,0,0,9,1,,,0,1,PASS_THROUGH,-1,0.937015788011918,-0.34928693023138613,-0.0002310539745020202,0.9,0,0.9536738536659501,-0.30084244490509526,-6.463328017872362e-05,4.5,0.9,0,0,0,BYPASS_VISIBLE,1,0,1,1,1
1787562508315667712,1787562508332539392,joint_v2_000008_af4e508d,2889,10,0.03333333333333333,0.3333333333333333,16.87169075012207,frame_id_exact,1,,0.6391940116882324,7.687051773071289,1.9981268644332886,-0.14947020974474223,-0.020151827147083003,0.09493664973375437,0.9839916629722162,-0.11797858774662018,0.419773668050766,-0.10609687119722366,0.4463967651312437,0.03599597414490865,0.02862941772097663,0.1940864374024773,-0.6247748732566833,depth/002889.png,1.0,-0.011278057916438922,0.29798117441378524,-0.9545051205229937,0.4463967651312437,0.03599597414490865,0.02862941772097663,-0.6247748732566833,0.9599503696996086,-0.2801700828564399,0.00011129151174364646,4.5,0.9,0.7333333325999999,0.0,0.0018731355667114258,-0.6426763588990458,0.7333333325999999,0.0,0.0018731355667114258,-0.6426763588990458,direct,SAFE_PROGRESSING,NONE,DIRECT_LOCAL,PASS_THROUGH,0,8,0,0,0,0,1,0.7333333325999999,16.830893261886345,inf,0.0,0,0,0,CLEAR,none,nan,0.0,0.0,0,0,0,0,0.0,0,0,1,0,2.0,2.0,"0.646,7.665;0.640,7.755;0.648,7.925;0.667,8.175;0.697,8.504;0.737,8.907;0.780,9.325;0.823,9.743;0.866,10.161;0.907,10.579;0.913,10.653",2.1500000000000004,24.450000000000003,2.0,2.1500000000000004,24.450000000000003,2.0,2.1500000000000004,24.450000000000003,2.0,3.8823414357491557,0.0,0.0,0,0,9,1,,,0,1,PASS_THROUGH,-1,0.937015788011918,-0.34928693023138613,-0.0002310539745020202,0.9,0,0.9599503696996086,-0.2801700828564399,0.00011129151174364646,4.5,0.9,0,0,0,BYPASS_VISIBLE,1,0,1,1,1
1787562508358547200,1787562508374908928,joint_v2_000008_af4e508d,2890,11,0.03333333333333333,0.36666666666666664,16.361713409423828,frame_id_exact,1,,0.6349337697029114,7.702503681182861,1.9940524101257324,-0.13571341417468352,-0.014894251097277583,0.08401716373656426,0.987066941344388,-0.13686735928058624,0.50631183385849,-0.137313574552536,0.5397930933991207,0.04975614919284322,0.009333104204425957,0.17073583219468746,-0.6358649134635925,depth/002890.png,1.0,-0.006598733468485062,0.27041919472396486,-0.962720060994604,0.5397930933991207,0.04975614919284322,0.009333104204425957,-0.6358649134635925,0.9661438396259353,-0.25800379078057684,0.00035368871534099196,4.5,0.9,0.7999999991999999,0.0,0.005947589874267578,-0.5345717536105216,0.7999999991999999,0.0,0.005947589874267578,-0.5345717536105216,direct,SAFE_PROGRESSING,NONE,DIRECT_LOCAL,PASS_THROUGH,0,8,0,0,0,0,1,0.7999999991999999,16.81588709021859,inf,0.0,0,0,0,CLEAR,none,nan,0.0,0.0,0,0,0,0,14.95164801367916,0,0,1,0,2.0,1.0,"0.635,7.703;0.629,7.847;0.641,8.059;0.659,8.278;0.679,8.497;0.701,8.716;0.723,8.935;0.746,9.154;0.769,9.373;0.793,9.592;0.816,9.810;0.839,10.029;0.862,10.248",2.1500000000000004,24.450000000000003,2.0,2.1500000000000004,24.450000000000003,2.0,2.1500000000000004,24.450000000000003,2.0,3.8823414357491557,0.0,0.0,0,0,9,1,,,0,1,PASS_THROUGH,-1,0.937015788011918,-0.34928693023138613,-0.0002310539745020202,0.9,0,0.9661438396259353,-0.25800379078057684,0.00035368871534099196,4.5,0.9,0,0,0,BYPASS_VISIBLE,1,0,1,1,1
1787562508405457408,1787562508425537792,joint_v2_000008_af4e508d,2891,12,0.03333333333333333,0.4,20.0803279876709,frame_id_exact,1,,0.6301296353340149,7.72070837020874,1.9890648126602173,-0.11443710984308052,-0.0075648277148351725,0.07291277712352666,0.9907222861148035,-0.15035414695739746,0.5841405391693115,-0.1602809578180313,0.6206123849528887,0.0630623475297359,-0.019491855080838144,0.14673017546474773,-0.6325947642326355,depth/002891.png,1.0,0.0016985681538858825,0.22785393535451454,-0.9736938425448152,0.6206123849528887,0.0630623475297359,-0.019491855080838144,-0.6325947642326355,0.9719684314015137,-0.23511049443134424,0.0006509739853980171,4.5,0.9,0.8666666657999998,0.0,0.010935187339782715,-0.4985787192690616,0.8666666657999998,0.0,0.010935187339782715,-0.4985787192690616,direct,SAFE_PROGRESSING,NONE,DIRECT_LOCAL,PASS_THROUGH,0,8,0,0,0,0,1,0.8666666657999998,16.798190508504003,inf,0.0,0,0,0,CLEAR,none,nan,0.0,0.0,0,0,0,0,0.0,0,0,1,0,2.0,1.0,"0.635,7.703;0.629,7.847;0.641,8.059;0.659,8.278;0.679,8.497;0.701,8.716;0.723,8.935;0.746,9.154;0.769,9.373;0.793,9.592;0.816,9.810;0.839,10.029;0.862,10.248",2.1500000000000004,24.450000000000003,2.0,2.1500000000000004,24.450000000000003,2.0,2.1500000000000004,24.450000000000003,2.0,3.8823414357491557,0.0,0.0,0,0,9,1,,,1,1,PASS_THROUGH,-1,0.9719686373457153,-0.23511054424740976,0.0,0.9,0,0.9719684314015137,-0.23511049443134424,0.0006509739853980171,4.5,0.9,0,0,0,BYPASS_VISIBLE,1,0,1,1,1
1787562508456956672,1787562508475091712,joint_v2_000008_af4e508d,2892,13,0.03333333333333333,0.43333333333333335,18.13507080078125,frame_id_exact,1,,0.6249842643737793,7.741313934326172,1.9834927320480347,-0.09080296662631884,0.0010519575056152576,0.061805197858167786,0.9939486063952093,-0.1571938842535019,0.6500411033630371,-0.17219719290733337,0.6847591786035215,0.07395832954086289,-0.05050009270346828,0.12299206507562369,-0.6188712120056152,depth/002892.png,1.0,0.013315374030283017,0.18037693138601477,-0.983507429274532,0.6847591786035215,0.07395832954086289,-0.05050009270346828,-0.6188712120056152,0.9771865035154157,-0.2123807179945756,0.0009838553884138877,4.5,0.9,0.9333333323999998,0.0,0.016507267951965332,-0.4735410832659348,0.9333333323999998,0.0,0.016507267951965332,-0.4735410832659348,direct,SAFE_PROGRESSING,NONE,DIRECT_LOCAL,PASS_THROUGH,0,8,0,0,0,0,1,0.9333333323999998,16.778136458950094,inf,0.0,0,0,0,CLEAR,none,nan,0.0,0.0,0,0,0,0,0.0,0,0,1,0,2.0,1.0,"0.635,7.703;0.629,7.847;0.641,8.059;0.659,8.278;0.679,8.497;0.701,8.716;0.723,8.935;0.746,9.154;0.769,9.373;0.793,9.592;0.816,9.810;0.839,10.029;0.862,10.248",2.1500000000000004,24.450000000000003,2.0,2.1500000000000004,24.450000000000003,2.0,2.1500000000000004,24.450000000000003,2.0,3.8823414357491557,0.0,0.0,0,0,9,1,,,0,1,PASS_THROUGH,-1,0.9719684314015137,-0.23511049443134424,0.0006509739853980171,0.9,0,0.9771865035154157,-0.2123807179945756,0.0009838553884138877,4.5,0.9,0,0,0,BYPASS_VISIBLE,1,0,1,1,1
1787562508516092672,1787562508532880640,joint_v2_000008_af4e508d,2893,14,0.03333333333333333,0.4666666666666667,16.78776741027832,frame_id_exact,1,,0.6197311282157898,7.7639031410217285,1.9777085781097412,-0.07026906895667819,0.010063890932880987,0.05087656616877757,0.99617897541663,-0.15678079426288605,0.7033116817474365,-0.17333316802978516,0.7329282662924427,0.0809265930927561,-0.07442425190288691,0.10015432280377529,-0.601496696472168,depth/002893.png,0.9999967447916667,0.027200970989229852,0.13897710580756423,-0.9899219520945054,0.7329282662924427,0.0809265930927561,-0.07442425190288691,-0.601496696472168,0.9816984652031776,-0.19043726946890543,0.0013303439228414806,4.5,0.9,0.9999999989999998,0.0,0.02229142189025879,-0.33661517139286834,0.9999999989999998,0.0,0.02229142189025879,-0.33661517139286834,direct,SAFE_PROGRESSING,NONE,DIRECT_LOCAL,PASS_THROUGH,0,8,0,0,0,0,1,0.9999999989999998,16.756119813583226,inf,0.0,0,0,0,CLEAR,none,nan,0.0,0.0,0,0,0,0,10.978313673512936,0,0,1,0,2.0,2.0,"0.620,7.764;0.613,7.948;0.628,8.211;0.658,8.554;0.701,8.964;0.747,9.381;0.793,9.799;0.839,10.216;0.883,10.634;0.894,10.751",2.1500000000000004,24.450000000000003,2.0,2.1500000000000004,24.450000000000003,2.0,2.1500000000000004,24.450000000000003,2.0,3.8823414357491557,0.0,0.0,0,0,9,1,,,0,1,PASS_THROUGH,-1,0.9719684314015137,-0.23511049443134424,0.0006509739853980171,0.9,0,0.9816984652031776,-0.19043726946890543,0.0013303439228414806,4.5,0.9,0,0,0,BYPASS_VISIBLE,1,0,1,1,1
1787562508562377728,1787562508581285120,joint_v2_000008_af4e508d,2894,15,0.03333333333333333,0.5,18.907546997070312,frame_id_exact,1,,0.614611029624939,7.7880859375,1.9720284938812256,-0.05740249804241247,0.018478157347486226,0.040337223980086,0.997364737335902,-0.14931640028953552,0.7463521957397461,-0.1666068136692047,0.7701644552325322,0.08334646352289722,-0.08363549938018848,0.07848854255597969,-0.5795838236808777,depth/002894.png,1.0,0.04148983993976062,0.11301173962166104,-0.9927270218390647,0.7701644552325322,0.08334646352289722,-0.08363549938018848,-0.5795838236808777,0.9855192587242726,-0.16955528937692801,0.00167168414063837,4.5,0.9,1.0666666656,0.0,0.027971506118774414,-0.3083221234603001,1.0666666656,0.0,0.027971506118774414,-0.3083221234603001,direct,SAFE_PROGRESSING,NONE,DIRECT_LOCAL,PASS_THROUGH,0,7,0,0,0,0,1,1.0666666656,16.732507269279306,inf,0.0,0,0,0,CLEAR,none,nan,0.0,0.0,0,0,0,0,0.0,0,0,1,0,2.0,2.0,"0.620,7.764;0.613,7.948;0.628,8.211;0.658,8.554;0.701,8.964;0.747,9.381;0.793,9.799;0.839,10.216;0.883,10.634;0.894,10.751",2.1500000000000004,24.450000000000003,2.0,2.1500000000000004,24.450000000000003,2.0,2.1500000000000004,24.450000000000003,2.0,3.8823414357491557,0.0,0.0,0,0,9,1,,,0,1,PASS_THROUGH,-1,0.9719684314015137,-0.23511049443134424,0.0006509739853980171,0.9,0,0.9855192587242726,-0.16955528937692801,0.00167168414063837,4.5,0.9,0,0,0,BYPASS_VISIBLE,1,0,1,1,1
1787562508616120064,1787562508631761152,joint_v2_000008_af4e508d,2895,16,0.03333333333333333,0.5333333333333333,15.640974044799805,frame_id_exact,1,,0.6098436117172241,7.813603401184082,1.9666476249694824,-0.05492330586666421,0.02529662401169387,0.03045254708588169,0.9977054443382927,-0.13587097823619843,0.7844088077545166,-0.1560470312833786,0.8037167888945442,0.08156108188707693,-0.07413426706005544,0.058103454839982964,-0.5539515018463135,depth/002895.png,1.0,0.05382226811572526,0.10805386930079644,-0.9926870225725757,0.8037167888945442,0.08156108188707693,-0.07413426706005544,-0.5539515018463135,0.9887065791929661,-0.1498509768837354,0.001996243355191878,4.5,0.9,1.1333333321999999,0.0,0.03335237503051758,-0.29597660514553426,1.1333333321999999,0.0,0.03335237503051758,-0.29597660514553426,direct,SAFE_PROGRESSING,NONE,DIRECT_LOCAL,PASS_THROUGH,0,7,0,0,0,0,1,1.1333333321999999,16.70753642801542,inf,0.0,0,0,0,CLEAR,none,nan,0.0,0.0,0,0,0,0,0.0,0,0,1,0,2.0,2.0,"0.620,7.764;0.613,7.948;0.628,8.211;0.658,8.554;0.701,8.964;0.747,9.381;0.793,9.799;0.839,10.216;0.883,10.634;0.894,10.751",2.1500000000000004,24.450000000000003,2.0,2.1500000000000004,24.450000000000003,2.0,2.1500000000000004,24.450000000000003,2.0,3.8823414357491557,0.0,0.0,0,0,9,1,,,0,1,PASS_THROUGH,-1,0.9719684314015137,-0.23511049443134424,0.0006509739853980171,0.9,0,0.9887065791929661,-0.1498509768837354,0.001996243355191878,4.5,0.9,0,0,0,BYPASS_VISIBLE,1,0,1,1,1
1787562508663037696,1787562508684936704,joint_v2_000008_af4e508d,2896,17,0.03333333333333333,0.5666666666666667,21.898984909057617,frame_id_exact,1,,0.6056001782417297,7.84039831161499,1.9616217613220215,-0.06316943972556983,0.02971100486337527,0.021379273234327385,0.997331341506291,-0.11821022629737854,0.8241515755653381,-0.14598865807056427,0.8405149152033643,0.07679545641604348,-0.04636054990920216,0.03897552872579344,-0.5286259651184082,depth/002896.png,1.0,0.06196446609968465,0.12473132474532565,-0.9902537561495321,0.8405149152033643,0.07679545641604348,-0.04636054990920216,-0.5286259651184082,0.9913386023874511,-0.13131063288715733,0.0023006753941223505,4.5,0.9,1.0666666656,0.0,0.038378238677978516,-0.20437632610309564,1.0666666656,0.0,0.038378238677978516,-0.20437632610309564,direct,SAFE_PROGRESSING,NONE,DIRECT_LOCAL,PASS_THROUGH,0,7,0,0,0,0,1,1.0666666656,16.681248126451727,inf,0.0,0,0,0,CLEAR,none,nan,0.0,0.0,0,0,0,0,7.545355420825087,0,0,1,0,2.0,1.0,"0.606,7.840;0.603,8.043;0.617,8.263;0.635,8.482;0.656,8.701;0.678,8.920;0.702,9.139;0.726,9.358;0.750,9.576;0.774,9.795;0.799,10.013;0.823,10.232;0.834,10.342",2.1500000000000004,24.450000000000003,2.0,2.1500000000000004,24.450000000000003,2.0,2.1500000000000004,24.450000000000003,2.0,3.8823414357491557,0.0,0.0,0,0,9,1,,,0,1,PASS_THROUGH,-1,0.9719684314015137,-0.23511049443134424,0.0006509739853980171,0.9,0,0.9913386023874511,-0.13131063288715733,0.0023006753941223505,4.5,0.9,0,0,0,BYPASS_VISIBLE,1,0,1,1,1
1787562508712394496,1787562508731427584,joint_v2_000008_af4e508d,2897,18,0.03333333333333333,0.6,19.033193588256836,frame_id_exact,1,,0.6019840836524963,7.868625640869141,1.9568257331848145,-0.07736473137639932,0.03140171015153179,0.013119039722923971,0.996421859322328,-0.09860260039567947,0.8708969354629517,-0.14332365989685059,0.8852079233229329,0.07057684811480927,-0.01230680650121782,0.021331609052294455,-0.49381545186042786,depth/002897.png,1.0,0.06460860279834091,0.15335189840239713,-0.9860572618772335,0.8852079233229329,0.07057684811480927,-0.01230680650121782,-0.49381545186042786,0.9934577738640077,-0.11417062012238346,0.0025924988024727206,4.5,0.9,1.0,0.0,0.04317426681518555,-0.1813572711547956,1.0,0.0,0.04317426681518555,-0.1813572711547956,direct,SAFE_PROGRESSING,NONE,DIRECT_LOCAL,PASS_THROUGH,0,7,0,0,0,0,1,1.0,16.65347798253889,inf,0.0,0,0,0,CLEAR,none,nan,0.0,0.0,0,0,0,0,0.0,0,0,1,0,2.0,1.0,"0.606,7.840;0.603,8.043;0.617,8.263;0.635,8.482;0.656,8.701;0.678,8.920;0.702,9.139;0.726,9.358;0.750,9.576;0.774,9.795;0.799,10.013;0.823,10.232;0.834,10.342",2.1500000000000004,24.450000000000003,2.0,2.1500000000000004,24.450000000000003,2.0,2.1500000000000004,24.450000000000003,2.0,3.8823414357491557,0.0,0.0,0,0,9,1,,,1,1,PASS_THROUGH,-1,0.9934611124205424,-0.114171003797543,0.0,0.9,0,0.9934577738640077,-0.11417062012238346,0.0025924988024727206,4.5,0.9,0,0,0,BYPASS_VISIBLE,1,0,1,1,1
1787562508759684608,1787562508778795008,joint_v2_000008_af4e508d,2898,19,0.03333333333333333,0.6333333333333333,19.110441207885742,frame_id_exact,1,,0.5990304350852966,7.898538112640381,1.9520020484924316,-0.0842106454745778,0.03067393281427156,0.005500905442439524,0.9959605499585684,-0.07863534241914749,0.924574613571167,-0.1464257836341858,0.9371856064594805,0.06404590587517801,0.0065957741272900106,0.0058024313265250885,-0.44815370440483093,depth/002898.png,1.0,0.06202652358619306,0.16740349275053495,-0.9839353540689211,0.9371856064594805,0.06404590587517801,0.0065957741272900106,-0.44815370440483093,0.9950760502504763,-0.09907228643016973,0.002887261576287604,4.5,0.9,1.0,0.0,0.04799795150756836,-0.17469806662852305,1.0,0.0,0.04799795150756836,-0.17469806662852305,direct,SAFE_PROGRESSING,NONE,DIRECT_LOCAL,PASS_THROUGH,0,7,0,0,0,0,1,1.0,16.623970560609454,inf,0.0,0,0,0,CLEAR,none,nan,0.0,0.0,0,0,0,0,0.0,0,0,1,0,2.0,1.0,"0.606,7.840;0.603,8.043;0.617,8.263;0.635,8.482;0.656,8.701;0.678,8.920;0.702,9.139;0.726,9.358;0.750,9.576;0.774,9.795;0.799,10.013;0.823,10.232;0.834,10.342",2.1500000000000004,24.450000000000003,2.0,2.1500000000000004,24.450000000000003,2.0,2.1500000000000004,24.450000000000003,2.0,3.8823414357491557,0.0,0.0,0,0,9,1,,,0,1,PASS_THROUGH,-1,0.9934577738640077,-0.11417062012238346,0.0025924988024727206,0.9,0,0.9950760502504763,-0.09907228643016973,0.002887261576287604,4.5,0.9,0,0,0,BYPASS_VISIBLE,1,0,1,1,1
1787562508805081600,1787562508822252544,joint_v2_000008_af4e508d,2899,20,0.03333333333333333,0.6666666666666666,17.17090606689453,frame_id_exact,1,,0.5967331528663635,7.930262565612793,1.947060227394104,-0.07581556107786429,0.02784321367995982,-0.0016149390120806606,0.9967317332775194,-0.0594327338039875,0.9780360460281372,-0.14979569613933563,0.9894999555985234,0.058340411646889384,-0.0034266600397766522,-0.007452676054351553,-0.4013272523880005,depth/002899.png,1.0,0.055259554247870525,0.15122548138908154,-0.9869535123008415,0.9894999555985234,0.058340411646889384,-0.0034266600397766522,-0.4013272523880005,0.9962736865414495,-0.08618910547057046,0.003190549058146149,4.5,0.9,1.0,0.0,0.052939772605895996,-0.11920327000187136,1.0,0.0,0.052939772605895996,-0.11920327000187136,direct,SAFE_PROGRESSING,NONE,DIRECT_LOCAL,PASS_THROUGH,0,7,0,0,0,0,1,1.0,16.59259963958326,inf,0.0,0,0,0,CLEAR,none,nan,0.0,0.0,0,0,0,0,4.944431784736603,0,0,1,0,2.0,1.0,"0.597,7.930;0.601,8.148;0.616,8.368;0.635,8.587;0.656,8.806;0.678,9.025;0.701,9.243;0.725,9.462;0.748,9.681;0.772,9.900;0.796,10.118;0.819,10.337;0.830,10.446",2.1500000000000004,24.450000000000003,2.0,2.1500000000000004,24.450000000000003,2.0,2.1500000000000004,24.450000000000003,2.0,3.8823414357491557,0.0,0.0,0,0,9,1,,,0,1,PASS_THROUGH,-1,0.9934577738640077,-0.11417062012238346,0.0025924988024727206,0.9,0,0.9962736865414495,-0.08618910547057046,0.003190549058146149,4.5,0.9,0,0,0,BYPASS_VISIBLE,1,0,1,1,1
1787562508847161856,1787562508863726848,joint_v2_000008_af4e508d,2900,21,0.03333333333333333,0.7,16.56508445739746,frame_id_exact,1,,0.5950471758842468,7.963632106781006,1.9420591592788696,-0.053611362164665936,0.023482200491667077,-0.00822788595772851,0.9982518269452778,-0.04212988540530205,1.0218298435211182,-0.14924439787864685,1.0312637441565367,0.05457085709313182,-0.041257219940020295,-0.018966042483983852,-0.35530248284339905,depth/002900.png,1.0,0.04600008273514521,0.10742169818716933,-0.9931488162138363,1.0312637441565367,0.05457085709313182,-0.041257219940020295,-0.35530248284339905,0.997177222552936,-0.07500229584210213,0.00349891983707317,4.5,0.9,1.0,0.0,0.05794084072113037,-0.10596488310628482,1.0,0.0,0.05794084072113037,-0.10596488310628482,direct,SAFE_PROGRESSING,NONE,DIRECT_LOCAL,PASS_THROUGH,0,7,0,0,0,0,1,1.0,16.559535156392155,inf,0.0,0,0,0,CLEAR,none,nan,0.0,0.0,0,0,0,0,0.0,0,0,1,0,2.0,1.0,"0.597,7.930;0.601,8.148;0.616,8.368;0.635,8.587;0.656,8.806;0.678,9.025;0.701,9.243;0.725,9.462;0.748,9.681;0.772,9.900;0.796,10.118;0.819,10.337;0.830,10.446",2.1500000000000004,24.450000000000003,2.0,2.1500000000000004,24.450000000000003,2.0,2.1500000000000004,24.450000000000003,2.0,3.8823414357491557,0.0,0.0,0,0,9,1,,,0,1,PASS_THROUGH,-1,0.9934577738640077,-0.11417062012238346,0.0025924988024727206,0.9,0,0.997177222552936,-0.07500229584210213,0.00349891983707317,4.5,0.9,0,0,0,BYPASS_VISIBLE,1,0,1,1,1
1787562508889449216,1787562508905235968,joint_v2_000008_af4e508d,2901,22,0.03333333333333333,0.7333333333333333,15.786886215209961,frame_id_exact,1,,0.5938938856124878,7.998192310333252,1.9372044801712036,-0.02278003326955786,0.018529489647669883,-0.014246864753809737,0.9994672355521823,-0.027580441907048225,1.0484176874160767,-0.1405632495880127,1.052616681013735,0.05317768307042278,-0.09417330870419313,-0.029346400430480833,-0.31048595905303955,depth/002901.png,1.0,0.03639014748254144,0.04606376802135841,-0.9982754561952695,1.052616681013735,0.05317768307042278,-0.09417330870419313,-0.31048595905303955,0.9978837171009632,-0.06491261454888986,0.0037999496302038136,4.5,0.9,1.0,0.0,0.06279551982879639,-0.10551571555008799,1.0,0.0,0.06279551982879639,-0.10551571555008799,direct,SAFE_PROGRESSING,NONE,DIRECT_LOCAL,PASS_THROUGH,0,7,0,0,0,0,1,1.0,16.525236533768954,inf,0.0,0,0,0,CLEAR,none,nan,0.0,0.0,0,0,0,0,0.0,0,0,1,0,2.0,1.0,"0.597,7.930;0.601,8.148;0.616,8.368;0.635,8.587;0.656,8.806;0.678,9.025;0.701,9.243;0.725,9.462;0.748,9.681;0.772,9.900;0.796,10.118;0.819,10.337;0.830,10.446",2.1500000000000004,24.450000000000003,2.0,2.1500000000000004,24.450000000000003,2.0,2.1500000000000004,24.450000000000003,2.0,3.8823414357491557,0.0,0.0,0,0,9,1,,,0,1,PASS_THROUGH,-1,0.9934577738640077,-0.11417062012238346,0.0025924988024727206,0.9,0,0.9978837171009632,-0.06491261454888986,0.0037999496302038136,4.5,0.9,0,0,0,BYPASS_VISIBLE,1,0,1,1,1
1787562508931718656,1787562508948795136,joint_v2_000008_af4e508d,2902,23,0.03333333333333333,0.7666666666666667,17.076492309570312,frame_id_exact,1,,0.5931729674339294,8.033284187316895,1.932798147201538,0.009883801156418633,0.014068652848155316,-0.01957741319236718,0.9996604965559227,-0.016204331070184708,1.0533697605133057,-0.12256879359483719,1.0493631735952984,0.05362803798135776,-0.1443416271103356,-0.038889040660802426,-0.2695554792881012,depth/002902.png,1.0,0.02851475150242049,-0.01921003548403429,-0.9994087669634769,1.0493631735952984,0.05362803798135776,-0.1443416271103356,-0.2695554792881012,0.9984430898514188,-0.05563082958073303,0.004075184426648114,4.5,0.9,1.0666666666,0.0,0.06720185279846191,-0.06530078836540776,1.0666666666,0.0,0.06720185279846191,-0.06530078836540776,direct,SAFE_PROGRESSING,NONE,DIRECT_LOCAL,PASS_THROUGH,0,6,0,0,0,0,1,1.0666666666,16.490368961418906,inf,0.0,0,0,0,CLEAR,none,nan,0.0,0.0,0,0,0,0,3.189084609123723,0,0,1,0,2.0,2.0,"0.593,8.033;0.604,8.284;0.630,8.613;0.669,9.017;0.712,9.435;0.756,9.852;0.800,10.270;0.844,10.688;0.876,11.020",2.1500000000000004,24.450000000000003,2.0,2.1500000000000004,24.450000000000003,2.0,2.1500000000000004,24.450000000000003,2.0,3.8823414357491557,0.0,0.0,0,0,9,1,,,0,1,PASS_THROUGH,-1,0.9934577738640077,-0.11417062012238346,0.0025924988024727206,0.9,0,0.9984430898514188,-0.05563082958073303,0.004075184426648114,4.5,0.9,0,0,0,BYPASS_VISIBLE,1,0,1,1,1
1787562508975126528,1787562508998594304,joint_v2_000008_af4e508d,2903,24,0.03333333333333333,0.8,23.4677791595459,frame_id_exact,1,,0.5927804112434387,8.06817626953125,1.9291002750396729,0.03618213050451524,0.011058708519723915,-0.024157499775488228,0.9989919787478914,-0.007777138147503138,1.0369913578033447,-0.09884312748908997,1.0255915805532196,0.05463129119678981,-0.1742379287323377,-0.04749739676784275,-0.23491069674491882,depth/002903.png,1.0,0.023843261832109344,-0.0717570147988754,-0.99713711679606,1.0255915805532196,0.05463129119678981,-0.1742379287323377,-0.23491069674491882,0.9988734457488674,-0.047257552878382535,0.004308488566947592,4.5,0.9,1.1333333332,0.0,0.07089972496032715,-0.05554198810508115,1.1333333332,0.0,0.07089972496032715,-0.05554198810508115,direct,SAFE_PROGRESSING,NONE,DIRECT_LOCAL,PASS_THROUGH,0,6,0,0,0,0,1,1.1333333332,16.455670195520945,inf,0.0,0,0,0,CLEAR,none,nan,0.0,0.0,0,0,0,0,0.0,0,0,1,0,2.0,2.0,"0.593,8.033;0.604,8.284;0.630,8.613;0.669,9.017;0.712,9.435;0.756,9.852;0.800,10.270;0.844,10.688;0.876,11.020",2.1500000000000004,24.450000000000003,2.0,2.1500000000000004,24.450000000000003,2.0,2.1500000000000004,24.450000000000003,2.0,3.8823414357491557,0.0,0.0,0,0,9,1,,,1,1,PASS_THROUGH,-1,0.9988827169586552,-0.0472579915072085,0.0,0.9,0,0.9988734457488674,-0.047257552878382535,0.004308488566947592,4.5,0.9,0,0,0,BYPASS_VISIBLE,1,0,1,1,1
1787562509030984960,1787562509047709184,joint_v2_000008_af4e508d,2904,25,0.03333333333333333,0.8333333333333334,16.724348068237305,frame_id_exact,1,,0.5926344394683838,8.10225772857666,1.9262540340423584,0.046245337059093235,0.010114926028670548,-0.027967099418755127,0.998487305087965,-0.001150469877757132,1.0066306591033936,-0.07166304439306259,0.9941074242307062,0.054793691966015065,-0.16489475361477796,-0.05495597080470146,-0.20685957372188568,depth/002904.png,1.0,0.022785946341433737,-0.09178499366232284,-0.9955181141434508,0.9941074242307062,0.054793691966015065,-0.16489475361477796,-0.20685957372188568,0.9991891406425896,-0.04001118358274761,0.004490702643347105,4.5,0.9,1.1999999998,0.0,0.0737459659576416,-0.05717579823882879,1.1999999998,0.0,0.0737459659576416,-0.05717579823882879,direct,SAFE_PROGRESSING,NONE,DIRECT_LOCAL,PASS_THROUGH,0,6,0,0,0,0,1,1.1999999998,16.421755839800188,inf,0.0,0,0,0,CLEAR,none,nan,0.0,0.0,0,0,0,0,0.0,0,0,1,0,2.0,2.0,"0.593,8.033;0.604,8.284;0.630,8.613;0.669,9.017;0.712,9.435;0.756,9.852;0.800,10.270;0.844,10.688;0.876,11.020",2.1500000000000004,24.450000000000003,2.0,2.1500000000000004,24.450000000000003,2.0,2.1500000000000004,24.450000000000003,2.0,3.8823414357491557,0.0,0.0,0,0,9,1,,,0,1,PASS_THROUGH,-1,0.9988734457488674,-0.047257552878382535,0.004308488566947592,0.9,0,0.9991891406425896,-0.04001118358274761,0.004490702643347105,4.5,0.9,0,0,0,BYPASS_VISIBLE,1,0,1,1,1
1787562509074728192,1787562509092496128,joint_v2_000008_af4e508d,2905,26,0.03333333333333333,0.8666666666666667,17.767906188964844,frame_id_exact,1,,0.5927029252052307,8.135278701782227,1.9243278503417969,0.03554588915066367,0.011194181827069357,-0.03108054899461376,0.9988218958012007,0.005384583957493305,0.9758480787277222,-0.044303759932518005,0.9687202595584388,0.05335028672486478,-0.11404426891582892,-0.06134903875477644,-0.18499286472797394,depth/002905.png,1.0,0.02457155932752215,-0.07031218214534876,-0.9972223601154225,0.9687202595584388,0.05335028672486478,-0.11404426891582892,-0.18499286472797394,0.9994176360534293,-0.03380931619200814,0.004617237702848432,4.5,0.9,1.1333333332,0.0,0.07567214965820312,-0.028613993593789577,1.1333333332,0.0,0.07567214965820312,-0.028613993593789577,direct,SAFE_PROGRESSING,NONE,DIRECT_LOCAL,PASS_THROUGH,0,6,0,0,0,0,1,1.1333333332,16.38887748498002,inf,0.0,0,0,0,CLEAR,none,nan,0.0,0.0,0,0,0,0,1.9375210228986586,0,0,1,0,2.0,1.0,"0.593,8.135;0.604,8.353;0.622,8.572;0.642,8.791;0.663,9.010;0.685,9.229;0.707,9.448;0.729,9.667;0.752,9.885;0.775,10.104;0.798,10.323;0.820,10.542;0.831,10.651",2.1500000000000004,24.450000000000003,2.0,2.1500000000000004,24.450000000000003,2.0,2.1500000000000004,24.450000000000003,2.0,3.8823414357491557,0.0,0.0,0,0,9,1,,,0,1,PASS_THROUGH,-1,0.9988734457488674,-0.047257552878382535,0.004308488566947592,0.9,0,0.9994176360534293,-0.03380931619200814,0.004617237702848432,4.5,0.9,0,0,0,BYPASS_VISIBLE,1,0,1,1,1
1787562509123967488,1787562509140682240,joint_v2_000008_af4e508d,2906,27,0.03333333333333333,0.9,16.714811325073242,frame_id_exact,1,,0.5930099487304688,8.167472839355469,1.9232195615768433,0.008151780880903884,0.013643506722561006,-0.03361524680648221,0.9993084700806456,0.013377785682678223,0.9590210318565369,-0.023570893332362175,0.9572655623755273,0.05021932380177026,-0.03970584732998962,-0.06703768495810758,-0.16397906839847565,depth/002906.png,1.0,0.027816191911362777,-0.015375027669487862,-0.9994948063855623,0.9572655623755273,0.05021932380177026,-0.03970584732998962,-0.16397906839847565,0.9995886874468658,-0.028291727564895584,0.004694047256444074,4.5,0.9,1.0666666666,0.0,0.07678043842315674,-0.023354194597385858,1.0666666666,0.0,0.07678043842315674,-0.023354194597385858,direct,SAFE_PROGRESSING,NONE,DIRECT_LOCAL,PASS_THROUGH,0,6,0,0,0,0,1,1.0666666666,16.356800076936786,inf,0.0,0,0,0,CLEAR,none,nan,0.0,0.0,0,0,0,0,0.0,0,0,1,0,2.0,1.0,"0.593,8.135;0.604,8.353;0.622,8.572;0.642,8.791;0.663,9.010;0.685,9.229;0.707,9.448;0.729,9.667;0.752,9.885;0.775,10.104;0.798,10.323;0.820,10.542;0.831,10.651",2.1500000000000004,24.450000000000003,2.0,2.1500000000000004,24.450000000000003,2.0,2.1500000000000004,24.450000000000003,2.0,3.8823414357491557,0.0,0.0,0,0,9,1,,,0,1,PASS_THROUGH,-1,0.9988734457488674,-0.047257552878382535,0.004308488566947592,0.9,0,0.9995886874468658,-0.028291727564895584,0.004694047256444074,4.5,0.9,0,0,0,BYPASS_VISIBLE,1,0,1,1,1
1787562509168164352,1787562509195743232,joint_v2_000008_af4e508d,2907,28,0.03333333333333333,0.9333333333333333,27.579069137573242,frame_id_exact,1,,0.5936205387115479,8.199446678161621,1.9226584434509277,-0.022582570192614174,0.016364956348345353,-0.0357106031595936,0.9989729568657956,0.02365322783589363,0.9629629850387573,-0.011397390626370907,0.9617224658653184,0.04548259158112109,0.03175403545846241,-0.07218450005652424,-0.14153562486171722,depth/002907.png,1.0,0.031083423259628234,0.046287558761649986,-0.9984444314544249,0.9617224658653184,0.04548259158112109,0.03175403545846241,-0.14153562486171722,0.9997173897404341,-0.023295834936655945,0.004737586429488506,4.5,0.9,1.0,0.0,0.07734155654907227,-0.0249145770567194,1.0,0.0,0.07734155654907227,-0.0249145770567194,direct,SAFE_PROGRESSING,NONE,DIRECT_LOCAL,PASS_THROUGH,0,6,0,0,0,0,1,1.0,16.324913485021384,inf,0.0,0,0,0,CLEAR,none,nan,0.0,0.0,0,0,0,0,0.0,0,0,1,0,2.0,1.0,"0.593,8.135;0.604,8.353;0.622,8.572;0.642,8.791;0.663,9.010;0.685,9.229;0.707,9.448;0.729,9.667;0.752,9.885;0.775,10.104;0.798,10.323;0.820,10.542;0.831,10.651",2.1500000000000004,24.450000000000003,2.0,2.1500000000000004,24.450000000000003,2.0,2.1500000000000004,24.450000000000003,2.0,3.8823414357491557,0.0,0.0,0,0,9,1,,,0,1,PASS_THROUGH,-1,0.9988734457488674,-0.047257552878382535,0.004308488566947592,0.9,0,0.9997173897404341,-0.023295834936655945,0.004737586429488506,4.5,0.9,0,0,0,BYPASS_VISIBLE,1,0,1,1,1
1787562509227792640,1787562509244364288,joint_v2_000008_af4e508d,2908,29,0.03333333333333333,0.9666666666666667,16.571521759033203,frame_id_exact,1,,0.5946093201637268,8.231871604919434,1.9223603010177612,-0.043813751136003665,0.018168858048754392,-0.03754628960179572,0.9981685849322922,0.0359380878508091,0.9847940802574158,-0.007741289213299751,0.9815607890464406,0.03931482392170742,0.07850870177018497,-0.07666388600744725,-0.11900186538696289,depth/002908.png,1.0,0.03298107907933492,0.08883136635606567,-0.9955004956171931,0.9815607890464406,0.03931482392170742,0.07850870177018497,-0.11900186538696289,0.9998091372408666,-0.01894679458888061,0.004765297942512124,4.5,0.9,1.0,0.0,0.07763969898223877,-0.010106041876505323,1.0,0.0,0.07763969898223877,-0.010106041876505323,direct,SAFE_PROGRESSING,NONE,DIRECT_LOCAL,PASS_THROUGH,0,6,0,0,0,0,1,1.0,16.292542122279144,inf,0.0,0,0,0,CLEAR,none,nan,0.0,0.0,0,0,0,0,1.0856486536939725,0,0,1,0,2.0,1.0,"0.595,8.232;0.609,8.450;0.628,8.669;0.648,8.888;0.670,9.107;0.691,9.326;0.713,9.545;0.735,9.764;0.757,9.983;0.780,10.202;0.802,10.420;0.824,10.639;0.835,10.749",2.1500000000000004,24.450000000000003,2.0,2.1500000000000004,24.450000000000003,2.0,2.1500000000000004,24.450000000000003,2.0,3.8823414357491557,0.0,0.0,0,0,9,1,,,0,1,PASS_THROUGH,-1,0.9988734457488674,-0.047257552878382535,0.004308488566947592,0.9,0,0.9998091372408666,-0.01894679458888061,0.004765297942512124,4.5,0.9,0,0,0,BYPASS_VISIBLE,1,0,1,1,1
1787562509269820928,1787562509288122368,joint_v2_000008_af4e508d,2909,30,0.03333333333333333,1.0,18.30148696899414,frame_id_exact,1,,0.5960257649421692,8.265193939208984,1.9220691919326782,-0.048275231669485094,0.018200770693354178,-0.039268192768806734,0.9978959078932518,0.049059271812438965,1.0151010751724243,-0.010345247574150562,1.012009283739147,0.03212641766843059,0.08802915442011995,-0.08025700025850452,-0.09863707423210144,depth/002909.png,1.0,0.032533586984490825,0.09777673501541075,-0.9946764679068509,1.012009283739147,0.03212641766843059,0.08802915442011995,-0.09863707423210144,0.9998689503604494,-0.015463169640513637,0.004792962524543814,4.5,0.9,1.0,0.0,0.07793080806732178,-0.006746759201600727,1.0,0.0,0.07793080806732178,-0.006746759201600727,direct,SAFE_PROGRESSING,NONE,DIRECT_LOCAL,PASS_THROUGH,0,6,0,0,0,0,1,1.0,16.25923685628084,inf,0.0,0,0,0,CLEAR,none,nan,0.0,0.0,0,0,0,0,0.0,0,0,1,0,2.0,1.0,"0.595,8.232;0.609,8.450;0.628,8.669;0.648,8.888;0.670,9.107;0.691,9.326;0.713,9.545;0.735,9.764;0.757,9.983;0.780,10.202;0.802,10.420;0.824,10.639;0.835,10.749",2.1500000000000004,24.450000000000003,2.0,2.1500000000000004,24.450000000000003,2.0,2.1500000000000004,24.450000000000003,2.0,3.8823414357491557,0.0,0.0,0,0,9,1,,,1,1,PASS_THROUGH,-1,0.9998804352979406,-0.015463347257327007,0.0,0.9,0,0.9998689503604494,-0.015463169640513637,0.004792962524543814,4.5,0.9,0,0,0,BYPASS_VISIBLE,1,0,1,1,1
1787562509317869824,1787562509336822272,joint_v2_000008_af4e508d,2910,31,0.03333333333333333,1.0333333333333334,18.952369689941406,frame_id_exact,1,,0.5978724956512451,8.299519538879395,1.9216485023498535,-0.037478801682801294,0.016265806904077272,-0.04088405507607714,0.9983282310897137,0.06150311231613159,1.0433441400527954,-0.014722858555614948,1.0429920649305298,0.0247437486987494,0.0642003844490747,-0.08298172127738374,-0.08098718523979187,depth/002910.png,1.0,0.02941265768321859,0.07616231586535266,-0.9966615259003611,1.0429920649305298,0.0247437486987494,0.0642003844490747,-0.08098718523979187,0.9999060616099217,-0.012827640819187957,0.004829035799147684,4.5,0.9,1.0,0.0,0.07835149765014648,-0.008838940647907245,1.0,0.0,0.07835149765014648,-0.008838940647907245,direct,SAFE_PROGRESSING,NONE,DIRECT_LOCAL,PASS_THROUGH,0,6,0,0,0,0,1,1.0,16.2248919538712,inf,0.0,0,0,0,CLEAR,none,nan,0.0,0.0,0,0,0,0,0.0,0,0,1,0,2.0,1.0,"0.595,8.232;0.609,8.450;0.628,8.669;0.648,8.888;0.670,9.107;0.691,9.326;0.713,9.545;0.735,9.764;0.757,9.983;0.780,10.202;0.802,10.420;0.824,10.639;0.835,10.749",2.1500000000000004,24.450000000000003,2.0,2.1500000000000004,24.450000000000003,2.0,2.1500000000000004,24.450000000000003,2.0,3.8823414357491557,0.0,0.0,0,0,9,1,,,0,1,PASS_THROUGH,-1,0.9998689503604494,-0.015463169640513637,0.004792962524543814,0.9,0,0.9999060616099217,-0.012827640819187957,0.004829035799147684,4.5,0.9,0,0,0,BYPASS_VISIBLE,1,0,1,1,1
1787562509370983424,1787562509387696128,joint_v2_000008_af4e508d,2911,32,0.03333333333333333,1.0666666666666667,16.712665557861328,frame_id_exact,1,,0.6001028418540955,8.334632873535156,1.9211257696151733,-0.016195840148791663,0.01267893190969487,-0.04234358812547744,0.9988913654608114,0.07186347991228104,1.0613504648208618,-0.015796126797795296,1.0635654212966241,0.018257892914782484,0.01933728292240729,-0.08513117895199204,-0.06611841917037964,depth/002911.png,1.0,0.023958171246506513,0.033429512703333254,-0.9991538788950082,1.0635654212966241,0.018257892914782484,0.01933728292240729,-0.06611841917037964,0.9999303630296144,-0.01074869966669666,0.004871811463778828,4.5,0.9,1.0666666666,0.0,0.07887423038482666,-0.0076634051161322825,1.0666666666,0.0,0.07887423038482666,-0.0076634051161322825,direct,SAFE_PROGRESSING,NONE,DIRECT_LOCAL,PASS_THROUGH,0,6,0,0,0,0,1,1.0666666666,16.18972633559853,inf,0.0,0,0,0,CLEAR,none,nan,0.0,0.0,0,0,0,0,0.6158742946024348,0,0,1,0,2.0,2.0,"0.600,8.335;0.621,8.587;0.652,8.918;0.691,9.322;0.732,9.740;0.773,10.158;0.814,10.576;0.856,10.994;0.887,11.321",2.1500000000000004,24.450000000000003,2.0,2.1500000000000004,24.450000000000003,2.0,2.1500000000000004,24.450000000000003,2.0,3.8823414357491557,0.0,0.0,0,0,9,1,,,0,1,PASS_THROUGH,-1,0.9998689503604494,-0.015463169640513637,0.004792962524543814,0.9,0,0.9999303630296144,-0.01074869966669666,0.004871811463778828,4.5,0.9,0,0,0,BYPASS_VISIBLE,1,0,1,1,1
1787562509413072896,1787562509429820672,joint_v2_000008_af4e508d,2912,33,0.03333333333333333,1.1,16.74795150756836,frame_id_exact,1,,0.6026273965835571,8.370101928710938,1.9206479787826538,0.007998240256968285,0.008199463606721462,-0.04358771452639079,0.9989839378547183,0.07901957631111145,1.0641719102859497,-0.012073173187673092,1.0666997679135035,0.013620905365891204,-0.02859695199047678,-0.08707838221972157,-0.054511647671461105,depth/002912.png,1.0,0.017079514910346552,-0.015265435337710012,-0.9997375938987078,1.0666997679135035,0.013620905365891204,-0.02859695199047678,-0.054511647671461105,0.9999487177452777,-0.008856245143630096,0.004912107646514333,4.5,0.9,1.1333333332,0.0,0.07935202121734619,-0.005494782391616271,1.1333333332,0.0,0.07935202121734619,-0.005494782391616271,direct,SAFE_PROGRESSING,NONE,DIRECT_LOCAL,PASS_THROUGH,0,6,0,0,0,0,1,1.1333333332,16.154178529310908,inf,0.0,0,0,0,CLEAR,none,nan,0.0,0.0,0,0,0,0,0.0,0,0,1,0,2.0,2.0,"0.600,8.335;0.621,8.587;0.652,8.918;0.691,9.322;0.732,9.740;0.773,10.158;0.814,10.576;0.856,10.994;0.887,11.321",2.1500000000000004,24.450000000000003,2.0,2.1500000000000004,24.450000000000003,2.0,2.1500000000000004,24.450000000000003,2.0,3.8823414357491557,0.0,0.0,0,0,9,1,,,0,1,PASS_THROUGH,-1,0.9998689503604494,-0.015463169640513637,0.004792962524543814,0.9,0,0.9999487177452777,-0.008856245143630096,0.004912107646514333,4.5,0.9,0,0,0,BYPASS_VISIBLE,1,0,1,1,1
1787562509461213952,1787562509478013952,joint_v2_000008_af4e508d,2913,34,0.03333333333333333,1.1333333333333333,16.7999267578125,frame_id_exact,1,,0.6053317785263062,8.405418395996094,1.9203988313674927,0.0239657075390013,0.003937838546350633,-0.04457837192175025,0.9987106222758142,0.08267678320407867,1.052877426147461,-0.0019725654274225235,1.0547669132461575,0.011186007650465794,-0.05226708276017559,-0.0889748346493612,-0.04533819854259491,depth/002913.png,1.0,0.010002226818178046,-0.047518528516538275,-0.9988202765794758,1.0547669132461575,0.011186007650465794,-0.05226708276017559,-0.04533819854259491,0.9999632864761236,-0.007002738200434734,0.0049383557553288,4.5,0.9,1.1999999998,0.0,0.07960116863250732,-0.005359432349088533,1.1999999998,0.0,0.07960116863250732,-0.005359432349088533,direct,SAFE_PROGRESSING,NONE,DIRECT_LOCAL,PASS_THROUGH,0,6,0,0,0,0,1,1.1999999998,16.118765423008405,inf,0.0,0,0,0,CLEAR,none,nan,0.0,0.0,0,0,0,0,0.0,0,0,1,0,2.0,2.0,"0.600,8.335;0.621,8.587;0.652,8.918;0.691,9.322;0.732,9.740;0.773,10.158;0.814,10.576;0.856,10.994;0.887,11.321",2.1500000000000004,24.450000000000003,2.0,2.1500000000000004,24.450000000000003,2.0,2.1500000000000004,24.450000000000003,2.0,3.8823414357491557,0.0,0.0,0,0,9,1,,,0,1,PASS_THROUGH,-1,0.9998689503604494,-0.015463169640513637,0.004792962524543814,0.9,0,0.9999632864761236,-0.007002738200434734,0.0049383557553288,4.5,0.9,0,0,0,BYPASS_VISIBLE,1,0,1,1,1
1787562509503037952,1787562509520015104,joint_v2_000008_af4e508d,2914,35,0.03333333333333333,1.1666666666666667,16.97707176208496,frame_id_exact,1,,0.6081078052520752,8.44022274017334,1.9205682277679443,0.024150974634352125,0.0008531368277391681,-0.045353912176090506,0.998678639619416,0.083516925573349,1.035379409790039,0.012377164326608181,1.0380772586079268,0.010625235536514338,-0.037702822202152056,-0.09067163460983912,-0.03800584003329277,depth/002914.png,1.0,0.0038947014181383447,-0.04816073880111667,-0.9988320051635281,1.0380772586079268,0.010625235536514338,-0.037702822202152056,-0.03800584003329277,0.9999735389278781,-0.0053415579629943885,0.00493854255659696,4.5,0.9,1.1333333332,0.0,0.07943177223205566,-0.003055749912064254,1.1333333332,0.0,0.07943177223205566,-0.003055749912064254,direct,SAFE_PROGRESSING,NONE,DIRECT_LOCAL,PASS_THROUGH,0,6,0,0,0,0,1,1.1333333332,16.083855242120514,inf,0.0,0,0,0,CLEAR,none,nan,0.0,0.0,0,0,0,0,0.30605391496251566,0,0,1,0,2.0,1.0,"0.608,8.440;0.627,8.659;0.648,8.878;0.669,9.097;0.690,9.316;0.711,9.535;0.733,9.754;0.754,9.973;0.775,10.192;0.797,10.411;0.818,10.630;0.840,10.849;0.850,10.959",2.1500000000000004,24.450000000000003,2.0,2.1500000000000004,24.450000000000003,2.0,2.1500000000000004,24.450000000000003,2.0,3.8823414357491557,0.0,0.0,0,0,9,1,,,0,1,PASS_THROUGH,-1,0.9998689503604494,-0.015463169640513637,0.004792962524543814,0.9,0,0.9999735389278781,-0.0053415579629943885,0.00493854255659696,4.5,0.9,0,0,0,BYPASS_VISIBLE,1,0,1,1,1
1787562509550447616,1787562509568176640,joint_v2_000008_af4e508d,2915,36,0.03333333333333333,1.2,17.72904396057129,frame_id_exact,1,,0.6108845472335815,8.474503517150879,1.921189308166504,0.008917978059671951,-0.0005895548848704297,-0.04597212330001697,0.9989027409971669,0.08299881219863892,1.023210883140564,0.024044059216976166,1.0267748474498137,0.011329351271920366,0.005699950129299816,-0.09198353791928879,-0.03153832629323006,depth/002915.png,1.0,-0.0003578592070385127,-0.0178705916356366,-0.9998402441847298,1.0267748474498137,0.011329351271920366,0.005699950129299816,-0.03153832629323006,0.9999796927693992,-0.0040622345547223744,0.004910427602606941,4.5,0.9,1.0666666666,0.0,0.0788106918334961,-0.0014588668354975631,1.0666666666,0.0,0.0788106918334961,-0.0014588668354975631,direct,SAFE_PROGRESSING,NONE,DIRECT_LOCAL,PASS_THROUGH,0,6,0,0,0,0,1,1.0666666666,16.049466167149273,inf,0.0,0,0,0,CLEAR,none,nan,0.0,0.0,0,0,0,0,0.0,0,0,1,0,2.0,1.0,"0.608,8.440;0.627,8.659;0.648,8.878;0.669,9.097;0.690,9.316;0.711,9.535;0.733,9.754;0.754,9.973;0.775,10.192;0.797,10.411;0.818,10.630;0.840,10.849;0.850,10.959",2.1500000000000004,24.450000000000003,2.0,2.1500000000000004,24.450000000000003,2.0,2.1500000000000004,24.450000000000003,2.0,3.8823414357491557,0.0,0.0,0,0,9,1,,,1,1,PASS_THROUGH,-1,0.9999917488922183,-0.004062283530515658,0.0,0.9,0,0.9999796927693992,-0.0040622345547223744,0.004910427602606941,4.5,0.9,0,0,0,BYPASS_VISIBLE,1,0,1,1,1
1787562509599294720,1787562509616190720,joint_v2_000008_af4e508d,2916,37,0.03333333333333333,1.2333333333333334,16.89600944519043,frame_id_exact,1,,0.6136418581008911,8.508578300476074,1.9221147298812866,-0.010273559020625324,-0.0006472726208992169,-0.04646175808578859,0.9988670282168601,0.08252895623445511,1.0233221054077148,0.03076055459678173,1.025719824978556,0.012727624447832004,0.05179015325526416,-0.09293890901679382,-0.025553714483976364,depth/002916.png,1.0,-0.002247733786360208,0.02046369188842952,-0.9997880700464079,1.025719824978556,0.012727624447832004,0.05179015325526416,-0.025553714483976364,0.9999832464913228,-0.0031395444150126056,0.004863126313452721,4.5,0.9,1.0,0.0,0.07788527011871338,-0.002004858172077184,1.0,0.0,0.07788527011871338,-0.002004858172077184,direct,SAFE_PROGRESSING,NONE,DIRECT_LOCAL,PASS_THROUGH,0,6,0,0,0,0,1,1.0,16.0152840169081,inf,0.0,0,0,0,CLEAR,none,nan,0.0,0.0,0,0,0,0,0.0,0,0,1,0,2.0,1.0,"0.608,8.440;0.627,8.659;0.648,8.878;0.669,9.097;0.690,9.316;0.711,9.535;0.733,9.754;0.754,9.973;0.775,10.192;0.797,10.411;0.818,10.630;0.840,10.849;0.850,10.959",2.1500000000000004,24.450000000000003,2.0,2.1500000000000004,24.450000000000003,2.0,2.1500000000000004,24.450000000000003,2.0,3.8823414357491557,0.0,0.0,0,0,9,1,,,0,1,PASS_THROUGH,-1,0.9999796927693992,-0.0040622345547223744,0.004910427602606941,0.9,0,0.9999832464913228,-0.0031395444150126056,0.004863126313452721,4.5,0.9,0,0,0,BYPASS_VISIBLE,1,0,1,1,1
1787562509642236672,1787562509659066880,joint_v2_000008_af4e508d,2917,38,0.03333333333333333,1.2666666666666666,16.8302059173584,frame_id_exact,1,,0.6163954138755798,8.542850494384766,1.923185110092163,-0.022370139284291365,0.00018675608741377825,-0.04684988317187768,0.9986514058656036,0.08284028619527817,1.0343868732452393,0.03279990330338478,1.035095719208873,0.014266600299487295,0.07916985794511916,-0.09371903064183111,-0.01989911124110222,depth/002917.png,1.0,-0.0017230683655159054,0.04469744109308783,-0.9989990839811305,1.035095719208873,0.014266600299487295,0.07916985794511916,-0.01989911124110222,0.999985583342292,-0.002393657271721812,0.004806611326230103,4.5,0.9,1.0,0.0,0.07681488990783691,0.004749797954219925,1.0,0.0,0.07681488990783691,0.004749797954219925,direct,SAFE_PROGRESSING,NONE,DIRECT_LOCAL,PASS_THROUGH,0,6,0,0,0,0,1,1.0,15.980905744687218,inf,0.0,0,0,0,CLEAR,none,nan,0.0,0.0,0,0,0,0,0.13714817455086284,0,0,1,0,2.0,1.0,"0.616,8.543;0.636,8.762;0.656,8.981;0.677,9.200;0.698,9.419;0.720,9.638;0.741,9.857;0.762,10.076;0.784,10.295;0.805,10.514;0.827,10.733;0.848,10.952;0.859,11.061",2.1500000000000004,24.450000000000003,2.0,2.1500000000000004,24.450000000000003,2.0,2.1500000000000004,24.450000000000003,2.0,3.8823414357491557,0.0,0.0,0,0,9,1,,,0,1,PASS_THROUGH,-1,0.9999796927693992,-0.0040622345547223744,0.004910427602606941,0.9,0,0.999985583342292,-0.002393657271721812,0.004806611326230103,4.5,0.9,0,0,0,BYPASS_VISIBLE,1,0,1,1,1
1787562509683432448,1787562509702287104,joint_v2_000008_af4e508d,2918,39,0.03333333333333333,1.3,18.854856491088867,frame_id_exact,1,,0.6191744208335876,8.577583312988281,1.92426335811615,-0.0217135705337653,0.0014174743697848346,-0.04716689083050542,0.9986499867473435,0.08402788639068604,1.0494022369384766,0.03162387013435364,1.0502785371939722,0.015296118760128121,0.07737462636811045,-0.09440819497727336,-0.014544880948960781,depth/002918.png,1.0,0.0007827982993874739,0.04350222956927382,-0.9990530232421724,1.0502785371939722,0.015296118760128121,0.07737462636811045,-0.014544880948960781,0.9999872071613827,-0.0017400564201288352,0.0047494965241282085,4.5,0.9,1.0,0.0,0.0757366418838501,0.004626504788829977,1.0,0.0,0.0757366418838501,0.004626504788829977,direct,SAFE_PROGRESSING,NONE,DIRECT_LOCAL,PASS_THROUGH,0,6,0,0,0,0,1,1.0,15.946066550718967,inf,0.0,0,0,0,CLEAR,none,nan,0.0,0.0,0,0,0,0,0.0,0,0,1,0,2.0,1.0,"0.616,8.543;0.636,8.762;0.656,8.981;0.677,9.200;0.698,9.419;0.720,9.638;0.741,9.857;0.762,10.076;0.784,10.295;0.805,10.514;0.827,10.733;0.848,10.952;0.859,11.061",2.1500000000000004,24.450000000000003,2.0,2.1500000000000004,24.450000000000003,2.0,2.1500000000000004,24.450000000000003,2.0,3.8823414357491557,0.0,0.0,0,0,9,1,,,0,1,PASS_THROUGH,-1,0.9999796927693992,-0.0040622345547223744,0.004910427602606941,0.9,0,0.9999872071613827,-0.0017400564201288352,0.0047494965241282085,4.5,0.9,0,0,0,BYPASS_VISIBLE,1,0,1,1,1
1787562509732204544,1787562509749040128,joint_v2_000008_af4e508d,2919,40,0.03333333333333333,1.3333333333333333,16.835689544677734,frame_id_exact,1,,0.6220048069953918,8.612770080566406,1.9252890348434448,-0.010726231193848737,0.0027502625934311053,-0.047422738447263024,0.9988135300936837,0.08588647842407227,1.060587763786316,0.030126197263598442,1.0630512114380366,0.015171166203556201,0.05312661486542303,-0.09493543578586389,-0.009739669039845467,depth/002919.png,1.0,0.004476664466397539,0.021687859653917237,-0.9997547680400866,1.0630512114380366,0.015171166203556201,0.05312661486542303,-0.009739669039845467,0.999988196916471,-0.00124805748698211,0.004695570280031247,4.5,0.9,1.0,0.0,0.07471096515655518,0.002844900942625128,1.0,0.0,0.07471096515655518,0.002844900942625128,direct,SAFE_PROGRESSING,NONE,DIRECT_LOCAL,PASS_THROUGH,0,6,0,0,0,0,1,1.0,15.9107705919873,inf,0.0,0,0,0,CLEAR,none,nan,0.0,0.0,0,0,0,0,0.0,0,0,1,0,2.0,1.0,"0.616,8.543;0.636,8.762;0.656,8.981;0.677,9.200;0.698,9.419;0.720,9.638;0.741,9.857;0.762,10.076;0.784,10.295;0.805,10.514;0.827,10.733;0.848,10.952;0.859,11.061",2.1500000000000004,24.450000000000003,2.0,2.1500000000000004,24.450000000000003,2.0,2.1500000000000004,24.450000000000003,2.0,3.8823414357491557,0.0,0.0,0,0,9,1,,,0,1,PASS_THROUGH,-1,0.9999796927693992,-0.0040622345547223744,0.004910427602606941,0.9,0,0.999988196916471,-0.00124805748698211,0.004695570280031247,4.5,0.9,0,0,0,BYPASS_VISIBLE,1,0,1,1,1
1787562509775419648,1787562509795974656,joint_v2_000008_af4e508d,2920,41,0.03333333333333333,1.3666666666666667,20.55501937866211,frame_id_exact,1,,0.6249046921730042,8.648186683654785,1.926302433013916,0.005916555413417049,0.003888349308935253,-0.047612003860539216,0.9988408142442297,0.08815516531467438,1.0626214742660522,0.031228847801685333,1.0664757160101188,0.013528237155610232,0.018907819498896042,-0.09521471521432834,-0.005819627083837986,depth/002920.png,1.0,0.008331082097975165,-0.011449129848700881,-0.9998997502233833,1.0664757160101188,0.013528237155610232,0.018907819498896042,-0.005819627083837986,0.9999887235030165,-0.0010012066139852241,0.004642246452294814,4.5,0.9,1.0666666666,0.0,0.07369756698608398,0.006654192873634113,1.0666666666,0.0,0.07369756698608398,0.006654192873634113,direct,SAFE_PROGRESSING,NONE,DIRECT_LOCAL,PASS_THROUGH,0,6,0,0,0,0,1,1.0666666666,15.875239203948423,inf,0.0,0,0,0,CLEAR,none,nan,0.0,0.0,0,0,0,0,0.057365541116059814,0,0,1,0,2.0,2.0,"0.625,8.648;0.648,8.900;0.679,9.232;0.718,9.637;0.759,10.055;0.800,10.473;0.841,10.891;0.882,11.309;0.913,11.634",2.1500000000000004,24.450000000000003,2.0,2.1500000000000004,24.450000000000003,2.0,2.1500000000000004,24.450000000000003,2.0,3.8823414357491557,0.0,0.0,0,0,9,1,,,0,1,PASS_THROUGH,-1,0.9999796927693992,-0.0040622345547223744,0.004910427602606941,0.9,0,0.9999887235030165,-0.0010012066139852241,0.004642246452294814,4.5,0.9,0,0,0,BYPASS_VISIBLE,1,0,1,1,1
1787562509829622016,1787562509853995776,joint_v2_000008_af4e508d,2921,42,0.03333333333333333,1.4,24.373769760131836,frame_id_exact,1,,0.6278828978538513,8.68348217010498,1.927398920059204,0.02174102831493864,0.004626816365724298,-0.047731616278031484,0.9986128444325226,0.09053879231214523,1.0534136295318604,0.0349285714328289,1.05776837398421,0.010483740788345285,-0.010663539611722145,-0.0952798151427025,-0.0031050199177116156,depth/002921.png,1.0,0.011316265345322714,-0.042980049406222444,-0.9990118405162538,1.05776837398421,0.010483740788345285,-0.010663539611722145,-0.0031050199177116156,0.9999890324327203,-0.0009630218171476431,0.004583405202628763,4.5,0.9,1.1333333332,0.0,0.0726010799407959,0.005503644388870077,1.1333333332,0.0,0.0726010799407959,0.005503644388870077,direct,SAFE_PROGRESSING,NONE,DIRECT_LOCAL,PASS_THROUGH,0,6,0,0,0,0,1,1.1333333332,15.839820862403824,inf,0.0,0,0,0,CLEAR,none,nan,0.0,0.0,0,0,0,0,0.0,0,0,1,0,2.0,2.0,"0.625,8.648;0.648,8.900;0.679,9.232;0.718,9.637;0.759,10.055;0.800,10.473;0.841,10.891;0.882,11.309;0.913,11.634",2.1500000000000004,24.450000000000003,2.0,2.1500000000000004,24.450000000000003,2.0,2.1500000000000004,24.450000000000003,2.0,3.8823414357491557,0.0,0.0,0,0,9,1,,,1,1,PASS_THROUGH,-1,0.9999995362846408,-0.0009630319326971548,0.0,0.9,0,0.9999890324327203,-0.0009630218171476431,0.004583405202628763,4.5,0.9,0,0,0,BYPASS_VISIBLE,1,0,1,1,1
1787562509882425600,1787562509899107072,joint_v2_000008_af4e508d,2922,43,0.03333333333333333,1.4333333333333333,16.681432723999023,frame_id_exact,1,,0.630940854549408,8.718320846557617,1.9286737442016602,0.027470082967385373,0.005019065572965593,-0.04777836554992871,0.9984675414393382,0.09295198321342468,1.0361989736557007,0.042035654187202454,1.0410842719880806,0.006587049627679279,-0.014680933472811221,-0.09528628218599501,-0.0013529425486922264,depth/002922.png,1.0,0.012647699457328776,-0.0543763669078314,-0.9984404070450785,1.0410842719880806,0.006587049627679279,-0.014680933472811221,-0.0013529425486922264,0.9999893407779978,-0.000975789193530829,0.004512888856937577,4.5,0.9,1.1999999998,0.0,0.07132625579833984,0.0034192241800090617,1.1999999998,0.0,0.07132625579833984,0.0034192241800090617,direct,SAFE_PROGRESSING,NONE,DIRECT_LOCAL,PASS_THROUGH,0,6,0,0,0,0,1,1.1999999998,15.804849561898108,inf,0.0,0,0,0,CLEAR,none,nan,0.0,0.0,0,0,0,0,0.0,0,0,1,0,2.0,2.0,"0.625,8.648;0.648,8.900;0.679,9.232;0.718,9.637;0.759,10.055;0.800,10.473;0.841,10.891;0.882,11.309;0.913,11.634",2.1500000000000004,24.450000000000003,2.0,2.1500000000000004,24.450000000000003,2.0,2.1500000000000004,24.450000000000003,2.0,3.8823414357491557,0.0,0.0,0,0,9,1,,,0,1,PASS_THROUGH,-1,0.9999890324327203,-0.0009630218171476431,0.004583405202628763,0.9,0,0.9999893407779978,-0.000975789193530829,0.004512888856937577,4.5,0.9,0,0,0,BYPASS_VISIBLE,1,0,1,1,1
1787562509925908736,1787562509943733504,joint_v2_000008_af4e508d,2923,44,0.03333333333333333,1.4666666666666666,17.824649810791016,frame_id_exact,1,,0.6340820789337158,8.752570152282715,1.930221438407898,0.01772346702898931,0.005137108311047809,-0.04774823092087327,0.9986889381977753,0.0955900102853775,1.0197111368179321,0.05076427385210991,1.0253269663216942,0.0025231563496611177,0.014950248566388116,-0.09534033790450076,-0.00016544872778467834,depth/002923.png,1.0,0.011953274881971936,-0.03490988526892633,-0.9993189776693457,1.0253269663216942,0.0025231563496611177,0.014950248566388116,-0.00016544872778467834,0.9999897769253127,-0.0009322056809415333,0.004424594606475453,4.5,0.9,1.1333333332,0.0,0.06977856159210205,-0.0004959579961000271,1.1333333332,0.0,0.06977856159210205,-0.0004959579961000271,direct,SAFE_PROGRESSING,NONE,DIRECT_LOCAL,PASS_THROUGH,0,6,0,0,0,0,1,1.1333333332,15.7704569042059,inf,0.0,0,0,0,CLEAR,none,nan,0.0,0.0,0,0,0,0,0.05341198171878476,0,0,1,0,2.0,1.0,"0.634,8.753;0.655,8.972;0.676,9.191;0.697,9.410;0.718,9.629;0.739,9.848;0.761,10.066;0.782,10.285;0.803,10.504;0.824,10.723;0.845,10.942;0.867,11.161;0.877,11.271",2.1500000000000004,24.450000000000003,2.0,2.1500000000000004,24.450000000000003,2.0,2.1500000000000004,24.450000000000003,2.0,3.8823414357491557,0.0,0.0,0,0,9,1,,,0,1,PASS_THROUGH,-1,0.9999890324327203,-0.0009630218171476431,0.004583405202628763,0.9,0,0.9999897769253127,-0.0009322056809415333,0.004424594606475453,4.5,0.9,0,0,0,BYPASS_VISIBLE,1,0,1,1,1
1787562509973463808,1787562509992424704,joint_v2_000008_af4e508d,2924,45,0.03333333333333333,1.5,18.960952758789062,frame_id_exact,1,,0.6373186707496643,8.786431312561035,1.9319918155670166,-0.00506456397511451,0.004898372342422923,-0.047634356927504014,0.9988399892776821,0.09869465231895447,1.0144039392471313,0.05429932475090027,1.0185604733069573,-0.0011577081057787494,0.06509704258650757,-0.09535638181132888,0.0008122685248963535,depth/002924.png,1.0,0.009302885859822049,0.0105840396862446,-0.9999007122802739,1.0185604733069573,-0.0011577081057787494,0.06509704258650757,0.0008122685248963535,0.999990239964363,-0.0009182760618196714,0.004321659992420492,4.5,0.9,1.0666666666,0.0,0.0680081844329834,-0.0004925143346545813,1.0666666666,0.0,0.0680081844329834,-0.0004925143346545813,direct,SAFE_PROGRESSING,NONE,DIRECT_LOCAL,PASS_THROUGH,0,6,0,0,0,0,1,1.0666666666,15.736441428416434,inf,0.0,0,0,0,CLEAR,none,nan,0.0,0.0,0,0,0,0,0.0,0,0,1,0,2.0,1.0,"0.634,8.753;0.655,8.972;0.676,9.191;0.697,9.410;0.718,9.629;0.739,9.848;0.761,10.066;0.782,10.285;0.803,10.504;0.824,10.723;0.845,10.942;0.867,11.161;0.877,11.271",2.1500000000000004,24.450000000000003,2.0,2.1500000000000004,24.450000000000003,2.0,2.1500000000000004,24.450000000000003,2.0,3.8823414357491557,0.0,0.0,0,0,9,1,,,0,1,PASS_THROUGH,-1,0.9999890324327203,-0.0009630218171476431,0.004583405202628763,0.9,0,0.999990239964363,-0.0009182760618196714,0.004321659992420492,4.5,0.9,0,0,0,BYPASS_VISIBLE,1,0,1,1,1
1787562510018200832,1787562510035309568,joint_v2_000008_af4e508d,2925,46,0.03333333333333333,1.5333333333333334,17.108678817749023,frame_id_exact,1,,0.6406653523445129,8.820374488830566,1.9337670803070068,-0.02783628165387373,0.0038873416384237348,-0.04747842182722125,0.9984767545914471,0.10211145132780075,1.0247185230255127,0.05140954256057739,1.025293251611967,-0.004007223342882088,0.10897445274093147,-0.09517347977097147,0.0011151846265420318,depth/002925.png,1.0,0.005119595081315145,0.055956890023497775,-0.9984200599973447,1.025293251611967,-0.004007223342882088,0.10897445274093147,0.0011151846265420318,0.9999905027127011,-0.001096823235684039,0.004217992791487683,4.5,0.9,1.0,0.0,0.06623291969299316,-0.0008754792928394872,1.0,0.0,0.06623291969299316,-0.0008754792928394872,direct,SAFE_PROGRESSING,NONE,DIRECT_LOCAL,PASS_THROUGH,0,6,0,0,0,0,1,1.0,15.70233373413047,inf,0.0,0,0,0,CLEAR,none,nan,0.0,0.0,0,0,0,0,0.0,0,0,1,0,2.0,1.0,"0.634,8.753;0.655,8.972;0.676,9.191;0.697,9.410;0.718,9.629;0.739,9.848;0.761,10.066;0.782,10.285;0.803,10.504;0.824,10.723;0.845,10.942;0.867,11.161;0.877,11.271",2.1500000000000004,24.450000000000003,2.0,2.1500000000000004,24.450000000000003,2.0,2.1500000000000004,24.450000000000003,2.0,3.8823414357491557,0.0,0.0,0,0,9,1,,,0,1,PASS_THROUGH,-1,0.9999890324327203,-0.0009630218171476431,0.004583405202628763,0.9,0,0.9999905027127011,-0.001096823235684039,0.004217992791487683,4.5,0.9,0,0,0,BYPASS_VISIBLE,1,0,1,1,1
1787562510060120832,1787562510076674048,joint_v2_000008_af4e508d,2926,47,0.03333333333333333,1.5666666666666667,16.553163528442383,frame_id_exact,1,,0.644121527671814,8.854874610900879,1.9353609085083008,-0.0389295809911853,0.0019583358533529745,-0.04734208859209053,0.9981179185308091,0.1051110178232193,1.0465284585952759,0.04366695508360863,1.0451813142446476,-0.005566536461418523,0.12546703833902456,-0.09480038375990987,0.0006320081884041429,depth/002926.png,1.0,0.00022328486719053794,0.07789804811532186,-0.9969613052890725,1.0451813142446476,-0.005566536461418523,0.12546703833902456,0.0006320081884041429,0.9999904209280315,-0.0014620042795205391,0.004125602460848963,4.5,0.9,1.0666666666,0.0,0.06463909149169922,-0.006234081719371232,1.0666666666,0.0,0.06463909149169922,-0.006234081719371232,direct,SAFE_PROGRESSING,NONE,DIRECT_LOCAL,PASS_THROUGH,0,6,0,0,0,0,1,1.0666666666,15.667661148848783,inf,0.0,0,0,0,CLEAR,none,nan,0.0,0.0,0,0,0,0,0.08376741757710261,0,0,1,0,2.0,2.0,"0.644,8.855;0.669,9.104;0.701,9.433;0.739,9.836;0.780,10.254;0.820,10.672;0.860,11.090;0.900,11.508;0.932,11.841",2.1500000000000004,24.450000000000003,2.0,2.1500000000000004,24.450000000000003,2.0,2.1500000000000004,24.450000000000003,2.0,3.8823414357491557,0.0,0.0,0,0,9,1,,,0,1,PASS_THROUGH,-1,0.9999890324327203,-0.0009630218171476431,0.004583405202628763,0.9,0,0.9999904209280315,-0.0014620042795205391,0.004125602460848963,4.5,0.9,0,0,0,BYPASS_VISIBLE,1,0,1,1,1
1787562510101057280,1787562510117908480,joint_v2_000008_af4e508d,2927,48,0.03333333333333333,1.6,16.851186752319336,frame_id_exact,1,,0.6476573944091797,8.890166282653809,1.9366300106048584,-0.034747733797486816,-0.0005446031431755694,-0.047252411407964275,0.9982782718358083,0.106760673224926,1.0704867839813232,0.032290492206811905,1.0709589672035522,-0.0054735403570911655,0.10676798600392345,-0.09444551036733533,-0.0002675378927960992,depth/002927.png,1.0,-0.004371159394997857,0.06932434766758089,-0.9975845968067109,1.0709589672035522,-0.0054735403570911655,0.10676798600392345,-0.0002675378927960992,0.9999901476523498,-0.0018087198094813384,0.004053779826545609,4.5,0.9,1.1333333332,0.0,0.0633699893951416,-0.00671876043942532,1.1333333332,0.0,0.0633699893951416,-0.00671876043942532,direct,SAFE_PROGRESSING,NONE,DIRECT_LOCAL,PASS_THROUGH,0,6,0,0,0,0,1,1.1333333332,15.632193020047984,inf,0.0,0,0,0,CLEAR,none,nan,0.0,0.0,0,0,0,0,0.0,0,0,1,0,2.0,2.0,"0.644,8.855;0.669,9.104;0.701,9.433;0.739,9.836;0.780,10.254;0.820,10.672;0.860,11.090;0.900,11.508;0.932,11.841",2.1500000000000004,24.450000000000003,2.0,2.1500000000000004,24.450000000000003,2.0,2.1500000000000004,24.450000000000003,2.0,3.8823414357491557,0.0,0.0,0,0,9,1,,,1,1,PASS_THROUGH,-1,0.9999983642381068,-0.0018087346711291763,0.0,0.9,0,0.9999901476523498,-0.0018087198094813384,0.004053779826545609,4.5,0.9,0,0,0,BYPASS_VISIBLE,1,0,1,1,1
1787562510142411520,1787562510160160256,joint_v2_000008_af4e508d,2928,49,0.03333333333333333,1.6333333333333333,17.74883270263672,frame_id_exact,1,,0.6512186527252197,8.926185607910156,1.9375348091125488,-0.024076650183041802,-0.0027355490215218367,-0.047194519037041194,0.9985917629644142,0.10662826150655746,1.0895308256149292,0.022744718939065933,1.0923907761036833,-0.0037762023482306516,0.07504972309139141,-0.09426675732207691,-0.0010428376263007522,depth/002928.png,1.0,-0.0077359652909776335,0.047827283264376456,-0.9988256633750285,1.0923907761036833,-0.0037762023482306516,0.07504972309139141,-0.0010428376263007522,0.9999900147955006,-0.00198214245740331,0.00400517422506077,4.5,0.9,1.1999999998,0.0,0.06246519088745117,-0.006596238862494608,1.1999999998,0.0,0.06246519088745117,-0.006596238862494608,direct,SAFE_PROGRESSING,NONE,DIRECT_LOCAL,PASS_THROUGH,0,6,0,0,0,0,1,1.1999999998,15.595998166420598,inf,0.0,0,0,0,CLEAR,none,nan,0.0,0.0,0,0,0,0,0.0,0,0,1,0,2.0,2.0,"0.644,8.855;0.669,9.104;0.701,9.433;0.739,9.836;0.780,10.254;0.820,10.672;0.860,11.090;0.900,11.508;0.932,11.841",2.1500000000000004,24.450000000000003,2.0,2.1500000000000004,24.450000000000003,2.0,2.1500000000000004,24.450000000000003,2.0,3.8823414357491557,0.0,0.0,0,0,9,1,,,0,1,PASS_THROUGH,-1,0.9999901476523498,-0.0018087198094813384,0.004053779826545609,0.9,0,0.9999900147955006,-0.00198214245740331,0.00400517422506077,4.5,0.9,0,0,0,BYPASS_VISIBLE,1,0,1,1,1
1787562510185146368,1787562510200697600,joint_v2_000008_af4e508d,2929,50,0.03333333333333333,1.6666666666666667,15.551328659057617,frame_id_exact,1,,0.6547498106956482,8.962732315063477,1.9382070302963257,-0.015834737144788266,-0.003861668683265561,-0.04717399251446316,0.9987537048966485,0.10505761206150055,1.1023696660995483,0.01836976781487465,1.106248583096079,-0.0010141167939083328,0.05297617316410044,-0.09425157528232216,-0.0016029297839850187,depth/002929.png,1.0,-0.009207687352063149,0.0312656641197283,-0.9994686972290723,1.106248583096079,-0.0010141167939083328,0.05297617316410044,-0.0016029297839850187,0.9999901195410666,-0.0019971535225712968,0.003971422673394057,4.5,0.9,1.2666666664,0.0,0.061792969703674316,-0.004120091594060349,1.2666666664,0.0,0.061792969703674316,-0.004120091594060349,direct,SAFE_PROGRESSING,NONE,DIRECT_LOCAL,PASS_THROUGH,0,6,0,0,0,0,1,1.2666666664,15.559281264682308,inf,0.0,0,0,0,CLEAR,none,nan,0.0,0.0,0,0,0,0,0.11442944635850932,0,0,1,0,2.0,2.0,"0.655,8.963;0.680,9.223;0.712,9.563;0.752,9.972;0.792,10.390;0.833,10.808;0.873,11.226;0.914,11.644;0.943,11.949",2.1500000000000004,24.450000000000003,2.0,2.1500000000000004,24.450000000000003,2.0,2.1500000000000004,24.450000000000003,2.0,3.8823414357491557,0.0,0.0,0,0,9,1,,,0,1,PASS_THROUGH,-1,0.9999901476523498,-0.0018087198094813384,0.004053779826545609,0.9,0,0.9999901195410666,-0.0019971535225712968,0.003971422673394057,4.5,0.9,0,0,0,BYPASS_VISIBLE,1,0,1,1,1
1787562510225537024,1787562510241155328,joint_v2_000008_af4e508d,2930,51,0.03333333333333333,1.7,15.618324279785156,frame_id_exact,1,,0.6582173109054565,8.99964427947998,1.938806176185608,-0.015932357336392172,-0.0035240560070966278,-0.0472092531252614,0.9987517346359502,0.10302035510540009,1.1122976541519165,0.01795090362429619,1.1159361181798653,0.002053528722686132,0.05314003293438062,-0.09433163037016064,-0.002002255991101265,depth/002930.png,1.0,-0.008543623480835703,0.03149220294898974,-0.9994674820379287,1.1159361181798653,0.002053528722686132,0.05314003293438062,-0.002002255991101265,0.9999903795649483,-0.0019232709298430733,0.003942309790106836,4.5,0.9,1.333333333,0.0,0.06119382381439209,-0.0042879072010193475,1.333333333,0.0,0.06119382381439209,-0.0042879072010193475,direct,SAFE_PROGRESSING,NONE,DIRECT_LOCAL,PASS_THROUGH,0,6,0,0,0,0,1,1.333333333,15.522206914034097,inf,0.0,0,0,0,CLEAR,none,nan,0.0,0.0,0,0,0,0,0.0,0,0,1,0,2.0,2.0,"0.655,8.963;0.680,9.223;0.712,9.563;0.752,9.972;0.792,10.390;0.833,10.808;0.873,11.226;0.914,11.644;0.943,11.949",2.1500000000000004,24.450000000000003,2.0,2.1500000000000004,24.450000000000003,2.0,2.1500000000000004,24.450000000000003,2.0,3.8823414357491557,0.0,0.0,0,0,9,1,,,0,1,PASS_THROUGH,-1,0.9999901476523498,-0.0018087198094813384,0.004053779826545609,0.9,0,0.9999903795649483,-0.0019232709298430733,0.003942309790106836,4.5,0.9,0,0,0,BYPASS_VISIBLE,1,0,1,1,1
1787562510266107136,1787562510281851648,joint_v2_000008_af4e508d,2931,52,0.03333333333333333,1.7333333333333334,15.744447708129883,frame_id_exact,1,,0.6616269946098328,9.0369234085083,1.9394114017486572,-0.026891656617401356,-0.0017161283307427526,-0.04730168651874749,0.9985171226175374,0.10181155055761337,1.1255220174789429,0.0181273203343153,1.127513824257798,0.00475280410378189,0.07863835171228163,-0.09451311841169235,-0.0024498039856553078,depth/002931.png,1.0,-0.005971208468283622,0.05354120764739945,-0.9985477874158484,1.127513824257798,0.00475280410378189,0.07863835171228163,-0.0024498039856553078,0.9999908069035811,-0.0017539812302716166,0.003912755827862821,4.5,0.9,1.3999999995999999,0.0,0.06058859825134277,-0.004623689387111551,1.3999999995999999,0.0,0.06058859825134277,-0.004623689387111551,direct,SAFE_PROGRESSING,NONE,DIRECT_LOCAL,PASS_THROUGH,0,6,0,0,0,0,1,1.3999999995999999,15.484772656334469,inf,0.0,0,0,0,CLEAR,none,nan,0.0,0.0,0,0,0,0,0.0,0,0,1,0,2.0,2.0,"0.655,8.963;0.680,9.223;0.712,9.563;0.752,9.972;0.792,10.390;0.833,10.808;0.873,11.226;0.914,11.644;0.943,11.949",2.1500000000000004,24.450000000000003,2.0,2.1500000000000004,24.450000000000003,2.0,2.1500000000000004,24.450000000000003,2.0,3.8823414357491557,0.0,0.0,0,0,9,1,,,0,1,PASS_THROUGH,-1,0.9999901476523498,-0.0018087198094813384,0.004053779826545609,0.9,0,0.9999908069035811,-0.0017539812302716166,0.003912755827862821,4.5,0.9,0,0,0,BYPASS_VISIBLE,1,0,1,1,1
1787562510308256000,1787562510324980992,joint_v2_000008_af4e508d,2932,53,0.03333333333333333,1.7666666666666666,16.72506332397461,frame_id_exact,1,,0.6650274395942688,9.07479190826416,1.9399734735488892,-0.04800059220765614,0.0012208584962021104,-0.04742420802740148,0.9977200995996925,0.10263563692569733,1.1487867832183838,0.014678933657705784,1.1466185945176026,0.006642095336607723,0.1252289887914548,-0.09489193184808513,-0.003131733275949955,depth/002932.png,1.0,-0.0021166300197329015,0.09589810777112563,-0.9953889053044931,1.1466185945176026,0.006642095336607723,0.1252289887914548,-0.003131733275949955,0.9999914810670782,-0.0013916900087611395,0.0038859995098718845,4.5,0.9,1.4666666661999999,0.0,0.06002652645111084,0.0017804146089511752,1.4666666661999999,0.0,0.06002652645111084,0.0017804146089511752,direct,SAFE_PROGRESSING,NONE,DIRECT_LOCAL,PASS_THROUGH,0,6,0,0,0,0,1,1.4666666661999999,15.446752648027264,inf,0.0,0,0,0,CLEAR,none,nan,0.0,0.0,0,0,0,0,0.07973859170057368,0,0,1,0,2.0,2.0,"0.665,9.075;0.690,9.344;0.723,9.693;0.763,10.107;0.804,10.525;0.845,10.943;0.886,11.361;0.926,11.779;0.953,12.061",2.1500000000000004,24.450000000000003,2.0,2.1500000000000004,24.450000000000003,2.0,2.1500000000000004,24.450000000000003,2.0,3.8823414357491557,0.0,0.0,0,0,9,1,,,0,1,PASS_THROUGH,-1,0.9999901476523498,-0.0018087198094813384,0.004053779826545609,0.9,0,0.9999914810670782,-0.0013916900087611395,0.0038859995098718845,4.5,0.9,0,0,0,BYPASS_VISIBLE,1,0,1,1,1
1787562510352127488,1787562510368798208,joint_v2_000008_af4e508d,2933,54,0.03333333333333333,1.8,16.670703887939453,frame_id_exact,1,,0.668500542640686,9.113677024841309,1.940297245979309,-0.07596227251693133,0.004703527159171422,-0.047530274033163455,0.9959661053653678,0.10624198615550995,1.1870450973510742,0.0031408672221004963,1.1774887008778128,0.007483698134971781,0.1839501056854852,-0.09553715229197303,-0.0037438401486724615,depth/002933.png,1.0,0.0021480919945772127,0.1517588172963773,-0.9884152199726528,1.1774887008778128,0.007483698134971781,0.1839501056854852,-0.0037438401486724615,0.9999922004047134,-0.0007647253986883562,0.0038748322291413885,4.5,0.9,1.5333333327999998,0.0,0.05970275402069092,0.002506288921395594,1.5333333327999998,0.0,0.05970275402069092,0.002506288921395594,direct,SAFE_PROGRESSING,NONE,DIRECT_LOCAL,PASS_THROUGH,0,6,0,0,0,0,1,1.5333333327999998,15.407713751252532,inf,0.0,0,0,0,CLEAR,none,nan,0.0,0.0,0,0,0,0,0.0,0,0,1,0,2.0,2.0,"0.665,9.075;0.690,9.344;0.723,9.693;0.763,10.107;0.804,10.525;0.845,10.943;0.886,11.361;0.926,11.779;0.953,12.061",2.1500000000000004,24.450000000000003,2.0,2.1500000000000004,24.450000000000003,2.0,2.1500000000000004,24.450000000000003,2.0,3.8823414357491557,0.0,0.0,0,0,9,1,,,1,1,PASS_THROUGH,-1,0.9999997075930993,-0.0007647311396707605,0.0,0.9,0,0.9999922004047134,-0.0007647253986883562,0.0038748322291413885,4.5,0.9,0,0,0,BYPASS_VISIBLE,1,0,1,1,1
1787562510394601216,1787562510411594240,joint_v2_000008_af4e508d,2934,55,0.03333333333333333,1.8333333333333333,16.993045806884766,frame_id_exact,1,,0.6721423268318176,9.154114723205566,1.9400451183319092,-0.10583493932237248,0.008039870885357228,-0.047576455371871836,0.9932123675171514,0.1127300038933754,1.24195396900177,-0.02040901407599449,1.2232774582091417,0.007161446083933526,0.24313621013738976,-0.09635957076498503,-0.004171072505414486,depth/002934.png,1.0,0.005900095858244501,0.21099815841756087,-0.977468652189553,1.2232774582091417,0.007161446083933526,0.24313621013738976,-0.004171072505414486,0.9999923883908084,4.055296380586506e-05,0.003901476118558065,4.5,0.9,1.5999999993999998,0.0,0.05995488166809082,0.0030278577780329385,1.5999999993999998,0.0,0.05995488166809082,0.0030278577780329385,direct,SAFE_PROGRESSING,NONE,DIRECT_LOCAL,PASS_THROUGH,0,6,0,0,0,0,1,1.5999999993999998,15.367113252104277,inf,0.0,0,0,0,CLEAR,none,nan,0.0,0.0,0,0,0,0,0.0,0,0,1,0,2.0,2.0,"0.665,9.075;0.690,9.344;0.723,9.693;0.763,10.107;0.804,10.525;0.845,10.943;0.886,11.361;0.926,11.779;0.953,12.061",2.1500000000000004,24.450000000000003,2.0,2.1500000000000004,24.450000000000003,2.0,2.1500000000000004,24.450000000000003,2.0,3.8823414357491557,0.0,0.0,0,0,9,1,,,0,1,PASS_THROUGH,-1,0.9999922004047134,-0.0007647253986883562,0.0038748322291413885,0.9,0,0.9999923883908084,4.055296380586506e-05,0.003901476118558065,4.5,0.9,0,0,0,BYPASS_VISIBLE,1,0,1,1,1
1787562510439129856,1787562510456120064,joint_v2_000008_af4e508d,2935,56,0.03333333333333333,1.8666666666666667,16.990184783935547,frame_id_exact,1,,0.6760420203208923,9.196638107299805,1.938775897026062,-0.13210347343526344,0.01056157749467134,-0.04755189704671231,0.9900383540421157,0.12157554179430008,1.311659812927246,-0.05794954299926758,1.2862718227927377,0.005678839943090248,0.2899358125707978,-0.09710274926026176,-0.0046577900648117065,depth/002935.png,1.0,0.008349192061211846,0.2625794568975441,-0.9648742507743254,1.2862718227927377,0.005678839943090248,0.2899358125707978,-0.0046577900648117065,0.9999917227040745,0.000770161408721144,0.003995168925306388,4.5,0.9,1.6666666659999998,0.0,0.06122410297393799,0.005151950075735767,1.6666666659999998,0.0,0.06122410297393799,0.005151950075735767,direct,SAFE_PROGRESSING,NONE,DIRECT_LOCAL,PASS_THROUGH,0,6,0,0,0,0,1,1.6666666659999998,15.324411935064207,inf,0.0,0,0,0,CLEAR,none,nan,0.0,0.0,0,0,0,0,0.04412735479398474,0,0,1,0,2.0,2.0,"0.676,9.197;0.705,9.499;0.741,9.880;0.782,10.298;0.822,10.717;0.863,11.135;0.904,11.553;0.944,11.971;0.965,12.183",2.1500000000000004,24.450000000000003,2.0,2.1500000000000004,24.450000000000003,2.0,2.1500000000000004,24.450000000000003,2.0,3.8823414357491557,0.0,0.0,0,0,9,1,,,0,1,PASS_THROUGH,-1,0.9999922004047134,-0.0007647253986883562,0.0038748322291413885,0.9,0,0.9999917227040745,0.000770161408721144,0.003995168925306388,4.5,0.9,0,0,0,BYPASS_VISIBLE,1,0,1,1,1
1787562510484244224,1787562510502220544,joint_v2_000008_af4e508d,2936,57,0.03333333333333333,1.9,17.97652244567871,frame_id_exact,1,,0.680263340473175,9.241673469543457,1.9360365867614746,-0.1498547847944689,0.011764741461433924,-0.0474825387347037,0.9874971102984841,0.13185551762580872,1.391862154006958,-0.10803520679473877,1.3670686512399355,0.0032361592767686438,0.3121707373579396,-0.09746191234323902,-0.005354193039238453,depth/002936.png,1.0,0.009004325145981417,0.2970795734821711,-0.9548102686650981,1.3670686512399355,0.0032361592767686438,0.3121707373579396,-0.005354193039238453,0.9999906093887985,0.0011208177547687957,0.0041862754066479225,4.5,0.9,1.7333333325999998,0.0,0.06396341323852539,0.005727472171043746,1.7333333325999998,0.0,0.06396341323852539,0.005727472171043746,direct,SAFE_PROGRESSING,NONE,DIRECT_LOCAL,PASS_THROUGH,0,6,0,0,0,0,1,1.7333333325999998,15.279179353137573,inf,0.0,0,0,0,CLEAR,none,nan,0.0,0.0,0,0,0,0,0.0,0,0,1,0,2.0,2.0,"0.676,9.197;0.705,9.499;0.741,9.880;0.782,10.298;0.822,10.717;0.863,11.135;0.904,11.553;0.944,11.971;0.965,12.183",2.1500000000000004,24.450000000000003,2.0,2.1500000000000004,24.450000000000003,2.0,2.1500000000000004,24.450000000000003,2.0,3.8823414357491557,0.0,0.0,0,0,9,1,,,0,1,PASS_THROUGH,-1,0.9999922004047134,-0.0007647253986883562,0.0038748322291413885,0.9,0,0.9999906093887985,0.0011208177547687957,0.0041862754066479225,4.5,0.9,0,0,0,BYPASS_VISIBLE,1,0,1,1,1
1787562510527088640,1787562510547100416,joint_v2_000008_af4e508d,2937,58,0.03333333333333333,1.9333333333333333,20.01166343688965,frame_id_exact,1,,0.684836745262146,9.289488792419434,1.9314872026443481,-0.15594357958164853,0.011439767860498547,-0.04741118156907366,0.986561154496154,0.14254158735275269,1.4774057865142822,-0.1654134839773178,1.462809982785638,0.00032847848114172964,0.3009890848469597,-0.09727224387313547,-0.006253894418478012,depth/002937.png,1.0,0.007785122443089237,0.3087805016389524,-0.9511014633971199,1.462809982785638,0.00032847848114172964,0.3009890848469597,-0.006253894418478012,0.9999894525950109,0.0009280469421620133,0.004498158245694894,4.5,0.9,1.7999999991999998,0.0,0.06851279735565186,0.004733923759714376,1.7999999991999998,0.0,0.06851279735565186,0.004733923759714376,direct,SAFE_PROGRESSING,NONE,DIRECT_LOCAL,PASS_THROUGH,0,6,0,0,0,0,1,1.7999999991999998,15.231145834710206,inf,0.0,0,0,0,CLEAR,none,nan,0.0,0.0,0,0,0,0,0.0,0,0,1,0,2.0,2.0,"0.676,9.197;0.705,9.499;0.741,9.880;0.782,10.298;0.822,10.717;0.863,11.135;0.904,11.553;0.944,11.971;0.965,12.183",2.1500000000000004,24.450000000000003,2.0,2.1500000000000004,24.450000000000003,2.0,2.1500000000000004,24.450000000000003,2.0,3.8823414357491557,0.0,0.0,0,0,9,1,,,0,1,PASS_THROUGH,-1,0.9999922004047134,-0.0007647253986883562,0.0038748322291413885,0.9,0,0.9999894525950109,0.0009280469421620133,0.004498158245694894,4.5,0.9,0,0,0,BYPASS_VISIBLE,1,0,1,1,1
1787562510582929920,1787562510599280128,joint_v2_000008_af4e508d,2938,59,0.03333333333333333,1.9666666666666666,16.350269317626953,frame_id_exact,1,,0.6897599697113037,9.340173721313477,1.9250121116638184,-0.14977925405926637,0.009730469897059491,-0.0473708210588049,0.9875360744404464,0.15269993245601654,1.5633686780929565,-0.22220447659492493,1.5659876953812348,-0.0022759705820146288,0.25395094074544006,-0.09662714856465296,-0.007163371425122023,depth/002938.png,1.0,0.00502804760448056,0.29674671386923585,-0.9549429860180643,1.5659876953812348,-0.0022759705820146288,0.25395094074544006,-0.007163371425122023,0.9999877587119985,0.00028458780171262775,0.004939780960420346,4.5,0.9,1.7333333325999998,0.0,0.07498788833618164,-0.0002898119780014863,1.7333333325999998,0.0,0.07498788833618164,-0.0002898119780014863,direct,SAFE_PROGRESSING,NONE,DIRECT_LOCAL,PASS_THROUGH,0,6,0,0,0,0,1,1.7333333325999998,15.18022236721661,inf,0.0,0,0,0,CLEAR,none,nan,0.0,0.0,0,0,0,0,0.016305879103793833,0,0,1,0,2.0,1.0,"0.690,9.340;0.711,9.559;0.732,9.778;0.753,9.997;0.775,10.216;0.796,10.435;0.817,10.654;0.838,10.873;0.859,11.092;0.880,11.311;0.901,11.530;0.923,11.749;0.933,11.858",2.1500000000000004,24.450000000000003,2.0,2.1500000000000004,24.450000000000003,2.0,2.1500000000000004,24.450000000000003,2.0,3.8823414357491557,0.0,0.0,0,0,9,1,,,0,1,PASS_THROUGH,-1,0.9999922004047134,-0.0007647253986883562,0.0038748322291413885,0.9,0,0.9999877587119985,0.00028458780171262775,0.004939780960420346,4.5,0.9,0,0,0,BYPASS_VISIBLE,1,0,1,1,1
1787562510624934144,1787562510641588224,joint_v2_000008_af4e508d,2939,60,0.03333333333333333,2.0,16.654014587402344,frame_id_exact,1,,0.6950021386146545,9.393669128417969,1.9167784452438354,-0.13093043495381812,0.006983968369242273,-0.0473922237537637,0.9902335191843864,0.1615409255027771,1.6451053619384766,-0.2695293724536896,1.6662470217926595,-0.0037664869887521434,0.16946941036410018,-0.0958342880760276,-0.007831190712749958,depth/002939.png,1.0,0.0014213502132765284,0.2599653823286121,-0.9656168907772429,1.6662470217926595,-0.0037664869887521434,0.16946941036410018,-0.007831190712749958,0.9999847391402436,-0.0005035054009298488,0.005501633296599506,4.5,0.9,1.6666666659999998,0.0,0.08322155475616455,-0.0020412272208286675,1.6666666659999998,0.0,0.08322155475616455,-0.0020412272208286675,direct,SAFE_PROGRESSING,NONE,DIRECT_LOCAL,PASS_THROUGH,0,6,0,0,0,0,1,1.6666666659999998,15.126470774479754,inf,0.0,0,0,0,CLEAR,none,nan,0.0,0.0,0,0,0,0,0.0,0,0,1,0,2.0,1.0,"0.690,9.340;0.711,9.559;0.732,9.778;0.753,9.997;0.775,10.216;0.796,10.435;0.817,10.654;0.838,10.873;0.859,11.092;0.880,11.311;0.901,11.530;0.923,11.749;0.933,11.858",2.1500000000000004,24.450000000000003,2.0,2.1500000000000004,24.450000000000003,2.0,2.1500000000000004,24.450000000000003,2.0,3.8823414357491557,0.0,0.0,0,0,9,1,,,1,1,PASS_THROUGH,-1,0.9999998732373107,-0.0005035130211457521,0.0,0.9,0,0.9999847391402436,-0.0005035054009298488,0.005501633296599506,4.5,0.9,0,0,0,BYPASS_VISIBLE,1,0,1,1,1
1787562510665442560,1787562510682517248,joint_v2_000008_af4e508d,2940,61,0.03333333333333333,2.033333333333333,17.0748233795166,frame_id_exact,1,,0.7005053758621216,9.449726104736328,1.9072532653808594,-0.09670886921383091,0.0035397758032111116,-0.04749602356590749,0.9941725163914319,0.16820789873600006,1.7155781984329224,-0.2984180450439453,1.7490011584616538,-0.0036125058503188087,0.03921325343116655,-0.09526739795253436,-0.008200629614293575,depth/002940.png,1.0,-0.0021482778269449722,0.192626850277303,-0.9812697292052903,1.7490011584616538,-0.0036125058503188087,0.03921325343116655,-0.008200629614293575,0.9999804958087579,-0.0010646985105997445,0.006154219621713466,4.5,0.9,1.5999999993999998,0.0,0.09274673461914062,-0.0030634816173763513,1.5999999993999998,0.0,0.09274673461914062,-0.0030634816173763513,direct,SAFE_PROGRESSING,NONE,DIRECT_LOCAL,PASS_THROUGH,0,6,0,0,0,0,1,1.5999999993999998,15.070144378815137,inf,0.0,0,0,0,CLEAR,none,nan,0.0,0.0,0,0,0,0,0.0,0,0,1,0,2.0,1.0,"0.690,9.340;0.711,9.559;0.732,9.778;0.753,9.997;0.775,10.216;0.796,10.435;0.817,10.654;0.838,10.873;0.859,11.092;0.880,11.311;0.901,11.530;0.923,11.749;0.933,11.858",2.1500000000000004,24.450000000000003,2.0,2.1500000000000004,24.450000000000003,2.0,2.1500000000000004,24.450000000000003,2.0,3.8823414357491557,0.0,0.0,0,0,9,1,,,0,1,PASS_THROUGH,-1,0.9999847391402436,-0.0005035054009298488,0.005501633296599506,0.9,0,0.9999804958087579,-0.0010646985105997445,0.006154219621713466,4.5,0.9,0,0,0,BYPASS_VISIBLE,1,0,1,1,1
1787562510707666176,1787562510723463168,joint_v2_000008_af4e508d,2941,62,0.03333333333333333,2.066666666666667,15.796899795532227,frame_id_exact,1,,0.7061812877655029,9.507808685302734,1.8971762657165527,-0.049802957191281895,-7.793965790124488e-05,-0.04760695857173049,0.9976237952635065,0.17175453901290894,1.7647628784179688,-0.3019244372844696,1.7943247322805183,-0.0018803297952947671,-0.12426272180128103,-0.09512443840276616,-0.008174319751560688,depth/002941.png,1.0,-0.004897443554144006,0.09936180939689558,-0.9950393187608262,1.7943247322805183,-0.0018803297952947671,-0.12426272180128103,-0.008174319751560688,0.9999758186019472,-0.0012034513189279489,0.006849373423049148,4.5,0.9,1.5333333327999998,0.0,0.10282373428344727,-0.003762961384414787,1.5333333327999998,0.0,0.10282373428344727,-0.003762961384414787,direct,SAFE_PROGRESSING,NONE,DIRECT_LOCAL,PASS_THROUGH,0,6,0,0,0,0,1,1.5333333327999998,15.01178516229209,inf,0.0,0,0,0,CLEAR,none,nan,0.0,0.0,0,0,0,0,0.0689543155462467,0,0,1,0,2.0,1.0,"0.706,9.508;0.727,9.727;0.749,9.946;0.770,10.165;0.791,10.384;0.812,10.603;0.833,10.822;0.854,11.041;0.876,11.260;0.897,11.479;0.918,11.698;0.939,11.917;0.950,12.026",2.1500000000000004,24.450000000000003,2.0,2.1500000000000004,24.450000000000003,2.0,2.1500000000000004,24.450000000000003,2.0,3.8823414357491557,0.0,0.0,0,0,9,1,,,0,1,PASS_THROUGH,-1,0.9999847391402436,-0.0005035054009298488,0.005501633296599506,0.9,0,0.9999758186019472,-0.0012034513189279489,0.006849373423049148,4.5,0.9,0,0,0,BYPASS_VISIBLE,1,0,1,1,1
1787562510749738752,1787562510766328064,joint_v2_000008_af4e508d,2942,63,0.03333333333333333,2.1,16.58940315246582,frame_id_exact,1,,0.7119125723838806,9.567028045654297,1.887396216392517,0.003018836986669122,-0.003289014325084268,-0.04762836231201797,0.9988551487135122,0.171458899974823,1.7823771238327026,-0.2819308340549469,1.7887800544210282,0.0007184823602662746,-0.29328614324961333,-0.09531365662105197,-0.007836740463972092,depth/002942.png,1.0,-0.006282933262081842,-0.006344062466371535,-0.9999601380160347,1.7887800544210282,0.0007184823602662746,-0.29328614324961333,-0.007836740463972092,0.9999711304507838,-0.0010136271167047184,0.007530659005019748,4.5,0.9,1.4666666661999999,0.0,0.11260378360748291,-0.003222223418365422,1.4666666661999999,0.0,0.11260378360748291,-0.003222223418365422,direct,SAFE_PROGRESSING,NONE,DIRECT_LOCAL,PASS_THROUGH,0,6,0,0,0,0,1,1.4666666661999999,14.952289110477645,inf,0.0,0,0,0,CLEAR,none,nan,0.0,0.0,0,0,0,0,0.0,0,0,1,0,2.0,1.0,"0.706,9.508;0.727,9.727;0.749,9.946;0.770,10.165;0.791,10.384;0.812,10.603;0.833,10.822;0.854,11.041;0.876,11.260;0.897,11.479;0.918,11.698;0.939,11.917;0.950,12.026",2.1500000000000004,24.450000000000003,2.0,2.1500000000000004,24.450000000000003,2.0,2.1500000000000004,24.450000000000003,2.0,3.8823414357491557,0.0,0.0,0,0,9,1,,,0,1,PASS_THROUGH,-1,0.9999847391402436,-0.0005035054009298488,0.005501633296599506,0.9,0,0.9999711304507838,-0.0010136271167047184,0.007530659005019748,4.5,0.9,0,0,0,BYPASS_VISIBLE,1,0,1,1,1
1787562510790769664,1787562510807899136,joint_v2_000008_af4e508d,2943,64,0.03333333333333333,2.1333333333333333,17.12965965270996,frame_id_exact,1,,0.7175688743591309,9.626218795776367,1.878512978553772,0.05433582303078718,-0.0056439116762228535,-0.04751623004737211,0.9973755423503442,0.16731736063957214,1.7629417181015015,-0.2499743103981018,1.733099580371622,0.003150576965872119,-0.4413634271590289,-0.0955434522024645,-0.007382254581898451,depth/002943.png,1.0,-0.006094532004212051,-0.10892279673991628,-0.994031529193116,1.733099580371622,0.003150576965872119,-0.4413634271590289,-0.007382254581898451,0.9999664194083859,-0.0007880504343782636,0.008157146074753305,4.5,0.9,1.3999999995999999,0.0,0.12148702144622803,-0.0029825568797858804,1.3999999995999999,0.0,0.12148702144622803,-0.0029825568797858804,direct,SAFE_PROGRESSING,NONE,DIRECT_LOCAL,PASS_THROUGH,0,6,0,0,0,0,1,1.3999999995999999,14.892828748105536,inf,0.0,0,0,0,CLEAR,none,nan,0.0,0.0,0,0,0,0,0.0,0,0,1,0,2.0,1.0,"0.706,9.508;0.727,9.727;0.749,9.946;0.770,10.165;0.791,10.384;0.812,10.603;0.833,10.822;0.854,11.041;0.876,11.260;0.897,11.479;0.918,11.698;0.939,11.917;0.950,12.026",2.1500000000000004,24.450000000000003,2.0,2.1500000000000004,24.450000000000003,2.0,2.1500000000000004,24.450000000000003,2.0,3.8823414357491557,0.0,0.0,0,0,9,1,,,0,1,PASS_THROUGH,-1,0.9999847391402436,-0.0005035054009298488,0.005501633296599506,0.9,0,0.9999664194083859,-0.0007880504343782636,0.008157146074753305,4.5,0.9,0,0,0,BYPASS_VISIBLE,1,0,1,1,1
1787562510832246528,1787562510847203840,joint_v2_000008_af4e508d,2944,65,0.03333333333333333,2.1666666666666665,14.957189559936523,frame_id_exact,1,,0.7230324745178223,9.684161186218262,1.8707637786865234,0.0984666714870958,-0.0069355589403052205,-0.0472896251506126,0.9939919033782683,0.16007299721240997,1.7080270051956177,-0.21507658064365387,1.6398543043258378,0.004527027093872433,-0.5478091976821442,-0.09552300945445528,-0.007013005204498768,depth/002944.png,1.0,-0.004474874895225755,-0.19640610838655606,-0.9805124252568758,1.6398543043258378,0.004527027093872433,-0.5478091976821442,-0.007013005204498768,0.999961720264994,-0.0008175739328583974,0.008711462422479456,4.5,0.9,1.333333333,0.0,0.12923622131347656,0.0010261157354252148,1.333333333,0.0,0.12923622131347656,0.0010261157354252148,direct,SAFE_PROGRESSING,NONE,DIRECT_LOCAL,PASS_THROUGH,0,6,0,0,0,0,1,1.333333333,14.834629492958834,inf,0.0,0,0,0,CLEAR,none,nan,0.0,0.0,0,0,0,0,0.04684531858112729,0,0,1,0,2.0,1.0,"0.723,9.684;0.744,9.903;0.765,10.122;0.786,10.341;0.807,10.560;0.828,10.779;0.849,10.998;0.871,11.217;0.892,11.436;0.913,11.655;0.934,11.874;0.956,12.093;0.966,12.202",2.1500000000000004,24.450000000000003,2.0,2.1500000000000004,24.450000000000003,2.0,2.1500000000000004,24.450000000000003,2.0,3.8823414357491557,0.0,0.0,0,0,9,1,,,0,1,PASS_THROUGH,-1,0.9999847391402436,-0.0005035054009298488,0.005501633296599506,0.9,0,0.999961720264994,-0.0008175739328583974,0.008711462422479456,4.5,0.9,0,0,0,BYPASS_VISIBLE,1,0,1,1,1
1787562510872251392,1787562510888147456,joint_v2_000008_af4e508d,2945,66,0.03333333333333333,2.2,15.895843505859375,frame_id_exact,1,,0.7282183766365051,9.739766120910645,1.8641499280929565,0.1309073168584001,-0.007153100948898148,-0.04701677022519738,0.9902532660170026,0.15085557103157043,1.6242170333862305,-0.18231481313705444,1.5277432196595675,0.004449458850093051,-0.6000482672607156,-0.09513340459567576,-0.006682542618364096,depth/002945.png,1.0,-0.0018570846785344128,-0.2599354275365306,-0.9656242150794986,1.5277432196595675,0.004449458850093051,-0.6000482672607156,-0.006682542618364096,0.999957010081075,-0.0012198029775324164,0.009191848041206431,4.5,0.9,1.2666666664,0.0,0.13585007190704346,-0.0008184352282497587,1.2666666664,0.0,0.13585007190704346,-0.0008184352282497587,direct,SAFE_PROGRESSING,NONE,DIRECT_LOCAL,PASS_THROUGH,0,6,0,0,0,0,1,1.2666666664,14.778783568414639,inf,0.0,0,0,0,CLEAR,none,nan,0.0,0.0,0,0,0,0,0.0,0,0,1,0,2.0,1.0,"0.723,9.684;0.744,9.903;0.765,10.122;0.786,10.341;0.807,10.560;0.828,10.779;0.849,10.998;0.871,11.217;0.892,11.436;0.913,11.655;0.934,11.874;0.956,12.093;0.966,12.202",2.1500000000000004,24.450000000000003,2.0,2.1500000000000004,24.450000000000003,2.0,2.1500000000000004,24.450000000000003,2.0,3.8823414357491557,0.0,0.0,0,0,9,1,,,1,1,PASS_THROUGH,-1,0.9999992559772086,-0.0012198545114177482,0.0,0.9,0,0.999957010081075,-0.0012198029775324164,0.009191848041206431,4.5,0.9,0,0,0,BYPASS_VISIBLE,1,0,1,1,1
1787562510917654016,1787562510935511296,joint_v2_000008_af4e508d,2946,67,0.03333333333333333,2.2333333333333334,17.85731315612793,frame_id_exact,1,,0.7330815196037292,9.792229652404785,1.858574390411377,0.1481777675321332,-0.006442690607693036,-0.04678849142333241,0.987832312701531,0.14091038703918457,1.5214563608169556,-0.1526227742433548,1.4159669727387265,0.0030905641199204903,-0.5941438266869327,-0.09448829184993186,-0.006334530655294657,depth/002946.png,1.0,0.001137432484575828,-0.2933524611329164,-0.9560036818938533,1.4159669727387265,0.0030905641199204903,-0.5941438266869327,-0.006334530655294657,0.9999521220310605,-0.0018789112447667802,0.009603298293454193,4.5,0.9,1.1999999998,0.0,0.14142560958862305,-0.003094618103038904,1.1999999998,0.0,0.14142560958862305,-0.003094618103038904,direct,SAFE_PROGRESSING,NONE,DIRECT_LOCAL,PASS_THROUGH,0,6,0,0,0,0,1,1.1999999998,14.726095529465036,inf,0.0,0,0,0,CLEAR,none,nan,0.0,0.0,0,0,0,0,0.0,0,0,1,0,2.0,1.0,"0.723,9.684;0.744,9.903;0.765,10.122;0.786,10.341;0.807,10.560;0.828,10.779;0.849,10.998;0.871,11.217;0.892,11.436;0.913,11.655;0.934,11.874;0.956,12.093;0.966,12.202",2.1500000000000004,24.450000000000003,2.0,2.1500000000000004,24.450000000000003,2.0,2.1500000000000004,24.450000000000003,2.0,3.8823414357491557,0.0,0.0,0,0,9,1,,,0,1,PASS_THROUGH,-1,0.999957010081075,-0.0012198029775324164,0.009191848041206431,0.9,0,0.9999521220310605,-0.0018789112447667802,0.009603298293454193,4.5,0.9,0,0,0,BYPASS_VISIBLE,1,0,1,1,1
1787562510961139200,1787562510977877760,joint_v2_000008_af4e508d,2947,68,0.03333333333333333,2.2666666666666666,16.7386531829834,frame_id_exact,1,,0.7376173734664917,9.841115951538086,1.8539613485336304,0.14909412901504634,-0.005101683736744561,-0.046675182986206966,0.9877076190905378,0.1313883364200592,1.4114328622817993,-0.12409204989671707,1.3178408618700066,0.000999778542718112,-0.5367484697252298,-0.09386258468908244,-0.005887626204639673,depth/002947.png,1.0,0.003840047713947097,-0.29499905842355845,-0.9554898270325899,1.3178408618700066,0.000999778542718112,-0.5367484697252298,-0.005887626204639673,0.9999473317821703,-0.0025174523044154185,0.009949678166320086,4.5,0.9,1.2666666664,0.0,0.14603865146636963,-0.0031480791452515033,1.2666666664,0.0,0.14603865146636963,-0.0031480791452515033,direct,SAFE_PROGRESSING,NONE,DIRECT_LOCAL,PASS_THROUGH,0,6,0,0,0,0,1,1.2666666664,14.676999619307031,inf,0.0,0,0,0,CLEAR,none,nan,0.0,0.0,0,0,0,0,0.14424668464445717,0,0,1,0,2.0,2.0,"0.738,9.841;0.752,9.992;0.768,10.163;0.786,10.354;0.807,10.563;0.827,10.772;0.847,10.981;0.867,11.190;0.888,11.399;0.908,11.608;0.928,11.817;0.949,12.026;0.969,12.235;0.989,12.444;1.009,12.653;1.026,12.827",2.1500000000000004,24.450000000000003,2.0,2.1500000000000004,24.450000000000003,2.0,2.1500000000000004,24.450000000000003,2.0,3.8823414357491557,0.0,0.0,0,0,9,1,,,0,1,PASS_THROUGH,-1,0.999957010081075,-0.0012198029775324164,0.009191848041206431,0.9,0,0.9999473317821703,-0.0025174523044154185,0.009949678166320086,4.5,0.9,0,0,0,BYPASS_VISIBLE,1,0,1,1,1
1787562511004142592,1787562511020842496,joint_v2_000008_af4e508d,2948,69,0.03333333333333333,2.3,16.700029373168945,frame_id_exact,1,,0.7418555617332458,9.886377334594727,1.850324273109436,0.13349938245897616,-0.003430005989353973,-0.04669933044811037,0.9899420803651511,0.12319163978099823,1.305903673171997,-0.093496173620224,1.2401950721335564,-0.0012434105806238562,-0.4372833808681037,-0.0935128068817346,-0.005297237075865269,depth/002948.png,1.0,0.005677649022608793,-0.2646336707640753,-0.96433229988397,1.2401950721335564,-0.0012434105806238562,-0.4372833808681037,-0.005297237075865269,0.9999435435567543,-0.0028765683033517837,0.01022912772223143,4.5,0.9,1.333333333,0.0,0.14967572689056396,-0.004382400500372863,1.333333333,0.0,0.14967572689056396,-0.004382400500372863,direct,SAFE_PROGRESSING,NONE,DIRECT_LOCAL,PASS_THROUGH,0,6,0,0,0,0,1,1.333333333,14.631540448610593,inf,0.0,0,0,0,CLEAR,none,nan,0.0,0.0,0,0,0,0,0.0,0,0,1,0,2.0,2.0,"0.738,9.841;0.752,9.992;0.768,10.163;0.786,10.354;0.807,10.563;0.827,10.772;0.847,10.981;0.867,11.190;0.888,11.399;0.908,11.608;0.928,11.817;0.949,12.026;0.969,12.235;0.989,12.444;1.009,12.653;1.026,12.827",2.1500000000000004,24.450000000000003,2.0,2.1500000000000004,24.450000000000003,2.0,2.1500000000000004,24.450000000000003,2.0,3.8823414357491557,0.0,0.0,0,0,9,1,,,0,1,PASS_THROUGH,-1,0.999957010081075,-0.0012198029775324164,0.009191848041206431,0.9,0,0.9999435435567543,-0.0028765683033517837,0.01022912772223143,4.5,0.9,0,0,0,BYPASS_VISIBLE,1,0,1,1,1
1787562511057707264,1787562511075596288,joint_v2_000008_af4e508d,2949,70,0.03333333333333333,2.3333333333333335,17.889022827148438,frame_id_exact,1,,0.7458536624908447,9.928367614746094,1.8477799892425537,0.10085188107515713,-0.0015853816070677195,-0.046823858270687586,0.9937977213424314,0.11711549013853073,1.217576503753662,-0.05878499522805214,1.186539087659947,-0.0032659078890064294,-0.30294980357825424,-0.09352479640153182,-0.004500170238316059,depth/002949.png,1.0,0.006293451114466592,-0.20060120657852665,-0.9796527692975247,1.186539087659947,-0.0032659078890064294,-0.30294980357825424,-0.004500170238316059,0.9999414588799961,-0.0028687965833378414,0.010433063745073893,4.5,0.9,1.3999999995999999,0.0,0.1522200107574463,-0.0049424638349870875,1.3999999995999999,0.0,0.1522200107574463,-0.0049424638349870875,direct,SAFE_PROGRESSING,NONE,DIRECT_LOCAL,PASS_THROUGH,0,6,0,0,0,0,1,1.3999999995999999,14.589360303645787,inf,0.0,0,0,0,CLEAR,none,nan,0.0,0.0,0,0,0,0,0.0,0,0,1,0,2.0,2.0,"0.738,9.841;0.752,9.992;0.768,10.163;0.786,10.354;0.807,10.563;0.827,10.772;0.847,10.981;0.867,11.190;0.888,11.399;0.908,11.608;0.928,11.817;0.949,12.026;0.969,12.235;0.989,12.444;1.009,12.653;1.026,12.827",2.1500000000000004,24.450000000000003,2.0,2.1500000000000004,24.450000000000003,2.0,2.1500000000000004,24.450000000000003,2.0,3.8823414357491557,0.0,0.0,0,0,9,1,,,0,1,PASS_THROUGH,-1,0.999957010081075,-0.0012198029775324164,0.009191848041206431,0.9,0,0.9999414588799961,-0.0028687965833378414,0.010433063745073893,4.5,0.9,0,0,0,BYPASS_VISIBLE,1,0,1,1,1
1787562511105428736,1787562511121713152,joint_v2_000008_af4e508d,2950,71,0.03333333333333333,2.3666666666666667,16.284465789794922,frame_id_exact,1,,0.7496938705444336,9.967875480651855,1.8464360237121582,0.05524315482797881,0.00020014606713188984,-0.046947023234802404,0.997368603273431,0.11378216743469238,1.1584534645080566,-0.022144947201013565,1.1544942102657467,-0.0049442642243142255,-0.15023276093296287,-0.09376365016573465,-0.003550176275894046,depth/002950.png,1.0,0.005586242153397823,-0.11017678381827026,-0.9938963075724075,1.1544942102657467,-0.0049442642243142255,-0.15023276093296287,-0.003550176275894046,0.9999408513449866,-0.0026285813297804847,0.010553879459991575,4.5,0.9,1.4666666661999999,0.0,0.1535639762878418,-0.00768928415794512,1.4666666661999999,0.0,0.1535639762878418,-0.00768928415794512,direct,SAFE_PROGRESSING,NONE,DIRECT_LOCAL,PASS_THROUGH,0,6,0,0,0,0,1,1.4666666661999999,14.54966624531627,inf,0.0,0,0,0,CLEAR,none,nan,0.0,0.0,0,0,0,0,0.1506151780797961,0,0,1,0,2.0,2.0,"0.750,9.968;0.776,10.239;0.810,10.591;0.850,11.005;0.891,11.423;0.931,11.841;0.971,12.259;1.012,12.677;1.038,12.954",2.1500000000000004,24.450000000000003,2.0,2.1500000000000004,24.450000000000003,2.0,2.1500000000000004,24.450000000000003,2.0,3.8823414357491557,0.0,0.0,0,0,9,1,,,0,1,PASS_THROUGH,-1,0.999957010081075,-0.0012198029775324164,0.009191848041206431,0.9,0,0.9999408513449866,-0.0026285813297804847,0.010553879459991575,4.5,0.9,0,0,0,BYPASS_VISIBLE,1,0,1,1,1
1787562511146435328,1787562511164163328,joint_v2_000008_af4e508d,2951,72,0.03333333333333333,2.4,17.728090286254883,frame_id_exact,1,,0.7534719705581665,10.006004333496094,1.846291184425354,0.0031997970443332414,0.0017081821838040676,-0.046972837978539364,0.9988895814376803,0.11337894946336746,1.1356388330459595,0.01225507352501154,1.1413213708135297,-0.006274978492041474,0.005165781621269516,-0.09396930618073254,-0.0027172002010047436,depth/002951.png,1.0,0.003713177869454044,-0.006232011530683804,-0.999973686825004,1.1413213708135297,-0.006274978492041474,0.005165781621269516,-0.0027172002010047436,0.9999409858206905,-0.002416671418917659,0.01059172201291013,4.5,0.9,1.5333333327999998,0.0,0.153708815574646,-0.006846698415087782,1.5333333327999998,0.0,0.153708815574646,-0.006846698415087782,direct,SAFE_PROGRESSING,NONE,DIRECT_LOCAL,PASS_THROUGH,0,6,0,0,0,0,1,1.5333333327999998,14.511350776237213,inf,0.0,0,0,0,CLEAR,none,nan,0.0,0.0,0,0,0,0,0.0,0,0,1,0,2.0,2.0,"0.750,9.968;0.776,10.239;0.810,10.591;0.850,11.005;0.891,11.423;0.931,11.841;0.971,12.259;1.012,12.677;1.038,12.954",2.1500000000000004,24.450000000000003,2.0,2.1500000000000004,24.450000000000003,2.0,2.1500000000000004,24.450000000000003,2.0,3.8823414357491557,0.0,0.0,0,0,9,1,,,1,1,PASS_THROUGH,-1,0.9999970795177293,-0.0024168069869525168,0.0,0.9,0,0.9999409858206905,-0.002416671418917659,0.01059172201291013,4.5,0.9,0,0,0,BYPASS_VISIBLE,1,0,1,1,1
1787562511194848000,1787562511214779136,joint_v2_000008_af4e508d,2952,73,0.03333333333333333,2.433333333333333,19.93107795715332,frame_id_exact,1,,0.7572820782661438,10.044002532958984,1.847084641456604,-0.04891819317904747,0.0028264576066796944,-0.04686102184044773,0.9976988855088313,0.1156267523765564,1.15010404586792,0.03232254832983017,1.1471647752781509,-0.007222872994800105,0.1453080100482165,-0.09392098210682538,-0.0020868461579084396,depth/002952.png,1.0,0.0010551941703274108,0.0978761550149582,-0.9951980430269901,1.1471647752781509,-0.007222872994800105,0.1453080100482165,-0.0020868461579084396,0.9999411751678913,-0.0024556253513864992,0.010564852483131212,4.5,0.9,1.5999999993999998,0.0,0.152915358543396,-0.006352690082847556,1.5999999993999998,0.0,0.152915358543396,-0.006352690082847556,direct,SAFE_PROGRESSING,NONE,DIRECT_LOCAL,PASS_THROUGH,0,6,0,0,0,0,1,1.5999999993999998,14.473162274703856,inf,0.0,0,0,0,CLEAR,none,nan,0.0,0.0,0,0,0,0,0.0,0,0,1,0,2.0,2.0,"0.750,9.968;0.776,10.239;0.810,10.591;0.850,11.005;0.891,11.423;0.931,11.841;0.971,12.259;1.012,12.677;1.038,12.954",2.1500000000000004,24.450000000000003,2.0,2.1500000000000004,24.450000000000003,2.0,2.1500000000000004,24.450000000000003,2.0,3.8823414357491557,0.0,0.0,0,0,9,1,,,0,1,PASS_THROUGH,-1,0.9999409858206905,-0.002416671418917659,0.01059172201291013,0.9,0,0.9999411751678913,-0.0024556253513864992,0.010564852483131212,4.5,0.9,0,0,0,BYPASS_VISIBLE,1,0,1,1,1
1787562511239452672,1787562511256538624,joint_v2_000008_af4e508d,2953,74,0.03333333333333333,2.466666666666667,17.086029052734375,frame_id_exact,1,,0.7612029314041138,10.083035469055176,1.8481924533843994,-0.0962255588335924,0.0035806122969982658,-0.046631321573820876,0.9942601977807521,0.11990702897310257,1.1965930461883545,0.030439527705311775,1.1744311138124777,-0.007657475501642657,0.26036916216888856,-0.09355299289361463,-0.0015904945321381092,depth/002953.png,1.0,-0.001854129374000358,0.191680423681807,-0.9814556420854829,1.1744311138124777,-0.007657475501642657,0.26036916216888856,-0.0015904945321381092,0.9999407387237988,-0.0028134373625067696,0.010516825125039037,4.5,0.9,1.6666666659999998,0.0,0.15180754661560059,-0.009700914738234867,1.6666666659999998,0.0,0.15180754661560059,-0.009700914738234867,direct,SAFE_PROGRESSING,NONE,DIRECT_LOCAL,PASS_THROUGH,0,6,0,0,0,0,1,1.6666666659999998,14.433933182995107,inf,0.0,0,0,0,CLEAR,none,nan,0.0,0.0,0,0,0,0,0.1612072147755595,0,0,1,0,2.0,2.0,"0.761,10.083;0.789,10.362;0.824,10.721;0.864,11.139;0.904,11.557;0.944,11.975;0.985,12.393;1.025,12.811;1.050,13.069",2.1500000000000004,24.450000000000003,2.0,2.1500000000000004,24.450000000000003,2.0,2.1500000000000004,24.450000000000003,2.0,3.8823414357491557,0.0,0.0,0,0,9,1,,,0,1,PASS_THROUGH,-1,0.9999409858206905,-0.002416671418917659,0.01059172201291013,0.9,0,0.9999407387237988,-0.0028134373625067696,0.010516825125039037,4.5,0.9,0,0,0,BYPASS_VISIBLE,1,0,1,1,1
1787562511280230656,1787562511297703168,joint_v2_000008_af4e508d,2954,75,0.03333333333333333,2.5,17.472505569458008,frame_id_exact,1,,0.7652909159660339,10.124039649963379,1.848839521408081,-0.13504669222240057,0.004083388591360887,-0.04635214674604581,0.9897460256800394,0.1255612075328827,1.266998052597046,0.004647398833185434,1.225477782401037,-0.007388961711913883,0.3452837797001099,-0.09299148080616268,-0.0013236218364909291,depth/002954.png,1.0,-0.004436372931708286,0.26770240147112867,-0.9634914337148003,1.225477782401037,-0.007388961711913883,0.3452837797001099,-0.0013236218364909291,0.9999391862793331,-0.0033663222974470125,0.010501981585143733,4.5,0.9,1.7333333325999998,0.0,0.15116047859191895,-0.010747948477244917,1.7333333325999998,0.0,0.15116047859191895,-0.010747948477244917,direct,SAFE_PROGRESSING,NONE,DIRECT_LOCAL,PASS_THROUGH,0,6,0,0,0,0,1,1.7333333325999998,14.392725912704224,inf,0.0,0,0,0,CLEAR,none,nan,0.0,0.0,0,0,0,0,0.0,0,0,1,0,2.0,2.0,"0.761,10.083;0.789,10.362;0.824,10.721;0.864,11.139;0.904,11.557;0.944,11.975;0.985,12.393;1.025,12.811;1.050,13.069",2.1500000000000004,24.450000000000003,2.0,2.1500000000000004,24.450000000000003,2.0,2.1500000000000004,24.450000000000003,2.0,3.8823414357491557,0.0,0.0,0,0,9,1,,,0,1,PASS_THROUGH,-1,0.9999409858206905,-0.002416671418917659,0.01059172201291013,0.9,0,0.9999391862793331,-0.0033663222974470125,0.010501981585143733,4.5,0.9,0,0,0,BYPASS_VISIBLE,1,0,1,1,1
1787562511322775552,1787562511341623040,joint_v2_000008_af4e508d,2955,76,0.03333333333333333,2.533333333333333,18.84746551513672,frame_id_exact,1,,0.7695825099945068,10.167668342590332,1.8482539653778076,-0.16234939700528023,0.004459416966462104,-0.04612048395409877,0.9856448081597047,0.13204345107078552,1.3527599573135376,-0.042764514684677124,1.30121240062006,-0.006264583990937561,0.3950073698778593,-0.09249841048344977,-0.001178697682917118,depth/002955.png,1.0,-0.0061844631582539285,0.32044902146951904,-0.9472455737846823,1.30121240062006,-0.006264583990937561,0.3950073698778593,-0.001178697682917118,0.9999366567215832,-0.0038541873770766492,0.0105748656788256,4.5,0.9,1.7999999991999998,0.0,0.15174603462219238,-0.011425329429274877,1.7999999991999998,0.0,0.15174603462219238,-0.011425329429274877,direct,SAFE_PROGRESSING,NONE,DIRECT_LOCAL,PASS_THROUGH,0,6,0,0,0,0,1,1.7999999991999998,14.348886717057862,inf,0.0,0,0,0,CLEAR,none,nan,0.0,0.0,0,0,0,0,0.0,0,0,1,0,2.0,2.0,"0.761,10.083;0.789,10.362;0.824,10.721;0.864,11.139;0.904,11.557;0.944,11.975;0.985,12.393;1.025,12.811;1.050,13.069",2.1500000000000004,24.450000000000003,2.0,2.1500000000000004,24.450000000000003,2.0,2.1500000000000004,24.450000000000003,2.0,3.8823414357491557,0.0,0.0,0,0,9,1,,,0,1,PASS_THROUGH,-1,0.9999409858206905,-0.002416671418917659,0.01059172201291013,0.9,0,0.9999366567215832,-0.0038541873770766492,0.0105748656788256,4.5,0.9,0,0,0,BYPASS_VISIBLE,1,0,1,1,1
1787562511366776576,1787562511385546496,joint_v2_000008_af4e508d,2956,77,0.03333333333333333,2.566666666666667,18.76997947692871,frame_id_exact,1,,0.7740986347198486,10.21430778503418,1.8458153009414673,-0.1761565936635563,0.004806298487281862,-0.046022984018871005,0.9832739389131101,0.13899053633213043,1.4465389251708984,-0.10515829175710678,1.39945520821477,-0.004313676703834154,0.4054109149290306,-0.09233297195756023,-0.000896348268724978,depth/002956.png,1.0,-0.006762688099629691,0.34686277583110264,-0.9378915080074077,1.39945520821477,-0.004313676703834154,0.4054109149290306,-0.000896348268724978,0.9999338174208593,-0.004019027273594905,0.010779990627165418,4.5,0.9,1.8666666657999997,0.0,0.15418469905853271,-0.009540053449594299,1.8666666657999997,0.0,0.15418469905853271,-0.009540053449594299,direct,SAFE_PROGRESSING,NONE,DIRECT_LOCAL,PASS_THROUGH,0,6,0,0,0,0,1,1.8666666657999997,14.302029135972921,inf,0.0,0,0,0,CLEAR,none,nan,0.0,0.0,0,0,0,0,0.23028730154442095,0,0,1,0,2.0,2.0,"0.774,10.214;0.789,10.369;0.806,10.543;0.825,10.738;0.845,10.947;0.865,11.156;0.885,11.365;0.905,11.574;0.926,11.783;0.946,11.992;0.966,12.201;0.986,12.410;1.006,12.619;1.027,12.828;1.047,13.037;1.063,13.200",2.1500000000000004,24.450000000000003,2.0,2.1500000000000004,24.450000000000003,2.0,2.1500000000000004,24.450000000000003,2.0,3.8823414357491557,0.0,0.0,0,0,9,1,,,0,1,PASS_THROUGH,-1,0.9999409858206905,-0.002416671418917659,0.01059172201291013,0.9,0,0.9999338174208593,-0.004019027273594905,0.010779990627165418,4.5,0.9,0,0,0,BYPASS_VISIBLE,1,0,1,1,1
1787562511409366784,1787562511427227392,joint_v2_000008_af4e508d,2957,78,0.03333333333333333,2.6,17.86065101623535,frame_id_exact,1,,0.778851330280304,10.26412582397461,1.8411792516708374,-0.1759866361662405,0.005158124708676031,-0.04609958474416792,0.9832990012843481,0.14620530605316162,1.5427662134170532,-0.17292550206184387,1.5135663129533776,-0.0018572838325491238,0.37486047648707344,-0.09260890218352637,-0.00031761531135998666,depth/002957.png,1.0,-0.0060818639464907814,0.34657054197756965,-0.9380041952807621,1.5135663129533776,-0.0018572838325491238,0.37486047648707344,-0.00031761531135998666,0.9999308918974525,-0.003747450578763106,0.011143071539060037,4.5,0.9,1.9333333323999997,0.0,0.1588207483291626,-0.009085853432008184,1.9333333323999997,0.0,0.1588207483291626,-0.009085853432008184,direct,SAFE_PROGRESSING,NONE,DIRECT_LOCAL,PASS_THROUGH,0,6,0,0,0,0,1,1.9333333323999997,14.251984942894735,inf,0.0,0,0,0,CLEAR,none,nan,0.0,0.0,0,0,0,0,0.0,0,0,1,0,2.0,2.0,"0.774,10.214;0.789,10.369;0.806,10.543;0.825,10.738;0.845,10.947;0.865,11.156;0.885,11.365;0.905,11.574;0.926,11.783;0.946,11.992;0.966,12.201;0.986,12.410;1.006,12.619;1.027,12.828;1.047,13.037;1.063,13.200",2.1500000000000004,24.450000000000003,2.0,2.1500000000000004,24.450000000000003,2.0,2.1500000000000004,24.450000000000003,2.0,3.8823414357491557,0.0,0.0,0,0,9,1,,,1,1,PASS_THROUGH,-1,0.9999929774104434,-0.003747683257234652,0.0,0.9,0,0.9999308918974525,-0.003747450578763106,0.011143071539060037,4.5,0.9,0,0,0,BYPASS_VISIBLE,1,0,1,1,1
1787562511453420288,1787562511470044928,joint_v2_000008_af4e508d,2958,79,0.03333333333333333,2.6333333333333333,16.62445068359375,frame_id_exact,1,,0.7838473916053772,10.31713581085205,1.834341049194336,-0.1634122195801943,0.005493658699183874,-0.04632658166453506,0.985454267856835,0.1535768210887909,1.6371009349822998,-0.23568619787693024,1.6324153810009692,0.000523798215370303,0.3073321406430387,-0.09323681065681279,0.00039894721703603864,depth/002958.png,1.0,-0.004313160248210457,0.32257954326725113,-0.9465325324119425,1.6324153810009692,0.000523798215370303,0.3073321406430387,0.00039894721703603864,0.9999270515062644,-0.003128515289470259,0.011666364389653417,4.5,0.9,1.9999999989999997,0.0,0.16565895080566406,-0.008027633127477563,1.9999999989999997,0.0,0.16565895080566406,-0.008027633127477563,direct,SAFE_PROGRESSING,NONE,DIRECT_LOCAL,PASS_THROUGH,0,6,0,0,0,0,1,1.9999999989999997,14.198740195465373,inf,0.0,0,0,0,CLEAR,none,nan,0.0,0.0,0,0,0,0,0.0,0,0,1,0,2.0,2.0,"0.774,10.214;0.789,10.369;0.806,10.543;0.825,10.738;0.845,10.947;0.865,11.156;0.885,11.365;0.905,11.574;0.926,11.783;0.946,11.992;0.966,12.201;0.986,12.410;1.006,12.619;1.027,12.828;1.047,13.037;1.063,13.200",2.1500000000000004,24.450000000000003,2.0,2.1500000000000004,24.450000000000003,2.0,2.1500000000000004,24.450000000000003,2.0,3.8823414357491557,0.0,0.0,0,0,9,1,,,0,1,PASS_THROUGH,-1,0.9999308918974525,-0.003747450578763106,0.011143071539060037,0.9,0,0.9999270515062644,-0.003128515289470259,0.011666364389653417,4.5,0.9,0,0,0,BYPASS_VISIBLE,1,0,1,1,1
1787562511500564992,1787562511525691136,joint_v2_000008_af4e508d,2959,80,0.03333333333333333,2.6666666666666665,25.125980377197266,frame_id_exact,1,,0.7890905141830444,10.373205184936523,1.825626254081726,-0.14200130339695025,0.005763465077317037,-0.04663464409233573,0.9887505359160373,0.16100282967090607,1.725739598274231,-0.284322053194046,1.7432132750511609,0.0022058982023293395,0.21480389625131896,-0.09399540713900105,0.0009066086495295167,depth/002959.png,1.0,-0.0018471021212679468,0.2813452839542593,-0.9596048246077397,1.7432132750511609,0.0022058982023293395,0.21480389625131896,0.0009066086495295167,0.9999211581536295,-0.0023823983398942967,0.012328895118958669,4.5,0.9,1.9333333323999997,0.0,0.17437374591827393,-0.0023693744583974663,1.9333333323999997,0.0,0.17437374591827393,-0.0023693744583974663,direct,SAFE_PROGRESSING,NONE,DIRECT_LOCAL,PASS_THROUGH,0,6,0,0,0,0,1,1.9333333323999997,14.142426485366103,inf,0.0,0,0,0,CLEAR,none,nan,0.0,0.0,0,0,0,0,0.13651187455082264,0,0,1,0,2.0,1.0,"0.789,10.373;0.810,10.592;0.831,10.811;0.852,11.030;0.873,11.249;0.894,11.468;0.915,11.687;0.937,11.906;0.958,12.125;0.979,12.344;1.001,12.563;1.022,12.782;1.032,12.891",2.1500000000000004,24.450000000000003,2.0,2.1500000000000004,24.450000000000003,2.0,2.1500000000000004,24.450000000000003,2.0,3.8823414357491557,0.0,0.0,0,0,9,1,,,0,1,PASS_THROUGH,-1,0.9999308918974525,-0.003747450578763106,0.011143071539060037,0.9,0,0.9999211581536295,-0.0023823983398942967,0.012328895118958669,4.5,0.9,0,0,0,BYPASS_VISIBLE,1,0,1,1,1
1787562511570244352,1787562511586983168,joint_v2_000008_af4e508d,2960,81,0.03333333333333333,2.7,16.7388916015625,frame_id_exact,1,,0.7945801019668579,10.432085037231445,1.8156256675720215,-0.11421414716243078,0.005796408089852439,-0.04695435062820937,0.992328987381855,0.16832472383975983,1.8050651550292969,-0.3121683895587921,1.8364062129555467,0.0027868988981994435,0.10792119443927528,-0.09465369417079356,0.001209453446790576,depth/002960.png,0.9999967447916667,0.0007781853153771695,0.22722035115242445,-0.973843060482429,1.8364062129555467,0.0027868988981994435,0.10792119443927528,0.001209453446790576,0.9999128033337957,-0.0017384758764756247,0.013090585578076384,4.5,0.9,1.8666666657999997,0.0,0.18437433242797852,-0.0016623684996525112,1.8666666657999997,0.0,0.18437433242797852,-0.0016623684996525112,direct,SAFE_PROGRESSING,NONE,DIRECT_LOCAL,PASS_THROUGH,0,6,0,0,0,0,1,1.8666666657999997,14.083291625305312,inf,0.0,0,0,0,CLEAR,none,nan,0.0,0.0,0,0,0,0,0.0,0,0,1,0,2.0,1.0,"0.789,10.373;0.810,10.592;0.831,10.811;0.852,11.030;0.873,11.249;0.894,11.468;0.915,11.687;0.937,11.906;0.958,12.125;0.979,12.344;1.001,12.563;1.022,12.782;1.032,12.891",2.1500000000000004,24.450000000000003,2.0,2.1500000000000004,24.450000000000003,2.0,2.1500000000000004,24.450000000000003,2.0,3.8823414357491557,0.0,0.0,0,0,9,1,,,0,1,PASS_THROUGH,-1,0.9999308918974525,-0.003747450578763106,0.011143071539060037,0.9,0,0.9999128033337957,-0.0017384758764756247,0.013090585578076384,4.5,0.9,0,0,0,BYPASS_VISIBLE,1,0,1,1,1
1787562511610853120,1787562511628476928,joint_v2_000008_af4e508d,2961,82,0.03333333333333333,2.7333333333333334,17.6236629486084,frame_id_exact,1,,0.8003054857254028,10.493375778198242,1.8050856590270996,-0.07815651818577618,0.005211678823283222,-0.04724392118303728,0.9958074156081438,0.175017848610878,1.8690370321273804,-0.31641972064971924,1.9035940139005183,0.0022087935362556863,-0.01941818439455123,-0.095049829229716,0.0013793022371828556,depth/002961.png,1.0,0.0029948160697678555,0.15615012106213436,-0.9877287941378388,1.9035940139005183,0.0022087935362556863,-0.01941818439455123,0.0013793022371828556,0.9999024765701585,-0.0013566232061328627,0.013899529572611436,4.5,0.9,1.7999999991999998,0.0,0.1949143409729004,-0.0012401280584062313,1.7999999991999998,0.0,0.1949143409729004,-0.0012401280584062313,direct,SAFE_PROGRESSING,NONE,DIRECT_LOCAL,PASS_THROUGH,0,6,0,0,0,0,1,1.7999999991999998,14.021734377403051,inf,0.0,0,0,0,CLEAR,none,nan,0.0,0.0,0,0,0,0,0.0,0,0,1,0,2.0,1.0,"0.789,10.373;0.810,10.592;0.831,10.811;0.852,11.030;0.873,11.249;0.894,11.468;0.915,11.687;0.937,11.906;0.958,12.125;0.979,12.344;1.001,12.563;1.022,12.782;1.032,12.891",2.1500000000000004,24.450000000000003,2.0,2.1500000000000004,24.450000000000003,2.0,2.1500000000000004,24.450000000000003,2.0,3.8823414357491557,0.0,0.0,0,0,9,1,,,0,1,PASS_THROUGH,-1,0.9999308918974525,-0.003747450578763106,0.011143071539060037,0.9,0,0.9999024765701585,-0.0013566232061328627,0.013899529572611436,4.5,0.9,0,0,0,BYPASS_VISIBLE,1,0,1,1,1
1787562511652667136,1787562511668358656,joint_v2_000008_af4e508d,2962,83,0.03333333333333333,2.7666666666666666,15.691518783569336,frame_id_exact,1,,0.8062310218811035,10.556427001953125,1.7947938442230225,-0.035085096271941243,0.003860159347847702,-0.04746020975122855,0.9982492993635245,0.18016812205314636,1.9094734191894531,-0.29779401421546936,1.9341620506290205,0.0007935181403952816,-0.1620095612403327,-0.09516961800609651,0.001350932172499597,depth/002962.png,1.0,0.0043765106724243,0.07041375348777833,-0.9975082703787956,1.9341620506290205,0.0007935181403952816,-0.1620095612403327,0.001350932172499597,0.9998911737863634,-0.001249089945958813,0.014699672051964933,4.5,0.9,1.7333333325999998,0.0,0.20520615577697754,-0.00038555102645498884,1.7333333325999998,0.0,0.20520615577697754,-0.00038555102645498884,direct,SAFE_PROGRESSING,NONE,DIRECT_LOCAL,PASS_THROUGH,0,6,0,0,0,0,1,1.7333333325999998,13.95840555789278,inf,0.0,0,0,0,CLEAR,none,nan,0.0,0.0,0,0,0,0,0.07157533417967381,0,0,1,0,2.0,1.0,"0.806,10.556;0.827,10.775;0.848,10.994;0.869,11.213;0.890,11.432;0.911,11.651;0.933,11.870;0.954,12.089;0.975,12.308;0.997,12.527;1.018,12.746;1.039,12.965;1.050,13.075",2.1500000000000004,24.450000000000003,2.0,2.1500000000000004,24.450000000000003,2.0,2.1500000000000004,24.450000000000003,2.0,3.8823414357491557,0.0,0.0,0,0,9,1,,,0,1,PASS_THROUGH,-1,0.9999308918974525,-0.003747450578763106,0.011143071539060037,0.9,0,0.9998911737863634,-0.001249089945958813,0.014699672051964933,4.5,0.9,0,0,0,BYPASS_VISIBLE,1,0,1,1,1
1787562511692814080,1787562511710237184,joint_v2_000008_af4e508d,2963,84,0.03333333333333333,2.8,17.423152923583984,frame_id_exact,1,,0.8122881650924683,10.620332717895508,1.7853920459747314,0.010950978600720408,0.001835596899828598,-0.04757621000924528,0.9988058925000713,0.1827717423439026,1.919243335723877,-0.2647534906864166,1.9217269124652245,-0.0008643619834880914,-0.30652867587848803,-0.09514312556108107,0.0012180113699287176,depth/002963.png,1.0,0.004708822115036584,-0.02170114242288633,-0.9997534133034158,1.9217269124652245,-0.0008643619834880914,-0.30652867587848803,0.0012180113699287176,0.9998799092043557,-0.0012844284577173582,0.015444008968737568,4.5,0.9,1.6666666659999998,0.0,0.21460795402526855,-0.0010147754528172515,1.6666666659999998,0.0,0.21460795402526855,-0.0010147754528172515,direct,SAFE_PROGRESSING,NONE,DIRECT_LOCAL,PASS_THROUGH,0,6,0,0,0,0,1,1.6666666659999998,13.894213546903734,inf,0.0,0,0,0,CLEAR,none,nan,0.0,0.0,0,0,0,0,0.0,0,0,1,0,2.0,1.0,"0.806,10.556;0.827,10.775;0.848,10.994;0.869,11.213;0.890,11.432;0.911,11.651;0.933,11.870;0.954,12.089;0.975,12.308;0.997,12.527;1.018,12.746;1.039,12.965;1.050,13.075",2.1500000000000004,24.450000000000003,2.0,2.1500000000000004,24.450000000000003,2.0,2.1500000000000004,24.450000000000003,2.0,3.8823414357491557,0.0,0.0,0,0,9,1,,,1,1,PASS_THROUGH,-1,0.9999991749246334,-0.001284581664401216,0.0,0.9,0,0.9998799092043557,-0.0012844284577173582,0.015444008968737568,4.5,0.9,0,0,0,BYPASS_VISIBLE,1,0,1,1,1
1787562511735146496,1787562511750559488,joint_v2_000008_af4e508d,2964,85,0.03333333333333333,2.8333333333333335,15.413045883178711,frame_id_exact,1,,0.8183801174163818,10.684006690979004,1.777206540107727,0.05521266724671912,-0.0006240063346028032,-0.0475992815672984,0.9973392002653232,0.18218646943569183,1.8959256410598755,-0.22599174082279205,1.868158199591837,-0.0021275394238449204,-0.4344866256487583,-0.0951584765661987,0.0010764168109744787,depth/002964.png,1.0,0.0040114746312897645,-0.11019091929915756,-0.9939023439831949,1.868158199591837,-0.0021275394238449204,-0.4344866256487583,0.0010764168109744787,0.9998694614921253,-0.0012738934040631234,0.016107053456249045,4.5,0.9,1.5999999993999998,0.0,0.22279345989227295,-0.0010218082422080998,1.5999999993999998,0.0,0.22279345989227295,-0.0010218082422080998,direct,SAFE_PROGRESSING,NONE,DIRECT_LOCAL,PASS_THROUGH,0,6,0,0,0,0,1,1.5999999993999998,13.830248851546488,inf,0.0,0,0,0,CLEAR,none,nan,0.0,0.0,0,0,0,0,0.0,0,0,1,0,2.0,1.0,"0.806,10.556;0.827,10.775;0.848,10.994;0.869,11.213;0.890,11.432;0.911,11.651;0.933,11.870;0.954,12.089;0.975,12.308;0.997,12.527;1.018,12.746;1.039,12.965;1.050,13.075",2.1500000000000004,24.450000000000003,2.0,2.1500000000000004,24.450000000000003,2.0,2.1500000000000004,24.450000000000003,2.0,3.8823414357491557,0.0,0.0,0,0,9,1,,,0,1,PASS_THROUGH,-1,0.9998799092043557,-0.0012844284577173582,0.015444008968737568,0.9,0,0.9998694614921253,-0.0012738934040631234,0.016107053456249045,4.5,0.9,0,0,0,BYPASS_VISIBLE,1,0,1,1,1
1787562511775632128,1787562511794511360,joint_v2_000008_af4e508d,2965,86,0.03333333333333333,2.8666666666666667,18.879175186157227,frame_id_exact,1,,0.824396550655365,10.746379852294922,1.7703254222869873,0.09316679815247475,-0.003193928575238392,-0.04756871212343405,0.9945084032672576,0.17825742065906525,1.8418372869491577,-0.18722786009311676,1.7835350303667323,-0.0025556536201594617,-0.5274379919010554,-0.09535484156619667,0.0009955138666555285,depth/002965.png,1.0,0.0025108715865343155,-0.18561418947415775,-0.9826194930845447,1.7835350303667323,-0.0025556536201594617,-0.5274379919010554,0.0009955138666555285,0.9998602980229342,-0.001078778754050358,0.01667994825798484,4.5,0.9,1.5333333327999998,0.0,0.2296745777130127,-0.002751858817129915,1.5333333327999998,0.0,0.2296745777130127,-0.002751858817129915,direct,SAFE_PROGRESSING,NONE,DIRECT_LOCAL,PASS_THROUGH,0,6,0,0,0,0,1,1.5333333327999998,13.767586195753525,inf,0.0,0,0,0,CLEAR,none,nan,0.0,0.0,0,0,0,0,0.06181808175981868,0,0,1,0,2.0,1.0,"0.824,10.746;0.846,10.965;0.867,11.184;0.888,11.403;0.909,11.622;0.930,11.841;0.952,12.060;0.973,12.279;0.994,12.498;1.015,12.717;1.036,12.936;1.057,13.155;1.068,13.265",2.1500000000000004,24.450000000000003,2.0,2.1500000000000004,24.450000000000003,2.0,2.1500000000000004,24.450000000000003,2.0,3.8823414357491557,0.0,0.0,0,0,9,1,,,0,1,PASS_THROUGH,-1,0.9998799092043557,-0.0012844284577173582,0.015444008968737568,0.9,0,0.9998602980229342,-0.001078778754050358,0.01667994825798484,4.5,0.9,0,0,0,BYPASS_VISIBLE,1,0,1,1,1
1787562511825548288,1787562511841212160,joint_v2_000008_af4e508d,2966,87,0.03333333333333333,2.9,15.664100646972656,frame_id_exact,1,,0.8302302360534668,10.806520462036133,1.764693021774292,0.12055623676404287,-0.005487418586963801,-0.04754066309400069,0.9915523018818151,0.17131273448467255,1.7631405591964722,-0.15127615630626678,1.6835994816819344,-0.002057522956183166,-0.5713017694937316,-0.09574743723147142,0.0009164784569293261,depth/002966.png,1.0,0.0005805218091738569,-0.23959737917578883,-0.9708721640290869,1.6835994816819344,-0.002057522956183166,-0.5713017694937316,0.0009164784569293261,0.999852449799316,-0.0006850665795483464,0.017164186962620155,4.5,0.9,1.4666666661999999,0.0,0.235306978225708,-0.0017067147037919117,1.4666666661999999,0.0,0.235306978225708,-0.0017067147037919117,direct,SAFE_PROGRESSING,NONE,DIRECT_LOCAL,PASS_THROUGH,0,6,0,0,0,0,1,1.4666666661999999,13.707163314583594,inf,0.0,0,0,0,CLEAR,none,nan,0.0,0.0,0,0,0,0,0.0,0,0,1,0,2.0,1.0,"0.824,10.746;0.846,10.965;0.867,11.184;0.888,11.403;0.909,11.622;0.930,11.841;0.952,12.060;0.973,12.279;0.994,12.498;1.015,12.717;1.036,12.936;1.057,13.155;1.068,13.265",2.1500000000000004,24.450000000000003,2.0,2.1500000000000004,24.450000000000003,2.0,2.1500000000000004,24.450000000000003,2.0,3.8823414357491557,0.0,0.0,0,0,9,1,,,0,1,PASS_THROUGH,-1,0.9998799092043557,-0.0012844284577173582,0.015444008968737568,0.9,0,0.999852449799316,-0.0006850665795483464,0.017164186962620155,4.5,0.9,0,0,0,BYPASS_VISIBLE,1,0,1,1,1
1787562511869171200,1787562511885826304,joint_v2_000008_af4e508d,2967,88,0.03333333333333333,2.933333333333333,16.65520668029785,frame_id_exact,1,,0.8357923030853271,10.863747596740723,1.7602083683013916,0.13434770164189327,-0.007132048898089229,-0.04756657960864978,0.9897662600060633,0.1621161252260208,1.6688352823257446,-0.11812610924243927,1.5844997484491203,-0.0008731547630623802,-0.5608978517018388,-0.09622444980727538,0.0007537842611782253,depth/002967.png,1.0,-0.001337201437307792,-0.2666241387323818,-0.9637996578841121,1.5844997484491203,-0.0008731547630623802,-0.5608978517018388,0.0007537842611782253,0.999845704481896,-0.00020620276282842125,0.01756487146329143,4.5,0.9,1.3999999995999999,0.0,0.2397916316986084,-0.0004028990618742956,1.3999999995999999,0.0,0.2397916316986084,-0.0004028990618742956,direct,SAFE_PROGRESSING,NONE,DIRECT_LOCAL,PASS_THROUGH,0,6,0,0,0,0,1,1.3999999995999999,13.649666524706687,inf,0.0,0,0,0,CLEAR,none,nan,0.0,0.0,0,0,0,0,0.0,0,0,1,0,2.0,1.0,"0.824,10.746;0.846,10.965;0.867,11.184;0.888,11.403;0.909,11.622;0.930,11.841;0.952,12.060;0.973,12.279;0.994,12.498;1.015,12.717;1.036,12.936;1.057,13.155;1.068,13.265",2.1500000000000004,24.450000000000003,2.0,2.1500000000000004,24.450000000000003,2.0,2.1500000000000004,24.450000000000003,2.0,3.8823414357491557,0.0,0.0,0,0,9,1,,,0,1,PASS_THROUGH,-1,0.9998799092043557,-0.0012844284577173582,0.015444008968737568,0.9,0,0.999845704481896,-0.00020620276282842125,0.01756487146329143,4.5,0.9,0,0,0,BYPASS_VISIBLE,1,0,1,1,1
1787562511910691328,1787562511928339456,joint_v2_000008_af4e508d,2968,89,0.03333333333333333,2.966666666666667,17.64822006225586,frame_id_exact,1,,0.8410248756408691,10.917716979980469,1.7568066120147705,0.1337864408205919,-0.007870340774232404,-0.04766543615036344,0.9898319312818976,0.15174052119255066,1.5693107843399048,-0.08591809868812561,1.4971811205363779,0.0005980247679482608,-0.5015892522525867,-0.09661806887766337,0.00044552318286150694,depth/002968.png,1.0,-0.0028266511113736494,-0.2656024686448671,-0.9640784919773114,1.4971811205363779,0.0005980247679482608,-0.5015892522525867,0.00044552318286150694,0.9998400329126437,0.0001882385140359139,0.017884997945359665,4.5,0.9,1.333333333,0.0,0.2431933879852295,0.0005070343320895399,1.333333333,0.0,0.2431933879852295,0.0005070343320895399,direct,SAFE_PROGRESSING,NONE,DIRECT_LOCAL,PASS_THROUGH,0,6,0,0,0,0,1,1.333333333,13.595444075501911,inf,0.0,0,0,0,CLEAR,none,nan,0.0,0.0,0,0,0,0,0.010786997833273164,0,0,1,0,2.0,1.0,"0.841,10.918;0.862,11.137;0.883,11.356;0.905,11.575;0.926,11.794;0.947,12.013;0.968,12.232;0.989,12.451;1.010,12.670;1.032,12.889;1.053,13.107;1.074,13.326;1.085,13.436",2.1500000000000004,24.450000000000003,2.0,2.1500000000000004,24.450000000000003,2.0,2.1500000000000004,24.450000000000003,2.0,3.8823414357491557,0.0,0.0,0,0,9,1,,,0,1,PASS_THROUGH,-1,0.9998799092043557,-0.0012844284577173582,0.015444008968737568,0.9,0,0.9998400329126437,0.0001882385140359139,0.017884997945359665,4.5,0.9,0,0,0,BYPASS_VISIBLE,1,0,1,1,1
1787562511955164160,1787562511973270016,joint_v2_000008_af4e508d,2969,90,0.03333333333333333,3.0,18.105745315551758,frame_id_exact,1,,0.8459084630012512,10.968421936035156,1.754494547843933,0.12080331711331754,-0.007631184419251749,-0.04781451749906878,0.9914948792177951,0.14137190580368042,1.4745631217956543,-0.05239422991871834,1.425337103411277,0.0020090118147147095,-0.4067894747283477,-0.09681121771150059,-5.650246384902857e-05,depth/002969.png,1.0,-0.0035802559079889124,-0.24028150342266144,-0.9706966471975572,1.425337103411277,0.0020090118147147095,-0.4067894747283477,-5.650246384902857e-05,0.999835695384152,0.00037980497259565497,0.018122858049225997,4.5,0.9,1.2666666664,0.0,0.2455054521560669,0.0008976837075991284,1.2666666664,0.0,0.2455054521560669,0.0008976837075991284,direct,SAFE_PROGRESSING,NONE,DIRECT_LOCAL,PASS_THROUGH,0,6,0,0,0,0,1,1.2666666664,13.544504488228792,inf,0.0,0,0,0,CLEAR,none,nan,0.0,0.0,0,0,0,0,0.0,0,0,1,0,2.0,1.0,"0.841,10.918;0.862,11.137;0.883,11.356;0.905,11.575;0.926,11.794;0.947,12.013;0.968,12.232;0.989,12.451;1.010,12.670;1.032,12.889;1.053,13.107;1.074,13.326;1.085,13.436",2.1500000000000004,24.450000000000003,2.0,2.1500000000000004,24.450000000000003,2.0,2.1500000000000004,24.450000000000003,2.0,3.8823414357491557,0.0,0.0,0,0,9,1,,,1,1,PASS_THROUGH,-1,0.9999999278503922,0.0003798673591533881,0.0,0.9,0,0.999835695384152,0.00037980497259565497,0.018122858049225997,4.5,0.9,0,0,0,BYPASS_VISIBLE,1,0,1,1,1
1787562511999887104,1787562512016507136,joint_v2_000008_af4e508d,2970,91,0.03333333333333333,3.033333333333333,16.620159149169922,frame_id_exact,1,,0.8504617214202881,11.016159057617188,1.7533447742462158,0.09964391613743703,-0.006546021897145069,-0.04796627189594117,0.9938447948923022,0.13207748532295227,1.3923767805099487,-0.016036486253142357,1.367554117241624,0.003165439969981486,-0.29359912521857373,-0.09679827209006509,-0.0006966809160076082,depth/002970.png,1.0,-0.0034523652310079894,-0.19868915132406423,-0.980056479148235,1.367554117241624,0.003165439969981486,-0.29359912521857373,-0.0006966809160076082,0.9998329806337729,0.00036211046353744824,0.01827237568018654,4.5,0.9,1.1999999998,0.0,0.24665522575378418,0.0006100569554784441,1.1999999998,0.0,0.24665522575378418,0.0006100569554784441,direct,SAFE_PROGRESSING,NONE,DIRECT_LOCAL,PASS_THROUGH,0,6,0,0,0,0,1,1.1999999998,13.496550752052716,inf,0.0,0,0,0,CLEAR,none,nan,0.0,0.0,0,0,0,0,0.0,0,0,1,0,2.0,1.0,"0.841,10.918;0.862,11.137;0.883,11.356;0.905,11.575;0.926,11.794;0.947,12.013;0.968,12.232;0.989,12.451;1.010,12.670;1.032,12.889;1.053,13.107;1.074,13.326;1.085,13.436",2.1500000000000004,24.450000000000003,2.0,2.1500000000000004,24.450000000000003,2.0,2.1500000000000004,24.450000000000003,2.0,3.8823414357491557,0.0,0.0,0,0,9,1,,,0,1,PASS_THROUGH,-1,0.999835695384152,0.00037980497259565497,0.018122858049225997,0.9,0,0.9998329806337729,0.00036211046353744824,0.01827237568018654,4.5,0.9,0,0,0,BYPASS_VISIBLE,1,0,1,1,1
1787562512045142272,1787562512063047936,joint_v2_000008_af4e508d,2971,92,0.03333333333333333,3.066666666666667,17.905712127685547,frame_id_exact,1,,0.854733943939209,11.061432838439941,1.7534565925598145,0.07590579952519319,-0.004911360292429974,-0.048078651261713554,0.9959430864418778,0.1246122419834137,1.3270626068115234,0.022665316238999367,1.3209136552495793,0.003992096922616917,-0.17974500924114417,-0.0966635644438614,-0.0013252360513433814,depth/002971.png,1.0,-0.002483973728314973,-0.15166797567335938,-0.9884283762770383,1.3209136552495793,0.003992096922616917,-0.17974500924114417,-0.0013252360513433814,0.9998320439596436,0.0002194798101635935,0.018325820584469753,4.5,0.9,1.2666666664,0.0,0.24654340744018555,0.002900445474605662,1.2666666664,0.0,0.24654340744018555,0.002900445474605662,direct,SAFE_PROGRESSING,NONE,DIRECT_LOCAL,PASS_THROUGH,0,6,0,0,0,0,1,1.2666666664,13.451075971668129,inf,0.0,0,0,0,CLEAR,none,nan,0.0,0.0,0,0,0,0,0.012577379055502842,0,0,1,0,2.0,2.0,"0.855,11.061;0.868,11.204;0.884,11.367;0.901,11.549;0.921,11.751;0.941,11.960;0.961,12.169;0.982,12.378;1.002,12.588;1.022,12.797;1.043,13.006;1.063,13.215;1.083,13.424;1.103,13.633;1.124,13.842;1.144,14.047",2.1500000000000004,24.450000000000003,2.0,2.1500000000000004,24.450000000000003,2.0,2.1500000000000004,24.450000000000003,2.0,3.8823414357491557,0.0,0.0,0,0,9,1,,,0,1,PASS_THROUGH,-1,0.999835695384152,0.00037980497259565497,0.018122858049225997,0.9,0,0.9998320439596436,0.0002194798101635935,0.018325820584469753,4.5,0.9,0,0,0,BYPASS_VISIBLE,1,0,1,1,1
1787562512088974592,1787562512106592512,joint_v2_000008_af4e508d,2972,93,0.03333333333333333,3.1,17.61794090270996,frame_id_exact,1,,0.8587932586669922,11.10482406616211,1.7548587322235107,0.05293307354046018,-0.0030045704779741787,-0.04814525670683941,0.9974322516033035,0.11932266503572464,1.2792373895645142,0.06073557585477829,1.283991402344893,0.004447232484952814,-0.07563933006770596,-0.09651113877795943,-0.001750326482579112,depth/002972.png,1.0,-0.0008967581661182694,-0.10588362108540061,-0.9943781245636062,1.283991402344893,0.004447232484952814,-0.07563933006770596,-0.001750326482579112,0.9998328898378409,5.679692879818536e-05,0.018280841682506804,4.5,0.9,1.333333333,0.0,0.24514126777648926,0.00208402598593338,1.333333333,0.0,0.24514126777648926,0.00208402598593338,direct,SAFE_PROGRESSING,NONE,DIRECT_LOCAL,PASS_THROUGH,0,6,0,0,0,0,1,1.333333333,13.407495498934539,inf,0.0,0,0,0,CLEAR,none,nan,0.0,0.0,0,0,0,0,0.0,0,0,1,0,2.0,2.0,"0.855,11.061;0.868,11.204;0.884,11.367;0.901,11.549;0.921,11.751;0.941,11.960;0.961,12.169;0.982,12.378;1.002,12.588;1.022,12.797;1.043,13.006;1.063,13.215;1.083,13.424;1.103,13.633;1.124,13.842;1.144,14.047",2.1500000000000004,24.450000000000003,2.0,2.1500000000000004,24.450000000000003,2.0,2.1500000000000004,24.450000000000003,2.0,3.8823414357491557,0.0,0.0,0,0,9,1,,,0,1,PASS_THROUGH,-1,0.999835695384152,0.00037980497259565497,0.018122858049225997,0.9,0,0.9998328898378409,5.679692879818536e-05,0.018280841682506804,4.5,0.9,0,0,0,BYPASS_VISIBLE,1,0,1,1,1
1787562512132395776,1787562512149269248,joint_v2_000008_af4e508d,2973,94,0.03333333333333333,3.1333333333333333,16.873598098754883,frame_id_exact,1,,0.8627151846885681,11.146913528442383,1.757478952407837,0.02721081031447591,-0.0008438658304542484,-0.04818931573966815,0.9984671499558874,0.11640610545873642,1.2492971420288086,0.09555452316999435,1.2580414018022403,0.004502630253163536,0.02712849129461975,-0.096426223653016,-0.0020463578402996063,depth/002973.png,1.0,0.000937396038195374,-0.0544195310792614,-0.9985177193849796,1.2580414018022403,0.004502630253163536,0.02712849129461975,-0.0020463578402996063,0.9998354070613129,-3.9304631810844516e-05,0.01814269113678229,4.5,0.9,1.3999999995999999,0.0,0.24252104759216309,0.00107056879444678,1.3999999995999999,0.0,0.24252104759216309,0.00107056879444678,direct,SAFE_PROGRESSING,NONE,DIRECT_LOCAL,PASS_THROUGH,0,6,0,0,0,0,1,1.3999999995999999,13.36522397363661,inf,0.0,0,0,0,CLEAR,none,nan,0.0,0.0,0,0,0,0,0.0,0,0,1,0,2.0,2.0,"0.855,11.061;0.868,11.204;0.884,11.367;0.901,11.549;0.921,11.751;0.941,11.960;0.961,12.169;0.982,12.378;1.002,12.588;1.022,12.797;1.043,13.006;1.063,13.215;1.083,13.424;1.103,13.633;1.124,13.842;1.144,14.047",2.1500000000000004,24.450000000000003,2.0,2.1500000000000004,24.450000000000003,2.0,2.1500000000000004,24.450000000000003,2.0,3.8823414357491557,0.0,0.0,0,0,9,1,,,0,1,PASS_THROUGH,-1,0.999835695384152,0.00037980497259565497,0.018122858049225997,0.9,0,0.9998354070613129,-3.9304631810844516e-05,0.01814269113678229,4.5,0.9,0,0,0,BYPASS_VISIBLE,1,0,1,1,1
1787562512174044928,1787562512190610432,joint_v2_000008_af4e508d,2974,95,0.03333333333333333,3.1666666666666665,16.565561294555664,frame_id_exact,1,,0.8665828704833984,11.188336372375488,1.7611300945281982,-0.0033105417929392184,0.0014719294959919893,-0.04820435876620462,0.9988309233962148,0.11609765887260437,1.2397209405899048,0.12179356813430786,1.2442882499386005,0.004153898974657847,0.13019157560974157,-0.0964555807172618,-0.002301280852407217,depth/002974.png,1.0,0.0026212523067168946,0.006755249866973193,-0.999973747473192,1.2442882499386005,0.004153898974657847,0.13019157560974157,-0.002301280852407217,0.999839326515248,-2.0456765006290447e-05,0.01792542147498859,4.5,0.9,1.4666666661999999,0.0,0.23886990547180176,0.0023810828182330157,1.4666666661999999,0.0,0.23886990547180176,0.0023810828182330157,direct,SAFE_PROGRESSING,NONE,DIRECT_LOCAL,PASS_THROUGH,0,6,0,0,0,0,1,1.4666666661999999,13.323621193226549,inf,0.0,0,0,0,CLEAR,none,nan,0.0,0.0,0,0,0,0,0.0011722746506451682,0,0,1,0,2.0,2.0,"0.867,11.188;0.894,11.476;0.929,11.843;0.970,12.261;1.010,12.679;1.051,13.098;1.092,13.516;1.132,13.934;1.156,14.174",2.1500000000000004,24.450000000000003,2.0,2.1500000000000004,24.450000000000003,2.0,2.1500000000000004,24.450000000000003,2.0,3.8823414357491557,0.0,0.0,0,0,9,1,,,0,1,PASS_THROUGH,-1,0.999835695384152,0.00037980497259565497,0.018122858049225997,0.9,0,0.999839326515248,-2.0456765006290447e-05,0.01792542147498859,4.5,0.9,0,0,0,BYPASS_VISIBLE,1,0,1,1,1
1787562512216306944,1787562512233186048,joint_v2_000008_af4e508d,2975,96,0.03333333333333333,3.2,16.87908172607422,frame_id_exact,1,,0.8704847693443298,11.22981071472168,1.765449047088623,-0.03800603230128145,0.003742605502900989,-0.04816373055127949,0.998109106997901,0.11844296753406525,1.2525720596313477,0.1351100504398346,1.2441969453566595,0.0034099115899865902,0.23061344393888306,-0.09658057676150612,-0.0024567749351263046,depth/002975.png,1.0,0.003810032674527584,0.07622884960753373,-0.9970830688255272,1.2441969453566595,0.0034099115899865902,0.23061344393888306,-0.0024567749351263046,0.9998441053779294,9.613956632102344e-05,0.017656604945229228,4.5,0.9,1.5333333327999998,0.0,0.23455095291137695,0.0023765911753870217,1.5333333327999998,0.0,0.23455095291137695,0.0023765911753870217,direct,SAFE_PROGRESSING,NONE,DIRECT_LOCAL,PASS_THROUGH,0,6,0,0,0,0,1,1.5333333327999998,13.281963859462484,inf,0.0,0,0,0,CLEAR,none,nan,0.0,0.0,0,0,0,0,0.0,0,0,1,0,2.0,2.0,"0.867,11.188;0.894,11.476;0.929,11.843;0.970,12.261;1.010,12.679;1.051,13.098;1.092,13.516;1.132,13.934;1.156,14.174",2.1500000000000004,24.450000000000003,2.0,2.1500000000000004,24.450000000000003,2.0,2.1500000000000004,24.450000000000003,2.0,3.8823414357491557,0.0,0.0,0,0,9,1,,,1,1,PASS_THROUGH,-1,0.9999999953771508,9.615455585471703e-05,0.0,0.9,0,0.9998441053779294,9.613956632102344e-05,0.017656604945229228,4.5,0.9,0,0,0,BYPASS_VISIBLE,1,0,1,1,1
1787562512258694656,1787562512276361472,joint_v2_000008_af4e508d,2976,97,0.03333333333333333,3.2333333333333334,17.66681671142578,frame_id_exact,1,,0.8745062947273254,11.272092819213867,1.7699551582336426,-0.074117739525081,0.005718330872128072,-0.048044479985374984,0.9960750922107551,0.12320991605520248,1.2879996299743652,0.13256824016571045,1.2599436034190423,0.0023015693012510678,0.3228542821634182,-0.09671104576163368,-0.0024977223947644234,depth/002976.png,1.0,0.004269877395145173,0.14820313693006695,-0.9889477227594582,1.2599436034190423,0.0023015693012510678,0.3228542821634182,-0.0024977223947644234,0.9998490529775781,0.00022127148037402096,0.017373033666354464,4.5,0.9,1.5999999993999998,0.0,0.23004484176635742,0.002179999928038634,1.5999999993999998,0.0,0.23004484176635742,0.002179999928038634,direct,SAFE_PROGRESSING,NONE,DIRECT_LOCAL,PASS_THROUGH,0,6,0,0,0,0,1,1.5999999993999998,13.239490996922994,inf,0.0,0,0,0,CLEAR,none,nan,0.0,0.0,0,0,0,0,0.0,0,0,1,0,2.0,2.0,"0.867,11.188;0.894,11.476;0.929,11.843;0.970,12.261;1.010,12.679;1.051,13.098;1.092,13.516;1.132,13.934;1.156,14.174",2.1500000000000004,24.450000000000003,2.0,2.1500000000000004,24.450000000000003,2.0,2.1500000000000004,24.450000000000003,2.0,3.8823414357491557,0.0,0.0,0,0,9,1,,,0,1,PASS_THROUGH,-1,0.9998441053779294,9.613956632102344e-05,0.017656604945229228,0.9,0,0.9998490529775781,0.00022127148037402096,0.017373033666354464,4.5,0.9,0,0,0,BYPASS_VISIBLE,1,0,1,1,1
1787562512301375488,1787562512321261824,joint_v2_000008_af4e508d,2977,98,0.03333333333333333,3.2666666666666666,19.886493682861328,frame_id_exact,1,,0.8787201642990112,11.315899848937988,1.7740814685821533,-0.10759341918412019,0.007157018948084008,-0.047851366779818987,0.9930169585285794,0.12988464534282684,1.3435384035110474,0.11215019971132278,1.294381074485628,0.0009143665210958178,0.3988983931371892,-0.09672603096938037,-0.002524664858356118,depth/002977.png,1.0,0.0039170980469672954,0.21436912602928082,-0.9767448664560939,1.294381074485628,0.0009143665210958178,0.3988983931371892,-0.002524664858356118,0.9998534421478488,0.00023427747293630296,0.017118391839309906,4.5,0.9,1.6666666659999998,0.0,0.22591853141784668,0.0006851162117982312,1.6666666659999998,0.0,0.22591853141784668,0.0006851162117982312,direct,SAFE_PROGRESSING,NONE,DIRECT_LOCAL,PASS_THROUGH,0,6,0,0,0,0,1,1.6666666659999998,13.195481772136521,inf,0.0,0,0,0,CLEAR,none,nan,0.0,0.0,0,0,0,0,0.013425077739148368,0,0,1,0,2.0,2.0,"0.879,11.316;0.893,11.460;0.909,11.624;0.926,11.809;0.946,12.013;0.966,12.222;0.987,12.431;1.007,12.640;1.027,12.849;1.047,13.058;1.068,13.267;1.088,13.476;1.108,13.685;1.128,13.894;1.148,14.103;1.168,14.302",2.1500000000000004,24.450000000000003,2.0,2.1500000000000004,24.450000000000003,2.0,2.1500000000000004,24.450000000000003,2.0,3.8823414357491557,0.0,0.0,0,0,9,1,,,0,1,PASS_THROUGH,-1,0.9998441053779294,9.613956632102344e-05,0.017656604945229228,0.9,0,0.9998534421478488,0.00023427747293630296,0.017118391839309906,4.5,0.9,0,0,0,BYPASS_VISIBLE,1,0,1,1,1
1787562512346772480,1787562512363392000,joint_v2_000008_af4e508d,2978,99,0.03333333333333333,3.3,16.61968231201172,frame_id_exact,1,,0.8831785917282104,11.36182975769043,1.7772289514541626,-0.13408956651339232,0.00788253506005204,-0.04762472154488612,0.9897927761360201,0.13776831328868866,1.414453387260437,0.0741477981209755,1.3501329127621717,-0.0005754659193197426,0.44977458305292495,-0.09654142382291142,-0.0026774697471410036,depth/002978.png,1.0,0.0028321959856072443,0.26619257565493776,-0.9639157075865552,1.3501329127621717,-0.0005754659193197426,0.44977458305292495,-0.0026774697471410036,0.9998565203635977,5.06636982233364e-05,0.016939188870424435,4.5,0.9,1.7333333325999998,0.0,0.2227710485458374,0.0002892287506767177,1.7333333325999998,0.0,0.2227710485458374,0.0002892287506767177,direct,SAFE_PROGRESSING,NONE,DIRECT_LOCAL,PASS_THROUGH,0,6,0,0,0,0,1,1.7333333325999998,13.149335982175433,inf,0.0,0,0,0,CLEAR,none,nan,0.0,0.0,0,0,0,0,0.0,0,0,1,0,2.0,2.0,"0.879,11.316;0.893,11.460;0.909,11.624;0.926,11.809;0.946,12.013;0.966,12.222;0.987,12.431;1.007,12.640;1.027,12.849;1.047,13.058;1.068,13.267;1.088,13.476;1.108,13.685;1.128,13.894;1.148,14.103;1.168,14.302",2.1500000000000004,24.450000000000003,2.0,2.1500000000000004,24.450000000000003,2.0,2.1500000000000004,24.450000000000003,2.0,3.8823414357491557,0.0,0.0,0,0,9,1,,,0,1,PASS_THROUGH,-1,0.9998441053779294,9.613956632102344e-05,0.017656604945229228,0.9,0,0.9998565203635977,5.06636982233364e-05,0.016939188870424435,4.5,0.9,0,0,0,BYPASS_VISIBLE,1,0,1,1,1
1787562512387880448,1787562512403367168,joint_v2_000008_af4e508d,2979,100,0.03333333333333333,3.3333333333333335,15.486717224121094,frame_id_exact,1,,0.8879099488258362,11.410301208496094,1.7788636684417725,-0.15005623781375219,0.007837145627539106,-0.04742664484817558,0.9875081862952025,0.14614373445510864,1.4949945211410522,0.02231045439839363,1.4276606966648262,-0.0018905537913969748,0.46759568725831663,-0.09616866573129791,-0.0029391960706561804,depth/002979.png,1.0,0.0012451631326726373,0.2971069055360815,-0.9548434092831908,1.4276606966648262,-0.0018905537913969748,0.46759568725831663,-0.0029391960706561804,0.9998575154000048,-0.00031902227325000517,0.016877414580394687,4.5,0.9,1.7999999991999998,0.0,0.22113633155822754,-0.0005124383857907366,1.7999999991999998,0.0,0.22113633155822754,-0.0005124383857907366,direct,SAFE_PROGRESSING,NONE,DIRECT_LOCAL,PASS_THROUGH,0,6,0,0,0,0,1,1.7999999991999998,13.100634178177074,inf,0.0,0,0,0,CLEAR,none,nan,0.0,0.0,0,0,0,0,0.0,0,0,1,0,2.0,2.0,"0.879,11.316;0.893,11.460;0.909,11.624;0.926,11.809;0.946,12.013;0.966,12.222;0.987,12.431;1.007,12.640;1.027,12.849;1.047,13.058;1.068,13.267;1.088,13.476;1.108,13.685;1.128,13.894;1.148,14.103;1.168,14.302",2.1500000000000004,24.450000000000003,2.0,2.1500000000000004,24.450000000000003,2.0,2.1500000000000004,24.450000000000003,2.0,3.8823414357491557,0.0,0.0,0,0,9,1,,,0,1,PASS_THROUGH,-1,0.9998441053779294,9.613956632102344e-05,0.017656604945229228,0.9,0,0.9998575154000048,-0.00031902227325000517,0.016877414580394687,4.5,0.9,0,0,0,BYPASS_VISIBLE,1,0,1,1,1
1787562512427027456,1787562512442509312,joint_v2_000008_af4e508d,2980,101,0.03333333333333333,3.3666666666666667,15.481948852539062,frame_id_exact,1,,0.8929201364517212,11.461540222167969,1.778633713722229,-0.15372776783178335,0.007110360245726441,-0.04731014795638265,0.9869543890550255,0.15441015362739563,1.5796658992767334,-0.03641199693083763,1.5230881751272156,-0.002712846643224956,0.44800416700320655,-0.09571814248823597,-0.0031433997210115194,depth/002980.png,1.0,-0.0005105643776880595,0.3041173747529181,-0.9526344323492666,1.5230881751272156,-0.002712846643224956,0.44800416700320655,-0.0031433997210115194,0.9998558486461144,-0.0007656019451114155,0.016961597266172346,4.5,0.9,1.7333333325999998,0.0,0.221366286277771,-0.002858710740420989,1.7333333325999998,0.0,0.221366286277771,-0.002858710740420989,direct,SAFE_PROGRESSING,NONE,DIRECT_LOCAL,PASS_THROUGH,0,6,0,0,0,0,1,1.7333333325999998,13.049150822321701,inf,0.0,0,0,0,CLEAR,none,nan,0.0,0.0,0,0,0,0,0.04387207588797367,0,0,1,0,2.0,1.0,"0.893,11.462;0.914,11.681;0.936,11.899;0.957,12.118;0.978,12.337;0.999,12.556;1.020,12.775;1.041,12.994;1.063,13.213;1.084,13.432;1.105,13.651;1.126,13.870;1.137,13.980",2.1500000000000004,24.450000000000003,2.0,2.1500000000000004,24.450000000000003,2.0,2.1500000000000004,24.450000000000003,2.0,3.8823414357491557,0.0,0.0,0,0,9,1,,,0,1,PASS_THROUGH,-1,0.9998441053779294,9.613956632102344e-05,0.017656604945229228,0.9,0,0.9998558486461144,-0.0007656019451114155,0.016961597266172346,4.5,0.9,0,0,0,BYPASS_VISIBLE,1,0,1,1,1
1787562512465231872,1787562512481925888,joint_v2_000008_af4e508d,2981,102,0.03333333333333333,3.4,16.694068908691406,frame_id_exact,1,,0.8981974124908447,11.515602111816406,1.7764500379562378,-0.14299764294311287,0.005797093078276094,-0.04731238828139967,0.9885745322127543,0.1620878279209137,1.6633727550506592,-0.09339029341936111,1.6292483868972354,-0.002802292936842687,0.38385540774743176,-0.09534618741880525,-0.0033231161069124937,depth/002981.png,1.0,-0.0020694028563978464,0.28327620459727415,-0.9590361356491116,1.6292483868972354,-0.002802292936842687,0.38385540774743176,-0.0033231161069124937,0.9998514182675357,-0.001134057737974643,0.017200444803674955,4.5,0.9,1.6666666659999998,0.0,0.2235499620437622,-0.0036777226045547895,1.6666666659999998,0.0,0.2235499620437622,-0.0036777226045547895,direct,SAFE_PROGRESSING,NONE,DIRECT_LOCAL,PASS_THROUGH,0,6,0,0,0,0,1,1.6666666659999998,12.994831989985208,inf,0.0,0,0,0,CLEAR,none,nan,0.0,0.0,0,0,0,0,0.0,0,0,1,0,2.0,1.0,"0.893,11.462;0.914,11.681;0.936,11.899;0.957,12.118;0.978,12.337;0.999,12.556;1.020,12.775;1.041,12.994;1.063,13.213;1.084,13.432;1.105,13.651;1.126,13.870;1.137,13.980",2.1500000000000004,24.450000000000003,2.0,2.1500000000000004,24.450000000000003,2.0,2.1500000000000004,24.450000000000003,2.0,3.8823414357491557,0.0,0.0,0,0,9,1,,,1,1,PASS_THROUGH,-1,0.9999993567660124,-0.0011342255337049544,0.0,0.9,0,0.9998514182675357,-0.001134057737974643,0.017200444803674955,4.5,0.9,0,0,0,BYPASS_VISIBLE,1,0,1,1,1
1787562512508348672,1787562512527188224,joint_v2_000008_af4e508d,2982,103,0.03333333333333333,3.433333333333333,18.839597702026367,frame_id_exact,1,,0.9037131667137146,11.572346687316895,1.772557020187378,-0.11348214828538936,0.003852031607228507,-0.04744124691471184,0.9923992603605705,0.1685890257358551,1.7392022609710693,-0.13716353476047516,1.7332498400371363,-0.0021108124492414384,0.26057846402854934,-0.09517969665371519,-0.003475556615740061,depth/002982.png,1.0,-0.0031219625986399777,0.22560469041030157,-0.9742139277460596,1.7332498400371363,-0.0021108124492414384,0.26057846402854934,-0.003475556615740061,0.9998446694947212,-0.0012986719268839888,0.017576983080680453,4.5,0.9,1.5999999993999998,0.0,0.22744297981262207,-0.003950132237858228,1.5999999993999998,0.0,0.22744297981262207,-0.003950132237858228,direct,SAFE_PROGRESSING,NONE,DIRECT_LOCAL,PASS_THROUGH,0,6,0,0,0,0,1,1.5999999993999998,12.937819975269441,inf,0.0,0,0,0,CLEAR,none,nan,0.0,0.0,0,0,0,0,0.0,0,0,1,0,2.0,1.0,"0.893,11.462;0.914,11.681;0.936,11.899;0.957,12.118;0.978,12.337;0.999,12.556;1.020,12.775;1.041,12.994;1.063,13.213;1.084,13.432;1.105,13.651;1.126,13.870;1.137,13.980",2.1500000000000004,24.450000000000003,2.0,2.1500000000000004,24.450000000000003,2.0,2.1500000000000004,24.450000000000003,2.0,3.8823414357491557,0.0,0.0,0,0,9,1,,,0,1,PASS_THROUGH,-1,0.9998514182675357,-0.001134057737974643,0.017200444803674955,0.9,0,0.9998446694947212,-0.0012986719268839888,0.017576983080680453,4.5,0.9,0,0,0,BYPASS_VISIBLE,1,0,1,1,1
1787562512551985664,1787562512567592448,joint_v2_000008_af4e508d,2983,104,0.03333333333333333,3.466666666666667,15.60664176940918,frame_id_exact,1,,0.9094142913818359,11.631348609924316,1.767575740814209,-0.06734074019103366,0.0014661757774983822,-0.04760353628930873,0.9965926842857445,0.1730598509311676,1.7968599796295166,-0.15734191238880157,1.8099465583755183,-0.0008801112162499552,0.08662942353226841,-0.09522456379088495,-0.003510007867589593,depth/002983.png,1.0,-0.003488954631401861,0.1343621683612036,-0.9909261500782264,1.8099465583755183,-0.0008801112162499552,0.08662942353226841,-0.003510007867589593,0.9998363983834803,-0.0012544986688526531,0.01804446454290114,4.5,0.9,1.5333333327999998,0.0,0.23242425918579102,-0.002623290039929227,1.5333333327999998,0.0,0.23242425918579102,-0.002623290039929227,direct,SAFE_PROGRESSING,NONE,DIRECT_LOCAL,PASS_THROUGH,0,6,0,0,0,0,1,1.5333333327999998,12.878543254604418,inf,0.0,0,0,0,CLEAR,none,nan,0.0,0.0,0,0,0,0,0.07188920260135546,0,0,1,0,2.0,1.0,"0.909,11.631;0.931,11.850;0.952,12.069;0.973,12.288;0.994,12.507;1.015,12.726;1.036,12.945;1.058,13.164;1.079,13.383;1.100,13.602;1.121,13.821;1.143,14.040;1.153,14.150",2.1500000000000004,24.450000000000003,2.0,2.1500000000000004,24.450000000000003,2.0,2.1500000000000004,24.450000000000003,2.0,3.8823414357491557,0.0,0.0,0,0,9,1,,,0,1,PASS_THROUGH,-1,0.9998514182675357,-0.001134057737974643,0.017200444803674955,0.9,0,0.9998363983834803,-0.0012544986688526531,0.01804446454290114,4.5,0.9,0,0,0,BYPASS_VISIBLE,1,0,1,1,1
1787562512591612928,1787562512607140352,joint_v2_000008_af4e508d,2984,105,0.03333333333333333,3.5,15.527486801147461,frame_id_exact,1,,0.915217936038971,11.691810607910156,1.7624108791351318,-0.01202949147652236,-0.0009968683694685117,-0.04767837057302339,0.998789802995491,0.17460688948631287,1.8249856233596802,-0.1484578400850296,1.836347519596044,0.00042353009237507176,-0.10453434604969333,-0.09536229723312788,-0.003392621176317334,depth/002984.png,1.0,-0.003138417029553101,0.02393480872487932,-0.9997085951765404,1.836347519596044,0.00042353009237507176,-0.10453434604969333,-0.003392621176317334,0.9998276271793535,-0.0011204929854274647,0.018532685298509693,4.5,0.9,1.4666666661999999,0.0,0.23758912086486816,-0.0024832128890722727,1.4666666661999999,0.0,0.23758912086486816,-0.0024832128890722727,direct,SAFE_PROGRESSING,NONE,DIRECT_LOCAL,PASS_THROUGH,0,6,0,0,0,0,1,1.4666666661999999,12.81780337303993,inf,0.0,0,0,0,CLEAR,none,nan,0.0,0.0,0,0,0,0,0.0,0,0,1,0,2.0,1.0,"0.909,11.631;0.931,11.850;0.952,12.069;0.973,12.288;0.994,12.507;1.015,12.726;1.036,12.945;1.058,13.164;1.079,13.383;1.100,13.602;1.121,13.821;1.143,14.040;1.153,14.150",2.1500000000000004,24.450000000000003,2.0,2.1500000000000004,24.450000000000003,2.0,2.1500000000000004,24.450000000000003,2.0,3.8823414357491557,0.0,0.0,0,0,9,1,,,0,1,PASS_THROUGH,-1,0.9998514182675357,-0.001134057737974643,0.017200444803674955,0.9,0,0.9998276271793535,-0.0011204929854274647,0.018532685298509693,4.5,0.9,0,0,0,BYPASS_VISIBLE,1,0,1,1,1
1787562512634796544,1787562512650347264,joint_v2_000008_af4e508d,2985,106,0.03333333333333333,3.533333333333333,15.550613403320312,frame_id_exact,1,,0.9210157990455627,11.752586364746094,1.757873773574829,0.04363442507186811,-0.0031786371082619773,-0.04760688763261022,0.9979075695998691,0.17268016934394836,1.815011978149414,-0.12196022272109985,1.8055746612395227,0.0013290848008468015,-0.28081950405920764,-0.09543698229376142,-0.003203896339982748,depth/002985.png,1.0,-0.0021893737200713807,-0.08738889618798676,-0.996171866429563,1.8055746612395227,0.0013290848008468015,-0.28081950405920764,-0.003203896339982748,0.9998193700182955,-0.0010523827056090182,0.0189768234133006,4.5,0.9,1.3999999995999999,0.0,0.2421262264251709,-0.002619757052409466,1.3999999995999999,0.0,0.2421262264251709,-0.002619757052409466,direct,SAFE_PROGRESSING,NONE,DIRECT_LOCAL,PASS_THROUGH,0,6,0,0,0,0,1,1.3999999995999999,12.75675174920824,inf,0.0,0,0,0,CLEAR,none,nan,0.0,0.0,0,0,0,0,0.0,0,0,1,0,2.0,1.0,"0.909,11.631;0.931,11.850;0.952,12.069;0.973,12.288;0.994,12.507;1.015,12.726;1.036,12.945;1.058,13.164;1.079,13.383;1.100,13.602;1.121,13.821;1.143,14.040;1.153,14.150",2.1500000000000004,24.450000000000003,2.0,2.1500000000000004,24.450000000000003,2.0,2.1500000000000004,24.450000000000003,2.0,3.8823414357491557,0.0,0.0,0,0,9,1,,,0,1,PASS_THROUGH,-1,0.9998514182675357,-0.001134057737974643,0.017200444803674955,0.9,0,0.9998193700182955,-0.0010523827056090182,0.0189768234133006,4.5,0.9,0,0,0,BYPASS_VISIBLE,1,0,1,1,1
1787562512674848512,1787562512692589056,joint_v2_000008_af4e508d,2986,107,0.03333333333333333,3.566666666666667,17.740488052368164,frame_id_exact,1,,0.926693320274353,11.812379837036133,1.7543480396270752,0.09257140396027998,-0.004853511656323249,-0.047414874496878,0.9945646325251416,0.1674664318561554,1.7665678262710571,-0.08930880576372147,1.7275055364848002,0.001572713920570015,-0.41533733444864895,-0.09535739270012565,-0.0030490963254123926,depth/002986.png,1.0,-0.0008757390723023069,-0.184596746016292,-0.9828139571868492,1.7275055364848002,0.001572713920570015,-0.41533733444864895,-0.0030490963254123926,0.9998122348800984,-0.0011405635712801838,0.019344097259958733,4.5,0.9,1.333333333,0.0,0.2456519603729248,-0.000685789032034978,1.333333333,0.0,0.2456519603729248,-0.000685789032034978,direct,SAFE_PROGRESSING,NONE,DIRECT_LOCAL,PASS_THROUGH,0,6,0,0,0,0,1,1.333333333,12.696689435282424,inf,0.0,0,0,0,CLEAR,none,nan,0.0,0.0,0,0,0,0,0.06536172320450888,0,0,1,0,2.0,1.0,"0.927,11.812;0.948,12.031;0.969,12.250;0.990,12.469;1.011,12.688;1.032,12.907;1.053,13.126;1.075,13.345;1.096,13.564;1.117,13.783;1.138,14.002;1.160,14.221;1.170,14.331",2.1500000000000004,24.450000000000003,2.0,2.1500000000000004,24.450000000000003,2.0,2.1500000000000004,24.450000000000003,2.0,3.8823414357491557,0.0,0.0,0,0,9,1,,,0,1,PASS_THROUGH,-1,0.9998514182675357,-0.001134057737974643,0.017200444803674955,0.9,0,0.9998122348800984,-0.0011405635712801838,0.019344097259958733,4.5,0.9,0,0,0,BYPASS_VISIBLE,1,0,1,1,1
1787562512720867840,1787562512737644288,joint_v2_000008_af4e508d,2987,108,0.03333333333333333,3.6,16.776323318481445,frame_id_exact,1,,0.9321512579917908,11.8699951171875,1.7519108057022095,0.1301419034048262,-0.00593946711712588,-0.047180095797170744,0.9903544043770913,0.1596495509147644,1.6856105327606201,-0.05741657689213753,1.6208480510666101,0.0011690635065067607,-0.49286685748478554,-0.09513945218786188,-0.002845908049494028,depth/002987.png,1.0,0.0005158601015346435,-0.2583336637171155,-0.966055615417067,1.6208480510666101,0.0011690635065067607,-0.49286685748478554,-0.002845908049494028,0.9998064682614144,-0.001367837571871732,0.019625367334506427,4.5,0.9,1.2666666664,0.0,0.24808919429779053,-0.0017848146685572885,1.2666666664,0.0,0.24808919429779053,-0.0017848146685572885,direct,SAFE_PROGRESSING,NONE,DIRECT_LOCAL,PASS_THROUGH,0,6,0,0,0,0,1,1.2666666664,12.638816337378964,inf,0.0,0,0,0,CLEAR,none,nan,0.0,0.0,0,0,0,0,0.0,0,0,1,0,2.0,1.0,"0.927,11.812;0.948,12.031;0.969,12.250;0.990,12.469;1.011,12.688;1.032,12.907;1.053,13.126;1.075,13.345;1.096,13.564;1.117,13.783;1.138,14.002;1.160,14.221;1.170,14.331",2.1500000000000004,24.450000000000003,2.0,2.1500000000000004,24.450000000000003,2.0,2.1500000000000004,24.450000000000003,2.0,3.8823414357491557,0.0,0.0,0,0,9,1,,,1,1,PASS_THROUGH,-1,0.999999064149303,-0.0013681010627572124,0.0,0.9,0,0.9998064682614144,-0.001367837571871732,0.019625367334506427,4.5,0.9,0,0,0,BYPASS_VISIBLE,1,0,1,1,1
1787562512767316992,1787562512787337728,joint_v2_000008_af4e508d,2988,109,0.03333333333333333,3.6333333333333333,20.020723342895508,frame_id_exact,1,,0.9373177289962769,11.924497604370117,1.750482439994812,0.15329908805253223,-0.006435974428805358,-0.04699325606313706,0.9870408308271742,0.1501339077949524,1.581671118736267,-0.028856724500656128,1.505226056511491,0.00034283273251430415,-0.5092649898900452,-0.09488423039112728,-0.00255727581679821,depth/002988.png,1.0,0.0017029075034151082,-0.30322981326153636,-0.9529159356708274,1.505226056511491,0.00034283273251430415,-0.5092649898900452,-0.00255727581679821,0.9998021506978355,-0.0016316882596409544,0.019824153283462966,4.5,0.9,1.1999999998,0.0,0.249517560005188,-0.002730447649649248,1.1999999998,0.0,0.249517560005188,-0.002730447649649248,direct,SAFE_PROGRESSING,NONE,DIRECT_LOCAL,PASS_THROUGH,0,6,0,0,0,0,1,1.1999999998,12.584069633999041,inf,0.0,0,0,0,CLEAR,none,nan,0.0,0.0,0,0,0,0,0.0,0,0,1,0,2.0,1.0,"0.927,11.812;0.948,12.031;0.969,12.250;0.990,12.469;1.011,12.688;1.032,12.907;1.053,13.126;1.075,13.345;1.096,13.564;1.117,13.783;1.138,14.002;1.160,14.221;1.170,14.331",2.1500000000000004,24.450000000000003,2.0,2.1500000000000004,24.450000000000003,2.0,2.1500000000000004,24.450000000000003,2.0,3.8823414357491557,0.0,0.0,0,0,9,1,,,0,1,PASS_THROUGH,-1,0.9998064682614144,-0.001367837571871732,0.019625367334506427,0.9,0,0.9998021506978355,-0.0016316882596409544,0.019824153283462966,4.5,0.9,0,0,0,BYPASS_VISIBLE,1,0,1,1,1
1787562512818793728,1787562512837652480,joint_v2_000008_af4e508d,2989,110,0.03333333333333333,3.6666666666666665,18.858671188354492,frame_id_exact,1,,0.9421520829200745,11.975309371948242,1.7499611377716064,0.16046872083112854,-0.0063896900481254515,-0.0469246661249266,0.9859041724249749,0.13988427817821503,1.4660485982894897,-0.0025627478025853634,1.3959339336907983,-0.0006084504709528154,-0.46929815050016527,-0.09471899336065738,-0.0021826615557074547,depth/002989.png,1.0,0.00246063813909108,-0.31701323096651635,-0.9484179229918205,1.3959339336907983,-0.0006084504709528154,-0.46929815050016527,-0.0021826615557074547,0.9997994233752063,-0.0018036446581883854,0.019946425357739495,4.5,0.9,1.2666666664,0.0,0.25003886222839355,-0.003231139232705571,1.2666666664,0.0,0.25003886222839355,-0.003231139232705571,direct,SAFE_PROGRESSING,NONE,DIRECT_LOCAL,PASS_THROUGH,0,6,0,0,0,0,1,1.2666666664,12.533028479038766,inf,0.0,0,0,0,CLEAR,none,nan,0.0,0.0,0,0,0,0,0.1033618465201126,0,0,1,0,2.0,2.0,"0.942,11.975;0.957,12.132;0.974,12.308;0.993,12.505;1.013,12.714;1.034,12.923;1.054,13.132;1.074,13.341;1.094,13.550;1.115,13.759;1.135,13.968;1.155,14.177;1.175,14.386;1.196,14.595;1.216,14.804;1.231,14.961",2.1500000000000004,24.450000000000003,2.0,2.1500000000000004,24.450000000000003,2.0,2.1500000000000004,24.450000000000003,2.0,3.8823414357491557,0.0,0.0,0,0,9,1,,,0,1,PASS_THROUGH,-1,0.9998064682614144,-0.001367837571871732,0.019625367334506427,0.9,0,0.9997994233752063,-0.0018036446581883854,0.019946425357739495,4.5,0.9,0,0,0,BYPASS_VISIBLE,1,0,1,1,1
1787562512865537024,1787562512881574144,joint_v2_000008_af4e508d,2990,111,0.03333333333333333,3.7,16.0372257232666,frame_id_exact,1,,0.9466456174850464,12.022233963012695,1.750319480895996,0.15050503529927356,-0.00581429314791784,-0.047003062192883215,0.9874741214276183,0.12983939051628113,1.3505549430847168,0.024552486836910248,1.3025394692688188,-0.0014576295202730002,-0.38058974308717775,-0.09472068746880977,-0.001787452376447618,depth/002990.png,1.0,0.002665467033102097,-0.29778623417004413,-0.954628856689509,1.3025394692688188,-0.0014576295202730002,-0.38058974308717775,-0.001787452376447618,0.9997984886223799,-0.0018059252271920285,0.01999301834338205,4.5,0.9,1.333333333,0.0,0.2496805191040039,-0.003342394450649433,1.333333333,0.0,0.2496805191040039,-0.003342394450649433,direct,SAFE_PROGRESSING,NONE,DIRECT_LOCAL,PASS_THROUGH,0,6,0,0,0,0,1,1.333333333,12.485889253073372,inf,0.0,0,0,0,CLEAR,none,nan,0.0,0.0,0,0,0,0,0.0,0,0,1,0,2.0,2.0,"0.942,11.975;0.957,12.132;0.974,12.308;0.993,12.505;1.013,12.714;1.034,12.923;1.054,13.132;1.074,13.341;1.094,13.550;1.115,13.759;1.135,13.968;1.155,14.177;1.175,14.386;1.196,14.595;1.216,14.804;1.231,14.961",2.1500000000000004,24.450000000000003,2.0,2.1500000000000004,24.450000000000003,2.0,2.1500000000000004,24.450000000000003,2.0,3.8823414357491557,0.0,0.0,0,0,9,1,,,0,1,PASS_THROUGH,-1,0.9998064682614144,-0.001367837571871732,0.019625367334506427,0.9,0,0.9997984886223799,-0.0018059252271920285,0.01999301834338205,4.5,0.9,0,0,0,BYPASS_VISIBLE,1,0,1,1,1
1787562512907743488,1787562512927228160,joint_v2_000008_af4e508d,2991,112,0.03333333333333333,3.7333333333333334,19.484758377075195,frame_id_exact,1,,0.950822114944458,12.0654935836792,1.7516465187072754,0.12165963093857057,-0.004622758236955306,-0.047206029641972604,0.9914379229541377,0.1210649311542511,1.2486189603805542,0.05546628683805466,1.2306929299635165,-0.0021117190393934344,-0.24934511732399087,-0.09487100747966301,-0.0013790284283459187,depth/002991.png,1.0,0.0023197806391030192,-0.2416723877349295,-0.970355128612347,1.2306929299635165,-0.0021117190393934344,-0.24934511732399087,-0.0013790284283459187,0.9997994820574475,-0.0016566156917600982,0.01995623466762285,4.5,0.9,1.3999999995999999,0.0,0.2483534812927246,-0.003166126841823713,1.3999999995999999,0.0,0.2483534812927246,-0.003166126841823713,direct,SAFE_PROGRESSING,NONE,DIRECT_LOCAL,PASS_THROUGH,0,6,0,0,0,0,1,1.3999999995999999,12.442428491894074,inf,0.0,0,0,0,CLEAR,none,nan,0.0,0.0,0,0,0,0,0.0,0,0,1,0,2.0,2.0,"0.942,11.975;0.957,12.132;0.974,12.308;0.993,12.505;1.013,12.714;1.034,12.923;1.054,13.132;1.074,13.341;1.094,13.550;1.115,13.759;1.135,13.968;1.155,14.177;1.175,14.386;1.196,14.595;1.216,14.804;1.231,14.961",2.1500000000000004,24.450000000000003,2.0,2.1500000000000004,24.450000000000003,2.0,2.1500000000000004,24.450000000000003,2.0,3.8823414357491557,0.0,0.0,0,0,9,1,,,0,1,PASS_THROUGH,-1,0.9998064682614144,-0.001367837571871732,0.019625367334506427,0.9,0,0.9997994820574475,-0.0016566156917600982,0.01995623466762285,4.5,0.9,0,0,0,BYPASS_VISIBLE,1,0,1,1,1
1787562512956826624,1787562512974537984,joint_v2_000008_af4e508d,2992,113,0.03333333333333333,3.7666666666666666,17.711400985717773,frame_id_exact,1,,0.9547430872917175,12.105775833129883,1.7540568113327026,0.07733896142076649,-0.002920464427665166,-0.04743406982608166,0.9958715604703341,0.11466757208108902,1.1739174127578735,0.0890955701470375,1.1791221638738736,-0.002576289031842291,-0.0939843076218317,-0.09507147724053727,-0.0009670332656241953,depth/002992.png,1.0,0.0015201884588645258,-0.1543164034176803,-0.9880203118677678,1.1791221638738736,-0.002576289031842291,-0.0939843076218317,-0.0009670332656241953,0.9998023656346663,-0.0014545459166395108,0.019827101843229503,4.5,0.9,1.4666666661999999,0.0,0.24594318866729736,-0.004268078987631485,1.4666666661999999,0.0,0.24594318866729736,-0.004268078987631485,direct,SAFE_PROGRESSING,NONE,DIRECT_LOCAL,PASS_THROUGH,0,6,0,0,0,0,1,1.4666666661999999,12.401955868705437,inf,0.0,0,0,0,CLEAR,none,nan,0.0,0.0,0,0,0,0,0.08335575729666392,0,0,1,0,2.0,2.0,"0.955,12.106;0.981,12.380;1.016,12.735;1.056,13.151;1.097,13.569;1.137,13.987;1.177,14.405;1.218,14.823;1.244,15.092",2.1500000000000004,24.450000000000003,2.0,2.1500000000000004,24.450000000000003,2.0,2.1500000000000004,24.450000000000003,2.0,3.8823414357491557,0.0,0.0,0,0,9,1,,,0,1,PASS_THROUGH,-1,0.9998064682614144,-0.001367837571871732,0.019625367334506427,0.9,0,0.9998023656346663,-0.0014545459166395108,0.019827101843229503,4.5,0.9,0,0,0,BYPASS_VISIBLE,1,0,1,1,1
1787562513001639936,1787562513018270208,joint_v2_000008_af4e508d,2993,114,0.03333333333333333,3.8,16.63041114807129,frame_id_exact,1,,0.9585012793540955,12.144157409667969,1.7575926780700684,0.02422659145258844,-0.0009356960420547829,-0.0475775126276227,0.9985732707376432,0.11137530207633972,1.1354931592941284,0.12220173329114914,1.1455208504582992,-0.002872330486223022,0.06675452957358388,-0.09520838436055701,-0.000666519976221025,depth/002993.png,1.0,0.00043655980725774133,-0.0484730895117847,-0.9988243934790125,1.1455208504582992,-0.002872330486223022,0.06675452957358388,-0.000666519976221025,0.9998069769759574,-0.0013143062400432608,0.019603096421354382,4.5,0.9,1.5333333327999998,0.0,0.24240732192993164,-0.003783843421544253,1.5333333327999998,0.0,0.24240732192993164,-0.003783843421544253,direct,SAFE_PROGRESSING,NONE,DIRECT_LOCAL,PASS_THROUGH,0,6,0,0,0,0,1,1.5333333327999998,12.363390758983988,inf,0.0,0,0,0,CLEAR,none,nan,0.0,0.0,0,0,0,0,0.0,0,0,1,0,2.0,2.0,"0.955,12.106;0.981,12.380;1.016,12.735;1.056,13.151;1.097,13.569;1.137,13.987;1.177,14.405;1.218,14.823;1.244,15.092",2.1500000000000004,24.450000000000003,2.0,2.1500000000000004,24.450000000000003,2.0,2.1500000000000004,24.450000000000003,2.0,3.8823414357491557,0.0,0.0,0,0,9,1,,,1,1,PASS_THROUGH,-1,0.9999991359671488,-0.001314558844562945,0.0,0.9,0,0.9998069769759574,-0.0013143062400432608,0.019603096421354382,4.5,0.9,0,0,0,BYPASS_VISIBLE,1,0,1,1,1
1787562513044185856,1787562513066852608,joint_v2_000008_af4e508d,2994,115,0.03333333333333333,3.8333333333333335,22.66669273376465,frame_id_exact,1,,0.9622055292129517,12.181914329528809,1.7620667219161987,-0.03064585068311638,0.0011022754667159838,-0.04758072093101269,0.9983965604009204,0.11141452938318253,1.1362568140029907,0.14363068342208862,1.1307512616281596,-0.002981301378717549,0.213342949531064,-0.09522026777821518,-0.0004991312162019312,depth/002994.png,1.0,-0.0007152872689265757,0.06129831794790901,-0.9981192336494072,1.1307512616281596,-0.002981301378717549,0.213342949531064,-0.0004991312162019312,0.999812882326478,-0.001298518454846353,0.01930062651425862,4.5,0.9,1.5999999993999998,0.0,0.23793327808380127,-0.0035100330052889595,1.5999999993999998,0.0,0.23793327808380127,-0.0035100330052889595,direct,SAFE_PROGRESSING,NONE,DIRECT_LOCAL,PASS_THROUGH,0,6,0,0,0,0,1,1.5999999993999998,12.325452597079465,inf,0.0,0,0,0,CLEAR,none,nan,0.0,0.0,0,0,0,0,0.0,0,0,1,0,2.0,2.0,"0.955,12.106;0.981,12.380;1.016,12.735;1.056,13.151;1.097,13.569;1.137,13.987;1.177,14.405;1.218,14.823;1.244,15.092",2.1500000000000004,24.450000000000003,2.0,2.1500000000000004,24.450000000000003,2.0,2.1500000000000004,24.450000000000003,2.0,3.8823414357491557,0.0,0.0,0,0,9,1,,,0,1,PASS_THROUGH,-1,0.9998069769759574,-0.0013143062400432608,0.019603096421354382,0.9,0,0.999812882326478,-0.001298518454846353,0.01930062651425862,4.5,0.9,0,0,0,BYPASS_VISIBLE,1,0,1,1,1
1787562513095532544,1787562513110719488,joint_v2_000008_af4e508d,2995,116,0.03333333333333333,3.8666666666666667,15.186786651611328,frame_id_exact,1,,0.9659623503684998,12.220298767089844,1.7669298648834229,-0.08165604300981122,0.0030324501247448923,-0.047454830914263314,0.9955255566328368,0.11444275826215744,1.1720948219299316,0.1446027308702469,1.1383905443604978,-0.0028469633610230093,0.33447306259095394,-0.0951237590333744,-0.00040209523285739124,depth/002995.png,1.0,-0.00171218423152086,0.16286916415540578,-0.9866461897724416,1.1383905443604978,-0.0028469633610230093,0.33447306259095394,-0.00040209523285739124,0.9998191680729891,-0.0013917422831390678,0.018965605902616315,4.5,0.9,1.6666666659999998,0.0,0.23307013511657715,-0.004088478683336172,1.6666666659999998,0.0,0.23307013511657715,-0.004088478683336172,direct,SAFE_PROGRESSING,NONE,DIRECT_LOCAL,PASS_THROUGH,0,6,0,0,0,0,1,1.6666666659999998,12.286884772064447,inf,0.0,0,0,0,CLEAR,none,nan,0.0,0.0,0,0,0,0,0.0797553298005246,0,0,1,0,2.0,2.0,"0.966,12.220;0.993,12.495;1.027,12.848;1.067,13.264;1.108,13.682;1.148,14.100;1.188,14.518;1.229,14.936;1.255,15.206",2.1500000000000004,24.450000000000003,2.0,2.1500000000000004,24.450000000000003,2.0,2.1500000000000004,24.450000000000003,2.0,3.8823414357491557,0.0,0.0,0,0,9,1,,,0,1,PASS_THROUGH,-1,0.9998069769759574,-0.0013143062400432608,0.019603096421354382,0.9,0,0.9998191680729891,-0.0013917422831390678,0.018965605902616315,4.5,0.9,0,0,0,BYPASS_VISIBLE,1,0,1,1,1
1787562513135334912,1787562513150862592,joint_v2_000008_af4e508d,2996,117,0.03333333333333333,3.9,15.527725219726562,frame_id_exact,1,,0.9698612093925476,12.260354995727539,1.7714312076568604,-0.1250024258975956,0.004767143416509268,-0.04725748369167073,0.9910188686894383,0.11982645094394684,1.2351086139678955,0.1216525286436081,1.1718787929128778,-0.00241377761593108,0.4258465366391738,-0.09500102652133185,-0.00034696859074756503,depth/002996.png,1.0,-0.0023659420555311693,0.2482100917974642,-0.9687033357267251,1.1718787929128778,-0.00241377761593108,0.4258465366391738,-0.00034696859074756503,0.9998247323804721,-0.0015127749118451815,0.018660547483484103,4.5,0.9,1.7333333325999998,0.0,0.22856879234313965,-0.0043468050796180435,1.7333333325999998,0.0,0.22856879234313965,-0.0043468050796180435,direct,SAFE_PROGRESSING,NONE,DIRECT_LOCAL,PASS_THROUGH,0,6,0,0,0,0,1,1.7333333325999998,12.246639249005462,inf,0.0,0,0,0,CLEAR,none,nan,0.0,0.0,0,0,0,0,0.0,0,0,1,0,2.0,2.0,"0.966,12.220;0.993,12.495;1.027,12.848;1.067,13.264;1.108,13.682;1.148,14.100;1.188,14.518;1.229,14.936;1.255,15.206",2.1500000000000004,24.450000000000003,2.0,2.1500000000000004,24.450000000000003,2.0,2.1500000000000004,24.450000000000003,2.0,3.8823414357491557,0.0,0.0,0,0,9,1,,,0,1,PASS_THROUGH,-1,0.9998069769759574,-0.0013143062400432608,0.019603096421354382,0.9,0,0.9998247323804721,-0.0015127749118451815,0.018660547483484103,4.5,0.9,0,0,0,BYPASS_VISIBLE,1,0,1,1,1
1787562513174160384,1787562513193115392,joint_v2_000008_af4e508d,2997,118,0.03333333333333333,3.933333333333333,18.954992294311523,frame_id_exact,1,,0.9739692211151123,12.302842140197754,1.7747749090194702,-0.15766902278468628,0.0062272319314428375,-0.04706849833702251,0.9863499669493034,0.1268785297870636,1.3165298700332642,0.07561073452234268,1.2332098423247955,-0.0016722094227184868,0.48400075588230085,-0.09495866196879797,-0.00028463220223784447,depth/002997.png,1.0,-0.0025580282539533605,0.3116198837368273,-0.9502034016731882,1.2332098423247955,-0.0016722094227184868,0.48400075588230085,-0.00028463220223784447,0.9998285381657067,-0.0015555763883038176,0.018451949802829187,4.5,0.9,1.7999999991999998,0.0,0.22522509098052979,-0.004407706047263593,1.7999999991999998,0.0,0.22522509098052979,-0.004407706047263593,direct,SAFE_PROGRESSING,NONE,DIRECT_LOCAL,PASS_THROUGH,0,6,0,0,0,0,1,1.7999999991999998,12.203953968441546,inf,0.0,0,0,0,CLEAR,none,nan,0.0,0.0,0,0,0,0,0.0,0,0,1,0,2.0,2.0,"0.966,12.220;0.993,12.495;1.027,12.848;1.067,13.264;1.108,13.682;1.148,14.100;1.188,14.518;1.229,14.936;1.255,15.206",2.1500000000000004,24.450000000000003,2.0,2.1500000000000004,24.450000000000003,2.0,2.1500000000000004,24.450000000000003,2.0,3.8823414357491557,0.0,0.0,0,0,9,1,,,0,1,PASS_THROUGH,-1,0.9998069769759574,-0.0013143062400432608,0.019603096421354382,0.9,0,0.9998285381657067,-0.0015555763883038176,0.018451949802829187,4.5,0.9,0,0,0,BYPASS_VISIBLE,1,0,1,1,1
1787562513217219328,1787562513233079552,joint_v2_000008_af4e508d,2998,119,0.03333333333333333,3.966666666666667,15.86008071899414,frame_id_exact,1,,0.9783313274383545,12.348236083984375,1.7762633562088013,-0.17750004434204203,0.007330225222128146,-0.04696344673136798,0.9829722461635811,0.13498757779598236,1.4084506034851074,0.011477471329271793,1.321586480611622,-0.0006996987620854588,0.5054652961887026,-0.09507316426368127,-0.00015261804219335318,depth/002998.png,1.0,-0.0022612118515854124,0.3496437398455613,-0.936880004113532,1.321586480611622,-0.0006996987620854588,0.5054652961887026,-0.00015261804219335318,0.9998296857822366,-0.0014437734773597687,0.018398775685899982,4.5,0.9,1.8666666657999997,0.0,0.22373664379119873,-0.002756070912325881,1.8666666657999997,0.0,0.22373664379119873,-0.002756070912325881,direct,SAFE_PROGRESSING,NONE,DIRECT_LOCAL,PASS_THROUGH,0,6,0,0,0,0,1,1.8666666657999997,12.15835093083105,inf,0.0,0,0,0,CLEAR,none,nan,0.0,0.0,0,0,0,0,0.08273616047299014,0,0,1,0,2.0,2.0,"0.978,12.348;0.993,12.499;1.009,12.670;1.028,12.860;1.048,13.069;1.068,13.278;1.088,13.487;1.109,13.696;1.129,13.905;1.149,14.114;1.169,14.323;1.190,14.533;1.210,14.742;1.230,14.951;1.251,15.160;1.267,15.334",2.1500000000000004,24.450000000000003,2.0,2.1500000000000004,24.450000000000003,2.0,2.1500000000000004,24.450000000000003,2.0,3.8823414357491557,0.0,0.0,0,0,9,1,,,0,1,PASS_THROUGH,-1,0.9998069769759574,-0.0013143062400432608,0.019603096421354382,0.9,0,0.9998296857822366,-0.0014437734773597687,0.018398775685899982,4.5,0.9,0,0,0,BYPASS_VISIBLE,1,0,1,1,1
1787562513262231040,1787562513280032256,joint_v2_000008_af4e508d,2999,120,0.03333333333333333,4.0,17.80104637145996,frame_id_exact,1,,0.9829748868942261,12.396785736083984,1.7754274606704712,-0.18386995413380652,0.008011499254668606,-0.046984418258163956,0.9817943370622314,0.1437012106180191,1.504935622215271,-0.062266651540994644,1.4318951842035823,0.0003242198543750075,0.48891152285025125,-0.09534874310005764,9.392276115249842e-05,depth/002999.png,1.0,-0.0015467564610405285,0.36179779071263957,-0.9322553116930486,1.4318951842035823,0.0003242198543750075,0.48891152285025125,9.392276115249842e-05,0.9998273972585541,-0.001172916256788397,0.018541843453126785,4.5,0.9,1.9333333323999997,0.0,0.2245725393295288,-0.0022485206585959316,1.9333333323999997,0.0,0.2245725393295288,-0.0022485206585959316,direct,SAFE_PROGRESSING,NONE,DIRECT_LOCAL,PASS_THROUGH,0,6,0,0,0,0,1,1.9333333323999997,12.10957974937562,inf,0.0,0,0,0,CLEAR,none,nan,0.0,0.0,0,0,0,0,0.0,0,0,1,0,2.0,2.0,"0.978,12.348;0.993,12.499;1.009,12.670;1.028,12.860;1.048,13.069;1.068,13.278;1.088,13.487;1.109,13.696;1.129,13.905;1.149,14.114;1.169,14.323;1.190,14.533;1.210,14.742;1.230,14.951;1.251,15.160;1.267,15.334",2.1500000000000004,24.450000000000003,2.0,2.1500000000000004,24.450000000000003,2.0,2.1500000000000004,24.450000000000003,2.0,3.8823414357491557,0.0,0.0,0,0,9,1,,,1,1,PASS_THROUGH,-1,0.9999993118969209,-0.0011731179330723854,0.0,0.9,0,0.9998273972585541,-0.001172916256788397,0.018541843453126785,4.5,0.9,0,0,0,BYPASS_VISIBLE,1,0,1,1,1
1787562513310842624,1787562513330867456,joint_v2_000008_af4e508d,3000,121,0.03333333333333333,4.033333333333333,20.025014877319336,frame_id_exact,1,,0.987914502620697,12.448566436767578,1.7721136808395386,-0.17772694419009905,0.008232427296287231,-0.0471265140397802,0.9829162996532915,0.15270179510116577,1.601820945739746,-0.13560010492801666,1.5546941993289183,0.0011587239569874673,0.4364174295625547,-0.09571518180266493,0.00036935522803105414,depth/003000.png,1.0,-0.0005677287107810763,0.35015735186515834,-0.9366907208993215,1.5546941993289183,0.0011587239569874673,0.4364174295625547,0.00036935522803105414,0.9998211151573531,-0.0008126374202903216,0.018896489248799827,4.5,0.9,1.9999999989999997,0.0,0.22788631916046143,-0.0016894339680867398,1.9999999989999997,0.0,0.22788631916046143,-0.0016894339680867398,direct,SAFE_PROGRESSING,NONE,DIRECT_LOCAL,PASS_THROUGH,0,6,0,0,0,0,1,1.9999999989999997,12.057564027443563,inf,0.0,0,0,0,CLEAR,none,nan,0.0,0.0,0,0,0,0,0.0,0,0,1,0,2.0,2.0,"0.978,12.348;0.993,12.499;1.009,12.670;1.028,12.860;1.048,13.069;1.068,13.278;1.088,13.487;1.109,13.696;1.129,13.905;1.149,14.114;1.169,14.323;1.190,14.533;1.210,14.742;1.230,14.951;1.251,15.160;1.267,15.334",2.1500000000000004,24.450000000000003,2.0,2.1500000000000004,24.450000000000003,2.0,2.1500000000000004,24.450000000000003,2.0,3.8823414357491557,0.0,0.0,0,0,9,1,,,0,1,PASS_THROUGH,-1,0.9998273972585541,-0.001172916256788397,0.018541843453126785,0.9,0,0.9998211151573531,-0.0008126374202903216,0.018896489248799827,4.5,0.9,0,0,0,BYPASS_VISIBLE,1,0,1,1,1
1787562513355714560,1787562513371149056,joint_v2_000008_af4e508d,3001,122,0.03333333333333333,4.066666666666666,15.434503555297852,frame_id_exact,1,,0.9931551218032837,12.503539085388184,1.766497254371643,-0.16157323219619252,0.008001142616612686,-0.047346091764099464,0.9856918483730955,0.16171292960643768,1.6957255601882935,-0.19907990097999573,1.677824251694387,0.0015973356230112661,0.3552073802683169,-0.09607057839518023,0.0005184912588447332,depth/003001.png,1.0,0.000473599953365246,0.3192804814472483,-0.9476601447090077,1.677824251694387,0.0015973356230112661,0.3552073802683169,0.0005184912588447332,0.999810702038311,-0.00046412505067979014,0.019451084226767928,4.5,0.9,1.9333333323999997,0.0,0.23350274562835693,0.0003748886259391515,1.9333333323999997,0.0,0.23350274562835693,0.0003748886259391515,direct,SAFE_PROGRESSING,NONE,DIRECT_LOCAL,PASS_THROUGH,0,6,0,0,0,0,1,1.9333333323999997,12.00234220710932,inf,0.0,0,0,0,CLEAR,none,nan,0.0,0.0,0,0,0,0,0.026597439501160204,0,0,1,0,2.0,1.0,"0.993,12.504;1.014,12.723;1.035,12.942;1.056,13.161;1.078,13.379;1.099,13.598;1.120,13.817;1.141,14.036;1.163,14.255;1.184,14.474;1.205,14.693;1.226,14.912;1.237,15.022",2.1500000000000004,24.450000000000003,2.0,2.1500000000000004,24.450000000000003,2.0,2.1500000000000004,24.450000000000003,2.0,3.8823414357491557,0.0,0.0,0,0,9,1,,,0,1,PASS_THROUGH,-1,0.9998273972585541,-0.001172916256788397,0.018541843453126785,0.9,0,0.999810702038311,-0.00046412505067979014,0.019451084226767928,4.5,0.9,0,0,0,BYPASS_VISIBLE,1,0,1,1,1
1787562513394512896,1787562513410988544,joint_v2_000008_af4e508d,3002,123,0.03333333333333333,4.1,16.475677490234375,frame_id_exact,1,,0.9986922144889832,12.561546325683594,1.7590445280075073,-0.13674720990307895,0.007268784310669991,-0.04759922285561776,0.9894350303794128,0.17042116820812225,1.7832969427108765,-0.24477148056030273,1.7906409569429302,0.001553416209913173,0.25041363454821686,-0.09632964982937692,0.0006099429447203875,depth/003002.png,1.0,0.0013658578123771324,0.2712969365380917,-0.9624947307167364,1.7906409569429302,0.001553416209913173,0.25041363454821686,0.0006099429447203875,0.9997965516571504,-0.00021177204647435317,0.020169542559792076,4.5,0.9,1.8666666657999997,0.0,0.24095547199249268,0.0006435226298739938,1.8666666657999997,0.0,0.24095547199249268,0.0006435226298739938,direct,SAFE_PROGRESSING,NONE,DIRECT_LOCAL,PASS_THROUGH,0,6,0,0,0,0,1,1.8666666657999997,11.944071348721323,inf,0.0,0,0,0,CLEAR,none,nan,0.0,0.0,0,0,0,0,0.0,0,0,1,0,2.0,1.0,"0.993,12.504;1.014,12.723;1.035,12.942;1.056,13.161;1.078,13.379;1.099,13.598;1.120,13.817;1.141,14.036;1.163,14.255;1.184,14.474;1.205,14.693;1.226,14.912;1.237,15.022",2.1500000000000004,24.450000000000003,2.0,2.1500000000000004,24.450000000000003,2.0,2.1500000000000004,24.450000000000003,2.0,3.8823414357491557,0.0,0.0,0,0,9,1,,,0,1,PASS_THROUGH,-1,0.9998273972585541,-0.001172916256788397,0.018541843453126785,0.9,0,0.9997965516571504,-0.00021177204647435317,0.020169542559792076,4.5,0.9,0,0,0,BYPASS_VISIBLE,1,0,1,1,1
1787562513434482688,1787562513452135424,joint_v2_000008_af4e508d,3003,124,0.03333333333333333,4.133333333333334,17.65275001525879,frame_id_exact,1,,1.004506230354309,12.62228775024414,1.7504459619522095,-0.10075875870824151,0.0058278576090123775,-0.04786248071598828,0.9937418636441635,0.17818406224250793,1.8583059310913086,-0.2670786380767822,1.8824334503760358,0.0010823624979384356,0.11324586473740494,-0.09644996739021909,0.0006805721204727888,depth/003003.png,1.0,0.0019376438715853067,0.20081426475925476,-0.9796274172385269,1.8824334503760358,0.0010823624979384356,0.11324586473740494,0.0006805721204727888,0.9997795506258027,-9.720012835852988e-05,0.02099620686226288,4.5,0.9,1.7999999991999998,0.0,0.24955403804779053,0.0007776238768131272,1.7999999991999998,0.0,0.24955403804779053,0.0007776238768131272,direct,SAFE_PROGRESSING,NONE,DIRECT_LOCAL,PASS_THROUGH,0,6,0,0,0,0,1,1.7999999991999998,11.883052345223511,inf,0.0,0,0,0,CLEAR,none,nan,0.0,0.0,0,0,0,0,0.0,0,0,1,0,2.0,1.0,"0.993,12.504;1.014,12.723;1.035,12.942;1.056,13.161;1.078,13.379;1.099,13.598;1.120,13.817;1.141,14.036;1.163,14.255;1.184,14.474;1.205,14.693;1.226,14.912;1.237,15.022",2.1500000000000004,24.450000000000003,2.0,2.1500000000000004,24.450000000000003,2.0,2.1500000000000004,24.450000000000003,2.0,3.8823414357491557,0.0,0.0,0,0,9,1,,,0,1,PASS_THROUGH,-1,0.9998273972585541,-0.001172916256788397,0.018541843453126785,0.9,0,0.9997795506258027,-9.720012835852988e-05,0.02099620686226288,4.5,0.9,0,0,0,BYPASS_VISIBLE,1,0,1,1,1
1787562513474899968,1787562513491716096,joint_v2_000008_af4e508d,3004,125,0.03333333333333333,4.166666666666667,16.816139221191406,frame_id_exact,1,,1.0105502605438232,12.685196876525879,1.7415564060211182,-0.055174254377660256,0.0037120431105694776,-0.048077355173650305,0.9973116816268229,0.1840394139289856,1.9117577075958252,-0.2620203495025635,1.937783018561046,0.0003799231974102248,-0.048368694623890374,-0.09645554197399987,0.0006951842224225402,depth/003004.png,1.0,0.002098863465434412,0.1104087872618744,-0.993884044779629,1.937783018561046,0.0003799231974102248,-0.048368694623890374,0.0006951842224225402,0.9997610373672493,-9.571764069914316e-05,0.021859986287611672,4.5,0.9,1.7333333325999998,0.0,0.25844359397888184,0.0004391339737286337,1.7333333325999998,0.0,0.25844359397888184,0.0004391339737286337,direct,SAFE_PROGRESSING,NONE,DIRECT_LOCAL,PASS_THROUGH,0,6,0,0,0,0,1,1.7333333325999998,11.81985356266537,inf,0.0,0,0,0,CLEAR,none,nan,0.0,0.0,0,0,0,0,0.005485527656384313,0,0,1,0,2.0,1.0,"1.011,12.685;1.032,12.904;1.053,13.123;1.074,13.342;1.095,13.561;1.116,13.780;1.138,13.999;1.159,14.218;1.180,14.437;1.201,14.656;1.223,14.875;1.244,15.094;1.254,15.203",2.1500000000000004,24.450000000000003,2.0,2.1500000000000004,24.450000000000003,2.0,2.1500000000000004,24.450000000000003,2.0,3.8823414357491557,0.0,0.0,0,0,9,1,,,0,1,PASS_THROUGH,-1,0.9998273972585541,-0.001172916256788397,0.018541843453126785,0.9,0,0.9997610373672493,-9.571764069914316e-05,0.021859986287611672,4.5,0.9,0,0,0,BYPASS_VISIBLE,1,0,1,1,1
1787562513519114240,1787562513536899328,joint_v2_000008_af4e508d,3005,126,0.03333333333333333,4.2,17.785072326660156,frame_id_exact,1,,1.01674222946167,12.749393463134766,1.7332109212875366,-0.005013339865119928,0.0011676495929184526,-0.04818643127899171,0.9988250952285991,0.18692463636398315,1.9342039823532104,-0.23626118898391724,1.9455084015631732,-0.00028460508149572104,-0.21656914114890535,-0.09642084021979754,0.000659793324302882,depth/003005.png,1.0,0.0018494055179031545,0.010127429070117705,-0.9999470060356499,1.9455084015631732,-0.00028460508149572104,-0.21656914114890535,0.000659793324302882,0.9997425568132924,-0.0001325779498251637,0.022689260003537798,4.5,0.9,1.6666666659999998,0.0,0.2667890787124634,0.00023259491373994745,1.6666666659999998,0.0,0.2667890787124634,0.00023259491373994745,direct,SAFE_PROGRESSING,NONE,DIRECT_LOCAL,PASS_THROUGH,0,6,0,0,0,0,1,1.6666666659999998,11.755359054704329,inf,0.0,0,0,0,CLEAR,none,nan,0.0,0.0,0,0,0,0,0.0,0,0,1,0,2.0,1.0,"1.011,12.685;1.032,12.904;1.053,13.123;1.074,13.342;1.095,13.561;1.116,13.780;1.138,13.999;1.159,14.218;1.180,14.437;1.201,14.656;1.223,14.875;1.244,15.094;1.254,15.203",2.1500000000000004,24.450000000000003,2.0,2.1500000000000004,24.450000000000003,2.0,2.1500000000000004,24.450000000000003,2.0,3.8823414357491557,0.0,0.0,0,0,9,1,,,1,1,PASS_THROUGH,-1,0.9999999912070169,-0.0001326120887381403,0.0,0.9,0,0.9997425568132924,-0.0001325779498251637,0.022689260003537798,4.5,0.9,0,0,0,BYPASS_VISIBLE,1,0,1,1,1
1787562513564539904,1787562513581420288,joint_v2_000008_af4e508d,3006,127,0.03333333333333333,4.233333333333333,16.880273818969727,frame_id_exact,1,,1.022971749305725,12.81374740600586,1.7259149551391602,0.04383716850128484,-0.0014786642305508481,-0.04817515966248756,0.9978753780915617,0.18624599277973175,1.9211475849151611,-0.20059829950332642,1.9051505351294378,-0.0006770109246618469,-0.3689664900336005,-0.09642468235849243,0.0006042893510311842,depth/003006.png,1.0,0.001272679927138744,-0.08763053195615422,-0.9961522324197665,1.9051505351294378,-0.0006770109246618469,-0.3689664900336005,0.0006042893510311842,0.9997252779580661,-0.00012902879456180762,0.023438258536790615,4.5,0.9,1.5999999993999998,0.0,0.27408504486083984,0.0002901849269904,1.5999999993999998,0.0,0.27408504486083984,0.0002901849269904,direct,SAFE_PROGRESSING,NONE,DIRECT_LOCAL,PASS_THROUGH,0,6,0,0,0,0,1,1.5999999993999998,11.690704303381317,inf,0.0,0,0,0,CLEAR,none,nan,0.0,0.0,0,0,0,0,0.0,0,0,1,0,2.0,1.0,"1.011,12.685;1.032,12.904;1.053,13.123;1.074,13.342;1.095,13.561;1.116,13.780;1.138,13.999;1.159,14.218;1.180,14.437;1.201,14.656;1.223,14.875;1.244,15.094;1.254,15.203",2.1500000000000004,24.450000000000003,2.0,2.1500000000000004,24.450000000000003,2.0,2.1500000000000004,24.450000000000003,2.0,3.8823414357491557,0.0,0.0,0,0,9,1,,,0,1,PASS_THROUGH,-1,0.9997425568132924,-0.0001325779498251637,0.022689260003537798,0.9,0,0.9997252779580661,-0.00012902879456180762,0.023438258536790615,4.5,0.9,0,0,0,BYPASS_VISIBLE,1,0,1,1,1
1787562513612886016,1787562513628476672,joint_v2_000008_af4e508d,3007,128,0.03333333333333333,4.266666666666667,15.590667724609375,frame_id_exact,1,,1.0291192531585693,12.877087593078613,1.7198623418807983,0.0866089801600973,-0.003927875072882009,-0.048075341285992904,0.9950739761009103,0.18202802538871765,1.8740392923355103,-0.16268940269947052,1.826450523824017,-0.0006864425932082661,-0.4854928689636404,-0.09650716872979306,0.0005630439263768494,depth/003007.png,1.0,0.0005104600264562234,-0.17274235237722083,-0.9849669127060794,1.826450523824017,-0.0006864425932082661,-0.4854928689636404,0.0005630439263768494,0.9997098749708064,-4.547787964768654e-05,0.02408658999561764,4.5,0.9,1.5333333327999998,0.0,0.28013765811920166,-0.0004300327367356971,1.5333333327999998,0.0,0.28013765811920166,-0.0004300327367356971,direct,SAFE_PROGRESSING,NONE,DIRECT_LOCAL,PASS_THROUGH,0,6,0,0,0,0,1,1.5333333327999998,11.627066492753658,inf,0.0,0,0,0,CLEAR,none,nan,0.0,0.0,0,0,0,0,0.0026064467586607446,0,0,1,0,2.0,1.0,"1.029,12.877;1.050,13.096;1.072,13.315;1.093,13.534;1.114,13.753;1.135,13.972;1.156,14.191;1.178,14.410;1.199,14.629;1.220,14.848;1.241,15.067;1.262,15.286;1.273,15.395",2.1500000000000004,24.450000000000003,2.0,2.1500000000000004,24.450000000000003,2.0,2.1500000000000004,24.450000000000003,2.0,3.8823414357491557,0.0,0.0,0,0,9,1,,,0,1,PASS_THROUGH,-1,0.9997425568132924,-0.0001325779498251637,0.022689260003537798,0.9,0,0.9997098749708064,-4.547787964768654e-05,0.02408658999561764,4.5,0.9,0,0,0,BYPASS_VISIBLE,1,0,1,1,1
1787562513654151680,1787562513670806784,joint_v2_000008_af4e508d,3008,129,0.03333333333333333,4.3,16.65520668029785,frame_id_exact,1,,1.035073161125183,12.938365936279297,1.7150436639785767,0.11922085569950953,-0.005900181892939245,-0.04794649068301924,0.9916918419807084,0.17477107048034668,1.798588514328003,-0.12698994576931,1.7254644290740764,-0.0003516460053237174,-0.5516923033912209,-0.09665355817500122,0.0005044671706855297,depth/003008.png,1.0,-0.0002698812048240549,-0.23702648601464155,-0.9715031508398139,1.7254644290740764,-0.0003516460053237174,-0.5516923033912209,0.0005044671706855297,0.9996966055089518,0.0001024909390294839,0.024631005450173014,4.5,0.9,1.4666666661999999,0.0,0.28495633602142334,1.9927705521838313e-05,1.4666666661999999,0.0,0.28495633602142334,1.9927705521838313e-05,direct,SAFE_PROGRESSING,NONE,DIRECT_LOCAL,PASS_THROUGH,0,6,0,0,0,0,1,1.4666666661999999,11.565499585969397,inf,0.0,0,0,0,CLEAR,none,nan,0.0,0.0,0,0,0,0,0.0,0,0,1,0,2.0,1.0,"1.029,12.877;1.050,13.096;1.072,13.315;1.093,13.534;1.114,13.753;1.135,13.972;1.156,14.191;1.178,14.410;1.199,14.629;1.220,14.848;1.241,15.067;1.262,15.286;1.273,15.395",2.1500000000000004,24.450000000000003,2.0,2.1500000000000004,24.450000000000003,2.0,2.1500000000000004,24.450000000000003,2.0,3.8823414357491557,0.0,0.0,0,0,9,1,,,0,1,PASS_THROUGH,-1,0.9997425568132924,-0.0001325779498251637,0.022689260003537798,0.9,0,0.9996966055089518,0.0001024909390294839,0.024631005450173014,4.5,0.9,0,0,0,BYPASS_VISIBLE,1,0,1,1,1
1787562513696831744,1787562513713485056,joint_v2_000008_af4e508d,3009,130,0.03333333333333333,4.333333333333333,16.65329933166504,frame_id_exact,1,,1.0407463312149048,12.996773719787598,1.7113592624664307,0.13830165756152188,-0.007149386801546715,-0.0478558392272847,0.989207438526394,0.16534379124641418,1.703599214553833,-0.09454932808876038,1.6200179002087698,0.0001797459409468974,-0.5604198419656247,-0.09680742531970649,0.00039444424328394234,depth/003009.png,1.0,-0.0009073694317225205,-0.2743023366514721,-0.9616430755681948,1.6200179002087698,0.0001797459409468974,-0.5604198419656247,0.00039444424328394234,0.9996855034899116,0.0002577136613633641,0.02507643706331781,4.5,0.9,1.3999999995999999,0.0,0.28864073753356934,0.0004496350718280473,1.3999999995999999,0.0,0.28864073753356934,0.0004496350718280473,direct,SAFE_PROGRESSING,NONE,DIRECT_LOCAL,PASS_THROUGH,0,6,0,0,0,0,1,1.3999999995999999,11.506816932908132,inf,0.0,0,0,0,CLEAR,none,nan,0.0,0.0,0,0,0,0,0.0,0,0,1,0,2.0,1.0,"1.029,12.877;1.050,13.096;1.072,13.315;1.093,13.534;1.114,13.753;1.135,13.972;1.156,14.191;1.178,14.410;1.199,14.629;1.220,14.848;1.241,15.067;1.262,15.286;1.273,15.395",2.1500000000000004,24.450000000000003,2.0,2.1500000000000004,24.450000000000003,2.0,2.1500000000000004,24.450000000000003,2.0,3.8823414357491557,0.0,0.0,0,0,9,1,,,0,1,PASS_THROUGH,-1,0.9997425568132924,-0.0001325779498251637,0.022689260003537798,0.9,0,0.9996855034899116,0.0002577136613633641,0.02507643706331781,4.5,0.9,0,0,0,BYPASS_VISIBLE,1,0,1,1,1
1787562513741491712,1787562513758212864,joint_v2_000008_af4e508d,3010,131,0.03333333333333333,4.366666666666666,16.721010208129883,frame_id_exact,1,,1.046083927154541,13.051837921142578,1.708720088005066,0.14238082889940087,-0.0075376569640350655,-0.04784760953936055,0.988626061537314,0.15484827756881714,1.5996664762496948,-0.06386535614728928,1.5237758099751388,0.0007328868582386813,-0.5148750837149023,-0.09690489633099447,0.00021884987654630095,depth/003010.png,1.0,-0.0012786836210085181,-0.2822441139609793,-0.9593417665788241,1.5237758099751388,0.0007328868582386813,-0.5148750837149023,0.00021884987654630095,0.9996765992911091,0.00035554935885466916,0.02542774890581015,4.5,0.9,1.333333333,0.0,0.2912799119949341,0.000938698293432294,1.333333333,0.0,0.2912799119949341,0.000938698293432294,direct,SAFE_PROGRESSING,NONE,DIRECT_LOCAL,PASS_THROUGH,0,6,0,0,0,0,1,1.333333333,11.451494639207144,inf,0.0,0,0,0,CLEAR,none,nan,0.0,0.0,0,0,0,0,0.02037806709332243,0,0,1,0,2.0,1.0,"1.046,13.052;1.067,13.271;1.088,13.490;1.110,13.709;1.131,13.928;1.152,14.147;1.173,14.366;1.195,14.585;1.216,14.804;1.237,15.023;1.258,15.242;1.279,15.461;1.290,15.570",2.1500000000000004,24.450000000000003,2.0,2.1500000000000004,24.450000000000003,2.0,2.1500000000000004,24.450000000000003,2.0,3.8823414357491557,0.0,0.0,0,0,9,1,,,0,1,PASS_THROUGH,-1,0.9997425568132924,-0.0001325779498251637,0.022689260003537798,0.9,0,0.9996765992911091,0.00035554935885466916,0.02542774890581015,4.5,0.9,0,0,0,BYPASS_VISIBLE,1,0,1,1,1
1787562513796472320,1787562513813167616,joint_v2_000008_af4e508d,3011,132,0.03333333333333333,4.4,16.695261001586914,frame_id_exact,1,,1.051070213317871,13.10344123840332,1.7071090936660767,0.1326134949483484,-0.007085903815583194,-0.04792124444566272,0.9899833358473665,0.1444394886493683,1.4975138902664185,-0.03245539963245392,1.4428538515486244,0.0011834461391665174,-0.42735855310733184,-0.09691355872664233,-1.2338857231952716e-05,depth/003011.png,1.0,-0.001319845977262344,-0.2632494308724177,-0.9647269018494014,1.4428538515486244,0.0011834461391665174,-0.42735855310733184,-1.2338857231952716e-05,0.999670032955203,0.00036320160455710225,0.025684495243976913,4.5,0.9,1.2666666664,0.0,0.29289090633392334,0.0009127735899217004,1.2666666664,0.0,0.29289090633392334,0.0009127735899217004,direct,SAFE_PROGRESSING,NONE,DIRECT_LOCAL,PASS_THROUGH,0,6,0,0,0,0,1,1.2666666664,11.399650977395039,inf,0.0,0,0,0,CLEAR,none,nan,0.0,0.0,0,0,0,0,0.0,0,0,1,0,2.0,1.0,"1.046,13.052;1.067,13.271;1.088,13.490;1.110,13.709;1.131,13.928;1.152,14.147;1.173,14.366;1.195,14.585;1.216,14.804;1.237,15.023;1.258,15.242;1.279,15.461;1.290,15.570",2.1500000000000004,24.450000000000003,2.0,2.1500000000000004,24.450000000000003,2.0,2.1500000000000004,24.450000000000003,2.0,3.8823414357491557,0.0,0.0,0,0,9,1,,,1,1,PASS_THROUGH,-1,0.9999999339987545,0.0003633214646953495,0.0,0.9,0,0.999670032955203,0.00036320160455710225,0.025684495243976913,4.5,0.9,0,0,0,BYPASS_VISIBLE,1,0,1,1,1
1787562513839280384,1787562513858038016,joint_v2_000008_af4e508d,3012,133,0.03333333333333333,4.433333333333334,18.75758171081543,frame_id_exact,1,,1.0557255744934082,13.151796340942383,1.706586480140686,0.11268503616585399,-0.005975669277361384,-0.048037249761533785,0.9924509038921451,0.1351206749677658,1.4061604738235474,0.0016891524428501725,1.377040666454093,0.0014808678084901848,-0.31512622573436216,-0.09684733680582355,-0.00026004842948168516,depth/003012.png,1.0,-0.0010349582979824641,-0.22424284143097956,-0.9745327480019755,1.377040666454093,0.0014808678084901848,-0.31512622573436216,-0.00026004842948168516,0.9996660393220539,0.00029455496275279257,0.02584033791442965,4.5,0.9,1.1999999998,0.0,0.29341351985931396,0.0006348595258470757,1.1999999998,0.0,0.29341351985931396,0.0006348595258470757,direct,SAFE_PROGRESSING,NONE,DIRECT_LOCAL,PASS_THROUGH,0,6,0,0,0,0,1,1.1999999998,11.35107230352537,inf,0.0,0,0,0,CLEAR,none,nan,0.0,0.0,0,0,0,0,0.0,0,0,1,0,2.0,1.0,"1.046,13.052;1.067,13.271;1.088,13.490;1.110,13.709;1.131,13.928;1.152,14.147;1.173,14.366;1.195,14.585;1.216,14.804;1.237,15.023;1.258,15.242;1.279,15.461;1.290,15.570",2.1500000000000004,24.450000000000003,2.0,2.1500000000000004,24.450000000000003,2.0,2.1500000000000004,24.450000000000003,2.0,3.8823414357491557,0.0,0.0,0,0,9,1,,,0,1,PASS_THROUGH,-1,0.999670032955203,0.00036320160455710225,0.025684495243976913,0.9,0,0.9996660393220539,0.00029455496275279257,0.02584033791442965,4.5,0.9,0,0,0,BYPASS_VISIBLE,1,0,1,1,1
1787562513884110592,1787562513901770752,joint_v2_000008_af4e508d,3013,134,0.03333333333333333,4.466666666666667,17.660140991210938,frame_id_exact,1,,1.0600981712341309,13.197373390197754,1.707260012626648,0.08802677190283051,-0.004507972389089983,-0.04814628505395806,0.994943667173579,0.1275620460510254,1.3313432931900024,0.03925042599439621,1.3235508246464311,0.00162200827390341,-0.19620963157393193,-0.096750208545269,-0.0004686761531047523,depth/003013.png,1.0,-0.000494033055810009,-0.1755974427402297,-0.9844619312266125,1.3235508246464311,0.00162200827390341,-0.19620963157393193,-0.0004686761531047523,0.9996648980073684,0.00019378740814568438,0.02588540396358767,4.5,0.9,1.2666666664,0.0,0.29273998737335205,0.0013498185566473975,1.2666666664,0.0,0.29273998737335205,0.0013498185566473975,direct,SAFE_PROGRESSING,NONE,DIRECT_LOCAL,PASS_THROUGH,0,6,0,0,0,0,1,1.2666666664,11.305286003280804,inf,0.0,0,0,0,CLEAR,none,nan,0.0,0.0,0,0,0,0,0.01110692242227656,0,0,1,0,2.0,2.0,"1.060,13.197;1.074,13.340;1.090,13.503;1.107,13.686;1.127,13.889;1.147,14.098;1.167,14.307;1.188,14.516;1.208,14.725;1.228,14.934;1.248,15.143;1.269,15.352;1.289,15.561;1.309,15.770;1.330,15.979;1.349,16.183",2.1500000000000004,24.450000000000003,2.0,2.1500000000000004,24.450000000000003,2.0,2.1500000000000004,24.450000000000003,2.0,3.8823414357491557,0.0,0.0,0,0,9,1,,,0,1,PASS_THROUGH,-1,0.999670032955203,0.00036320160455710225,0.025684495243976913,0.9,0,0.9996648980073684,0.00019378740814568438,0.02588540396358767,4.5,0.9,0,0,0,BYPASS_VISIBLE,1,0,1,1,1
1787562513929801728,1787562513947024128,joint_v2_000008_af4e508d,3014,135,0.03333333333333333,4.5,17.22240447998047,frame_id_exact,1,,1.0642518997192383,13.240762710571289,1.7092360258102417,0.06229650408288212,-0.0029237972007186276,-0.048225754035974976,0.9968875932805273,0.12203697860240936,1.2751027345657349,0.07880422472953796,1.2807743649019896,0.0016141788515820375,-0.08126828603572082,-0.09666607428102986,-0.0005882115801796317,depth/003014.png,1.0,0.0001791974570748969,-0.12448722869925566,-0.992221193977961,1.2807743649019896,0.0016141788515820375,-0.08126828603572082,-0.0005882115801796317,0.999666854775612,0.00010536506446876541,0.025810237527745337,4.5,0.9,1.333333333,0.0,0.2907639741897583,0.0009887738185992978,1.333333333,0.0,0.2907639741897583,0.0009887738185992978,direct,SAFE_PROGRESSING,NONE,DIRECT_LOCAL,PASS_THROUGH,0,6,0,0,0,0,1,1.333333333,11.261698342078892,inf,0.0,0,0,0,CLEAR,none,nan,0.0,0.0,0,0,0,0,0.0,0,0,1,0,2.0,2.0,"1.060,13.197;1.074,13.340;1.090,13.503;1.107,13.686;1.127,13.889;1.147,14.098;1.167,14.307;1.188,14.516;1.208,14.725;1.228,14.934;1.248,15.143;1.269,15.352;1.289,15.561;1.309,15.770;1.330,15.979;1.349,16.183",2.1500000000000004,24.450000000000003,2.0,2.1500000000000004,24.450000000000003,2.0,2.1500000000000004,24.450000000000003,2.0,3.8823414357491557,0.0,0.0,0,0,9,1,,,0,1,PASS_THROUGH,-1,0.999670032955203,0.00036320160455710225,0.025684495243976913,0.9,0,0.999666854775612,0.00010536506446876541,0.025810237527745337,4.5,0.9,0,0,0,BYPASS_VISIBLE,1,0,1,1,1
1787562513974102016,1787562513999507456,joint_v2_000008_af4e508d,3015,136,0.03333333333333333,4.533333333333333,25.405406951904297,frame_id_exact,1,,1.0682586431503296,13.282609939575195,1.7124965190887451,0.03302198538854187,-0.0011811621392434778,-0.04828032518845788,0.9982871147804606,0.1187434270977974,1.2392884492874146,0.11594503372907639,1.2499027615869145,0.0014649571128108943,0.03346719798000858,-0.09662357292302975,-0.0006451286608353257,depth/003015.png,1.0,0.0008303464977080363,-0.06604489882006592,-0.9978163066739995,1.2499027615869145,0.0014649571128108943,0.03346719798000858,-0.0006451286608353257,0.9996718402501347,5.874022985610531e-05,0.02561656418208259,4.5,0.9,1.3999999995999999,0.0,0.2875034809112549,0.0006190806159728224,1.3999999995999999,0.0,0.2875034809112549,0.0006190806159728224,direct,SAFE_PROGRESSING,NONE,DIRECT_LOCAL,PASS_THROUGH,0,6,0,0,0,0,1,1.3999999995999999,11.21965975976071,inf,0.0,0,0,0,CLEAR,none,nan,0.0,0.0,0,0,0,0,0.0,0,0,1,0,2.0,2.0,"1.060,13.197;1.074,13.340;1.090,13.503;1.107,13.686;1.127,13.889;1.147,14.098;1.167,14.307;1.188,14.516;1.208,14.725;1.228,14.934;1.248,15.143;1.269,15.352;1.289,15.561;1.309,15.770;1.330,15.979;1.349,16.183",2.1500000000000004,24.450000000000003,2.0,2.1500000000000004,24.450000000000003,2.0,2.1500000000000004,24.450000000000003,2.0,3.8823414357491557,0.0,0.0,0,0,9,1,,,0,1,PASS_THROUGH,-1,0.999670032955203,0.00036320160455710225,0.025684495243976913,0.9,0,0.9996718402501347,5.874022985610531e-05,0.02561656418208259,4.5,0.9,0,0,0,BYPASS_VISIBLE,1,0,1,1,1
1787562514034490112,1787562514051053824,joint_v2_000008_af4e508d,3016,137,0.03333333333333333,4.566666666666666,16.56365394592285,frame_id_exact,1,,1.0721958875656128,13.323639869689941,1.7168880701065063,-0.0008431144859654481,0.0007020924326921499,-0.04829473024408389,0.9988325261297966,0.1179002895951271,1.226613998413086,0.14591975510120392,1.232009220573951,0.001183695960754125,0.14807712045750515,-0.09662826273600404,-0.0006744018173776567,depth/003016.png,1.0,0.001321109542915867,0.0017520750729535467,-0.9999975924483591,1.232009220573951,0.001183695960754125,0.14807712045750515,-0.0006744018173776567,0.9996794340285236,6.012089542430513e-05,0.02531848269326098,4.5,0.9,1.4666666661999999,0.0,0.28311192989349365,0.0007286696447844632,1.4666666661999999,0.0,0.28311192989349365,0.0007286696447844632,direct,SAFE_PROGRESSING,NONE,DIRECT_LOCAL,PASS_THROUGH,0,6,0,0,0,0,1,1.4666666661999999,11.17844136962456,inf,0.0,0,0,0,CLEAR,none,nan,0.0,0.0,0,0,0,0,0.0034457781634354098,0,0,1,0,2.0,2.0,"1.072,13.324;1.100,13.609;1.135,13.974;1.176,14.392;1.216,14.810;1.257,15.228;1.297,15.646;1.338,16.064;1.361,16.310",2.1500000000000004,24.450000000000003,2.0,2.1500000000000004,24.450000000000003,2.0,2.1500000000000004,24.450000000000003,2.0,3.8823414357491557,0.0,0.0,0,0,9,1,,,0,1,PASS_THROUGH,-1,0.999670032955203,0.00036320160455710225,0.025684495243976913,0.9,0,0.9996794340285236,6.012089542430513e-05,0.02531848269326098,4.5,0.9,0,0,0,BYPASS_VISIBLE,1,0,1,1,1
1787562514076110080,1787562514094070784,joint_v2_000008_af4e508d,3017,138,0.03333333333333333,4.6,17.960548400878906,frame_id_exact,1,,1.0761470794677734,13.364662170410156,1.7220677137374878,-0.038199723101596805,0.002624788763930513,-0.04824514160877872,0.9981013465325328,0.11958258599042892,1.2387986183166504,0.16242355108261108,1.228482446437967,0.0007815988043928057,0.2571647127013795,-0.09665816989399686,-0.0006792040076106787,depth/003017.png,1.0,0.001553708298379667,0.07650765674096525,-0.9970677832778122,1.228482446437967,0.0007815988043928057,0.2571647127013795,-0.0006792040076106787,0.9996887593581816,8.799883706241444e-05,0.024947478211326066,4.5,0.9,1.5333333327999998,0.0,0.2779322862625122,0.0007453836520360246,1.5333333327999998,0.0,0.2779322862625122,0.0007453836520360246,direct,SAFE_PROGRESSING,NONE,DIRECT_LOCAL,PASS_THROUGH,0,6,0,0,0,0,1,1.5333333327999998,11.13722922863094,inf,0.0,0,0,0,CLEAR,none,nan,0.0,0.0,0,0,0,0,0.0,0,0,1,0,2.0,2.0,"1.072,13.324;1.100,13.609;1.135,13.974;1.176,14.392;1.216,14.810;1.257,15.228;1.297,15.646;1.338,16.064;1.361,16.310",2.1500000000000004,24.450000000000003,2.0,2.1500000000000004,24.450000000000003,2.0,2.1500000000000004,24.450000000000003,2.0,3.8823414357491557,0.0,0.0,0,0,9,1,,,1,1,PASS_THROUGH,-1,0.9999999961256911,8.80262340630604e-05,0.0,0.9,0,0.9996887593581816,8.799883706241444e-05,0.024947478211326066,4.5,0.9,0,0,0,BYPASS_VISIBLE,1,0,1,1,1
1787562514120453888,1787562514135988224,joint_v2_000008_af4e508d,3018,139,0.03333333333333333,4.633333333333334,15.534400939941406,frame_id_exact,1,,1.0801944732666016,13.406497955322266,1.7275173664093018,-0.0762667695677485,0.004430439186879085,-0.04811874362589527,0.9959158285619205,0.12362049520015717,1.2752104997634888,0.16166946291923523,1.2416069542815131,0.00028050419562538936,0.35495486076169463,-0.09667083235104086,-0.0006631543510593474,depth/003018.png,1.0,0.0014849667633763265,0.15233694034637774,-0.9883275021366227,1.2416069542815131,0.00028050419562538936,0.35495486076169463,-0.0006631543510593474,0.9996985686809412,0.00010018302624607403,0.024551206500672187,4.5,0.9,1.5999999993999998,0.0,0.27248263359069824,0.0006943165041684018,1.5999999993999998,0.0,0.27248263359069824,0.0006943165041684018,direct,SAFE_PROGRESSING,NONE,DIRECT_LOCAL,PASS_THROUGH,0,6,0,0,0,0,1,1.5999999993999998,11.095198117917079,inf,0.0,0,0,0,CLEAR,none,nan,0.0,0.0,0,0,0,0,0.0,0,0,1,0,2.0,2.0,"1.072,13.324;1.100,13.609;1.135,13.974;1.176,14.392;1.216,14.810;1.257,15.228;1.297,15.646;1.338,16.064;1.361,16.310",2.1500000000000004,24.450000000000003,2.0,2.1500000000000004,24.450000000000003,2.0,2.1500000000000004,24.450000000000003,2.0,3.8823414357491557,0.0,0.0,0,0,9,1,,,0,1,PASS_THROUGH,-1,0.9996887593581816,8.799883706241444e-05,0.024947478211326066,0.9,0,0.9996985686809412,0.00010018302624607403,0.024551206500672187,4.5,0.9,0,0,0,BYPASS_VISIBLE,1,0,1,1,1
1787562514160082432,1787562514175637760,joint_v2_000008_af4e508d,3019,140,0.03333333333333333,4.666666666666667,15.555381774902344,frame_id_exact,1,,1.0844100713729858,13.449910163879395,1.7326250076293945,-0.11108037936841339,0.005933784344115661,-0.04793062735162253,0.9926371917696852,0.12960481643676758,1.3326561450958252,0.14171914756298065,1.2744746326985956,-0.00027351582550107017,0.4342447030052571,-0.09662404265180195,-0.0006525746430270374,depth/003019.png,1.0,0.0011318855166512227,0.2210938516863117,-0.9752518790454537,1.2744746326985956,-0.00027351582550107017,0.4342447030052571,-0.0006525746430270374,0.9997074673883589,5.4323851765093354e-05,0.024186291507224646,4.5,0.9,1.6666666659999998,0.0,0.26737499237060547,-0.00018129865777261056,1.6666666659999998,0.0,0.26737499237060547,-0.00018129865777261056,direct,SAFE_PROGRESSING,NONE,DIRECT_LOCAL,PASS_THROUGH,0,6,0,0,0,0,1,1.6666666659999998,11.051581710267325,inf,0.0,0,0,0,CLEAR,none,nan,0.0,0.0,0,0,0,0,0.0031134382121868294,0,0,1,0,2.0,2.0,"1.084,13.450;1.098,13.593;1.114,13.756;1.132,13.939;1.152,14.142;1.172,14.351;1.192,14.560;1.212,14.769;1.233,14.978;1.253,15.187;1.273,15.396;1.293,15.605;1.313,15.814;1.334,16.023;1.354,16.232;1.374,16.436",2.1500000000000004,24.450000000000003,2.0,2.1500000000000004,24.450000000000003,2.0,2.1500000000000004,24.450000000000003,2.0,3.8823414357491557,0.0,0.0,0,0,9,1,,,0,1,PASS_THROUGH,-1,0.9996887593581816,8.799883706241444e-05,0.024947478211326066,0.9,0,0.9997074673883589,5.4323851765093354e-05,0.024186291507224646,4.5,0.9,0,0,0,BYPASS_VISIBLE,1,0,1,1,1
1787562514199599616,1787562514217276416,joint_v2_000008_af4e508d,3020,141,0.03333333333333333,4.7,17.676830291748047,frame_id_exact,1,,1.0888497829437256,13.495515823364258,1.7367501258850098,-0.1383726688056225,0.006962915489010987,-0.04772733414770188,0.989205046444192,0.13695122301578522,1.4058425426483154,0.1030803695321083,1.3299825288298972,-0.0008009484918439971,0.48674458012084815,-0.09650091604278499,-0.0007019227487035096,depth/003020.png,1.0,0.0005671850773977371,0.2744225273333177,-0.9616090446710048,1.3299825288298972,-0.0008009484918439971,0.48674458012084815,-0.0007019227487035096,0.9997140544656596,-6.679215387488501e-05,0.023912441168572256,4.5,0.9,1.7333333325999998,0.0,0.26324987411499023,-0.00041725133690051486,1.7333333325999998,0.0,0.26324987411499023,-0.00041725133690051486,direct,SAFE_PROGRESSING,NONE,DIRECT_LOCAL,PASS_THROUGH,0,6,0,0,0,0,1,1.7333333325999998,11.005760462563298,inf,0.0,0,0,0,CLEAR,none,nan,0.0,0.0,0,0,0,0,0.0,0,0,1,0,2.0,2.0,"1.084,13.450;1.098,13.593;1.114,13.756;1.132,13.939;1.152,14.142;1.172,14.351;1.192,14.560;1.212,14.769;1.233,14.978;1.253,15.187;1.273,15.396;1.293,15.605;1.313,15.814;1.334,16.023;1.354,16.232;1.374,16.436",2.1500000000000004,24.450000000000003,2.0,2.1500000000000004,24.450000000000003,2.0,2.1500000000000004,24.450000000000003,2.0,3.8823414357491557,0.0,0.0,0,0,9,1,,,0,1,PASS_THROUGH,-1,0.9996887593581816,8.799883706241444e-05,0.024947478211326066,0.9,0,0.9997140544656596,-6.679215387488501e-05,0.023912441168572256,4.5,0.9,0,0,0,BYPASS_VISIBLE,1,0,1,1,1
1787562514245420288,1787562514262134016,joint_v2_000008_af4e508d,3021,142,0.03333333333333333,4.733333333333333,16.713857650756836,frame_id_exact,1,,1.0935484170913696,13.543739318847656,1.7393271923065186,-0.1546638726427905,0.007407741444334582,-0.04757040100948068,0.98679342762993,0.14503569900989532,1.488674521446228,0.049828242510557175,1.4087554617361466,-0.0011937303832662844,0.5050511484775423,-0.09632462637790565,-0.0007966099656186998,depth/003021.png,1.0,-9.502374489116228e-05,0.3059473644935595,-0.9520484237316571,1.4087554617361466,-0.0011937303832662844,0.5050511484775423,-0.0007966099656186998,0.9997171124630853,-0.00024055560458877693,0.023783128084250545,4.5,0.9,1.7999999991999998,0.0,0.26067280769348145,-0.0007263135630991568,1.7999999991999998,0.0,0.26067280769348145,-0.0007263135630991568,direct,SAFE_PROGRESSING,NONE,DIRECT_LOCAL,PASS_THROUGH,0,6,0,0,0,0,1,1.7999999991999998,10.957308610798538,inf,0.0,0,0,0,CLEAR,none,nan,0.0,0.0,0,0,0,0,0.0,0,0,1,0,2.0,2.0,"1.084,13.450;1.098,13.593;1.114,13.756;1.132,13.939;1.152,14.142;1.172,14.351;1.192,14.560;1.212,14.769;1.233,14.978;1.253,15.187;1.273,15.396;1.293,15.605;1.313,15.814;1.334,16.023;1.354,16.232;1.374,16.436",2.1500000000000004,24.450000000000003,2.0,2.1500000000000004,24.450000000000003,2.0,2.1500000000000004,24.450000000000003,2.0,3.8823414357491557,0.0,0.0,0,0,9,1,,,0,1,PASS_THROUGH,-1,0.9996887593581816,8.799883706241444e-05,0.024947478211326066,0.9,0,0.9997171124630853,-0.00024055560458877693,0.023783128084250545,4.5,0.9,0,0,0,BYPASS_VISIBLE,1,0,1,1,1
1787562514285621760,1787562514302495744,joint_v2_000008_af4e508d,3022,143,0.03333333333333333,4.766666666666667,16.874074935913086,frame_id_exact,1,,1.0985205173492432,13.594804763793945,1.7399851083755493,-0.15826597686874697,0.00725769969239355,-0.04750594385079597,0.9862263389606878,0.1533137857913971,1.5755138397216797,-0.010706320405006409,1.506838623792401,-0.0013477583528533556,0.4850764339356236,-0.09614861846294621,-0.0008602105663158,depth/003022.png,1.0,-0.0007216800274253334,0.31286171764674797,-0.9497984127219126,1.506838623792401,-0.0013477583528533556,0.4850764339356236,-0.0008602105663158,0.9997158279420778,-0.00041418039989836507,0.0238346767689844,4.5,0.9,1.7333333325999998,0.0,0.2600148916244507,-0.001471705292084291,1.7333333325999998,0.0,0.2600148916244507,-0.001471705292084291,direct,SAFE_PROGRESSING,NONE,DIRECT_LOCAL,PASS_THROUGH,0,6,0,0,0,0,1,1.7333333325999998,10.906001683412038,inf,0.0,0,0,0,CLEAR,none,nan,0.0,0.0,0,0,0,0,0.02373753305710143,0,0,1,0,2.0,1.0,"1.099,13.595;1.120,13.814;1.141,14.033;1.162,14.252;1.183,14.471;1.205,14.690;1.226,14.909;1.247,15.128;1.268,15.347;1.289,15.566;1.311,15.785;1.332,16.004;1.342,16.113",2.1500000000000004,24.450000000000003,2.0,2.1500000000000004,24.450000000000003,2.0,2.1500000000000004,24.450000000000003,2.0,3.8823414357491557,0.0,0.0,0,0,9,1,,,0,1,PASS_THROUGH,-1,0.9996887593581816,8.799883706241444e-05,0.024947478211326066,0.9,0,0.9997158279420778,-0.00041418039989836507,0.0238346767689844,4.5,0.9,0,0,0,BYPASS_VISIBLE,1,0,1,1,1
1787562514328082176,1787562514344705792,joint_v2_000008_af4e508d,3023,144,0.03333333333333333,4.8,16.623735427856445,frame_id_exact,1,,1.103765845298767,13.648761749267578,1.7386279106140137,-0.14716120525557005,0.006482101523701736,-0.047560256374839655,0.987947156502373,0.16132096946239471,1.661264181137085,-0.06948310881853104,1.6168936270981342,-0.0012097992098146883,0.41988638006460255,-0.0960294594964845,-0.0009319584933109581,depth/003023.png,1.0,-0.0011901017637689672,0.29139156938003496,-0.9566031240551288,1.6168936270981342,-0.0012097992098146883,0.41988638006460255,-0.0009319584933109581,0.9997099262874259,-0.0005315758334121215,0.02407863595644826,4.5,0.9,1.6666666659999998,0.0,0.26137208938598633,-0.0017270587781365032,1.6666666659999998,0.0,0.26137208938598633,-0.0017270587781365032,direct,SAFE_PROGRESSING,NONE,DIRECT_LOCAL,PASS_THROUGH,0,6,0,0,0,0,1,1.6666666659999998,10.851790343328084,inf,0.0,0,0,0,CLEAR,none,nan,0.0,0.0,0,0,0,0,0.0,0,0,1,0,2.0,1.0,"1.099,13.595;1.120,13.814;1.141,14.033;1.162,14.252;1.183,14.471;1.205,14.690;1.226,14.909;1.247,15.128;1.268,15.347;1.289,15.566;1.311,15.785;1.332,16.004;1.342,16.113",2.1500000000000004,24.450000000000003,2.0,2.1500000000000004,24.450000000000003,2.0,2.1500000000000004,24.450000000000003,2.0,3.8823414357491557,0.0,0.0,0,0,9,1,,,1,1,PASS_THROUGH,-1,0.999999858631594,-0.0005317299991590562,0.0,0.9,0,0.9997099262874259,-0.0005315758334121215,0.02407863595644826,4.5,0.9,0,0,0,BYPASS_VISIBLE,1,0,1,1,1
1787562514374507520,1787562514391273728,joint_v2_000008_af4e508d,3024,145,0.03333333333333333,4.833333333333333,16.76630973815918,frame_id_exact,1,,1.1092655658721924,13.705470085144043,1.735505223274231,-0.11709539364744541,0.004919685014751331,-0.047733340172997456,0.9919606815402687,0.16843856871128082,1.7390466928482056,-0.11478127539157867,1.7259081192784465,-0.0008100870242611197,0.2950766003668418,-0.0959988172538821,-0.0010113595053553581,depth/003024.png,1.0,-0.001418440314936759,0.23277771897219826,-0.9725289309718108,1.7259081192784465,-0.0008100870242611197,0.2950766003668418,-0.0010113595053553581,0.9996998029106704,-0.0005615754484875083,0.024494666631378233,4.5,0.9,1.5999999993999998,0.0,0.26449477672576904,-0.0017541245870811295,1.5999999993999998,0.0,0.26449477672576904,-0.0017541245870811295,direct,SAFE_PROGRESSING,NONE,DIRECT_LOCAL,PASS_THROUGH,0,6,0,0,0,0,1,1.5999999993999998,10.794815943480183,inf,0.0,0,0,0,CLEAR,none,nan,0.0,0.0,0,0,0,0,0.0,0,0,1,0,2.0,1.0,"1.099,13.595;1.120,13.814;1.141,14.033;1.162,14.252;1.183,14.471;1.205,14.690;1.226,14.909;1.247,15.128;1.268,15.347;1.289,15.566;1.311,15.785;1.332,16.004;1.342,16.113",2.1500000000000004,24.450000000000003,2.0,2.1500000000000004,24.450000000000003,2.0,2.1500000000000004,24.450000000000003,2.0,3.8823414357491557,0.0,0.0,0,0,9,1,,,0,1,PASS_THROUGH,-1,0.9997099262874259,-0.0005315758334121215,0.02407863595644826,0.9,0,0.9996998029106704,-0.0005615754484875083,0.024494666631378233,4.5,0.9,0,0,0,BYPASS_VISIBLE,1,0,1,1,1
1787562514422554624,1787562514439266304,joint_v2_000008_af4e508d,3025,146,0.03333333333333333,4.866666666666666,16.71147346496582,frame_id_exact,1,,1.114974856376648,13.764498710632324,1.7312512397766113,-0.0703439361410122,0.0026925590651085667,-0.047930758554240636,0.9963669620969401,0.1737366020679474,1.7985913753509521,-0.13598208129405975,1.8081524896795196,-0.00027783686361540104,0.11912583972607321,-0.09603972103348182,-0.0010570271406322718,depth/003025.png,1.0,-0.0013777226459219562,0.14043486070640845,-0.9900889615477402,1.8081524896795196,-0.00027783686361540104,0.11912583972607321,-0.0010570271406322718,0.9996866700512353,-0.0005214489844472931,0.025025782961364658,4.5,0.9,1.5333333327999998,0.0,0.26874876022338867,-0.00101083761472609,1.5333333327999998,0.0,0.26874876022338867,-0.00101083761472609,direct,SAFE_PROGRESSING,NONE,DIRECT_LOCAL,PASS_THROUGH,0,6,0,0,0,0,1,1.5333333327999998,10.735511857988461,inf,0.0,0,0,0,CLEAR,none,nan,0.0,0.0,0,0,0,0,0.02988618756820516,0,0,1,0,2.0,1.0,"1.115,13.764;1.136,13.983;1.157,14.202;1.179,14.421;1.200,14.640;1.221,14.859;1.242,15.078;1.263,15.297;1.285,15.516;1.306,15.735;1.327,15.954;1.348,16.173;1.359,16.283",2.1500000000000004,24.450000000000003,2.0,2.1500000000000004,24.450000000000003,2.0,2.1500000000000004,24.450000000000003,2.0,3.8823414357491557,0.0,0.0,0,0,9,1,,,0,1,PASS_THROUGH,-1,0.9997099262874259,-0.0005315758334121215,0.02407863595644826,0.9,0,0.9996866700512353,-0.0005214489844472931,0.025025782961364658,4.5,0.9,0,0,0,BYPASS_VISIBLE,1,0,1,1,1
1787562514464824064,1787562514482032384,joint_v2_000008_af4e508d,3026,147,0.03333333333333333,4.9,17.208337783813477,frame_id_exact,1,,1.1208164691925049,13.825047492980957,1.7267900705337524,-0.014441806705480044,0.00014804198751813493,-0.04803318491229139,0.9987413205879855,0.17619158327579498,1.8284804821014404,-0.1275102198123932,1.8398646344807634,0.00020284297611723251,-0.07443983638782234,-0.09609762425431433,-0.0010457518510520458,depth/003026.png,1.0,-0.0010916606436711211,0.028861480057737608,-0.999582824605303,1.8398646344807634,0.00020284297611723251,-0.07443983638782234,-0.0010457518510520458,0.9996725208394985,-0.00046572900107362894,0.025585819801212682,4.5,0.9,1.4666666661999999,0.0,0.27320992946624756,-0.0009672366319468662,1.4666666661999999,0.0,0.27320992946624756,-0.0009672366319468662,direct,SAFE_PROGRESSING,NONE,DIRECT_LOCAL,PASS_THROUGH,0,6,0,0,0,0,1,1.4666666661999999,10.674681939828263,inf,0.0,0,0,0,CLEAR,none,nan,0.0,0.0,0,0,0,0,0.0,0,0,1,0,2.0,1.0,"1.115,13.764;1.136,13.983;1.157,14.202;1.179,14.421;1.200,14.640;1.221,14.859;1.242,15.078;1.263,15.297;1.285,15.516;1.306,15.735;1.327,15.954;1.348,16.173;1.359,16.283",2.1500000000000004,24.450000000000003,2.0,2.1500000000000004,24.450000000000003,2.0,2.1500000000000004,24.450000000000003,2.0,3.8823414357491557,0.0,0.0,0,0,9,1,,,0,1,PASS_THROUGH,-1,0.9997099262874259,-0.0005315758334121215,0.02407863595644826,0.9,0,0.9996725208394985,-0.00046572900107362894,0.025585819801212682,4.5,0.9,0,0,0,BYPASS_VISIBLE,1,0,1,1,1
1787562514511116032,1787562514530073600,joint_v2_000008_af4e508d,3027,148,0.03333333333333333,4.933333333333334,18.95761489868164,frame_id_exact,1,,1.126680850982666,13.885966300964355,1.7229490280151367,0.041734519790710925,-0.002323654682196386,-0.047985202925795674,0.9979730711732291,0.17505906522274017,1.8200045824050903,-0.10109588503837585,1.8135717777509333,0.0004784919029654303,-0.2534559375013674,-0.09611778416255183,-0.0010028029792010784,depth/003027.png,1.0,-0.0006326107967393633,-0.08352285586186071,-0.9965056609735133,1.8135717777509333,0.0004784919029654303,-0.2534559375013674,-0.0010028029792010784,0.9996593720165128,-0.0004489920639273824,0.026094795375284387,4.5,0.9,1.3999999995999999,0.0,0.2770509719848633,-0.0010507730107456315,1.3999999995999999,0.0,0.2770509719848633,-0.0010507730107456315,direct,SAFE_PROGRESSING,NONE,DIRECT_LOCAL,PASS_THROUGH,0,6,0,0,0,0,1,1.3999999995999999,10.613481524698026,inf,0.0,0,0,0,CLEAR,none,nan,0.0,0.0,0,0,0,0,0.0,0,0,1,0,2.0,1.0,"1.115,13.764;1.136,13.983;1.157,14.202;1.179,14.421;1.200,14.640;1.221,14.859;1.242,15.078;1.263,15.297;1.285,15.516;1.306,15.735;1.327,15.954;1.348,16.173;1.359,16.283",2.1500000000000004,24.450000000000003,2.0,2.1500000000000004,24.450000000000003,2.0,2.1500000000000004,24.450000000000003,2.0,3.8823414357491557,0.0,0.0,0,0,9,1,,,0,1,PASS_THROUGH,-1,0.9997099262874259,-0.0005315758334121215,0.02407863595644826,0.9,0,0.9996593720165128,-0.0004489920639273824,0.026094795375284387,4.5,0.9,0,0,0,BYPASS_VISIBLE,1,0,1,1,1
1787562514557204992,1787562514573747712,joint_v2_000008_af4e508d,3028,149,0.03333333333333333,4.966666666666667,16.542673110961914,frame_id_exact,1,,1.1324470043182373,13.945948600769043,1.7201199531555176,0.09108931703931032,-0.004430196312527639,-0.0478161543122302,0.9946842338494833,0.17036545276641846,1.7727699279785156,-0.06833317130804062,1.7389018967487637,0.0004909180564351845,-0.3906750309724001,-0.09607878839233865,-0.0009664548560976982,depth/003028.png,1.0,-0.00010221117036407837,-0.18163388496326474,-0.9833662193638889,1.7389018967487637,0.0004909180564351845,-0.3906750309724001,-0.0009664548560976982,0.9996483875011392,-0.0004921389016967689,0.02651149120049274,4.5,0.9,1.333333333,0.0,0.2798800468444824,-0.0003935088794748687,1.333333333,0.0,0.2798800468444824,-0.0003935088794748687,direct,SAFE_PROGRESSING,NONE,DIRECT_LOCAL,PASS_THROUGH,0,6,0,0,0,0,1,1.333333333,10.553222725627789,inf,0.0,0,0,0,CLEAR,none,nan,0.0,0.0,0,0,0,0,0.028207397796968726,0,0,1,0,2.0,1.0,"1.132,13.946;1.154,14.165;1.175,14.384;1.196,14.603;1.217,14.822;1.238,15.041;1.260,15.260;1.281,15.479;1.302,15.698;1.323,15.917;1.345,16.136;1.366,16.355;1.376,16.464",2.1500000000000004,24.450000000000003,2.0,2.1500000000000004,24.450000000000003,2.0,2.1500000000000004,24.450000000000003,2.0,3.8823414357491557,0.0,0.0,0,0,9,1,,,0,1,PASS_THROUGH,-1,0.9997099262874259,-0.0005315758334121215,0.02407863595644826,0.9,0,0.9996483875011392,-0.0004921389016967689,0.02651149120049274,4.5,0.9,0,0,0,BYPASS_VISIBLE,1,0,1,1,1
1787562514602334720,1787562514620563456,joint_v2_000008_af4e508d,3029,150,0.03333333333333333,5.0,18.228769302368164,frame_id_exact,1,,1.1380053758621216,14.003786087036133,1.7183854579925537,0.1291212354247273,-0.006007487488835233,-0.047603950485299515,0.9904673041320733,0.16270305216312408,1.6927319765090942,-0.03622812405228615,1.6344199622489541,0.0002831114042395232,-0.47095393755864157,-0.09599909270792666,-0.0009025044273585081,depth/003029.png,1.0,0.0003929219201712561,-0.256352684188584,-0.9665832333129273,1.6344199622489541,0.0002831114042395232,-0.47095393755864157,-0.0009025044273585081,0.9996400258889381,-0.0005760193032742591,0.026823251900650616,4.5,0.9,1.2666666664,0.0,0.2816145420074463,-0.0008005444414277418,1.2666666664,0.0,0.2816145420074463,-0.0008005444414277418,direct,SAFE_PROGRESSING,NONE,DIRECT_LOCAL,PASS_THROUGH,0,6,0,0,0,0,1,1.2666666664,10.49511878135183,inf,0.0,0,0,0,CLEAR,none,nan,0.0,0.0,0,0,0,0,0.0,0,0,1,0,2.0,1.0,"1.132,13.946;1.154,14.165;1.175,14.384;1.196,14.603;1.217,14.822;1.238,15.041;1.260,15.260;1.281,15.479;1.302,15.698;1.323,15.917;1.345,16.136;1.366,16.355;1.376,16.464",2.1500000000000004,24.450000000000003,2.0,2.1500000000000004,24.450000000000003,2.0,2.1500000000000004,24.450000000000003,2.0,3.8823414357491557,0.0,0.0,0,0,9,1,,,1,1,PASS_THROUGH,-1,0.9999998339814191,-0.0005762266343148146,0.0,0.9,0,0.9996400258889381,-0.0005760193032742591,0.026823251900650616,4.5,0.9,0,0,0,BYPASS_VISIBLE,1,0,1,1,1
1787562514651460608,1787562514667034112,joint_v2_000008_af4e508d,3030,151,0.03333333333333333,5.033333333333333,15.573501586914062,frame_id_exact,1,,1.1432708501815796,14.058536529541016,1.7176661491394043,0.1529624272514115,-0.006965670084087669,-0.04743510731313919,0.9870683288829742,0.15295539796352386,1.5893235206604004,-0.0075026629492640495,1.5195256631152327,-4.149695755801805e-05,-0.4903495227428032,-0.09592141000568528,-0.0007959330687299371,depth/003030.png,1.0,0.0007603936441968173,-0.30262956951376174,-0.9531079505792726,1.5195256631152327,-4.149695755801805e-05,-0.4903495227428032,-0.0007959330687299371,0.9996343177256025,-0.0006573459276661656,0.027033289137663813,4.5,0.9,1.1999999998,0.0,0.2823338508605957,-0.0010965547393743114,1.1999999998,0.0,0.2823338508605957,-0.0010965547393743114,direct,SAFE_PROGRESSING,NONE,DIRECT_LOCAL,PASS_THROUGH,0,6,0,0,0,0,1,1.1999999998,10.440115738773093,inf,0.0,0,0,0,CLEAR,none,nan,0.0,0.0,0,0,0,0,0.0,0,0,1,0,2.0,1.0,"1.132,13.946;1.154,14.165;1.175,14.384;1.196,14.603;1.217,14.822;1.238,15.041;1.260,15.260;1.281,15.479;1.302,15.698;1.323,15.917;1.345,16.136;1.366,16.355;1.376,16.464",2.1500000000000004,24.450000000000003,2.0,2.1500000000000004,24.450000000000003,2.0,2.1500000000000004,24.450000000000003,2.0,3.8823414357491557,0.0,0.0,0,0,9,1,,,0,1,PASS_THROUGH,-1,0.9996400258889381,-0.0005760193032742591,0.026823251900650616,0.9,0,0.9996343177256025,-0.0006573459276661656,0.027033289137663813,4.5,0.9,0,0,0,BYPASS_VISIBLE,1,0,1,1,1
1787562514694337024,1787562514710096384,joint_v2_000008_af4e508d,3031,152,0.03333333333333333,5.066666666666666,15.75922966003418,frame_id_exact,1,,1.1481906175613403,14.109604835510254,1.717857003211975,0.16106474358783546,-0.007264610361539635,-0.04737450915500286,0.9857794021441117,0.14213533699512482,1.4736719131469727,0.018774311989545822,1.409515237421119,-0.00037275500422717347,-0.45335470984985965,-0.09588869412037954,-0.0006510359817184508,depth/003031.png,1.0,0.0009381198212832752,-0.31823692798118275,-0.9480107476185596,1.409515237421119,-0.00037275500422717347,-0.45335470984985965,-0.0006510359817184508,0.9996311758035357,-0.0006927054676619063,0.027148342873479062,4.5,0.9,1.2666666664,0.0,0.2821429967880249,-0.1667613677372798,1.2666666664,0.0,0.2821429967880249,-0.1667613677372798,local_avoidance,SAFE_PROGRESSING,NONE,DIRECT_LOCAL,PASS_THROUGH,0,6,0,0,0,0,1,1.2666666664,10.388811009761662,inf,0.0,1,1,1,CURRENT_OCCUPIED,current,4.749999999999991,1.4500000000000004,19.35,0,0,0,0,0.03970373708875749,0,0,1,0,2.0,2.0,"1.148,14.110;1.168,14.266;1.197,14.442;1.233,14.637;1.273,14.843;1.316,15.049;1.359,15.254;1.404,15.459;1.448,15.664;1.493,15.870;1.539,16.075;1.584,16.280;1.629,16.485;1.673,16.690;1.716,16.896;1.748,17.049",2.1500000000000004,24.450000000000003,2.0,2.1500000000000004,24.450000000000003,2.0,2.1500000000000004,24.450000000000003,2.0,3.8823414357491557,0.0,0.0,0,0,9,1,,,0,1,PASS_THROUGH,-1,0.9996400258889381,-0.0005760193032742591,0.026823251900650616,0.9,0,0.9996311758035357,-0.0006927054676619063,0.027148342873479062,4.5,0.9,0,0,0,BYPASS_VISIBLE,1,0,1,1,1
1787562514741016576,1787562514757861888,joint_v2_000008_af4e508d,3032,153,0.03333333333333333,5.1,16.845226287841797,frame_id_exact,1,,1.1527464389801025,14.156774520874023,1.7189202308654785,0.1521473983988613,-0.006825574718569927,-0.04749348045805837,0.9871924584417162,0.13129949569702148,1.3575083017349243,0.04542660713195801,1.3142495597249841,-0.0005369732559497569,-0.3672597580833757,-0.0959948081249992,-0.008189248852431774,depth/003032.png,1.0,0.0009757072117961372,-0.30104586914078907,-0.9536091613804388,1.3142495597249841,-0.0005369732559497569,-0.3672597580833757,-0.008189248852431774,0.9996306556027574,-0.0005879890788598619,0.027169958558015763,4.5,0.9,1.333333333,0.0,0.2810797691345215,-0.1807030968408868,1.333333333,0.0,0.2810797691345215,-0.1807030968408868,local_avoidance,SAFE_PROGRESSING,NONE,DIRECT_LOCAL,PASS_THROUGH,0,6,0,0,0,0,1,1.333333333,10.34142182821565,inf,0.0,1,1,1,CURRENT_OCCUPIED,current,4.699999999999991,1.4500000000000004,19.35,0,0,0,0,0.0,0,0,1,0,2.0,2.0,"1.148,14.110;1.168,14.266;1.197,14.442;1.233,14.637;1.273,14.843;1.316,15.049;1.359,15.254;1.404,15.459;1.448,15.664;1.493,15.870;1.539,16.075;1.584,16.280;1.629,16.485;1.673,16.690;1.716,16.896;1.748,17.049",2.1500000000000004,24.450000000000003,2.0,2.1500000000000004,24.450000000000003,2.0,2.1500000000000004,24.450000000000003,2.0,3.8823414357491557,0.0,0.0,0,0,9,1,,,0,1,PASS_THROUGH,-1,0.9996400258889381,-0.0005760193032742591,0.026823251900650616,0.9,0,0.9996306556027574,-0.0005879890788598619,0.027169958558015763,4.5,0.9,0,0,0,BYPASS_VISIBLE,1,0,1,1,1
1787562514786061056,1787562514802565120,joint_v2_000008_af4e508d,3033,154,0.03333333333333333,5.133333333333334,16.50404930114746,frame_id_exact,1,,1.1569572687149048,14.20024585723877,1.720932960510254,0.12419297631497996,-0.005488592896243653,-0.047941571595299944,0.9910840457272122,0.12168248742818832,1.2541241645812988,0.07587841153144836,1.2397886703969334,-0.00015078826814894712,-0.2373091049418244,-0.0965414892602074,-0.025365732610225677,depth/003033.png,1.0,0.00102869922535841,-0.2466976183728938,-0.9690919599640923,1.2397886703969334,-0.00015078826814894712,-0.2373091049418244,-0.025365732610225677,0.999633001277896,-4.159366490574044e-05,0.02708986943698942,4.5,0.9,1.3999999995999999,0.0,0.2790670394897461,-0.20727548241220584,1.3999999995999999,0.0,0.2790670394897461,-0.20727548241220584,local_avoidance,SAFE_PROGRESSING,NONE,DIRECT_LOCAL,PASS_THROUGH,0,6,0,0,0,0,1,1.3999999995999999,10.297747028025558,inf,0.0,1,1,1,HISTORY_OCCUPIED,history,4.6499999999999915,1.4500000000000004,19.35,1,0,0,0,0.0,0,0,1,0,2.0,2.0,"1.148,14.110;1.168,14.266;1.197,14.442;1.233,14.637;1.273,14.843;1.316,15.049;1.359,15.254;1.404,15.459;1.448,15.664;1.493,15.870;1.539,16.075;1.584,16.280;1.629,16.485;1.673,16.690;1.716,16.896;1.748,17.049",2.1500000000000004,24.450000000000003,2.0,2.1500000000000004,24.450000000000003,2.0,2.1500000000000004,24.450000000000003,2.0,3.8823414357491557,0.0,0.0,0,0,9,1,,,0,1,PASS_THROUGH,-1,0.9996400258889381,-0.0005760193032742591,0.026823251900650616,0.9,0,0.999633001277896,-4.159366490574044e-05,0.02708986943698942,4.5,0.9,0,0,0,BYPASS_VISIBLE,1,0,1,1,1
1787562514830135296,1787562514850823424,joint_v2_000008_af4e508d,3034,155,0.03333333333333333,5.166666666666667,20.68805694580078,frame_id_exact,1,,1.1608864068984985,14.240679740905762,1.7240252494812012,0.08042568704904612,-0.0033893807981460887,-0.048749176452649715,0.9955620215514865,0.11458942294120789,1.1772888898849487,0.10966186225414276,1.1851206254754578,0.0009938382233114003,-0.08157024879100117,-0.09776657482430579,-0.04809422791004181,depth/003034.png,1.0,0.0010926944201388464,-0.16046797821161923,-0.987040441920988,1.1851206254754578,0.0009938382233114003,-0.08157024879100117,-0.04809422791004181,0.9996375374813513,0.001184185090367698,0.026895935824796015,4.5,0.9,1.4666666661999999,0.0,0.27597475051879883,-0.1807997875315076,1.4666666661999999,0.0,0.27597475051879883,-0.1807997875315076,local_avoidance,SAFE_PROGRESSING,NONE,DIRECT_LOCAL,PASS_THROUGH,0,6,0,0,0,0,1,1.4666666661999999,10.257122688786083,inf,0.0,1,1,1,HISTORY_OCCUPIED,history,4.6499999999999915,1.4500000000000004,19.35,2,0,0,0,0.06787337765815446,0,0,1,0,2.0,2.0,"1.161,14.241;1.202,14.514;1.269,14.864;1.353,15.274;1.441,15.685;1.530,16.095;1.619,16.506;1.706,16.917;1.761,17.180",2.1500000000000004,24.450000000000003,2.0,2.1500000000000004,24.450000000000003,2.0,2.1500000000000004,24.450000000000003,2.0,3.8823414357491557,0.0,0.0,0,0,9,1,,,0,1,PASS_THROUGH,-1,0.9996400258889381,-0.0005760193032742591,0.026823251900650616,0.9,0,0.9996375374813513,0.001184185090367698,0.026895935824796015,4.5,0.9,0,0,0,BYPASS_VISIBLE,1,0,1,1,1
1787562514881812992,1787562514897043200,joint_v2_000008_af4e508d,3035,156,0.03333333333333333,5.2,15.230178833007812,frame_id_exact,1,,1.164635419845581,14.279132843017578,1.7282531261444092,0.027504652954455408,-0.000782229467622995,-0.04986250369970918,0.9983769893721066,0.11096752434968948,1.1364917755126953,0.1432250589132309,1.1480415989721555,0.002955155207247557,0.08020298533192884,-0.09977169740490194,-0.07177439332008362,depth/003035.png,1.0,0.0011809819176343166,-0.05499803306023436,-0.9984857643658299,1.1480415989721555,0.002955155207247557,0.08020298533192884,-0.07177439332008362,0.9996414836179948,0.003190896445922027,0.026584251162779213,4.5,0.9,1.5333333327999998,0.0,0.2717468738555908,-0.1883199200969271,1.5333333327999998,0.0,0.2717468738555908,-0.1883199200969271,local_avoidance,SAFE_PROGRESSING,NONE,DIRECT_LOCAL,PASS_THROUGH,0,6,0,0,0,0,1,1.5333333327999998,10.218487269689513,inf,0.0,1,1,1,HISTORY_OCCUPIED,history,4.699999999999991,1.4500000000000004,19.450000000000003,2,0,0,0,0.0,0,0,1,0,2.0,2.0,"1.161,14.241;1.202,14.514;1.269,14.864;1.353,15.274;1.441,15.685;1.530,16.095;1.619,16.506;1.706,16.917;1.761,17.180",2.1500000000000004,24.450000000000003,2.0,2.1500000000000004,24.450000000000003,2.0,2.1500000000000004,24.450000000000003,2.0,3.8823414357491557,0.0,0.0,0,0,9,1,,,1,1,PASS_THROUGH,-1,0.9999949054765539,0.0031920245829300123,0.0,0.9,0,0.9996414836179948,0.003190896445922027,0.026584251162779213,4.5,0.9,0,0,0,BYPASS_VISIBLE,1,0,1,1,1
1787562514929676032,1787562514946377472,joint_v2_000008_af4e508d,3036,157,0.03333333333333333,5.233333333333333,16.701459884643555,frame_id_exact,1,,1.1683286428451538,14.316884994506836,1.7334485054016113,-0.02745651747944482,0.0021075797197334344,-0.05120915350688259,0.9983082291320324,0.11126657575368881,1.134968638420105,0.16599151492118835,1.1295328612867646,0.005725965548439092,0.22849501678339235,-0.10254047205554433,-0.09388666599988937,depth/003036.png,1.0,0.0013959783187847499,0.05503598943286615,-0.9984833955112519,1.1295328612867646,0.005725965548439092,0.22849501678339235,-0.09388666599988937,0.9996396364541303,0.005962221643374771,0.026173443467175792,4.5,0.9,1.5999999993999998,0.0,0.26655149459838867,-0.20454412702881453,1.5999999993999998,0.0,0.26655149459838867,-0.20454412702881453,local_avoidance,SAFE_PROGRESSING,NONE,DIRECT_LOCAL,PASS_THROUGH,0,6,0,0,0,0,1,1.5999999993999998,10.180554914542183,inf,0.0,1,1,1,CURRENT_OCCUPIED,current,4.749999999999991,1.5500000000000005,19.55,0,0,0,0,0.0,0,0,1,0,2.0,2.0,"1.161,14.241;1.202,14.514;1.269,14.864;1.353,15.274;1.441,15.685;1.530,16.095;1.619,16.506;1.706,16.917;1.761,17.180",2.1500000000000004,24.450000000000003,2.0,2.1500000000000004,24.450000000000003,2.0,2.1500000000000004,24.450000000000003,2.0,3.8823414357491557,0.0,0.0,0,0,9,1,,,0,1,PASS_THROUGH,-1,0.9996414836179948,0.003190896445922027,0.026584251162779213,0.9,0,0.9996396364541303,0.005962221643374771,0.026173443467175792,4.5,0.9,0,0,0,BYPASS_VISIBLE,1,0,1,1,1
1787562514972035072,1787562514988920576,joint_v2_000008_af4e508d,3037,158,0.03333333333333333,5.266666666666667,16.88551902770996,frame_id_exact,1,,1.1720956563949585,14.355192184448242,1.739085078239441,-0.0787462311605276,0.005104527456527002,-0.05278455210831487,0.9954831821463299,0.11534284055233002,1.1688761711120605,0.1686474233865738,1.1333636798259523,0.0093974041708948,0.35130597165637045,-0.10609530012422246,-0.11479845643043518,depth/003037.png,1.0,0.0018497733875010684,0.15731997794645974,-0.9875459497549166,1.1333636798259523,0.0093974041708948,0.35130597165637045,-0.11479845643043518,0.9996239062966545,0.009521320790028511,0.025717511750375715,4.5,0.9,1.6666666659999998,0.0,0.2609149217605591,-0.22283600503370582,1.6666666659999998,0.0,0.2609149217605591,-0.22283600503370582,local_avoidance,SAFE_PROGRESSING,NONE,DIRECT_LOCAL,PASS_THROUGH,0,6,0,0,0,0,1,1.6666666659999998,10.142062992220394,inf,0.0,1,1,1,CURRENT_OCCUPIED,current,4.599999999999992,1.5500000000000005,19.450000000000003,0,0,0,0,0.5457202419440835,0,0,1,0,2.0,2.0,"1.172,14.355;1.218,14.626;1.295,14.973;1.394,15.378;1.497,15.785;1.602,16.192;1.706,16.599;1.809,17.006;1.874,17.272",2.1500000000000004,24.450000000000003,2.0,2.1500000000000004,24.450000000000003,2.0,2.1500000000000004,24.450000000000003,2.0,3.8823414357491557,0.0,0.0,0,0,9,1,,,0,1,PASS_THROUGH,-1,0.9996414836179948,0.003190896445922027,0.026584251162779213,0.9,0,0.9996239062966545,0.009521320790028511,0.025717511750375715,4.5,0.9,0,0,0,BYPASS_VISIBLE,1,0,1,1,1
1787562515024926720,1787562515041615104,joint_v2_000008_af4e508d,3038,159,0.03333333333333333,5.3,16.68834686279297,frame_id_exact,1,,1.17605459690094,14.39511489868164,1.7444156408309937,-0.12249599252058455,0.008097941945038743,-0.054652261029242546,0.9909300104028756,0.1226940006017685,1.2303619384765625,0.1473485678434372,1.1632319873600105,0.014152231584788313,0.44412495516986483,-0.11052232318385775,-0.13501738011837006,depth/003038.png,1.0,0.0026596214751359905,0.24365505195942666,-0.9698583103053033,1.1632319873600105,0.014152231584788313,0.44412495516986483,-0.13501738011837006,0.9995826784153724,0.013955738737879371,0.025292417208138625,4.5,0.9,1.7333333325999998,0.0,0.25558435916900635,-0.2290111089934299,1.7333333325999998,0.0,0.25558435916900635,-0.2290111089934299,local_avoidance,SAFE_PROGRESSING,NONE,DIRECT_LOCAL,PASS_THROUGH,0,6,0,0,0,0,1,1.7333333325999998,10.101944567702386,inf,0.0,1,1,1,CURRENT_OCCUPIED,current,4.449999999999992,1.5500000000000005,19.35,0,0,0,0,0.0,0,0,1,0,2.0,2.0,"1.172,14.355;1.218,14.626;1.295,14.973;1.394,15.378;1.497,15.785;1.602,16.192;1.706,16.599;1.809,17.006;1.874,17.272",2.1500000000000004,24.450000000000003,2.0,2.1500000000000004,24.450000000000003,2.0,2.1500000000000004,24.450000000000003,2.0,3.8823414357491557,0.0,0.0,0,0,9,1,,,0,1,PASS_THROUGH,-1,0.9996414836179948,0.003190896445922027,0.026584251162779213,0.9,0,0.9995826784153724,0.013955738737879371,0.025292417208138625,4.5,0.9,0,0,0,BYPASS_VISIBLE,1,0,1,1,1
1787562515068712192,1787562515084846592,joint_v2_000008_af4e508d,3039,160,0.03333333333333333,5.333333333333333,16.134262084960938,frame_id_exact,1,,1.1803046464920044,14.437423706054688,1.7486408948898315,-0.15575810711682112,0.01101566929510988,-0.056913049439221104,0.9860927805743709,0.13271981477737427,1.3106293678283691,0.10276224464178085,1.2212912733295695,0.020189375248804643,0.5039483929815132,-0.11593511587082961,-0.15391771495342255,depth/003039.png,1.0,0.003995606228406969,0.30843776055005107,-0.9512361341947313,1.2212912733295695,0.020189375248804643,0.5039483929815132,-0.15391771495342255,0.9995000682995265,0.019381216016631127,0.024979630400754013,4.5,0.9,1.7999999991999998,0.0,0.25135910511016846,-0.2478206185731091,1.7999999991999998,0.0,0.25135910511016846,-0.2478206185731091,local_avoidance,SAFE_PROGRESSING,NONE,DIRECT_LOCAL,PASS_THROUGH,0,6,0,0,0,0,1,1.7999999991999998,10.059423100789166,inf,0.0,1,1,1,CURRENT_OCCUPIED,current,4.3499999999999925,1.4500000000000004,19.25,0,0,0,0,0.0,0,0,1,0,2.0,2.0,"1.172,14.355;1.218,14.626;1.295,14.973;1.394,15.378;1.497,15.785;1.602,16.192;1.706,16.599;1.809,17.006;1.874,17.272",2.1500000000000004,24.450000000000003,2.0,2.1500000000000004,24.450000000000003,2.0,2.1500000000000004,24.450000000000003,2.0,3.8823414357491557,0.0,0.0,0,0,9,1,,,0,1,PASS_THROUGH,-1,0.9996414836179948,0.003190896445922027,0.026584251162779213,0.9,0,0.9995000682995265,0.019381216016631127,0.024979630400754013,4.5,0.9,0,0,0,BYPASS_VISIBLE,1,0,1,1,1
1787562515109363712,1787562515127576320,joint_v2_000008_af4e508d,3040,161,0.03333333333333333,5.366666666666666,18.212556838989258,frame_id_exact,1,,1.1849260330200195,14.482609748840332,1.7510523796081543,-0.17638851630667562,0.013814364044000584,-0.059669184093523946,0.9824132751193881,0.1448972374200821,1.401702880859375,0.03962813690304756,1.3069816818829187,0.027597430669523818,0.5276114383699311,-0.12242080894379945,-0.1711813509464264,depth/003040.png,1.0,0.0060929115453431,0.3482214236591345,-0.9373925093223789,1.3069816818829187,0.027597430669523818,0.5276114383699311,-0.1711813509464264,0.9993558894722058,0.02588765376894276,0.02485227473603664,4.5,0.9,1.8666666657999997,0.0,0.2489476203918457,-0.16750408282657558,1.8666666657999997,0.0,0.2489476203918457,-0.16750408282657558,local_avoidance,SAFE_PROGRESSING,NONE,DIRECT_LOCAL,PASS_THROUGH,0,6,0,0,0,0,1,1.8666666657999997,10.014002006223851,inf,0.0,1,1,1,CURRENT_OCCUPIED,current,4.299999999999993,1.4500000000000004,19.25,0,0,0,0,1.483877445537096,0,0,1,0,2.0,2.0,"1.185,14.483;1.206,14.632;1.238,14.800;1.278,14.987;1.326,15.191;1.375,15.395;1.426,15.599;1.478,15.802;1.530,16.006;1.583,16.209;1.636,16.412;1.689,16.615;1.741,16.819;1.793,17.022;1.844,17.226;1.887,17.399",2.1500000000000004,24.450000000000003,2.0,2.1500000000000004,24.450000000000003,2.0,2.1500000000000004,24.450000000000003,2.0,3.8823414357491557,0.0,0.0,0,0,9,1,,,0,1,PASS_THROUGH,-1,0.9996414836179948,0.003190896445922027,0.026584251162779213,0.9,0,0.9993558894722058,0.02588765376894276,0.02485227473603664,4.5,0.9,0,0,0,BYPASS_VISIBLE,1,0,1,1,1
1787562515166193920,1787562515184053504,joint_v2_000008_af4e508d,3041,162,0.03333333333333333,5.4,17.859458923339844,frame_id_exact,1,,1.1899845600128174,14.530921936035156,1.7511602640151978,-0.1837326692704551,0.016466883842323584,-0.06296418503254166,0.9808193816307185,0.15891213715076447,1.4974958896636963,-0.03394791856408119,1.4154902046904503,0.03614447432507188,0.513790351670284,-0.1299347438793462,-0.18238860368728638,depth/003041.png,1.0,0.009164922086289943,0.362490773960733,-0.9319422959585539,1.4154902046904503,0.03614447432507188,0.513790351670284,-0.18238860368728638,0.9991291457006471,0.033433855793601926,0.024962521873155365,4.5,0.9,1.9333333323999997,0.0,0.24883973598480225,-0.1674411515140678,1.9333333323999997,0.0,0.24883973598480225,-0.1674411515140678,local_avoidance,SAFE_PROGRESSING,NONE,DIRECT_LOCAL,PASS_THROUGH,0,6,0,0,0,0,1,1.9333333323999997,9.96542720027809,inf,0.0,1,1,1,CURRENT_OCCUPIED,current,4.249999999999993,1.4500000000000004,19.25,0,0,0,0,0.0,0,0,1,0,2.0,2.0,"1.185,14.483;1.206,14.632;1.238,14.800;1.278,14.987;1.326,15.191;1.375,15.395;1.426,15.599;1.478,15.802;1.530,16.006;1.583,16.209;1.636,16.412;1.689,16.615;1.741,16.819;1.793,17.022;1.844,17.226;1.887,17.399",2.1500000000000004,24.450000000000003,2.0,2.1500000000000004,24.450000000000003,2.0,2.1500000000000004,24.450000000000003,2.0,3.8823414357491557,0.0,0.0,0,0,9,1,,,1,1,PASS_THROUGH,-1,0.9994405836798874,0.03344427744182569,0.0,0.9,0,0.9991291457006471,0.033433855793601926,0.024962521873155365,4.5,0.9,0,0,0,BYPASS_VISIBLE,1,0,1,1,1
1787562515214389760,1787562515230575104,joint_v2_000008_af4e508d,3042,163,0.03333333333333333,5.433333333333334,16.185283660888672,frame_id_exact,1,,1.1955392360687256,14.58244514465332,1.7487801313400269,-0.1787417275909907,0.01896532213501682,-0.06670366565945492,0.9814490982020896,0.17468371987342834,1.5938410758972168,-0.10806006193161011,1.5376898026002719,0.04504191062838449,0.4647602085557254,-0.1381637793187825,-0.18640108406543732,depth/003042.png,1.0,0.013381539739803154,0.3533819277241588,-0.9353834227482063,1.5376898026002719,0.04504191062838449,0.4647602085557254,-0.18640108406543732,0.9988085084937999,0.04171107421275747,0.02533277814233994,4.5,0.9,1.9999999989999997,0.0,0.25121986865997314,-0.1837115445997467,1.9999999989999997,0.0,0.25121986865997314,-0.1837115445997467,local_avoidance,SAFE_PROGRESSING,NONE,DIRECT_LOCAL,PASS_THROUGH,0,6,0,0,0,0,1,1.9999999989999997,9.913608534391509,inf,0.0,1,1,1,CURRENT_OCCUPIED,current,4.199999999999993,1.4500000000000004,19.25,0,0,0,0,0.0,0,0,1,0,2.0,2.0,"1.185,14.483;1.206,14.632;1.238,14.800;1.278,14.987;1.326,15.191;1.375,15.395;1.426,15.599;1.478,15.802;1.530,16.006;1.583,16.209;1.636,16.412;1.689,16.615;1.741,16.819;1.793,17.022;1.844,17.226;1.887,17.399",2.1500000000000004,24.450000000000003,2.0,2.1500000000000004,24.450000000000003,2.0,2.1500000000000004,24.450000000000003,2.0,3.8823414357491557,0.0,0.0,0,0,9,1,,,0,1,PASS_THROUGH,-1,0.9991291457006471,0.033433855793601926,0.024962521873155365,0.9,0,0.9988085084937999,0.04171107421275747,0.02533277814233994,4.5,0.9,0,0,0,BYPASS_VISIBLE,1,0,1,1,1
1787562515258412800,1787562515278852864,joint_v2_000008_af4e508d,3043,164,0.03333333333333333,5.466666666666667,20.440101623535156,frame_id_exact,1,,1.20164954662323,14.637145042419434,1.7440550327301025,-0.1637558784539281,0.021289630039815606,-0.07074949571365412,0.9837302845703255,0.192246675491333,1.687434434890747,-0.17330943048000336,1.6618202675110352,0.05326000872674654,0.38722949906457993,-0.1467208969131442,-0.18712063133716583,depth/003043.png,1.0,0.018715215993405813,0.32519569500158707,-0.9454615278491002,1.6618202675110352,0.05326000872674654,0.38722949906457993,-0.18712063133716583,0.9983949700380517,0.050338156004452586,0.025952916074871248,4.5,0.9,1.9333333323999997,0.0,0.25594496726989746,-0.14530717050966369,1.9333333323999997,0.0,0.25594496726989746,-0.14530717050966369,local_avoidance,SAFE_PROGRESSING,NONE,DIRECT_LOCAL,PASS_THROUGH,0,6,0,0,0,0,1,1.9333333323999997,9.858574491321425,inf,0.0,1,1,1,CURRENT_OCCUPIED,current,4.149999999999993,1.4500000000000004,19.25,0,0,0,0,2.8863563682124,0,0,1,0,2.0,1.0,"1.202,14.637;1.237,14.854;1.285,15.069;1.339,15.282;1.397,15.494;1.458,15.706;1.520,15.917;1.584,16.127;1.648,16.338;1.713,16.548;1.777,16.758;1.841,16.969;1.873,17.074",2.1500000000000004,24.450000000000003,2.0,2.1500000000000004,24.450000000000003,2.0,2.1500000000000004,24.450000000000003,2.0,3.8823414357491557,0.0,0.0,0,0,9,1,,,0,1,PASS_THROUGH,-1,0.9991291457006471,0.033433855793601926,0.024962521873155365,0.9,0,0.9983949700380517,0.050338156004452586,0.025952916074871248,4.5,0.9,0,0,0,BYPASS_VISIBLE,1,0,1,1,1
1787562515312073984,1787562515329162752,joint_v2_000008_af4e508d,3044,165,0.03333333333333333,5.5,17.088890075683594,frame_id_exact,1,,1.2083754539489746,14.69487476348877,1.7374153137207031,-0.1398498245838227,0.023178243011359304,-0.07495727384214476,0.9870593714224764,0.2115861028432846,1.774929404258728,-0.22191087901592255,1.7775300844845656,0.05966862866472282,0.28498063223636155,-0.15512640954517548,-0.18086719512939453,depth/003044.png,1.0,0.024791080758728427,0.27955491571166774,-0.9598095912295608,1.7775300844845656,0.05966862866472282,0.28498063223636155,-0.18086719512939453,0.9979078713818547,0.058843231632002106,0.02678347112004356,4.5,0.9,1.8666666657999997,0.0,0.2625846862792969,-0.16678374732368606,1.8666666657999997,0.0,0.2625846862792969,-0.16678374732368606,local_avoidance,SAFE_PROGRESSING,NONE,DIRECT_LOCAL,PASS_THROUGH,0,6,0,0,0,0,1,1.8666666657999997,9.800465558622413,inf,0.0,1,1,1,HISTORY_OCCUPIED,history,4.049999999999994,1.4500000000000004,19.25,1,0,0,0,0.0,0,0,1,0,2.0,1.0,"1.202,14.637;1.237,14.854;1.285,15.069;1.339,15.282;1.397,15.494;1.458,15.706;1.520,15.917;1.584,16.127;1.648,16.338;1.713,16.548;1.777,16.758;1.841,16.969;1.873,17.074",2.1500000000000004,24.450000000000003,2.0,2.1500000000000004,24.450000000000003,2.0,2.1500000000000004,24.450000000000003,2.0,3.8823414357491557,0.0,0.0,0,0,9,1,,,0,1,PASS_THROUGH,-1,0.9991291457006471,0.033433855793601926,0.024962521873155365,0.9,0,0.9979078713818547,0.058843231632002106,0.02678347112004356,4.5,0.9,0,0,0,BYPASS_VISIBLE,1,0,1,1,1
1787562515366607104,1787562515393371136,joint_v2_000008_af4e508d,3045,166,0.03333333333333333,5.533333333333333,26.763916015625,frame_id_exact,1,,1.2157683372497559,14.755340576171875,1.7295204401016235,-0.10429697114174474,0.023898011622841744,-0.07917227522091054,0.9911017998608807,0.2320704609155655,1.8502150774002075,-0.247743621468544,1.8741858184937463,0.06304746529384843,0.14826317251399898,-0.16271474391738996,-0.16953468322753906,depth/003045.png,1.0,0.030855867657106236,0.21052195154411538,-0.9771020537022652,1.8741858184937463,0.06304746529384843,0.14826317251399898,-0.16953468322753906,0.9973954499900112,0.06657079655637733,0.027760500447085314,4.5,0.9,1.7999999991999998,0.0,0.27047955989837646,-0.1735831794141529,1.7999999991999998,0.0,0.27047955989837646,-0.1735831794141529,local_avoidance,SAFE_PROGRESSING,NONE,DIRECT_LOCAL,PASS_THROUGH,0,5,0,0,0,0,1,1.7999999991999998,9.739569299702355,inf,0.0,1,1,1,HISTORY_OCCUPIED,history,3.999999999999994,1.4500000000000004,19.25,2,0,0,0,0.0,0,0,1,0,2.0,1.0,"1.202,14.637;1.237,14.854;1.285,15.069;1.339,15.282;1.397,15.494;1.458,15.706;1.520,15.917;1.584,16.127;1.648,16.338;1.713,16.548;1.777,16.758;1.841,16.969;1.873,17.074",2.1500000000000004,24.450000000000003,2.0,2.1500000000000004,24.450000000000003,2.0,2.1500000000000004,24.450000000000003,2.0,3.8823414357491557,0.0,0.0,0,0,9,1,,,0,1,PASS_THROUGH,-1,0.9991291457006471,0.033433855793601926,0.024962521873155365,0.9,0,0.9973954499900112,0.06657079655637733,0.027760500447085314,4.5,0.9,0,0,0,BYPASS_VISIBLE,1,0,1,1,1
1787562515423060736,1787562515441112064,joint_v2_000008_af4e508d,3046,167,0.03333333333333333,5.566666666666666,18.0513858795166,frame_id_exact,1,,1.2238444089889526,14.817991256713867,1.7212154865264893,-0.058601729371697074,0.023064889608390947,-0.08322238990707934,0.9945390299028757,0.25224438309669495,1.9042913913726807,-0.24618007242679596,1.9355482603463634,0.06300138162012921,-0.01553441032405295,-0.16915451643275248,-0.15784935653209686,depth/003046.png,1.0,0.03612391392989107,0.12040244463222344,-0.9920676963639983,1.9355482603463634,0.06300138162012921,-0.01553441032405295,-0.15784935653209686,0.9969014480108805,0.07319929441467846,0.028798719607003923,4.5,0.9,1.7333333325999998,0.0,0.27878451347351074,-0.13765697565615853,1.7333333325999998,0.0,0.27878451347351074,-0.13765697565615853,local_avoidance,SAFE_PROGRESSING,NONE,DIRECT_LOCAL,PASS_THROUGH,0,5,0,0,0,0,1,1.7333333325999998,9.676433051982615,inf,0.0,1,1,1,HISTORY_OCCUPIED,history,4.049999999999994,1.5500000000000005,19.35,1,0,0,0,4.199509990961502,0,0,1,0,2.0,1.0,"1.224,14.818;1.263,15.035;1.314,15.248;1.374,15.460;1.438,15.670;1.506,15.880;1.577,16.088;1.649,16.296;1.722,16.503;1.795,16.711;1.868,16.918;1.941,17.126;1.977,17.230",2.1500000000000004,24.450000000000003,2.0,2.1500000000000004,24.450000000000003,2.0,2.1500000000000004,24.450000000000003,2.0,3.8823414357491557,0.0,0.0,0,0,9,1,,,0,1,PASS_THROUGH,-1,0.9991291457006471,0.033433855793601926,0.024962521873155365,0.9,0,0.9969014480108805,0.07319929441467846,0.028798719607003923,4.5,0.9,0,0,0,BYPASS_VISIBLE,1,0,1,1,1
1787562515472739840,1787562515491017216,joint_v2_000008_af4e508d,3047,168,0.03333333333333333,5.6,18.27716827392578,frame_id_exact,1,,1.2325559854507446,14.881951332092285,1.7133570909500122,-0.007886397842138381,0.020771683352684922,-0.08693806572866644,0.9959659204145137,0.26981639862060547,1.9275603294372559,-0.22264018654823303,1.9491212574361927,0.06002469225885659,-0.18756792204604592,-0.17452597080828514,-0.1458962857723236,depth/003047.png,1.0,0.040004521109906856,0.019320866916422312,-0.9990126837995427,1.9491212574361927,0.06002469225885659,-0.18756792204604592,-0.1458962857723236,0.9964435032410256,0.07881503145885561,0.02980831536487074,4.5,0.9,1.6666666659999998,0.0,0.2866429090499878,-0.17304285576574596,1.6666666659999998,0.0,0.2866429090499878,-0.17304285576574596,local_avoidance,SAFE_PROGRESSING,NONE,DIRECT_LOCAL,PASS_THROUGH,0,5,0,0,0,0,1,1.6666666659999998,9.611933147462215,inf,0.0,1,1,1,HISTORY_OCCUPIED,history,3.949999999999994,1.5500000000000005,19.35,2,0,0,0,0.0,0,0,1,0,2.0,1.0,"1.224,14.818;1.263,15.035;1.314,15.248;1.374,15.460;1.438,15.670;1.506,15.880;1.577,16.088;1.649,16.296;1.722,16.503;1.795,16.711;1.868,16.918;1.941,17.126;1.977,17.230",2.1500000000000004,24.450000000000003,2.0,2.1500000000000004,24.450000000000003,2.0,2.1500000000000004,24.450000000000003,2.0,3.8823414357491557,0.0,0.0,0,0,9,1,,,1,1,PASS_THROUGH,-1,0.9968864862628939,0.07885006979338312,0.0,0.9,0,0.9964435032410256,0.07881503145885561,0.02980831536487074,4.5,0.9,0,0,0,BYPASS_VISIBLE,1,0,1,1,1
1787562515525184256,1787562515542344960,joint_v2_000008_af4e508d,3048,169,0.03333333333333333,5.633333333333334,17.160892486572266,frame_id_exact,1,,1.2417795658111572,14.94609546661377,1.7064933776855469,0.04174790675142401,0.017390011477213023,-0.09020897311633744,0.9948954924774727,0.2827070355415344,1.915151834487915,-0.18813391029834747,1.9134239489005986,0.05512138437518348,-0.3448109772751701,-0.1791601838744385,-0.13524506986141205,depth/003048.png,1.0,0.042134559661226645,-0.07993213833904177,-0.9959093995653936,1.9134239489005986,0.05512138437518348,-0.3448109772751701,-0.13524506986141205,0.9960130185412639,0.08374871112962258,0.030728167541312454,4.5,0.9,1.5999999993999998,0.0,0.2935066223144531,-0.18957001908183446,1.5999999993999998,0.0,0.2935066223144531,-0.18957001908183446,local_avoidance,SAFE_PROGRESSING,NONE,DIRECT_LOCAL,PASS_THROUGH,0,5,0,0,0,0,1,1.5999999993999998,9.547201984707225,inf,0.0,1,1,1,HISTORY_OCCUPIED,history,3.999999999999994,1.5500000000000005,19.450000000000003,2,0,0,0,0.0,0,0,1,0,2.0,1.0,"1.224,14.818;1.263,15.035;1.314,15.248;1.374,15.460;1.438,15.670;1.506,15.880;1.577,16.088;1.649,16.296;1.722,16.503;1.795,16.711;1.868,16.918;1.941,17.126;1.977,17.230",2.1500000000000004,24.450000000000003,2.0,2.1500000000000004,24.450000000000003,2.0,2.1500000000000004,24.450000000000003,2.0,3.8823414357491557,0.0,0.0,0,0,9,1,,,0,1,PASS_THROUGH,-1,0.9964435032410256,0.07881503145885561,0.02980831536487074,0.9,0,0.9960130185412639,0.08374871112962258,0.030728167541312454,4.5,0.9,0,0,0,BYPASS_VISIBLE,1,0,1,1,1
1787562515569575168,1787562515586348800,joint_v2_000008_af4e508d,3049,170,0.03333333333333333,5.666666666666667,16.773700714111328,frame_id_exact,1,,1.2513386011123657,15.00924301147461,1.7008461952209473,0.08542399543797521,0.01336019065227848,-0.09307603200626538,0.9918977258644746,0.28984180092811584,1.868337869644165,-0.15075017511844635,1.8377063131927955,0.04960330584581011,-0.46668543850274846,-0.18355442519571263,-0.1279047429561615,depth/003049.png,1.0,0.04240573851719777,-0.16697670655284716,-0.9850484926182951,1.8377063131927955,0.04960330584581011,-0.46668543850274846,-0.1279047429561615,0.9955778714237778,0.08849074057828794,0.031529204925048196,4.5,0.9,1.5333333327999998,0.0,0.29915380477905273,-0.12859802405078946,1.5333333327999998,0.0,0.29915380477905273,-0.12859802405078946,local_avoidance,SAFE_PROGRESSING,NONE,DIRECT_LOCAL,PASS_THROUGH,0,5,0,0,0,0,1,1.5333333327999998,9.48343212272022,inf,0.0,1,1,1,CURRENT_OCCUPIED,current,3.949999999999994,1.5500000000000005,19.450000000000003,0,0,0,0,5.0793183550700025,0,0,1,0,2.0,1.0,"1.251,15.009;1.294,15.225;1.347,15.438;1.408,15.650;1.472,15.860;1.540,16.070;1.610,16.278;1.681,16.486;1.752,16.694;1.825,16.902;1.897,17.110;1.968,17.318;2.003,17.422",2.1500000000000004,24.450000000000003,2.0,2.1500000000000004,24.450000000000003,2.0,2.1500000000000004,24.450000000000003,2.0,3.8823414357491557,0.0,0.0,0,0,9,1,,,0,1,PASS_THROUGH,-1,0.9964435032410256,0.07881503145885561,0.02980831536487074,0.9,0,0.9955778714237778,0.08849074057828794,0.031529204925048196,4.5,0.9,0,0,0,BYPASS_VISIBLE,1,0,1,1,1
1787562515618208768,1787562515633998592,joint_v2_000008_af4e508d,3050,171,0.03333333333333333,5.7,15.78974723815918,frame_id_exact,1,,1.2610366344451904,15.070329666137695,1.6964213848114014,0.11909389310486679,0.009176625153244408,-0.09564627704826108,0.9882227602432211,0.2910819947719574,1.7927441596984863,-0.11529149115085602,1.737816153974993,0.04455642045570783,-0.5384813999805181,-0.18811809434845214,-0.12104829400777817,depth/003050.png,1.0,0.04091887466664128,-0.23362717148085463,-0.9714648683518468,1.737816153974993,0.04455642045570783,-0.5384813999805181,-0.12104829400777817,0.9951039713612264,0.0934395888031058,0.032204493869986105,4.5,0.9,1.4666666661999999,0.0,0.30357861518859863,-0.15851275761546046,1.4666666661999999,0.0,0.30357861518859863,-0.15851275761546046,local_avoidance,SAFE_PROGRESSING,NONE,DIRECT_LOCAL,PASS_THROUGH,0,5,0,0,0,0,1,1.4666666661999999,9.42170215180013,inf,0.0,1,1,1,CURRENT_OCCUPIED,current,3.899999999999994,1.5500000000000005,19.450000000000003,0,0,0,0,0.0,0,0,1,0,2.0,1.0,"1.251,15.009;1.294,15.225;1.347,15.438;1.408,15.650;1.472,15.860;1.540,16.070;1.610,16.278;1.681,16.486;1.752,16.694;1.825,16.902;1.897,17.110;1.968,17.318;2.003,17.422",2.1500000000000004,24.450000000000003,2.0,2.1500000000000004,24.450000000000003,2.0,2.1500000000000004,24.450000000000003,2.0,3.8823414357491557,0.0,0.0,0,0,9,1,,,0,1,PASS_THROUGH,-1,0.9964435032410256,0.07881503145885561,0.02980831536487074,0.9,0,0.9951039713612264,0.0934395888031058,0.032204493869986105,4.5,0.9,0,0,0,BYPASS_VISIBLE,1,0,1,1,1
1787562515662201856,1787562515679227904,joint_v2_000008_af4e508d,3051,172,0.03333333333333333,5.733333333333333,17.02594757080078,frame_id_exact,1,,1.270686388015747,15.128533363342285,1.6931231021881104,0.13940463354036872,0.00538524857768434,-0.09800999627940107,0.9853585072827777,0.28715264797210693,1.6970654726028442,-0.08309630304574966,1.6316548143391298,0.04046824801296535,-0.5526823182124423,-0.19298220087345377,-0.1151699423789978,depth/003051.png,1.0,0.037938896228953106,-0.27367146684115573,-0.9610746944904641,1.6316548143391298,0.04046824801296535,-0.5526823182124423,-0.1151699423789978,0.9945764970072695,0.09871411761697751,0.03275842767671907,4.5,0.9,1.3999999995999999,0.0,0.30687689781188965,-0.168163161113567,1.3999999995999999,0.0,0.30687689781188965,-0.168163161113567,local_avoidance,SAFE_PROGRESSING,NONE,DIRECT_LOCAL,PASS_THROUGH,0,5,0,0,0,0,1,1.3999999995999999,9.36284853485005,inf,0.0,1,1,1,CURRENT_OCCUPIED,current,3.7999999999999945,1.6500000000000006,19.450000000000003,0,0,0,0,0.0,0,0,1,0,2.0,1.0,"1.251,15.009;1.294,15.225;1.347,15.438;1.408,15.650;1.472,15.860;1.540,16.070;1.610,16.278;1.681,16.486;1.752,16.694;1.825,16.902;1.897,17.110;1.968,17.318;2.003,17.422",2.1500000000000004,24.450000000000003,2.0,2.1500000000000004,24.450000000000003,2.0,2.1500000000000004,24.450000000000003,2.0,3.8823414357491557,0.0,0.0,0,0,9,1,,,0,1,PASS_THROUGH,-1,0.9964435032410256,0.07881503145885561,0.02980831536487074,0.9,0,0.9945764970072695,0.09871411761697751,0.03275842767671907,4.5,0.9,0,0,0,BYPASS_VISIBLE,1,0,1,1,1
1787562515707644928,1787562515724719872,joint_v2_000008_af4e508d,3052,173,0.03333333333333333,5.766666666666667,17.0748233795166,frame_id_exact,1,,1.280138373374939,15.183359146118164,1.690859317779541,0.1447554201452888,0.0024866311777117034,-0.1002788093475303,0.9843697706653678,0.2794896066188812,1.591787338256836,-0.05284339189529419,1.5334103637449061,0.037451285679002376,-0.511804505715282,-0.19810959799443137,-0.11250357329845428,depth/003052.png,1.0,0.03392733148180897,-0.2844870066343991,-0.9580793700078939,1.5334103637449061,0.037451285679002376,-0.511804505715282,-0.11250357329845428,0.9939952778165495,0.10426598172761892,0.03319627588716151,4.5,0.9,1.333333333,0.0,0.309140682220459,-0.13264116500209144,1.333333333,0.0,0.309140682220459,-0.13264116500209144,local_avoidance,SAFE_PROGRESSING,NONE,DIRECT_LOCAL,PASS_THROUGH,0,5,0,0,0,0,1,1.333333333,9.307378361510116,inf,0.0,1,1,1,CURRENT_OCCUPIED,current,3.649999999999995,1.5500000000000005,19.35,0,0,0,0,5.988190725958148,0,0,1,0,2.0,1.0,"1.280,15.183;1.327,15.398;1.384,15.611;1.446,15.822;1.512,16.032;1.579,16.241;1.647,16.450;1.717,16.659;1.787,16.868;1.857,17.076;1.927,17.285;1.996,17.494;2.031,17.598",2.1500000000000004,24.450000000000003,2.0,2.1500000000000004,24.450000000000003,2.0,2.1500000000000004,24.450000000000003,2.0,3.8823414357491557,0.0,0.0,0,0,9,1,,,0,1,PASS_THROUGH,-1,0.9964435032410256,0.07881503145885561,0.02980831536487074,0.9,0,0.9939952778165495,0.10426598172761892,0.03319627588716151,4.5,0.9,0,0,0,BYPASS_VISIBLE,1,0,1,1,1
1787562515757100288,1787562515775062528,joint_v2_000008_af4e508d,3053,174,0.03333333333333333,5.8,17.962217330932617,frame_id_exact,1,,1.289298176765442,15.234664916992188,1.6896058320999146,0.13608827006484106,0.0007822604902987946,-0.10250965351959924,0.9853786793687876,0.2699512541294098,1.487587571144104,-0.022048408165574074,1.4499071493234343,0.03528151307810345,-0.4275524142216999,-0.20329367407974522,-0.11110790818929672,depth/003053.png,1.0,0.029442368442563028,-0.2680365811645068,-0.9629587416385684,1.4499071493234343,0.03528151307810345,-0.4275524142216999,-0.11110790818929672,0.9933795081023911,0.10988051035260657,0.033517552519569054,4.5,0.9,1.2666666664,0.0,0.31039416790008545,-0.1373843392089269,1.2666666664,0.0,0.31039416790008545,-0.1373843392089269,local_avoidance,SAFE_PROGRESSING,NONE,DIRECT_LOCAL,PASS_THROUGH,0,5,0,0,0,0,1,1.2666666664,9.255442092122555,inf,0.0,1,1,1,HISTORY_OCCUPIED,history,3.599999999999995,1.5500000000000005,19.35,1,0,0,0,0.0,0,0,1,0,2.0,1.0,"1.280,15.183;1.327,15.398;1.384,15.611;1.446,15.822;1.512,16.032;1.579,16.241;1.647,16.450;1.717,16.659;1.787,16.868;1.857,17.076;1.927,17.285;1.996,17.494;2.031,17.598",2.1500000000000004,24.450000000000003,2.0,2.1500000000000004,24.450000000000003,2.0,2.1500000000000004,24.450000000000003,2.0,3.8823414357491557,0.0,0.0,0,0,9,1,,,1,1,PASS_THROUGH,-1,0.9939379730381301,0.10994228373493682,0.0,0.9,0,0.9933795081023911,0.10988051035260657,0.033517552519569054,4.5,0.9,0,0,0,BYPASS_VISIBLE,1,0,1,1,1
1787562515808963584,1787562515826054912,joint_v2_000008_af4e508d,3054,175,0.03333333333333333,5.833333333333333,17.09127426147461,frame_id_exact,1,,1.29813551902771,15.282646179199219,1.6894186735153198,0.11687565604554703,0.0002920132773638591,-0.10466956744919542,0.9876154501637605,0.26043009757995605,1.393572449684143,0.01140444166958332,1.381457997334112,0.03358314335079819,-0.31692908294801325,-0.20824501242258578,-0.11020264029502869,depth/003054.png,1.0,0.025043442376011707,-0.23079527751035336,-0.9726799915043377,1.381457997334112,0.03358314335079819,-0.31692908294801325,-0.11020264029502869,0.9927625082137611,0.11526461386937681,0.03371455286171291,4.5,0.9,1.1999999998,0.0,0.3105813264846802,-0.15646950419925587,1.1999999998,0.0,0.3105813264846802,-0.15646950419925587,local_avoidance,SAFE_PROGRESSING,NONE,DIRECT_LOCAL,PASS_THROUGH,0,5,0,0,0,0,1,1.1999999998,9.206847949743327,inf,0.0,1,1,1,HISTORY_OCCUPIED,history,3.5499999999999954,1.5500000000000005,19.35,2,0,0,0,0.0,0,0,1,0,2.0,1.0,"1.280,15.183;1.327,15.398;1.384,15.611;1.446,15.822;1.512,16.032;1.579,16.241;1.647,16.450;1.717,16.659;1.787,16.868;1.857,17.076;1.927,17.285;1.996,17.494;2.031,17.598",2.1500000000000004,24.450000000000003,2.0,2.1500000000000004,24.450000000000003,2.0,2.1500000000000004,24.450000000000003,2.0,3.8823414357491557,0.0,0.0,0,0,9,1,,,0,1,PASS_THROUGH,-1,0.9933795081023911,0.10988051035260657,0.033517552519569054,0.9,0,0.9927625082137611,0.11526461386937681,0.03371455286171291,4.5,0.9,0,0,0,BYPASS_VISIBLE,1,0,1,1,1
1787562515864247296,1787562515882228992,joint_v2_000008_af4e508d,3055,176,0.03333333333333333,5.866666666666666,17.981767654418945,frame_id_exact,1,,1.3066775798797607,15.327750205993652,1.6904056072235107,0.09239677208550744,0.0007531883660198577,-0.10672604308360906,0.9899857680508239,0.25244367122650146,1.3156927824020386,0.04845380783081055,1.3254921978057466,0.032177261612681904,-0.19788414209238292,-0.2128258937593394,-0.11113549768924713,depth/003055.png,1.0,0.021213575282810777,-0.1827822091289722,-0.9829245384309282,1.3254921978057466,0.032177261612681904,-0.19788414209238292,-0.11113549768924713,0.9921652864773473,0.12028006411088536,0.03377499795417708,4.5,0.9,1.1333333332,0.0,0.30959439277648926,-0.06954327336716914,1.1333333332,0.0,0.30959439277648926,-0.06954327336716914,local_avoidance,SAFE_PROGRESSING,NONE,DIRECT_LOCAL,PASS_THROUGH,0,5,0,0,0,0,1,1.1333333332,9.161148072623122,inf,0.0,1,1,1,HISTORY_OCCUPIED,history,3.599999999999995,1.6500000000000006,19.450000000000003,1,0,0,0,6.912229061678945,0,0,1,0,2.0,1.0,"1.307,15.328;1.355,15.542;1.409,15.756;1.465,15.968;1.523,16.181;1.582,16.392;1.642,16.604;1.701,16.816;1.762,17.028;1.822,17.239;1.882,17.451;1.942,17.663;1.971,17.768",2.1500000000000004,24.450000000000003,2.0,2.1500000000000004,24.450000000000003,2.0,2.1500000000000004,24.450000000000003,2.0,3.8823414357491557,0.0,0.0,0,0,9,1,,,0,1,PASS_THROUGH,-1,0.9933795081023911,0.10988051035260657,0.033517552519569054,0.9,0,0.9921652864773473,0.12028006411088536,0.03377499795417708,4.5,0.9,0,0,0,BYPASS_VISIBLE,1,0,1,1,1
1787562515914337792,1787562515931338752,joint_v2_000008_af4e508d,3056,177,0.03333333333333333,5.9,17.000913619995117,frame_id_exact,1,,1.3149917125701904,15.370561599731445,1.6926790475845337,0.068561138823546,0.0017283263152417818,-0.1086699076512844,0.9917092488740981,0.2468395233154297,1.2559936046600342,0.08752012997865677,1.279651611795531,0.031012612110158436,-0.0874038253635407,-0.2170370025546405,-0.10958743840456009,depth/003056.png,1.0,0.018329059632638797,-0.1356097968471659,-0.990592766262733,1.279651611795531,0.031012612110158436,-0.0874038253635407,-0.10958743840456009,0.9915936129712289,0.1249292471098317,0.03368664321708872,4.5,0.9,1.0666666666,0.0,0.3073209524154663,-0.06858043056328422,1.0666666666,0.0,0.3073209524154663,-0.06858043056328422,local_avoidance,SAFE_PROGRESSING,NONE,DIRECT_LOCAL,PASS_THROUGH,0,5,0,0,0,0,1,1.0666666666,9.117754137085937,inf,0.0,1,1,1,HISTORY_OCCUPIED,history,3.5499999999999954,1.6500000000000006,19.450000000000003,2,0,0,0,0.0,0,0,1,0,2.0,1.0,"1.307,15.328;1.355,15.542;1.409,15.756;1.465,15.968;1.523,16.181;1.582,16.392;1.642,16.604;1.701,16.816;1.762,17.028;1.822,17.239;1.882,17.451;1.942,17.663;1.971,17.768",2.1500000000000004,24.450000000000003,2.0,2.1500000000000004,24.450000000000003,2.0,2.1500000000000004,24.450000000000003,2.0,3.8823414357491557,0.0,0.0,0,0,9,1,,,0,1,PASS_THROUGH,-1,0.9933795081023911,0.10988051035260657,0.033517552519569054,0.9,0,0.9915936129712289,0.1249292471098317,0.03368664321708872,4.5,0.9,0,0,0,BYPASS_VISIBLE,1,0,1,1,1
1787562515961784064,1787562515978374144,joint_v2_000008_af4e508d,3057,178,0.03333333333333333,5.933333333333334,16.590118408203125,frame_id_exact,1,,1.3231607675552368,15.411665916442871,1.6962239742279053,0.050680191810629126,0.0027177868127051794,-0.11046435472469869,0.9925833759076034,0.24366037547588348,1.2124627828598022,0.12437451630830765,1.2425824748738212,0.02990047063784659,-0.00039204106227394564,-0.22083543039998743,-0.10390329360961914,depth/003057.png,1.0,0.016591969390474356,-0.10000819462498871,-0.9948482635857571,1.2425824748738212,0.02990047063784659,-0.00039204106227394564,-0.10390329360961914,0.9910576813361447,0.1291730874565283,0.03345124424551125,4.5,0.9,1.0,0.0,0.3037760257720947,-0.0756140648902387,1.0,0.0,0.3037760257720947,-0.0756140648902387,local_avoidance,SAFE_PROGRESSING,NONE,DIRECT_LOCAL,PASS_THROUGH,0,5,0,0,0,0,1,1.0,9.0760754802007,inf,0.0,1,1,1,HISTORY_OCCUPIED,history,3.5499999999999954,1.5500000000000005,19.450000000000003,1,0,0,0,0.0,0,0,1,0,2.0,1.0,"1.307,15.328;1.355,15.542;1.409,15.756;1.465,15.968;1.523,16.181;1.582,16.392;1.642,16.604;1.701,16.816;1.762,17.028;1.822,17.239;1.882,17.451;1.942,17.663;1.971,17.768",2.1500000000000004,24.450000000000003,2.0,2.1500000000000004,24.450000000000003,2.0,2.1500000000000004,24.450000000000003,2.0,3.8823414357491557,0.0,0.0,0,0,9,1,,,0,1,PASS_THROUGH,-1,0.9933795081023911,0.10988051035260657,0.033517552519569054,0.9,0,0.9910576813361447,0.1291730874565283,0.03345124424551125,4.5,0.9,0,0,0,BYPASS_VISIBLE,1,0,1,1,1
1787562516010398720,1787562516029837568,joint_v2_000008_af4e508d,3058,179,0.03333333333333333,5.966666666666667,19.438982009887695,frame_id_exact,1,,1.3312541246414185,15.451509475708008,1.7009316682815552,0.04255054012268559,0.003209260785795725,-0.1121223889604974,0.992777780812135,0.2421182096004486,1.179214596748352,0.15719105303287506,1.2124308584856107,0.028676712238327393,0.055374897969516224,-0.2242552089200163,-0.09657047688961029,depth/003058.png,1.0,0.015913902022169385,-0.0837668016185137,-0.996358304360953,1.2124308584856107,0.028676712238327393,0.055374897969516224,-0.09657047688961029,0.9905572621720415,0.13304881648357306,0.033080550033971715,4.5,0.9,1.0,0.0,0.2990683317184448,-0.05459233401254315,1.0,0.0,0.2990683317184448,-0.05459233401254315,local_avoidance,SAFE_PROGRESSING,NONE,DIRECT_LOCAL,PASS_THROUGH,0,5,0,0,0,0,1,1.0,9.035661377242372,inf,0.0,1,1,1,HISTORY_OCCUPIED,history,3.4999999999999956,1.5500000000000005,19.450000000000003,2,0,0,0,7.650019478430047,0,0,1,0,2.0,1.0,"1.331,15.452;1.381,15.666;1.436,15.879;1.493,16.091;1.551,16.304;1.609,16.516;1.668,16.728;1.727,16.940;1.786,17.152;1.845,17.363;1.905,17.575;1.964,17.787;1.993,17.893",2.1500000000000004,24.450000000000003,2.0,2.1500000000000004,24.450000000000003,2.0,2.1500000000000004,24.450000000000003,2.0,3.8823414357491557,0.0,0.0,0,0,9,1,,,0,1,PASS_THROUGH,-1,0.9933795081023911,0.10988051035260657,0.033517552519569054,0.9,0,0.9905572621720415,0.13304881648357306,0.033080550033971715,4.5,0.9,0,0,0,BYPASS_VISIBLE,1,0,1,1,1
1787562516059394304,1787562516076006400,joint_v2_000008_af4e508d,3059,180,0.03333333333333333,6.0,16.61205291748047,frame_id_exact,1,,1.3393052816390991,15.490313529968262,1.706623911857605,0.044543395054034124,0.0029637890594873704,-0.11366721623515139,0.9925154234896415,0.2409064918756485,1.1488476991653442,0.18318426609039307,1.1850958188319263,0.027170096784185752,0.07907676698144178,-0.22735130645353402,-0.08899815380573273,depth/003059.png,1.0,0.016009460141931487,-0.08774624190764191,-0.9960142038229423,1.1850958188319263,0.027170096784185752,0.07907676698144178,-0.08899815380573273,0.9900881976775356,0.13661268925084977,0.03259346491706693,4.5,0.9,1.0,0.0,0.293376088142395,-0.05418992625665198,1.0,0.0,0.293376088142395,-0.05418992625665198,local_avoidance,SAFE_PROGRESSING,NONE,DIRECT_LOCAL,PASS_THROUGH,0,5,0,0,0,0,1,1.0,8.996288544041265,inf,0.0,1,1,1,CURRENT_OCCUPIED,current,3.5499999999999954,1.6500000000000006,19.55,0,0,0,0,0.0,0,0,1,0,2.0,1.0,"1.331,15.452;1.381,15.666;1.436,15.879;1.493,16.091;1.551,16.304;1.609,16.516;1.668,16.728;1.727,16.940;1.786,17.152;1.845,17.363;1.905,17.575;1.964,17.787;1.993,17.893",2.1500000000000004,24.450000000000003,2.0,2.1500000000000004,24.450000000000003,2.0,2.1500000000000004,24.450000000000003,2.0,3.8823414357491557,0.0,0.0,0,0,9,1,,,1,1,PASS_THROUGH,-1,0.9906145192171786,0.13668531126685798,0.0,0.9,0,0.9900881976775356,0.13661268925084977,0.03259346491706693,4.5,0.9,0,0,0,BYPASS_VISIBLE,1,0,1,1,1
1787562516108926720,1787562516125642240,joint_v2_000008_af4e508d,3060,181,0.03333333333333333,6.033333333333333,16.715526580810547,frame_id_exact,1,,1.3473063707351685,15.528068542480469,1.71308434009552,0.051201471954374675,0.0023738841833363606,-0.1150910801543245,0.9920316613961978,0.23898570239543915,1.115727424621582,0.20382265746593475,1.1555440602991058,0.025213247701604206,0.08710766066437137,-0.23016270278306342,-0.0817866250872612,depth/003060.png,1.0,0.016495601966155318,-0.10104053678801538,-0.994745547887179,1.1555440602991058,0.025213247701604206,0.08710766066437137,-0.0817866250872612,0.989647614225966,0.13990277879577923,0.032012687204805296,4.5,0.9,1.0,0.0,0.28691565990448,-0.05958380395373997,1.0,0.0,0.28691565990448,-0.05958380395373997,local_avoidance,SAFE_PROGRESSING,NONE,DIRECT_LOCAL,PASS_THROUGH,0,5,0,0,0,0,1,1.0,8.95796729147517,inf,0.0,1,1,1,CURRENT_OCCUPIED,current,3.4999999999999956,1.6500000000000006,19.55,0,0,0,0,0.0,0,0,1,0,2.0,1.0,"1.331,15.452;1.381,15.666;1.436,15.879;1.493,16.091;1.551,16.304;1.609,16.516;1.668,16.728;1.727,16.940;1.786,17.152;1.845,17.363;1.905,17.575;1.964,17.787;1.993,17.893",2.1500000000000004,24.450000000000003,2.0,2.1500000000000004,24.450000000000003,2.0,2.1500000000000004,24.450000000000003,2.0,3.8823414357491557,0.0,0.0,0,0,9,1,,,0,1,PASS_THROUGH,-1,0.9900881976775356,0.13661268925084977,0.03259346491706693,0.9,0,0.989647614225966,0.13990277879577923,0.032012687204805296,4.5,0.9,0,0,0,BYPASS_VISIBLE,1,0,1,1,1
1787562516154281216,1787562516170141184,joint_v2_000008_af4e508d,3061,182,0.03333333333333333,6.066666666666666,15.86008071899414,frame_id_exact,1,,1.355226993560791,15.564645767211914,1.7201799154281616,0.05700330748674276,0.0018546104455407642,-0.11639871914316947,0.9915636749788169,0.23609626293182373,1.0783332586288452,0.22144471108913422,1.121591901753839,0.02274343874155428,0.09537381202008784,-0.23275095980867772,-0.07573100924491882,depth/003061.png,1.0,0.016948152654831204,-0.11261306955426334,-0.9934943667113343,1.121591901753839,0.02274343874155428,0.09537381202008784,-0.07573100924491882,0.9892291621152633,0.14297811036930924,0.03135163115302695,4.5,0.9,1.0,0.0,0.2798200845718384,-0.043582894962594376,1.0,0.0,0.2798200845718384,-0.043582894962594376,local_avoidance,SAFE_PROGRESSING,NONE,DIRECT_LOCAL,PASS_THROUGH,0,5,0,0,0,0,1,1.0,8.920828659597136,inf,0.0,1,1,1,CURRENT_OCCUPIED,current,3.399999999999996,1.5500000000000005,19.450000000000003,0,0,0,0,8.224284413215683,0,0,1,0,2.0,1.0,"1.355,15.565;1.407,15.778;1.463,15.991;1.519,16.204;1.577,16.416;1.635,16.628;1.693,16.841;1.751,17.053;1.810,17.265;1.868,17.477;1.926,17.689;1.985,17.901;2.014,18.007",2.1500000000000004,24.450000000000003,2.0,2.1500000000000004,24.450000000000003,2.0,2.1500000000000004,24.450000000000003,2.0,3.8823414357491557,0.0,0.0,0,0,9,1,,,0,1,PASS_THROUGH,-1,0.9900881976775356,0.13661268925084977,0.03259346491706693,0.9,0,0.9892291621152633,0.14297811036930924,0.03135163115302695,4.5,0.9,0,0,0,BYPASS_VISIBLE,1,0,1,1,1
1787562516200123392,1787562516215964928,joint_v2_000008_af4e508d,3062,183,0.03333333333333333,6.1,15.84172248840332,frame_id_exact,1,,1.3630393743515015,15.599929809570312,1.7278196811676025,0.05806844495535406,0.0016702290457617816,-0.11761468931978598,0.9913586893206777,0.23260924220085144,1.038596272468567,0.23650409281253815,1.0842832497980472,0.019836982588780923,0.11251573662868421,-0.23519875669284016,-0.07029913365840912,depth/003062.png,1.0,0.016970996380757573,-0.11474042802303912,-0.9932505320708034,1.0842832497980472,0.019836982588780923,0.11251573662868421,-0.07029913365840912,0.9888226447739843,0.14591858025438734,0.0306193585616508,4.5,0.9,1.0,0.0,0.27218031883239746,-0.04263567828312387,1.0,0.0,0.27218031883239746,-0.04263567828312387,local_avoidance,SAFE_PROGRESSING,NONE,DIRECT_LOCAL,PASS_THROUGH,0,5,0,0,0,0,1,1.0,8.884990118275502,inf,0.0,1,1,1,CURRENT_OCCUPIED,current,3.349999999999996,1.5500000000000005,19.450000000000003,0,0,0,0,0.0,0,0,1,0,2.0,1.0,"1.355,15.565;1.407,15.778;1.463,15.991;1.519,16.204;1.577,16.416;1.635,16.628;1.693,16.841;1.751,17.053;1.810,17.265;1.868,17.477;1.926,17.689;1.985,17.901;2.014,18.007",2.1500000000000004,24.450000000000003,2.0,2.1500000000000004,24.450000000000003,2.0,2.1500000000000004,24.450000000000003,2.0,3.8823414357491557,0.0,0.0,0,0,9,1,,,0,1,PASS_THROUGH,-1,0.9900881976775356,0.13661268925084977,0.03259346491706693,0.9,0,0.9888226447739843,0.14591858025438734,0.0306193585616508,4.5,0.9,0,0,0,BYPASS_VISIBLE,1,0,1,1,1
1787562516243083520,1787562516260871936,joint_v2_000008_af4e508d,3063,184,0.03333333333333333,6.133333333333334,17.788410186767578,frame_id_exact,1,,1.370735764503479,15.633905410766602,1.7359144687652588,0.05246035491781191,0.001917797488352412,-0.11874977706844646,0.9915355382742896,0.22927288711071014,1.0005229711532593,0.24870872497558594,1.046596117379888,0.01665067806896523,0.1408105978028481,-0.2375469270427555,-0.06513019651174545,depth/003063.png,1.0,0.016262439632672668,-0.10357713645457726,-0.9944884664293817,1.046596117379888,0.01665067806896523,0.1408105978028481,-0.06513019651174545,0.9884228820483281,0.14876376039104555,0.029825322086989643,4.5,0.9,1.0,0.0,0.2640855312347412,-0.045278583420816365,1.0,0.0,0.2640855312347412,-0.045278583420816365,local_avoidance,SAFE_PROGRESSING,NONE,DIRECT_LOCAL,PASS_THROUGH,0,5,0,0,0,0,1,1.0,8.8504675896268,inf,0.0,1,1,1,CURRENT_OCCUPIED,current,3.2999999999999963,1.5500000000000005,19.450000000000003,0,0,0,0,0.0,0,0,1,0,2.0,1.0,"1.355,15.565;1.407,15.778;1.463,15.991;1.519,16.204;1.577,16.416;1.635,16.628;1.693,16.841;1.751,17.053;1.810,17.265;1.868,17.477;1.926,17.689;1.985,17.901;2.014,18.007",2.1500000000000004,24.450000000000003,2.0,2.1500000000000004,24.450000000000003,2.0,2.1500000000000004,24.450000000000003,2.0,3.8823414357491557,0.0,0.0,0,0,9,1,,,0,1,PASS_THROUGH,-1,0.9900881976775356,0.13661268925084977,0.03259346491706693,0.9,0,0.9884228820483281,0.14876376039104555,0.029825322086989643,4.5,0.9,0,0,0,BYPASS_VISIBLE,1,0,1,1,1
1787562516294452992,1787562516310433792,joint_v2_000008_af4e508d,3064,185,0.03333333333333333,6.166666666666667,15.980958938598633,frame_id_exact,1,,1.3783351182937622,15.666701316833496,1.7443608045578003,0.04022046471443187,0.002545379968501324,-0.11980213399916399,0.9919794775841976,0.22692859172821045,0.968704342842102,0.2575284540653229,1.0121395037807297,0.013416399425161925,0.17776169258627003,-0.23979488008919658,-0.060658328235149384,depth/003064.png,1.0,0.014686924389268479,-0.0791858672471012,-0.9967516705179422,1.0121395037807297,0.013416399425161925,0.17776169258627003,-0.060658328235149384,0.9880301939787515,0.15151376423475593,0.028981287647818262,4.5,0.9,1.0,0.0,0.2556391954421997,-0.035529098639499046,1.0,0.0,0.2556391954421997,-0.035529098639499046,local_avoidance,SAFE_PROGRESSING,NONE,DIRECT_LOCAL,PASS_THROUGH,0,5,0,0,0,0,1,1.0,8.817131191457525,inf,0.0,1,1,1,HISTORY_OCCUPIED,history,3.2999999999999963,1.5500000000000005,19.450000000000003,1,0,0,0,8.718352221608178,0,0,1,0,2.0,1.0,"1.378,15.667;1.432,15.880;1.488,16.092;1.544,16.305;1.602,16.517;1.659,16.730;1.716,16.942;1.774,17.154;1.832,17.367;1.889,17.579;1.947,17.791;2.005,18.004;2.033,18.110",2.1500000000000004,24.450000000000003,2.0,2.1500000000000004,24.450000000000003,2.0,2.1500000000000004,24.450000000000003,2.0,3.8823414357491557,0.0,0.0,0,0,9,1,,,0,1,PASS_THROUGH,-1,0.9900881976775356,0.13661268925084977,0.03259346491706693,0.9,0,0.9880301939787515,0.15151376423475593,0.028981287647818262,4.5,0.9,0,0,0,BYPASS_VISIBLE,1,0,1,1,1
1787562516340240128,1787562516356276224,joint_v2_000008_af4e508d,3065,186,0.03333333333333333,6.2,16.036033630371094,frame_id_exact,1,,1.38588285446167,15.698598861694336,1.7530351877212524,0.02309442305840346,0.003388413867879487,-0.1207602754934616,0.9924072360365994,0.2262529730796814,0.9469635486602783,0.2622953951358795,0.9844079232199867,0.010404598092352411,0.21808720656746214,-0.24190064653944315,-0.0565853975713253,depth/003065.png,1.0,0.012303150664131436,-0.045019773526158186,-0.9989103325501189,0.9844079232199867,0.010404598092352411,0.21808720656746214,-0.0565853975713253,0.9876509646185155,0.1541293334223209,0.028101969093054114,4.5,0.9,1.0,0.0,0.24696481227874756,-0.033393056721673364,1.0,0.0,0.24696481227874756,-0.033393056721673364,local_avoidance,SAFE_PROGRESSING,NONE,DIRECT_LOCAL,PASS_THROUGH,0,5,0,0,0,0,1,1.0,8.784696744660192,inf,0.0,1,1,1,HISTORY_OCCUPIED,history,3.2499999999999964,1.5500000000000005,19.450000000000003,2,0,0,0,0.0,0,0,1,0,2.0,1.0,"1.378,15.667;1.432,15.880;1.488,16.092;1.544,16.305;1.602,16.517;1.659,16.730;1.716,16.942;1.774,17.154;1.832,17.367;1.889,17.579;1.947,17.791;2.005,18.004;2.033,18.110",2.1500000000000004,24.450000000000003,2.0,2.1500000000000004,24.450000000000003,2.0,2.1500000000000004,24.450000000000003,2.0,3.8540675450204493,0.0,0.0,0,0,9,1,,,1,1,PASS_THROUGH,-1,0.9880411799437866,0.15419022905258886,0.0,0.9,0,0.9876509646185155,0.1541293334223209,0.028101969093054114,4.5,0.9,0,0,0,BYPASS_VISIBLE,1,0,1,1,1
1787562516385436672,1787562516401075712,joint_v2_000008_af4e508d,3066,187,0.03333333333333333,6.233333333333333,15.63882827758789,frame_id_exact,1,,1.3934409618377686,15.72996997833252,1.7617906332015991,0.004013193836011203,0.0042223934240504715,-0.12161115482345143,0.9925607249390406,0.22757744789123535,0.9373785257339478,0.2622896730899811,0.9663900955657457,0.007880111157348975,0.25552681844781583,-0.24379753269323934,-0.05269739404320717,depth/003066.png,1.0,0.009358062029762106,-0.006939696885548886,-0.9999321313380143,0.9663900955657457,0.007880111157348975,0.25552681844781583,-0.05269739404320717,0.9872956123748728,0.15654792199066214,0.027205181597089505,4.5,0.9,1.0,0.0,0.23820936679840088,-0.033734147597691,1.0,0.0,0.23820936679840088,-0.033734147597691,local_avoidance,SAFE_PROGRESSING,NONE,DIRECT_LOCAL,PASS_THROUGH,0,5,0,0,0,0,1,1.0,8.752788421812054,inf,0.0,1,1,1,CURRENT_OCCUPIED,current,3.2999999999999963,1.6500000000000006,19.55,0,0,0,0,0.0,0,0,1,0,2.0,1.0,"1.378,15.667;1.432,15.880;1.488,16.092;1.544,16.305;1.602,16.517;1.659,16.730;1.716,16.942;1.774,17.154;1.832,17.367;1.889,17.579;1.947,17.791;2.005,18.004;2.033,18.110",2.1500000000000004,24.450000000000003,2.0,2.1500000000000004,24.450000000000003,2.0,2.1500000000000004,24.450000000000003,2.0,3.8229957032184614,0.0,0.0,0,0,9,1,,,0,1,PASS_THROUGH,-1,0.9876509646185155,0.1541293334223209,0.028101969093054114,0.9,0,0.9872956123748728,0.15654792199066214,0.027205181597089505,4.5,0.9,0,0,0,BYPASS_VISIBLE,1,0,1,1,1
1787562516428115968,1787562516443597056,joint_v2_000008_af4e508d,3067,188,0.03333333333333333,6.266666666666667,15.480995178222656,frame_id_exact,1,,1.401075839996338,15.761224746704102,1.7704594135284424,-0.013578269229869004,0.004818600414802892,-0.12236610241475245,0.9923804455321488,0.23081256449222565,0.9398203492164612,0.25706127285957336,0.9601248803408461,0.0060892881832826555,0.2841484848682281,-0.24546049568067232,-0.04922360181808472,depth/003067.png,1.0,0.0062407298865725155,0.028128884439492817,-0.9995848233895273,0.9601248803408461,0.0060892881832826555,0.2841484848682281,-0.04922360181808472,0.9869684129816331,0.15874843108932954,0.026311355023880188,4.5,0.9,1.0,0.0,0.22954058647155762,-0.09109671057604851,1.0,0.0,0.22954058647155762,-0.09109671057604851,local_avoidance,SAFE_PROGRESSING,NONE,DIRECT_LOCAL,PASS_THROUGH,0,5,0,0,0,0,1,1.0,8.720992076577323,inf,0.0,1,1,1,CURRENT_OCCUPIED,current,3.2999999999999963,1.6500000000000006,19.55,0,0,0,0,9.137448655864054,0,0,1,0,2.0,1.0,"1.401,15.761;1.459,15.970;1.521,16.181;1.584,16.392;1.649,16.602;1.713,16.813;1.778,17.023;1.843,17.233;1.908,17.443;1.973,17.653;2.038,17.863;2.103,18.074;2.136,18.179",2.1500000000000004,24.450000000000003,2.0,2.1500000000000004,24.450000000000003,2.0,2.1500000000000004,24.450000000000003,2.0,3.7916922649514304,0.0,0.0,0,0,9,1,,,0,1,PASS_THROUGH,-1,0.9876509646185155,0.1541293334223209,0.028101969093054114,0.9,0,0.9869684129816331,0.15874843108932954,0.026311355023880188,4.5,0.9,0,0,0,BYPASS_VISIBLE,1,0,1,1,1
1787562516476766208,1787562516493569536,joint_v2_000008_af4e508d,3068,189,0.03333333333333333,6.3,16.803503036499023,frame_id_exact,1,,1.4088444709777832,15.792732238769531,1.778869390487671,-0.026460710874135655,0.004996593424917354,-0.12307998675373487,0.9920313410849891,0.235480397939682,0.9520410895347595,0.24688869714736938,0.9660399950098244,0.005243878417511112,0.29920981356908977,-0.24696713821771543,-0.0489870049059391,depth/003068.png,1.0,0.0033999866645883538,0.05372967029416715,-0.998549729668363,0.9660399950098244,0.005243878417511112,0.29920981356908977,-0.0489870049059391,0.9866573375804453,0.16081054471209333,0.025441440762409864,4.5,0.9,1.0,0.0,0.2211306095123291,-0.09306881377537213,1.0,0.0,0.2211306095123291,-0.09306881377537213,local_avoidance,SAFE_PROGRESSING,NONE,DIRECT_LOCAL,PASS_THROUGH,0,5,0,0,0,0,1,1.0,8.688935297712872,inf,0.0,1,1,1,CURRENT_OCCUPIED,current,3.149999999999997,1.6500000000000006,19.450000000000003,0,0,0,0,0.0,0,0,1,0,2.0,1.0,"1.401,15.761;1.459,15.970;1.521,16.181;1.584,16.392;1.649,16.602;1.713,16.813;1.778,17.023;1.843,17.233;1.908,17.443;1.973,17.653;2.038,17.863;2.103,18.074;2.136,18.179",2.1500000000000004,24.450000000000003,2.0,2.1500000000000004,24.450000000000003,2.0,2.1500000000000004,24.450000000000003,2.0,3.7598916915455525,0.0,0.0,0,0,9,1,,,0,1,PASS_THROUGH,-1,0.9876509646185155,0.1541293334223209,0.028101969093054114,0.9,0,0.9866573375804453,0.16081054471209333,0.025441440762409864,4.5,0.9,0,0,0,BYPASS_VISIBLE,1,0,1,1,1
1787562516519513088,1787562516537467392,joint_v2_000008_af4e508d,3069,190,0.03333333333333333,6.333333333333333,17.954349517822266,frame_id_exact,1,,1.416782259941101,15.824760437011719,1.7868760824203491,-0.03234778649704182,0.0046720428870083396,-0.12385496685171617,0.9917619371150337,0.2408333569765091,0.9702264666557312,0.23317387700080872,0.9822910317207746,0.005506508013231317,0.29796672082275205,-0.24852210385456155,-0.05230250209569931,depth/003069.png,1.0,0.0012542405591727968,0.06531991822917989,-0.9978635854480075,0.9822910317207746,0.005506508013231317,0.29796672082275205,-0.05230250209569931,0.9863292849984816,0.16293783501575432,0.02461307528048704,4.5,0.9,1.0,0.0,0.21312391757965088,-0.0988379062688094,1.0,0.0,0.21312391757965088,-0.0988379062688094,local_avoidance,SAFE_PROGRESSING,NONE,DIRECT_LOCAL,PASS_THROUGH,0,5,0,0,0,0,1,1.0,8.65634829320513,inf,0.0,1,1,1,CURRENT_OCCUPIED,current,3.099999999999997,1.6500000000000006,19.450000000000003,0,0,0,0,0.0,0,0,1,0,2.0,1.0,"1.401,15.761;1.459,15.970;1.521,16.181;1.584,16.392;1.649,16.602;1.713,16.813;1.778,17.023;1.843,17.233;1.908,17.443;1.973,17.653;2.038,17.863;2.103,18.074;2.136,18.179",2.1500000000000004,24.450000000000003,2.0,2.1500000000000004,24.450000000000003,2.0,2.1500000000000004,24.450000000000003,2.0,3.7274748841977003,0.0,0.0,0,0,9,1,,,0,1,PASS_THROUGH,-1,0.9876509646185155,0.1541293334223209,0.028101969093054114,0.9,0,0.9863292849984816,0.16293783501575432,0.02461307528048704,4.5,0.9,0,0,0,BYPASS_VISIBLE,1,0,1,1,1
1787562516565259520,1787562516583009792,joint_v2_000008_af4e508d,3070,191,0.03333333333333333,6.366666666666666,17.750263214111328,frame_id_exact,1,,1.4248977899551392,15.857430458068848,1.7943980693817139,-0.030406688237735728,0.0039024211193458952,-0.12475195599197679,0.9917142501224818,0.24602118134498596,0.9897842407226562,0.21820026636123657,1.0045901265587593,0.006821231878112259,0.2802905091324769,-0.25027861925119804,-0.057344093918800354,depth/003070.png,1.0,0.0001535856022769691,0.061283161384273956,-0.9981204088396408,1.0045901265587593,0.006821231878112259,0.2802905091324769,-0.057344093918800354,0.9859583596165253,0.1652814002146334,0.023836355538988732,4.5,0.9,1.0,0.0,0.20560193061828613,-0.011265449714623066,1.0,0.0,0.20560193061828613,-0.011265449714623066,local_avoidance,SAFE_PROGRESSING,NONE,DIRECT_LOCAL,PASS_THROUGH,0,5,0,0,0,0,1,1.0,8.623109911623237,inf,0.0,1,1,1,CURRENT_OCCUPIED,current,3.099999999999997,1.6500000000000006,19.450000000000003,0,0,0,0,9.516310927522333,0,0,1,0,2.0,1.0,"1.425,15.857;1.480,16.071;1.535,16.283;1.591,16.496;1.648,16.709;1.704,16.921;1.761,17.134;1.817,17.347;1.874,17.559;1.930,17.772;1.987,17.984;2.044,18.197;2.072,18.303",2.1500000000000004,24.450000000000003,2.0,2.1500000000000004,24.450000000000003,2.0,2.1500000000000004,24.450000000000003,2.0,3.6944736239229687,0.0,0.0,0,0,9,1,,,0,1,PASS_THROUGH,-1,0.9876509646185155,0.1541293334223209,0.028101969093054114,0.9,0,0.9859583596165253,0.1652814002146334,0.023836355538988732,4.5,0.9,0,0,0,BYPASS_VISIBLE,1,0,1,1,1
1787562516616934912,1787562516634075904,joint_v2_000008_af4e508d,3071,192,0.03333333333333333,6.4,17.140865325927734,frame_id_exact,1,,1.4331727027893066,15.890711784362793,1.8014355897903442,-0.021447926653198248,0.0028614320945747167,-0.12575324817151512,0.9918255487851483,0.2502584457397461,1.0061620473861694,0.20447169244289398,1.026963652828335,0.008829579152450607,0.2491339450503215,-0.2522396092977975,-0.05874621123075485,depth/003071.png,1.0,0.000281790028657824,0.0432648720068539,-0.9990635972972943,1.026963652828335,0.008829579152450607,0.2491339450503215,-0.05874621123075485,0.9855428844603923,0.1678424165609853,0.02311160081990734,4.5,0.9,1.0,0.0,0.19856441020965576,-0.008043854782772142,1.0,0.0,0.19856441020965576,-0.008043854782772142,local_avoidance,SAFE_PROGRESSING,NONE,DIRECT_LOCAL,PASS_THROUGH,0,5,0,0,0,0,1,1.0,8.589252361665269,inf,0.0,1,1,1,HISTORY_OCCUPIED,history,3.049999999999997,1.6500000000000006,19.450000000000003,1,0,0,0,0.0,0,0,1,0,2.0,1.0,"1.425,15.857;1.480,16.071;1.535,16.283;1.591,16.496;1.648,16.709;1.704,16.921;1.761,17.134;1.817,17.347;1.874,17.559;1.930,17.772;1.987,17.984;2.044,18.197;2.072,18.303",2.1500000000000004,24.450000000000003,2.0,2.1500000000000004,24.450000000000003,2.0,2.1500000000000004,24.450000000000003,2.0,3.661063622942049,0.0,0.0,0,0,9,1,,,1,1,PASS_THROUGH,-1,0.9858062018929147,0.16788726071225876,0.0,0.9,0,0.9855428844603923,0.1678424165609853,0.02311160081990734,4.5,0.9,0,0,0,BYPASS_VISIBLE,1,0,1,1,1
1787562516669288704,1787562516685808384,joint_v2_000008_af4e508d,3072,193,0.03333333333333333,6.433333333333334,16.519784927368164,frame_id_exact,1,,1.4415644407272339,15.924428939819336,1.8080672025680542,-0.007722748962042448,0.001786556578037586,-0.12674028990145395,0.9919042626583264,0.2529643177986145,1.0156174898147583,0.194091796875,1.0434023922580846,0.01085520396825363,0.21055894587509022,-0.2541846890126232,-0.05511734262108803,depth/003072.png,1.0,0.0015866192859006843,0.015773312627031806,-0.9998743347281255,1.0434023922580846,0.01085520396825363,0.21055894587509022,-0.05511734262108803,0.9851195497952306,0.17040065737635493,0.022429636130538028,4.5,0.9,1.0,0.0,0.1919327974319458,-0.006035467069027689,1.0,0.0,0.1919327974319458,-0.006035467069027689,local_avoidance,SAFE_PROGRESSING,NONE,DIRECT_LOCAL,PASS_THROUGH,0,5,0,0,0,0,1,1.0,8.554954286484072,inf,0.0,1,1,1,HISTORY_OCCUPIED,history,2.9999999999999973,1.6500000000000006,19.450000000000003,2,0,0,0,0.0,0,0,1,0,2.0,1.0,"1.425,15.857;1.480,16.071;1.535,16.283;1.591,16.496;1.648,16.709;1.704,16.921;1.761,17.134;1.817,17.347;1.874,17.559;1.930,17.772;1.987,17.984;2.044,18.197;2.072,18.303",2.1500000000000004,24.450000000000003,2.0,2.1500000000000004,24.450000000000003,2.0,2.1500000000000004,24.450000000000003,2.0,3.6275111783694096,0.0,0.0,0,0,9,1,,,0,1,PASS_THROUGH,-1,0.9855428844603923,0.1678424165609853,0.02311160081990734,0.9,0,0.9851195497952306,0.17040065737635493,0.022429636130538028,4.5,0.9,0,0,0,BYPASS_VISIBLE,1,0,1,1,1
1787562516712034560,1787562516729798400,joint_v2_000008_af4e508d,3073,194,0.03333333333333333,6.466666666666667,17.763853073120117,frame_id_exact,1,,1.450016975402832,15.958314895629883,1.8144246339797974,0.007603497371807996,0.0009294885998866365,-0.12762356288207635,0.9917930979170728,0.25387880206108093,1.0158871412277222,0.18800008296966553,1.0497410492367343,0.012263207600964473,0.17239055754623098,-0.25592461394205296,-0.04908794164657593,depth/003073.png,1.0,0.0037844916058296196,-0.014844943133227937,-0.9998826457573192,1.0497410492367343,0.012263207600964473,0.17239055754623098,-0.04908794164657593,0.9847221487765464,0.17276617284440834,0.02177473833590541,4.5,0.9,1.0,0.0,0.18557536602020264,0.005811504134641821,1.0,0.0,0.18557536602020264,0.005811504134641821,local_avoidance,SAFE_PROGRESSING,NONE,DIRECT_LOCAL,PASS_THROUGH,0,5,0,0,0,0,1,1.0,8.520486614419717,inf,0.0,1,1,1,HISTORY_OCCUPIED,history,2.9999999999999973,1.5500000000000005,19.450000000000003,2,0,0,0,9.951072685079106,0,0,1,0,2.0,1.0,"1.450,15.958;1.505,16.171;1.560,16.384;1.616,16.597;1.672,16.810;1.728,17.023;1.784,17.235;1.840,17.448;1.896,17.661;1.952,17.874;2.008,18.086;2.064,18.299;2.092,18.405",2.1500000000000004,24.450000000000003,2.0,2.1500000000000004,24.450000000000003,2.0,2.1500000000000004,24.450000000000003,2.0,3.5941352213428286,0.0,0.0,0,0,9,1,,,0,1,PASS_THROUGH,-1,0.9855428844603923,0.1678424165609853,0.02311160081990734,0.9,0,0.9847221487765464,0.17276617284440834,0.02177473833590541,4.5,0.9,0,0,0,BYPASS_VISIBLE,1,0,1,1,1
1787562516760519936,1787562516777164288,joint_v2_000008_af4e508d,3074,195,0.03333333333333333,6.5,16.64423942565918,frame_id_exact,1,,1.4584712982177734,15.992049217224121,1.82064688205719,0.021151117092934723,0.0004835196344461044,-0.12836652712330132,0.9915010999332209,0.2531401813030243,1.006699800491333,0.18583570420742035,1.0448360130028922,0.01262567003105994,0.14218877257425228,-0.25736771131336456,-0.0418349951505661,depth/003074.png,1.0,0.006389011390781898,-0.04181857625238271,-0.9991047929089681,1.0448360130028922,0.01262567003105994,0.14218877257425228,-0.0418349951505661,0.9843691456387893,0.17484538052744486,0.02113002656347321,4.5,0.9,1.0,0.0,0.17935311794281006,0.008182106527611088,1.0,0.0,0.17935311794281006,0.008182106527611088,local_avoidance,SAFE_PROGRESSING,NONE,DIRECT_LOCAL,PASS_THROUGH,0,5,0,0,0,0,1,1.0,8.4861736600925,inf,0.0,1,1,1,CURRENT_OCCUPIED,current,3.049999999999997,1.6500000000000006,19.55,0,0,0,0,0.0,0,0,1,0,2.0,1.0,"1.450,15.958;1.505,16.171;1.560,16.384;1.616,16.597;1.672,16.810;1.728,17.023;1.784,17.235;1.840,17.448;1.896,17.661;1.952,17.874;2.008,18.086;2.064,18.299;2.092,18.405",2.1500000000000004,24.450000000000003,2.0,2.1500000000000004,24.450000000000003,2.0,2.1500000000000004,24.450000000000003,2.0,3.561221139147711,0.0,0.0,0,0,9,1,,,0,1,PASS_THROUGH,-1,0.9855428844603923,0.1678424165609853,0.02311160081990734,0.9,0,0.9843691456387893,0.17484538052744486,0.02113002656347321,4.5,0.9,0,0,0,BYPASS_VISIBLE,1,0,1,1,1
1787562516808696576,1787562516825416960,joint_v2_000008_af4e508d,3075,196,0.03333333333333333,6.533333333333333,16.72053337097168,frame_id_exact,1,,1.4668803215026855,16.025344848632812,1.8268458843231201,0.030039009876892803,0.0005293477128478537,-0.1289679530824144,0.9911935455572474,0.2512688636779785,0.9899182319641113,0.18636897206306458,1.030522775856636,0.011784810666679614,0.12526559086637618,-0.25851222418737435,-0.034152958542108536,depth/003075.png,1.0,0.008797511305551155,-0.05941240762782341,-0.9981947553532297,1.030522775856636,0.011784810666679614,0.12526559086637618,-0.034152958542108536,0.9840634452246602,0.17663418334472114,0.020481724700705244,4.5,0.9,1.0,0.0,0.17315411567687988,0.009086140941131915,1.0,0.0,0.17315411567687988,0.009086140941131915,local_avoidance,SAFE_PROGRESSING,NONE,DIRECT_LOCAL,PASS_THROUGH,0,5,0,0,0,0,1,1.0,8.452305420097408,inf,0.0,1,1,1,CURRENT_OCCUPIED,current,2.9999999999999973,1.6500000000000006,19.55,0,0,0,0,0.0,0,0,1,0,2.0,1.0,"1.450,15.958;1.505,16.171;1.560,16.384;1.616,16.597;1.672,16.810;1.728,17.023;1.784,17.235;1.840,17.448;1.896,17.661;1.952,17.874;2.008,18.086;2.064,18.299;2.092,18.405",2.1500000000000004,24.450000000000003,2.0,2.1500000000000004,24.450000000000003,2.0,2.1500000000000004,24.450000000000003,2.0,3.5289651449847907,0.0,0.0,0,0,9,1,,,0,1,PASS_THROUGH,-1,0.9855428844603923,0.1678424165609853,0.02311160081990734,0.9,0,0.9840634452246602,0.17663418334472114,0.020481724700705244,4.5,0.9,0,0,0,BYPASS_VISIBLE,1,0,1,1,1
1787562516852157440,1787562516868718080,joint_v2_000008_af4e508d,3076,197,0.03333333333333333,6.566666666666666,16.560792922973633,frame_id_exact,1,,1.475218653678894,16.05800437927246,1.8330856561660767,0.03246925114831105,0.0010184068476483158,-0.1294470617722077,0.9910540695521627,0.2490413784980774,0.9691414833068848,0.18805073201656342,1.0105870582225038,0.009862016263583642,0.12343597154338519,-0.2594260811459313,-0.026767831295728683,depth/003076.png,1.0,0.010424690819828795,-0.06409390742345625,-0.9978894211547211,1.0105870582225038,0.009862016263583642,0.12343597154338519,-0.026767831295728683,0.9837948856044341,0.17819853615791095,0.019821825590401722,4.5,0.9,1.0,0.0,0.16691434383392334,0.2757528073411319,1.0,0.0,0.16691434383392334,0.2757528073411319,local_avoidance,SAFE_PROGRESSING,NONE,DIRECT_LOCAL,PASS_THROUGH,0,5,0,0,0,0,1,1.0,8.419080731508231,inf,0.0,1,1,1,CURRENT_OCCUPIED,current,2.9999999999999973,1.6500000000000006,19.55,0,0,0,0,10.266886199833921,0,0,1,0,2.0,1.0,"1.475,16.058;1.484,16.277;1.462,16.496;1.430,16.714;1.393,16.930;1.353,17.147;1.311,17.363;1.267,17.578;1.223,17.794;1.179,18.009;1.135,18.225;1.092,18.441;1.071,18.549",2.1500000000000004,24.450000000000003,2.0,2.1500000000000004,24.450000000000003,2.0,2.1500000000000004,24.450000000000003,2.0,3.4974310579493157,0.0,0.0,0,0,9,1,,,0,1,PASS_THROUGH,-1,0.9855428844603923,0.1678424165609853,0.02311160081990734,0.9,0,0.9837948856044341,0.17819853615791095,0.019821825590401722,4.5,0.9,0,0,0,BYPASS_VISIBLE,1,0,1,1,1
1787562516897714176,1787562516913438720,joint_v2_000008_af4e508d,3077,198,0.03333333333333333,6.6,15.724658966064453,frame_id_exact,1,,1.4834885597229004,16.089963912963867,1.8393769264221191,0.028065372476950328,0.0017923690344530065,-0.12977143853920908,0.9911450428773978,0.24728934466838837,0.9488444924354553,0.1892089694738388,0.9894685920337822,0.007081443193277061,0.1347578698331008,-0.26008131223987585,-0.011406317353248596,depth/003077.png,1.0,0.01083716288595523,-0.05516851299808595,-0.9984182445619487,0.9894685920337822,0.007081443193277061,0.1347578698331008,-0.011406317353248596,0.9835694250585516,0.17951185189593963,0.019148919522524625,4.5,0.9,1.0,0.0,0.16062307357788086,0.5424194737411319,1.0,0.0,0.16062307357788086,0.5424194737411319,local_avoidance,SAFE_PROGRESSING,NONE,DIRECT_LOCAL,PASS_THROUGH,0,5,0,0,0,0,1,1.0,8.386563114683316,inf,0.0,1,1,1,CURRENT_OCCUPIED,current,2.9499999999999975,1.6500000000000006,19.55,0,0,0,0,0.0,0,0,1,0,2.0,1.0,"1.475,16.058;1.484,16.277;1.462,16.496;1.430,16.714;1.393,16.930;1.353,17.147;1.311,17.363;1.267,17.578;1.223,17.794;1.179,18.009;1.135,18.225;1.092,18.441;1.071,18.549",2.1500000000000004,24.450000000000003,2.0,2.1500000000000004,24.450000000000003,2.0,2.1500000000000004,24.450000000000003,2.0,3.466526806181661,0.0,0.0,0,0,9,1,,,1,1,PASS_THROUGH,-1,0.9837498028345497,0.17954477275316164,0.0,0.9,0,0.9835694250585516,0.17951185189593963,0.019148919522524625,4.5,0.9,0,0,0,BYPASS_VISIBLE,1,1,1,1,1
1787562516947182592,1787562516966032384,joint_v2_000008_af4e508d,3078,199,0.03333333333333333,6.633333333333334,18.849611282348633,frame_id_exact,1,,1.4917175769805908,16.12131690979004,1.8456727266311646,0.017905104293038817,0.002631227918247637,-0.12966510132210385,0.9913926797082104,0.24669001996517181,0.9332902431488037,0.18815188109874725,0.9713070897101834,0.003323060133096011,0.15439970536970812,-0.2599335500694755,0.02730579860508442,depth/003078.png,1.0,0.009860494518268592,-0.034819621781819216,-0.9993449677597953,0.9713070897101834,0.003323060133096011,0.15439970536970812,0.02730579860508442,0.9834856788926594,0.1800411642363256,0.01846885468764795,4.5,0.9,1.0,0.0,0.15432727336883545,0.8090861401411318,1.0,0.0,0.15432727336883545,0.8090861401411318,local_avoidance,SAFE_PROGRESSING,NONE,DIRECT_LOCAL,PASS_THROUGH,0,5,0,0,0,0,1,1.0,8.354657250037592,inf,0.0,1,1,1,CURRENT_OCCUPIED,current,2.8999999999999977,1.7500000000000004,19.55,0,0,0,0,0.0,0,0,1,0,2.0,1.0,"1.475,16.058;1.484,16.277;1.462,16.496;1.430,16.714;1.393,16.930;1.353,17.147;1.311,17.363;1.267,17.578;1.223,17.794;1.179,18.009;1.135,18.225;1.092,18.441;1.071,18.549",2.1500000000000004,24.450000000000003,2.0,2.1500000000000004,24.450000000000003,2.0,2.1500000000000004,24.450000000000003,2.0,3.436043538286773,0.0,0.0,0,0,9,1,,,0,1,PASS_THROUGH,-1,0.9835694250585516,0.17951185189593963,0.019148919522524625,0.9,0,0.9834856788926594,0.1800411642363256,0.01846885468764795,4.5,0.9,0,0,0,BYPASS_VISIBLE,1,1,1,1,1
1787562516996153088,1787562517014121216,joint_v2_000008_af4e508d,3079,200,0.03333333333333333,6.666666666666667,17.968177795410156,frame_id_exact,1,,1.4999514818191528,16.15227508544922,1.8518832921981812,0.004267539645090253,0.0032860975552653623,-0.12865506334520266,0.9916747775071608,0.24760249257087708,0.9255071878433228,0.18405045568943024,0.9594246076508056,-0.0018649768983762637,0.1767655605928934,-0.2580000573348616,0.09649565815925598,depth/003079.png,1.0,0.007615561290703707,-0.0076184766778333675,-0.9999419793364698,0.9594246076508056,-0.0018649768983762637,0.1767655605928934,0.09649565815925598,0.9837202976346437,0.17882334133347375,0.017792937248798782,4.5,0.9,1.0,0.0,0.14811670780181885,0.8042374769041005,1.0,0.0,0.14811670780181885,0.8042374769041005,local_avoidance,SAFE_PROGRESSING,NONE,DIRECT_LOCAL,PASS_THROUGH,0,5,0,0,0,0,1,1.0,8.323148552894267,inf,0.0,1,1,1,CURRENT_OCCUPIED,current,2.8999999999999977,1.7500000000000004,19.55,0,0,0,0,10.302879093106698,0,0,1,0,2.0,1.0,"1.500,16.152;1.508,16.367;1.486,16.586;1.453,16.804;1.416,17.020;1.375,17.236;1.333,17.452;1.289,17.668;1.245,17.883;1.200,18.099;1.156,18.314;1.112,18.530;1.091,18.638",2.1500000000000004,24.450000000000003,2.0,2.1500000000000004,24.450000000000003,2.0,2.1500000000000004,24.450000000000003,2.0,3.405704715897579,0.0,0.0,0,0,9,1,,,0,1,PASS_THROUGH,-1,0.9835694250585516,0.17951185189593963,0.019148919522524625,0.9,0,0.9837202976346437,0.17882334133347375,0.017792937248798782,4.5,0.9,0,0,0,BYPASS_VISIBLE,1,1,1,1,1
1787562517042498048,1787562517059099392,joint_v2_000008_af4e508d,3080,201,0.03333333333333333,6.7,16.6013240814209,frame_id_exact,1,,1.5082405805587769,16.18311882019043,1.8579128980636597,-0.009883435285522884,0.003435387993346863,-0.12626479988401698,0.9919413874451157,0.24996323883533478,0.9267318248748779,0.17741896212100983,0.9559661587873889,-0.009016527882216923,0.1970745787850443,-0.2532636282658741,0.18829107284545898,depth/003080.png,1.0,0.0043195471080792,0.02047511417469896,-0.9997810316325841,0.9559661587873889,-0.009016527882216923,0.1970745787850443,0.18829107284545898,0.9844443634688033,0.1748592020703009,0.017133437653909525,4.5,0.9,1.0,0.0,0.14208710193634033,0.8374942921191719,1.0,0.0,0.14208710193634033,0.8374942921191719,local_avoidance,SAFE_PROGRESSING,NONE,DIRECT_LOCAL,PASS_THROUGH,0,5,0,0,0,0,1,1.0,8.291753710375826,inf,0.0,1,1,1,HISTORY_OCCUPIED,history,2.849999999999998,1.7500000000000004,19.55,1,0,0,0,0.0,0,0,1,0,2.0,1.0,"1.500,16.152;1.508,16.367;1.486,16.586;1.453,16.804;1.416,17.020;1.375,17.236;1.333,17.452;1.289,17.668;1.245,17.883;1.200,18.099;1.156,18.314;1.112,18.530;1.091,18.638",2.1500000000000004,24.450000000000003,2.0,2.1500000000000004,24.450000000000003,2.0,2.1500000000000004,24.450000000000003,2.0,3.37520921201257,0.0,0.0,0,0,9,1,,,0,1,PASS_THROUGH,-1,0.9835694250585516,0.17951185189593963,0.019148919522524625,0.9,0,0.9844443634688033,0.1748592020703009,0.017133437653909525,4.5,0.9,0,0,0,BYPASS_VISIBLE,1,1,1,1,1
1787562517086094336,1787562517104635136,joint_v2_000008_af4e508d,3081,202,0.03333333333333333,6.733333333333333,18.54085922241211,frame_id_exact,1,,1.5166252851486206,16.214153289794922,1.8636802434921265,-0.021567891605407605,0.0026511121211928376,-0.12226667300085894,0.992259370492171,0.2531944811344147,0.9363232254981995,0.16820625960826874,0.9615553575459783,-0.01832599538420316,0.21018426659359116,-0.24520465358161267,0.2864859700202942,depth/003081.png,1.0,-1.288701151474711e-05,0.043450170412071255,-0.9990555953124365,0.9615553575459783,-0.01832599538420316,0.21018426659359116,0.2864859700202942,0.985711406331851,0.1676327521910859,0.01650102482049438,4.5,0.9,1.0,0.0,0.13631975650787354,0.892360313940006,1.0,0.0,0.13631975650787354,0.892360313940006,local_avoidance,SAFE_PROGRESSING,NONE,DIRECT_LOCAL,PASS_THROUGH,0,5,0,0,0,0,1,1.0,8.260165528814111,inf,0.0,1,1,1,CURRENT_OCCUPIED,current,2.7499999999999982,1.5500000000000005,19.450000000000003,0,0,0,0,0.0,0,0,1,0,2.0,1.0,"1.500,16.152;1.508,16.367;1.486,16.586;1.453,16.804;1.416,17.020;1.375,17.236;1.333,17.452;1.289,17.668;1.245,17.883;1.200,18.099;1.156,18.314;1.112,18.530;1.091,18.638",2.1500000000000004,24.450000000000003,2.0,2.1500000000000004,24.450000000000003,2.0,2.1500000000000004,24.450000000000003,2.0,3.3443253156746686,0.0,0.0,0,0,9,1,,,0,1,PASS_THROUGH,-1,0.9835694250585516,0.17951185189593963,0.019148919522524625,0.9,0,0.985711406331851,0.1676327521910859,0.01650102482049438,4.5,0.9,0,0,0,BYPASS_VISIBLE,1,1,1,1,1
1787562517133533184,1787562517152346880,joint_v2_000008_af4e508d,3082,203,0.03333333333333333,6.766666666666667,18.813610076904297,frame_id_exact,1,,1.525118112564087,16.24561309814453,1.8690948486328125,-0.028404026210036275,0.0005432905898037049,-0.1166318877798982,0.992768814419194,0.25622251629829407,0.9519715905189514,0.15636377036571503,0.9750252064535988,-0.02963480408546439,0.21165335070186592,-0.23373382756859065,0.38319334387779236,depth/003082.png,1.0,-0.00554690648540342,0.05652399286474257,-0.9983858322607893,0.9750252064535988,-0.02963480408546439,0.21165335070186592,0.38319334387779236,0.9874635937959583,0.15704332227252638,0.0159074151633196,4.5,0.9,1.0,0.0,0.1309051513671875,0.8064559696616636,1.0,0.0,0.1309051513671875,0.8064559696616636,local_avoidance,SAFE_PROGRESSING,NONE,DIRECT_LOCAL,PASS_THROUGH,0,5,0,0,0,0,1,1.0,8.228149355024074,0.978264878098636,0.0,1,1,1,CURRENT_OCCUPIED,current,2.6999999999999984,1.5500000000000005,19.450000000000003,0,0,0,0,9.036474489072633,0,0,1,0,2.0,1.0,"1.525,16.246;1.530,16.463;1.501,16.681;1.461,16.898;1.415,17.113;1.366,17.327;1.315,17.541;1.263,17.755;1.209,17.968;1.156,18.182;1.103,18.395;1.051,18.609;1.025,18.716",2.1500000000000004,24.450000000000003,2.0,2.1500000000000004,24.450000000000003,2.0,2.1500000000000004,24.450000000000003,2.0,3.312902730983637,0.0,0.011998303654257076,0,0,9,1,,,0,1,PASS_THROUGH,-1,0.9835694250585516,0.17951185189593963,0.019148919522524625,0.9,0,0.9874635937959583,0.15704332227252638,0.0159074151633196,4.5,0.9,0,0,0,BYPASS_VISIBLE,1,1,1,1,1
1787562517180763136,1787562517200280832,joint_v2_000008_af4e508d,3083,204,0.03333333333333333,6.8,19.51766014099121,frame_id_exact,1,,1.5336897373199463,16.27764892578125,1.874085545539856,-0.029101535673110905,-0.003073396309032595,-0.10944576571936829,0.9935619151430349,0.25767847895622253,0.9702938199043274,0.1430220603942871,0.9933173352615844,-0.04243684686005603,0.1996080928182832,-0.2190683414270038,0.46834784746170044,depth/003083.png,1.0,-0.012477298756298189,0.05715561460915654,-0.9982873097131886,0.9933173352615844,-0.04243684686005603,0.1996080928182832,0.46834784746170044,0.9895622662311881,0.14328479434644092,0.015361932186204177,4.5,0.9,1.0,0.0,0.12591445446014404,0.8200582609100365,1.0,0.0,0.12591445446014404,0.8200582609100365,local_avoidance,SAFE_PROGRESSING,NONE,DIRECT_LOCAL,PASS_THROUGH,0,5,0,0,0,0,1,1.0,8.195557358726077,0.978264878098636,0.0,1,1,1,CURRENT_OCCUPIED,current,2.6999999999999984,1.5500000000000005,19.450000000000003,0,0,0,0,0.0,0,0,1,0,2.0,1.0,"1.525,16.246;1.530,16.463;1.501,16.681;1.461,16.898;1.415,17.113;1.366,17.327;1.315,17.541;1.263,17.755;1.209,17.968;1.156,18.182;1.103,18.395;1.051,18.609;1.025,18.716",2.1500000000000004,24.450000000000003,2.0,2.1500000000000004,24.450000000000003,2.0,2.1500000000000004,24.450000000000003,2.0,3.2809114842148244,0.0,0.024420270203556884,0,0,9,1,,,1,1,PASS_THROUGH,-1,0.9896790497865927,0.1433017041542319,0.0,0.9,0,0.9895622662311881,0.14328479434644092,0.015361932186204177,4.5,0.9,0,0,0,BYPASS_VISIBLE,1,0,1,1,1
1787562517231833088,1787562517247405312,joint_v2_000008_af4e508d,3084,205,0.03333333333333333,6.833333333333333,15.572309494018555,frame_id_exact,1,,1.5422636270523071,16.310287475585938,1.8786360025405884,-0.023742280296726623,-0.008104747957616124,-0.1009302485824502,0.9945771473887484,0.25616344809532166,0.9875851273536682,0.1303236335515976,1.01193670542812,-0.0557430992118326,0.17551397799001384,-0.20179152541843598,0.5379495620727539,depth/003084.png,1.0,-0.020914222712506914,0.0455910303679243,-0.9987412343737103,1.01193670542812,-0.0557430992118326,0.17551397799001384,0.5379495620727539,0.9918028939733629,0.12690937497362173,0.014867079399356404,4.5,0.9,1.0,0.0,0.12136399745941162,0.861155753058036,1.0,0.0,0.12136399745941162,0.861155753058036,local_avoidance,SAFE_PROGRESSING,NONE,DIRECT_LOCAL,PASS_THROUGH,0,5,0,0,0,0,1,1.0,8.16236874192209,0.978264878098636,0.0,1,1,1,HISTORY_OCCUPIED,history,2.6499999999999986,1.5500000000000005,19.450000000000003,1,0,0,0,0.0,0,0,1,0,2.0,1.0,"1.525,16.246;1.530,16.463;1.501,16.681;1.461,16.898;1.415,17.113;1.366,17.327;1.315,17.541;1.263,17.755;1.209,17.968;1.156,18.182;1.103,18.395;1.051,18.609;1.025,18.716",2.1500000000000004,24.450000000000003,2.0,2.1500000000000004,24.450000000000003,2.0,2.1500000000000004,24.450000000000003,2.0,3.248433789101433,0.0,0.03551696692558267,0,0,9,1,,,0,1,PASS_THROUGH,-1,0.9895622662311881,0.14328479434644092,0.015361932186204177,0.9,0,0.9918028939733629,0.12690937497362173,0.014867079399356404,4.5,0.9,0,0,0,BYPASS_VISIBLE,1,0,1,1,1
1787562517274940672,1787562517292064256,joint_v2_000008_af4e508d,3085,206,0.03333333333333333,6.866666666666666,17.12346076965332,frame_id_exact,1,,1.5507209300994873,16.34343910217285,1.8828043937683105,-0.013745754035895355,-0.01418534430436824,-0.09129352044741945,0.9956281049554939,0.250499427318573,1.0004945993423462,0.12031882256269455,1.026093287463796,-0.06843508321761688,0.14375406175042738,-0.1824959845637172,0.5961315631866455,depth/003085.png,1.0,-0.03075645149008114,0.024781258043276598,-0.9992196605059024,1.026093287463796,-0.06843508321761688,0.14375406175042738,0.5961315631866455,0.9939941222118601,0.10847978013906318,0.014416043467408175,4.5,0.9,1.0,0.0,0.11719560623168945,0.7464264348389377,1.0,0.0,0.11719560623168945,0.7464264348389377,local_avoidance,SAFE_PROGRESSING,NONE,DIRECT_LOCAL,PASS_THROUGH,0,5,0,0,0,0,1,1.0,8.128681627041434,0.8903760019159912,0.0,1,1,1,HISTORY_OCCUPIED,history,2.5999999999999988,1.5500000000000005,19.450000000000003,2,0,1,0,6.22833875840381,0,0,1,0,2.0,1.0,"1.551,16.343;1.551,16.562;1.516,16.779;1.468,16.994;1.414,17.208;1.357,17.420;1.297,17.632;1.236,17.843;1.175,18.054;1.112,18.265;1.051,18.476;0.990,18.688;0.960,18.794",2.1500000000000004,24.450000000000003,2.0,2.1500000000000004,24.450000000000003,2.0,2.1500000000000004,24.450000000000003,2.0,3.215646755750466,0.0,0.12896987157373163,0,0,9,1,,,0,1,PASS_THROUGH,-1,0.9895622662311881,0.14328479434644092,0.015361932186204177,0.9,0,0.9939941222118601,0.10847978013906318,0.014416043467408175,4.5,0.9,0,0,0,BYPASS_VISIBLE,1,0,1,1,1
1787562517324877824,1787562517340593664,joint_v2_000008_af4e508d,3086,207,0.03333333333333333,6.9,15.715837478637695,frame_id_exact,1,,1.558909296989441,16.376914978027344,1.8866956233978271,-0.0015148290466878657,-0.020760740189100752,-0.08074021984045486,0.9965177940508012,0.23995883762836456,1.0066428184509277,0.11369646340608597,1.032180344398148,-0.07943186660270304,0.11014176633759516,-0.16169846161904464,0.6399652361869812,depth/003086.png,1.0,-0.04162150929270956,-0.0003333452538981825,-0.9991333939195199,1.032180344398148,-0.07943186660270304,0.11014176633759516,0.6399652361869812,0.9959790113985634,0.08848684137892596,0.013995990723099214,4.5,0.9,1.0,0.0,0.11330437660217285,0.7678517895390785,1.0,0.0,0.11330437660217285,0.7678517895390785,local_avoidance,SAFE_PROGRESSING,NONE,DIRECT_LOCAL,PASS_THROUGH,0,5,0,0,0,0,1,1.0,8.094695175927553,0.8421024325997504,0.0,1,1,1,CURRENT_OCCUPIED,current,2.549999999999999,1.4500000000000004,19.35,0,0,1,0,5.07706075368844,0,0,1,0,2.0,1.0,"1.559,16.377;1.555,16.596;1.512,16.812;1.457,17.025;1.396,17.236;1.331,17.446;1.263,17.655;1.194,17.864;1.124,18.073;1.054,18.281;0.985,18.490;0.916,18.699;0.882,18.804",2.1500000000000004,24.450000000000003,2.0,2.1500000000000004,24.450000000000003,2.0,2.1500000000000004,24.450000000000003,2.0,3.182781392634088,0.0,0.17819376981616666,0,0,9,1,,,0,1,PASS_THROUGH,-1,0.9895622662311881,0.14328479434644092,0.015361932186204177,0.9,0,0.9959790113985634,0.08848684137892596,0.013995990723099214,4.5,0.9,0,0,0,BYPASS_VISIBLE,1,0,1,1,1
1787562517369222912,1787562517386050048,joint_v2_000008_af4e508d,3087,208,0.03333333333333333,6.933333333333334,16.827106475830078,frame_id_exact,1,,1.566662073135376,16.41046905517578,1.8904269933700562,0.010123499877530629,-0.027186146941607467,-0.06956654911173303,0.9971554158752706,0.22438980638980865,1.0051851272583008,0.11070054024457932,1.0289113279089133,-0.08772226061869358,0.08154029173387986,-0.13993867616493744,0.6709240078926086,depth/003087.png,1.0,-0.0528091134163839,-0.02397189831372886,-0.9983168563293979,1.0289113279089133,-0.08772226061869358,0.08154029173387986,0.6709240078926086,0.9976301048626433,0.06744941529341626,0.013592286353957919,4.5,0.9,1.0,0.0,0.10957300662994385,0.7689742628707125,1.0,0.0,0.10957300662994385,0.7689742628707125,local_avoidance,SAFE_PROGRESSING,NONE,DIRECT_LOCAL,PASS_THROUGH,0,5,0,0,0,0,1,1.0,8.060666284477044,0.8421024325997504,0.0,1,1,1,HISTORY_OCCUPIED,history,2.499999999999999,1.4500000000000004,19.35,1,0,0,0,0.0,0,0,1,0,2.0,1.0,"1.559,16.377;1.555,16.596;1.512,16.812;1.457,17.025;1.396,17.236;1.331,17.446;1.263,17.655;1.194,17.864;1.124,18.073;1.054,18.281;0.985,18.490;0.916,18.699;0.882,18.804",2.1500000000000004,24.450000000000003,2.0,2.1500000000000004,24.450000000000003,2.0,2.1500000000000004,24.450000000000003,2.0,3.1500650083908037,0.0,0.17535708551676757,0,0,9,1,,,0,1,PASS_THROUGH,-1,0.9895622662311881,0.14328479434644092,0.015361932186204177,0.9,0,0.9976301048626433,0.06744941529341626,0.013592286353957919,4.5,0.9,0,0,0,BYPASS_VISIBLE,1,0,1,1,1
1787562517415518976,1787562517432199424,joint_v2_000008_af4e508d,3088,209,0.03333333333333333,6.966666666666667,16.680479049682617,frame_id_exact,1,,1.5738177299499512,16.443857192993164,1.8941093683242798,0.018550271340417167,-0.032852584331418466,-0.058009398659933945,0.9976028793077217,0.2042563557624817,0.9970396161079407,0.11053679138422012,1.0175474421412205,-0.0928350126495217,0.06329218455528532,-0.11746522132243602,0.6945085525512695,depth/003088.png,1.0,-0.0633954852725732,-0.04082312552526006,-0.9971531902718879,1.0175474421412205,-0.0928350126495217,0.06329218455528532,0.6945085525512695,0.9988726038060769,0.04560176913226044,0.013190906628296355,4.5,0.9,1.0,0.0,0.10589063167572021,0.6838300131644948,1.0,0.0,0.10589063167572021,0.6838300131644948,local_avoidance,SAFE_PROGRESSING,NONE,DIRECT_LOCAL,PASS_THROUGH,0,6,0,0,0,0,1,1.0,8.02684923581522,0.7841615919166264,0.0,1,1,1,HISTORY_OCCUPIED,history,2.499999999999999,1.4500000000000004,19.35,2,0,0,0,2.6139228955507687,0,0,1,0,2.0,1.0,"1.574,16.444;1.565,16.663;1.521,16.878;1.465,17.091;1.404,17.302;1.339,17.512;1.272,17.722;1.203,17.931;1.134,18.140;1.064,18.348;0.995,18.557;0.926,18.766;0.893,18.871",2.1500000000000004,24.450000000000003,2.0,2.1500000000000004,24.450000000000003,2.0,2.1500000000000004,24.450000000000003,2.0,3.117667935810614,0.0,0.22552058889700657,0,0,9,1,,,0,1,PASS_THROUGH,-1,0.9895622662311881,0.14328479434644092,0.015361932186204177,0.9,0,0.9988726038060769,0.04560176913226044,0.013190906628296355,4.5,0.9,0,0,0,BYPASS_VISIBLE,1,0,1,1,1
1787562517461506560,1787562517478124032,joint_v2_000008_af4e508d,3089,210,0.03333333333333333,7.0,16.617536544799805,frame_id_exact,1,,1.580239176750183,16.476892471313477,1.8978116512298584,0.021930192007585007,-0.03723433025854094,-0.04626452688611888,0.9979941206644015,0.18055175244808197,0.9847303032875061,0.11165820807218552,1.0012178282698156,-0.09480842554063902,0.057744989010715106,-0.09436306301156716,0.7093075513839722,depth/003089.png,1.0,-0.07229010545429564,-0.047217662723888366,-0.9962653426574167,1.0012178282698156,-0.09480842554063902,0.057744989010715106,0.7093075513839722,0.999653275180607,0.023020094743587745,0.012782983168341823,4.5,0.9,1.0,0.0,0.1021883487701416,0.6768388551133342,1.0,0.0,0.1021883487701416,0.6768388551133342,local_avoidance,SAFE_PROGRESSING,NONE,DIRECT_LOCAL,PASS_THROUGH,0,6,0,0,0,0,1,1.0,7.993439251017554,0.7841615919166264,0.0,1,1,1,CURRENT_OCCUPIED,current,2.5999999999999988,1.5500000000000005,19.55,0,0,0,0,0.0,0,0,1,0,2.0,1.0,"1.574,16.444;1.565,16.663;1.521,16.878;1.465,17.091;1.404,17.302;1.339,17.512;1.272,17.722;1.203,17.931;1.134,18.140;1.064,18.348;0.995,18.557;0.926,18.766;0.893,18.871",2.1500000000000004,24.450000000000003,2.0,2.1500000000000004,24.450000000000003,2.0,2.1500000000000004,24.450000000000003,2.0,3.085652263289586,0.0,0.21646704884932494,0,0,9,1,,,1,1,PASS_THROUGH,-1,0.99973495919252,0.023021975769479373,0.0,0.9,0,0.999653275180607,0.023020094743587745,0.012782983168341823,4.5,0.9,0,0,0,BYPASS_VISIBLE,1,0,1,1,1
1787562517510203136,1787562517529083648,joint_v2_000008_af4e508d,3090,211,0.03333333333333333,7.033333333333333,18.880605697631836,frame_id_exact,1,,1.5858289003372192,16.509498596191406,1.9015543460845947,0.01959245741107889,-0.0399439304967458,-0.034524523488001155,0.9984130784935625,0.15457014739513397,0.9717528223991394,0.11281184107065201,0.9838289361568442,-0.09404069642908643,0.06449001153528908,-0.07078148965919226,0.71589595079422,depth/003090.png,1.0,-0.07840824471662483,-0.04188082177137455,-0.9960412360581324,0.9838289361568442,-0.09404069642908643,0.06449001153528908,0.71589595079422,0.9999235295322116,-0.00014911276325770887,0.012365793675626924,4.5,0.9,1.0,0.0,0.09844565391540527,0.7016894043966626,1.0,0.0,0.09844565391540527,0.7016894043966626,local_avoidance,SAFE_PROGRESSING,NONE,DIRECT_LOCAL,PASS_THROUGH,0,6,0,0,0,0,1,1.0,7.9605182980495055,0.7841615919166264,0.0,1,1,1,CURRENT_OCCUPIED,current,2.549999999999999,1.5500000000000005,19.55,0,0,0,0,0.0,0,0,1,0,2.0,1.0,"1.574,16.444;1.565,16.663;1.521,16.878;1.465,17.091;1.404,17.302;1.339,17.512;1.272,17.722;1.203,17.931;1.134,18.140;1.064,18.348;0.995,18.557;0.926,18.766;0.893,18.871",2.1500000000000004,24.450000000000003,2.0,2.1500000000000004,24.450000000000003,2.0,2.1500000000000004,24.450000000000003,2.0,3.053967461904674,0.0,0.20699057906049734,0,0,9,1,,,0,1,PASS_THROUGH,-1,0.999653275180607,0.023020094743587745,0.012782983168341823,0.9,0,0.9999235295322116,-0.00014911276325770887,0.012365793675626924,4.5,0.9,0,0,0,BYPASS_VISIBLE,1,0,1,1,1
1787562517559206656,1787562517575520512,joint_v2_000008_af4e508d,3091,212,0.03333333333333333,7.066666666666666,16.313791275024414,frame_id_exact,1,,1.5905340909957886,16.541715621948242,1.905320167541504,0.012150921357500325,-0.040791087898637654,-0.022878025638373243,0.9988318367979164,0.1277005821466446,0.9617002010345459,0.11290048807859421,0.9690703712444609,-0.09137354417077188,0.08046568560981422,-0.04686472570838591,0.7189611196517944,depth/003091.png,1.0,-0.08093089632086951,-0.026139893306122503,-0.9963768845164189,0.9690703712444609,-0.09137354417077188,0.08046568560981422,0.7189611196517944,0.9996464169946646,-0.02375796113835774,0.011941535591269679,4.5,0.9,1.0,0.0,0.0946798324584961,0.563830957625186,1.0,0.0,0.0946798324584961,0.563830957625186,local_avoidance,SAFE_PROGRESSING,NONE,DIRECT_LOCAL,PASS_THROUGH,0,6,0,0,0,0,1,1.0,7.928049186746726,0.857077954585385,0.0,1,1,1,HISTORY_OCCUPIED,history,2.549999999999999,1.5500000000000005,19.55,1,0,0,0,1.3614560850295834,0,0,1,0,2.0,1.0,"1.591,16.542;1.573,16.757;1.526,16.972;1.469,17.185;1.408,17.396;1.343,17.606;1.277,17.816;1.210,18.025;1.142,18.235;1.073,18.444;1.005,18.653;0.938,18.863;0.905,18.967",2.1500000000000004,24.450000000000003,2.0,2.1500000000000004,24.450000000000003,2.0,2.1500000000000004,24.450000000000003,2.0,3.022470260508142,0.0,0.12482517865674964,0,0,9,1,,,0,1,PASS_THROUGH,-1,0.999653275180607,0.023020094743587745,0.012782983168341823,0.9,0,0.9996464169946646,-0.02375796113835774,0.011941535591269679,4.5,0.9,0,0,0,BYPASS_VISIBLE,1,0,1,1,1
1787562517604562432,1787562517620567552,joint_v2_000008_af4e508d,3092,213,0.03333333333333333,7.1,16.00503921508789,frame_id_exact,1,,1.5943472385406494,16.573680877685547,1.909055233001709,0.0013510262857522875,-0.0398271328758882,-0.011344205312405473,0.9991412729042334,0.10124187171459198,0.9573853015899658,0.110833540558815,0.9598189140429975,-0.08790609287025157,0.10070142542781499,-0.022850951768212342,0.7141954302787781,depth/003092.png,1.0,-0.07955521183634591,-0.003603346590444297,-0.9968239484297231,0.9598189140429975,-0.08790609287025157,0.10070142542781499,0.7141954302787781,0.9988020529166297,-0.04755851968578204,0.011517217321178342,4.5,0.9,1.0,0.0,0.09094476699829102,0.5453864682269988,1.0,0.0,0.09094476699829102,0.5453864682269988,local_avoidance,SAFE_PROGRESSING,NONE,DIRECT_LOCAL,PASS_THROUGH,0,6,0,0,0,0,1,1.0,7.895894686978402,0.857077954585385,0.0,1,1,1,HISTORY_OCCUPIED,history,2.499999999999999,1.5500000000000005,19.55,2,0,0,0,0.0,0,0,1,0,2.0,1.0,"1.591,16.542;1.573,16.757;1.526,16.972;1.469,17.185;1.408,17.396;1.343,17.606;1.277,17.816;1.210,18.025;1.142,18.235;1.073,18.444;1.005,18.653;0.938,18.863;0.905,18.967",2.1500000000000004,24.450000000000003,2.0,2.1500000000000004,24.450000000000003,2.0,2.1500000000000004,24.450000000000003,2.0,2.990934170417319,0.0,0.12027243212939469,0,0,9,1,,,0,1,PASS_THROUGH,-1,0.999653275180607,0.023020094743587745,0.012782983168341823,0.9,0,0.9988020529166297,-0.04755851968578204,0.011517217321178342,4.5,0.9,0,0,0,BYPASS_VISIBLE,1,0,1,1,1
1787562517661259776,1787562517679133184,joint_v2_000008_af4e508d,3093,214,0.03333333333333333,7.133333333333334,17.873287200927734,frame_id_exact,1,,1.5972994565963745,16.605619430541992,1.912678599357605,-0.010321890581890465,-0.037372298479528866,-4.752765762527002e-06,0.9992481022541818,0.07618656754493713,0.9601809978485107,0.10618596524000168,0.9578455078230264,-0.08463628441909002,0.11998367980926236,0.0007641415545200442,0.7001019716262817,depth/003093.png,1.0,-0.07468849478014845,0.020627903907697358,-0.996993539762345,0.9578455078230264,-0.08463628441909002,0.11998367980926236,0.7001019716262817,0.997411540194026,-0.0710417606272605,0.011103501013636207,4.5,0.9,1.0,0.0,0.08732140064239502,0.5541565611833205,1.0,0.0,0.08732140064239502,0.5541565611833205,local_avoidance,SAFE_PROGRESSING,NONE,DIRECT_LOCAL,PASS_THROUGH,0,7,0,0,0,0,1,1.0,7.863827592792777,0.857077954585385,0.0,1,1,1,CURRENT_OCCUPIED,current,2.549999999999999,1.4500000000000004,19.55,0,0,0,0,0.0,0,0,1,0,2.0,1.0,"1.591,16.542;1.573,16.757;1.526,16.972;1.469,17.185;1.408,17.396;1.343,17.606;1.277,17.816;1.210,18.025;1.142,18.235;1.073,18.444;1.005,18.653;0.938,18.863;0.905,18.967",2.1500000000000004,24.450000000000003,2.0,2.1500000000000004,24.450000000000003,2.0,2.1500000000000004,24.450000000000003,2.0,2.959119115506426,0.0,0.12056482165106135,0,0,9,1,,,0,1,PASS_THROUGH,-1,0.999653275180607,0.023020094743587745,0.012782983168341823,0.9,0,0.997411540194026,-0.0710417606272605,0.011103501013636207,4.5,0.9,0,0,0,BYPASS_VISIBLE,1,0,1,1,1
1787562517710140928,1787562517728042752,joint_v2_000008_af4e508d,3094,215,0.03333333333333333,7.166666666666667,17.901897430419922,frame_id_exact,1,,1.5994495153427124,16.637773513793945,1.9161036014556885,-0.020196415396969536,-0.033946965615697385,0.011113576163458797,0.999157743679875,0.05315981060266495,0.969769299030304,0.09896273910999298,0.9635622224307981,-0.08255985780293666,0.1334308656981995,0.023635568019964363,0.6816272139549255,depth/003094.png,1.0,-0.06738783833723086,0.041113354052691876,-0.9968794166611994,0.9635622224307981,-0.08255985780293666,0.1334308656981995,0.6816272139549255,0.9955288652445701,-0.0938484575441177,0.010711931732821312,4.5,0.9,1.0,0.0,0.08389639854431152,0.4998929865231355,1.0,0.0,0.08389639854431152,0.4998929865231355,local_avoidance,SAFE_PROGRESSING,NONE,DIRECT_LOCAL,PASS_THROUGH,0,7,0,0,0,0,1,1.0,7.831601911993218,0.7834708058425274,0.0,1,1,1,CURRENT_OCCUPIED,current,2.499999999999999,1.4500000000000004,19.55,0,0,1,0,5.3853550687937695,0,0,1,0,2.0,1.0,"1.599,16.638;1.570,16.852;1.514,17.065;1.450,17.275;1.381,17.484;1.309,17.692;1.236,17.900;1.162,18.107;1.088,18.314;1.013,18.521;0.938,18.728;0.864,18.935;0.828,19.039",2.1500000000000004,24.450000000000003,2.0,2.1500000000000004,24.450000000000003,2.0,2.1500000000000004,24.450000000000003,2.0,2.926840432330134,0.0,0.2005927401338458,0,0,9,1,,,0,1,PASS_THROUGH,-1,0.999653275180607,0.023020094743587745,0.012782983168341823,0.9,0,0.9955288652445701,-0.0938484575441177,0.010711931732821312,4.5,0.9,0,0,0,BYPASS_VISIBLE,1,0,1,1,1
1787562517758213376,1787562517775992064,joint_v2_000008_af4e508d,3095,216,0.03333333333333333,7.2,17.778873443603516,frame_id_exact,1,,1.6008694171905518,16.670331954956055,1.91925048828125,-0.026003751849093017,-0.030213289361259516,0.022025748297128986,0.9989623758919528,0.03240625932812691,0.9842693209648132,0.08964262157678604,0.9758314976258999,-0.08248428992643224,0.13719071249855305,0.04567310913011708,0.6593027710914612,depth/003095.png,1.0,-0.059218374461651485,0.0532844800719483,-0.9968219240714872,0.9758314976258999,-0.08248428992643224,0.13719071249855305,0.6593027710914612,0.9932099091645366,-0.1158744437816638,0.010353241794873926,4.5,0.9,1.0,0.0,0.08074951171875,0.48274777533281577,1.0,0.0,0.08074951171875,0.48274777533281577,local_avoidance,SAFE_PROGRESSING,NONE,DIRECT_LOCAL,PASS_THROUGH,0,7,0,0,0,0,1,1.0,7.799024252305834,0.7834708058425274,0.0,1,1,1,CURRENT_OCCUPIED,current,2.4499999999999993,1.4500000000000004,19.55,0,0,0,0,0.0,0,0,1,0,2.0,1.0,"1.599,16.638;1.570,16.852;1.514,17.065;1.450,17.275;1.381,17.484;1.309,17.692;1.236,17.900;1.162,18.107;1.088,18.314;1.013,18.521;0.938,18.728;0.864,18.935;0.828,19.039",2.1500000000000004,24.450000000000003,2.0,2.1500000000000004,24.450000000000003,2.0,2.1500000000000004,24.450000000000003,2.0,2.893984843110638,0.0,0.20815111278756365,0,0,9,1,,,1,1,PASS_THROUGH,-1,0.9932631443384862,-0.11588065454951268,0.0,0.9,0,0.9932099091645366,-0.1158744437816638,0.010353241794873926,4.5,0.9,0,0,0,BYPASS_VISIBLE,1,0,1,1,1
1787562517804456960,1787562517820332800,joint_v2_000008_af4e508d,3096,217,0.03333333333333333,7.233333333333333,15.875816345214844,frame_id_exact,1,,1.6016337871551514,16.703413009643555,1.92206871509552,-0.026392979688722056,-0.026892007769978615,0.03270626773754748,0.9987544896479466,0.013786379247903824,1.0007007122039795,0.07947631925344467,0.9919547361477057,-0.0846663226112794,0.1294831272020126,0.06689085279021205,0.6332898736000061,depth/003096.png,1.0,-0.05199059527164522,0.054479288330846684,-0.9971604610825002,0.9919547361477057,-0.0846663226112794,0.1294831272020126,0.6332898736000061,0.9905035153307297,-0.1371207338573666,0.010034463806518894,4.5,0.9,1.0,0.0,0.07793128490447998,0.49232557750007566,1.0,0.0,0.07793128490447998,0.49232557750007566,local_avoidance,SAFE_PROGRESSING,NONE,DIRECT_LOCAL,PASS_THROUGH,0,7,0,0,0,0,1,1.0,7.765971639308862,0.7834708058425274,0.0,1,1,1,CURRENT_OCCUPIED,current,2.4499999999999993,1.4500000000000004,19.55,0,0,0,0,0.0,0,0,1,0,2.0,1.0,"1.599,16.638;1.570,16.852;1.514,17.065;1.450,17.275;1.381,17.484;1.309,17.692;1.236,17.900;1.162,18.107;1.088,18.314;1.013,18.521;0.938,18.728;0.864,18.935;0.828,19.039",2.1500000000000004,24.450000000000003,2.0,2.1500000000000004,24.450000000000003,2.0,2.1500000000000004,24.450000000000003,2.0,2.8605450991477523,0.0,0.2169654458625523,0,0,9,1,,,0,1,PASS_THROUGH,-1,0.9932099091645366,-0.1158744437816638,0.010353241794873926,0.9,0,0.9905035153307297,-0.1371207338573666,0.010034463806518894,4.5,0.9,0,0,0,BYPASS_VISIBLE,1,0,1,1,1
1787562517846926592,1787562517862799104,joint_v2_000008_af4e508d,3097,218,0.03333333333333333,7.266666666666667,15.872478485107422,frame_id_exact,1,,1.6018069982528687,16.737028121948242,1.9245569705963135,-0.0212532000787626,-0.02461987114904965,0.04311836028970797,0.9985404200316297,-0.0031567781697958708,1.015626072883606,0.07009860128164291,1.008076479724955,-0.08869618924169363,0.11106257745242323,0.08736626047801793,0.6065950393676758,depth/003097.png,1.0,-0.04733506667998261,0.044567495616309565,-0.9978843268620325,1.008076479724955,-0.08869618924169363,0.11106257745242323,0.6065950393676758,0.9874463724899922,-0.1576530279159912,0.009756241349775319,4.5,0.9,1.0,0.0,0.07544302940368652,0.43084853178527227,1.0,0.0,0.07544302940368652,0.43084853178527227,local_avoidance,SAFE_PROGRESSING,NONE,DIRECT_LOCAL,PASS_THROUGH,0,7,0,0,0,0,1,1.0,7.732428516241313,0.7794977365940683,0.0,1,1,1,CURRENT_OCCUPIED,current,2.3999999999999995,1.4500000000000004,19.55,0,0,1,0,9.071131100273172,0,0,1,0,2.0,1.0,"1.602,16.737;1.563,16.953;1.500,17.164;1.428,17.372;1.352,17.578;1.274,17.784;1.194,17.989;1.113,18.193;1.031,18.398;0.950,18.602;0.868,18.806;0.787,19.011;0.747,19.113",2.1500000000000004,24.450000000000003,2.0,2.1500000000000004,24.450000000000003,2.0,2.1500000000000004,24.450000000000003,2.0,2.8266302628473903,0.0,0.22898555573556897,0,0,9,1,,,0,1,PASS_THROUGH,-1,0.9932099091645366,-0.1158744437816638,0.010353241794873926,0.9,0,0.9874463724899922,-0.1576530279159912,0.009756241349775319,4.5,0.9,0,0,0,BYPASS_VISIBLE,1,0,1,1,1
1787562517897274112,1787562517912869888,joint_v2_000008_af4e508d,3098,219,0.03333333333333333,7.3,15.59591293334961,frame_id_exact,1,,1.6014342308044434,16.77107048034668,1.9267677068710327,-0.011726274283353204,-0.023817101290756093,0.053214669242404436,0.9982301533989839,-0.019105609506368637,1.0258407592773438,0.06298747658729553,1.0201335491940715,-0.09350003896269087,0.08524666819790942,0.10711895088307342,0.5787352919578552,depth/003098.png,1.0,-0.046301877735112476,0.025945879488341317,-0.9985904803550749,1.0201335491940715,-0.09350003896269087,0.08524666819790942,0.5787352919578552,0.9840780416811978,-0.17748218956249528,0.009512111700414931,4.5,0.9,1.0,0.0,0.07323229312896729,0.41852685256864974,1.0,0.0,0.07323229312896729,0.41852685256864974,local_avoidance,SAFE_PROGRESSING,NONE,DIRECT_LOCAL,PASS_THROUGH,0,7,0,0,0,0,1,1.0,7.698498747868725,0.7794977365940683,0.0,1,1,1,HISTORY_OCCUPIED,history,2.3499999999999996,1.4500000000000004,19.55,1,0,0,0,0.0,0,0,1,0,2.0,1.0,"1.602,16.737;1.563,16.953;1.500,17.164;1.428,17.372;1.352,17.578;1.274,17.784;1.194,17.989;1.113,18.193;1.031,18.398;0.950,18.602;0.868,18.806;0.787,19.011;0.747,19.113",2.1500000000000004,24.450000000000003,2.0,2.1500000000000004,24.450000000000003,2.0,2.1500000000000004,24.450000000000003,2.0,2.792436430376571,0.0,0.2345725826060433,0,0,9,1,,,0,1,PASS_THROUGH,-1,0.9932099091645366,-0.1158744437816638,0.010353241794873926,0.9,0,0.9840780416811978,-0.17748218956249528,0.009512111700414931,4.5,0.9,0,0,0,BYPASS_VISIBLE,1,0,1,1,1
1787562517946683648,1787562517962280448,joint_v2_000008_af4e508d,3099,220,0.03333333333333333,7.333333333333333,15.596866607666016,frame_id_exact,1,,1.60053551197052,16.805343627929688,1.9287930727005005,7.383233276867668e-05,-0.02459221239713667,0.06289754665621115,0.9977169519772782,-0.03486177697777748,1.0290316343307495,0.059050302952528,1.0250912940180024,-0.09750235613243491,0.057354299780996106,0.1259887506332467,0.5501394271850586,depth/003099.png,1.0,-0.04908142213568817,0.0029462521132420437,-0.9987904352764015,1.0250912940180024,-0.09750235613243491,0.057354299780996106,0.5501394271850586,0.9804705586121416,-0.1964463673919433,0.009290233221198731,4.5,0.9,1.0,0.0,0.07120692729949951,0.4333764523576722,1.0,0.0,0.07120692729949951,0.4333764523576722,local_avoidance,SAFE_PROGRESSING,NONE,DIRECT_LOCAL,PASS_THROUGH,0,8,0,0,0,0,1,1.0,7.664377487483297,0.7794977365940683,0.0,1,1,1,HISTORY_OCCUPIED,history,2.3499999999999996,1.4500000000000004,19.55,2,0,0,0,0.0,0,0,1,0,2.0,1.0,"1.602,16.737;1.563,16.953;1.500,17.164;1.428,17.372;1.352,17.578;1.274,17.784;1.194,17.989;1.113,18.193;1.031,18.398;0.950,18.602;0.868,18.806;0.787,19.011;0.747,19.113",2.1500000000000004,24.450000000000003,2.0,2.1500000000000004,24.450000000000003,2.0,2.1500000000000004,24.450000000000003,2.0,2.758219776999245,0.0,0.2365011979720897,0,0,9,1,,,0,1,PASS_THROUGH,-1,0.9932099091645366,-0.1158744437816638,0.010353241794873926,0.9,0,0.9804705586121416,-0.1964463673919433,0.009290233221198731,4.5,0.9,0,0,0,BYPASS_VISIBLE,1,0,1,1,1
1787562517990327552,1787562518010479616,joint_v2_000008_af4e508d,3100,221,0.03333333333333333,7.366666666666666,20.15209197998047,frame_id_exact,1,,1.5991034507751465,16.839588165283203,1.9307416677474976,0.011551918641522762,-0.0267138736749785,0.0720993479176739,0.996972720869946,-0.05121723189949989,1.0243065357208252,0.058295682072639465,1.021896743402255,-0.09921497224882597,0.03330023449903029,0.14385710389142256,0.5244650840759277,depth/003100.png,1.0,-0.054931778247942306,-0.019181789773972266,-0.9983058442579539,1.021896743402255,-0.09921497224882597,0.03330023449903029,0.5244650840759277,0.9766969674905639,-0.2144309996455353,0.00907634759983453,4.5,0.9,1.0,0.0,0.06925833225250244,0.3146128846088586,1.0,0.0,0.06925833225250244,0.3146128846088586,local_avoidance,SAFE_PROGRESSING,NONE,DIRECT_LOCAL,PASS_THROUGH,0,8,0,0,0,0,1,1.0,7.63032471798844,0.7082192818880082,0.0,1,1,1,CURRENT_OCCUPIED,current,2.3999999999999995,1.4500000000000004,19.650000000000002,0,0,0,0,12.382665599963712,0,0,1,0,2.0,1.0,"1.599,16.840;1.556,17.055;1.491,17.265;1.420,17.473;1.344,17.680;1.267,17.886;1.187,18.091;1.107,18.296;1.027,18.501;0.946,18.705;0.866,18.910;0.786,19.115;0.746,19.218",2.1500000000000004,24.450000000000003,2.0,2.1500000000000004,24.450000000000003,2.0,2.1500000000000004,24.450000000000003,2.0,2.724230445102362,0.0,0.3043538365730784,0,0,9,1,,,0,1,PASS_THROUGH,-1,0.9932099091645366,-0.1158744437816638,0.010353241794873926,0.9,0,0.9766969674905639,-0.2144309996455353,0.00907634759983453,4.5,0.9,0,0,0,BYPASS_VISIBLE,1,0,1,1,1
1787562518057120256,1787562518073827072,joint_v2_000008_af4e508d,3101,222,0.03333333333333333,7.4,16.70670509338379,frame_id_exact,1,,1.5971070528030396,16.87354850769043,1.9327082633972168,0.020218864183207303,-0.029630056698039878,0.08078360609323967,0.9960859733264917,-0.06881385296583176,1.012467861175537,0.05997667834162712,1.0117110517259362,-0.09766960883147187,0.018030905262122206,0.16073878093727897,0.49807876348495483,depth/003101.png,1.0,-0.06229487325123023,-0.03549220836134276,-0.9974265145424239,1.0117110517259362,-0.09766960883147187,0.018030905262122206,0.49807876348495483,0.9728047123633109,-0.23145740667865736,0.00885779302798457,4.5,0.9,1.0,0.0,0.0672917366027832,0.3498916653544909,1.0,0.0,0.0672917366027832,0.3498916653544909,local_avoidance,SAFE_PROGRESSING,NONE,DIRECT_LOCAL,PASS_THROUGH,0,8,0,0,0,0,1,1.0,7.596598437878634,0.7592686468777957,0.0,1,1,1,CURRENT_OCCUPIED,current,2.3499999999999996,1.3500000000000005,19.55,0,0,1,0,13.383425367903438,0,0,1,0,2.0,1.0,"1.597,16.874;1.548,17.088;1.477,17.296;1.398,17.501;1.315,17.705;1.231,17.908;1.144,18.110;1.057,18.312;0.969,18.514;0.882,18.716;0.794,18.918;0.707,19.120;0.663,19.221",2.1500000000000004,24.450000000000003,2.0,2.1500000000000004,24.450000000000003,2.0,2.1500000000000004,24.450000000000003,2.0,2.6906563026203805,0.0,0.2485593848799955,0,0,9,1,,,1,1,PASS_THROUGH,-1,0.9728428779799624,-0.231466487344635,0.0,0.9,0,0.9728047123633109,-0.23145740667865736,0.00885779302798457,4.5,0.9,0,0,0,BYPASS_VISIBLE,1,0,1,1,1
1787562518108182016,1787562518127953152,joint_v2_000008_af4e508d,3102,223,0.03333333333333333,7.433333333333334,19.771099090576172,frame_id_exact,1,,1.5944981575012207,16.90703010559082,1.9347561597824097,0.024233119369826094,-0.03255911361489564,0.08888126401070663,0.9952149420874262,-0.0879923552274704,0.9958950281143188,0.06295996159315109,0.9973686431392861,-0.09255006716297327,0.01427561262213041,0.17667182070792536,0.4719436466693878,depth/003102.png,1.0,-0.06911437330235756,-0.04244653463415806,-0.9967053200924402,0.9973686431392861,-0.09255006716297327,0.01427561262213041,0.4719436466693878,0.9688308150688045,-0.24757311026558226,0.008625940327957951,4.5,0.9,1.0,0.0,0.06524384021759033,0.3428582389486823,1.0,0.0,0.06524384021759033,0.3428582389486823,local_avoidance,SAFE_PROGRESSING,NONE,DIRECT_LOCAL,PASS_THROUGH,0,8,0,0,0,0,1,1.0,7.563397194712361,0.7592686468777957,0.0,1,1,1,CURRENT_OCCUPIED,current,2.3,1.3500000000000005,19.55,0,0,0,0,0.0,0,0,1,0,2.0,1.0,"1.597,16.874;1.548,17.088;1.477,17.296;1.398,17.501;1.315,17.705;1.231,17.908;1.144,18.110;1.057,18.312;0.969,18.514;0.882,18.716;0.794,18.918;0.707,19.120;0.663,19.221",2.1500000000000004,24.450000000000003,2.0,2.1500000000000004,24.450000000000003,2.0,2.1500000000000004,24.450000000000003,2.0,2.6575977712619947,0.0,0.24061162908081202,0,0,9,1,,,0,1,PASS_THROUGH,-1,0.9728047123633109,-0.23145740667865736,0.00885779302798457,0.9,0,0.9688308150688045,-0.24757311026558226,0.008625940327957951,4.5,0.9,0,0,0,BYPASS_VISIBLE,1,0,1,1,1
1787562518157442048,1787562518174276608,joint_v2_000008_af4e508d,3103,224,0.03333333333333333,7.466666666666667,16.834497451782227,frame_id_exact,1,,1.591223955154419,16.939926147460938,1.9369069337844849,0.022807752177680652,-0.034672358556895336,0.09642379613324453,0.994474778730943,-0.10868287831544876,0.9780091643333435,0.06598770618438721,0.9823730062387771,-0.08445806133807618,0.021871977844123654,0.19188979612428778,0.44922399520874023,depth/003103.png,1.0,-0.0733599923003733,-0.03867698773460063,-0.9965552679854072,0.9823730062387771,-0.08445806133807618,0.021871977844123654,0.44922399520874023,0.9647551026884703,-0.26301598132805193,0.008377672863080311,4.5,0.9,1.0,0.0,0.06309306621551514,0.30134743169458633,1.0,0.0,0.06309306621551514,0.30134743169458633,local_avoidance,SAFE_PROGRESSING,NONE,DIRECT_LOCAL,PASS_THROUGH,0,8,0,0,0,0,1,1.0,7.530832619231703,0.7171711783012162,0.0,1,1,1,CURRENT_OCCUPIED,current,2.25,1.3500000000000005,19.55,0,0,0,0,15.249643518074757,0,0,1,0,2.0,1.0,"1.591,16.940;1.538,17.151;1.465,17.359;1.386,17.564;1.304,17.768;1.220,17.972;1.134,18.174;1.048,18.377;0.962,18.579;0.875,18.781;0.789,18.984;0.703,19.186;0.660,19.288",2.1500000000000004,24.450000000000003,2.0,2.1500000000000004,24.450000000000003,2.0,2.1500000000000004,24.450000000000003,2.0,2.6250314921379454,0.0,0.2747673948178971,0,0,9,1,,,0,1,PASS_THROUGH,-1,0.9728047123633109,-0.23145740667865736,0.00885779302798457,0.9,0,0.9647551026884703,-0.26301598132805193,0.008377672863080311,4.5,0.9,0,0,0,BYPASS_VISIBLE,1,0,1,1,1
1787562518204735232,1787562518221613568,joint_v2_000008_af4e508d,3104,225,0.03333333333333333,7.5,16.878366470336914,frame_id_exact,1,,1.587241291999817,16.97225570678711,1.9391438961029053,0.016361672228419003,-0.035264771537317406,0.10347491082718746,0.9938720412606525,-0.1303863674402237,0.9624486565589905,0.06799686700105667,0.9700071191319558,-0.07457405121737173,0.03816405333261476,0.20654760166783112,0.42793697118759155,depth/003104.png,1.0,-0.07348338609440708,-0.02522477897186293,-0.9969773831406212,0.9700071191319558,-0.07457405121737173,0.03816405333261476,0.42793697118759155,0.9605626722767042,-0.2779451350451077,0.008115080615364461,4.5,0.9,1.0,0.0,0.06085610389709473,0.29180419103629285,1.0,0.0,0.06085610389709473,0.29180419103629285,local_avoidance,SAFE_PROGRESSING,NONE,DIRECT_LOCAL,PASS_THROUGH,0,8,0,0,0,0,1,1.0,7.498890389791548,0.7171711783012162,0.0,1,1,1,CURRENT_OCCUPIED,current,2.25,1.3500000000000005,19.55,0,0,0,0,0.0,0,0,1,0,2.0,1.0,"1.591,16.940;1.538,17.151;1.465,17.359;1.386,17.564;1.304,17.768;1.220,17.972;1.134,18.174;1.048,18.377;0.962,18.579;0.875,18.781;0.789,18.984;0.703,19.186;0.660,19.288",2.1500000000000004,24.450000000000003,2.0,2.1500000000000004,24.450000000000003,2.0,2.1500000000000004,24.450000000000003,2.0,2.5928269715694245,0.0,0.2682487484956441,0,0,9,1,,,0,1,PASS_THROUGH,-1,0.9728047123633109,-0.23145740667865736,0.00885779302798457,0.9,0,0.9605626722767042,-0.2779451350451077,0.008115080615364461,4.5,0.9,0,0,0,BYPASS_VISIBLE,1,0,1,1,1
1787562518258264576,1787562518275388416,joint_v2_000008_af4e508d,3105,226,0.03333333333333333,7.533333333333333,17.123937606811523,frame_id_exact,1,,1.582529902458191,17.004148483276367,1.9414186477661133,0.006410682277810999,-0.03392438462807035,0.11008494510267976,0.9933223767448711,-0.15224450826644897,0.9522186517715454,0.06816656142473221,0.9627821425357097,-0.06432201188752155,0.05881033902702849,0.22056732846095237,0.4071959853172302,depth/003105.png,1.0,-0.0688071399499711,-0.0052666202746562574,-0.9976160785606794,0.9627821425357097,-0.06432201188752155,0.05881033902702849,0.4071959853172302,0.95629660315525,-0.29229312022567266,0.007844658212474525,4.5,0.9,1.0,0.0,0.05858135223388672,0.30084805581998886,1.0,0.0,0.05858135223388672,0.30084805581998886,local_avoidance,SAFE_PROGRESSING,NONE,DIRECT_LOCAL,PASS_THROUGH,0,8,0,0,0,0,1,1.0,7.467444483938248,0.7171711783012162,0.0,1,1,1,CURRENT_OCCUPIED,current,2.2,1.3500000000000005,19.55,0,0,0,0,0.0,0,0,1,0,2.0,1.0,"1.591,16.940;1.538,17.151;1.465,17.359;1.386,17.564;1.304,17.768;1.220,17.972;1.134,18.174;1.048,18.377;0.962,18.579;0.875,18.781;0.789,18.984;0.703,19.186;0.660,19.288",2.1500000000000004,24.450000000000003,2.0,2.1500000000000004,24.450000000000003,2.0,2.1500000000000004,24.450000000000003,2.0,2.5607740752964085,0.0,0.26469412261169833,0,0,9,1,,,0,1,PASS_THROUGH,-1,0.9728047123633109,-0.23145740667865736,0.00885779302798457,0.9,0,0.95629660315525,-0.29229312022567266,0.007844658212474525,4.5,0.9,0,0,0,BYPASS_VISIBLE,1,0,1,1,1
1787562518312235776,1787562518330558464,joint_v2_000008_af4e508d,3106,227,0.03333333333333333,7.566666666666666,18.32270622253418,frame_id_exact,1,,1.5771015882492065,17.035818099975586,1.9436606168746948,-0.0047704909357209,-0.030635367678965773,0.11632571114940413,0.9927270750760212,-0.17319926619529724,0.9490270018577576,0.06597835570573807,0.9621561606928429,-0.05521717032936651,0.07880333767660136,0.23378897405375895,0.38841477036476135,depth/003106.png,1.0,-0.0597152563983773,0.016598952889748088,-0.9980774333268135,0.9621561606928429,-0.05521717032936651,0.07880333767660136,0.38841477036476135,0.9520293653525027,-0.30591288096574654,0.00757606532098427,4.5,0.9,1.0,0.0,0.056339383125305176,0.3027349764015458,1.0,0.0,0.056339383125305176,0.3027349764015458,local_avoidance,SAFE_PROGRESSING,NONE,DIRECT_LOCAL,PASS_THROUGH,0,9,0,0,0,0,1,1.0,7.436283065943378,0.6659894199352826,0.0,1,1,1,HISTORY_OCCUPIED,history,2.1500000000000004,1.3500000000000005,19.55,1,0,1,0,17.813621798615873,0,0,1,0,2.0,1.0,"1.577,17.036;1.513,17.242;1.433,17.447;1.347,17.650;1.258,17.851;1.168,18.052;1.077,18.252;0.985,18.452;0.893,18.652;0.801,18.851;0.708,19.051;0.617,19.251;0.571,19.351",2.1500000000000004,24.450000000000003,2.0,2.1500000000000004,24.450000000000003,2.0,2.1500000000000004,24.450000000000003,2.0,2.5286478707940683,0.0,0.3173561094162154,0,0,9,1,,,0,1,PASS_THROUGH,-1,0.9728047123633109,-0.23145740667865736,0.00885779302798457,0.9,0,0.9520293653525027,-0.30591288096574654,0.00757606532098427,4.5,0.9,0,0,0,BYPASS_VISIBLE,1,0,1,1,1
1787562518360844288,1787562518377414912,joint_v2_000008_af4e508d,3107,228,0.03333333333333333,7.6,16.570568084716797,frame_id_exact,1,,1.5710049867630005,17.06749725341797,1.9457882642745972,-0.014645000324319254,-0.02580643091689842,0.12229694216585381,0.9920499029916358,-0.19220352172851562,0.9529556035995483,0.061350543051958084,0.9683638448510955,-0.04867778200292148,0.09344732662774793,0.24616014971633368,0.37238049507141113,depth/003107.png,1.0,-0.04762045705997449,0.035369237480808835,-0.998239104177664,0.9683638448510955,-0.04867778200292148,0.09344732662774793,0.37238049507141113,0.9478078338281698,-0.3187580885197409,0.007320596778494752,4.5,0.9,1.0,0.0,0.05421173572540283,0.34584788507464104,1.0,0.0,0.05421173572540283,0.34584788507464104,local_avoidance,SAFE_PROGRESSING,NONE,DIRECT_LOCAL,PASS_THROUGH,0,9,0,0,0,0,1,1.0,7.405172653533785,0.682982307337698,0.0,1,1,1,CURRENT_OCCUPIED,current,2.1000000000000005,1.3500000000000005,19.55,0,0,1,0,18.588352298592646,0,0,1,0,2.0,1.0,"1.571,17.067;1.502,17.273;1.415,17.475;1.322,17.675;1.227,17.873;1.130,18.070;1.031,18.267;0.933,18.464;0.834,18.660;0.734,18.857;0.635,19.053;0.537,19.250;0.487,19.348",2.1500000000000004,24.450000000000003,2.0,2.1500000000000004,24.450000000000003,2.0,2.1500000000000004,24.450000000000003,2.0,2.4962380775677278,0.0,0.30357367944477887,0,0,9,1,,,1,1,PASS_THROUGH,-1,0.9478332318988358,-0.3187666301672866,0.0,0.9,0,0.9478078338281698,-0.3187580885197409,0.007320596778494752,4.5,0.9,0,0,0,BYPASS_VISIBLE,1,0,1,1,1
1787562518408468736,1787562518425424384,joint_v2_000008_af4e508d,3108,229,0.03333333333333333,7.633333333333334,16.95561408996582,frame_id_exact,1,,1.5643192529678345,17.099407196044922,1.9477266073226929,-0.020975065670478278,-0.020214594922092734,0.128108309021095,0.991332274231002,-0.2084374874830246,0.9625118970870972,0.054737553000450134,0.9802776321846077,-0.045764344878927346,0.09916111388673206,0.2578450292740791,0.36083337664604187,depth/003108.png,1.0,-0.034704600324250524,0.046765834252551125,-0.9983028335445097,0.9802776321846077,-0.045764344878927346,0.09916111388673206,0.36083337664604187,0.9436097028451468,-0.3309841046080248,0.007088807609037632,4.5,0.9,1.0,0.0,0.05227339267730713,0.34207825121918667,1.0,0.0,0.05227339267730713,0.34207825121918667,local_avoidance,SAFE_PROGRESSING,NONE,DIRECT_LOCAL,PASS_THROUGH,0,9,0,0,0,0,1,1.0,7.373888832020753,0.682982307337698,0.0,1,1,1,CURRENT_OCCUPIED,current,2.1000000000000005,1.3500000000000005,19.55,0,0,0,0,0.0,0,0,1,0,2.0,1.0,"1.571,17.067;1.502,17.273;1.415,17.475;1.322,17.675;1.227,17.873;1.130,18.070;1.031,18.267;0.933,18.464;0.834,18.660;0.734,18.857;0.635,19.053;0.537,19.250;0.487,19.348",2.1500000000000004,24.450000000000003,2.0,2.1500000000000004,24.450000000000003,2.0,2.1500000000000004,24.450000000000003,2.0,2.4634104988617755,0.0,0.3097237734303862,0,0,9,1,,,0,1,PASS_THROUGH,-1,0.9478078338281698,-0.3187580885197409,0.007320596778494752,0.9,0,0.9436097028451468,-0.3309841046080248,0.007088807609037632,4.5,0.9,0,0,0,BYPASS_VISIBLE,1,0,1,1,1
1787562518452604160,1787562518469340160,joint_v2_000008_af4e508d,3109,230,0.03333333333333333,7.666666666666667,16.73603057861328,frame_id_exact,1,,1.557145118713379,17.131694793701172,1.9494259357452393,-0.022329493983998677,-0.01485382930229574,0.13387140418552357,0.990635757781271,-0.2214871644973755,0.9750134944915771,0.04721631109714508,0.995416376394052,-0.046911695984966625,0.0942485485179256,0.26921220688846764,0.3532080054283142,depth/003109.png,1.0,-0.023450907464886567,0.048217796359882534,-0.9985615149069537,0.995416376394052,-0.046911695984966625,0.0942485485179256,0.3532080054283142,0.9393348096423597,-0.34293246021569673,0.006887896962181151,4.5,0.9,1.0,0.0,0.05057406425476074,0.2944477584035049,1.0,0.0,0.05057406425476074,0.2944477584035049,local_avoidance,SAFE_PROGRESSING,NONE,DIRECT_LOCAL,PASS_THROUGH,0,9,0,0,0,0,1,1.0,7.342279482749615,0.6623807106866327,0.0,1,1,1,HISTORY_OCCUPIED,history,2.0500000000000007,1.3500000000000005,19.55,1,0,0,0,20.05613264453415,0,0,1,0,2.0,1.0,"1.557,17.132;1.485,17.339;1.398,17.541;1.306,17.741;1.211,17.940;1.114,18.137;1.017,18.335;0.919,18.532;0.821,18.728;0.723,18.925;0.624,19.122;0.526,19.319;0.478,19.418",2.1500000000000004,24.450000000000003,2.0,2.1500000000000004,24.450000000000003,2.0,2.1500000000000004,24.450000000000003,2.0,2.430133639894717,0.0,0.33755155749331045,0,0,9,1,,,0,1,PASS_THROUGH,-1,0.9478078338281698,-0.3187580885197409,0.007320596778494752,0.9,0,0.9393348096423597,-0.34293246021569673,0.006887896962181151,4.5,0.9,0,0,0,BYPASS_VISIBLE,1,0,1,1,1
1787562518497466112,1787562518514242304,joint_v2_000008_af4e508d,3110,231,0.03333333333333333,7.7,16.776323318481445,frame_id_exact,1,,1.5495883226394653,17.164403915405273,1.950879454612732,-0.018405386706684866,-0.010724139448096815,0.13962190266879926,0.9899757365049001,-0.23143799602985382,0.9871718287467957,0.04019702598452568,1.0103177960422365,-0.05157360158217342,0.07928228677207215,0.2805406620100286,0.3452167809009552,depth/003110.png,1.0,-0.016093685474337066,0.03943642202967331,-0.9990924691465504,1.0103177960422365,-0.05157360158217342,0.07928228677207215,0.3452167809009552,0.9348978783059647,-0.3548532221849007,0.006719214537348773,4.5,0.9,1.0,0.0,0.049120545387268066,0.28973295105839236,1.0,0.0,0.049120545387268066,0.28973295105839236,local_avoidance,SAFE_PROGRESSING,NONE,DIRECT_LOCAL,PASS_THROUGH,0,9,0,0,0,0,1,1.0,7.310294418843399,0.6623807106866327,0.0,1,1,1,HISTORY_OCCUPIED,history,2.000000000000001,1.3500000000000005,19.55,2,0,0,0,0.0,0,0,1,0,2.0,1.0,"1.557,17.132;1.485,17.339;1.398,17.541;1.306,17.741;1.211,17.940;1.114,18.137;1.017,18.335;0.919,18.532;0.821,18.728;0.723,18.925;0.624,19.122;0.526,19.319;0.478,19.418",2.1500000000000004,24.450000000000003,2.0,2.1500000000000004,24.450000000000003,2.0,2.1500000000000004,24.450000000000003,2.0,2.396490433820426,0.0,0.3440513181362246,0,0,9,1,,,0,1,PASS_THROUGH,-1,0.9478078338281698,-0.3187580885197409,0.007320596778494752,0.9,0,0.9348978783059647,-0.3548532221849007,0.006719214537348773,4.5,0.9,0,0,0,BYPASS_VISIBLE,1,0,1,1,1
1787562518540914944,1787562518558739712,joint_v2_000008_af4e508d,3111,232,0.03333333333333333,7.733333333333333,17.824649810791016,frame_id_exact,1,,1.5417441129684448,17.19746208190918,1.9521267414093018,-0.010099695429738759,-0.008594975920322935,0.14530394319851564,0.9892981788278589,-0.2388821840286255,0.9957619905471802,0.03504010662436485,1.02136023743024,-0.058185620743009106,0.05720268937917258,0.29182437923931875,0.3355293869972229,depth/003111.png,1.0,-0.014070936907999423,0.022480988376551634,-0.9996482450823112,1.02136023743024,-0.058185620743009106,0.05720268937917258,0.3355293869972229,0.9303055007488104,-0.36672661430420994,0.006577662006852935,4.5,0.9,1.0,0.0,0.04787325859069824,0.301452453562579,1.0,0.0,0.04787325859069824,0.301452453562579,local_avoidance,SAFE_PROGRESSING,NONE,DIRECT_LOCAL,PASS_THROUGH,0,9,0,0,0,0,1,1.0,7.277999826700583,0.6623807106866327,0.0,1,1,1,CURRENT_OCCUPIED,current,1.950000000000001,1.3500000000000005,19.55,0,0,0,0,0.0,0,0,1,0,2.0,1.0,"1.557,17.132;1.485,17.339;1.398,17.541;1.306,17.741;1.211,17.940;1.114,18.137;1.017,18.335;0.919,18.532;0.821,18.728;0.723,18.925;0.624,19.122;0.526,19.319;0.478,19.418",2.1500000000000004,24.450000000000003,2.0,2.1500000000000004,24.450000000000003,2.0,2.1500000000000004,24.450000000000003,2.0,2.362642527110725,0.0,0.34866249015924267,0,0,9,1,,,0,1,PASS_THROUGH,-1,0.9478078338281698,-0.3187580885197409,0.007320596778494752,0.9,0,0.9303055007488104,-0.36672661430420994,0.006577662006852935,4.5,0.9,0,0,0,BYPASS_VISIBLE,1,0,1,1,1
1787562518587836928,1787562518606135808,joint_v2_000008_af4e508d,3112,233,0.03333333333333333,7.766666666666667,18.298864364624023,frame_id_exact,1,,1.533679723739624,17.230714797973633,1.953246831893921,0.0007023426775044066,-0.008822631334136516,0.15085303074069106,0.9885165810483169,-0.24483786523342133,0.9982836842536926,0.03262430429458618,1.0258298335147822,-0.06463678642469695,0.03279448492678386,0.30288543988559763,0.3262313902378082,depth/003112.png,1.0,-0.0176545357675809,0.001273286587142607,-0.9998433357822105,1.0258298335147822,-0.06463678642469695,0.03279448492678386,0.3262313902378082,0.9256292809600071,-0.37837653061020177,0.006452543130233971,4.5,0.9,1.0,0.0,0.0467531681060791,0.2095249533095933,1.0,0.0,0.0467531681060791,0.2095249533095933,local_avoidance,SAFE_PROGRESSING,NONE,DIRECT_LOCAL,PASS_THROUGH,0,9,0,0,0,0,1,1.0,7.245545494379743,0.6312611299438573,0.0,1,1,1,CURRENT_OCCUPIED,current,1.900000000000001,1.3500000000000005,19.55,0,0,0,0,22.233645004916404,0,0,1,0,2.0,1.0,"1.534,17.231;1.461,17.438;1.374,17.640;1.282,17.840;1.189,18.039;1.093,18.238;0.997,18.435;0.900,18.633;0.803,18.830;0.706,19.028;0.609,19.225;0.512,19.423;0.464,19.522",2.1500000000000004,24.450000000000003,2.0,2.1500000000000004,24.450000000000003,2.0,2.1500000000000004,24.450000000000003,2.0,2.328823936538833,0.0,0.3809362167143052,0,0,9,1,,,0,1,PASS_THROUGH,-1,0.9478078338281698,-0.3187580885197409,0.007320596778494752,0.9,0,0.9256292809600071,-0.37837653061020177,0.006452543130233971,4.5,0.9,0,0,0,BYPASS_VISIBLE,1,0,1,1,1
1787562518639748096,1787562518656425984,joint_v2_000008_af4e508d,3113,234,0.03333333333333333,7.8,16.6778564453125,frame_id_exact,1,,1.5254241228103638,17.263931274414062,1.9543348550796509,0.011570768064035758,-0.011254685930311282,0.15621033094541145,0.9875919105971572,-0.2505822479724884,0.9935193657875061,0.0330461747944355,1.0227862738682523,-0.06885035594893442,0.011493882490271536,0.31349658557117366,0.31439220905303955,depth/003113.png,1.0,-0.025845020579325372,-0.01933819745115411,-0.9994788987420367,1.0227862738682523,-0.06885035594893442,0.011493882490271536,0.31439220905303955,0.9209671545462143,-0.3895887866715663,0.006330682966813154,4.5,0.9,1.0,0.0,0.04566514492034912,0.18478073115497706,1.0,0.0,0.04566514492034912,0.18478073115497706,local_avoidance,SAFE_PROGRESSING,NONE,DIRECT_LOCAL,PASS_THROUGH,0,9,0,0,0,0,1,1.0,7.213160108801936,0.6191388550505724,0.0,1,1,1,HISTORY_OCCUPIED,history,1.900000000000001,1.3500000000000005,19.55,1,0,1,0,22.929400620666815,0,0,1,0,2.0,1.0,"1.525,17.264;1.452,17.471;1.365,17.673;1.274,17.873;1.180,18.073;1.085,18.271;0.990,18.469;0.893,18.667;0.797,18.864;0.700,19.062;0.603,19.260;0.507,19.457;0.459,19.556",2.1500000000000004,24.450000000000003,2.0,2.1500000000000004,24.450000000000003,2.0,2.1500000000000004,24.450000000000003,2.0,2.2952725781889662,0.0,0.39144668077786365,0,0,9,1,,,1,1,PASS_THROUGH,-1,0.9209856101530884,-0.38959659378765504,0.0,0.9,0,0.9209671545462143,-0.3895887866715663,0.006330682966813154,4.5,0.9,0,0,0,BYPASS_VISIBLE,1,0,1,1,1
1787562518690961408,1787562518706707456,joint_v2_000008_af4e508d,3114,235,0.03333333333333333,7.833333333333333,15.746116638183594,frame_id_exact,1,,1.5169622898101807,17.296873092651367,1.955476999282837,0.020081442888737762,-0.015245395330878911,0.16127444067349175,0.9865874864187991,-0.25740230083465576,0.9818654656410217,0.035735927522182465,1.0133071509278788,-0.06926428029333924,-0.001967476347152969,0.3234324008899674,0.2986568212509155,depth/003114.png,1.0,-0.03655907945750114,-0.034706815316857396,-0.9987286271454232,1.0133071509278788,-0.06926428029333924,-0.001967476347152969,0.2986568212509155,0.9164240544945258,-0.4001606094226613,0.006199920184858089,4.5,0.9,1.0,0.0,0.044523000717163086,0.22905767879728145,1.0,0.0,0.044523000717163086,0.22905767879728145,local_avoidance,SAFE_PROGRESSING,NONE,DIRECT_LOCAL,PASS_THROUGH,0,9,0,0,0,0,1,1.0,7.1810835738875385,0.6843256039534554,0.0,1,1,1,HISTORY_OCCUPIED,history,1.850000000000001,1.3500000000000005,19.55,2,0,1,0,23.588700177547896,0,0,1,0,2.0,1.0,"1.517,17.297;1.439,17.502;1.346,17.702;1.248,17.899;1.148,18.095;1.047,18.290;0.944,18.484;0.841,18.679;0.737,18.873;0.633,19.067;0.530,19.261;0.427,19.455;0.375,19.552",2.1500000000000004,24.450000000000003,2.0,2.1500000000000004,24.450000000000003,2.0,2.1500000000000004,24.450000000000003,2.0,2.2621894050919535,0.0,0.32284403784340293,0,0,9,1,,,0,1,PASS_THROUGH,-1,0.9209671545462143,-0.3895887866715663,0.006330682966813154,0.9,0,0.9164240544945258,-0.4001606094226613,0.006199920184858089,4.5,0.9,0,0,0,BYPASS_VISIBLE,1,0,1,1,1
1787562518736528640,1787562518752413696,joint_v2_000008_af4e508d,3115,236,0.03333333333333333,7.866666666666666,15.885114669799805,frame_id_exact,1,,1.5082404613494873,17.329336166381836,1.9567317962646484,0.02436846923627699,-0.019803383258885865,0.1660029110613495,0.9856252011985793,-0.2663096785545349,0.9652982950210571,0.03962478041648865,0.9999958084687209,-0.06539009530608342,-0.004927977910350503,0.33273694863852177,0.2839477062225342,depth/003115.png,1.0,-0.04712790088056576,-0.04146151624813651,-0.9980280074371646,0.9999958084687209,-0.06539009530608342,-0.004927977910350503,0.2839477062225342,0.9120005814709983,-0.410144261518123,0.006051788191486148,4.5,0.9,1.0,0.0,0.04326820373535156,0.21264411707487163,1.0,0.0,0.04326820373535156,0.21264411707487163,local_avoidance,SAFE_PROGRESSING,NONE,DIRECT_LOCAL,PASS_THROUGH,0,9,0,0,0,0,1,1.0,7.149525070719501,0.6745470258604828,0.0,1,1,1,CURRENT_OCCUPIED,current,1.800000000000001,1.3500000000000005,19.55,0,0,0,0,24.214369256477838,0,0,1,0,2.0,1.0,"1.508,17.329;1.429,17.534;1.336,17.734;1.238,17.931;1.138,18.127;1.037,18.322;0.935,18.517;0.832,18.712;0.729,18.906;0.626,19.100;0.523,19.295;0.421,19.489;0.370,19.587",2.1500000000000004,24.450000000000003,2.0,2.1500000000000004,24.450000000000003,2.0,2.1500000000000004,24.450000000000003,2.0,2.2296829616364855,0.0,0.326094794859264,0,0,9,1,,,0,1,PASS_THROUGH,-1,0.9209671545462143,-0.3895887866715663,0.006330682966813154,0.9,0,0.9120005814709983,-0.410144261518123,0.006051788191486148,4.5,0.9,0,0,0,BYPASS_VISIBLE,1,0,1,1,1
1787562518783162880,1787562518798850304,joint_v2_000008_af4e508d,3116,237,0.03333333333333333,7.9,15.68746566772461,frame_id_exact,1,,1.4991793632507324,17.361207962036133,1.95811927318573,0.0235310313432384,-0.023794807623823633,0.17044101418983973,0.9847994508406306,-0.2777947783470154,0.9469256401062012,0.04352335259318352,0.9860914005742736,-0.057871586318705426,0.0026491883249406267,0.34169621782311693,0.27175819873809814,depth/003116.png,1.0,-0.05488753265574885,-0.038235471201356425,-0.9977601953881375,0.9860914005742736,-0.057871586318705426,0.0026491883249406267,0.27175819873809814,0.9075906803720719,-0.4198148939123288,0.005883175260005676,4.5,0.9,1.0,0.0,0.04188072681427002,0.21076117672781502,1.0,0.0,0.04188072681427002,0.21076117672781502,local_avoidance,SAFE_PROGRESSING,NONE,DIRECT_LOCAL,PASS_THROUGH,0,10,0,0,0,0,1,1.0,7.118605204583176,0.6745470258604828,0.0,1,1,1,HISTORY_OCCUPIED,history,1.7500000000000009,1.3500000000000005,19.55,1,0,0,0,0.0,0,0,1,0,2.0,1.0,"1.508,17.329;1.429,17.534;1.336,17.734;1.238,17.931;1.138,18.127;1.037,18.322;0.935,18.517;0.832,18.712;0.729,18.906;0.626,19.100;0.523,19.295;0.421,19.489;0.370,19.587",2.1500000000000004,24.450000000000003,2.0,2.1500000000000004,24.450000000000003,2.0,2.1500000000000004,24.450000000000003,2.0,2.197750381482977,0.0,0.31920738177097846,0,0,9,1,,,0,1,PASS_THROUGH,-1,0.9209671545462143,-0.3895887866715663,0.006330682966813154,0.9,0,0.9075906803720719,-0.4198148939123288,0.005883175260005676,4.5,0.9,0,0,0,BYPASS_VISIBLE,1,0,1,1,1
1787562518827847424,1787562518845541376,joint_v2_000008_af4e508d,3117,238,0.03333333333333333,7.933333333333334,17.69399642944336,frame_id_exact,1,,1.4896936416625977,17.392488479614258,1.9596213102340698,0.017807571026241586,-0.026187907403695226,0.17463217583922663,0.9841243250126573,-0.29168951511383057,0.9302417039871216,0.046386729925870895,0.9746466944167808,-0.04805563631917057,0.018401267831933528,0.35049225381580706,0.26110467314720154,depth/003117.png,1.0,-0.05776386314375935,-0.02590322513146293,-0.9979941678399217,0.9746466944167808,-0.04805563631917057,0.018401267831933528,0.26110467314720154,0.9031198675752605,-0.42935073743479885,0.005696407204408432,4.5,0.9,1.0,0.0,0.040378689765930176,0.2223175833450708,1.0,0.0,0.040378689765930176,0.2223175833450708,local_avoidance,SAFE_PROGRESSING,NONE,DIRECT_LOCAL,PASS_THROUGH,0,10,0,0,0,0,1,1.0,7.088333608630332,0.6745470258604828,0.0,1,1,1,HISTORY_OCCUPIED,history,1.7500000000000009,1.3500000000000005,19.55,2,0,0,0,0.0,0,0,1,0,2.0,1.0,"1.508,17.329;1.429,17.534;1.336,17.734;1.238,17.931;1.138,18.127;1.037,18.322;0.935,18.517;0.832,18.712;0.729,18.906;0.626,19.100;0.523,19.295;0.421,19.489;0.370,19.587",2.1500000000000004,24.450000000000003,2.0,2.1500000000000004,24.450000000000003,2.0,2.1500000000000004,24.450000000000003,2.0,2.1662907275052667,0.0,0.3134998711004133,0,0,9,1,,,0,1,PASS_THROUGH,-1,0.9209671545462143,-0.3895887866715663,0.006330682966813154,0.9,0,0.9031198675752605,-0.42935073743479885,0.005696407204408432,4.5,0.9,0,0,0,BYPASS_VISIBLE,1,0,1,1,1
1787562518872834304,1787562518889648128,joint_v2_000008_af4e508d,3118,239,0.03333333333333333,7.966666666666667,16.813993453979492,frame_id_exact,1,,1.4797152280807495,17.42327880859375,1.9611902236938477,0.008513308888692733,-0.02628995970040111,0.17861902280837005,0.9835301755826814,-0.3071940839290619,0.918302059173584,0.047423720359802246,0.9679928189153356,-0.037667566203335244,0.038300696088772276,0.35910235367777404,0.25244563817977905,depth/003118.png,1.0,-0.054755215189522456,-0.00735441854945698,-0.998472723181434,0.9679928189153356,-0.037667566203335244,0.038300696088772276,0.25244563817977905,0.8985963500189732,-0.4387418037032451,0.005498128390820454,4.5,0.9,1.0,0.0,0.038809776306152344,0.17383566935171235,1.0,0.0,0.038809776306152344,0.17383566935171235,local_avoidance,SAFE_PROGRESSING,NONE,DIRECT_LOCAL,PASS_THROUGH,0,10,0,0,0,0,1,1.0,7.0586183051093325,0.6491506214963797,0.0,1,1,1,CURRENT_OCCUPIED,current,1.800000000000001,1.2500000000000004,19.55,0,0,0,0,26.02405362369408,0,0,1,0,2.0,1.0,"1.480,17.423;1.396,17.623;1.302,17.822;1.205,18.020;1.107,18.216;1.007,18.412;0.907,18.608;0.806,18.804;0.705,18.999;0.604,19.195;0.504,19.391;0.403,19.586;0.353,19.684",2.1500000000000004,24.450000000000003,2.0,2.1500000000000004,24.450000000000003,2.0,2.1500000000000004,24.450000000000003,2.0,2.135106027692337,0.0,0.33629842186509,0,0,9,1,,,0,1,PASS_THROUGH,-1,0.9209671545462143,-0.3895887866715663,0.006330682966813154,0.9,0,0.8985963500189732,-0.4387418037032451,0.005498128390820454,4.5,0.9,0,0,0,BYPASS_VISIBLE,1,0,1,1,1
1787562518922840320,1787562518940541952,joint_v2_000008_af4e508d,3119,240,0.03333333333333333,8.0,17.70162582397461,frame_id_exact,1,,1.4692102670669556,17.453781127929688,1.9627560377120972,-0.0022497911257043143,-0.023911961929726628,0.18244254068737875,0.982923128156061,-0.32305970788002014,0.9130347371101379,0.046175651252269745,0.9674690409201121,-0.02851046564628695,0.05764551156529186,0.3673514421960843,0.24355530738830566,depth/003119.png,1.0,-0.04618632562265225,0.013147861636508464,-0.998846313033124,0.9674690409201121,-0.02851046564628695,0.05764551156529186,0.24355530738830566,0.8940983848449148,-0.44783926335013363,0.005298341223837032,4.5,0.9,1.0,0.0,0.03724396228790283,0.1669678161536725,1.0,0.0,0.03724396228790283,0.1669678161536725,local_avoidance,SAFE_PROGRESSING,NONE,DIRECT_LOCAL,PASS_THROUGH,0,10,0,0,0,0,1,1.0,7.029264055815508,0.6491506214963797,0.0,1,1,1,CURRENT_OCCUPIED,current,1.7500000000000009,1.2500000000000004,19.55,0,0,0,0,0.0,0,0,1,0,2.0,1.0,"1.480,17.423;1.396,17.623;1.302,17.822;1.205,18.020;1.107,18.216;1.007,18.412;0.907,18.608;0.806,18.804;0.705,18.999;0.604,19.195;0.504,19.391;0.403,19.586;0.353,19.684",2.1500000000000004,24.450000000000003,2.0,2.1500000000000004,24.450000000000003,2.0,2.1500000000000004,24.450000000000003,2.0,2.1039699507007077,0.0,0.3363830616904416,0,0,9,1,,,1,1,PASS_THROUGH,-1,0.8941109348617144,-0.4478455494483683,0.0,0.9,0,0.8940983848449148,-0.44783926335013363,0.005298341223837032,4.5,0.9,0,0,0,BYPASS_VISIBLE,1,0,1,1,1
1787562518977440000,1787562519010465280,joint_v2_000008_af4e508d,3120,241,0.03333333333333333,8.033333333333333,33.025264739990234,frame_id_exact,1,,1.4581899642944336,17.484230041503906,1.9642406702041626,-0.012052822937620352,-0.01942646980810206,0.18611116276612688,0.9822626821903953,-0.33787545561790466,0.9148445129394531,0.04258259758353233,0.9732627542003766,-0.022133821741966746,0.07199506373901877,0.3750254041465804,0.23338532447814941,depth/003120.png,1.0,-0.033677462895324584,0.03090904214219964,-0.9989546834600586,0.9732627542003766,-0.022133821741966746,0.07199506373901877,0.23338532447814941,0.8897304993556484,-0.4564576025959348,0.005108380244273996,4.5,0.9,1.0,0.0,0.0357593297958374,0.1700749891996528,1.0,0.0,0.0357593297958374,0.1700749891996528,local_avoidance,SAFE_PROGRESSING,NONE,DIRECT_LOCAL,PASS_THROUGH,0,10,0,0,0,0,1,1.0,7.000039445616692,0.6491506214963797,0.0,1,1,1,CURRENT_OCCUPIED,current,1.7000000000000008,1.2500000000000004,19.55,0,0,0,0,0.0,0,0,1,0,2.0,1.0,"1.480,17.423;1.396,17.623;1.302,17.822;1.205,18.020;1.107,18.216;1.007,18.412;0.907,18.608;0.806,18.804;0.705,18.999;0.604,19.195;0.504,19.391;0.403,19.586;0.353,19.684",2.1500000000000004,24.450000000000003,2.0,2.1500000000000004,24.450000000000003,2.0,2.1500000000000004,24.450000000000003,2.0,2.0726821905171735,0.0,0.3395045903726573,0,0,9,1,,,0,1,PASS_THROUGH,-1,0.8940983848449148,-0.44783926335013363,0.005298341223837032,0.9,0,0.8897304993556484,-0.4564576025959348,0.005108380244273996,4.5,0.9,0,0,0,BYPASS_VISIBLE,1,0,1,1,1
1787562519042984448,1787562519060003840,joint_v2_000008_af4e508d,3121,242,0.03333333333333333,8.066666666666666,17.019271850585938,frame_id_exact,1,,1.4467111825942993,17.51483726501465,1.965571641921997,-0.018688804589653774,-0.01368287372448632,0.1896482143657686,0.9815788620062705,-0.3503788709640503,0.9225826859474182,0.037080634385347366,0.984291422402962,-0.01964729331286339,0.07799691483544055,0.38212570054944095,0.22322474420070648,depth/003121.png,1.0,-0.019773042400796328,0.04187893622122208,-0.998927015099299,0.984291422402962,-0.01964729331286339,0.07799691483544055,0.22322474420070648,0.8855068451068802,-0.4646000799213216,0.004938927612480255,4.5,0.9,1.0,0.0,0.03442835807800293,0.1287056738473802,1.0,0.0,0.03442835807800293,0.1287056738473802,local_avoidance,SAFE_PROGRESSING,NONE,DIRECT_LOCAL,PASS_THROUGH,0,10,0,0,0,0,1,1.0,6.970731476783297,0.6268600702041941,0.0,1,1,1,CURRENT_OCCUPIED,current,1.6500000000000008,1.2500000000000004,19.55,0,0,0,0,27.684709626963702,0,0,1,0,2.0,1.0,"1.447,17.515;1.359,17.715;1.265,17.914;1.169,18.112;1.072,18.309;0.973,18.506;0.875,18.703;0.776,18.899;0.677,19.096;0.578,19.292;0.480,19.489;0.381,19.686;0.332,19.784",2.1500000000000004,24.450000000000003,2.0,2.1500000000000004,24.450000000000003,2.0,2.1500000000000004,24.450000000000003,2.0,2.0410840467733675,0.0,0.36735517349949875,0,0,9,1,,,0,1,PASS_THROUGH,-1,0.8940983848449148,-0.44783926335013363,0.005298341223837032,0.9,0,0.8855068451068802,-0.4646000799213216,0.004938927612480255,4.5,0.9,0,0,0,BYPASS_VISIBLE,1,0,1,1,1
1787562519098567680,1787562519115083520,joint_v2_000008_af4e508d,3122,243,0.03333333333333333,8.1,16.515731811523438,frame_id_exact,1,,1.4348667860031128,17.545774459838867,1.966700553894043,-0.020673768572122074,-0.007826610605938476,0.19307587757102096,0.9809347811957886,-0.35971799492836,0.9338517189025879,0.030610671266913414,0.9982356541384173,-0.021406675823704636,0.07402982510470724,0.3888490067806012,0.21170830726623535,depth/003122.png,1.0,-0.007371577104956471,0.043581496723870336,-0.9990226789188987,0.9982356541384173,-0.021406675823704636,0.07402982510470724,0.21170830726623535,0.8813513481392056,-0.4724370717254179,0.0047973318331191025,4.5,0.9,1.0,0.0,0.03329944610595703,0.11010208162485269,1.0,0.0,0.03329944610595703,0.11010208162485269,local_avoidance,SAFE_PROGRESSING,NONE,DIRECT_LOCAL,PASS_THROUGH,0,10,0,0,0,0,1,1.0,6.9411631462727374,0.621267748299155,0.0,1,1,1,CURRENT_OCCUPIED,current,1.6000000000000008,1.2500000000000004,19.55,0,0,1,0,28.192962193230578,0,0,1,0,2.0,1.0,"1.435,17.546;1.347,17.747;1.253,17.946;1.157,18.144;1.060,18.342;0.962,18.539;0.864,18.736;0.766,18.933;0.668,19.130;0.570,19.326;0.471,19.523;0.373,19.720;0.324,19.818",2.1500000000000004,24.450000000000003,2.0,2.1500000000000004,24.450000000000003,2.0,2.1500000000000004,24.450000000000003,2.0,2.0091289620499855,0.0,0.37905301406251096,0,0,9,1,,,0,1,PASS_THROUGH,-1,0.8940983848449148,-0.44783926335013363,0.005298341223837032,0.9,0,0.8813513481392056,-0.4724370717254179,0.0047973318331191025,4.5,0.9,0,0,0,BYPASS_VISIBLE,1,0,1,1,1
1787562519143522304,1787562519160278784,joint_v2_000008_af4e508d,3123,244,0.03333333333333333,8.133333333333333,16.756534576416016,frame_id_exact,1,,1.422768473625183,17.57710075378418,1.9676156044006348,-0.017589180318634427,-0.0030429826066463183,0.1963648146898669,0.9803684106214299,-0.365621954202652,0.9455419778823853,0.024478070437908173,1.0118974218007364,-0.026711439739264202,0.06064922097719347,0.3953453690733265,0.19774019718170166,depth/003123.png,1.0,0.0009413042243775933,0.03568282293754392,-0.9993627219851484,1.0118974218007364,-0.026711439739264202,0.06064922097719347,0.19774019718170166,0.8772061194340881,-0.4800911042245589,0.004685687978523739,4.5,0.9,1.0,0.0,0.032384395599365234,0.15463086967743123,1.0,0.0,0.032384395599365234,0.15463086967743123,local_avoidance,SAFE_PROGRESSING,NONE,DIRECT_LOCAL,PASS_THROUGH,0,10,0,0,0,0,1,1.0,6.911266869510067,0.6748644256994197,0.0,1,1,1,CURRENT_OCCUPIED,current,1.5500000000000007,1.2500000000000004,19.55,0,0,1,0,28.691696584198453,0,0,1,0,2.0,1.0,"1.423,17.577;1.331,17.777;1.232,17.973;1.130,18.168;1.027,18.363;0.922,18.556;0.818,18.750;0.712,18.943;0.607,19.136;0.502,19.329;0.396,19.522;0.291,19.716;0.239,19.812",2.1500000000000004,24.450000000000003,2.0,2.1500000000000004,24.450000000000003,2.0,2.1500000000000004,24.450000000000003,2.0,1.9768638689689368,0.0,0.33160973961484735,0,0,9,1,,,0,1,PASS_THROUGH,-1,0.8940983848449148,-0.44783926335013363,0.005298341223837032,0.9,0,0.8772061194340881,-0.4800911042245589,0.004685687978523739,4.5,0.9,0,0,0,BYPASS_VISIBLE,1,0,1,1,1
1787562519189145600,1787562519205720320,joint_v2_000008_af4e508d,3124,245,0.03333333333333333,8.166666666666666,16.574859619140625,frame_id_exact,1,,1.4105262756347656,17.608779907226562,1.9683506488800049,-0.010183502940449039,-0.0002800960995129612,0.1994768811346537,0.9798495760609525,-0.3684556484222412,0.9544813632965088,0.019964076578617096,1.021955783075419,-0.03392293222735344,0.04060066743365978,0.40163395382029676,0.18483422696590424,depth/003124.png,1.0,0.0035138427224444954,0.020068347470726562,-0.9997924356280739,1.021955783075419,-0.03392293222735344,0.04060066743365978,0.18483422696590424,0.8730734537880934,-0.4875670102737993,0.004599432921424738,4.5,0.9,1.0,0.0,0.03164935111999512,0.133684245100254,1.0,0.0,0.03164935111999512,0.133684245100254,local_avoidance,SAFE_PROGRESSING,NONE,DIRECT_LOCAL,PASS_THROUGH,0,10,0,0,0,0,1,1.0,6.881069229908505,0.667447950599242,0.0,1,1,1,CURRENT_OCCUPIED,current,1.5500000000000007,1.2500000000000004,19.55,0,0,0,0,29.181131718237488,0,0,1,0,2.0,1.0,"1.411,17.609;1.320,17.809;1.221,18.006;1.119,18.201;1.016,18.395;0.912,18.589;0.808,18.783;0.703,18.976;0.598,19.170;0.493,19.363;0.389,19.556;0.284,19.750;0.232,19.847",2.1500000000000004,24.450000000000003,2.0,2.1500000000000004,24.450000000000003,2.0,2.1500000000000004,24.450000000000003,2.0,1.9444339822694874,0.0,0.34327278315449467,0,0,9,1,,,0,1,PASS_THROUGH,-1,0.8940983848449148,-0.44783926335013363,0.005298341223837032,0.9,0,0.8730734537880934,-0.4875670102737993,0.004599432921424738,4.5,0.9,0,0,0,BYPASS_VISIBLE,1,0,1,1,1
1787562519235056896,1787562519251812608,joint_v2_000008_af4e508d,3125,246,0.03333333333333333,8.2,16.75581932067871,frame_id_exact,1,,1.3982285261154175,17.640674591064453,1.9689754247665405,-0.0001839495232567369,-3.076099753528926e-05,0.20241087250617626,0.9793006708399737,-0.3691631257534027,0.9580975770950317,0.017951780930161476,1.0259358363457167,-0.04091629363668729,0.01833476769989367,0.4076382604754332,0.1740000993013382,depth/003125.png,1.0,1.4218235954951444e-05,0.000372736503752588,-0.9999999304326679,1.0259358363457167,-0.04091629363668729,0.01833476769989367,0.1740000993013382,0.8690021743190955,-0.49478754285947074,0.004528626698189379,4.5,0.9,1.0,0.0,0.031024575233459473,0.11378145567274567,1.0,0.0,0.031024575233459473,0.11378145567274567,local_avoidance,SAFE_PROGRESSING,NONE,DIRECT_LOCAL,PASS_THROUGH,0,10,0,0,0,0,1,1.0,6.850698714271552,0.6190687469965752,0.0,1,1,1,CURRENT_OCCUPIED,current,1.5000000000000007,1.2500000000000004,19.55,0,0,1,0,29.656076172496586,0,0,1,0,2.0,1.0,"1.398,17.641;1.308,17.841;1.209,18.038;1.108,18.233;1.005,18.428;0.902,18.622;0.798,18.816;0.694,19.010;0.589,19.203;0.485,19.397;0.381,19.591;0.276,19.784;0.224,19.881",2.1500000000000004,24.450000000000003,2.0,2.1500000000000004,24.450000000000003,2.0,2.1500000000000004,24.450000000000003,2.0,1.9120502086737543,0.0,0.3924204207180673,0,0,9,1,,,1,1,PASS_THROUGH,-1,0.8690110854042271,-0.49479261660272095,0.0,0.9,0,0.8690021743190955,-0.49478754285947074,0.004528626698189379,4.5,0.9,0,0,0,BYPASS_VISIBLE,1,0,1,1,1
1787562519280912384,1787562519296520704,joint_v2_000008_af4e508d,3126,247,0.03333333333333333,8.233333333333333,15.60831069946289,frame_id_exact,1,,1.385924220085144,17.672578811645508,1.9695791006088257,0.010115654569463013,-0.0022168111036634727,0.20515217600990698,0.9786753005770414,-0.3690912127494812,0.954987645149231,0.018633157014846802,1.0229851445494287,-0.04557577333161789,-0.0010785051255037502,0.4131806594722766,0.16381943225860596,depth/003126.png,1.0,-0.008489573639780536,-0.018890315309166503,-0.999785518562324,1.0229851445494287,-0.04557577333161789,-0.0010785051255037502,0.16381943225860596,0.8650921812405122,-0.5015930860646555,0.004460265537804537,4.5,0.9,0.9333333334,0.0,0.030420899391174316,0.0,0.9333333334,0.0,0.030420899391174316,0.0,blocked,NO_SAFE_CANDIDATE,NO_SAFE_CANDIDATE,DIRECT_LOCAL,PASS_THROUGH,0,10,0,0,0,0,1,0.9333333334,6.820355545117055,1.882335175277812,0.0,1,1,1,CURRENT_OCCUPIED,current,1.4500000000000006,1.2500000000000004,19.55,0,0,1,0,30.10578426312513,1,1,0,0,0.0,0.0,,2.1500000000000004,24.450000000000003,2.0,2.1500000000000004,24.450000000000003,2.0,2.1500000000000004,24.450000000000003,2.0,1.8799460123110376,0.0,0.0,0,0,9,1,,,0,1,PASS_THROUGH,-1,0.8690021743190955,-0.49478754285947074,0.004528626698189379,0.9,0,0.8650921812405122,-0.5015930860646555,0.004460265537804537,4.5,0.9,0,0,0,BYPASS_VISIBLE,1,0,1,1,1
1787562519324345088,1787562519341106688,joint_v2_000008_af4e508d,3127,248,0.03333333333333333,8.266666666666667,16.76154136657715,frame_id_exact,1,,1.3736152648925781,17.704261779785156,1.9702379703521729,0.019756895246728218,-0.005937633856256817,0.20765398579867062,0.9779847809533257,-0.3696254789829254,0.945090115070343,0.021119246259331703,1.0138270625601953,-0.046336452849158986,-0.016491307938331562,0.41808375586372176,0.1472964733839035,depth/003127.png,1.0,-0.019819027182564595,-0.03617793906744888,-0.9991488191887977,1.0138270625601953,-0.046336452849158986,-0.016491307938331562,0.1472964733839035,0.861444830836309,-0.5078322486264324,0.004382999021714424,4.5,0.9,1.0,0.0,0.02976202964782715,0.03515153593046938,1.0,0.0,0.02976202964782715,0.03515153593046938,local_avoidance,SAFE_PROGRESSING,NONE,DIRECT_LOCAL,PASS_THROUGH,0,10,0,0,0,0,1,1.0,6.790269316645341,0.648404743887995,0.0,1,1,1,CURRENT_OCCUPIED,current,1.4000000000000006,1.2500000000000004,19.55,0,0,0,0,30.519868924043763,0,1,1,0,2.0,1.0,"1.374,17.704;1.292,17.908;1.200,18.108;1.092,18.300;0.972,18.485;0.848,18.666;0.730,18.852;0.622,19.043;0.526,19.241;0.435,19.442;0.346,19.643;0.255,19.843;0.159,20.041;0.059,20.237;-0.009,20.367",2.1500000000000004,24.450000000000003,2.0,2.1500000000000004,24.450000000000003,2.0,2.1500000000000004,24.450000000000003,2.0,1.8483447043857069,0.0,0.35827847085579645,0,0,9,1,,,0,1,PASS_THROUGH,-1,0.8690021743190955,-0.49478754285947074,0.004528626698189379,0.9,0,0.861444830836309,-0.5078322486264324,0.004382999021714424,4.5,0.9,0,0,0,BYPASS_VISIBLE,1,0,1,1,1
1787562519610945792,1787562519628677632,joint_v2_000008_af4e508d,3128,249,0.03333333333333333,8.3,17.731904983520508,frame_id_exact,1,,1.361270785331726,17.735502243041992,1.9709895849227905,0.02890209082893322,-0.009748017802690885,0.20982554145328275,0.9772629571658138,-0.37123778462409973,0.9283187985420227,0.02395913004875183,0.998738905680896,-0.042457877120825306,-0.029753173301789573,0.4221747483170307,0.12906955182552338,depth/003128.png,1.0,-0.031181547123351125,-0.05239911927642474,-0.998139290589269,0.998738905680896,-0.042457877120825306,-0.029753173301789573,0.12906955182552338,0.858160335788245,-0.5133638331837505,0.004291020705287743,4.5,0.9,1.0,0.0,0.029010415077209473,0.033207782748310155,1.0,0.0,0.029010415077209473,0.033207782748310155,local_avoidance,SAFE_PROGRESSING,NONE,DIRECT_LOCAL,PASS_THROUGH,0,10,0,0,0,0,1,1.0,6.760663717584642,0.648404743887995,0.0,1,1,1,CURRENT_OCCUPIED,current,1.3500000000000005,1.2500000000000004,19.55,0,0,0,0,0.0,0,1,1,0,2.0,1.0,"1.374,17.704;1.292,17.908;1.200,18.108;1.092,18.300;0.972,18.485;0.848,18.666;0.730,18.852;0.622,19.043;0.526,19.241;0.435,19.442;0.346,19.643;0.255,19.843;0.159,20.041;0.059,20.237;-0.009,20.367",2.1500000000000004,24.450000000000003,2.0,2.1500000000000004,24.450000000000003,2.0,2.1500000000000004,24.450000000000003,2.0,1.8174531685106234,0.0,0.35150293958819906,0,0,9,1,,,0,1,PASS_THROUGH,-1,0.8690021743190955,-0.49478754285947074,0.004528626698189379,0.9,0,0.858160335788245,-0.5133638331837505,0.004291020705287743,4.5,0.9,0,0,0,BYPASS_VISIBLE,1,0,1,1,1
1787562519659020032,1787562519677018368,joint_v2_000008_af4e508d,3129,250,0.03333333333333333,8.333333333333334,17.998456954956055,frame_id_exact,1,,1.3488484621047974,17.766096115112305,1.9718581438064575,0.031015858382851764,-0.013620373750517738,0.2116806585924044,0.9767516576518092,-0.374466210603714,0.9068586826324463,0.028442582115530968,0.9805681399035072,-0.034598653617701494,-0.0267516317479527,0.4257458815991695,0.11312366276979446,depth/003129.png,1.0,-0.03973835993589239,-0.05482324280631986,-0.9977050038953422,0.9805681399035072,-0.034598653617701494,-0.0267516317479527,0.11312366276979446,0.855099305229424,-0.5184473957729433,0.004180432084039158,4.5,0.9,1.0,0.0,0.02814185619354248,0.07747656101514122,1.0,0.0,0.02814185619354248,0.07747656101514122,local_avoidance,SAFE_PROGRESSING,NONE,DIRECT_LOCAL,PASS_THROUGH,0,10,0,0,0,0,1,1.0,6.7317467962698,0.648404743887995,0.0,1,1,1,CURRENT_OCCUPIED,current,1.3500000000000005,1.2500000000000004,19.55,0,0,0,0,0.0,0,1,1,0,2.0,1.0,"1.374,17.704;1.292,17.908;1.200,18.108;1.092,18.300;0.972,18.485;0.848,18.666;0.730,18.852;0.622,19.043;0.526,19.241;0.435,19.442;0.346,19.643;0.255,19.843;0.159,20.041;0.059,20.237;-0.009,20.367",2.1500000000000004,24.450000000000003,2.0,2.1500000000000004,24.450000000000003,2.0,2.1500000000000004,24.450000000000003,2.0,1.7873475202773434,0.0,0.34297546202007306,0,0,9,1,,,0,1,PASS_THROUGH,-1,0.8690021743190955,-0.49478754285947074,0.004528626698189379,0.9,0,0.855099305229424,-0.5184473957729433,0.004180432084039158,4.5,0.9,0,0,0,BYPASS_VISIBLE,1,0,1,1,1
1787562519708520192,1787562519734086400,joint_v2_000008_af4e508d,3130,251,0.03333333333333333,8.366666666666667,25.56633949279785,frame_id_exact,1,,1.3362782001495361,17.795970916748047,1.9728899002075195,0.02522591722425024,-0.01661975917150904,0.2132680591131428,0.9765265852332897,-0.3802022635936737,0.885929524898529,0.03328495845198631,0.9642980996848521,-0.024299932112106654,-0.008453462685029785,0.4291237185678744,0.1006619930267334,depth/003130.png,1.0,-0.043219038153836035,-0.04217863004987825,-0.9981748734105527,0.9642980996848521,-0.024299932112106654,-0.008453462685029785,0.1006619930267334,0.85209410312509,-0.523372988273137,0.004044077829996707,4.5,0.9,1.0,0.0,0.02711009979248047,0.0842472363210417,1.0,0.0,0.02711009979248047,0.0842472363210417,local_avoidance,SAFE_PROGRESSING,NONE,DIRECT_LOCAL,PASS_THROUGH,0,11,0,0,0,0,1,1.0,6.703599496413457,0.6384519234080548,0.0,1,1,1,CURRENT_OCCUPIED,current,1.3000000000000005,1.2500000000000004,19.55,0,0,0,0,31.559065844755338,0,1,1,0,2.0,1.0,"1.336,17.796;1.249,17.994;1.151,18.191;1.039,18.380;0.917,18.563;0.795,18.746;0.682,18.935;0.582,19.131;0.492,19.332;0.407,19.535;0.321,19.737;0.233,19.939;0.139,20.138;0.041,20.335;-0.027,20.468",2.1500000000000004,24.450000000000003,2.0,2.1500000000000004,24.450000000000003,2.0,2.1500000000000004,24.450000000000003,2.0,1.757937829686573,0.0,0.3452913937042819,0,0,9,1,,,0,1,PASS_THROUGH,-1,0.8690021743190955,-0.49478754285947074,0.004528626698189379,0.9,0,0.85209410312509,-0.523372988273137,0.004044077829996707,4.5,0.9,0,0,0,BYPASS_VISIBLE,1,0,1,1,1
1787562519998908160,1787562520018036480,joint_v2_000008_af4e508d,3131,252,0.03333333333333333,8.4,19.12832260131836,frame_id_exact,1,,1.323472261428833,17.82522201538086,1.9740561246871948,0.013312899921118278,-0.01779995783215232,0.21465316862722164,0.9764373740261879,-0.3885529339313507,0.8704970479011536,0.03632305935025215,0.9536991934165369,-0.013461177342149144,0.01828941478167119,0.43241004341200706,0.09249936789274216,depth/003131.png,1.0,-0.04047640047017763,-0.0183567913790955,-0.9990118563937278,0.9536991934165369,-0.013461177342149144,0.01828941478167119,0.09249936789274216,0.8490858811519221,-0.5282405372514145,0.003886030468374225,4.5,0.9,1.0,0.0,0.025943875312805176,0.08308593512541429,1.0,0.0,0.025943875312805176,0.08308593512541429,local_avoidance,SAFE_PROGRESSING,NONE,DIRECT_LOCAL,PASS_THROUGH,0,11,0,0,0,0,1,1.0,6.6761389626132,0.6384519234080548,0.0,1,1,1,CURRENT_OCCUPIED,current,1.2500000000000004,1.2500000000000004,19.55,0,0,0,0,0.0,0,1,1,0,2.0,1.0,"1.336,17.796;1.249,17.994;1.151,18.191;1.039,18.380;0.917,18.563;0.795,18.746;0.682,18.935;0.582,19.131;0.492,19.332;0.407,19.535;0.321,19.737;0.233,19.939;0.139,20.138;0.041,20.335;-0.027,20.468",2.1500000000000004,24.450000000000003,2.0,2.1500000000000004,24.450000000000003,2.0,2.1500000000000004,24.450000000000003,2.0,1.7289841835651667,0.0,0.34033331184330284,0,0,9,1,,,1,1,PASS_THROUGH,-1,0.8490922923463146,-0.5282445258382529,0.0,0.9,0,0.8490858811519221,-0.5282405372514145,0.003886030468374225,4.5,0.9,0,0,0,BYPASS_VISIBLE,1,0,1,0,1
1787562520297138688,1787562520314262528,joint_v2_000008_af4e508d,3132,253,0.03333333333333333,8.433333333333334,17.123937606811523,frame_id_exact,1,,1.3103530406951904,17.854097366333008,1.9752777814865112,-0.0017750314137597659,-0.016666083968252945,0.21588371250649438,0.9762752243005333,-0.39881375432014465,0.8639082908630371,0.036502569913864136,0.9510733412395536,-0.00395076507263777,0.046543251991150794,0.43542523043445014,0.08739326149225235,depth/003132.png,1.0,-0.03177496898579912,0.010661710543240444,-0.9994381818172866,0.9510733412395536,-0.00395076507263777,0.046543251991150794,0.08739326149225235,0.8461625542648766,-0.5329119135349553,0.0037180872034349986,4.5,0.9,1.0,0.0,0.02472221851348877,0.12102141367938968,1.0,0.0,0.02472221851348877,0.12102141367938968,local_avoidance,SAFE_PROGRESSING,NONE,DIRECT_LOCAL,PASS_THROUGH,0,11,0,0,0,0,1,1.0,6.649130662656962,0.6384519234080548,0.0,1,1,1,CURRENT_OCCUPIED,current,1.2000000000000004,1.2500000000000004,19.55,0,0,0,0,0.0,0,1,1,0,2.0,1.0,"1.336,17.796;1.249,17.994;1.151,18.191;1.039,18.380;0.917,18.563;0.795,18.746;0.682,18.935;0.582,19.131;0.492,19.332;0.407,19.535;0.321,19.737;0.233,19.939;0.139,20.138;0.041,20.335;-0.027,20.468",2.1500000000000004,24.450000000000003,2.0,2.1500000000000004,24.450000000000003,2.0,2.1500000000000004,24.450000000000003,2.0,1.700172854712723,0.0,0.3395220948821093,0,0,9,1,,,0,1,PASS_THROUGH,-1,0.8490858811519221,-0.5282405372514145,0.003886030468374225,0.9,0,0.8461625542648766,-0.5329119135349553,0.0037180872034349986,4.5,0.9,0,0,0,BYPASS_VISIBLE,1,0,1,0,1
1787562520342797824,1787562520360439552,joint_v2_000008_af4e508d,3133,254,0.03333333333333333,8.466666666666667,17.641782760620117,frame_id_exact,1,,1.2968775033950806,17.88292121887207,1.976448655128479,-0.01649871104236442,-0.013278974559500153,0.21702095845462666,0.9759371726499734,-0.40969789028167725,0.8673080801963806,0.03324785456061363,0.9572440046826669,0.0025680815833644672,0.06970227804128012,0.4379793740228296,0.08632902055978775,depth/003133.png,1.0,-0.018757757607219292,0.03796704238650271,-0.9991029227371774,0.9572440046826669,0.0025680815833644672,0.06970227804128012,0.08632902055978775,0.8434221837114094,-0.5372395855404389,0.0035563677839926073,4.5,0.9,0.9333333334,0.0,0.023551344871520996,0.0,0.9333333334,0.0,0.023551344871520996,0.0,blocked,NO_SAFE_CANDIDATE,NO_SAFE_CANDIDATE,DIRECT_LOCAL,PASS_THROUGH,0,11,0,0,0,0,1,0.9333333334,6.622261072455098,1.6677377380186436,0.0,1,1,1,CURRENT_OCCUPIED,current,1.2000000000000004,1.2500000000000004,19.55,0,0,0,0,32.496153241180814,1,2,0,0,0.0,0.0,,2.1500000000000004,24.450000000000003,2.0,2.1500000000000004,24.450000000000003,2.0,2.1500000000000004,24.450000000000003,2.0,1.6711992150082031,0.0,0.0,0,0,9,1,,,0,1,PASS_THROUGH,-1,0.8490858811519221,-0.5282405372514145,0.003886030468374225,0.9,0,0.8434221837114094,-0.5372395855404389,0.0035563677839926073,4.5,0.9,0,0,0,BYPASS_VISIBLE,1,0,1,0,1
1787562520388740352,1787562520404271360,joint_v2_000008_af4e508d,3134,255,0.03333333333333333,8.5,15.531063079833984,frame_id_exact,1,,1.2830510139465332,17.912010192871094,1.977441668510437,-0.026029103100536882,-0.00796471552939715,0.21815492924597013,0.975534456564197,-0.4195703864097595,0.879303514957428,0.025808021426200867,0.9714268257990373,0.004845970278420698,0.07865413675405421,0.4401262171738,0.08290234953165054,depth/003134.png,1.0,-0.004182954580850369,0.054259657801631236,-0.9985180981966348,0.9714268257990373,0.004845970278420698,0.07865413675405421,0.08290234953165054,0.8408373618769449,-0.5412770379628242,0.003420386821855322,4.5,0.9,0.8666666668,0.0,0.02255833148956299,0.0,0.8666666668,0.0,0.02255833148956299,0.0,blocked,NO_SAFE_CANDIDATE,NO_SAFE_CANDIDATE,DIRECT_LOCAL,PASS_THROUGH,0,11,0,0,0,0,1,0.8666666668,6.595218818397206,1.5383448951244036,0.0,1,1,1,CURRENT_OCCUPIED,current,1.0500000000000003,1.2500000000000004,19.450000000000003,0,0,0,0,32.77083048427455,2,3,0,0,0.0,0.0,,2.1500000000000004,24.450000000000003,2.0,2.1500000000000004,24.450000000000003,2.0,2.1500000000000004,24.450000000000003,2.0,1.6418593580408272,0.0,0.0,0,0,9,1,,,0,1,PASS_THROUGH,-1,0.8490858811519221,-0.5282405372514145,0.003886030468374225,0.9,0,0.8408373618769449,-0.5412770379628242,0.003420386821855322,4.5,0.9,0,0,0,BYPASS_VISIBLE,1,0,1,0,1
1787562520431514880,1787562520447208704,joint_v2_000008_af4e508d,3135,256,0.03333333333333333,8.533333333333333,15.69366455078125,frame_id_exact,1,,1.2689424753189087,17.941579818725586,1.978155493736267,-0.02314499758442968,-0.0007706870660021441,0.21928686186106183,0.9753855583016342,-0.42615213990211487,0.8947635293006897,0.017200862988829613,0.9892534623689485,0.002523351668412765,0.062245556345358416,0.44209075591949676,0.07472670823335648,depth/003135.png,1.0,0.008647353707846183,0.045488595877918876,-0.9989274302565261,0.9892534623689485,0.002523351668412765,0.062245556345358416,0.07472670823335648,0.8382920547175985,-0.5452113065487625,0.0033259898884753156,4.5,0.9,0.9333333334,0.0,0.02184450626373291,0.12745935560532162,0.9333333334,0.0,0.02184450626373291,0.12745935560532162,local_avoidance,SAFE_PROGRESSING,NONE,DIRECT_LOCAL,PASS_THROUGH,0,11,0,0,0,0,1,0.9333333334,6.567784681140003,0.605604984260194,0.0,1,1,1,CURRENT_OCCUPIED,current,1.0000000000000002,1.2500000000000004,19.450000000000003,0,0,0,0,33.039310876118634,0,3,1,0,2.0,1.0,"1.269,17.942;1.173,18.139;1.069,18.332;0.954,18.520;0.833,18.703;0.716,18.890;0.615,19.085;0.532,19.289;0.464,19.498;0.401,19.709;0.337,19.919;0.266,20.128;0.186,20.333;0.098,20.534;0.035,20.676",2.1500000000000004,24.450000000000003,2.0,2.1500000000000004,24.450000000000003,2.0,2.1500000000000004,24.450000000000003,2.0,1.612184179673472,0.0,0.390595139558647,0,0,9,1,,,0,1,PASS_THROUGH,-1,0.8490858811519221,-0.5282405372514145,0.003886030468374225,0.9,0,0.8382920547175985,-0.5452113065487625,0.0033259898884753156,4.5,0.9,0,0,0,BYPASS_VISIBLE,1,0,1,0,1
1787562520712492032,1787562520729482752,joint_v2_000008_af4e508d,3136,257,0.03333333333333333,8.566666666666666,16.99066162109375,frame_id_exact,1,,1.2547094821929932,17.971607208251953,1.9785817861557007,-0.007499531729317522,0.0069885207654952234,0.22032796342079164,0.9753719834689725,-0.42665454745292664,0.9054540395736694,0.008579631336033344,1.0007659428664089,-0.0037375527487256543,0.020206162786593568,0.4442272653620195,0.0706467404961586,depth/003136.png,1.0,0.01693752782617063,0.011550133180654901,-0.9997898352027024,1.0007659428664089,-0.0037375527487256543,0.020206162786593568,0.0706467404961586,0.8356056206556359,-0.5493200536886828,0.003274957125256546,4.5,0.9,1.0,0.0,0.021418213844299316,0.11730255478844098,1.0,0.0,0.021418213844299316,0.11730255478844098,local_avoidance,SAFE_PROGRESSING,NONE,DIRECT_LOCAL,PASS_THROUGH,0,11,0,0,0,0,1,1.0,6.539963170802128,0.6095178846394969,0.0,1,1,1,HISTORY_OCCUPIED,history,1.0000000000000002,1.2500000000000004,19.450000000000003,1,0,1,0,33.320580298321225,0,3,1,0,2.0,1.0,"1.255,17.972;1.159,18.170;1.055,18.364;0.940,18.551;0.819,18.734;0.701,18.920;0.599,19.115;0.518,19.320;0.452,19.530;0.392,19.741;0.328,19.952;0.258,20.160;0.178,20.365;0.092,20.567;0.028,20.709",2.1500000000000004,24.450000000000003,2.0,2.1500000000000004,24.450000000000003,2.0,2.1500000000000004,24.450000000000003,2.0,1.58243608808696,0.0,0.3908830993568049,0,0,9,1,,,0,1,PASS_THROUGH,-1,0.8490858811519221,-0.5282405372514145,0.003886030468374225,0.9,0,0.8356056206556359,-0.5493200536886828,0.003274957125256546,4.5,0.9,0,0,0,BYPASS_VISIBLE,1,0,1,0,1
1787562520965956096,1787562520982953216,joint_v2_000008_af4e508d,3137,258,0.03333333333333333,8.6,16.997098922729492,frame_id_exact,1,,1.2405747175216675,18.0018310546875,1.9787845611572266,0.009931586326040982,0.011933107042096394,0.22130958369295706,0.9750800134937749,-0.42044389247894287,0.9062420129776001,0.004653063602745533,0.9987655601957066,-0.012111948670272814,-0.01974741187583484,0.4466017460767648,0.07288343459367752,depth/003137.png,1.0,0.018875557880806436,-0.024650004560920955,-0.9995179290987405,0.9987655601957066,-0.012111948670272814,-0.01974741187583484,0.07288343459367752,0.8327600670877581,-0.5536244727415963,0.0032578897436943864,4.5,0.9,1.0,0.0,0.021215438842773438,0.11090685017944302,1.0,0.0,0.021215438842773438,0.11090685017944302,local_avoidance,SAFE_PROGRESSING,NONE,DIRECT_LOCAL,PASS_THROUGH,0,11,0,0,0,0,1,1.0,6.511984113287083,0.5875124247807868,0.0,1,1,1,HISTORY_OCCUPIED,history,0.9500000000000003,1.2500000000000004,19.450000000000003,2,0,1,0,33.61622619663934,0,3,1,0,2.0,1.0,"1.241,18.002;1.146,18.201;1.042,18.394;0.926,18.581;0.803,18.763;0.685,18.949;0.588,19.146;0.518,19.355;0.468,19.569;0.425,19.785;0.379,20.000;0.325,20.213;0.258,20.423;0.180,20.628;0.118,20.784",2.1500000000000004,24.450000000000003,2.0,2.1500000000000004,24.450000000000003,2.0,2.1500000000000004,24.450000000000003,2.0,1.5529384320294064,0.0,0.41208578470777074,0,0,9,1,,,1,1,PASS_THROUGH,-1,0.832764486516318,-0.5536274108073165,0.0,0.9,0,0.8327600670877581,-0.5536244727415963,0.0032578897436943864,4.5,0.9,0,0,0,BYPASS_VISIBLE,1,0,1,0,1
1787562521445725696,1787562521462537728,joint_v2_000008_af4e508d,3138,259,0.03333333333333333,8.633333333333333,16.81208610534668,frame_id_exact,1,,1.2267251014709473,18.031923294067383,1.97897469997406,0.020427960375661258,0.012041413709150142,0.22236882577690653,0.9746742061393517,-0.41019901633262634,0.8980820775032043,0.007537847850471735,0.9864654687533463,-0.020115778835400125,-0.036779131066801064,0.4489404318745656,0.07800588011741638,depth/003138.png,1.0,0.014387827572016907,-0.04517648217878286,-0.998875405581551,0.9864654687533463,-0.020115778835400125,-0.036779131066801064,0.07800588011741638,0.8299248028201085,-0.5578658508194999,0.003242553536910932,4.5,0.9,1.0,0.0,0.02102530002593994,0.08977234021675828,1.0,0.0,0.02102530002593994,0.08977234021675828,local_avoidance,SAFE_PROGRESSING,NONE,DIRECT_LOCAL,PASS_THROUGH,0,11,0,0,0,0,1,1.0,6.484145675529564,0.6035901897693255,0.0,1,1,1,CURRENT_OCCUPIED,current,1.0000000000000002,1.2500000000000004,19.55,0,0,1,0,33.90853769025299,0,3,1,0,2.0,1.0,"1.227,18.032;1.134,18.230;1.031,18.424;0.916,18.612;0.795,18.796;0.679,18.983;0.579,19.179;0.501,19.384;0.438,19.595;0.378,19.806;0.314,20.017;0.243,20.225;0.164,20.431;0.078,20.633;0.015,20.777",2.1500000000000004,24.450000000000003,2.0,2.1500000000000004,24.450000000000003,2.0,2.1500000000000004,24.450000000000003,2.0,1.5239191527263982,0.0,0.3910320553514177,0,0,9,1,,,0,1,PASS_THROUGH,-1,0.8327600670877581,-0.5536244727415963,0.0032578897436943864,0.9,0,0.8299248028201085,-0.5578658508194999,0.003242553536910932,4.5,0.9,0,0,0,BYPASS_VISIBLE,1,0,1,0,1
1787562521707267328,1787562521724085760,joint_v2_000008_af4e508d,3139,260,0.03333333333333333,8.666666666666666,16.818523406982422,frame_id_exact,1,,1.2132251262664795,18.0616512298584,1.9793215990066528,0.022666200538942003,0.007682910674178917,0.2235589425311495,0.9743965391210374,-0.4001947045326233,0.8852489590644836,0.01339233759790659,0.9707034061782618,-0.0257749303562206,-0.03273264373823556,0.45117527597488166,0.08323764055967331,depth/003139.png,1.0,0.004837939495222335,-0.0476069014920984,-0.9988544324734021,0.9707034061782618,-0.0257749303562206,-0.03273264373823556,0.08323764055967331,0.8271477001663118,-0.5619754668049146,0.003202626887308186,4.5,0.9,1.0,0.0,0.020678400993347168,0.08572415366476571,1.0,0.0,0.020678400993347168,0.08572415366476571,local_avoidance,SAFE_PROGRESSING,NONE,DIRECT_LOCAL,PASS_THROUGH,0,11,0,0,0,0,1,1.0,6.456666877966387,0.5894227707821487,0.0,1,1,1,CURRENT_OCCUPIED,current,1.0000000000000002,1.2500000000000004,19.55,0,0,1,0,34.19272445985235,0,3,1,0,2.0,1.0,"1.213,18.062;1.122,18.259;1.019,18.453;0.903,18.640;0.781,18.823;0.665,19.010;0.569,19.208;0.501,19.417;0.452,19.631;0.410,19.847;0.364,20.062;0.310,20.276;0.245,20.486;0.168,20.692;0.106,20.850",2.1500000000000004,24.450000000000003,2.0,2.1500000000000004,24.450000000000003,2.0,2.1500000000000004,24.450000000000003,2.0,1.495456091484581,0.0,0.39870547121455335,0,0,9,1,,,0,1,PASS_THROUGH,-1,0.8327600670877581,-0.5536244727415963,0.0032578897436943864,0.9,0,0.8271477001663118,-0.5619754668049146,0.003202626887308186,4.5,0.9,0,0,0,BYPASS_VISIBLE,1,0,1,0,1
1787562521978434816,1787562522005036800,joint_v2_000008_af4e508d,3140,261,0.03333333333333333,8.7,26.60202980041504,frame_id_exact,1,,1.200000286102295,18.090938568115234,1.979865550994873,0.01756841246712141,0.00023939274108616094,0.22484417855904545,0.9742363106262303,-0.3942173719406128,0.8723857998847961,0.019062628969550133,0.9569995010170351,-0.027985560551711742,-0.014016684964066703,0.4535098063653252,0.08742359280586243,depth/003140.png,1.0,-0.00743386033777985,-0.03433922281950149,-0.9993825871490012,0.9569995010170351,-0.027985560551711742,-0.014016684964066703,0.08742359280586243,0.8243104114031289,-0.5661294369664781,0.003131493640851454,4.5,0.9,1.0,0.0,0.020134449005126953,0.08221509731441645,1.0,0.0,0.020134449005126953,0.08221509731441645,local_avoidance,SAFE_PROGRESSING,NONE,DIRECT_LOCAL,PASS_THROUGH,0,11,0,0,0,0,1,1.0,6.429631540834209,0.5878439722610216,0.0,1,1,1,CURRENT_OCCUPIED,current,0.9500000000000003,1.2500000000000004,19.55,0,0,1,0,34.48095117796481,0,3,1,0,2.0,1.0,"1.200,18.091;1.109,18.287;1.006,18.481;0.890,18.668;0.769,18.852;0.656,19.040;0.562,19.239;0.495,19.448;0.447,19.663;0.406,19.879;0.360,20.094;0.305,20.307;0.238,20.517;0.162,20.723;0.100,20.882",2.1500000000000004,24.450000000000003,2.0,2.1500000000000004,24.450000000000003,2.0,2.1500000000000004,24.450000000000003,2.0,1.4674904213124498,0.0,0.394337663488621,0,0,9,1,,,0,1,PASS_THROUGH,-1,0.8327600670877581,-0.5536244727415963,0.0032578897436943864,0.9,0,0.8243104114031289,-0.5661294369664781,0.003131493640851454,4.5,0.9,0,0,0,BYPASS_VISIBLE,1,0,1,0,1
1787562522252213504,1787562522269114880,joint_v2_000008_af4e508d,3141,262,0.03333333333333333,8.733333333333333,16.901493072509766,frame_id_exact,1,,1.186871886253357,18.119855880737305,1.9805703163146973,0.007172556763354179,-0.008388497575102946,0.226159179539059,0.9740278297092588,-0.3946762681007385,0.8633915185928345,0.02282758429646492,0.9491438544761532,-0.026481234305478073,0.01265137639106368,0.45619434858753144,0.09021931886672974,depth/003141.png,1.0,-0.019585539280792826,-0.010178268337051339,-0.9997563750758179,0.9491438544761532,-0.026481234305478073,0.01265137639106368,0.09021931886672974,0.8212531480753675,-0.5705559208909853,0.0030344542405837255,4.5,0.9,1.0,0.0,0.019429683685302734,0.08153812136397987,1.0,0.0,0.019429683685302734,0.08153812136397987,local_avoidance,SAFE_PROGRESSING,NONE,DIRECT_LOCAL,PASS_THROUGH,0,11,0,0,0,0,1,1.0,6.4029946379897344,0.5879292495268095,0.0,1,1,1,CURRENT_OCCUPIED,current,0.9000000000000002,1.2500000000000004,19.55,0,0,1,0,34.78918417404718,0,3,1,0,2.0,1.0,"1.187,18.120;1.096,18.314;0.992,18.508;0.876,18.695;0.757,18.880;0.644,19.069;0.553,19.269;0.487,19.479;0.440,19.694;0.399,19.910;0.353,20.125;0.298,20.338;0.232,20.548;0.157,20.755;0.095,20.914",2.1500000000000004,24.450000000000003,2.0,2.1500000000000004,24.450000000000003,2.0,2.1500000000000004,24.450000000000003,2.0,1.4398791258268806,0.0,0.390853053440389,0,0,9,1,,,0,1,PASS_THROUGH,-1,0.8327600670877581,-0.5536244727415963,0.0032578897436943864,0.9,0,0.8212531480753675,-0.5705559208909853,0.0030344542405837255,4.5,0.9,0,0,0,BYPASS_VISIBLE,1,0,1,0,1
1787562522512733696,1787562522529578496,joint_v2_000008_af4e508d,3142,263,0.03333333333333333,8.766666666666667,16.844749450683594,frame_id_exact,1,,1.1736092567443848,18.148569107055664,1.9813507795333862,-0.005637916252997343,-0.01613767622907886,0.227453489630323,0.9736388957725746,-0.4022206664085388,0.8607489466667175,0.023455794900655746,0.9492791027229271,-0.021678961952033716,0.040244201205280175,0.4592564621129246,0.09157787263393402,depth/003142.png,1.0,-0.028859811076055814,0.018319730655709764,-0.9994155786124992,0.9492791027229271,-0.021678961952033716,0.040244201205280175,0.09157787263393402,0.8179328982603135,-0.5753061972596192,0.0029246090610601455,4.5,0.9,1.0,0.0,0.01864922046661377,0.08797210000214717,1.0,0.0,0.01864922046661377,0.08797210000214717,local_avoidance,SAFE_PROGRESSING,NONE,DIRECT_LOCAL,PASS_THROUGH,0,11,0,0,0,0,1,1.0,6.376626865519774,0.5752678587698233,0.0,1,1,1,CURRENT_OCCUPIED,current,0.9000000000000002,1.2500000000000004,19.55,0,0,1,0,35.121250546074705,0,3,1,0,2.0,1.0,"1.174,18.149;1.081,18.343;0.976,18.536;0.860,18.723;0.741,18.908;0.631,19.098;0.545,19.301;0.491,19.514;0.458,19.731;0.433,19.950;0.403,20.168;0.362,20.384;0.308,20.597;0.241,20.807;0.181,20.980",2.1500000000000004,24.450000000000003,2.0,2.1500000000000004,24.450000000000003,2.0,2.1500000000000004,24.450000000000003,2.0,1.4124196169280905,0.0,0.40429065491954674,0,0,9,1,,,0,1,PASS_THROUGH,-1,0.8327600670877581,-0.5536244727415963,0.0032578897436943864,0.9,0,0.8179328982603135,-0.5753061972596192,0.0029246090610601455,4.5,0.9,0,0,0,BYPASS_VISIBLE,1,0,1,0,1
1787562522764819712,1787562522780442624,joint_v2_000008_af4e508d,3143,264,0.03333333333333333,8.8,15.623092651367188,frame_id_exact,1,,1.1599904298782349,18.17731285095215,1.9820903539657593,-0.01764560882856626,-0.021193390551923617,0.22872627297651396,0.9731000795068595,-0.4157427251338959,0.8651606440544128,0.020349277183413506,0.9579584981084206,-0.014576420945747926,0.06214571955141678,0.46244834206472696,0.0922270119190216,depth/003143.png,1.0,-0.033174551378674734,0.044036857173403846,-0.9984789453719657,0.9579584981084206,-0.014576420945747926,0.06214571955141678,0.0922270119190216,0.8144641358608896,-0.5802070471325806,0.002820257801243153,4.5,0.9,0.9333333334,0.0,0.017909646034240723,0.0,0.9333333334,0.0,0.017909646034240723,0.0,local_avoidance,SAFE_HOLD,NONE,DIRECT_LOCAL,PASS_THROUGH,0,11,0,0,0,0,1,0.9333333334,6.350332512456555,1.2758660987991886,0.0,1,1,1,CURRENT_OCCUPIED,current,0.7500000000000001,1.2500000000000004,19.450000000000003,0,0,1,0,35.46526887223238,0,3,0,0,0.0,0.0,,2.1500000000000004,24.450000000000003,2.0,2.1500000000000004,24.450000000000003,2.0,2.1500000000000004,24.450000000000003,2.0,1.3849270995183398,0.0,0.0,0,0,9,1,,,1,1,PASS_THROUGH,-1,0.8144673749446513,-0.5802093545874358,0.0,0.9,0,0.8144641358608896,-0.5802070471325806,0.002820257801243153,4.5,0.9,0,0,0,BYPASS_VISIBLE,1,0,1,0,1
1787562523232436480,1787562523249883648,joint_v2_000008_af4e508d,3144,265,0.03333333333333333,8.833333333333334,17.447233200073242,frame_id_exact,1,,1.1458555459976196,18.206308364868164,1.9826545715332031,-0.02452317950871382,-0.02208392557699147,0.23002822871427794,0.9726242480487854,-0.43262675404548645,0.8753560185432434,0.013009637594223022,0.9740304466535715,-0.006627220983838914,0.06931152227459247,0.46538893876836196,0.08779792487621307,depth/003144.png,1.0,-0.031676675926909904,0.0578635306259229,-0.9978218277957867,0.9740304466535715,-0.006627220983838914,0.06931152227459247,0.08779792487621307,0.8110484481840089,-0.5849725563233177,0.002742817324236603,4.5,0.9,1.0,0.0,0.017345428466796875,0.1320436308914419,1.0,0.0,0.017345428466796875,0.1320436308914419,local_avoidance,SAFE_PROGRESSING,NONE,DIRECT_LOCAL,PASS_THROUGH,0,11,0,0,0,0,1,1.0,6.32392214682621,0.5781480867998864,0.0,1,1,1,CURRENT_OCCUPIED,current,0.7500000000000001,1.2500000000000004,19.450000000000003,0,0,0,0,35.80120671002514,0,3,1,0,2.0,1.0,"1.146,18.206;1.048,18.401;0.938,18.591;0.817,18.775;0.695,18.958;0.587,19.150;0.506,19.354;0.455,19.568;0.423,19.785;0.397,20.004;0.366,20.222;0.323,20.437;0.266,20.650;0.197,20.859;0.136,21.031",2.1500000000000004,24.450000000000003,2.0,2.1500000000000004,24.450000000000003,2.0,2.1500000000000004,24.450000000000003,2.0,1.3573030822857057,0.0,0.41223571663139214,0,0,9,1,,,0,1,PASS_THROUGH,-1,0.8144641358608896,-0.5802070471325806,0.002820257801243153,0.9,0,0.8110484481840089,-0.5849725563233177,0.002742817324236603,4.5,0.9,0,0,0,BYPASS_VISIBLE,1,0,1,0,1
1787562523515501824,1787562523532157952,joint_v2_000008_af4e508d,3145,266,0.03333333333333333,8.866666666666667,16.656160354614258,frame_id_exact,1,,1.1311559677124023,18.235687255859375,1.9829310178756714,-0.022408516111717323,-0.018205434465132387,0.23140573887456659,0.9724288172290673,-0.448911190032959,0.8872305154800415,0.0036164994817227125,0.9927982240533004,0.00042285151976752613,0.05535188088487878,0.4678949647003425,0.08581171184778214,depth/003145.png,1.0,-0.025036059752310817,0.05200705766462447,-0.9983328411232133,0.9927982240533004,0.00042285151976752613,0.05535188088487878,0.08581171184778214,0.8077885774170731,-0.5894660866074424,0.002710522866227943,4.5,0.9,1.0,0.0,0.017068982124328613,0.13782955106883987,1.0,0.0,0.017068982124328613,0.13782955106883987,local_avoidance,SAFE_PROGRESSING,NONE,DIRECT_LOCAL,PASS_THROUGH,0,11,0,0,0,0,1,1.0,6.29727925727585,0.5645790918455921,0.0,1,1,1,CURRENT_OCCUPIED,current,0.7000000000000001,1.2500000000000004,19.450000000000003,0,0,1,0,36.1192828256484,0,3,1,0,2.0,1.0,"1.131,18.236;1.030,18.431;0.920,18.621;0.799,18.804;0.677,18.988;0.571,19.180;0.503,19.389;0.483,19.608;0.492,19.828;0.511,20.047;0.525,20.266;0.526,20.486;0.508,20.705;0.469,20.922;0.418,21.136;0.415,21.149",2.1500000000000004,24.450000000000003,2.0,2.1500000000000004,24.450000000000003,2.0,2.1500000000000004,24.450000000000003,2.0,1.3295769558511215,0.0,0.43317715386305516,0,0,9,1,,,0,1,PASS_THROUGH,-1,0.8144641358608896,-0.5802070471325806,0.002820257801243153,0.9,0,0.8077885774170731,-0.5894660866074424,0.002710522866227943,4.5,0.9,0,0,0,BYPASS_VISIBLE,1,0,1,0,1
1787562523786424576,1787562523802590976,joint_v2_000008_af4e508d,3146,267,0.03333333333333333,8.9,16.16644859313965,frame_id_exact,1,,1.1159703731536865,18.26544189453125,1.9829295873641968,-0.01652553794766631,-0.01159878675095736,0.23282974564592926,0.9723079163947489,-0.4614086151123047,0.8973534107208252,-0.0030804257839918137,1.0084209337045849,0.004670915363542678,0.0348704154148426,0.4703494337224154,0.08938724547624588,depth/003146.png,1.0,-0.014859910763026143,0.03753690787644912,-0.9991847494828922,1.0084209337045849,0.004670915363542678,0.0348704154148426,0.08938724547624588,0.8044677081999727,-0.5939901473727729,0.0027223680050659843,4.5,0.9,1.0,0.0,0.017070412635803223,0.11989152826363036,1.0,0.0,0.017070412635803223,0.11989152826363036,local_avoidance,SAFE_PROGRESSING,NONE,DIRECT_LOCAL,PASS_THROUGH,0,11,0,0,0,0,1,1.0,6.270404789893167,0.5695984011330806,0.0,1,1,1,CURRENT_OCCUPIED,current,0.65,1.2500000000000004,19.450000000000003,0,0,1,0,36.44083219842765,0,3,1,0,2.0,1.0,"1.116,18.265;1.014,18.460;0.904,18.651;0.787,18.837;0.671,19.024;0.572,19.220;0.507,19.430;0.480,19.648;0.475,19.868;0.473,20.088;0.463,20.308;0.439,20.526;0.399,20.743;0.346,20.956;0.292,21.150",2.1500000000000004,24.450000000000003,2.0,2.1500000000000004,24.450000000000003,2.0,2.1500000000000004,24.450000000000003,2.0,1.3018494364974045,0.0,0.43399078509652317,0,0,9,1,,,0,1,PASS_THROUGH,-1,0.8144641358608896,-0.5802070471325806,0.002820257801243153,0.9,0,0.8044677081999727,-0.5939901473727729,0.0027223680050659843,4.5,0.9,0,0,0,BYPASS_VISIBLE,1,0,1,0,1
1787562524032410368,1787562524048076032,joint_v2_000008_af4e508d,3147,268,0.03333333333333333,8.933333333333334,15.665531158447266,frame_id_exact,1,,1.1004564762115479,18.295480728149414,1.9827667474746704,-0.008549369233012066,-0.0038093221269545788,0.23432206653547188,0.9721139678480074,-0.46842026710510254,0.9043035507202148,-0.0061929114162921906,1.018350756726097,0.004951330508955113,0.012571047426149498,0.4730947298935879,0.09466378390789032,depth/003147.png,1.0,-0.003399578762781714,0.018407138961176663,-0.9998247947013015,1.018350756726097,0.004951330508955113,0.012571047426149498,0.09466378390789032,0.8008954770896323,-0.5987978088302306,0.0027602386644721547,4.5,0.9,0.9333333334,0.0,0.01723325252532959,0.0,0.9333333334,0.0,0.01723325252532959,0.0,local_avoidance,SAFE_HOLD,NONE,DIRECT_LOCAL,PASS_THROUGH,0,11,0,0,0,0,1,0.9333333334,6.243368407831351,1.155581805768761,0.0,1,1,1,HISTORY_OCCUPIED,history,0.65,1.2500000000000004,19.450000000000003,1,0,1,0,36.78400866759713,0,3,0,0,0.0,0.0,,2.1500000000000004,24.450000000000003,2.0,2.1500000000000004,24.450000000000003,2.0,2.1500000000000004,24.450000000000003,2.0,1.2742392446309951,0.0,0.0,0,0,9,1,,,0,1,PASS_THROUGH,-1,0.8144641358608896,-0.5802070471325806,0.002820257801243153,0.9,0,0.8008954770896323,-0.5987978088302306,0.0027602386644721547,4.5,0.9,0,0,0,BYPASS_VISIBLE,1,0,1,0,1
1787562524289998592,1787562524305466368,joint_v2_000008_af4e508d,3148,269,0.03333333333333333,8.966666666666667,15.46788215637207,frame_id_exact,1,,1.084811806678772,18.325681686401367,1.9825482368469238,0.0016583164425381057,0.0038591102045755724,0.23583775717425445,0.9717833655429706,-0.4691931903362274,0.9068947434425354,-0.0064908466301858425,1.0210314477599314,0.001241372498255229,-0.01164896180546445,0.47618232784979836,0.09366007894277573,depth/003148.png,1.0,0.006718250944220593,-0.005043296458000616,-0.9999647145100107,1.0210314477599314,0.001241372498255229,-0.01164896180546445,0.09366007894277573,0.7970556032957764,-0.6038993985860287,0.002807426265927891,4.5,0.9,1.0,0.0,0.017451763153076172,0.13266160618331746,1.0,0.0,0.017451763153076172,0.13266160618331746,local_avoidance,SAFE_PROGRESSING,NONE,DIRECT_LOCAL,PASS_THROUGH,0,11,0,0,0,0,1,1.0,6.216260989812975,0.6147747671562488,0.0,1,1,1,HISTORY_OCCUPIED,history,0.6,1.1500000000000004,19.450000000000003,2,0,0,0,37.149856031016675,0,3,1,0,2.0,1.0,"1.085,18.326;0.982,18.520;0.871,18.710;0.748,18.893;0.623,19.074;0.508,19.261;0.412,19.459;0.338,19.666;0.277,19.877;0.219,20.089;0.156,20.300;0.084,20.508;0.004,20.713;-0.084,20.915;-0.149,21.060",2.1500000000000004,24.450000000000003,2.0,2.1500000000000004,24.450000000000003,2.0,2.1500000000000004,24.450000000000003,2.0,1.2469055288736457,0.0,0.3942304130938475,0,0,9,1,,,0,1,PASS_THROUGH,-1,0.8144641358608896,-0.5802070471325806,0.002820257801243153,0.9,0,0.7970556032957764,-0.6038993985860287,0.002807426265927891,4.5,0.9,0,0,0,BYPASS_VISIBLE,1,0,1,0,1
1787562524547250432,1787562524563889920,joint_v2_000008_af4e508d,3149,270,0.03333333333333333,9.0,16.63947105407715,frame_id_exact,1,,1.0692495107650757,18.35586929321289,1.9823487997055054,0.014393258178849563,0.010251793706541947,0.23725744671187096,0.9712860746580069,-0.46350815892219543,0.903099000453949,-0.005271804053336382,1.014368260678052,-0.005336567549430992,-0.03852223646305407,0.47937454325066975,0.0921744853258133,depth/003149.png,1.0,0.01308503356410437,-0.032824571274210027,-0.999375469689591,1.014368260678052,-0.005336567549430992,-0.03852223646305407,0.0921744853258133,0.7931101638095637,-0.6090715349160182,0.002851914622266286,4.5,0.9,1.0,0.0,0.01765120029449463,0.1542936598029554,1.0,0.0,0.01765120029449463,0.1542936598029554,local_avoidance,SAFE_PROGRESSING,NONE,DIRECT_LOCAL,PASS_THROUGH,0,11,0,0,0,0,1,1.0,6.189220523732138,0.6030122420960382,0.0,1,1,1,CURRENT_OCCUPIED,current,0.6,1.1500000000000004,19.450000000000003,0,0,1,0,37.52257806841703,0,0,1,0,2.0,1.0,"1.069,18.356;0.967,18.551;0.853,18.739;0.725,18.918;0.592,19.093;0.473,19.278;0.410,19.487;0.432,19.705;0.507,19.912;0.601,20.110;0.700,20.307;0.795,20.505;0.876,20.710;0.929,20.923;0.945,21.142;0.940,21.353",2.1500000000000004,24.450000000000003,2.0,2.1500000000000004,24.450000000000003,2.0,2.1500000000000004,24.450000000000003,2.0,1.2200468333086976,0.0,0.4033285058503056,0,0,9,1,,,1,1,PASS_THROUGH,-1,0.7931133891770882,-0.6090740118475196,0.0,0.9,0,0.7931101638095637,-0.6090715349160182,0.002851914622266286,4.5,0.9,0,0,0,BYPASS_VISIBLE,1,0,1,0,1
1787562525000596480,1787562525018356736,joint_v2_000008_af4e508d,3150,271,0.03333333333333333,9.033333333333333,17.760276794433594,frame_id_exact,1,,1.0539666414260864,18.385818481445312,1.9822442531585693,0.022519420135677898,0.012877351992967188,0.23868655608644979,0.9707501107215967,-0.4529218375682831,0.8929111957550049,-0.00040078817983157933,0.9998708250993373,-0.013143003306411848,-0.050143291288926514,0.4825472888410167,0.09628301113843918,depth/003150.png,1.0,0.014251216071450126,-0.04986876077761958,-0.9986540990448041,0.9998708250993373,-0.013143003306411848,-0.050143291288926514,0.09628301113843918,0.7891569516317594,-0.6141848288085362,0.0028812762273392628,4.5,0.9,0.9333333334,0.0,0.017755746841430664,0.0,0.9333333334,0.0,0.017755746841430664,0.0,local_avoidance,SAFE_HOLD,NONE,DIRECT_LOCAL,PASS_THROUGH,0,11,0,0,0,0,1,0.9333333334,6.162433497660407,1.0685058307713404,0.0,1,1,1,CURRENT_OCCUPIED,current,0.5499999999999999,1.1500000000000004,19.450000000000003,0,0,1,0,37.89289744914412,0,0,0,0,0.0,0.0,,2.1500000000000004,24.450000000000003,2.0,2.1500000000000004,24.450000000000003,2.0,2.1500000000000004,24.450000000000003,2.0,1.1938100612379208,0.0,0.0,0,0,9,1,,,0,1,PASS_THROUGH,-1,0.7931101638095637,-0.6090715349160182,0.002851914622266286,0.9,0,0.7891569516317594,-0.6141848288085362,0.0028812762273392628,4.5,0.9,0,0,0,BYPASS_VISIBLE,1,0,1,0,1
1787562525253136128,1787562525271385088,joint_v2_000008_af4e508d,3151,272,0.03333333333333333,9.066666666666666,18.249034881591797,frame_id_exact,1,,1.0390697717666626,18.415361404418945,1.982338309288025,0.02541557079361217,0.01147815440271179,0.24017505867805938,0.970328934909051,-0.44096705317497253,0.8792939782142639,0.0060238041914999485,0.9823222609269183,-0.02031188893747804,-0.04771300851803152,0.48556114175454734,0.09588878601789474,depth/003151.png,1.0,0.010066798259225582,-0.05483646029091682,-0.9984446014654847,0.9823222609269183,-0.02031188893747804,-0.04771300851803152,0.09588878601789474,0.7852971963865708,-0.6191122907097082,0.0028783397244002288,4.5,0.9,0.8666666668,0.0,0.017661690711975098,0.0,0.8666666668,0.0,0.017661690711975098,0.0,local_avoidance,SAFE_HOLD,NONE,DIRECT_LOCAL,PASS_THROUGH,0,11,0,0,0,0,1,0.8666666668,6.13604342807962,1.0405683730547663,0.0,1,1,1,CURRENT_OCCUPIED,current,0.49999999999999994,1.1500000000000004,19.450000000000003,0,0,0,0,38.251525295473236,0,0,0,0,0.0,0.0,,2.1500000000000004,24.450000000000003,2.0,2.1500000000000004,24.450000000000003,2.0,2.1500000000000004,24.450000000000003,2.0,1.16827518471911,0.0,0.0,0,0,9,1,,,0,1,PASS_THROUGH,-1,0.7931101638095637,-0.6090715349160182,0.002851914622266286,0.9,0,0.7852971963865708,-0.6191122907097082,0.0028783397244002288,4.5,0.9,0,0,0,BYPASS_VISIBLE,1,0,1,0,1
1787562525524318976,1787562525541317632,joint_v2_000008_af4e508d,3152,273,0.03333333333333333,9.1,16.998767852783203,frame_id_exact,1,,1.024553656578064,18.444414138793945,1.982645034790039,0.02814998338653617,0.0077864359781254,0.241535122336391,0.9699524393123825,-0.4303143322467804,0.863720715045929,0.012335081584751606,0.9637316327140926,-0.02500709852680819,-0.04395494856834417,0.48815147478253174,0.08729913830757141,depth/003152.png,1.0,0.001506525778996081,-0.05836968563782959,-0.9982938997001926,0.9637316327140926,-0.02500709852680819,-0.04395494856834417,0.08729913830757141,0.7817009204895118,-0.623647018216158,0.002840347856388013,4.5,0.9,0.8000000002000001,0.0,0.017354965209960938,0.0,0.8000000002000001,0.0,0.017354965209960938,0.0,local_avoidance,SAFE_HOLD,NONE,DIRECT_LOCAL,PASS_THROUGH,0,11,0,0,0,0,1,0.8000000002000001,6.110130195686498,1.0133803379459574,0.0,1,1,1,CURRENT_OCCUPIED,current,0.49999999999999994,1.1500000000000004,19.450000000000003,0,0,0,0,38.58313533594247,0,0,0,0,0.0,0.0,,2.1500000000000004,24.450000000000003,2.0,2.1500000000000004,24.450000000000003,2.0,2.1500000000000004,24.450000000000003,2.0,1.1435234029930077,0.0,0.0,0,0,9,1,,,0,1,PASS_THROUGH,-1,0.7931101638095637,-0.6090715349160182,0.002851914622266286,0.9,0,0.7817009204895118,-0.623647018216158,0.002840347856388013,4.5,0.9,0,0,0,BYPASS_VISIBLE,1,0,1,0,1
1787562525806729216,1787562525825944064,joint_v2_000008_af4e508d,3153,274,0.03333333333333333,9.133333333333333,19.214630126953125,frame_id_exact,1,,1.010360598564148,18.472902297973633,1.9831573963165283,0.034622368661126106,0.003846661811819802,0.24265161200936158,0.9694878493155326,-0.42153090238571167,0.8447867035865784,0.018309034407138824,0.9427590919251496,-0.025985389502515385,-0.04709725139094098,0.49017749621875006,0.07455712556838989,depth/003153.png,1.0,-0.009343763360438562,-0.06899872884195513,-0.9975729895623971,0.9427590919251496,-0.025985389502515385,-0.04709725139094098,0.07455712556838989,0.7784594605350512,-0.6276887816302021,0.0027679810457090833,4.5,0.9,0.7333333336000001,0.0,0.01684260368347168,0.0,0.7333333336000001,0.0,0.01684260368347168,0.0,local_avoidance,SAFE_HOLD,NONE,DIRECT_LOCAL,PASS_THROUGH,0,11,0,0,0,0,1,0.7333333336000001,6.084774022498616,0.9870253703621686,0.0,1,1,1,CURRENT_OCCUPIED,current,0.44999999999999996,1.1500000000000004,19.450000000000003,0,0,0,0,38.87998711543487,0,0,0,0,0.0,0.0,,2.1500000000000004,24.450000000000003,2.0,2.1500000000000004,24.450000000000003,2.0,2.1500000000000004,24.450000000000003,2.0,1.1197223109571688,0.0,0.0,0,0,9,1,,,0,1,PASS_THROUGH,-1,0.7931101638095637,-0.6090715349160182,0.002851914622266286,0.9,0,0.7784594605350512,-0.6276887816302021,0.0027679810457090833,4.5,0.9,0,0,0,BYPASS_VISIBLE,1,0,1,0,1
1787562526099946240,1787562526115931392,joint_v2_000008_af4e508d,3154,275,0.03333333333333333,9.166666666666666,15.985250473022461,frame_id_exact,1,,0.9964433312416077,18.500661849975586,1.983862280845642,0.046342132288056524,0.0014109760425180722,0.24350905819610819,0.9687898402120287,-0.4134671092033386,0.8195837736129761,0.023893220350146294,0.9160554112696075,-0.022844636040879118,-0.059700120847301114,0.49160548144065647,0.06016971915960312,depth/003154.png,1.0,-0.019835579466980034,-0.09047874476336365,-0.9957008318432075,0.9160554112696075,-0.022844636040879118,-0.059700120847301114,0.06016971915960312,0.7756008209239454,-0.6312180886575478,0.0026629182515132774,4.5,0.9,0.6666666670000001,0.0,0.01613771915435791,0.0,0.6666666670000001,0.0,0.01613771915435791,0.0,local_avoidance,SAFE_HOLD,NONE,DIRECT_LOCAL,PASS_THROUGH,0,11,0,0,0,0,1,0.6666666670000001,6.060141698951676,0.9616769590730335,0.0,1,1,1,HISTORY_OCCUPIED,history,0.44999999999999996,1.1500000000000004,19.450000000000003,1,0,0,0,39.140213520906485,0,0,0,0,0.0,0.0,,2.1500000000000004,24.450000000000003,2.0,2.1500000000000004,24.450000000000003,2.0,2.1500000000000004,24.450000000000003,2.0,1.097113034972886,0.0,0.0,0,0,9,1,,,0,1,PASS_THROUGH,-1,0.7931101638095637,-0.6090715349160182,0.002851914622266286,0.9,0,0.7756008209239454,-0.6312180886575478,0.0026629182515132774,4.5,0.9,0,0,0,BYPASS_VISIBLE,1,0,1,0,1
1787562526393829632,1787562526409772800,joint_v2_000008_af4e508d,3155,276,0.03333333333333333,9.2,15.943288803100586,frame_id_exact,1,,0.982812762260437,18.527437210083008,1.984748125076294,0.06266393462633212,0.0016386713201038815,0.24414348001950117,0.9677109626419549,-0.4039139151573181,0.7851107716560364,0.02913137897849083,0.8796812961073135,-0.01618092841233435,-0.07932847347523152,0.49258360046176897,0.04573880136013031,depth/003155.png,1.0,-0.027426461741511504,-0.12208129483775738,-0.9921410921069029,0.8796812961073135,-0.01618092841233435,-0.07932847347523152,0.04573880136013031,0.7730451629401385,-0.6343459563187424,0.0025266097670611156,4.5,0.9,0.6000000004000001,0.0,0.015251874923706055,0.0,0.6000000004000001,0.0,0.015251874923706055,0.0,local_avoidance,SAFE_HOLD,NONE,DIRECT_LOCAL,PASS_THROUGH,0,11,0,0,0,0,1,0.6000000004000001,6.0364787789282826,0.9375892884426608,0.0,1,1,1,HISTORY_OCCUPIED,history,0.39999999999999997,1.1500000000000004,19.450000000000003,2,0,0,0,39.37164220211339,0,0,0,0,0.0,0.0,,2.1500000000000004,24.450000000000003,2.0,2.1500000000000004,24.450000000000003,2.0,2.1500000000000004,24.450000000000003,2.0,1.0760012239606456,0.0,0.0,0,0,9,1,,,1,1,PASS_THROUGH,-1,0.7730476304181546,-0.6343479810836291,0.0,0.9,0,0.7730451629401385,-0.6343459563187424,0.0025266097670611156,4.5,0.9,0,0,0,BYPASS_VISIBLE,1,0,1,0,0
1787562526922483968,1787562526940258560,joint_v2_000008_af4e508d,3156,277,0.03333333333333333,9.233333333333333,17.774581909179688,frame_id_exact,1,,0.9695605039596558,18.55287742614746,1.9857990741729736,0.08131243324507757,0.004917517597515777,0.2446192353543944,0.9661912522451621,-0.39036890864372253,0.739449143409729,0.033672623336315155,0.8307622080608561,-0.007515192605876674,-0.10042132057172869,0.4935041749938596,0.03216446191072464,depth/003156.png,1.0,-0.030278645519469446,-0.15953256218941747,-0.9867282124408858,0.8307622080608561,-0.007515192605876674,-0.10042132057172869,0.03216446191072464,0.7705653745499891,-0.6373565940544769,0.002361262355627567,4.5,0.9,0.5333333338000001,0.0,0.014200925827026367,0.0,0.5333333338000001,0.0,0.014200925827026367,0.0,local_avoidance,SAFE_HOLD,NONE,DIRECT_LOCAL,PASS_THROUGH,0,11,0,0,0,0,1,0.5333333338000001,6.014107752181799,0.9150886974753338,0.0,1,1,1,HISTORY_OCCUPIED,history,0.39999999999999997,1.1500000000000004,19.450000000000003,3,0,0,0,39.595120716861175,0,0,0,0,0.0,0.0,,2.1500000000000004,24.450000000000003,2.0,2.1500000000000004,24.450000000000003,2.0,2.1500000000000004,24.450000000000003,2.0,1.0566779404890747,0.0,0.0,0,0,9,1,,,0,1,PASS_THROUGH,-1,0.7730451629401385,-0.6343459563187424,0.0025266097670611156,0.9,0,0.7705653745499891,-0.6373565940544769,0.002361262355627567,4.5,0.9,0,0,0,BYPASS_VISIBLE,1,0,1,0,0
1787562527182418688,1787562527201265152,joint_v2_000008_af4e508d,3157,278,0.03333333333333333,9.266666666666667,18.846511840820312,frame_id_exact,1,,0.9568558931350708,18.576610565185547,1.9869787693023682,0.09913527030403138,0.010846066657795464,0.24502349991845945,0.9643744322137071,-0.3707846999168396,0.6825489401817322,0.03666169196367264,0.7688134815643162,0.0011293260403616569,-0.11671754058801609,0.494874241287205,0.019835658371448517,depth/003157.png,1.0,-0.027661603040785535,-0.19652212244928918,-0.9801091220396025,0.7688134815643162,0.0011293260403616569,-0.11671754058801609,0.019835658371448517,0.7678654481449056,-0.6406074721127476,0.002172606392859151,4.5,0.9,0.46666666720000016,0.0,0.013021230697631836,0.0,0.46666666720000016,0.0,0.013021230697631836,0.0,local_avoidance,SAFE_HOLD,NONE,DIRECT_LOCAL,PASS_THROUGH,0,11,0,0,0,0,1,0.46666666720000016,5.993354345667924,0.8944907774047567,0.0,1,1,1,HISTORY_OCCUPIED,history,0.35,1.1500000000000004,19.450000000000003,4,0,0,0,39.837244905935364,0,0,0,0,0.0,0.0,,2.1500000000000004,24.450000000000003,2.0,2.1500000000000004,24.450000000000003,2.0,2.1500000000000004,24.450000000000003,2.0,1.0393845567543523,0.0,0.0,0,0,9,1,,,0,1,PASS_THROUGH,-1,0.7730451629401385,-0.6343459563187424,0.0025266097670611156,0.9,0,0.7678654481449056,-0.6406074721127476,0.002172606392859151,4.5,0.9,0,0,0,BYPASS_VISIBLE,1,0,1,0,0
1787562527464216320,1787562527480135168,joint_v2_000008_af4e508d,3158,279,0.03333333333333333,9.3,15.918970108032227,frame_id_exact,1,,0.9449204802513123,18.598281860351562,1.988218069076538,0.11295385106206868,0.01836973904738122,0.24545422500631564,0.9626298372916394,-0.3441661596298218,0.6164607405662537,0.03712466359138489,0.6960697542993155,0.007842958501281482,-0.12360346229877628,0.4970210676737327,0.008987734094262123,depth/003158.png,1.0,-0.02008348212729682,-0.2264833546615729,-0.9738079604351583,0.6960697542993155,0.007842958501281482,-0.12360346229877628,0.008987734094262123,0.7647648285211769,-0.6443065017238236,0.001972027733916836,4.5,0.9,0.4000000006000002,0.0,0.011781930923461914,0.0,0.4000000006000002,0.0,0.011781930923461914,0.0,local_avoidance,SAFE_HOLD,NONE,DIRECT_LOCAL,PASS_THROUGH,0,11,0,0,0,0,1,0.4000000006000002,5.974514359745763,0.876060157082008,0.0,1,1,1,HISTORY_OCCUPIED,history,0.35,1.1500000000000004,19.450000000000003,5,0,0,0,40.11379310686988,0,0,0,0,0.0,0.0,,2.1500000000000004,24.450000000000003,2.0,2.1500000000000004,24.450000000000003,2.0,2.1500000000000004,24.450000000000003,2.0,1.0242328056281513,0.0,0.0,0,0,9,1,,,0,1,PASS_THROUGH,-1,0.7730451629401385,-0.6343459563187424,0.0025266097670611156,0.9,0,0.7647648285211769,-0.6443065017238236,0.001972027733916836,4.5,0.9,0,0,0,BYPASS_VISIBLE,1,0,1,0,0
1787562527728246784,1787562527744837888,joint_v2_000008_af4e508d,3159,280,0.03333333333333333,9.333333333333334,16.591310501098633,frame_id_exact,1,,0.9339866042137146,18.61764907836914,1.9894218444824219,0.12036216378004241,0.026041884910238965,0.24598803544879824,0.9614180444408921,-0.3108634650707245,0.544926643371582,0.03457704186439514,0.6167241210186732,0.011341487687288779,-0.11958027264926696,0.4998382823330709,7.642284617759287e-05,depth/003159.png,1.0,-0.009141028293324818,-0.24424869646907227,-0.9696695395210162,0.6167241210186732,0.011341487687288779,-0.11958027264926696,7.642284617759287e-05,0.761358740864895,-0.6483284007633474,0.0017755202793487128,4.5,0.9,0.3333333340000002,0.0,0.010578155517578125,0.0,0.3333333340000002,0.0,0.010578155517578125,0.0,local_avoidance,SAFE_HOLD,NONE,DIRECT_LOCAL,PASS_THROUGH,0,11,0,0,0,0,1,0.3333333340000002,5.957768529557024,0.8599243245186569,0.0,1,1,1,HISTORY_OCCUPIED,history,0.35,1.1500000000000004,19.450000000000003,6,0,0,0,40.415765602925134,0,0,0,0,0.0,0.0,,2.1500000000000004,24.450000000000003,2.0,2.1500000000000004,24.450000000000003,2.0,2.1500000000000004,24.450000000000003,2.0,1.0112053304282902,0.0,0.0,0,0,9,1,,,0,1,PASS_THROUGH,-1,0.7730451629401385,-0.6343459563187424,0.0025266097670611156,0.9,0,0.761358740864895,-0.6483284007633474,0.0017755202793487128,4.5,0.9,0,0,0,BYPASS_VISIBLE,1,0,1,0,0
1787562528008944896,1787562528026107392,joint_v2_000008_af4e508d,3160,281,0.03333333333333333,9.366666666666667,17.162322998046875,frame_id_exact,1,,0.9242532253265381,18.634601593017578,1.9904942512512207,0.12031400231682937,0.032364573732614824,0.24664132950793055,0.9610645814887637,-0.27248406410217285,0.47248533368110657,0.029400484636425972,0.5356467805367715,0.01117202334366457,-0.10635815260355344,0.5027833363970242,-0.006157214287668467,depth/003160.png,1.0,0.0028600800391093417,-0.24722393555646266,-0.9689541504272242,0.5356467805367715,0.01117202334366457,-0.10635815260355344,-0.006157214287668467,0.7580226997826122,-0.6522262095416416,0.0015994377833080133,4.5,0.9,0.2666666674000002,0.0,0.009505748748779297,0.0,0.2666666674000002,0.0,0.009505748748779297,0.0,local_avoidance,SAFE_HOLD,NONE,DIRECT_LOCAL,PASS_THROUGH,0,11,0,0,0,0,1,0.2666666674000002,5.943173713392207,0.8460710185232365,0.0,1,1,1,HISTORY_OCCUPIED,history,0.3,1.1500000000000004,19.450000000000003,7,0,0,0,40.7097226379373,0,0,0,0,0.0,0.0,,2.1500000000000004,24.450000000000003,2.0,2.1500000000000004,24.450000000000003,2.0,2.1500000000000004,24.450000000000003,2.0,1.0001507252163062,0.0,0.0,0,0,9,1,,,0,1,PASS_THROUGH,-1,0.7730451629401385,-0.6343459563187424,0.0025266097670611156,0.9,0,0.7580226997826122,-0.6522262095416416,0.0015994377833080133,4.5,0.9,0,0,0,BYPASS_VISIBLE,1,0,1,0,0
1787562528279674112,1787562528296365824,joint_v2_000008_af4e508d,3161,282,0.03333333333333333,9.4,16.69168472290039,frame_id_exact,1,,0.9158499836921692,18.649187088012695,1.9913649559020996,0.11336638560751575,0.036135253128955394,0.24735302611440815,0.9615917983051017,-0.23149582743644714,0.4034377634525299,0.02272845432162285,0.4572891554493947,0.0076457816899407095,-0.08773311841399468,0.5051535921738504,-0.009044548496603966,depth/003161.png,1.0,0.013411688997620727,-0.2359007016290758,-0.9716846121911887,0.4572891554493947,0.0076457816899407095,-0.08773311841399468,-0.009044548496603966,0.7552349304421908,-0.6554525763902419,0.001456002532013161,4.5,0.9,0.20000000080000024,0.0,0.00863504409790039,0.0,0.20000000080000024,0.0,0.00863504409790039,0.0,local_avoidance,SAFE_HOLD,NONE,DIRECT_LOCAL,PASS_THROUGH,0,11,0,0,0,0,1,0.20000000080000024,5.930645555302667,0.8343425855981156,0.0,1,1,1,HISTORY_OCCUPIED,history,0.3,1.1500000000000004,19.450000000000003,8,0,0,0,40.95402831426492,1,1,0,0,0.0,0.0,,2.1500000000000004,24.450000000000003,2.0,2.1500000000000004,24.450000000000003,2.0,2.1500000000000004,24.450000000000003,2.0,0.9908358391345862,0.0,0.0,0,0,9,1,,,1,1,PASS_THROUGH,-1,0.7552357309711067,-0.6554532711525195,0.0,0.9,0,0.7552349304421908,-0.6554525763902419,0.001456002532013161,4.5,0.9,0,0,0,BYPASS_VISIBLE,1,0,1,0,0
1787562528820844800,1787562528837350144,joint_v2_000008_af4e508d,3162,283,0.03333333333333333,9.433333333333334,16.50524139404297,frame_id_exact,1,,0.9088179469108582,18.66157341003418,1.9920076131820679,0.10153907098625892,0.0367123377015411,0.24800658011369753,0.9627225755865724,-0.19068177044391632,0.3409814238548279,0.015950007364153862,0.3850467135136174,0.0016666191554063998,-0.06795971248881075,0.5064531904921316,-0.008500714786350727,depth/003162.png,1.0,0.02032287712921526,-0.21371771452779473,-0.976684042647471,0.3850467135136174,0.0016666191554063998,-0.06795971248881075,-0.008500714786350727,0.7533331370612757,-0.6576377132837724,0.0013500638162641677,4.5,0.9,0.13333333420000026,0.0,0.007992386817932129,0.0,0.13333333420000026,0.0,0.007992386817932129,0.0,local_avoidance,SAFE_HOLD,NONE,DIRECT_LOCAL,PASS_THROUGH,0,11,0,0,0,0,1,0.13333333420000026,5.920001290230767,0.824490915958102,0.0,1,1,1,HISTORY_OCCUPIED,history,0.3,1.1500000000000004,19.450000000000003,9,0,0,0,41.1200048393165,2,2,0,0,0.0,0.0,,2.1500000000000004,24.450000000000003,2.0,2.1500000000000004,24.450000000000003,2.0,2.1500000000000004,24.450000000000003,2.0,0.9829883130740205,0.0,0.0,0,0,9,1,,,0,1,PASS_THROUGH,-1,0.7552349304421908,-0.6554525763902419,0.001456002532013161,0.9,0,0.7533331370612757,-0.6576377132837724,0.0013500638162641677,4.5,0.9,0,0,0,BYPASS_VISIBLE,1,0,1,0,0
1787562529108692736,1787562529125924608,joint_v2_000008_af4e508d,3163,284,0.03333333333333333,9.466666666666667,17.23194122314453,frame_id_exact,1,,0.9031073451042175,18.672012329101562,1.9924381971359253,0.0878507758072005,0.03414233269205885,0.24848122718862045,0.9640402595551988,-0.15258535742759705,0.286647766828537,0.010150587186217308,0.32090489734616534,-0.005437624449511148,-0.05042565863638308,0.506603246407637,-0.005307032726705074,depth/003163.png,1.0,0.02217062937645363,-0.18635082687540822,-0.9822330846168356,0.32090489734616534,-0.005437624449511148,-0.05042565863638308,-0.005307032726705074,0.7523689968365747,-0.6587406591761896,0.0012792760629660325,4.5,0.9,0.06666666760000027,0.0,0.007561802864074707,0.0,0.06666666760000027,0.0,0.007561802864074707,0.0,local_avoidance,SAFE_HOLD,NONE,DIRECT_LOCAL,PASS_THROUGH,0,11,0,0,0,0,1,0.06666666760000027,5.910996770248436,0.8162234982598014,0.0,1,1,1,HISTORY_OCCUPIED,history,0.3,1.1500000000000004,19.450000000000003,10,0,0,0,41.203939931671314,3,3,0,0,0.0,0.0,,2.1500000000000004,24.450000000000003,2.0,2.1500000000000004,24.450000000000003,2.0,2.1500000000000004,24.450000000000003,2.0,0.9763592428378491,0.0,0.0,0,0,9,1,,,0,1,PASS_THROUGH,-1,0.7552349304421908,-0.6554525763902419,0.001456002532013161,0.9,0,0.7523689968365747,-0.6587406591761896,0.0012792760629660325,4.5,0.9,0,0,0,BYPASS_VISIBLE,1,0,1,0,0
1787562529399316736,1787562529415572480,joint_v2_000008_af4e508d,3164,285,0.03333333333333333,9.5,16.255617141723633,frame_id_exact,1,,0.8985946774482727,18.680770874023438,1.992699384689331,0.07564790192290599,0.029137737332784974,0.248703627533588,0.9651812746056683,-0.1190219596028328,0.24006369709968567,0.005784316919744015,0.26516340217747564,-0.012106335588500772,-0.03704147188464504,0.5058836319022042,-0.000951149151660502,depth/003164.png,1.0,0.01861858166890152,-0.16052119874395893,-0.9868567743955761,0.26516340217747564,-0.012106335588500772,-0.03704147188464504,-0.000951149151660502,0.7521446451808744,-0.6589968917577259,0.0012366807965288919,4.5,0.9,1.0000002743760626e-09,0.0,0.007300615310668945,0.0,1.0000002743760626e-09,0.0,0.007300615310668945,0.0,local_avoidance,SAFE_HOLD,NONE,DIRECT_LOCAL,PASS_THROUGH,0,11,0,0,0,0,1,1.0000002743760626e-09,5.903390550296256,0.8092700936387115,0.0,1,1,1,HISTORY_OCCUPIED,history,0.3,1.1500000000000004,19.450000000000003,11,0,0,0,41.22345324431405,4,4,0,0,0.0,0.0,,2.1500000000000004,24.450000000000003,2.0,2.1500000000000004,24.450000000000003,2.0,2.1500000000000004,24.450000000000003,2.0,0.9707610211134969,0.0,0.0,0,0,9,1,,,0,1,PASS_THROUGH,-1,0.7552349304421908,-0.6554525763902419,0.001456002532013161,0.9,0,0.7521446451808744,-0.6589968917577259,0.0012366807965288919,4.5,0.9,0,0,0,BYPASS_VISIBLE,1,0,1,0,0
1787562529701293056,1787562529718125312,joint_v2_000008_af4e508d,3165,286,0.03333333333333333,9.533333333333333,16.832351684570312,frame_id_exact,1,,0.8951135277748108,18.688079833984375,1.9928374290466309,0.06786272882330786,0.022921670433909795,0.24867142778433937,0.9659356956158477,-0.0907173752784729,0.19906143844127655,0.0026718012522906065,0.21628827606047457,-0.01681793102425836,-0.02826262210957095,0.5046933932348591,0.0029216459952294827,depth/003165.png,1.0,0.010530676010844918,-0.1425019933726679,-0.9897384941223468,0.21628827606047457,-0.01681793102425836,-0.02826262210957095,0.0029216459952294827,0.7523756572192131,-0.6587331744614284,0.0012146143118450822,4.5,0.9,0.0,0.0,0.007162570953369141,0.0,0.0,0.0,0.007162570953369141,0.0,local_avoidance,SAFE_HOLD,NONE,DIRECT_LOCAL,PASS_THROUGH,0,11,0,0,0,0,1,0.0,5.896987710493497,0.8034235826167192,0.0,1,1,1,HISTORY_OCCUPIED,history,0.3,1.1500000000000004,19.450000000000003,12,0,0,0,41.20336589970783,5,5,0,0,0.0,0.0,,2.1500000000000004,24.450000000000003,2.0,2.1500000000000004,24.450000000000003,2.0,2.1500000000000004,24.450000000000003,2.0,0.9661159053908486,0.0,0.0,0,0,9,1,,,0,1,PASS_THROUGH,-1,0.7552349304421908,-0.6554525763902419,0.001456002532013161,0.9,0,0.7523756572192131,-0.6587331744614284,0.0012146143118450822,4.5,0.9,0,0,0,BYPASS_VISIBLE,1,0,1,0,0
1787562529990560000,1787562530009293312,joint_v2_000008_af4e508d,3166,287,0.03333333333333333,9.566666666666666,18.73326301574707,frame_id_exact,1,,0.8924928307533264,18.69406509399414,1.9928841590881348,0.06496333540147053,0.016608098467156402,0.24847292547593183,0.966315239155553,-0.06727106869220734,0.16037443280220032,9.857246186584234e-05,0.17139017261830347,-0.018431412022135895,-0.023044671333906877,0.5033516525398398,0.005650426726788282,depth/003166.png,1.0,-0.00018594270733668372,-0.1338034475950822,-0.9910078722376425,0.17139017261830347,-0.018431412022135895,-0.023044671333906877,0.005650426726788282,0.7528306265819888,-0.6582131789655877,0.0012077732341189032,4.5,0.9,0.0,0.0,0.007115840911865234,0.0,0.0,0.0,0.007115840911865234,0.0,local_avoidance,SAFE_HOLD,NONE,DIRECT_LOCAL,PASS_THROUGH,0,11,0,0,0,0,1,0.0,5.891698475217779,0.798590961839368,0.0,1,1,1,HISTORY_OCCUPIED,history,0.3,1.1500000000000004,19.450000000000003,13,0,0,0,41.16377815811991,6,6,0,0,0.0,0.0,,2.1500000000000004,24.450000000000003,2.0,2.1500000000000004,24.450000000000003,2.0,2.1500000000000004,24.450000000000003,2.0,0.9624215146483925,0.0,0.0,0,0,9,1,,,0,1,PASS_THROUGH,-1,0.7552349304421908,-0.6554525763902419,0.001456002532013161,0.9,0,0.7528306265819888,-0.6582131789655877,0.0012077732341189032,4.5,0.9,0,0,0,BYPASS_VISIBLE,1,0,1,0,0
1787562530273100288,1787562530288787968,joint_v2_000008_af4e508d,3167,288,0.03333333333333333,9.6,15.687704086303711,frame_id_exact,1,,0.8905802965164185,18.698772430419922,1.9928447008132935,0.06254894215378445,0.010368390599357267,0.2482825072057547,0.9666105332177206,-0.0482042096555233,0.12213224172592163,-0.0024214577861130238,0.12888859950340745,-0.016502555985973038,-0.019004955124982282,0.5021500072770952,0.007263757288455963,depth/003167.png,1.0,-0.011015225230309986,-0.1260695126823419,-0.9919602526236434,0.12888859950340745,-0.016502555985973038,-0.019004955124982282,0.007263757288455963,0.7533001497581311,-0.6576757615540776,0.0012153347856400348,4.5,0.9,0.0,0.0,0.007155299186706543,0.0,0.0,0.0,0.007155299186706543,0.0,local_avoidance,SAFE_HOLD,NONE,DIRECT_LOCAL,PASS_THROUGH,0,11,0,0,0,0,1,0.0,5.887508517753557,0.7947587331088001,0.0,1,1,1,HISTORY_OCCUPIED,history,0.25,1.1500000000000004,19.450000000000003,14,0,0,0,41.122890071457164,7,7,0,0,0.0,0.0,,2.1500000000000004,24.450000000000003,2.0,2.1500000000000004,24.450000000000003,2.0,2.1500000000000004,24.450000000000003,2.0,0.9597032725267451,0.0,0.0,0,0,9,1,,,1,1,PASS_THROUGH,-1,0.7533007060854623,-0.6576762472608723,0.0,0.9,0,0.7533001497581311,-0.6576757615540776,0.0012153347856400348,4.5,0.9,0,0,0,BYPASS_VISIBLE,1,0,1,0,0
1787562530790135296,1787562530804868352,joint_v2_000008_af4e508d,3168,289,0.03333333333333333,9.633333333333333,14.733076095581055,frame_id_exact,1,,0.8892300724983215,18.702220916748047,1.992728352546692,0.057059207246170494,0.004579922087441426,0.24819562204216514,0.9670171686072664,-0.0335695743560791,0.08517296612262726,-0.004450242966413498,0.0897201325562324,-0.011410194499236642,-0.014874824994477204,0.5013759327675753,0.007456230465322733,depth/003168.png,1.0,-0.019465964292513224,-0.11262789929112837,-0.993446542364223,0.0897201325562324,-0.011410194499236642,-0.014874824994477204,0.007456230465322733,0.7535792908035622,-0.6573558590377673,0.0012357429827210365,4.5,0.9,0.0,0.0,0.0072716474533081055,0.0,0.0,0.0,0.0072716474533081055,0.0,local_avoidance,SAFE_HOLD,NONE,DIRECT_LOCAL,PASS_THROUGH,0,11,0,0,0,0,1,0.0,5.884429046216912,0.7919435033121786,0.0,1,1,1,HISTORY_OCCUPIED,history,0.25,1.1500000000000004,19.450000000000003,15,0,0,0,41.09856414194723,8,8,0,0,0.0,0.0,,2.1500000000000004,24.450000000000003,2.0,2.1500000000000004,24.450000000000003,2.0,2.1500000000000004,24.450000000000003,2.0,0.9579321755340386,0.0,0.0,0,0,9,1,,,0,1,PASS_THROUGH,-1,0.7533001497581311,-0.6576757615540776,0.0012153347856400348,0.9,0,0.7535792908035622,-0.6573558590377673,0.0012357429827210365,4.5,0.9,0,0,0,BYPASS_VISIBLE,1,0,1,0,0
1787562531067007232,1787562531082994432,joint_v2_000008_af4e508d,3169,290,0.03333333333333333,9.666666666666666,15.987157821655273,frame_id_exact,1,,0.8882909417152405,18.70449447631836,1.9925559759140015,0.04701063384859595,-0.00015596323804403794,0.2482178686958996,0.967562848418999,-0.023547807708382607,0.052098870277404785,-0.005741992499679327,0.05623796675443709,-0.004242146496369694,-0.011002604162167974,0.5011704499266921,0.006268430966883898,depth/003169.png,1.0,-0.023639567149584685,-0.0908940598599758,-0.9955799519612433,0.05623796675443709,-0.004242146496369694,-0.011002604162167974,0.006268430966883898,0.7535573919044126,-0.657380906088453,0.0012654708782722849,4.5,0.9,0.0,0.0,0.007444024085998535,0.0,0.0,0.0,0.007444024085998535,0.0,local_avoidance,SAFE_HOLD,NONE,DIRECT_LOCAL,PASS_THROUGH,0,11,0,0,0,0,1,0.0,5.882409665299935,0.7901076616690521,0.0,1,1,1,HISTORY_OCCUPIED,history,0.25,1.1500000000000004,19.450000000000003,16,0,0,0,41.10047039318127,9,9,0,0,0.0,0.0,,2.1500000000000004,24.450000000000003,2.0,2.1500000000000004,24.450000000000003,2.0,2.1500000000000004,24.450000000000003,2.0,0.9569942073093503,0.0,0.0,0,0,9,1,,,0,1,PASS_THROUGH,-1,0.7533001497581311,-0.6576757615540776,0.0012153347856400348,0.9,0,0.7535573919044126,-0.657380906088453,0.0012654708782722849,4.5,0.9,0,0,0,BYPASS_VISIBLE,1,0,1,0,0
1787562531349233664,1787562531364796672,joint_v2_000008_af4e508d,3170,291,0.03333333333333333,9.7,15.563011169433594,frame_id_exact,1,,0.8876098394393921,18.705772399902344,1.9923564195632935,0.032807169812133594,-0.0032723288528596494,0.24829217554224844,0.9681239471458674,-0.018034495413303375,0.025986088439822197,-0.006051161792129278,0.031025613225741797,0.003460047193393331,-0.007910485044256961,0.501411259644831,0.004118939861655235,depth/003170.png,1.0,-0.02262756698285684,-0.06189782616648266,-0.9978259629455931,0.031025613225741797,0.003460047193393331,-0.007910485044256961,0.004118939861655235,0.7532939992003498,-0.6576826451324788,0.0012996385226181145,4.5,0.9,0.0666666666,0.0,0.007643580436706543,0.2666666664,0.0666666666,0.0,0.007643580436706543,0.2666666664,local_avoidance,SAFE_PROGRESSING,NONE,DIRECT_LOCAL,PASS_THROUGH,0,11,0,0,0,0,1,0.0666666666,5.881307647046187,0.6301309224756488,0.0,1,1,1,HISTORY_OCCUPIED,history,0.25,1.1500000000000004,19.450000000000003,17,0,0,0,41.12341893946389,7,9,1,0,2.0,2.0,"0.888,18.706;0.855,18.739;0.766,18.828;0.626,18.979;0.456,19.210;0.355,19.557;0.494,19.947;0.761,20.271;1.039,20.585;1.277,20.931;1.442,21.316;1.544,21.723;1.550,21.750",2.1500000000000004,24.450000000000003,2.0,2.1500000000000004,24.450000000000003,2.0,2.1500000000000004,24.450000000000003,2.0,0.9566813485937269,0.0,0.0,0,0,9,1,,,0,1,PASS_THROUGH,-1,0.7533001497581311,-0.6576757615540776,0.0012153347856400348,0.9,0,0.7532939992003498,-0.6576826451324788,0.0012996385226181145,4.5,0.9,0,0,0,BYPASS_VISIBLE,1,0,1,0,0
1787562531395438848,1787562531411059456,joint_v2_000008_af4e508d,3171,292,0.03333333333333333,9.733333333333333,15.62047004699707,frame_id_exact,1,,0.8870440721511841,18.70633316040039,1.9921605587005615,0.015009592407177018,-0.004800838665571438,0.2483823916241511,0.9685338670459307,-0.016552621498703957,0.009487428702414036,-0.005612856708467007,0.016129123595522096,0.010040165031139924,-0.005878026920691721,0.5018599110217605,0.010350698605179787,depth/003171.png,1.0,-0.016755786594455715,-0.02668970957470013,-0.9995033281677551,0.016129123595522096,0.010040165031139924,-0.005878026920691721,0.010350698605179787,0.7529235183631958,-0.6581066771482654,0.0013330373043911492,4.5,0.9,0.1333333332,0.0,0.007839441299438477,0.5333333328,0.1333333332,0.0,0.007839441299438477,0.5333333328,local_avoidance,SAFE_PROGRESSING,NONE,DIRECT_LOCAL,PASS_THROUGH,0,11,0,0,0,0,1,0.1333333332,5.880881433935279,0.6289552776661036,0.0,1,1,1,HISTORY_OCCUPIED,history,0.25,1.1500000000000004,19.450000000000003,18,0,1,0,41.15568108111168,5,9,1,0,2.0,2.0,"0.887,18.706;0.856,18.737;0.769,18.825;0.631,18.975;0.464,19.204;0.360,19.549;0.490,19.941;0.758,20.264;1.034,20.580;1.270,20.927;1.439,21.311;1.543,21.718;1.550,21.750",2.1500000000000004,24.450000000000003,2.0,2.1500000000000004,24.450000000000003,2.0,2.1500000000000004,24.450000000000003,2.0,0.9566813485937269,0.0,0.0,0,0,9,1,,,0,1,PASS_THROUGH,-1,0.7533001497581311,-0.6576757615540776,0.0012153347856400348,0.9,0,0.7529235183631958,-0.6581066771482654,0.0013330373043911492,4.5,0.9,0,0,0,BYPASS_VISIBLE,1,0,1,0,0
1787562531439596032,1787562531454570496,joint_v2_000008_af4e508d,3172,293,0.03333333333333333,9.766666666666667,14.974594116210938,frame_id_exact,1,,0.8864612579345703,18.706544876098633,1.991981863975525,-0.008163516675620737,-0.006001863113267128,0.24864876396993177,0.9685407202647092,-0.019164185971021652,0.005605703219771385,-0.005124199669808149,0.014236730487245984,0.014131326589823042,-0.004750628234391883,0.5026673946782627,0.04055633768439293,depth/003172.png,1.0,-0.007566400983225823,0.018798108331058543,-0.9997946692693129,0.014236730487245984,0.014131326589823042,-0.004750628234391883,0.04055633768439293,0.752322976337814,-0.6587930481574333,0.0013634418398725864,4.5,0.9,0.1999999998,0.0,0.008018136024475098,0.5306525404010254,0.1999999998,0.0,0.008018136024475098,0.5306525404010254,local_avoidance,SAFE_PROGRESSING,NONE,DIRECT_LOCAL,PASS_THROUGH,0,11,0,0,0,0,1,0.1999999998,5.880799853163615,0.6286109212264046,0.0,1,1,1,HISTORY_OCCUPIED,history,0.25,1.1500000000000004,19.450000000000003,19,0,1,0,41.207935254662885,3,9,1,0,2.0,2.0,"0.886,18.707;0.855,18.738;0.768,18.826;0.630,18.976;0.464,19.205;0.361,19.550;0.492,19.942;0.760,20.265;1.036,20.582;1.271,20.929;1.439,21.313;1.543,21.720;1.550,21.750",2.1500000000000004,24.450000000000003,2.0,2.1500000000000004,24.450000000000003,2.0,2.1500000000000004,24.450000000000003,2.0,0.9566600655920003,0.0,0.0,0,0,9,1,,,0,1,PASS_THROUGH,-1,0.7533001497581311,-0.6576757615540776,0.0012153347856400348,0.9,0,0.752322976337814,-0.6587930481574333,0.0013634418398725864,4.5,0.9,0,0,0,BYPASS_VISIBLE,1,0,1,0,0
1787562531482672128,1787562531499278592,joint_v2_000008_af4e508d,3173,294,0.03333333333333333,9.8,16.60633087158203,frame_id_exact,1,,0.8857099413871765,18.706886291503906,1.9918183088302612,-0.036294261057695495,-0.007824404897537676,0.24940472369835806,0.9676873405698873,-0.026865651831030846,0.017742164433002472,-0.004803222604095936,0.028796904869786262,0.014931837690380836,-0.0027197587332279225,0.5043764916942846,0.09333382546901703,depth/003173.png,1.0,0.0029607651681807737,0.07414588100489009,-0.9972430106045505,0.028796904869786262,0.014931837690380836,-0.0027197587332279225,0.09333382546901703,0.7511053042377249,-0.6601809496240499,0.0013912941609898423,4.5,0.9,0.2666666664,0.0,0.00818169116973877,0.525222026107508,0.2666666664,0.0,0.00818169116973877,0.525222026107508,local_avoidance,SAFE_PROGRESSING,NONE,DIRECT_LOCAL,PASS_THROUGH,0,11,0,0,0,0,1,0.2666666664,5.880627893433065,0.6279470445064765,0.0,1,1,1,HISTORY_OCCUPIED,history,0.25,1.1500000000000004,19.450000000000003,20,0,1,0,41.313723238607466,1,9,1,0,2.0,2.0,"0.886,18.707;0.853,18.740;0.764,18.830;0.624,18.981;0.458,19.214;0.361,19.563;0.500,19.953;0.769,20.275;1.044,20.592;1.277,20.941;1.443,21.326;1.546,21.733;1.550,21.750",2.1500000000000004,24.450000000000003,2.0,2.1500000000000004,24.450000000000003,2.0,2.1500000000000004,24.450000000000003,2.0,0.9560967543561614,0.0,0.0,0,0,9,1,,,1,1,PASS_THROUGH,-1,0.7511060311958396,-0.6601815885809256,0.0,0.9,0,0.7511053042377249,-0.6601809496240499,0.0013912941609898423,4.5,0.9,0,0,0,BYPASS_VISIBLE,1,0,1,0,1
1787562531535232256,1787562531551480576,joint_v2_000008_af4e508d,3174,295,0.03333333333333333,9.833333333333334,16.248226165771484,frame_id_exact,1,,0.8846004605293274,18.707935333251953,1.9916415214538574,-0.06654064563618103,-0.010662142974250579,0.2508802169477525,0.9656696008106321,-0.04081331193447113,0.04805668070912361,-0.006423381622880697,0.06215907161985123,0.012230868721056977,0.001756840629862348,0.5074996018006449,0.15418310463428497,depth/003174.png,1.0,0.012795248526636344,0.1338623989033612,-0.9909173223710337,0.06215907161985123,0.012230868721056977,0.001756840629862348,0.15418310463428497,0.7488922738224935,-0.6626902303595116,0.0014215467044435199,4.5,0.9,0.33333333299999995,0.0,0.008358478546142578,0.25855535970750804,0.33333333299999995,0.0,0.008358478546142578,0.25855535970750804,local_avoidance,SAFE_PROGRESSING,NONE,DIRECT_LOCAL,PASS_THROUGH,0,11,0,0,0,0,1,0.33333333299999995,5.879842058389747,0.5864556337328082,0.0,1,1,1,HISTORY_OCCUPIED,history,0.25,1.1500000000000004,19.450000000000003,21,0,1,0,41.505420446927445,0,9,1,0,2.0,1.0,"0.885,18.708;0.851,18.748;0.768,18.852;0.653,19.023;0.552,19.218;0.474,19.424;0.417,19.636;0.375,19.852;0.344,20.070;0.318,20.289;0.292,20.507;0.260,20.725;0.221,20.941;0.173,21.156;0.117,21.369;0.057,21.580;0.054,21.591",2.1500000000000004,24.450000000000003,2.0,2.1500000000000004,24.450000000000003,2.0,2.1500000000000004,24.450000000000003,2.0,0.954536610292873,0.0,0.0,0,0,9,1,,,0,1,PASS_THROUGH,-1,0.7511053042377249,-0.6601809496240499,0.0013912941609898423,0.9,0,0.7488922738224935,-0.6626902303595116,0.0014215467044435199,4.5,0.9,0,0,0,BYPASS_VISIBLE,1,0,1,0,1
1787562531799098112,1787562531816013056,joint_v2_000008_af4e508d,3175,296,0.03333333333333333,9.866666666666667,16.915082931518555,frame_id_exact,1,,0.8829125165939331,18.71029281616211,1.9913307428359985,-0.09472736194743579,-0.014511019370262215,0.2531905919278689,0.9626581331784045,-0.06160259619355202,0.09601140022277832,-0.013407163321971893,0.1143825135974376,0.006343163258784236,0.008320199629262818,0.5124563213976893,0.20519238710403442,depth/003175.png,1.0,0.02002985205148893,0.18972823799413407,-0.9816323144306307,0.1143825135974376,0.006343163258784236,0.008320199629262818,0.20519238710403442,0.7453538073525275,-0.6666674782612868,0.0014748877339702856,4.5,0.9,0.2666666664,0.0,0.008669257164001465,0.0,0.2666666664,0.0,0.008669257164001465,0.0,local_avoidance,SAFE_HOLD,NONE,DIRECT_LOCAL,PASS_THROUGH,0,11,0,0,0,0,1,0.2666666664,5.877903473757003,0.7864492619448336,0.0,1,1,1,HISTORY_OCCUPIED,history,0.25,1.1500000000000004,19.450000000000003,22,0,1,0,41.810433022148665,0,9,0,0,0.0,0.0,,2.1500000000000004,24.450000000000003,2.0,2.1500000000000004,24.450000000000003,2.0,2.1500000000000004,24.450000000000003,2.0,0.9515705210581751,0.0,0.0,0,0,9,1,,,0,1,PASS_THROUGH,-1,0.7511053042377249,-0.6601809496240499,0.0013912941609898423,0.9,0,0.7453538073525275,-0.6666674782612868,0.0014748877339702856,4.5,0.9,0,0,0,BYPASS_VISIBLE,1,0,1,0,1
1787562532055563520,1787562532071328256,joint_v2_000008_af4e508d,3176,297,0.03333333333333333,9.9,15.764713287353516,frame_id_exact,1,,0.8804217576980591,18.71449851989746,1.9906595945358276,-0.11393702713913455,-0.018440888750464735,0.2563052145875168,0.9596801156864907,-0.08886736631393433,0.15797889232635498,-0.026950649917125702,0.18261388079861374,-0.0018693573388847908,0.015157598424611125,0.5193035668833416,0.22790129482746124,depth/003176.png,1.0,0.023010599881903814,0.22813919066846372,-0.9733565749375782,0.18261388079861374,-0.0018693573388847908,0.015157598424611125,0.22790129482746124,0.7403894763903747,-0.6721762380813282,0.0015900343456960605,4.5,0.9,0.1999999998,0.0,0.009340405464172363,0.0,0.1999999998,0.0,0.009340405464172363,0.0,local_avoidance,SAFE_HOLD,NONE,DIRECT_LOCAL,PASS_THROUGH,0,11,0,0,0,0,1,0.1999999998,5.874334527551605,0.7833484894704489,0.0,1,1,1,HISTORY_OCCUPIED,history,0.25,1.1500000000000004,19.450000000000003,23,0,0,0,42.23531666551823,0,9,0,0,0.0,0.0,,2.1500000000000004,24.450000000000003,2.0,2.1500000000000004,24.450000000000003,2.0,2.1500000000000004,24.450000000000003,2.0,0.9469547558581948,0.0,0.0,0,0,9,1,,,0,1,PASS_THROUGH,-1,0.7511053042377249,-0.6601809496240499,0.0013912941609898423,0.9,0,0.7403894763903747,-0.6721762380813282,0.0015900343456960605,4.5,0.9,0,0,0,BYPASS_VISIBLE,1,0,1,0,1
1787562532335977472,1787562532351701760,joint_v2_000008_af4e508d,3177,298,0.03333333333333333,9.933333333333334,15.72418212890625,frame_id_exact,1,,0.8769413828849792,18.720909118652344,1.9895591735839844,-0.11368481479191091,-0.019296251981691184,0.26009753391187707,0.9586723582111608,-0.12008751183748245,0.22653542459011078,-0.03945224732160568,0.25838516334890577,-0.011089782829930808,0.02024630806366126,0.5273063018432528,0.22306431829929352,depth/003177.png,1.0,0.02214071315735968,0.22801079408708066,-0.973406835090376,0.25838516334890577,-0.011089782829930808,0.02024630806366126,0.22306431829929352,0.7344334060676374,-0.6786784268802314,0.0017790276173397924,4.5,0.9,0.1333333332,0.0,0.010440826416015625,0.0,0.1333333332,0.0,0.010440826416015625,0.0,local_avoidance,SAFE_HOLD,NONE,DIRECT_LOCAL,PASS_THROUGH,0,11,0,0,0,0,1,0.1333333332,5.868829574059184,0.7785464158578306,0.0,1,1,1,HISTORY_OCCUPIED,history,0.25,1.1500000000000004,19.450000000000003,24,0,0,0,42.74054056314705,0,9,0,0,0.0,0.0,,2.1500000000000004,24.450000000000003,2.0,2.1500000000000004,24.450000000000003,2.0,2.1500000000000004,24.450000000000003,2.0,0.9407325129404336,0.0,0.0,0,0,9,1,,,0,1,PASS_THROUGH,-1,0.7511053042377249,-0.6601809496240499,0.0013912941609898423,0.9,0,0.7344334060676374,-0.6786784268802314,0.0017790276173397924,4.5,0.9,0,0,0,BYPASS_VISIBLE,1,0,1,0,1
1787562532639401728,1787562532657007360,joint_v2_000008_af4e508d,3178,299,0.03333333333333333,9.966666666666667,17.60578155517578,frame_id_exact,1,,0.8724470138549805,18.729516983032227,1.9879955053329468,-0.09040322723962517,-0.015389550888342778,0.264189756387949,0.960101135739247,-0.14857298135757446,0.28773850202560425,-0.054281700402498245,0.3276907736648541,-0.019995607203239972,0.005728165806479772,0.5353765659286733,0.19965018332004547,depth/003178.png,1.0,0.01821616258941226,0.18172400569473715,-0.9831808364562316,0.3276907736648541,-0.019995607203239972,0.005728165806479772,0.19965018332004547,0.7282011428539132,-0.6853604168786425,0.0020480532678019392,4.5,0.9,0.0666666666,0.0,0.012004494667053223,0.0,0.0666666666,0.0,0.012004494667053223,0.0,local_avoidance,SAFE_HOLD,NONE,DIRECT_LOCAL,PASS_THROUGH,0,11,0,0,0,0,1,0.0666666666,5.861404915190966,0.772095484934996,0.0,1,1,1,HISTORY_OCCUPIED,history,0.25,1.1500000000000004,19.450000000000003,25,0,0,0,43.264071583253035,0,9,0,0,0.0,0.0,,2.1500000000000004,24.450000000000003,2.0,2.1500000000000004,24.450000000000003,2.0,2.1500000000000004,24.450000000000003,2.0,0.9332676146314176,0.0,0.0,0,0,9,1,,,0,1,PASS_THROUGH,-1,0.7511053042377249,-0.6601809496240499,0.0013912941609898423,0.9,0,0.7282011428539132,-0.6853604168786425,0.0020480532678019392,4.5,0.9,0,0,0,BYPASS_VISIBLE,1,0,1,0,1
1787562532945003264,1787562532962353664,joint_v2_000008_af4e508d,3179,300,0.03333333333333333,10.0,17.350435256958008,frame_id_exact,1,,0.8671348690986633,18.73988151550293,1.986004114151001,-0.04771515386262667,-0.007456658804994862,0.26790920856789885,0.9622329854540708,-0.1682336926460266,0.330064982175827,-0.06359652429819107,0.3738934825205857,-0.027058899080084613,-0.027594662745890203,0.542555549432198,0.16757851839065552,depth/003179.png,1.0,0.011216572089178487,0.09582160502328525,-0.9953353246626635,0.3738934825205857,-0.027058899080084613,-0.027594662745890203,0.16757851839065552,0.7223827864327425,-0.6914892557612539,0.002391449856002,4.5,0.9,0.0,0.0,0.013995885848999023,0.0,0.0,0.0,0.013995885848999023,0.0,local_avoidance,SAFE_HOLD,NONE,DIRECT_LOCAL,PASS_THROUGH,0,11,0,0,0,0,1,0.0,5.852452140007439,0.7643827210921571,0.0,1,1,1,HISTORY_OCCUPIED,history,0.25,1.1500000000000004,19.450000000000003,26,0,0,0,43.74826911377779,0,9,0,0,0.0,0.0,,2.1500000000000004,24.450000000000003,2.0,2.1500000000000004,24.450000000000003,2.0,2.1500000000000004,24.450000000000003,2.0,0.9251728285530771,0.0,0.0,0,0,9,1,,,1,1,PASS_THROUGH,-1,0.7223848521068882,-0.6914912330944691,0.0,0.9,0,0.7223827864327425,-0.6914892557612539,0.002391449856002,4.5,0.9,0,0,0,BYPASS_VISIBLE,1,0,1,0,0
1787562533483472896,1787562533500455168,joint_v2_000008_af4e508d,3180,301,0.03333333333333333,10.033333333333333,16.982316970825195,frame_id_exact,1,,0.8613849878311157,18.751205444335938,1.9838749170303345,0.006053372704825889,0.002636141754133,0.2705598850126275,0.9626805057013996,-0.17414113879203796,0.3442516326904297,-0.06263365596532822,0.3837157974942752,-0.03080962835400895,-0.06760363335958847,0.5479731449356673,0.13416844606399536,depth/003180.png,1.0,0.001799924908026121,-0.013081396213112093,-0.9999128148710972,0.3837157974942752,-0.03080962835400895,-0.06760363335958847,0.13416844606399536,0.7176614858742062,-0.6963866561028549,0.0027598722272700014,4.5,0.9,0.0,0.0,0.016125082969665527,0.0,0.0,0.0,0.016125082969665527,0.0,local_avoidance,SAFE_HOLD,NONE,DIRECT_LOCAL,PASS_THROUGH,0,11,0,0,0,0,1,0.0,5.842669598501477,0.7560505646284407,0.0,1,1,1,HISTORY_OCCUPIED,history,0.25,1.1500000000000004,19.450000000000003,27,0,0,0,44.13803076659632,0,9,0,0,0.0,0.0,,2.1500000000000004,24.450000000000003,2.0,2.1500000000000004,24.450000000000003,2.0,2.1500000000000004,24.450000000000003,2.0,0.9172023950519304,0.0,0.0,0,0,9,1,,,0,1,PASS_THROUGH,-1,0.7223827864327425,-0.6914892557612539,0.002391449856002,0.9,0,0.7176614858742062,-0.6963866561028549,0.0027598722272700014,4.5,0.9,0,0,0,BYPASS_VISIBLE,1,0,1,0,0
1787562533782919936,1787562533799150336,joint_v2_000008_af4e508d,3181,302,0.03333333333333333,10.066666666666666,16.230344772338867,frame_id_exact,1,,0.8557104468345642,18.762454986572266,1.9819025993347168,0.06113282571986396,0.012805728703669797,0.271855306837216,0.9603090560211935,-0.16354167461395264,0.32503384351730347,-0.05549898371100426,0.35279222812923544,-0.030424344399120635,-0.10042419528985219,0.5512065848730507,0.10370852798223495,depth/003181.png,1.0,-0.008643651701630044,-0.124375422929922,-0.9921975818637455,0.35279222812923544,-0.030424344399120635,-0.10042419528985219,0.10370852798223495,0.7144444291973177,-0.6996853088872674,0.0031025983059777577,4.5,0.9,0.0,0.0,0.018097400665283203,0.0,0.0,0.0,0.018097400665283203,0.0,local_avoidance,SAFE_HOLD,NONE,DIRECT_LOCAL,PASS_THROUGH,0,11,0,0,0,0,1,0.0,5.83295411667192,0.7478799947796835,0.0,1,1,1,HISTORY_OCCUPIED,history,0.25,1.1500000000000004,19.450000000000003,28,0,0,0,44.40203180962438,0,9,0,0,0.0,0.0,,2.1500000000000004,24.450000000000003,2.0,2.1500000000000004,24.450000000000003,2.0,2.1500000000000004,24.450000000000003,2.0,0.9101402964870038,0.0,0.0,0,0,9,1,,,0,1,PASS_THROUGH,-1,0.7223827864327425,-0.6914892557612539,0.002391449856002,0.9,0,0.7144444291973177,-0.6996853088872674,0.0031025983059777577,4.5,0.9,0,0,0,BYPASS_VISIBLE,1,0,1,0,0
1787562534060150784,1787562534077873152,joint_v2_000008_af4e508d,3182,303,0.03333333333333333,10.1,17.722368240356445,frame_id_exact,1,,0.8506579399108887,18.77251434326172,1.9801589250564575,0.10731183133333917,0.020969124186425384,0.2721156965943193,0.9560321722378007,-0.1373073011636734,0.2740441858768463,-0.0501643642783165,0.28710607501166013,-0.026048668841065915,-0.11559213966447004,0.5525872455672034,0.07837525755167007,depth/003182.png,1.0,-0.018308152780422443,-0.21659918210278134,-0.9760889333734785,0.28710607501166013,-0.026048668841065915,-0.11559213966447004,0.07837525755167007,0.7126152770662385,-0.7015467639227545,0.003406599671067775,4.5,0.9,0.0,0.0,0.01984107494354248,0.0,0.0,0.0,0.01984107494354248,0.0,local_avoidance,SAFE_HOLD,NONE,DIRECT_LOCAL,PASS_THROUGH,0,11,0,0,0,0,1,0.0,5.82427104207776,0.7406702937370294,0.0,1,1,1,HISTORY_OCCUPIED,history,0.2,1.1500000000000004,19.450000000000003,29,0,0,0,44.551560485525414,0,9,0,0,0.0,0.0,,2.1500000000000004,24.450000000000003,2.0,2.1500000000000004,24.450000000000003,2.0,2.1500000000000004,24.450000000000003,2.0,0.9046026180402684,0.0,0.0,0,0,9,1,,,0,1,PASS_THROUGH,-1,0.7223827864327425,-0.6914892557612539,0.002391449856002,0.9,0,0.7126152770662385,-0.7015467639227545,0.003406599671067775,4.5,0.9,0,0,0,BYPASS_VISIBLE,1,0,1,0,0
1787562534357707520,1787562534373286144,joint_v2_000008_af4e508d,3183,304,0.03333333333333333,10.133333333333333,15.578746795654297,frame_id_exact,1,,0.8466809988021851,18.78046417236328,1.9784820079803467,0.13557678478493096,0.025391587143138935,0.2721166000173517,0.9523270229940604,-0.09996942430734634,0.1999727040529251,-0.05146656930446625,0.2001297414765301,-0.018676264152962047,-0.11059412123787801,0.5531179407535033,0.05831785872578621,depth/003183.png,1.0,-0.025423198247679753,-0.27204581640755,-0.9619484054594658,0.2001297414765301,-0.018676264152962047,-0.11059412123787801,0.05831785872578621,0.71156003947042,-0.7026155624485422,0.003698869283055526,4.5,0.9,0.0,0.0,0.02151799201965332,0.0,0.0,0.0,0.02151799201965332,0.0,local_avoidance,SAFE_HOLD,NONE,DIRECT_LOCAL,PASS_THROUGH,0,11,0,0,0,0,1,0.0,5.8174115308906655,0.7350378500300716,0.0,1,1,1,HISTORY_OCCUPIED,history,0.2,1.1500000000000004,19.450000000000003,30,0,0,0,44.63761646784416,0,9,0,0,0.0,0.0,,2.1500000000000004,24.450000000000003,2.0,2.1500000000000004,24.450000000000003,2.0,2.1500000000000004,24.450000000000003,2.0,0.9009577415588477,0.0,0.0,0,0,9,1,,,0,1,PASS_THROUGH,-1,0.7223827864327425,-0.6914892557612539,0.002391449856002,0.9,0,0.71156003947042,-0.7026155624485422,0.003698869283055526,4.5,0.9,0,0,0,BYPASS_VISIBLE,1,0,1,0,0
1787562534658375168,1787562534675539456,joint_v2_000008_af4e508d,3184,305,0.03333333333333333,10.166666666666666,17.164230346679688,frame_id_exact,1,,0.8440414071083069,18.785734176635742,1.9766576290130615,0.14065687474261288,0.02510731929351182,0.27256606921772597,0.9514688665514666,-0.058358434587717056,0.11598525196313858,-0.05908413603901863,0.10739598992045908,-0.009656838001807602,-0.09339200994073502,0.553842237641613,0.04206356778740883,depth/003184.png,1.0,-0.02889891765340115,-0.2813480810249047,-0.9591705322110691,0.10739598992045908,-0.009656838001807602,-0.09339200994073502,0.04206356778740883,0.7105959462985161,-0.703588854388424,0.004015605122699258,4.5,0.9,0.0,0.0,0.023342370986938477,0.0,0.0,0.0,0.023342370986938477,0.0,local_avoidance,SAFE_HOLD,NONE,DIRECT_LOCAL,PASS_THROUGH,0,11,0,0,0,0,1,0.0,5.812868066976925,0.7313410590511544,0.0,1,1,1,HISTORY_OCCUPIED,history,0.2,1.1500000000000004,19.450000000000003,31,0,0,0,44.71610958662954,0,0,0,0,0.0,0.0,,2.1500000000000004,24.450000000000003,2.0,2.1500000000000004,24.450000000000003,2.0,2.1500000000000004,24.450000000000003,2.0,0.8992423744346154,0.0,0.0,0,0,9,1,,,0,1,PASS_THROUGH,-1,0.7223827864327425,-0.6914892557612539,0.002391449856002,0.9,0,0.7105959462985161,-0.703588854388424,0.004015605122699258,4.5,0.9,0,0,0,BYPASS_VISIBLE,1,0,1,0,0
1787562534958624000,1787562534975216384,joint_v2_000008_af4e508d,3185,306,0.03333333333333333,10.2,16.59250259399414,frame_id_exact,1,,0.8427563905715942,18.78824234008789,1.9745099544525146,0.12214324259732676,0.020406465279800633,0.2736374415283923,0.9538276338292945,-0.019760245457291603,0.03630806505680084,-0.06946071982383728,0.023043274605699236,-0.00041026173014889694,-0.0774749873695119,0.555297843780252,0.027498476207256317,depth/003185.png,1.0,-0.027917427823324688,-0.24417514604929658,-0.9693292089251897,0.023043274605699236,-0.00041026173014889694,-0.0774749873695119,0.027498476207256317,0.7093497324825926,-0.7048430420825662,0.00438669062829742,4.5,0.9,0.0666666666,0.0,0.02549004554748535,0.2666666664,0.0666666666,0.0,0.02549004554748535,0.2666666664,local_avoidance,SAFE_PROGRESSING,NONE,DIRECT_LOCAL,PASS_THROUGH,0,11,0,0,0,0,1,0.0666666666,5.810713007365351,0.6469267999398068,0.0,1,1,1,HISTORY_OCCUPIED,history,0.2,1.1500000000000004,19.450000000000003,32,0,0,0,44.8174128237319,0,0,1,0,2.0,1.0,"0.843,18.788;0.770,18.861;0.580,19.064;0.396,19.336;0.343,19.657;0.473,19.957;0.681,20.212;0.904,20.455;1.114,20.710;1.291,20.988;1.423,21.290;1.515,21.607;1.550,21.750",2.1500000000000004,24.450000000000003,2.0,2.1500000000000004,24.450000000000003,2.0,2.1500000000000004,24.450000000000003,2.0,0.8992192478681549,0.0,0.0,0,0,9,1,,,1,1,PASS_THROUGH,-1,0.7093565576089356,-0.7048498238470384,0.0,0.9,0,0.7093497324825926,-0.7048430420825662,0.00438669062829742,4.5,0.9,0,0,0,BYPASS_VISIBLE,1,0,1,0,1
1787562535016451072,1787562535034319616,joint_v2_000008_af4e508d,3186,307,0.03333333333333333,10.233333333333333,17.868518829345703,frame_id_exact,1,,0.8426257967948914,18.788330078125,1.972086787223816,0.08393464982932139,0.012407433226614637,0.2749564046665903,0.957705594476496,0.010019775480031967,-0.0272741187363863,-0.07463029026985168,-0.04052948101646439,0.007590243617022042,-0.0686564130263836,0.5572685670983787,0.023570436984300613,depth/003186.png,1.0,-0.0223914026595941,-0.16759237388619502,-0.9856020603175126,-0.04052948101646439,0.007590243617022042,-0.0686564130263836,0.023570436984300613,0.7079400834956231,-0.706256159090128,0.004803740986992744,4.5,0.9,0.1333333332,0.0,0.027913212776184082,0.4028765963368208,0.1333333332,0.0,0.027913212776184082,0.4028765963368208,local_avoidance,SAFE_PROGRESSING,NONE,DIRECT_LOCAL,PASS_THROUGH,0,11,0,0,0,0,1,0.1333333332,5.810656900168026,0.6469267999398068,0.0,1,1,1,HISTORY_OCCUPIED,history,0.2,1.1500000000000004,19.450000000000003,33,0,0,0,0.0,0,0,1,0,2.0,1.0,"0.843,18.788;0.770,18.861;0.580,19.064;0.396,19.336;0.343,19.657;0.473,19.957;0.681,20.212;0.904,20.455;1.114,20.710;1.291,20.988;1.423,21.290;1.515,21.607;1.550,21.750",2.1500000000000004,24.450000000000003,2.0,2.1500000000000004,24.450000000000003,2.0,2.1500000000000004,24.450000000000003,2.0,0.8992192478681549,0.0,0.0,0,0,9,1,,,0,1,PASS_THROUGH,-1,0.7093497324825926,-0.7048430420825662,0.00438669062829742,0.9,0,0.7079400834956231,-0.706256159090128,0.004803740986992744,4.5,0.9,0,0,0,BYPASS_VISIBLE,1,0,1,0,1
1787562535061590528,1787562535078243072,joint_v2_000008_af4e508d,3187,308,0.03333333333333333,10.266666666666667,16.652584075927734,frame_id_exact,1,,0.8432722687721252,18.786712646484375,1.9696247577667236,0.032363007856844525,0.0024981931134659026,0.2761250920782635,0.960573437212583,0.026189230382442474,-0.06458868831396103,-0.07169219106435776,-0.07304910612909196,0.01301518184530111,-0.06702072695088765,0.559407263970151,0.04394901916384697,depth/003187.png,1.0,-0.013073081157156026,-0.06355371899814406,-0.9978927895072514,-0.07304910612909196,0.01301518184530111,-0.06702072695088765,0.04394901916384697,0.7065475123780237,-0.7076463100540501,0.005226147655160729,4.5,0.9,0.0666666666,0.0,0.030375242233276367,0.13620992993682085,0.0666666666,0.0,0.030375242233276367,0.13620992993682085,local_avoidance,SAFE_HOLD,NONE,DIRECT_LOCAL,PASS_THROUGH,0,11,0,0,0,0,1,0.0666666666,5.812087491775222,0.7307749410303865,0.0,1,0,0,CLEAR,none,nan,nan,nan,0,0,0,0,45.04451755884351,0,0,0,0,0.0,0.0,,2.1500000000000004,24.450000000000003,2.0,2.1500000000000004,24.450000000000003,2.0,2.1500000000000004,24.450000000000003,2.0,0.8992192478681549,0.0,0.0,0,0,9,1,,,0,1,PASS_THROUGH,-1,0.7093497324825926,-0.7048430420825662,0.00438669062829742,0.9,0,0.7065475123780237,-0.7076463100540501,0.005226147655160729,4.5,0.9,0,0,0,BYPASS_VISIBLE,1,0,1,0,1
1787562535106149632,1787562535120639232,joint_v2_000008_af4e508d,3188,309,0.03333333333333333,10.3,14.48965072631836,frame_id_exact,1,,0.8441886305809021,18.784381866455078,1.9673497676849365,-0.02212087446227532,-0.007171202095173723,0.27696231122431636,0.9605993540154082,0.026054220274090767,-0.06929410248994827,-0.06462475657463074,-0.06944745008060561,0.014937439966985199,-0.06790271541582915,0.5614539697483273,0.07332481443881989,depth/003188.png,1.0,-0.0015240071655261821,0.046470900850507174,-0.9989184815470689,-0.06944745008060561,0.014937439966985199,-0.06790271541582915,0.07332481443881989,0.7052689878575054,-0.708917569442392,0.005615558951795824,4.5,0.9,0.0,0.0,0.03265023231506348,0.0,0.0,0.0,0.03265023231506348,0.0,local_avoidance,SAFE_HOLD,NONE,DIRECT_LOCAL,PASS_THROUGH,0,11,0,0,0,0,1,0.0,5.81415274719002,0.7325080841668666,0.0,1,0,0,CLEAR,none,nan,nan,nan,0,0,0,0,45.147821983679954,0,0,0,0,0.0,0.0,,2.1500000000000004,24.450000000000003,2.0,2.1500000000000004,24.450000000000003,2.0,2.1500000000000004,24.450000000000003,2.0,0.8992192478681549,0.0,0.0,0,0,9,1,,,0,1,PASS_THROUGH,-1,0.7093497324825926,-0.7048430420825662,0.00438669062829742,0.9,0,0.7052689878575054,-0.708917569442392,0.005615558951795824,4.5,0.9,0,0,0,BYPASS_VISIBLE,1,0,1,0,1
1787562535145630208,1787562535161380352,joint_v2_000008_af4e508d,3189,310,0.03333333333333333,10.333333333333334,15.75016975402832,frame_id_exact,1,,0.8448442816734314,18.78243064880371,1.965321660041809,-0.06400060842421776,-0.013510634860002965,0.2775978994555701,0.9584679395185135,0.011239956133067608,-0.04340832680463791,-0.05698453634977341,-0.034905743623694675,0.013121744704596086,-0.06218734365475406,0.5631962595117159,0.08854949474334717,depth/003189.png,1.0,0.009633848213174548,0.13018611028347848,-0.9914427697340192,-0.034905743623694675,0.013121744704596086,-0.06218734365475406,0.08854949474334717,0.7041628732199379,-0.7100134476169,0.005962565035741046,4.5,0.9,0.0,0.0,0.03467833995819092,-0.2666666664,0.0,0.0,0.03467833995819092,-0.2666666664,turn_to_target,TURNING,NONE,TURN_TO_TARGET,PASS_THROUGH,0,11,0,0,0,0,1,0.0,5.815906962778901,inf,0.0,1,0,0,CLEAR,none,nan,nan,nan,0,0,0,0,45.23703643124635,0,0,0,0,0.0,0.0,,2.1500000000000004,24.450000000000003,2.0,2.1500000000000004,24.450000000000003,2.0,2.1500000000000004,24.450000000000003,2.0,0.8992192478681549,0.0,0.0,0,0,9,1,,,0,1,PASS_THROUGH,-1,0.7093497324825926,-0.7048430420825662,0.00438669062829742,0.9,0,0.7041628732199379,-0.7100134476169,0.005962565035741046,4.5,0.9,0,0,0,BYPASS_VISIBLE,1,0,1,0,1
1787562535186853120,1787562535204554496,joint_v2_000008_af4e508d,3190,311,0.03333333333333333,10.366666666666667,17.701387405395508,frame_id_exact,1,,0.8448421359062195,18.781709671020508,1.963536024093628,-0.08281981534739284,-0.014631416768334972,0.2784218206225221,0.9567696115734525,-0.012138939462602139,0.002189427148550749,-0.05039789527654648,0.016655424173490186,0.00816677790459348,-0.04845612319490117,0.5648421592711921,0.08179596811532974,depth/003190.png,1.0,0.018119897668866118,0.16662637651087367,-0.9858535996583501,0.016655424173490186,0.00816677790459348,-0.04845612319490117,0.08179596811532974,0.70301151836996,-0.7111508327930058,0.006268816234159309,4.5,0.9,0.0,0.0,0.03646397590637207,-0.5333333328,0.0,0.0,0.03646397590637207,-0.5333333328,turn_to_target,TURNING,NONE,TURN_TO_TARGET,PASS_THROUGH,0,11,0,0,0,0,1,0.0,5.816610035390744,inf,0.0,1,0,0,CLEAR,none,nan,nan,nan,0,0,0,0,45.329766391231175,0,0,0,0,0.0,0.0,,2.1500000000000004,24.450000000000003,2.0,2.1500000000000004,24.450000000000003,2.0,2.1500000000000004,24.450000000000003,2.0,0.8992192478681549,0.0,0.0,0,0,9,1,,,0,1,PASS_THROUGH,-1,0.7093497324825926,-0.7048430420825662,0.00438669062829742,0.9,0,0.70301151836996,-0.7111508327930058,0.006268816234159309,4.5,0.9,0,0,0,BYPASS_VISIBLE,1,0,1,0,1
1787562535230255104,1787562535247099648,joint_v2_000008_af4e508d,3191,312,0.03333333333333333,10.4,16.844511032104492,frame_id_exact,1,,0.8440291285514832,18.782630920410156,1.9619390964508057,-0.07803629508835906,-0.010701418961302772,0.2793409382208735,0.956955827880775,-0.03610480576753616,0.0527917705476284,-0.04549182951450348,0.07021891951700125,0.0010978961317890277,-0.03504472222161721,0.566221899908153,0.04400744289159775,depth/003191.png,1.0,0.02311589328730129,0.15533326356794813,-0.9875916325621944,0.07021891951700125,0.0010978961317890277,-0.03504472222161721,0.04400744289159775,0.7019060771473624,-0.7122394491762564,0.006544150113169567,4.5,0.9,0.0,0.0,0.038060903549194336,-0.2666666664,0.0,0.0,0.038060903549194336,-0.2666666664,local_avoidance,SAFE_HOLD,NONE,DIRECT_LOCAL,PASS_THROUGH,0,11,0,0,0,0,1,0.0,5.8158947893993975,0.7341659639124958,0.0,1,0,0,CLEAR,none,nan,nan,nan,0,0,0,0,45.41866134507934,0,0,0,0,0.0,0.0,,2.1500000000000004,24.450000000000003,2.0,2.1500000000000004,24.450000000000003,2.0,2.1500000000000004,24.450000000000003,2.0,0.8992192478681549,0.0,0.0,0,0,9,1,,,1,1,PASS_THROUGH,-1,0.7019211075101125,-0.7122547008140959,0.0,0.9,0,0.7019060771473624,-0.7122394491762564,0.006544150113169567,4.5,0.9,0,0,0,BYPASS_VISIBLE,0,0,1,0,0
1787562535271493120,1787562535287701248,joint_v2_000008_af4e508d,3192,313,0.03333333333333333,10.433333333333334,16.20793342590332,frame_id_exact,1,,0.8425079584121704,18.785137176513672,1.9605000019073486,-0.05402388944787911,-0.00297158306197626,0.27971783860506433,0.9585564771202271,-0.053581833839416504,0.09514542669057846,-0.041236452758312225,0.11275679625280792,-0.006867535583527483,-0.029374343016097232,0.5665605884410542,-0.01220910158008337,depth/003192.png,1.0,0.02452603079608317,0.10523230788164604,-0.9941451781260582,0.11275679625280792,-0.006867535583527483,-0.029374343016097232,-0.01220910158008337,0.7014129704798046,-0.7127227273049184,0.006794028682281418,4.5,0.9,0.0,0.0,0.03949999809265137,0.0,0.0,0.0,0.03949999809265137,0.0,local_avoidance,SAFE_HOLD,NONE,DIRECT_LOCAL,PASS_THROUGH,0,11,0,0,0,0,1,0.0,5.813794479316674,0.7325257194761613,0.0,1,0,0,CLEAR,none,nan,nan,nan,0,0,0,0,45.458221597155834,0,0,0,0,0.0,0.0,,2.1500000000000004,24.450000000000003,2.0,2.1500000000000004,24.450000000000003,2.0,2.1500000000000004,24.450000000000003,2.0,0.8992192478681549,0.0,0.0,0,0,9,1,,,0,1,PASS_THROUGH,-1,0.7019060771473624,-0.7122394491762564,0.006544150113169567,0.9,0,0.7014129704798046,-0.7127227273049184,0.006794028682281418,4.5,0.9,0,0,0,BYPASS_VISIBLE,0,0,1,0,0
1787562535315458304,1787562535330273280,joint_v2_000008_af4e508d,3193,314,0.03333333333333333,10.466666666666667,14.815092086791992,frame_id_exact,1,,0.8405832648277283,18.788772583007812,1.959188461303711,-0.017496116447095436,0.006076816099206028,0.2791254237733399,0.9600760157501694,-0.05981634557247162,0.11945824325084686,-0.03710707277059555,0.13396370510266184,-0.014304015097465445,-0.032776863716418206,0.5655422738937627,-0.055773891508579254,depth/003193.png,1.0,0.02143563261331085,0.030202815801489723,-0.9993139164307322,0.13396370510266184,-0.014304015097465445,-0.032776863716418206,-0.055773891508579254,0.7018072137830668,-0.7123323010428836,0.0070233590965776485,4.5,0.9,0.0,0.0,0.04081153869628906,0.0,0.0,0.0,0.04081153869628906,0.0,local_avoidance,SAFE_HOLD,NONE,DIRECT_LOCAL,PASS_THROUGH,0,11,0,0,0,0,1,0.0,5.81068567840778,0.7300413775854298,0.0,1,0,0,CLEAR,none,nan,nan,nan,0,0,0,0,45.42643030475137,0,0,0,0,0.0,0.0,,2.1500000000000004,24.450000000000003,2.0,2.1500000000000004,24.450000000000003,2.0,2.1500000000000004,24.450000000000003,2.0,0.8968642615730751,0.0,0.0,0,0,9,1,,,0,1,PASS_THROUGH,-1,0.7019060771473624,-0.7122394491762564,0.006544150113169567,0.9,0,0.7018072137830668,-0.7123323010428836,0.0070233590965776485,4.5,0.9,0,0,0,BYPASS_VISIBLE,0,0,1,0,0
1787562535355875840,1787562535371550208,joint_v2_000008_af4e508d,3194,315,0.03333333333333333,10.5,15.674591064453125,frame_id_exact,1,,0.8386635780334473,18.79283905029297,1.9580528736114502,0.02298339769915751,0.013717236544048215,0.27761248150621715,0.9603202127226925,-0.0532759390771389,0.12043288350105286,-0.030768075957894325,0.1285227211199528,-0.019663904360778094,-0.03720645955063381,0.5631750076261438,-0.0758986696600914,depth/003194.png,1.0,0.01358492289448095,-0.05175899488789234,-0.998567201703594,0.1285227211199528,-0.019663904360778094,-0.03720645955063381,-0.0758986696600914,0.7031494163347639,-0.7110054319406954,0.007223161282006534,4.5,0.9,0.0,0.0,0.041947126388549805,0.0,0.0,0.0,0.041947126388549805,0.0,local_avoidance,SAFE_HOLD,NONE,DIRECT_LOCAL,PASS_THROUGH,0,11,0,0,0,0,1,0.0,5.807157068864784,0.7271800887419749,0.0,1,0,0,CLEAR,none,nan,nan,nan,0,0,0,0,45.31829039676005,0,0,0,0,0.0,0.0,,2.1500000000000004,24.450000000000003,2.0,2.1500000000000004,24.450000000000003,2.0,2.1500000000000004,24.450000000000003,2.0,0.8941929644193387,0.0,0.0,0,0,9,1,,,0,1,PASS_THROUGH,-1,0.7019060771473624,-0.7122394491762564,0.006544150113169567,0.9,0,0.7031494163347639,-0.7110054319406954,0.007223161282006534,4.5,0.9,0,0,0,BYPASS_VISIBLE,0,0,1,0,0
1787562535396307200,1787562535412707584,joint_v2_000008_af4e508d,3195,316,0.03333333333333333,10.533333333333333,16.40033721923828,frame_id_exact,1,,0.8371570706367493,18.79653549194336,1.9571408033370972,0.05829581717243313,0.017979350297788896,0.2755409499663855,0.9593516172679805,-0.035553477704524994,0.09762101620435715,-0.0243392214179039,0.09789255607601655,-0.02174090734054016,-0.03647863338724837,0.5595195183026161,-0.0801384374499321,depth/003195.png,1.0,0.002371267885704742,-0.12176046749032679,-0.9925566813261353,0.09789255607601655,-0.02174090734054016,-0.03647863338724837,-0.0801384374499321,0.7054618775205794,-0.7087093979067347,0.0073843539874764936,4.5,0.9,0.0,0.0,0.04285919666290283,0.0,0.0,0.0,0.04285919666290283,0.0,local_avoidance,SAFE_HOLD,NONE,DIRECT_LOCAL,PASS_THROUGH,0,11,0,0,0,0,1,0.0,5.803896751410661,0.7244905532457211,0.0,1,0,0,CLEAR,none,nan,nan,nan,0,0,0,0,45.13157450456271,0,0,0,0,0.0,0.0,,2.1500000000000004,24.450000000000003,2.0,2.1500000000000004,24.450000000000003,2.0,2.1500000000000004,24.450000000000003,2.0,0.8921944607765342,0.0,0.0,0,0,9,1,,,0,1,PASS_THROUGH,-1,0.7019060771473624,-0.7122394491762564,0.006544150113169567,0.9,0,0.7054618775205794,-0.7087093979067347,0.0073843539874764936,4.5,0.9,0,0,0,BYPASS_VISIBLE,0,0,1,0,0
1787562535437009408,1787562535453428224,joint_v2_000008_af4e508d,3196,317,0.03333333333333333,10.566666666666666,16.418933868408203,frame_id_exact,1,,0.8363702297210693,18.79914093017578,1.9563969373703003,0.08062920149930372,0.01798304299107169,0.2734546869593365,0.9583308803384859,-0.01099331583827734,0.056202519685029984,-0.020981131121516228,0.04934758893959233,-0.020075717365958763,-0.029691162208571858,0.5551190705785635,-0.0751287043094635,depth/003196.png,1.0,-0.009629455269949586,-0.16437400209103342,-0.9863510840607319,0.04934758893959233,-0.020075717365958763,-0.029691162208571858,-0.0751287043094635,0.7084080683388123,-0.705763079926818,0.007515565493341342,4.5,0.9,0.0,0.0,0.04360306262969971,0.0,0.0,0.0,0.04360306262969971,0.0,local_avoidance,SAFE_HOLD,NONE,DIRECT_LOCAL,PASS_THROUGH,0,11,0,0,0,0,1,0.0,5.801536986038936,0.7224826375613922,0.0,1,1,1,HISTORY_OCCUPIED,history,0.2,1.1500000000000004,19.450000000000003,43,0,0,0,44.89283723095227,0,0,0,0,0.0,0.0,,2.1500000000000004,24.450000000000003,2.0,2.1500000000000004,24.450000000000003,2.0,2.1500000000000004,24.450000000000003,2.0,0.891225860755458,0.0,0.0,0,0,9,1,,,0,1,PASS_THROUGH,-1,0.7019060771473624,-0.7122394491762564,0.006544150113169567,0.9,0,0.7084080683388123,-0.705763079926818,0.007515565493341342,4.5,0.9,0,0,0,BYPASS_VISIBLE,0,0,1,0,0
1787562535731213312,1787562535746948096,joint_v2_000008_af4e508d,3197,318,0.03333333333333333,10.6,15.734672546386719,frame_id_exact,1,,0.8364368677139282,18.800186157226562,1.9557031393051147,0.08527316995646715,0.013948921825831972,0.271819054441609,0.958461431518213,0.014700598083436489,0.0055512115359306335,-0.021044937893748283,-0.006574331198002126,-0.015015376286348959,-0.020521442170506287,0.5509957376816024,-0.06600740551948547,depth/003197.png,1.0,-0.01961873769096593,-0.17104525457549788,-0.9850678281309446,-0.006574331198002126,-0.015015376286348959,-0.020521442170506287,-0.06600740551948547,0.7112906700459739,-0.7028565049256528,0.007636503731759127,4.5,0.9,0.0666666666,0.0,0.044296860694885254,0.2666666664,0.0666666666,0.0,0.044296860694885254,0.2666666664,local_avoidance,SAFE_PROGRESSING,NONE,DIRECT_LOCAL,PASS_THROUGH,0,11,0,0,0,0,1,0.0666666666,5.800503819539781,0.6365929503287967,0.0,1,1,1,HISTORY_OCCUPIED,history,0.2,1.1500000000000004,19.450000000000003,44,0,0,0,44.65828426913476,0,0,1,0,2.0,2.0,"0.836,18.800;0.800,18.823;0.695,18.888;0.528,19.003;0.327,19.201;0.253,19.545;0.445,19.915;0.717,20.234;0.993,20.551;1.235,20.894;1.415,21.273;1.532,21.676;1.550,21.750",2.1500000000000004,24.450000000000003,2.0,2.1500000000000004,24.450000000000003,2.0,2.1500000000000004,24.450000000000003,2.0,0.891225860755458,0.0,0.0,0,0,9,1,,,1,1,PASS_THROUGH,-1,0.7113114108337825,-0.7028769997785201,0.0,0.9,0,0.7112906700459739,-0.7028565049256528,0.007636503731759127,4.5,0.9,0,0,0,BYPASS_VISIBLE,1,0,1,0,1
1787562535783801600,1787562535799513344,joint_v2_000008_af4e508d,3198,319,0.03333333333333333,10.633333333333333,15.711784362792969,frame_id_exact,1,,0.8373004198074341,18.79953956604004,1.9549814462661743,0.07069090620151358,0.006692991792587253,0.2708000443699026,0.9600131955397967,0.035924989730119705,-0.04327993839979172,-0.022098876535892487,-0.05822422732183234,-0.007546659748889515,-0.014321507551849246,0.5480901460061988,-0.0472174808382988,depth/003198.png,1.0,-0.025435480194790364,-0.1393533304650382,-0.9899159992825464,-0.05822422732183234,-0.007546659748889515,-0.014321507551849246,-0.0472174808382988,0.7134484890701243,-0.7006647063407004,0.007760330666724809,4.5,0.9,0.0,0.0,0.045018553733825684,0.0,0.0,0.0,0.045018553733825684,0.0,local_avoidance,SAFE_HOLD,NONE,DIRECT_LOCAL,PASS_THROUGH,0,11,0,0,0,0,1,0.0,5.800938139955016,0.7217200313140765,0.0,1,1,1,HISTORY_OCCUPIED,history,0.2,1.1500000000000004,19.450000000000003,45,0,1,0,44.48205218165905,0,0,0,0,0.0,0.0,,2.1500000000000004,24.450000000000003,2.0,2.1500000000000004,24.450000000000003,2.0,2.1500000000000004,24.450000000000003,2.0,0.891225860755458,0.0,0.0,0,0,9,1,,,0,1,PASS_THROUGH,-1,0.7112906700459739,-0.7028565049256528,0.007636503731759127,0.9,0,0.7134484890701243,-0.7006647063407004,0.007760330666724809,4.5,0.9,0,0,0,BYPASS_VISIBLE,1,0,1,0,1
1787562536360472576,1787562536376190720,joint_v2_000008_af4e508d,3199,320,0.03333333333333333,10.666666666666666,15.71798324584961,frame_id_exact,1,,0.8387255072593689,18.797452926635742,1.9542269706726074,0.03997326696481238,-0.0022706131517502845,0.27028318296040726,0.96194801483909,0.04771987348794937,-0.07901562005281448,-0.022857092320919037,-0.09377104915529288,0.000920049997790744,-0.015787496816178973,0.5468400459950022,-0.023162124678492546,depth/003199.png,1.0,-0.02597662728473861,-0.07567699250701483,-0.9967939644881498,-0.09377104915529288,0.000920049997790744,-0.015787496816178973,-0.023162124678492546,0.7145474259369464,-0.6995425324372363,0.007888054144236309,4.5,0.9,0.0,0.0,0.04577302932739258,0.0,0.0,0.0,0.04577302932739258,0.0,local_avoidance,SAFE_HOLD,NONE,DIRECT_LOCAL,PASS_THROUGH,0,11,0,0,0,0,1,0.0,5.802648465305396,0.7229865094088541,0.0,1,1,1,HISTORY_OCCUPIED,history,0.25,1.0500000000000005,19.55,39,0,0,0,44.39205790933127,0,0,0,0,0.0,0.0,,2.1500000000000004,24.450000000000003,2.0,2.1500000000000004,24.450000000000003,2.0,2.1500000000000004,24.450000000000003,2.0,0.891225860755458,0.0,0.0,0,0,9,1,,,0,1,PASS_THROUGH,-1,0.7112906700459739,-0.7028565049256528,0.007636503731759127,0.9,0,0.7145474259369464,-0.6995425324372363,0.007888054144236309,4.5,0.9,0,0,0,BYPASS_VISIBLE,1,0,1,0,1
1787562536764765184,1787562536780406016,joint_v2_000008_af4e508d,3200,321,0.03333333333333333,10.7,15.640735626220703,frame_id_exact,1,,0.8403534889221191,18.79449462890625,1.9535185098648071,0.003927597647553636,-0.009946435558190274,0.26985059321263793,0.9628428219284771,0.04805876687169075,-0.09498114883899689,-0.018774617463350296,-0.10616387193955062,0.00869864577906458,-0.01836071418304295,0.5464844235703821,-0.008877551183104515,depth/003200.png,1.0,-0.02127343727214116,-0.0021952153332825417,-0.9997712847928114,-0.10616387193955062,0.00869864577906458,-0.01836071418304295,-0.008877551183104515,0.715066987959737,-0.6990100829228384,0.008006666122419135,4.5,0.9,0.0,0.0,0.04648149013519287,0.0,0.0,0.0,0.04648149013519287,0.0,local_avoidance,SAFE_HOLD,NONE,DIRECT_LOCAL,PASS_THROUGH,0,11,0,0,0,0,1,0.0,5.805162787247982,0.7249608633267475,0.0,1,1,1,HISTORY_OCCUPIED,history,0.25,1.0500000000000005,19.55,40,0,0,0,44.34943195651233,0,0,0,0,0.0,0.0,,2.1500000000000004,24.450000000000003,2.0,2.1500000000000004,24.450000000000003,2.0,2.1500000000000004,24.450000000000003,2.0,0.891225860755458,0.0,0.0,0,0,9,1,,,0,1,PASS_THROUGH,-1,0.7112906700459739,-0.7028565049256528,0.007636503731759127,0.9,0,0.715066987959737,-0.6990100829228384,0.008006666122419135,4.5,0.9,0,0,0,BYPASS_VISIBLE,1,0,1,0,1
1787562537124474112,1787562537139959552,joint_v2_000008_af4e508d,3201,322,0.03333333333333333,10.733333333333333,15.485525131225586,frame_id_exact,1,,0.841810941696167,18.791364669799805,1.9530072212219238,-0.029971208960767513,-0.014859180507574694,0.2692828627807031,0.9624799588566519,0.03782239928841591,-0.08936486393213272,-0.011940615251660347,-0.0950314717580097,0.014231009074594889,-0.01804685131413633,0.5460196325385,-0.0012754588387906551,depth/003201.png,1.0,-0.012461860987239833,0.06569602126619714,-0.9977618627761466,-0.0950314717580097,0.014231009074594889,-0.01804685131413633,-0.0012754588387906551,0.7156470247176439,-0.698415258063343,0.008090940433470238,4.5,0.9,0.0,0.0,0.04699277877807617,0.0,0.0,0.0,0.04699277877807617,0.0,local_avoidance,SAFE_HOLD,NONE,DIRECT_LOCAL,PASS_THROUGH,0,11,0,0,0,0,1,0.0,5.807883643157443,0.7271732901077484,0.0,1,1,1,HISTORY_OCCUPIED,history,0.25,1.0500000000000005,19.55,41,0,0,0,44.30182803972549,0,0,0,0,0.0,0.0,,2.1500000000000004,24.450000000000003,2.0,2.1500000000000004,24.450000000000003,2.0,2.1500000000000004,24.450000000000003,2.0,0.891225860755458,0.0,0.0,0,0,9,1,,,0,1,PASS_THROUGH,-1,0.7112906700459739,-0.7028565049256528,0.007636503731759127,0.9,0,0.7156470247176439,-0.698415258063343,0.008090940433470238,4.5,0.9,0,0,0,BYPASS_VISIBLE,1,0,1,0,1
1787562537789107200,1787562537805717504,joint_v2_000008_af4e508d,3202,323,0.03333333333333333,10.766666666666667,16.610383987426758,frame_id_exact,1,,0.8427900671958923,18.78874969482422,1.9527075290679932,-0.055385812200006344,-0.016227241800506775,0.26866502903623685,0.9615030892324016,0.02001245692372322,-0.0647999718785286,-0.006499844137579203,-0.06460217036359668,0.01649153550406142,-0.01401326523069871,0.5450286266098967,0.003129565389826894,depth/003202.png,1.0,-0.0014446245559963135,0.11522664383892586,-0.993338176860987,-0.06460217036359668,0.01649153550406142,-0.01401326523069871,0.003129565389826894,0.7165237846084451,-0.6975151742412709,0.008139274756372227,4.5,0.9,0.0,0.0,0.047292470932006836,0.0,0.0,0.0,0.047292470932006836,0.0,local_avoidance,SAFE_HOLD,NONE,DIRECT_LOCAL,PASS_THROUGH,0,11,0,0,0,0,1,0.0,5.810211082764088,0.7291295556405406,0.0,1,1,1,HISTORY_OCCUPIED,history,0.25,1.0500000000000005,19.55,42,0,0,0,44.22983200368514,0,0,0,0,0.0,0.0,,2.1500000000000004,24.450000000000003,2.0,2.1500000000000004,24.450000000000003,2.0,2.1500000000000004,24.450000000000003,2.0,0.891225860755458,0.0,0.0,0,0,9,1,,,0,1,PASS_THROUGH,-1,0.7112906700459739,-0.7028565049256528,0.007636503731759127,0.9,0,0.7165237846084451,-0.6975151742412709,0.008139274756372227,4.5,0.9,0,0,0,BYPASS_VISIBLE,1,0,1,0,1
1787562538392161792,1787562538408663040,joint_v2_000008_af4e508d,3203,324,0.03333333333333333,10.8,16.501188278198242,frame_id_exact,1,,0.8431096076965332,18.78718376159668,1.9525423049926758,-0.06752521829007335,-0.013935790964756946,0.2682229136824808,0.96088636539434,-0.0009606387466192245,-0.027805816382169724,-0.003887274069711566,-0.022524478298719217,0.01517055214365574,-0.0071902278267552446,0.5437731403980757,0.005886771250516176,depth/003203.png,1.0,0.009442198535576863,0.13724392006449018,-0.9904922772501291,-0.022524478298719217,0.01517055214365574,-0.0071902278267552446,0.005886771250516176,0.7174783308337614,-0.6965329616681235,0.008165665547403413,4.5,0.9,0.0666666666,0.0,0.04745769500732422,0.2666666664,0.0666666666,0.0,0.04745769500732422,0.2666666664,local_avoidance,SAFE_PROGRESSING,NONE,DIRECT_LOCAL,PASS_THROUGH,0,11,0,0,0,0,1,0.0666666666,5.811665015072657,0.6468770722153097,0.0,1,1,1,HISTORY_OCCUPIED,history,0.25,1.0500000000000005,19.55,43,0,0,0,44.15135508555952,0,0,1,0,2.0,2.0,"0.843,18.787;0.811,18.819;0.723,18.909;0.583,19.060;0.418,19.292;0.341,19.643;0.518,20.018;0.795,20.334;1.071,20.651;1.299,21.002;1.457,21.391;1.550,21.750",2.1500000000000004,24.450000000000003,2.0,2.1500000000000004,24.450000000000003,2.0,2.1500000000000004,24.450000000000003,2.0,0.891225860755458,0.0,0.0,0,0,9,1,,,1,1,PASS_THROUGH,-1,0.717502252073768,-0.6965561845745619,0.0,0.9,0,0.7174783308337614,-0.6965329616681235,0.008165665547403413,4.5,0.9,0,0,0,BYPASS_VISIBLE,1,0,1,0,1
1787562538442197504,1787562538459902976,joint_v2_000008_af4e508d,3204,325,0.03333333333333333,10.833333333333334,17.705440521240234,frame_id_exact,1,,0.8427441120147705,18.786945343017578,1.9524122476577759,-0.06574921612785187,-0.009050067909376876,0.2681181140221013,0.9610971926827382,-0.020390193909406662,0.012978392653167248,-0.004230976104736328,0.022039807180960658,0.010675504912372243,-0.0015428339553662431,0.5429308788730878,0.015296297147870064,depth/003204.png,1.0,0.017861121930681827,0.13123574836240623,-0.9911902736988174,0.022039807180960658,0.010675504912372243,-0.0015428339553662431,0.015296297147870064,0.7180283855239942,-0.6959656606513216,0.008187598913949021,4.5,0.9,0.1333333332,0.0,0.04758775234222412,0.42577367872169813,0.1333333332,0.0,0.04758775234222412,0.42577367872169813,local_avoidance,SAFE_PROGRESSING,NONE,DIRECT_LOCAL,PASS_THROUGH,0,11,0,0,0,0,1,0.1333333332,5.811979525483755,0.6468770722153097,0.0,1,1,1,HISTORY_OCCUPIED,history,0.25,1.0500000000000005,19.55,44,0,0,0,0.0,0,0,1,0,2.0,2.0,"0.843,18.787;0.811,18.819;0.723,18.909;0.583,19.060;0.418,19.292;0.341,19.643;0.518,20.018;0.795,20.334;1.071,20.651;1.299,21.002;1.457,21.391;1.550,21.750",2.1500000000000004,24.450000000000003,2.0,2.1500000000000004,24.450000000000003,2.0,2.1500000000000004,24.450000000000003,2.0,0.891225860755458,0.0,0.0,0,0,9,1,,,0,1,PASS_THROUGH,-1,0.7174783308337614,-0.6965329616681235,0.008165665547403413,0.9,0,0.7180283855239942,-0.6959656606513216,0.008187598913949021,4.5,0.9,0,0,0,BYPASS_VISIBLE,1,0,1,0,1
1787562538486458112,1787562538503177472,joint_v2_000008_af4e508d,3205,326,0.03333333333333333,10.866666666666667,16.719341278076172,frame_id_exact,1,,0.841799795627594,18.788022994995117,1.9522494077682495,-0.05593344876988574,-0.004254905135816573,0.26852487004797676,0.9616380500254288,-0.035472605377435684,0.05067156255245209,-0.005365274380892515,0.06193938282818725,0.0040451929875320175,0.0013595666623925891,0.5433973456010684,0.04573442414402962,depth/003205.png,1.0,0.021855686768837805,0.10986056090986351,-0.9937066901819835,0.06193938282818725,0.0040451929875320175,0.0013595666623925891,0.04573442414402962,0.7175641825633825,-0.6964439159990164,0.00821679804421504,4.5,0.9,0.0666666666,0.0,0.04775059223175049,0.15910701232169816,0.0666666666,0.0,0.04775059223175049,0.15910701232169816,local_avoidance,SAFE_HOLD,NONE,DIRECT_LOCAL,PASS_THROUGH,0,11,0,0,0,0,1,0.0666666666,5.811142003076856,0.7302060812746163,0.0,1,1,1,HISTORY_OCCUPIED,history,0.25,1.0500000000000005,19.55,45,0,0,0,44.144267872801315,0,0,0,0,0.0,0.0,,2.1500000000000004,24.450000000000003,2.0,2.1500000000000004,24.450000000000003,2.0,2.1500000000000004,24.450000000000003,2.0,0.891225860755458,0.0,0.0,0,0,9,1,,,0,1,PASS_THROUGH,-1,0.7174783308337614,-0.6965329616681235,0.008165665547403413,0.9,0,0.7175641825633825,-0.6964439159990164,0.00821679804421504,4.5,0.9,0,0,0,BYPASS_VISIBLE,1,0,1,0,1
1787562538770662656,1787562538786767104,joint_v2_000008_af4e508d,3206,327,0.03333333333333333,10.9,16.104459762573242,frame_id_exact,1,,0.8404290676116943,18.79025650024414,1.9520809650421143,-0.04203830161037469,-0.0010873564984707471,0.2696328426531143,0.9620445566689525,-0.04603801667690277,0.08186589926481247,-0.004414570517838001,0.09391280900613751,-0.003226351181870726,0.003314790711967724,0.5456793859862946,0.0824345275759697,depth/003206.png,1.0,0.020577642726003854,0.08147181251905727,-0.9964631977071208,0.09391280900613751,-0.003226351181870726,0.003314790711967724,0.0824345275759697,0.7157518724241071,-0.6983059648163125,0.00824843156871939,4.5,0.9,0.1333333332,0.0,0.04791903495788574,-0.10755965407830181,0.1333333332,0.0,0.04791903495788574,-0.10755965407830181,local_avoidance,SAFE_PROGRESSING,NONE,DIRECT_LOCAL,PASS_THROUGH,0,11,0,0,0,0,1,0.1333333332,5.809274697411469,inf,0.0,1,0,0,CLEAR,none,nan,0.0,0.0,0,0,0,0,44.29315043721024,0,0,1,0,2.0,2.0,"0.840,18.790;0.828,18.848;0.825,18.986;0.832,19.205;0.851,19.503;0.880,19.881;0.915,20.299;0.951,20.718;0.986,21.136;1.020,21.555;1.036,21.784",2.1500000000000004,24.450000000000003,2.0,2.1500000000000004,24.450000000000003,2.0,2.1500000000000004,24.450000000000003,2.0,0.891225860755458,0.0,0.0,0,0,9,1,,,0,1,PASS_THROUGH,-1,0.7174783308337614,-0.6965329616681235,0.008165665547403413,0.9,0,0.7157518724241071,-0.6983059648163125,0.00824843156871939,4.5,0.9,0,0,0,BYPASS_VISIBLE,1,0,1,0,1
1787562538811339776,1787562538826913536,joint_v2_000008_af4e508d,3207,328,0.03333333333333333,10.933333333333334,15.573740005493164,frame_id_exact,1,,0.8387826085090637,18.793373107910156,1.9519524574279785,-0.023227533655866973,0.0011489148239242197,0.27121388810715186,0.9622381142798254,-0.0519481785595417,0.1030537560582161,-0.0032405094243586063,0.11504159462747271,-0.009525112610048661,0.00197345636481534,0.5491337743132506,0.09879268705844879,depth/003207.png,1.0,0.014810318695176777,0.04407763305578437,-0.9989183233499859,0.11504159462747271,-0.009525112610048661,0.00197345636481534,0.09879268705844879,0.7130567985476794,-0.7010574421889493,0.00827434567940316,4.5,0.9,0.1999999998,0.0,0.048047542572021484,-0.3742263204783018,0.1999999998,0.0,0.048047542572021484,-0.3742263204783018,local_avoidance,SAFE_PROGRESSING,NONE,DIRECT_LOCAL,PASS_THROUGH,0,11,0,0,0,0,1,0.1999999998,5.806609926976526,inf,0.0,1,0,0,CLEAR,none,nan,0.0,0.0,0,0,0,0,0.0,0,0,1,0,2.0,2.0,"0.840,18.790;0.828,18.848;0.825,18.986;0.832,19.205;0.851,19.503;0.880,19.881;0.915,20.299;0.951,20.718;0.986,21.136;1.020,21.555;1.036,21.784",2.1500000000000004,24.450000000000003,2.0,2.1500000000000004,24.450000000000003,2.0,2.1500000000000004,24.450000000000003,2.0,0.891225860755458,0.0,0.0,0,0,9,1,,,0,1,PASS_THROUGH,-1,0.7174783308337614,-0.6965329616681235,0.008165665547403413,0.9,0,0.7130567985476794,-0.7010574421889493,0.00827434567940316,4.5,0.9,0,0,0,BYPASS_VISIBLE,1,0,1,0,1
1787562538851812864,1787562538868362496,joint_v2_000008_af4e508d,3208,329,0.03333333333333333,10.966666666666667,16.54958724975586,frame_id_exact,1,,0.8370121121406555,18.7970027923584,1.9518734216690063,-0.007400774201708677,0.0012884432149404604,0.2727543846321576,0.9620543717063139,-0.05377267301082611,0.11299499124288559,-0.0012411141069605947,0.12440831344566944,-0.013535068407469165,0.0005312642889491468,0.5524815122875749,0.08288005739450455,depth/003208.png,1.0,0.006516292081634812,0.01353703727708115,-0.9998871369105944,0.12440831344566944,-0.013535068407469165,0.0005312642889491468,0.08288005739450455,0.7103972683480034,-0.7037520562491123,0.008292433228017355,4.5,0.9,0.2666666664,0.0,0.04812657833099365,-0.6408929868783018,0.2666666664,0.0,0.04812657833099365,-0.6408929868783018,local_avoidance,SAFE_PROGRESSING,NONE,DIRECT_LOCAL,PASS_THROUGH,0,11,0,0,0,0,1,0.2666666664,5.803474357940174,inf,0.0,1,0,0,CLEAR,none,nan,0.0,0.0,0,0,0,0,44.730764072645215,0,0,1,0,2.0,2.0,"0.837,18.797;0.826,18.861;0.824,19.006;0.831,19.231;0.848,19.535;0.875,19.919;0.906,20.338;0.938,20.757;0.970,21.176;1.000,21.595;1.012,21.792",2.1500000000000004,24.450000000000003,2.0,2.1500000000000004,24.450000000000003,2.0,2.1500000000000004,24.450000000000003,2.0,0.8911931279823018,0.0,0.0,0,0,9,1,,,0,1,PASS_THROUGH,-1,0.7174783308337614,-0.6965329616681235,0.008165665547403413,0.9,0,0.7103972683480034,-0.7037520562491123,0.008292433228017355,4.5,0.9,0,0,0,BYPASS_VISIBLE,1,0,1,0,1
1787562538898119424,1787562538913986304,joint_v2_000008_af4e508d,3209,330,0.03333333333333333,11.0,15.866756439208984,frame_id_exact,1,,0.8352123498916626,18.80082130432129,1.9519388675689697,-0.0015500940568521128,-0.0017743061608078566,0.2737382835750796,0.9618013314356724,-0.054338157176971436,0.11539836972951889,0.006303298752754927,0.12669088815596746,-0.014586979551115768,0.006766795594219602,0.5545619177238763,0.033080220222473145,depth/003209.png,1.0,-0.002564419882673767,0.003953156101454233,-0.9999888980921252,0.12669088815596746,-0.014586979551115768,0.006766795594219602,0.033080220222473145,0.7086134133680964,-0.705548279353522,0.008285885354018137,4.5,0.9,0.33333333299999995,0.0,0.04806113243103027,-0.9075596532783017,0.33333333299999995,0.0,0.04806113243103027,-0.9075596532783017,local_avoidance,SAFE_PROGRESSING,NONE,DIRECT_LOCAL,PASS_THROUGH,0,11,0,0,0,0,1,0.33333333299999995,5.8001626270810425,inf,0.0,1,0,0,CLEAR,none,nan,0.0,0.0,0,0,0,0,0.0,0,0,1,0,2.0,2.0,"0.837,18.797;0.826,18.861;0.824,19.006;0.831,19.231;0.848,19.535;0.875,19.919;0.906,20.338;0.938,20.757;0.970,21.176;1.000,21.595;1.012,21.792",2.1500000000000004,24.450000000000003,2.0,2.1500000000000004,24.450000000000003,2.0,2.1500000000000004,24.450000000000003,2.0,0.8885468674712056,0.0,0.0,0,0,9,1,,,1,1,PASS_THROUGH,-1,0.7086377398651631,-0.7055725006254093,0.0,0.9,0,0.7086134133680964,-0.705548279353522,0.008285885354018137,4.5,0.9,0,0,0,BYPASS_VISIBLE,1,0,1,0,1
1787562538938148096,1787562538953639424,joint_v2_000008_af4e508d,3210,331,0.03333333333333333,11.033333333333333,15.491485595703125,frame_id_exact,1,,0.8333544135093689,18.804683685302734,1.9523853063583374,-0.008046193380997957,-0.008784071043240704,0.273630829517894,0.9617610243742112,-0.0580904483795166,0.11686548590660095,0.02142309583723545,0.1294822907590111,-0.01241197077741478,0.023901263263478537,0.5544989365854565,-0.047622695565223694,depth/003210.png,1.0,-0.012492981190838331,0.02028421566905532,-0.9997161977359658,0.1294822907590111,-0.01241197077741478,0.023901263263478537,-0.047622695565223694,0.7083314033894635,-0.705832245566372,0.00821365272250126,4.5,0.9,0.39999999959999993,0.0,0.0476146936416626,-1.1742263196783016,0.39999999959999993,0.0,0.0476146936416626,-1.1742263196783016,local_avoidance,SAFE_PROGRESSING,NONE,DIRECT_LOCAL,PASS_THROUGH,0,11,0,0,0,0,1,0.39999999959999993,5.796822568736463,inf,0.0,1,0,0,CLEAR,none,nan,0.0,0.0,0,0,0,0,0.0,0,0,1,0,2.0,2.0,"0.837,18.797;0.826,18.861;0.824,19.006;0.831,19.231;0.848,19.535;0.875,19.919;0.906,20.338;0.938,20.757;0.970,21.176;1.000,21.595;1.012,21.792",2.1500000000000004,24.450000000000003,2.0,2.1500000000000004,24.450000000000003,2.0,2.1500000000000004,24.450000000000003,2.0,0.8859024489719878,0.0,0.0,0,0,9,1,,,0,1,PASS_THROUGH,-1,0.7086134133680964,-0.705548279353522,0.008285885354018137,0.9,0,0.7083314033894635,-0.705832245566372,0.00821365272250126,4.5,0.9,0,0,0,BYPASS_VISIBLE,1,0,1,0,1
1787562538978216704,1787562539007122944,joint_v2_000008_af4e508d,3211,332,0.03333333333333333,11.066666666666666,28.90634536743164,frame_id_exact,1,,0.8312481045722961,18.808679580688477,1.9534199237823486,-0.025259470541181363,-0.01977752258068446,0.27184341694941067,0.9618066153909623,-0.07003960758447647,0.1244913712143898,0.040906064212322235,0.14006076016143787,-0.006584956782912056,0.04915868218266691,0.5516293878309769,-0.15614105761051178,depth/003211.png,1.0,-0.02431106254379746,0.05934223036981751,-0.9979416174970994,0.14006076016143787,-0.006584956782912056,0.04915868218266691,-0.15614105761051178,0.7099953656825247,-0.7041604507159798,0.008039922686587642,4.5,0.9,0.4666666661999999,0.0,0.04658007621765137,-1.3767308881575064,0.4666666661999999,0.0,0.04658007621765137,-1.3767308881575064,local_avoidance,SAFE_PROGRESSING,NONE,DIRECT_LOCAL,PASS_THROUGH,0,11,0,0,0,0,1,0.4666666661999999,5.793410276774409,inf,0.0,1,0,0,CLEAR,none,nan,0.0,0.0,0,0,0,0,44.76359457681035,0,0,1,0,2.0,1.0,"0.831,18.809;0.818,18.876;0.815,19.024;0.822,19.238;0.834,19.458;0.848,19.677;0.864,19.897;0.881,20.116;0.898,20.336;0.916,20.555;0.933,20.774;0.951,20.993;0.968,21.213;0.976,21.323",2.1500000000000004,24.450000000000003,2.0,2.1500000000000004,24.450000000000003,2.0,2.1500000000000004,24.450000000000003,2.0,0.8831482612410453,0.0,0.0,0,0,9,1,,,0,1,PASS_THROUGH,-1,0.7086134133680964,-0.705548279353522,0.008285885354018137,0.9,0,0.7099953656825247,-0.7041604507159798,0.008039922686587642,4.5,0.9,0,0,0,BYPASS_VISIBLE,1,0,1,0,1
1787562539041878784,1787562539057703936,joint_v2_000008_af4e508d,3212,333,0.03333333333333333,11.1,15.825271606445312,frame_id_exact,1,,0.8285454511642456,18.813112258911133,1.9551539421081543,-0.049217090144821944,-0.0335584425993937,0.26783761072624457,0.9616207793347835,-0.09444325417280197,0.14386680722236633,0.06353288888931274,0.1637100928840889,0.0036715264246455852,0.08269909208282686,0.5454442406214495,-0.2874850928783417,depth/003212.png,1.0,-0.03817661578880653,0.11263277933433882,-0.9929030179359594,0.1637100928840889,0.0036715264246455852,0.08269909208282686,-0.2874850928783417,0.7138985870718062,-0.7002062647808682,0.007745588325218457,4.5,0.9,0.5333333328,0.0,0.0448460578918457,-1.372632180381842,0.5333333328,0.0,0.0448460578918457,-1.372632180381842,local_avoidance,SAFE_PROGRESSING,NONE,DIRECT_LOCAL,PASS_THROUGH,0,11,0,0,0,0,1,0.5333333328,5.789710314884216,inf,0.0,1,0,0,CLEAR,none,nan,0.0,0.0,0,0,0,0,0.0,0,0,1,0,2.0,1.0,"0.831,18.809;0.818,18.876;0.815,19.024;0.822,19.238;0.834,19.458;0.848,19.677;0.864,19.897;0.881,20.116;0.898,20.336;0.916,20.555;0.933,20.774;0.951,20.993;0.968,21.213;0.976,21.323",2.1500000000000004,24.450000000000003,2.0,2.1500000000000004,24.450000000000003,2.0,2.1500000000000004,24.450000000000003,2.0,0.8801005340645904,0.0,0.0,0,0,9,1,,,0,1,PASS_THROUGH,-1,0.7086134133680964,-0.705548279353522,0.008285885354018137,0.9,0,0.7138985870718062,-0.7002062647808682,0.007745588325218457,4.5,0.9,0,0,0,BYPASS_VISIBLE,1,0,1,0,1
1787562539084410624,1787562539100995072,joint_v2_000008_af4e508d,3213,334,0.03333333333333333,11.133333333333333,16.584396362304688,frame_id_exact,1,,0.8247993588447571,18.81842613220215,1.9575799703598022,-0.07575674600673657,-0.047291458394100205,0.26126801161217433,0.9611261413080234,-0.13236218690872192,0.17739632725715637,0.07923588901758194,0.20317192430353867,0.019269749647244986,0.11669351944012907,0.5352550858510566,-0.42804595828056335,depth/003213.png,1.0,-0.051320485055523744,0.17033506853674632,-0.9840488667948598,0.20317192430353867,0.019269749647244986,0.11669351944012907,-0.42804595828056335,0.7204158352915251,-0.6935036157570597,0.007332066086638922,4.5,0.9,0.5999999993999999,0.0,0.042420029640197754,-1.3631584024203653,0.5999999993999999,0.0,0.042420029640197754,-1.3631584024203653,local_avoidance,SAFE_PROGRESSING,NONE,DIRECT_LOCAL,PASS_THROUGH,0,11,0,0,0,0,1,0.5999999993999999,5.785393760824059,inf,0.0,1,0,0,CLEAR,none,nan,0.0,0.0,0,0,0,0,0.0,0,0,1,0,2.0,1.0,"0.831,18.809;0.818,18.876;0.815,19.024;0.822,19.238;0.834,19.458;0.848,19.677;0.864,19.897;0.881,20.116;0.898,20.336;0.916,20.555;0.933,20.774;0.951,20.993;0.968,21.213;0.976,21.323",2.1500000000000004,24.450000000000003,2.0,2.1500000000000004,24.450000000000003,2.0,2.1500000000000004,24.450000000000003,2.0,0.8765563963446485,0.0,0.0,0,0,9,1,,,0,1,PASS_THROUGH,-1,0.7086134133680964,-0.705548279353522,0.008285885354018137,0.9,0,0.7204158352915251,-0.6935036157570597,0.007332066086638922,4.5,0.9,0,0,0,BYPASS_VISIBLE,1,0,1,0,1
1787562539128389376,1787562539145274880,joint_v2_000008_af4e508d,3214,335,0.03333333333333333,11.166666666666666,16.88551902770996,frame_id_exact,1,,0.8196118474006653,18.82508087158203,1.9601895809173584,-0.10136797143116509,-0.05713627288444712,0.2520211861679185,0.9607004228224946,-0.18004295229911804,0.22380052506923676,0.07308030873537064,0.2595309166513573,0.04074358882291676,0.1372098192209324,0.519761758888847,-0.565414547920227,depth/003214.png,1.0,-0.05868793023814375,0.2235676085602622,-0.9729199613776089,0.2595309166513573,0.04074358882291676,0.1372098192209324,-0.565414547920227,0.7302994990215423,-0.6830923850403375,0.006887323775407312,4.5,0.9,0.6666666659999999,0.0,0.0398104190826416,-1.3338244689620322,0.6666666659999999,0.0,0.0398104190826416,-1.3338244689620322,local_avoidance,SAFE_PROGRESSING,NONE,DIRECT_LOCAL,PASS_THROUGH,0,11,0,0,0,0,1,0.6666666659999999,5.780107943440076,inf,0.0,1,0,0,CLEAR,none,nan,0.0,0.0,0,0,0,0,43.08703918030564,0,0,1,0,2.0,2.0,"0.820,18.825;0.802,18.920;0.804,19.097;0.822,19.354;0.854,19.690;0.899,20.096;0.948,20.513;0.997,20.930;1.045,21.348;1.088,21.765;1.093,21.813",2.1500000000000004,24.450000000000003,2.0,2.1500000000000004,24.450000000000003,2.0,2.1500000000000004,24.450000000000003,2.0,0.8723242027981137,0.0,0.0,0,0,9,1,,,0,1,PASS_THROUGH,-1,0.7086134133680964,-0.705548279353522,0.008285885354018137,0.9,0,0.7302994990215423,-0.6830923850403375,0.006887323775407312,4.5,0.9,0,0,0,BYPASS_VISIBLE,1,0,1,0,1
1787562539173148672,1787562539190983680,joint_v2_000008_af4e508d,3215,336,0.03333333333333333,11.2,17.835140228271484,frame_id_exact,1,,0.8127515316009521,18.833463668823242,1.9621881246566772,-0.12320593482656517,-0.05948491806043951,0.24010829228088604,0.9610566321111423,-0.23189184069633484,0.2810015082359314,0.044165078550577164,0.33197190396550164,0.06727070273154595,0.14126406162681632,0.49712383273452426,-0.6909435391426086,depth/003215.png,1.0,-0.055171216804993116,0.2653814057449684,-0.96256368429371,0.33197190396550164,0.06727070273154595,0.14126406162681632,-0.6909435391426086,0.7445824534123283,-0.6674983747262472,0.006549031096011106,4.5,0.9,0.7333333325999999,0.0,0.037811875343322754,-1.306861094064956,0.7333333325999999,0.0,0.037811875343322754,-1.306861094064956,local_avoidance,SAFE_PROGRESSING,NONE,DIRECT_LOCAL,PASS_THROUGH,0,11,0,0,0,0,1,0.7333333325999999,5.773535643404664,inf,0.0,1,0,0,CLEAR,none,nan,0.0,0.0,0,0,0,0,0.0,0,0,1,0,2.0,2.0,"0.820,18.825;0.802,18.920;0.804,19.097;0.822,19.354;0.854,19.690;0.899,20.096;0.948,20.513;0.997,20.930;1.045,21.348;1.088,21.765;1.093,21.813",2.1500000000000004,24.450000000000003,2.0,2.1500000000000004,24.450000000000003,2.0,2.1500000000000004,24.450000000000003,2.0,0.8671877299019346,0.0,0.0,0,0,9,1,,,1,1,PASS_THROUGH,-1,0.7445984214253228,-0.6675126896253865,0.0,0.9,0,0.7445824534123283,-0.6674983747262472,0.006549031096011106,4.5,0.9,0,0,0,BYPASS_VISIBLE,1,0,1,0,1
1787562539219836672,1787562539235431424,joint_v2_000008_af4e508d,3216,337,0.03333333333333333,11.233333333333333,15.594720840454102,frame_id_exact,1,,0.804158091545105,18.843929290771484,1.963021159172058,-0.13858222783853372,-0.05273717375847796,0.2257665054065402,0.9628308478999806,-0.28320130705833435,0.34856733679771423,0.005007029511034489,0.41717233636702855,0.09592643593232145,0.13598749797581214,0.4664390107772131,-0.7968651652336121,depth/003216.png,1.0,-0.03897950487033046,0.29067506271622556,-0.9560275132625536,0.41717233636702855,0.09592643593232145,0.13598749797581214,-0.7968651652336121,0.7635049304965963,-0.6457701477539057,0.006413842630328093,4.5,0.9,0.7999999991999999,0.0,0.036978840827941895,-1.2762440016793553,0.7999999991999999,0.0,0.036978840827941895,-1.2762440016793553,local_avoidance,SAFE_PROGRESSING,NONE,DIRECT_LOCAL,PASS_THROUGH,0,11,0,0,0,0,1,0.7999999991999999,5.765355083550662,inf,0.0,1,0,0,CLEAR,none,nan,0.0,0.0,0,0,0,0,0.0,0,0,1,0,2.0,2.0,"0.820,18.825;0.802,18.920;0.804,19.097;0.822,19.354;0.854,19.690;0.899,20.096;0.948,20.513;0.997,20.930;1.045,21.348;1.088,21.765;1.093,21.813",2.1500000000000004,24.450000000000003,2.0,2.1500000000000004,24.450000000000003,2.0,2.1500000000000004,24.450000000000003,2.0,0.8609112850581957,0.0,0.0,0,0,9,1,,,0,1,PASS_THROUGH,-1,0.7445824534123283,-0.6674983747262472,0.006549031096011106,0.9,0,0.7635049304965963,-0.6457701477539057,0.006413842630328093,4.5,0.9,0,0,0,BYPASS_VISIBLE,1,0,1,0,1
1787562539260460288,1787562539277107968,joint_v2_000008_af4e508d,3217,338,0.03333333333333333,11.266666666666667,16.6475772857666,frame_id_exact,1,,0.7939384579658508,18.856794357299805,1.96249258518219,-0.1454521769035723,-0.03787633885150657,0.20945392661537135,0.9661977539896377,-0.32851967215538025,0.42458173632621765,-0.03672097250819206,0.5096146535332723,0.12267562686576676,0.1216011970091814,0.4288194953068509,-0.881071150302887,depth/003217.png,1.0,-0.012261007880938514,0.2969378290707948,-0.9548180943784356,0.5096146535332723,0.12267562686576676,0.1216011970091814,-0.881071150302887,0.7858636474849462,-0.6183654720240909,0.006516944842455081,4.5,0.9,0.8666666657999998,0.0,0.03750741481781006,-1.2668727522928132,0.8666666657999998,0.0,0.03750741481781006,-1.2668727522928132,local_avoidance,SAFE_PROGRESSING,NONE,DIRECT_LOCAL,PASS_THROUGH,0,11,0,0,0,0,1,0.8666666657999998,5.755245630493747,inf,0.0,1,0,0,CLEAR,none,nan,0.0,0.0,0,0,0,0,38.197827955716846,0,0,1,0,2.0,2.0,"0.794,18.857;0.778,19.001;0.803,19.227;0.855,19.530;0.931,19.910;1.020,20.320;1.111,20.730;1.201,21.141;1.287,21.552;1.337,21.807",2.1500000000000004,24.450000000000003,2.0,2.1500000000000004,24.450000000000003,2.0,2.1500000000000004,24.450000000000003,2.0,0.8532676570979578,0.0,0.0,0,0,9,1,,,0,1,PASS_THROUGH,-1,0.7445824534123283,-0.6674983747262472,0.006549031096011106,0.9,0,0.7858636474849462,-0.6183654720240909,0.006516944842455081,4.5,0.9,0,0,0,BYPASS_VISIBLE,1,0,1,0,1
1787562539300893440,1787562539316502016,joint_v2_000008_af4e508d,3218,339,0.03333333333333333,11.3,15.608549118041992,frame_id_exact,1,,0.7823797464370728,18.872289657592773,1.9605958461761475,-0.14338156843044428,-0.01768075956218519,0.1916648569177126,0.9707696427054376,-0.36284077167510986,0.5055713057518005,-0.0763595923781395,0.6025961961425778,0.143681069911001,0.09654083426846566,0.3868524798744757,-0.9474573731422424,depth/003218.png,1.0,0.0206345263098301,0.2851585084149007,-0.9582582331514601,0.6025961961425778,0.143681069911001,0.09654083426846566,-0.9474573731422424,0.8095946607413836,-0.5869492393875444,0.006861172015540074,4.5,0.9,0.9333333323999998,0.0,0.03940415382385254,-1.2167667293554063,0.9333333323999998,0.0,0.03940415382385254,-1.2167667293554063,local_avoidance,SAFE_PROGRESSING,NONE,DIRECT_LOCAL,PASS_THROUGH,0,11,0,0,0,0,1,0.9333333323999998,5.742929376350722,inf,0.0,1,0,0,CLEAR,none,nan,0.0,0.0,0,0,0,0,0.0,0,0,1,0,2.0,2.0,"0.794,18.857;0.778,19.001;0.803,19.227;0.855,19.530;0.931,19.910;1.020,20.320;1.111,20.730;1.201,21.141;1.287,21.552;1.337,21.807",2.1500000000000004,24.450000000000003,2.0,2.1500000000000004,24.450000000000003,2.0,2.1500000000000004,24.450000000000003,2.0,0.8440895793444596,0.0,0.0,0,0,9,1,,,0,1,PASS_THROUGH,-1,0.7445824534123283,-0.6674983747262472,0.006549031096011106,0.9,0,0.8095946607413836,-0.5869492393875444,0.006861172015540074,4.5,0.9,0,0,0,BYPASS_VISIBLE,1,0,1,0,1
1787562539341438464,1787562539358298112,joint_v2_000008_af4e508d,3219,340,0.03333333333333333,11.333333333333334,16.85953140258789,frame_id_exact,1,,0.7699087262153625,18.890506744384766,1.9574694633483887,-0.13376567474783413,0.004202956497562996,0.1728428288418169,0.9758147549273349,-0.38287100195884705,0.5875402092933655,-0.11000410467386246,0.689549579751327,0.15646074386061443,0.06273768738097364,0.34341018897565456,-1.0005693435668945,depth/003219.png,1.0,0.05444348917997946,0.2596081364624189,-0.9641781588318725,0.689549579751327,0.15646074386061443,0.06273768738097364,-1.0005693435668945,0.8327313916580983,-0.5536274070445526,0.007424521283713212,4.5,0.9,0.9999999989999998,0.0,0.04253053665161133,-1.184960899164596,0.9999999989999998,0.0,0.04253053665161133,-1.184960899164596,local_avoidance,SAFE_PROGRESSING,NONE,DIRECT_LOCAL,PASS_THROUGH,0,11,0,0,0,0,1,0.9999999989999998,5.72822984727462,inf,0.0,1,0,0,CLEAR,none,nan,0.0,0.0,0,0,0,0,0.0,0,0,1,0,2.0,2.0,"0.794,18.857;0.778,19.001;0.803,19.227;0.855,19.530;0.931,19.910;1.020,20.320;1.111,20.730;1.201,21.141;1.287,21.552;1.337,21.807",2.1500000000000004,24.450000000000003,2.0,2.1500000000000004,24.450000000000003,2.0,2.1500000000000004,24.450000000000003,2.0,0.8332615651046136,0.0,0.0,0,0,9,1,,,0,1,PASS_THROUGH,-1,0.7445824534123283,-0.6674983747262472,0.006549031096011106,0.9,0,0.8327313916580983,-0.5536274070445526,0.007424521283713212,4.5,0.9,0,0,0,BYPASS_VISIBLE,1,0,1,0,1
1787562539383534336,1787562539400523520,joint_v2_000008_af4e508d,3220,341,0.03333333333333333,11.366666666666667,16.98899269104004,frame_id_exact,1,,0.7570270895957947,18.91142463684082,1.9533586502075195,-0.11952861190698273,0.024189715786111135,0.1534000615803093,0.9806101109477378,-0.38748788833618164,0.6666707396507263,-0.13520634174346924,0.7657544236906247,0.16071184983516035,0.025871943918687995,0.30062574569605266,-1.044730544090271,depth/003220.png,1.0,0.08411275261590545,0.2270005229846716,-0.9702555371715541,0.7657544236906247,0.16071184983516035,0.025871943918687995,-1.044730544090271,0.854050238115754,-0.520126424833796,0.008166576028996831,4.5,0.9,1.0,0.0,0.04664134979248047,-1.0154275974959304,1.0,0.0,0.04664134979248047,-1.0154275974959304,local_avoidance,SAFE_PROGRESSING,NONE,DIRECT_LOCAL,PASS_THROUGH,0,10,0,0,0,0,1,1.0,5.711058621876844,inf,0.0,1,0,0,CLEAR,none,nan,0.0,0.0,0,0,0,0,31.34189580427883,0,0,1,0,2.0,1.0,"0.757,18.911;0.743,19.103;0.778,19.320;0.827,19.534;0.883,19.747;0.942,19.959;1.004,20.170;1.067,20.381;1.131,20.591;1.195,20.802;1.259,21.012;1.322,21.223;1.353,21.329",2.1500000000000004,24.450000000000003,2.0,2.1500000000000004,24.450000000000003,2.0,2.1500000000000004,24.450000000000003,2.0,0.820762064705975,0.0,0.0,0,0,9,1,,,0,1,PASS_THROUGH,-1,0.7445824534123283,-0.6674983747262472,0.006549031096011106,0.9,0,0.854050238115754,-0.520126424833796,0.008166576028996831,4.5,0.9,0,0,0,BYPASS_VISIBLE,1,0,1,0,1
1787562539431286784,1787562539453554688,joint_v2_000008_af4e508d,3221,342,0.03333333333333333,11.4,22.267818450927734,frame_id_exact,1,,0.7442351579666138,18.93488883972168,1.9485586881637573,-0.10302703574604685,0.03969822449745839,0.13374256213352162,0.9848463879971806,-0.37785470485687256,0.7399296760559082,-0.15148602426052094,0.8295137468564927,0.15825807572318723,-0.008913152160215126,0.25959707745463356,-1.069549322128296,depth/003221.png,1.0,0.10575150547184262,0.19231292352821766,-0.9756189617542643,0.8295137468564927,0.15825807572318723,-0.008913152160215126,-1.069549322128296,0.873110873711422,-0.48743791110600115,0.009037976736821388,4.5,0.9,1.0,0.0,0.051441311836242676,-0.9792845875207168,1.0,0.0,0.051441311836242676,-0.9792845875207168,local_avoidance,SAFE_PROGRESSING,NONE,DIRECT_LOCAL,PASS_THROUGH,0,10,0,0,0,0,1,1.0,5.691452002900812,inf,0.0,1,0,0,CLEAR,none,nan,0.0,0.0,0,0,0,0,0.0,0,0,1,0,2.0,1.0,"0.757,18.911;0.743,19.103;0.778,19.320;0.827,19.534;0.883,19.747;0.942,19.959;1.004,20.170;1.067,20.381;1.131,20.591;1.195,20.802;1.259,21.012;1.322,21.223;1.353,21.329",2.1500000000000004,24.450000000000003,2.0,2.1500000000000004,24.450000000000003,2.0,2.1500000000000004,24.450000000000003,2.0,0.8066552579731945,0.0,0.0,0,0,9,1,,,1,1,PASS_THROUGH,-1,0.8731465359373558,-0.4874578205143454,0.0,0.9,0,0.873110873711422,-0.48743791110600115,0.009037976736821388,4.5,0.9,0,0,0,BYPASS_VISIBLE,1,0,1,1,1
1787562539481607424,1787562539497295104,joint_v2_000008_af4e508d,3222,343,0.03333333333333333,11.433333333333334,15.687704086303711,frame_id_exact,1,,0.7319658398628235,18.960651397705078,1.9433598518371582,-0.08334460443112104,0.04976644630650629,0.11424239346470912,0.9886989699952643,-0.35664302110671997,0.804229736328125,-0.15904884040355682,0.8799930763188036,0.1518805104617077,-0.04267016645279463,0.22091632544839257,-1.0732533931732178,depth/003222.png,1.0,0.11745104259229612,0.1534345732308478,-0.9811539554684832,0.8799930763188036,0.1518805104617077,-0.04267016645279463,-1.0732533931732178,0.8898354936823247,-0.4561721157854967,0.009989742885416444,4.5,0.9,1.0,0.0,0.0566401481628418,-0.9821612670399887,1.0,0.0,0.0566401481628418,-0.9821612670399887,local_avoidance,SAFE_PROGRESSING,NONE,DIRECT_LOCAL,PASS_THROUGH,0,10,0,0,0,0,1,1.0,5.6695475090022125,inf,0.0,1,0,0,CLEAR,none,nan,0.0,0.0,0,0,0,0,0.0,0,0,1,0,2.0,1.0,"0.757,18.911;0.743,19.103;0.778,19.320;0.827,19.534;0.883,19.747;0.942,19.959;1.004,20.170;1.067,20.381;1.131,20.591;1.195,20.802;1.259,21.012;1.322,21.223;1.353,21.329",2.1500000000000004,24.450000000000003,2.0,2.1500000000000004,24.450000000000003,2.0,2.1500000000000004,24.450000000000003,2.0,0.7911094607881699,0.0,0.0,0,0,9,1,,,0,1,PASS_THROUGH,-1,0.873110873711422,-0.48743791110600115,0.009037976736821388,0.9,0,0.8898354936823247,-0.4561721157854967,0.009989742885416444,4.5,0.9,0,0,0,BYPASS_VISIBLE,1,0,1,1,1
1787562539524026624,1787562539539624704,joint_v2_000008_af4e508d,3223,344,0.03333333333333333,11.466666666666667,15.598058700561523,frame_id_exact,1,,0.7205506563186646,18.988367080688477,1.9380584955215454,-0.06091836040901031,0.05431852767657556,0.09506752173680535,0.9921192555469072,-0.3272205591201782,0.8562018871307373,-0.15770232677459717,0.9156957726341617,0.14470626827406863,-0.07474180630275581,0.18437212921378823,-1.065704345703125,depth/003223.png,1.0,0.11936362958648469,0.11054870113504277,-0.9866769018322541,0.9156957726341617,0.14470626827406863,-0.07474180630275581,-1.065704345703125,0.9045455827383533,-0.4262357635741537,0.010970988965960382,4.5,0.9,1.0,0.0,0.06194150447845459,-0.7542289280131492,1.0,0.0,0.06194150447845459,-0.7542289280131492,local_avoidance,SAFE_PROGRESSING,NONE,DIRECT_LOCAL,PASS_THROUGH,0,10,0,0,0,0,1,1.0,5.645596476144779,inf,0.0,1,0,0,CLEAR,none,nan,0.0,0.0,0,0,0,0,25.230533167320946,0,0,1,0,2.0,1.0,"0.721,18.988;0.714,19.198;0.752,19.415;0.803,19.629;0.860,19.841;0.921,20.053;0.985,20.263;1.050,20.473;1.116,20.683;1.183,20.893;1.248,21.103;1.313,21.313;1.345,21.418",2.1500000000000004,24.450000000000003,2.0,2.1500000000000004,24.450000000000003,2.0,2.1500000000000004,24.450000000000003,2.0,0.7744279317656304,0.0,0.0,0,0,9,1,,,0,1,PASS_THROUGH,-1,0.873110873711422,-0.48743791110600115,0.009037976736821388,0.9,0,0.9045455827383533,-0.4262357635741537,0.010970988965960382,4.5,0.9,0,0,0,BYPASS_VISIBLE,1,0,1,1,1
1787562539569870848,1787562539586747648,joint_v2_000008_af4e508d,3224,345,0.03333333333333333,11.5,16.876697540283203,frame_id_exact,1,,0.7102012038230896,19.017566680908203,1.9329384565353394,-0.03781732963068881,0.05410749136032004,0.07631080504444397,0.9948964217403568,-0.29332682490348816,0.8932684659957886,-0.14841066300868988,0.9359919169003542,0.13937748518977633,-0.10241070043937783,0.14926378523665776,-1.0455435514450073,depth/003224.png,1.0,0.11343444082495728,0.06699067940941308,-0.9912844579165935,0.9359919169003542,0.13937748518977633,-0.10241070043937783,-1.0455435514450073,0.9177140909747605,-0.3970623111462535,0.011931818535520264,4.5,0.9,0.9333333334,0.0,0.06706154346466064,-0.48756226161314925,0.9333333334,0.0,0.06706154346466064,-0.48756226161314925,local_avoidance,SAFE_HOLD,NONE,DIRECT_LOCAL,PASS_THROUGH,0,9,0,0,0,0,1,0.9333333334,5.6199957597716415,0.6167832330563228,0.0,1,1,1,CURRENT_OCCUPIED,current,0.3,1.0500000000000005,19.75,0,0,1,0,23.39642204228406,0,0,0,0,0.0,0.0,,2.1500000000000004,24.450000000000003,2.0,2.1500000000000004,24.450000000000003,2.0,2.1500000000000004,24.450000000000003,2.0,0.756981939926944,0.0,0.3568686833026414,0,0,9,1,,,0,1,PASS_THROUGH,-1,0.873110873711422,-0.48743791110600115,0.009037976736821388,0.9,0,0.9177140909747605,-0.3970623111462535,0.011931818535520264,4.5,0.9,0,0,0,BYPASS_VISIBLE,1,0,1,1,1
1787562539975482112,1787562539992422656,joint_v2_000008_af4e508d,3225,346,0.03333333333333333,11.533333333333333,16.94035530090332,frame_id_exact,1,,0.7010058164596558,19.047744750976562,1.9282294511795044,-0.015583382547351612,0.050704807304055834,0.05822779458322568,0.9968930256765844,-0.2584785521030426,0.9145954847335815,-0.13337670266628265,0.9417221099826393,0.13693753866666403,-0.12447082180267056,0.11538051971888967,-0.9963830709457397,depth/003225.png,1.0,0.10290930953513482,0.025165072547644846,-0.994372361409283,0.9417221099826393,0.13693753866666403,-0.12447082180267056,-0.9963830709457397,0.929537286669768,-0.3685048253161777,0.012830682339573279,4.5,0.9,0.8666666668,0.0,0.0717705488204956,-0.22089559521314928,0.8666666668,0.0,0.0717705488204956,-0.22089559521314928,local_avoidance,SAFE_HOLD,NONE,DIRECT_LOCAL,PASS_THROUGH,0,9,0,0,0,0,1,0.8666666668,5.593205335005596,0.6028308736453124,0.0,1,1,1,CURRENT_OCCUPIED,current,0.25,1.0500000000000005,19.75,0,0,0,0,21.625305255504276,0,0,0,0,0.0,0.0,,2.1500000000000004,24.450000000000003,2.0,2.1500000000000004,24.450000000000003,2.0,2.1500000000000004,24.450000000000003,2.0,0.7391947928512903,0.0,0.37589190410911877,0,0,9,1,,,0,1,PASS_THROUGH,-1,0.873110873711422,-0.48743791110600115,0.009037976736821388,0.9,0,0.929537286669768,-0.3685048253161777,0.012830682339573279,4.5,0.9,0,0,0,BYPASS_VISIBLE,1,0,1,1,1
1787562540430508544,1787562540447164160,joint_v2_000008_af4e508d,3226,347,0.03333333333333333,11.566666666666666,16.655445098876953,frame_id_exact,1,,0.6929551959037781,19.078365325927734,1.9241024255752563,0.007455211117253339,0.04619801665362668,0.041200597854342484,0.9980544443169987,-0.22487536072731018,0.9197813272476196,-0.113606758415699,0.9327723881998924,0.13646822907151449,-0.1441707586139005,0.08337641142952244,-0.911721408367157,depth/003226.png,1.0,0.09160195336924332,-0.018688184989420965,-0.9956203261689368,0.9327723881998924,0.13646822907151449,-0.1441707586139005,-0.911721408367157,0.9398836125439972,-0.34122261561173683,0.013635302208981123,4.5,0.9,0.8000000002000001,0.0,0.07589757442474365,0.0,0.8000000002000001,0.0,0.07589757442474365,0.0,local_avoidance,SAFE_HOLD,NONE,DIRECT_LOCAL,PASS_THROUGH,0,9,0,0,0,0,1,0.8000000002000001,5.565737923477828,0.5890689975920949,0.0,1,1,1,CURRENT_OCCUPIED,current,0.25,1.0500000000000005,19.75,0,0,0,0,19.953313692757277,0,0,0,0,0.0,0.0,,2.1500000000000004,24.450000000000003,2.0,2.1500000000000004,24.450000000000003,2.0,2.1500000000000004,24.450000000000003,2.0,0.7215010871578069,0.0,0.38862565630278456,0,0,9,1,,,0,1,PASS_THROUGH,-1,0.873110873711422,-0.48743791110600115,0.009037976736821388,0.9,0,0.9398836125439972,-0.34122261561173683,0.013635302208981123,4.5,0.9,0,0,0,BYPASS_VISIBLE,1,0,1,1,1
1787562540877057024,1787562540894912768,joint_v2_000008_af4e508d,3227,348,0.03333333333333333,11.6,17.85564422607422,frame_id_exact,1,,0.6859940886497498,19.10887336730957,1.9207383394241333,0.031545892092752416,0.042009391920052305,0.025775071789869958,0.9982863884461247,-0.19314424693584442,0.9076683521270752,-0.08741336315870285,0.9083885224851987,0.13590028838533597,-0.1586475258872641,0.05432293197173787,-0.7960137128829956,depth/003227.png,1.0,0.08224861301464129,-0.0651492595603462,-0.9944801353651598,0.9083885224851987,0.13590028838533597,-0.1586475258872641,-0.7960137128829956,0.9485538279831127,-0.31629234061747674,0.014310509610120129,4.5,0.9,0.7333333336000001,0.0,0.0792616605758667,0.0,0.7333333336000001,0.0,0.0792616605758667,0.0,local_avoidance,SAFE_HOLD,NONE,DIRECT_LOCAL,PASS_THROUGH,0,9,0,0,0,0,1,0.7333333336000001,5.538135698491282,0.5719204573773563,0.0,1,1,1,CURRENT_OCCUPIED,current,0.2,1.0500000000000005,19.75,0,0,0,0,18.440805216038196,0,0,0,0,0.0,0.0,,2.1500000000000004,24.450000000000003,2.0,2.1500000000000004,24.450000000000003,2.0,2.1500000000000004,24.450000000000003,2.0,0.7043354332352656,0.0,0.3985417807074721,0,0,9,1,,,1,1,PASS_THROUGH,-1,0.9486509703980025,-0.31632473245531695,0.0,0.9,0,0.9485538279831127,-0.31629234061747674,0.014310509610120129,4.5,0.9,0,0,0,BYPASS_VISIBLE,1,0,1,1,0
1787562541724328704,1787562541740823040,joint_v2_000008_af4e508d,3228,349,0.03333333333333333,11.633333333333333,16.494274139404297,frame_id_exact,1,,0.680052638053894,19.1386775970459,1.9182876348495483,0.05537205224245096,0.03898577355947464,0.01247221887585148,0.9976264276004028,-0.1637342870235443,0.8778378367424011,-0.0600011833012104,0.868862012592317,0.13296601240203706,-0.16854426415978085,0.029292477956783115,-0.6640716195106506,depth/003228.png,1.0,0.07640525129640799,-0.11145372353683475,-0.9908280905808573,0.868862012592317,0.13296601240203706,-0.16854426415978085,-0.6640716195106506,0.955440541091247,-0.29481108363313296,0.014825565969742424,4.5,0.9,0.6666666670000001,0.0,0.08171236515045166,0.0,0.6666666670000001,0.0,0.08171236515045166,0.0,local_avoidance,SAFE_HOLD,NONE,DIRECT_LOCAL,PASS_THROUGH,0,8,0,0,0,0,1,0.6666666670000001,5.510979124893732,0.5532153014720583,0.0,1,1,1,CURRENT_OCCUPIED,current,0.2,1.0500000000000005,19.75,0,0,0,0,17.148152487166513,0,0,0,0,0.0,0.0,,2.1500000000000004,24.450000000000003,2.0,2.1500000000000004,24.450000000000003,2.0,2.1500000000000004,24.450000000000003,2.0,0.6880802545855864,0.0,0.40382907855193334,0,0,9,1,,,0,1,PASS_THROUGH,-1,0.9485538279831127,-0.31629234061747674,0.014310509610120129,0.9,0,0.955440541091247,-0.29481108363313296,0.014825565969742424,4.5,0.9,0,0,0,BYPASS_VISIBLE,1,0,1,1,0
1787562542145639936,1787562542163653376,joint_v2_000008_af4e508d,3229,350,0.03333333333333333,11.666666666666666,18.013477325439453,frame_id_exact,1,,0.6750569343566895,19.167207717895508,1.91671621799469,0.07695509553037772,0.03758321229015879,0.001541053435908086,0.9963247666198864,-0.1362760215997696,0.8314172029495239,-0.03492450341582298,0.8158364703833993,0.1259207954300687,-0.17204722384545507,0.008880114492123243,-0.5346171259880066,depth/003229.png,1.0,0.07465298659888077,-0.15346037066589371,-0.9853308308517266,0.8158364703833993,0.1259207954300687,-0.17204722384545507,-0.5346171259880066,0.9606277485930176,-0.2774235319900805,0.015182639140120592,4.5,0.9,0.6000000004000001,0.0,0.08328378200531006,0.0,0.6000000004000001,0.0,0.08328378200531006,0.0,local_avoidance,SAFE_HOLD,NONE,DIRECT_LOCAL,PASS_THROUGH,0,8,0,0,0,0,1,0.6000000004000001,5.484829199050059,0.5358285488034115,0.0,1,1,1,HISTORY_OCCUPIED,history,0.2,1.0500000000000005,19.75,1,0,0,0,16.10840026341379,0,0,0,0,0.0,0.0,,2.1500000000000004,24.450000000000003,2.0,2.1500000000000004,24.450000000000003,2.0,2.1500000000000004,24.450000000000003,2.0,0.6730252100099108,0.0,0.4019495268784544,0,0,9,1,,,0,1,PASS_THROUGH,-1,0.9485538279831127,-0.31629234061747674,0.014310509610120129,0.9,0,0.9606277485930176,-0.2774235319900805,0.015182639140120592,4.5,0.9,0,0,0,BYPASS_VISIBLE,1,0,1,1,0
1787562542570181632,1787562542586903808,joint_v2_000008_af4e508d,3230,351,0.03333333333333333,11.7,16.72220230102539,frame_id_exact,1,,0.6709542870521545,19.19394874572754,1.9159178733825684,0.09396516090504194,0.03745836473095246,-0.00705458579967669,0.9948455419144058,-0.11002793908119202,0.7711966633796692,-0.01384356152266264,0.752601567367557,0.11405407227814097,-0.16620660207912932,-0.007017159493254695,-0.4178334176540375,depth/003230.png,1.0,0.07585634489955381,-0.18643313634748138,-0.979534838895545,0.752601567367557,0.11405407227814097,-0.16620660207912932,-0.4178334176540375,0.9643763810487782,-0.2640854384025191,0.015397301679546354,4.5,0.9,0.5333333338000001,0.0,0.08408212661743164,0.0,0.5333333338000001,0.0,0.08408212661743164,0.0,local_avoidance,SAFE_HOLD,NONE,DIRECT_LOCAL,PASS_THROUGH,0,8,0,0,0,0,1,0.5333333338000001,5.460187818063454,0.5200462942595918,0.0,1,1,1,HISTORY_OCCUPIED,history,0.15000000000000002,1.0500000000000005,19.75,2,0,0,0,15.314476448510757,0,0,0,0,0.0,0.0,,2.1500000000000004,24.450000000000003,2.0,2.1500000000000004,24.450000000000003,2.0,2.1500000000000004,24.450000000000003,2.0,0.6593236442382009,0.0,0.39354179395218253,0,0,9,1,,,0,1,PASS_THROUGH,-1,0.9485538279831127,-0.31629234061747674,0.014310509610120129,0.9,0,0.9643763810487782,-0.2640854384025191,0.015397301679546354,4.5,0.9,0,0,0,BYPASS_VISIBLE,1,0,1,1,0
1787562542990704128,1787562543010647808,joint_v2_000008_af4e508d,3231,352,0.03333333333333333,11.733333333333333,19.943714141845703,frame_id_exact,1,,0.6677136421203613,19.218515396118164,1.9157400131225586,0.1044750040971413,0.03764258365701467,-0.013560461114022952,0.9937223572552356,-0.08452679961919785,0.7015496492385864,0.002222830895334482,0.6834931560647237,0.09781801354822585,-0.1503009415007085,-0.019144210988810077,-0.31729304790496826,depth/003231.png,1.0,0.0776460123905454,-0.2066173931074987,-0.975336018829054,0.6834931560647237,0.09781801354822585,-0.1503009415007085,-0.31729304790496826,0.9670513029822971,-0.2541096215112253,0.015494439507867091,4.5,0.9,0.46666666720000016,0.0,0.0842599868774414,0.0,0.46666666720000016,0.0,0.0842599868774414,0.0,local_avoidance,SAFE_HOLD,NONE,DIRECT_LOCAL,PASS_THROUGH,0,8,0,0,0,0,1,0.46666666720000016,5.437426230065912,0.5059890335092033,0.0,1,1,1,HISTORY_OCCUPIED,history,0.15000000000000002,1.0500000000000005,19.75,3,0,0,0,14.722639799897406,0,0,0,0,0.0,0.0,,2.1500000000000004,24.450000000000003,2.0,2.1500000000000004,24.450000000000003,2.0,2.1500000000000004,24.450000000000003,2.0,0.647004831256655,0.0,0.3800322983268923,0,0,9,1,,,0,1,PASS_THROUGH,-1,0.9485538279831127,-0.31629234061747674,0.014310509610120129,0.9,0,0.9670513029822971,-0.2541096215112253,0.015494439507867091,4.5,0.9,0,0,0,BYPASS_VISIBLE,1,0,1,1,0
1787562543413351424,1787562543429935360,joint_v2_000008_af4e508d,3232,353,0.03333333333333333,11.766666666666667,16.583919525146484,frame_id_exact,1,,0.6653097867965698,19.24067497253418,1.9160146713256836,0.10756542099991097,0.03687464883937995,-0.0183481561217525,0.9933444949487645,-0.05989430844783783,0.6276649236679077,0.01358035858720541,0.6129430700133083,0.0786400859015145,-0.12590290123307468,-0.028608487166023926,-0.23293918371200562,depth/003232.png,1.0,0.07720571313115066,-0.2123458739665361,-0.9741398809561687,0.6129430700133083,0.0786400859015145,-0.12590290123307468,-0.23293918371200562,0.9690338881844461,-0.24644063336348787,0.01550283127488269,4.5,0.9,0.4000000006000002,0.0,0.0839853286743164,0.0,0.4000000006000002,0.0,0.0839853286743164,0.0,local_avoidance,SAFE_HOLD,NONE,DIRECT_LOCAL,PASS_THROUGH,0,8,0,0,0,0,1,0.4000000006000002,5.416767695864744,0.4936279294683718,0.0,1,1,1,HISTORY_OCCUPIED,history,0.1,1.0500000000000005,19.75,4,0,0,0,14.26873777899921,0,0,0,0,0.0,0.0,,2.1500000000000004,24.450000000000003,2.0,2.1500000000000004,24.450000000000003,2.0,2.1500000000000004,24.450000000000003,2.0,0.6359921194395024,0.0,0.3634639068446684,0,0,9,1,,,0,1,PASS_THROUGH,-1,0.9485538279831127,-0.31629234061747674,0.014310509610120129,0.9,0,0.9690338881844461,-0.24644063336348787,0.01550283127488269,4.5,0.9,0,0,0,BYPASS_VISIBLE,1,0,1,1,0
1787562543840629760,1787562543857485824,joint_v2_000008_af4e508d,3233,354,0.03333333333333333,11.8,16.855955123901367,frame_id_exact,1,,0.6637024283409119,19.260374069213867,1.9166088104248047,0.1037131727094286,0.034075221564085385,-0.021824265855801803,0.993783758421196,-0.03692600131034851,0.5545889139175415,0.02164611406624317,0.5446969544341166,0.058505713240845386,-0.09634965809776805,-0.03641229932543088,-0.163456991314888,depth/003233.png,1.0,0.07225373121790203,-0.20464959975690525,-0.9761649141638055,0.5446969544341166,0.058505713240845386,-0.09634965809776805,-0.163456991314888,0.9706202694958785,-0.24012021125877536,0.015445924666049672,4.5,0.9,0.3333333340000002,0.0,0.08339118957519531,0.0,0.3333333340000002,0.0,0.08339118957519531,0.0,local_avoidance,SAFE_HOLD,NONE,DIRECT_LOCAL,PASS_THROUGH,0,8,0,0,0,0,1,0.3333333340000002,5.39826803456512,0.4828136220669865,0.0,1,1,1,HISTORY_OCCUPIED,history,0.1,1.0500000000000005,19.75,5,0,0,0,13.8953263585198,0,0,0,0,0.0,0.0,,2.1500000000000004,24.450000000000003,2.0,2.1500000000000004,24.450000000000003,2.0,2.1500000000000004,24.450000000000003,2.0,0.626157626899424,0.0,0.34613227418411996,0,0,9,1,,,1,1,PASS_THROUGH,-1,0.9707360738539,-0.24014885991550214,0.0,0.9,0,0.9706202694958785,-0.24012021125877536,0.015445924666049672,4.5,0.9,0,0,0,BYPASS_VISIBLE,1,0,1,1,0
1787562544587087616,1787562544604041216,joint_v2_000008_af4e508d,3234,355,0.03333333333333333,11.833333333333334,16.953468322753906,frame_id_exact,1,,0.662814736366272,19.277708053588867,1.9174352884292603,0.09475191191157689,0.02869683878795445,-0.02435375445761323,0.9947891541811749,-0.01695658639073372,0.486455500125885,0.0277574323117733,0.4814238493669499,0.039546594850347914,-0.06606132431116404,-0.04311103198360701,-0.10742941498756409,depth/003234.png,1.0,0.061709737565253366,-0.18711859708403042,-0.9803971332653578,0.4814238493669499,0.039546594850347914,-0.06606132431116404,-0.10742941498756409,0.9719638349303481,-0.23462950117862866,0.015339516425189324,4.5,0.9,0.2666666674000002,0.0,0.08256471157073975,0.0,0.2666666674000002,0.0,0.08256471157073975,0.0,local_avoidance,SAFE_HOLD,NONE,DIRECT_LOCAL,PASS_THROUGH,0,8,0,0,0,0,1,0.2666666674000002,5.381851353138511,0.4733448346137132,0.0,1,1,1,HISTORY_OCCUPIED,history,0.1,1.0500000000000005,19.75,6,0,0,0,13.571411468587687,0,0,0,0,0.0,0.0,,2.1500000000000004,24.450000000000003,2.0,2.1500000000000004,24.450000000000003,2.0,2.1500000000000004,24.450000000000003,2.0,0.6173621644910459,0.0,0.3300919594894784,0,0,9,1,,,0,1,PASS_THROUGH,-1,0.9706202694958785,-0.24012021125877536,0.015445924666049672,0.9,0,0.9719638349303481,-0.23462950117862866,0.015339516425189324,4.5,0.9,0,0,0,BYPASS_VISIBLE,1,0,1,1,0
1787562545015156480,1787562545032116992,joint_v2_000008_af4e508d,3235,356,0.03333333333333333,11.866666666666667,16.96038246154785,frame_id_exact,1,,0.6625217199325562,19.292892456054688,1.9184480905532837,0.08347930606008785,0.020891192858020977,-0.02621532380869479,0.9959455408396086,-0.0014889596495777369,0.4257412552833557,0.032958000898361206,0.42458354076349314,0.0237477632116581,-0.03884487005358751,-0.048801088772848014,-0.06386329978704453,depth/003235.png,1.0,0.04598985481891322,-0.165186346474813,-0.9851895270413903,0.42458354076349314,0.0237477632116581,-0.03884487005358751,-0.06386329978704453,0.9730938798327761,-0.22990757639002923,0.015192345126995252,4.5,0.9,0.20000000080000024,0.0,0.08155190944671631,0.0,0.20000000080000024,0.0,0.08155190944671631,0.0,local_avoidance,SAFE_HOLD,NONE,DIRECT_LOCAL,PASS_THROUGH,0,8,0,0,0,0,1,0.20000000080000024,5.367341041287584,0.46502011427207746,0.0,1,1,1,HISTORY_OCCUPIED,history,0.1,1.0500000000000005,19.75,7,0,0,0,13.29319274614509,1,1,0,0,0.0,0.0,,2.1500000000000004,24.450000000000003,2.0,2.1500000000000004,24.450000000000003,2.0,2.1500000000000004,24.450000000000003,2.0,0.6095072415012959,0.0,0.3166124286173777,0,0,9,1,,,0,1,PASS_THROUGH,-1,0.9706202694958785,-0.24012021125877536,0.015445924666049672,0.9,0,0.9730938798327761,-0.22990757639002923,0.015192345126995252,4.5,0.9,0,0,0,BYPASS_VISIBLE,1,0,1,1,0
1787562545429891072,1787562545445487360,joint_v2_000008_af4e508d,3236,357,0.03333333333333333,11.9,15.596151351928711,frame_id_exact,1,,0.6626513004302979,19.306184768676758,1.919627070426941,0.07305584882026547,0.01150183267083997,-0.027588860641006772,0.996879835068848,0.00822842214256525,0.3728993833065033,0.03774933144450188,0.37429216607165106,0.012688975805178209,-0.017059699183771947,-0.053369731764301334,-0.031985070556402206,depth/003236.png,1.0,0.0269629453760184,-0.14502116012817792,-0.989061101596725,0.37429216607165106,0.012688975805178209,-0.017059699183771947,-0.031985070556402206,0.9739867075851105,-0.22610757716068725,0.015008564156509507,4.5,0.9,0.13333333420000026,0.0,0.08037292957305908,0.0,0.13333333420000026,0.0,0.08037292957305908,0.0,local_avoidance,SAFE_HOLD,NONE,DIRECT_LOCAL,PASS_THROUGH,0,8,0,0,0,0,1,0.13333333420000026,5.354534647203685,0.4576951846846831,0.0,1,1,0,HISTORY_OCCUPIED,history,0.05,1.0500000000000005,19.75,8,0,0,0,13.069514377834453,2,2,0,0,0.0,0.0,,2.1500000000000004,24.450000000000003,2.0,2.1500000000000004,24.450000000000003,2.0,2.1500000000000004,24.450000000000003,2.0,0.6025562875473915,0.0,0.30586874996534835,0,0,9,1,,,0,1,PASS_THROUGH,-1,0.9706202694958785,-0.24012021125877536,0.015445924666049672,0.9,0,0.9739867075851105,-0.22610757716068725,0.015008564156509507,4.5,0.9,0,0,0,BYPASS_VISIBLE,1,0,1,1,0
1787562545823840000,1787562545839461120,joint_v2_000008_af4e508d,3237,358,0.03333333333333333,11.933333333333334,15.621185302734375,frame_id_exact,1,,0.6629993915557861,19.317825317382812,1.9209593534469604,0.06632447196528084,0.0018884698313037312,-0.028565469801197448,0.997387343029407,0.01159690972417593,0.3263760805130005,0.04207167774438858,0.32919738944419513,0.00725570072393766,-0.0015145641414259364,-0.05676326979964935,-0.010717108845710754,depth/003237.png,1.0,0.007556251216879635,-0.13219448768668654,-0.9911949962004458,0.32919738944419513,0.00725570072393766,-0.0015145641414259364,-0.010717108845710754,0.9746305361797803,-0.22333057300554301,0.014790980593919617,4.5,0.9,0.06666666760000027,0.0,0.07904064655303955,0.0,0.06666666760000027,0.0,0.07904064655303955,0.0,local_avoidance,SAFE_HOLD,NONE,DIRECT_LOCAL,PASS_THROUGH,0,8,0,0,0,0,1,0.06666666760000027,5.343256290167104,0.45130317324896374,0.0,1,1,0,HISTORY_OCCUPIED,history,0.05,1.0500000000000005,19.75,9,0,0,0,12.90616545811561,3,3,0,0,0.0,0.0,,2.1500000000000004,24.450000000000003,2.0,2.1500000000000004,24.450000000000003,2.0,2.1500000000000004,24.450000000000003,2.0,0.5965410266667683,0.0,0.29701405900508643,0,0,9,1,,,0,1,PASS_THROUGH,-1,0.9706202694958785,-0.24012021125877536,0.015445924666049672,0.9,0,0.9746305361797803,-0.22333057300554301,0.014790980593919617,4.5,0.9,0,0,0,BYPASS_VISIBLE,1,0,1,1,0
1787562546217555456,1787562546234773504,joint_v2_000008_af4e508d,3238,359,0.03333333333333333,11.966666666666667,17.21787452697754,frame_id_exact,1,,0.6633569598197937,19.327978134155273,1.9224220514297485,0.06519294243397634,-0.0063859856603687565,-0.029171204855694542,0.9974257567614809,0.008934729732573032,0.28301745653152466,0.04549206420779228,0.2865757631162507,0.007379774245922579,0.008252813415511817,-0.059061552186190656,0.0016408483497798443,depth/003238.png,1.0,-0.008935579802148494,-0.13042281367724134,-0.9914181988878916,0.2865757631162507,0.007379774245922579,0.008252813415511817,0.0016408483497798443,0.9750417741303541,-0.22154459368791826,0.01454412968817967,4.5,0.9,1.0000002743760626e-09,0.0,0.07757794857025146,0.0,1.0000002743760626e-09,0.0,0.07757794857025146,0.0,local_avoidance,SAFE_HOLD,NONE,DIRECT_LOCAL,PASS_THROUGH,0,8,0,0,0,0,1,1.0000002743760626e-09,5.333405621468122,0.44585485242729733,0.0,1,1,0,HISTORY_OCCUPIED,history,0.05,1.0500000000000005,19.75,10,0,0,0,12.801147601713657,4,4,0,0,0.0,0.0,,2.1500000000000004,24.450000000000003,2.0,2.1500000000000004,24.450000000000003,2.0,2.1500000000000004,24.450000000000003,2.0,0.5915533843450533,0.0,0.2885405051842387,0,0,9,1,,,0,1,PASS_THROUGH,-1,0.9706202694958785,-0.24012021125877536,0.015445924666049672,0.9,0,0.9750417741303541,-0.22154459368791826,0.01454412968817967,4.5,0.9,0,0,0,BYPASS_VISIBLE,1,0,1,1,0
1787562546611821568,1787562546629673728,joint_v2_000008_af4e508d,3239,360,0.03333333333333333,12.0,17.852067947387695,frame_id_exact,1,,0.6635417938232422,19.336685180664062,1.9239755868911743,0.07022370626327025,-0.011937122512103741,-0.029399537105687622,0.9970264807931394,0.001523745246231556,0.2388278692960739,0.04740070179104805,0.24281707335257785,0.01194825869058384,0.013601745664198757,-0.06034907110830897,0.0072551509365439415,depth/003239.png,1.0,-0.019674165582106863,-0.14073168120029841,-0.989852272369562,0.24281707335257785,0.01194825869058384,0.013601745664198757,0.0072551509365439415,0.9752368385300901,-0.22070188105095723,0.014275450059600464,4.5,0.9,0.0,0.0,0.07602441310882568,0.0,0.0,0.0,0.07602441310882568,0.0,local_avoidance,SAFE_HOLD,NONE,DIRECT_LOCAL,PASS_THROUGH,0,8,0,0,0,0,1,0.0,5.324992623502005,0.4414217453520859,0.0,1,1,0,HISTORY_OCCUPIED,history,0.05,1.0500000000000005,19.75,11,0,0,0,12.751582441655593,5,5,0,0,0.0,0.0,,2.1500000000000004,24.450000000000003,2.0,2.1500000000000004,24.450000000000003,2.0,2.1500000000000004,24.450000000000003,2.0,0.5877210481457842,0.0,0.2787542390740702,0,0,9,1,,,1,1,PASS_THROUGH,-1,0.9753362247344237,-0.2207243727384944,0.0,0.9,0,0.9752368385300901,-0.22070188105095723,0.014275450059600464,4.5,0.9,0,0,0,BYPASS_VISIBLE,1,0,1,1,0
1787562547381196288,1787562547398206976,joint_v2_000008_af4e508d,3240,361,0.03333333333333333,12.033333333333333,17.01068878173828,frame_id_exact,1,,0.663428544998169,19.34385108947754,1.9255512952804565,0.07911606628281011,-0.013851648672715032,-0.029267540410453593,0.9963393954688855,-0.008559993468225002,0.19023185968399048,0.046549007296562195,0.19442036682637945,0.018984196161509193,0.016387961023211616,-0.06056557513290535,0.008027792908251286,depth/003240.png,1.0,-0.02297082119554403,-0.1584637146787428,-0.9870975597699634,0.19442036682637945,0.018984196161509193,0.016387961023211616,0.008027792908251286,0.9752009094233435,-0.22087836605483283,0.013997630829220353,4.5,0.9,0.0,0.0,0.07444870471954346,0.0,0.0,0.0,0.07444870471954346,0.0,local_avoidance,SAFE_HOLD,NONE,DIRECT_LOCAL,PASS_THROUGH,0,8,0,0,0,0,1,0.0,5.3181436034819525,0.49311727330962984,0.0,1,1,0,HISTORY_OCCUPIED,history,0.05,1.0500000000000005,19.75,12,0,0,0,12.76190028228536,6,6,0,0,0.0,0.0,,2.1500000000000004,24.450000000000003,2.0,2.1500000000000004,24.450000000000003,2.0,2.1500000000000004,24.450000000000003,2.0,0.585147829234403,0.0,0.1742157175540257,0,0,9,1,,,0,1,PASS_THROUGH,-1,0.9752368385300901,-0.22070188105095723,0.014275450059600464,0.9,0,0.9752009094233435,-0.22087836605483283,0.013997630829220353,4.5,0.9,0,0,0,BYPASS_VISIBLE,1,0,1,1,0
1787562547791340288,1787562547807941376,joint_v2_000008_af4e508d,3241,362,0.03333333333333333,12.066666666666666,16.601085662841797,frame_id_exact,1,,0.6629694700241089,19.34930992126465,1.9270529747009277,0.08488116417193678,-0.011859955376537825,-0.02889577312535812,0.995901382528798,-0.018790775910019875,0.13665753602981567,0.0433054156601429,0.14076765777779415,0.026083974471928898,0.02019473292817432,-0.05961379464455957,0.005211441777646542,depth/003241.png,1.0,-0.01871727818739062,-0.16975194265864604,-0.9853090588545665,0.14076765777779415,0.026083974471928898,0.02019473292817432,0.005211441777646542,0.9749117068566312,-0.22216815943924084,0.01372853835154922,4.5,0.9,0.0,0.0,0.07294702529907227,0.0,0.0,0.0,0.07294702529907227,0.0,local_avoidance,SAFE_HOLD,NONE,DIRECT_LOCAL,PASS_THROUGH,0,8,0,0,0,0,1,0.0,5.3130310629987525,0.49010932921470973,0.0,1,1,0,HISTORY_OCCUPIED,history,0.05,1.0500000000000005,19.75,13,0,0,0,12.837641907342395,7,7,0,0,0.0,0.0,,2.1500000000000004,24.450000000000003,2.0,2.1500000000000004,24.450000000000003,2.0,2.1500000000000004,24.450000000000003,2.0,0.5838409451210176,0.0,0.1583877569013982,0,0,9,1,,,0,1,PASS_THROUGH,-1,0.9752368385300901,-0.22070188105095723,0.014275450059600464,0.9,0,0.9749117068566312,-0.22216815943924084,0.01372853835154922,4.5,0.9,0,0,0,BYPASS_VISIBLE,1,0,1,1,0
1787562548180314624,1787562548196788224,joint_v2_000008_af4e508d,3242,363,0.03333333333333333,12.1,16.473770141601562,frame_id_exact,1,,0.6622021794319153,19.35294532775879,1.9284294843673706,0.08228830097170405,-0.006603781103615254,-0.028431067014697494,0.9961810578538078,-0.026675697416067123,0.08168881386518478,0.039275072515010834,0.08542223085571904,0.031013313007467184,0.025853497951473448,-0.05776600490475442,0.0003376052191015333,depth/003242.png,1.0,-0.008478034892364632,-0.16432359850818387,-0.9863700511966516,0.08542223085571904,0.031013313007467184,0.025853497951473448,0.0003376052191015333,0.9744288034730004,-0.2242918967043829,0.01347783494953699,4.5,0.9,0.0,0.0,0.0715705156326294,0.0,0.0,0.0,0.0715705156326294,0.0,local_avoidance,SAFE_HOLD,NONE,DIRECT_LOCAL,PASS_THROUGH,0,8,0,0,0,0,1,0.0,5.309755991258274,0.4884962926550122,0.0,1,1,0,HISTORY_OCCUPIED,history,0.05,1.0500000000000005,19.75,14,0,0,0,12.962440531476208,8,8,0,0,0.0,0.0,,2.1500000000000004,24.450000000000003,2.0,2.1500000000000004,24.450000000000003,2.0,2.1500000000000004,24.450000000000003,2.0,0.5836584075871065,0.0,0.1415325280621826,0,0,9,1,,,0,1,PASS_THROUGH,-1,0.9752368385300901,-0.22070188105095723,0.014275450059600464,0.9,0,0.9744288034730004,-0.2242918967043829,0.01347783494953699,4.5,0.9,0,0,0,BYPASS_VISIBLE,1,0,1,1,0
1787562548564479232,1787562548581255168,joint_v2_000008_af4e508d,3243,364,0.03333333333333333,12.133333333333333,16.775846481323242,frame_id_exact,1,,0.6612387895584106,19.35481071472168,1.9296765327453613,0.06944339748526414,0.0005514838038003685,-0.02798338634517401,0.9971931811339138,-0.030305733904242516,0.031389713287353516,0.035796597599983215,0.03430074661385206,0.03218619413961936,0.031187428493083313,-0.05576267746296845,-0.00492674158886075,depth/003243.png,1.0,0.004986394619214305,-0.13846610012546504,-0.9903546208226355,0.03430074661385206,0.03218619413961936,0.031187428493083313,-0.00492674158886075,0.9739187954695157,-0.22650982606988787,0.013246830752932197,4.5,0.9,0.0,0.0,0.07032346725463867,0.2666666664,0.0,0.0,0.07032346725463867,0.2666666664,turn_to_target,TURNING,NONE,TURN_TO_TARGET,PASS_THROUGH,0,8,0,0,0,0,1,0.0,5.308235469017038,inf,0.0,1,1,0,HISTORY_OCCUPIED,history,0.05,1.0500000000000005,19.75,15,0,0,0,13.092846487791423,7,8,0,0,0.0,0.0,,2.1500000000000004,24.450000000000003,2.0,2.1500000000000004,24.450000000000003,2.0,2.1500000000000004,24.450000000000003,2.0,0.5836584075871065,0.0,0.0,0,0,9,1,,,0,1,PASS_THROUGH,-1,0.9752368385300901,-0.22070188105095723,0.014275450059600464,0.9,0,0.9739187954695157,-0.22650982606988787,0.013246830752932197,4.5,0.9,0,0,0,BYPASS_VISIBLE,1,0,1,1,0
1787562548941661696,1787562548958290176,joint_v2_000008_af4e508d,3244,365,0.03333333333333333,12.166666666666666,16.628503799438477,frame_id_exact,1,,0.6602394580841064,19.355167388916016,1.9308329820632935,0.04755904440177359,0.007911024205218293,-0.027553037145167263,0.9984570011451127,-0.02877333201467991,-0.007845121435821056,0.03391923010349274,-0.006195943737793463,0.028925038199762377,0.03413088312253078,-0.05430445798474265,-0.00043216461199335754,depth/003244.png,1.0,0.018418427241838762,-0.09453537621387884,-0.9953511059832292,-0.006195943737793463,0.028925038199762377,0.03413088312253078,-0.00043216461199335754,0.9735447401578706,-0.22812470139102334,0.013029179797682143,4.5,0.9,0.0,0.0,0.06916701793670654,0.5333333328,0.0,0.0,0.06916701793670654,0.5333333328,turn_to_target,TURNING,NONE,TURN_TO_TARGET,PASS_THROUGH,0,8,0,0,0,0,1,0.0,5.308173490685324,inf,0.0,1,1,0,HISTORY_OCCUPIED,history,0.05,1.0500000000000005,19.75,16,0,0,0,13.187829801191059,6,8,0,0,0.0,0.0,,2.1500000000000004,24.450000000000003,2.0,2.1500000000000004,24.450000000000003,2.0,2.1500000000000004,24.450000000000003,2.0,0.5836584075871065,0.0,0.0,0,0,9,1,,,0,1,PASS_THROUGH,-1,0.9752368385300901,-0.22070188105095723,0.014275450059600464,0.9,0,0.9735447401578706,-0.22812470139102334,0.013029179797682143,4.5,0.9,0,0,0,BYPASS_VISIBLE,1,0,1,1,0
1787562549321220352,1787562549337100544,joint_v2_000008_af4e508d,3245,366,0.03333333333333333,12.2,15.880107879638672,frame_id_exact,1,,0.6593757271766663,19.354473114013672,1.9319541454315186,0.020255016071850623,0.013874718763742116,-0.026858175462264197,0.9993377131450581,-0.02230405993759632,-0.031047549098730087,0.033624425530433655,-0.030850951979377764,0.021583113362122017,0.03426968582513619,-0.05316582526067752,0.03015943244099617,depth/003245.png,1.0,0.028819084991075238,-0.03973790361982689,-0.9987944530063123,-0.030850951979377764,0.021583113362122017,0.03426968582513619,0.03015943244099617,0.9732596540285137,-0.22934995201011352,0.01281582432997082,4.5,0.9,0.0,0.0,0.06804585456848145,0.7999999992,0.0,0.0,0.06804585456848145,0.7999999992,turn_to_target,TURNING,NONE,TURN_TO_TARGET,PASS_THROUGH,0,8,0,0,0,0,1,0.0,5.309082309452326,inf,0.0,1,1,0,HISTORY_OCCUPIED,history,0.05,1.0500000000000005,19.75,17,0,0,0,13.259912585391113,5,8,0,0,0.0,0.0,,2.1500000000000004,24.450000000000003,2.0,2.1500000000000004,24.450000000000003,2.0,2.1500000000000004,24.450000000000003,2.0,0.5836584075871065,0.0,0.0,0,0,9,1,,,1,1,PASS_THROUGH,-1,0.9733395905633949,-0.229368789162525,0.0,0.9,0,0.9732596540285137,-0.22934995201011352,0.01281582432997082,4.5,0.9,0,0,0,BYPASS_VISIBLE,1,0,1,1,0
1787562550027950080,1787562550044180992,joint_v2_000008_af4e508d,3246,367,0.03333333333333333,12.233333333333333,16.231060028076172,frame_id_exact,1,,0.6587938070297241,19.353300094604492,1.9330854415893555,-0.007394599430505266,0.017243760438394852,-0.025409601243165974,0.9995010379133525,-0.012149123474955559,-0.03606634587049484,0.03437279909849167,-0.03716804563335481,0.01145698851951125,0.033423728418382474,-0.05110080040964043,0.09381099045276642,depth/003246.png,1.0,0.03409452526564556,0.015658133764831585,-0.9992959452504112,-0.03716804563335481,0.01145698851951125,0.033423728418382474,0.09381099045276642,0.9727766525578839,-0.23140188211407045,0.01259972985201686,4.5,0.9,0.0,0.0,0.06691455841064453,1.0666666656,0.0,0.0,0.06691455841064453,1.0666666656,turn_to_target,TURNING,NONE,TURN_TO_TARGET,PASS_THROUGH,0,8,0,0,0,0,1,0.0,5.310371534611445,inf,0.0,1,1,0,HISTORY_OCCUPIED,history,0.05,1.0500000000000005,19.75,18,0,0,0,13.380702354744576,4,8,0,0,0.0,0.0,,2.1500000000000004,24.450000000000003,2.0,2.1500000000000004,24.450000000000003,2.0,2.1500000000000004,24.450000000000003,2.0,0.5836584075871065,0.0,0.0,0,0,9,1,,,0,1,PASS_THROUGH,-1,0.9732596540285137,-0.22934995201011352,0.01281582432997082,0.9,0,0.9727766525578839,-0.23140188211407045,0.01259972985201686,4.5,0.9,0,0,0,BYPASS_VISIBLE,1,0,1,1,0
1787562550404975360,1787562550421654272,joint_v2_000008_af4e508d,3247,368,0.03333333333333333,12.266666666666667,16.678810119628906,frame_id_exact,1,,0.658586859703064,19.352256774902344,1.9343152046203613,-0.030304637615519672,0.017130848228518493,-0.022675205784794785,0.9991366263032203,-0.00015470184735022485,-0.02392689883708954,0.040853600949048996,-0.026370903792323715,0.0003878100366272619,0.03931872540759078,-0.04639122439000204,0.1879514902830124,depth/003247.png,1.0,0.03285778802117785,0.06133383779472348,-0.9975763259559269,-0.026370903792323715,0.0003878100366272619,0.03931872540759078,0.1879514902830124,0.9716830941703304,-0.23596409257438394,0.01236573973204129,4.5,0.9,0.0,0.0,0.06568479537963867,1.3333333319999998,0.0,0.0,0.06568479537963867,1.3333333319999998,turn_to_target,TURNING,NONE,TURN_TO_TARGET,PASS_THROUGH,0,8,0,0,0,0,1,0.0,5.311430988357041,inf,0.0,1,1,0,HISTORY_OCCUPIED,history,0.05,1.0500000000000005,19.75,19,0,0,0,13.649523359749653,3,8,0,0,0.0,0.0,,2.1500000000000004,24.450000000000003,2.0,2.1500000000000004,24.450000000000003,2.0,2.1500000000000004,24.450000000000003,2.0,0.5836584075871065,0.0,0.0,0,0,9,1,,,0,1,PASS_THROUGH,-1,0.9732596540285137,-0.22934995201011352,0.01281582432997082,0.9,0,0.9716830941703304,-0.23596409257438394,0.01236573973204129,4.5,0.9,0,0,0,BYPASS_VISIBLE,1,0,1,1,0
1787562550839704832,1787562550858552576,joint_v2_000008_af4e508d,3248,369,0.03333333333333333,12.3,18.847942352294922,frame_id_exact,1,,0.658774197101593,19.35186004638672,1.935926079750061,-0.0453591653716277,0.012319860268497943,-0.018151695243910144,0.9987298349000726,0.010936571285128593,0.002025158377364278,0.05723000317811966,-0.002811014451070512,-0.009536254400296451,0.05744685519211991,-0.03739348681541662,0.3055386543273926,depth/003248.png,1.0,0.022961732531210012,0.09105035618370431,-0.995581534319508,-0.002811014451070512,-0.009536254400296451,0.05744685519211991,0.3055386543273926,0.9695376599185214,-0.2446451297576798,0.012061777877475264,4.5,0.9,0.0,0.0,0.06407392024993896,1.5,0.0,0.0,0.06407392024993896,1.5,turn_to_target,TURNING,NONE,TURN_TO_TARGET,PASS_THROUGH,0,8,0,0,0,0,1,0.0,5.311759160754378,inf,0.0,1,1,0,HISTORY_OCCUPIED,history,0.05,1.0500000000000005,19.75,20,0,0,0,14.161914701711703,2,8,0,0,0.0,0.0,,2.1500000000000004,24.450000000000003,2.0,2.1500000000000004,24.450000000000003,2.0,2.1500000000000004,24.450000000000003,2.0,0.5836584075871065,0.0,0.0,0,0,9,1,,,0,1,PASS_THROUGH,-1,0.9732596540285137,-0.22934995201011352,0.01281582432997082,0.9,0,0.9695376599185214,-0.2446451297576798,0.012061777877475264,4.5,0.9,0,0,0,BYPASS_VISIBLE,1,0,1,1,0
1787562551201609984,1787562551218228736,joint_v2_000008_af4e508d,3249,370,0.03333333333333333,12.333333333333334,16.618728637695312,frame_id_exact,1,,0.6592609286308289,19.352487564086914,1.9382299184799194,-0.05168413804820166,0.0018161215362749287,-0.01136687114496086,0.9985971388989425,0.01705343835055828,0.03651363402605057,0.08180605620145798,0.02824540180736798,-0.016012534670607634,0.08521790933110054,-0.022891647435677762,0.4400983154773712,depth/003249.png,1.0,0.0024521736651692376,0.10326455200175717,-0.9946509031535599,0.02824540180736798,-0.016012534670607634,0.08521790933110054,0.4400983154773712,0.9659071483424907,-0.25862739492308157,0.011629762515991625,4.5,0.9,0.0,0.0,0.061770081520080566,1.5,0.0,0.0,0.061770081520080566,1.5,turn_to_target,TURNING,NONE,TURN_TO_TARGET,PASS_THROUGH,0,8,0,0,0,0,1,0.0,5.311020242212904,inf,0.0,1,1,0,HISTORY_OCCUPIED,history,0.05,1.0500000000000005,19.75,21,0,0,0,14.989669694495499,1,8,0,0,0.0,0.0,,2.1500000000000004,24.450000000000003,2.0,2.1500000000000004,24.450000000000003,2.0,2.1500000000000004,24.450000000000003,2.0,0.5836584075871065,0.0,0.0,0,0,9,1,,,0,1,PASS_THROUGH,-1,0.9732596540285137,-0.22934995201011352,0.01281582432997082,0.9,0,0.9659071483424907,-0.25862739492308157,0.011629762515991625,4.5,0.9,0,0,0,BYPASS_VISIBLE,1,0,1,1,0
1787562551572450304,1787562551589577984,joint_v2_000008_af4e508d,3250,371,0.03333333333333333,12.366666666666667,17.127513885498047,frame_id_exact,1,,0.6598049402236938,19.35431480407715,1.9413743019104004,-0.04977719599307388,-0.013924949523770234,-0.0020386319709301054,0.9986611890523805,0.01370692253112793,0.07283589243888855,0.10626187175512314,0.06199051976257556,-0.016482877730338526,0.11256119465800973,-0.002686573118550367,0.5776510834693909,depth/003250.png,1.0,-0.028015568064154995,0.09936433178168762,-0.9946566530796551,0.06199051976257556,-0.016482877730338526,0.11256119465800973,0.5776510834693909,0.9604916489679994,-0.2780896817863121,0.011041790919990626,4.5,0.9,0.0,0.0,0.05862569808959961,1.2333333336,0.0,0.0,0.05862569808959961,1.2333333336,local_avoidance,SAFE_HOLD,NONE,DIRECT_LOCAL,PASS_THROUGH,0,8,0,0,0,0,1,0.0,5.30911376146048,0.4895732016376835,0.0,1,1,0,HISTORY_OCCUPIED,history,0.05,1.0500000000000005,19.75,22,0,0,0,16.1472352688613,0,8,0,0,0.0,0.0,,2.1500000000000004,24.450000000000003,2.0,2.1500000000000004,24.450000000000003,2.0,2.1500000000000004,24.450000000000003,2.0,0.5833558566447536,0.0,0.13532928952499154,0,0,9,1,,,0,1,PASS_THROUGH,-1,0.9732596540285137,-0.22934995201011352,0.01281582432997082,0.9,0,0.9604916489679994,-0.2780896817863121,0.011041790919990626,4.5,0.9,0,0,0,BYPASS_VISIBLE,1,0,1,1,0
1787562551994354688,1787562552011928576,joint_v2_000008_af4e508d,3251,372,0.03333333333333333,12.4,17.573833465576172,frame_id_exact,1,,0.660040557384491,19.357288360595703,1.9451899528503418,-0.04050107746767949,-0.03184219076294933,0.009707938422711542,0.9986248011855874,-0.0015703234821557999,0.10431856662034988,0.12015734612941742,0.0941891597892919,-0.008272011024481335,0.1279945041719593,0.022013703262784273,0.701501727104187,depth/003251.png,1.0,-0.06281043890770822,0.0815090049222689,-0.9946914752227459,0.0941891597892919,-0.008272011024481335,0.1279945041719593,0.701501727104187,0.9533031261971527,-0.3018384725082617,0.010328896195371058,4.5,0.9,0.0,0.0,0.0548100471496582,0.9666666672000002,0.0,0.0,0.0548100471496582,0.9666666672000002,local_avoidance,SAFE_HOLD,NONE,DIRECT_LOCAL,PASS_THROUGH,0,9,0,0,0,0,1,0.0,5.306193643541776,0.48759457618779073,0.0,1,1,0,HISTORY_OCCUPIED,history,0.05,1.0500000000000005,19.75,23,0,0,0,17.56902728771796,0,8,0,0,0.0,0.0,,2.1500000000000004,24.450000000000003,2.0,2.1500000000000004,24.450000000000003,2.0,2.1500000000000004,24.450000000000003,2.0,0.5817004337503622,0.0,0.14992087603264062,0,0,9,1,,,1,1,PASS_THROUGH,-1,0.9533539823611356,-0.3018545747809096,0.0,0.9,0,0.9533031261971527,-0.3018384725082617,0.010328896195371058,4.5,0.9,0,0,0,BYPASS_VISIBLE,1,0,1,1,0
1787562552849802496,1787562552865718016,joint_v2_000008_af4e508d,3252,373,0.03333333333333333,12.433333333333334,15.915632247924805,frame_id_exact,1,,0.6595862507820129,19.36115264892578,1.949148178100586,-0.024716572130751385,-0.04629406354745322,0.023378729259009256,0.9983483288715436,-0.027037013322114944,0.12566174566745758,0.11395998299121857,0.12070029343460592,0.01033586654141405,0.12179228696666279,0.04919381713467558,0.7976457476615906,depth/003252.png,1.0,-0.0912795178624347,0.05151608972028778,-0.9944919014847394,0.12070029343460592,0.01033586654141405,0.12179228696666279,0.7976457476615906,0.9446609561986565,-0.3279080954078074,0.009589515100584403,4.5,0.9,0.0,0.0,0.05085182189941406,0.7000000008000002,0.0,0.0,0.05085182189941406,0.7000000008000002,local_avoidance,SAFE_HOLD,NONE,DIRECT_LOCAL,PASS_THROUGH,0,9,0,0,0,0,1,0.0,5.302612611382538,0.4856497583660882,0.0,1,1,0,HISTORY_OCCUPIED,history,0.05,1.0500000000000005,19.75,24,0,0,0,19.14276895601994,0,8,0,0,0.0,0.0,,2.1500000000000004,24.450000000000003,2.0,2.1500000000000004,24.450000000000003,2.0,2.1500000000000004,24.450000000000003,2.0,0.5806140677274012,0.0,0.1624388292829735,0,0,9,1,,,0,1,PASS_THROUGH,-1,0.9533031261971527,-0.3018384725082617,0.010328896195371058,0.9,0,0.9446609561986565,-0.3279080954078074,0.009589515100584403,4.5,0.9,0,0,0,BYPASS_VISIBLE,1,0,1,1,0
1787562553320284672,1787562553337095424,joint_v2_000008_af4e508d,3253,374,0.03333333333333333,12.466666666666667,16.810894012451172,frame_id_exact,1,,0.6581749320030212,19.365522384643555,1.9526686668395996,-0.003938962941579176,-0.05125531614251432,0.03835570882084698,0.9979409886055017,-0.05815510079264641,0.13430280983448029,0.09716388583183289,0.13718606341544598,0.03743239148437384,0.1031449526633015,0.07743808729187494,0.8554549813270569,depth/003253.png,1.0,-0.10199739829380991,0.01179357310696539,-0.9947147542761515,0.13718606341544598,0.03743239148437384,0.1031449526633015,0.8554549813270569,0.9348567118994215,-0.35491287125896376,0.008932078779325146,4.5,0.9,0.0,0.0,0.04733133316040039,0.43333333440000027,0.0,0.0,0.04733133316040039,0.43333333440000027,local_avoidance,SAFE_HOLD,NONE,DIRECT_LOCAL,PASS_THROUGH,0,9,0,0,0,0,1,0.0,5.298816344672175,0.48420491276909644,0.0,1,1,0,HISTORY_OCCUPIED,history,0.05,1.0500000000000005,19.75,25,0,0,0,20.788972281757438,0,8,0,0,0.0,0.0,,2.1500000000000004,24.450000000000003,2.0,2.1500000000000004,24.450000000000003,2.0,2.1500000000000004,24.450000000000003,2.0,0.5804214300411845,0.0,0.17176902275148856,0,0,9,1,,,0,1,PASS_THROUGH,-1,0.9533031261971527,-0.3018384725082617,0.010328896195371058,0.9,0,0.9348567118994215,-0.35491287125896376,0.008932078779325146,4.5,0.9,0,0,0,BYPASS_VISIBLE,1,0,1,1,0
1787562553781033984,1787562553799219712,joint_v2_000008_af4e508d,3254,375,0.03333333333333333,12.5,18.18561553955078,frame_id_exact,1,,0.6557177305221558,19.36994743347168,1.9556353092193604,0.018271095304054068,-0.0441725465236407,0.0539394470968989,0.9973993629719682,-0.08849790692329407,0.12890873849391937,0.08127021789550781,0.1403124303634048,0.06665395874547672,0.08320974928307377,0.10661875910507539,0.8667842149734497,depth/003254.png,1.0,-0.09008640508416857,-0.031681872161432846,-0.9954299064200139,0.1403124303634048,0.06665395874547672,0.08320974928307377,0.8667842149734497,0.9238478193031788,-0.3826682868062346,0.008377890041203682,4.5,0.9,0.0,0.0,0.04436469078063965,0.1666666680000003,0.0,0.0,0.04436469078063965,0.1666666680000003,local_avoidance,SAFE_HOLD,NONE,DIRECT_LOCAL,PASS_THROUGH,0,9,0,0,0,0,1,0.0,5.295263315413773,0.4836196315739263,0.0,1,1,0,HISTORY_OCCUPIED,history,0.05,1.0500000000000005,19.75,26,0,0,0,22.499893623643743,0,8,0,0,0.0,0.0,,2.1500000000000004,24.450000000000003,2.0,2.1500000000000004,24.450000000000003,2.0,2.1500000000000004,24.450000000000003,2.0,0.5804214300411845,0.0,0.1766563523172569,0,0,9,1,,,0,1,PASS_THROUGH,-1,0.9533031261971527,-0.3018384725082617,0.010328896195371058,0.9,0,0.9238478193031788,-0.3826682868062346,0.008377890041203682,4.5,0.9,0,0,0,BYPASS_VISIBLE,1,0,1,1,0
1787562554227281920,1787562554243116288,joint_v2_000008_af4e508d,3255,376,0.03333333333333333,12.533333333333333,15.834569931030273,frame_id_exact,1,,0.6523684859275818,19.373964309692383,1.9581236839294434,0.03768320716620703,-0.026338348762140036,0.06936335725433296,0.996531480663085,-0.11050410568714142,0.11005089432001114,0.06914173066616058,0.12911568504009796,0.0903008927846059,0.06540507834098516,0.13691544079840012,0.8304172158241272,depth/003255.png,1.0,-0.05772165490262959,-0.07145117187759306,-0.9957725345643051,0.12911568504009796,0.0903008927846059,0.06540507834098516,0.8304172158241272,0.9114980712240581,-0.41122823442754874,0.007912355175486453,4.5,0.9,0.0,0.0,0.04187631607055664,0.0,0.0,0.0,0.04187631607055664,0.0,local_avoidance,SAFE_HOLD,NONE,DIRECT_LOCAL,PASS_THROUGH,0,9,0,0,0,0,1,0.0,5.292356609415092,0.4840521906851864,0.0,1,1,0,HISTORY_OCCUPIED,history,0.05,1.0500000000000005,19.75,27,0,0,0,24.282823112836027,0,8,0,0,0.0,0.0,,2.1500000000000004,24.450000000000003,2.0,2.1500000000000004,24.450000000000003,2.0,2.1500000000000004,24.450000000000003,2.0,0.5804214300411845,0.0,0.17576128147870237,0,0,9,1,,,0,1,PASS_THROUGH,-1,0.9533031261971527,-0.3018384725082617,0.010328896195371058,0.9,0,0.9114980712240581,-0.41122823442754874,0.007912355175486453,4.5,0.9,0,0,0,BYPASS_VISIBLE,1,0,1,1,0
1787562554742247936,1787562554758935040,joint_v2_000008_af4e508d,3256,377,0.03333333333333333,12.566666666666666,16.68715476989746,frame_id_exact,1,,0.648510217666626,19.377164840698242,1.9603347778320312,0.05109964520228792,-0.0023079699602339874,0.08384735616536516,0.9951648709630688,-0.11825134605169296,0.08061102777719498,0.0644579604268074,0.10534949201338158,0.10230527023632886,0.05542078598424044,0.16744380509048157,0.7520073056221008,depth/003256.png,1.0,-0.013162761557725847,-0.1013181092894375,-0.9947669990697259,0.10534949201338158,0.10230527023632886,0.05542078598424044,0.7520073056221008,0.8981416029705183,-0.4396424114971827,0.007497401315778092,4.5,0.9,0.0,0.0,0.03966522216796875,0.0,0.0,0.0,0.03966522216796875,0.0,local_avoidance,SAFE_HOLD,NONE,DIRECT_LOCAL,PASS_THROUGH,0,10,0,0,0,0,1,0.0,5.290380715969281,0.4854205078788052,0.0,1,1,0,HISTORY_OCCUPIED,history,0.05,1.0500000000000005,19.75,28,0,0,0,26.0818560806905,0,8,0,0,0.0,0.0,,2.1500000000000004,24.450000000000003,2.0,2.1500000000000004,24.450000000000003,2.0,2.1500000000000004,24.450000000000003,2.0,0.5804214300411845,0.0,0.16843471248843575,0,0,9,1,,,0,1,PASS_THROUGH,-1,0.9533031261971527,-0.3018384725082617,0.010328896195371058,0.9,0,0.8981416029705183,-0.4396424114971827,0.007497401315778092,4.5,0.9,0,0,0,BYPASS_VISIBLE,1,0,1,1,0
1787562554976588544,1787562554993348864,joint_v2_000008_af4e508d,3257,378,0.03333333333333333,12.6,16.76034927368164,frame_id_exact,1,,0.6446736454963684,19.37928009033203,1.9624208211898804,0.056536057031938876,0.021914517243070062,0.0967480124653145,0.9934602409121847,-0.10920904576778412,0.04610252380371094,0.05985565483570099,0.07264501518493435,0.10003463255975517,0.048482283896364664,0.19606586955351796,0.6495298743247986,depth/003257.png,1.0,0.03260290085861771,-0.11657302165315779,-0.9926468563785691,0.07264501518493435,0.10003463255975517,0.048482283896364664,0.6495298743247986,0.8848179151754293,-0.46588280148957933,0.007104383212337667,4.5,0.9,0.0,0.0,0.03757917881011963,0.0,0.0,0.0,0.03757917881011963,0.0,local_avoidance,SAFE_HOLD,NONE,DIRECT_LOCAL,PASS_THROUGH,0,10,0,0,0,0,1,0.0,5.289443055357186,0.4874204787920162,0.0,1,1,0,HISTORY_OCCUPIED,history,0.05,1.0500000000000005,19.75,29,0,0,0,27.768131746011065,0,0,0,0,0.0,0.0,,2.1500000000000004,24.450000000000003,2.0,2.1500000000000004,24.450000000000003,2.0,2.1500000000000004,24.450000000000003,2.0,0.5804214300411845,0.0,0.15557432302895585,0,0,9,1,,,1,1,PASS_THROUGH,-1,0.8848402454010255,-0.4658945590137888,0.0,0.9,0,0.8848179151754293,-0.46588280148957933,0.007104383212337667,4.5,0.9,0,0,0,BYPASS_VISIBLE,1,0,1,1,0
1787562555462102784,1787562555479226112,joint_v2_000008_af4e508d,3258,379,0.03333333333333333,12.633333333333333,17.12322235107422,frame_id_exact,1,,0.6413938403129578,19.380247116088867,1.9642918109893799,0.052618270103548546,0.04115170603333366,0.10780878632904876,0.9919249570063825,-0.08548232913017273,0.012697678059339523,0.05223532393574715,0.03616082633094162,0.08410680403950938,0.04260784953049492,0.22053143558564509,0.5425317287445068,depth/003258.png,1.0,0.07029338479851228,-0.11325978158607222,-0.9910757094837122,0.03616082633094162,0.08410680403950938,0.04260784953049492,0.5425317287445068,0.8728430506749831,-0.4879543392980988,0.006750677635950757,4.5,0.9,0.0,0.0,0.03570818901062012,0.0,0.0,0.0,0.03570818901062012,0.0,local_avoidance,SAFE_HOLD,NONE,DIRECT_LOCAL,PASS_THROUGH,0,10,0,0,0,0,1,0.0,5.289450524295597,0.48961782250298785,0.0,1,1,0,HISTORY_OCCUPIED,history,0.05,1.0500000000000005,19.75,30,0,0,0,29.20694453788315,0,0,0,0,0.0,0.0,,2.1500000000000004,24.450000000000003,2.0,2.1500000000000004,24.450000000000003,2.0,2.1500000000000004,24.450000000000003,2.0,0.5804214300411845,0.0,0.13974027871336794,0,0,9,1,,,0,1,PASS_THROUGH,-1,0.8848179151754293,-0.46588280148957933,0.007104383212337667,0.9,0,0.8728430506749831,-0.4879543392980988,0.006750677635950757,4.5,0.9,0,0,0,BYPASS_VISIBLE,1,0,1,1,0
1787562556003419904,1787562556019376640,joint_v2_000008_af4e508d,3259,380,0.03333333333333333,12.666666666666666,15.956878662109375,frame_id_exact,1,,0.6390819549560547,19.38019561767578,1.9658997058868408,0.039943928430514815,0.05155063726602484,0.11709010977930927,0.9909777598770186,-0.05219168961048126,-0.014158462174236774,0.04427861422300339,0.0022119419728498816,0.05793702169031985,0.03903125700524928,0.23949250776744144,0.4441239535808563,depth/003259.png,1.0,0.0928169921463444,-0.09123922898686344,-0.9914940287580093,0.0022119419728498816,0.05793702169031985,0.03903125700524928,0.4441239535808563,0.8632263491883934,-0.5047759117282112,0.0064458518313201,4.5,0.9,0.0,0.0,0.03410029411315918,0.0,0.0,0.0,0.03410029411315918,0.0,local_avoidance,SAFE_HOLD,NONE,DIRECT_LOCAL,PASS_THROUGH,0,10,0,0,0,0,1,0.0,5.290159715346343,0.4915770992063123,0.0,1,1,0,HISTORY_OCCUPIED,history,0.05,1.0500000000000005,19.75,31,0,0,0,30.31717404898341,0,0,0,0,0.0,0.0,,2.1500000000000004,24.450000000000003,2.0,2.1500000000000004,24.450000000000003,2.0,2.1500000000000004,24.450000000000003,2.0,0.5804214300411845,0.0,0.12460159684142684,0,0,9,1,,,0,1,PASS_THROUGH,-1,0.8848179151754293,-0.46588280148957933,0.007104383212337667,0.9,0,0.8632263491883934,-0.5047759117282112,0.0064458518313201,4.5,0.9,0,0,0,BYPASS_VISIBLE,1,0,1,1,0
1787562556550821632,1787562556568885248,joint_v2_000008_af4e508d,3260,381,0.03333333333333333,12.7,18.063783645629883,frame_id_exact,1,,0.6379431486129761,19.379419326782227,1.9672526121139526,0.021139267219413192,0.051304864767872126,0.12479185527591458,0.9906300697482244,-0.016328420490026474,-0.030253903940320015,0.03713444992899895,-0.023252091038884405,0.026858381351370263,0.036039575529719474,0.2532799276612639,0.3599141538143158,depth/003260.png,1.0,0.09637226677587298,-0.05468724603811262,-0.9938418844651532,-0.023252091038884405,0.026858381351370263,0.036039575529719474,0.3599141538143158,0.856101433145879,-0.5167707750812246,0.006188876111403623,4.5,0.9,0.0,0.0,0.03274738788604736,0.2666666664,0.0,0.0,0.03274738788604736,0.2666666664,turn_to_target,TURNING,NONE,TURN_TO_TARGET,PASS_THROUGH,0,10,0,0,0,0,1,0.0,5.291228995747215,inf,0.0,1,1,0,HISTORY_OCCUPIED,history,0.05,1.0500000000000005,19.75,32,0,0,0,31.116552029444254,0,0,0,0,0.0,0.0,,2.1500000000000004,24.450000000000003,2.0,2.1500000000000004,24.450000000000003,2.0,2.1500000000000004,24.450000000000003,2.0,0.5804214300411845,0.0,0.0,0,0,9,1,,,0,1,PASS_THROUGH,-1,0.8848179151754293,-0.46588280148957933,0.007104383212337667,0.9,0,0.856101433145879,-0.5167707750812246,0.006188876111403623,4.5,0.9,0,0,0,BYPASS_VISIBLE,1,0,1,1,0
1787562557088794624,1787562557105767680,joint_v2_000008_af4e508d,3261,382,0.03333333333333333,12.733333333333333,16.973018646240234,frame_id_exact,1,,0.6379403471946716,19.378318786621094,1.968388557434082,0.00016531882886216143,0.04097914489980515,0.13117345795629043,0.9905120929502855,0.014817376621067524,-0.03365650773048401,0.031236302107572556,-0.03600245246607149,-0.002976910351985851,0.03198410782064637,0.2637793047074158,0.2986542582511902,depth/003261.png,1.0,0.08113730627914377,-0.011078252879559347,-0.9966413647059312,-0.03600245246607149,-0.002976910351985851,0.03198410782064637,0.2986542582511902,0.8506606654749015,-0.5256812297782484,0.005973012022927084,4.5,0.9,0.0,0.0,0.03161144256591797,0.5333333328,0.0,0.0,0.03161144256591797,0.5333333328,turn_to_target,TURNING,NONE,TURN_TO_TARGET,PASS_THROUGH,0,11,0,0,0,0,1,0.0,5.2922844522741155,inf,0.0,1,1,0,HISTORY_OCCUPIED,history,0.05,1.0500000000000005,19.75,33,0,0,0,31.714746244319016,0,0,0,0,0.0,0.0,,2.1500000000000004,24.450000000000003,2.0,2.1500000000000004,24.450000000000003,2.0,2.1500000000000004,24.450000000000003,2.0,0.5804214300411845,0.0,0.0,0,0,9,1,,,0,1,PASS_THROUGH,-1,0.8848179151754293,-0.46588280148957933,0.007104383212337667,0.9,0,0.8506606654749015,-0.5256812297782484,0.005973012022927084,4.5,0.9,0,0,0,BYPASS_VISIBLE,1,0,1,1,0
1787562557611249408,1787562557629219584,joint_v2_000008_af4e508d,3262,383,0.03333333333333333,12.766666666666667,17.97008514404297,frame_id_exact,1,,0.6388112306594849,19.377307891845703,1.9693430662155151,-0.018573398416845986,0.023294408466880308,0.13668783845804636,0.9901660639625528,0.03529130294919014,-0.02511579543352127,0.02623927965760231,-0.03454143293534961,-0.025813807961767733,0.02655778172863067,0.2735763200385082,0.2731584310531616,depth/003262.png,1.0,0.05120818085281123,0.030413372926640037,-0.9982247988108545,-0.03454143293534961,-0.025813807961767733,0.02655778172863067,0.2731584310531616,0.8455840349945697,-0.5338109159133766,0.005791874828083558,4.5,0.9,0.0,0.0,0.030656933784484863,0.7723050400411887,0.0,0.0,0.030656933784484863,0.7723050400411887,turn_to_target,TURNING,NONE,TURN_TO_TARGET,PASS_THROUGH,0,11,0,0,0,0,1,0.0,5.293004507905866,inf,0.0,1,1,0,HISTORY_OCCUPIED,history,0.05,1.0500000000000005,19.75,34,0,0,0,32.263913231143206,0,0,0,0,0.0,0.0,,2.1500000000000004,24.450000000000003,2.0,2.1500000000000004,24.450000000000003,2.0,2.1500000000000004,24.450000000000003,2.0,0.5804214300411845,0.0,0.0,0,0,9,1,,,0,1,PASS_THROUGH,-1,0.8848179151754293,-0.46588280148957933,0.007104383212337667,0.9,0,0.8455840349945697,-0.5338109159133766,0.005791874828083558,4.5,0.9,0,0,0,BYPASS_VISIBLE,1,0,1,1,0
1787562557878512896,1787562557894696192,joint_v2_000008_af4e508d,3263,384,0.03333333333333333,12.8,16.18337631225586,frame_id_exact,1,,0.6401366591453552,19.376739501953125,1.970145344734192,-0.031182114997699864,0.0024370334430052344,0.14196156780844177,0.9893779105264263,0.04180121421813965,-0.00785282626748085,0.022083653137087822,-0.020616976953783343,-0.03760914054200717,0.021381976881382277,0.28460832307981865,0.28762581944465637,depth/003263.png,1.0,0.013675617976760278,0.06100986138769681,-0.9980434731445358,-0.020616976953783343,-0.03760914054200717,0.021381976881382277,0.28762581944465637,0.83979137896562,-0.5428799395188958,0.005640131468566135,4.5,0.9,0.0,0.0,0.029854655265808105,0.7739151310553305,0.0,0.0,0.029854655265808105,0.7739151310553305,turn_to_target,TURNING,NONE,TURN_TO_TARGET,PASS_THROUGH,0,11,0,0,0,0,1,0.0,5.293171014533689,inf,0.0,1,1,0,HISTORY_OCCUPIED,history,0.05,1.0500000000000005,19.75,35,0,0,0,32.88049396772304,0,0,0,0,0.0,0.0,,2.1500000000000004,24.450000000000003,2.0,2.1500000000000004,24.450000000000003,2.0,2.1500000000000004,24.450000000000003,2.0,0.5804214300411845,0.0,0.0,0,0,9,1,,,1,1,PASS_THROUGH,-1,0.839804736620934,-0.5428885745243158,0.0,0.9,0,0.83979137896562,-0.5428799395188958,0.005640131468566135,4.5,0.9,0,0,0,BYPASS_VISIBLE,1,0,1,1,0
1787562558374658816,1787562558392484352,joint_v2_000008_af4e508d,3264,385,0.03333333333333333,12.833333333333334,17.825603485107422,frame_id_exact,1,,0.6414400339126587,19.376829147338867,1.970833659172058,-0.03522915713099809,-0.01694483096319992,0.14764014797946903,0.9882682661585712,0.03421398252248764,0.013241169042885303,0.019501296803355217,0.0012322229081172332,-0.03703284144480782,0.018795638215084415,0.2974552791503207,0.331884503364563,depth/003264.png,1.0,-0.023089601488678262,0.07463519077394654,-0.996943558382936,0.0012322229081172332,-0.03703284144480782,0.018795638215084415,0.331884503364563,0.8328764905088062,-0.5534314637906731,0.005510575672958149,4.5,0.9,0.0,0.0,0.029166340827941895,0.7861414584433463,0.0,0.0,0.029166340827941895,0.7861414584433463,turn_to_target,TURNING,NONE,TURN_TO_TARGET,PASS_THROUGH,0,11,0,0,0,0,1,0.0,5.292713450733182,inf,0.0,1,1,0,HISTORY_OCCUPIED,history,0.05,1.0500000000000005,19.75,36,0,0,0,33.60332378193239,0,0,0,0,0.0,0.0,,2.1500000000000004,24.450000000000003,2.0,2.1500000000000004,24.450000000000003,2.0,2.1500000000000004,24.450000000000003,2.0,0.5804214300411845,0.0,0.0,0,0,9,1,,,0,1,PASS_THROUGH,-1,0.83979137896562,-0.5428799395188958,0.005640131468566135,0.9,0,0.8328764905088062,-0.5534314637906731,0.005510575672958149,4.5,0.9,0,0,0,BYPASS_VISIBLE,1,0,1,1,0
1787562558940289024,1787562558957961472,joint_v2_000008_af4e508d,3265,386,0.03333333333333333,12.866666666666667,17.67253875732422,frame_id_exact,1,,0.642292320728302,19.377605438232422,1.971456527709961,-0.030369496310970218,-0.030810841469448094,0.15414362898072745,0.9871008699147289,0.015453046187758446,0.03259671479463577,0.01789706014096737,0.02507094256489263,-0.02559095814077939,0.018390158072130795,0.3116066617262823,0.38991689682006836,depth/003265.png,1.0,-0.051464288091214505,0.06945410228696294,-0.996256771483525,0.02507094256489263,-0.02559095814077939,0.018390158072130795,0.38991689682006836,0.8250256742198826,-0.5650695025330796,0.0053939025803263,4.5,0.9,0.0,0.0,0.028543472290039062,0.7874454144575902,0.0,0.0,0.028543472290039062,0.7874454144575902,turn_to_target,TURNING,NONE,TURN_TO_TARGET,PASS_THROUGH,0,11,0,0,0,0,1,0.0,5.291726470291542,inf,0.0,1,1,0,HISTORY_OCCUPIED,history,0.05,1.0500000000000005,19.75,37,0,0,0,34.407688695137686,0,0,0,0,0.0,0.0,,2.1500000000000004,24.450000000000003,2.0,2.1500000000000004,24.450000000000003,2.0,2.1500000000000004,24.450000000000003,2.0,0.5804214300411845,0.0,0.0,0,0,9,1,,,0,1,PASS_THROUGH,-1,0.83979137896562,-0.5428799395188958,0.005640131468566135,0.9,0,0.8250256742198826,-0.5650695025330796,0.0053939025803263,4.5,0.9,0,0,0,BYPASS_VISIBLE,1,0,1,1,0
1787562559201086208,1787562559218230784,joint_v2_000008_af4e508d,3266,387,0.03333333333333333,12.9,17.144441604614258,frame_id_exact,1,,0.6424047350883484,19.37893295288086,1.9720264673233032,-0.018251718567649667,-0.0364575901055356,0.16165657479299683,0.9860044983260575,-0.009156173095107079,0.045344460755586624,0.016309570521116257,0.04507171745413278,-0.006938674700871028,0.018065237243835967,0.3265934544477352,0.4521842896938324,depth/003266.png,1.0,-0.06599367506890735,0.047779771503103474,-0.9966754377860482,0.04507171745413278,-0.006938674700871028,0.018065237243835967,0.4521842896938324,0.8164357057308339,-0.5774121410920492,0.005287506717819361,4.5,0.9,0.0,0.0,0.027973532676696777,0.5207787480575903,0.0,0.0,0.027973532676696777,0.5207787480575903,turn_to_target,TURNING,NONE,TURN_TO_TARGET,PASS_THROUGH,0,11,0,0,0,0,1,0.0,5.290421956627061,inf,0.0,1,1,0,HISTORY_OCCUPIED,history,0.05,1.0500000000000005,19.75,38,0,0,0,35.26929796614137,0,0,0,0,0.0,0.0,,2.1500000000000004,24.450000000000003,2.0,2.1500000000000004,24.450000000000003,2.0,2.1500000000000004,24.450000000000003,2.0,0.5804214300411845,0.0,0.0,0,0,9,1,,,0,1,PASS_THROUGH,-1,0.83979137896562,-0.5428799395188958,0.005640131468566135,0.9,0,0.8164357057308339,-0.5774121410920492,0.005287506717819361,4.5,0.9,0,0,0,BYPASS_VISIBLE,1,0,1,1,0
1787562559734177536,1787562559750012416,joint_v2_000008_af4e508d,3267,388,0.03333333333333333,12.933333333333334,15.834808349609375,frame_id_exact,1,,0.6416881084442139,19.38052749633789,1.9725416898727417,-0.0020195211517945195,-0.033021646828201454,0.1701389616079393,0.9848645724758524,-0.033212810754776,0.0485224686563015,0.01459314301609993,0.05661696276227093,0.01401068088017483,0.01639209976397784,0.3426216293832921,0.5039008259773254,depth/003267.png,1.0,-0.06435650170838725,0.015214447075404695,-0.997810984750142,0.05661696276227093,0.01401068088017483,0.01639209976397784,0.5039008259773254,0.8069493525128365,-0.5905978256094269,0.005191422206963127,4.5,0.9,0.0,0.0,0.0274583101272583,0.2541120816575903,0.0,0.0,0.0274583101272583,0.2541120816575903,local_avoidance,SAFE_HOLD,NONE,DIRECT_LOCAL,PASS_THROUGH,0,11,0,0,0,0,1,0.0,5.289097865193534,0.4892177746319027,0.0,1,1,0,HISTORY_OCCUPIED,history,0.05,1.0500000000000005,19.75,39,0,0,0,36.20000828673858,0,0,0,0,0.0,0.0,,2.1500000000000004,24.450000000000003,2.0,2.1500000000000004,24.450000000000003,2.0,2.1500000000000004,24.450000000000003,2.0,0.5804214300411845,0.0,0.13047199441349808,0,0,9,1,,,0,1,PASS_THROUGH,-1,0.83979137896562,-0.5428799395188958,0.005640131468566135,0.9,0,0.8069493525128365,-0.5905978256094269,0.005191422206963127,4.5,0.9,0,0,0,BYPASS_VISIBLE,1,0,1,1,0
1787562560327941120,1787562560343966208,joint_v2_000008_af4e508d,3268,389,0.03333333333333333,12.966666666666667,16.025066375732422,frame_id_exact,1,,0.6402645707130432,19.38205337524414,1.9729925394058228,0.014473609165623543,-0.021595964732052008,0.17920835630005552,0.9834675866429179,-0.050674911588430405,0.04163239151239395,0.012435165233910084,0.057092747619029986,0.03213097561192651,0.01280057020084127,0.35999171311884876,0.525376558303833,depth/003268.png,1.0,-0.047665446049115136,-0.020728296267567187,-0.9986482578900255,0.057092747619029986,0.03213097561192651,0.01280057020084127,0.525376558303833,0.7963639755798148,-0.6047961101593425,0.005107204209821707,4.5,0.9,0.0,0.0,0.027007460594177246,0.0,0.0,0.0,0.027007460594177246,0.0,blocked,EMERGENCY_BRAKE,BLOCKED_BY_OBSERVED_OBSTACLE,DIRECT_LOCAL,PASS_THROUGH,0,11,0,0,0,0,1,0.0,5.288041608934125,0.4895697250964623,0.0,1,1,0,HISTORY_OCCUPIED,history,0.05,1.0500000000000005,19.75,40,1,0,0,37.21473903335007,1,0,0,0,0.0,0.0,,2.1500000000000004,24.450000000000003,2.0,2.1500000000000004,24.450000000000003,2.0,2.1500000000000004,24.450000000000003,2.0,0.5804214300411845,0.0,0.13226398997700295,0,0,9,1,,,0,1,PASS_THROUGH,-1,0.83979137896562,-0.5428799395188958,0.005640131468566135,0.9,0,0.7963639755798148,-0.6047961101593425,0.005107204209821707,4.5,0.9,0,0,0,BYPASS_VISIBLE,1,0,1,1,0
1787562560601611008,1787562560618319872,joint_v2_000008_af4e508d,3269,390,0.03333333333333333,13.0,16.709089279174805,frame_id_exact,1,,0.6384319067001343,19.383209228515625,1.9733682870864868,0.027557820999432152,-0.005014990993509129,0.18824730338499088,0.981722144568094,-0.05723575875163078,0.026563890278339386,0.010176277719438076,0.046343164158400646,0.0431595429838153,0.008642566750300201,0.37837642873471733,0.5070790648460388,depth/003269.png,1.0,-0.02022202640689367,-0.05222012920031616,-0.9984308327341965,0.046343164158400646,0.0431595429838153,0.008642566750300201,0.5070790648460388,0.784866852616458,-0.6196439745892892,0.005036707170725095,4.5,0.9,0.0666666666,0.0,0.026631712913513184,-0.2666666664,0.0666666666,0.0,0.026631712913513184,-0.2666666664,local_avoidance,SAFE_PROGRESSING,NONE,DIRECT_LOCAL,PASS_THROUGH,0,11,0,0,0,0,1,0.0666666666,5.287457500791987,0.5579262202584195,0.0,1,1,0,HISTORY_OCCUPIED,history,0.05,1.0500000000000005,19.75,41,0,0,0,38.290714035295835,0,0,1,0,2.0,2.0,"0.638,19.383;0.591,19.407;0.499,19.498;0.464,19.706;0.515,19.993;0.639,20.345;0.804,20.731;0.969,21.117;1.115,21.511;1.234,21.913;1.330,22.302",2.1500000000000004,24.450000000000003,2.0,2.1500000000000004,24.450000000000003,2.0,2.1500000000000004,24.450000000000003,2.0,0.5804214300411845,0.0,0.01009396447934854,0,0,9,1,,,1,1,PASS_THROUGH,-1,0.7848768082215136,-0.6196518344328608,0.0,0.9,0,0.784866852616458,-0.6196439745892892,0.005036707170725095,4.5,0.9,0,0,0,BYPASS_VISIBLE,1,0,1,0,1
1787562561133491968,1787562561150039040,joint_v2_000008_af4e508d,3270,391,0.03333333333333333,13.033333333333333,16.546964645385742,frame_id_exact,1,,0.636590301990509,19.38377571105957,1.973731517791748,0.03344808152350642,0.012321790754159415,0.1966009611668735,0.9798354256625288,-0.051181577146053314,0.006800929084420204,0.013128218241035938,0.026860798075764622,0.04472802220628687,0.01077302863636298,0.3964225333541122,0.4496234059333801,depth/003270.png,1.0,0.010994804223634191,-0.07039218220548944,-0.9974587986300152,0.026860798075764622,0.04472802220628687,0.01077302863636298,0.4496234059333801,0.7733268004133961,-0.6339881532480524,0.004968028130310091,4.5,0.9,0.1333333332,0.0,0.026268482208251953,0.0,0.1333333332,0.0,0.026268482208251953,0.0,local_avoidance,SAFE_PROGRESSING,NONE,DIRECT_LOCAL,PASS_THROUGH,0,11,0,0,0,0,1,0.1333333332,5.28744148524399,0.5543472427935138,0.0,1,1,0,HISTORY_OCCUPIED,history,0.05,1.0500000000000005,19.75,42,0,1,0,39.34555769043946,0,0,1,0,2.0,2.0,"0.637,19.384;0.600,19.416;0.540,19.532;0.466,19.729;0.375,20.005;0.269,20.359;0.153,20.763;0.039,21.167;-0.076,21.571;-0.194,21.974;-0.276,22.242",2.1500000000000004,24.450000000000003,2.0,2.1500000000000004,24.450000000000003,2.0,2.1500000000000004,24.450000000000003,2.0,0.5804214300411845,0.0,0.011845961700607564,0,0,9,1,,,0,1,PASS_THROUGH,-1,0.784866852616458,-0.6196439745892892,0.005036707170725095,0.9,0,0.7733268004133961,-0.6339881532480524,0.004968028130310091,4.5,0.9,0,0,0,BYPASS_VISIBLE,1,0,1,0,1
1787562561363696128,1787562561380378368,joint_v2_000008_af4e508d,3271,392,0.03333333333333333,13.066666666666666,16.68238639831543,frame_id_exact,1,,0.6351361274719238,19.383682250976562,1.9742554426193237,0.027163787212313512,0.024767377009414275,0.20382360179620795,0.9783172517395258,-0.03485642746090889,-0.011325772851705551,0.017032016068696976,0.004563315568210064,0.03708634432061091,0.015398456200165268,0.41199021935313057,0.3710232377052307,depth/003271.png,1.0,0.03738746252121475,-0.06324595528298248,-0.9972974114007154,0.004563315568210064,0.03708634432061091,0.015398456200165268,0.3710232377052307,0.7631971765195923,-0.6461473266066267,0.00486847734221393,4.5,0.9,0.0666666666,0.0,0.02574455738067627,0.0,0.0666666666,0.0,0.02574455738067627,0.0,local_avoidance,SAFE_HOLD,NONE,DIRECT_LOCAL,PASS_THROUGH,0,11,0,0,0,0,1,0.0666666666,5.287947436043658,0.49298800814411703,0.0,1,1,0,HISTORY_OCCUPIED,history,0.05,1.0500000000000005,19.75,43,0,1,0,40.25232755313298,0,0,0,0,0.0,0.0,,2.1500000000000004,24.450000000000003,2.0,2.1500000000000004,24.450000000000003,2.0,2.1500000000000004,24.450000000000003,2.0,0.5804214300411845,0.0,0.1159795930821743,0,0,9,1,,,0,1,PASS_THROUGH,-1,0.784866852616458,-0.6196439745892892,0.005036707170725095,0.9,0,0.7631971765195923,-0.6461473266066267,0.00486847734221393,4.5,0.9,0,0,0,BYPASS_VISIBLE,1,0,1,0,1
1787562561600936448,1787562561617587712,joint_v2_000008_af4e508d,3272,393,0.03333333333333333,13.1,16.651391983032227,frame_id_exact,1,,0.6343076229095459,19.383127212524414,1.9747846126556396,0.008835581885823627,0.029412094628456405,0.20991306083384412,0.9772376210900154,-0.014766080304980278,-0.01988244242966175,0.014245491474866867,-0.01165484778600237,0.02237280656007042,0.013412856579164287,0.4239729542859932,0.29913708567619324,depth/003272.png,1.0,0.05377580269617171,-0.029616891664084523,-0.9981137223646113,-0.01165484778600237,0.02237280656007042,0.013412856579164287,0.29913708567619324,0.7553216738281421,-0.6553368888792597,0.004767716382776977,4.5,0.9,0.0,0.0,0.02521538734436035,0.0,0.0,0.0,0.02521538734436035,0.0,local_avoidance,SAFE_HOLD,NONE,DIRECT_LOCAL,PASS_THROUGH,0,11,0,0,0,0,1,0.0,5.288716595397295,0.4939850575332245,0.0,1,1,0,HISTORY_OCCUPIED,history,0.05,1.0500000000000005,19.75,44,0,0,0,40.945764588805446,0,0,0,0,0.0,0.0,,2.1500000000000004,24.450000000000003,2.0,2.1500000000000004,24.450000000000003,2.0,2.1500000000000004,24.450000000000003,2.0,0.5804214300411845,0.0,0.11010761642392856,0,0,9,1,,,0,1,PASS_THROUGH,-1,0.784866852616458,-0.6196439745892892,0.005036707170725095,0.9,0,0.7553216738281421,-0.6553368888792597,0.004767716382776977,4.5,0.9,0,0,0,BYPASS_VISIBLE,1,0,1,0,1
1787562561855384832,1787562561872110848,joint_v2_000008_af4e508d,3273,394,0.03333333333333333,13.133333333333333,16.726016998291016,frame_id_exact,1,,0.6341301798820496,19.382503509521484,1.9752057790756226,-0.010718337582233181,0.027267744942540806,0.21485565016056452,0.9762062471216332,0.0034669307060539722,-0.0155172199010849,0.011344218626618385,-0.015641844630493302,0.004014703152676955,0.010986804511736536,0.43300999289263953,0.2390826940536499,depth/003273.png,1.0,0.057843676695397556,0.009209358076985127,-0.9982831746504437,-0.015641844630493302,0.004014703152676955,0.010986804511736536,0.2390826940536499,0.7493699861862806,-0.6621349190747015,0.004687509478618086,4.5,0.9,0.0,0.0,0.02479422092437744,-0.2666666664,0.0,0.0,0.02479422092437744,-0.2666666664,turn_to_target,TURNING,NONE,TURN_TO_TARGET,PASS_THROUGH,0,11,0,0,0,0,1,0.0,5.289364989538586,inf,0.0,1,1,0,HISTORY_OCCUPIED,history,0.05,1.0500000000000005,19.75,45,0,0,0,41.4634540099976,0,0,0,0,0.0,0.0,,2.1500000000000004,24.450000000000003,2.0,2.1500000000000004,24.450000000000003,2.0,2.1500000000000004,24.450000000000003,2.0,0.5804214300411845,0.0,0.0,0,0,9,1,,,0,1,PASS_THROUGH,-1,0.784866852616458,-0.6196439745892892,0.005036707170725095,0.9,0,0.7493699861862806,-0.6621349190747015,0.004687509478618086,4.5,0.9,0,0,0,BYPASS_VISIBLE,1,0,1,0,1
1787562562108414976,1787562562125361920,joint_v2_000008_af4e508d,3274,395,0.03333333333333333,13.166666666666666,16.947031021118164,frame_id_exact,1,,0.63448166847229,19.382204055786133,1.9755709171295166,-0.022719088123741685,0.020257189204071418,0.21868028912947804,0.9753217010128628,0.016598379239439964,-0.0012000072747468948,0.010824751108884811,-0.008563415159981647,-0.013951178465421696,0.011231829220067872,0.440252839305805,0.17992916703224182,depth/003274.png,1.0,0.04945098598382451,0.03545714336442398,-0.9981469786407522,-0.008563415159981647,-0.013951178465421696,0.011231829220067872,0.17992916703224182,0.7446081964882182,-0.667485808743279,0.00461831667319272,4.5,0.9,0.0666666666,0.0,0.0244290828704834,-0.5333333328,0.0666666666,0.0,0.0244290828704834,-0.5333333328,local_avoidance,SAFE_PROGRESSING,NONE,DIRECT_LOCAL,PASS_THROUGH,0,11,0,0,0,0,1,0.0666666666,5.289551166723609,inf,0.0,1,0,0,CLEAR,none,nan,0.0,0.0,0,0,0,0,41.87386136897402,0,0,1,0,2.0,2.0,"0.634,19.382;0.642,19.425;0.663,19.546;0.697,19.747;0.745,20.026;0.807,20.384;0.878,20.798;0.950,21.212;1.021,21.626;1.092,22.040;1.144,22.339",2.1500000000000004,24.450000000000003,2.0,2.1500000000000004,24.450000000000003,2.0,2.1500000000000004,24.450000000000003,2.0,0.5804214300411845,0.0,0.0,0,0,9,1,,,0,1,PASS_THROUGH,-1,0.784866852616458,-0.6196439745892892,0.005036707170725095,0.9,0,0.7446081964882182,-0.667485808743279,0.00461831667319272,4.5,0.9,0,0,0,BYPASS_VISIBLE,1,0,1,0,1
1787562562151130368,1787562562168061952,joint_v2_000008_af4e508d,3275,396,0.03333333333333333,13.2,16.931533813476562,frame_id_exact,1,,0.6351606845855713,19.382465362548828,1.9759200811386108,-0.02723016788751192,0.00960185598996406,0.2213706895966424,0.9747621966951083,0.02290724776685238,0.01709160953760147,0.009992629289627075,0.005005124147673671,-0.027717609083204323,0.011108583885210062,0.44587655768349266,0.10525493323802948,depth/003275.png,1.0,0.030774974560436624,0.048834737569003445,-0.9983326446367318,0.005005124147673671,-0.027717609083204323,0.011108583885210062,0.10525493323802948,0.7409160138756108,-0.6715822610691554,0.004552691502457175,4.5,0.9,0.1333333332,0.0,0.02407991886138916,-0.7999999992,0.1333333332,0.0,0.02407991886138916,-0.7999999992,local_avoidance,SAFE_PROGRESSING,NONE,DIRECT_LOCAL,PASS_THROUGH,0,11,0,0,0,0,1,0.1333333332,5.289106300056056,inf,0.0,1,0,0,CLEAR,none,nan,0.0,0.0,0,0,0,0,0.0,0,0,1,0,2.0,2.0,"0.634,19.382;0.642,19.425;0.663,19.546;0.697,19.747;0.745,20.026;0.807,20.384;0.878,20.798;0.950,21.212;1.021,21.626;1.092,22.040;1.144,22.339",2.1500000000000004,24.450000000000003,2.0,2.1500000000000004,24.450000000000003,2.0,2.1500000000000004,24.450000000000003,2.0,0.5804214300411845,0.0,0.0,0,0,9,1,,,1,1,PASS_THROUGH,-1,0.7409236924780557,-0.6715892211200859,0.0,0.9,0,0.7409160138756108,-0.6715822610691554,0.004552691502457175,4.5,0.9,0,0,0,BYPASS_VISIBLE,1,0,1,0,1
1787562562194321920,1787562562211080192,joint_v2_000008_af4e508d,3276,397,0.03333333333333333,13.233333333333333,16.758203506469727,frame_id_exact,1,,0.6359180808067322,19.383350372314453,1.9762827157974243,-0.029859013614502872,-0.0037747205789341407,0.2227080829557879,0.9744204947437619,0.02103932574391365,0.03589007630944252,0.012561419047415257,0.022386988320921578,-0.03446221076711147,0.014132191503903014,0.449211869647709,0.010246455669403076,depth/003276.png,1.0,0.005943357173984483,0.05987179120526559,-0.9981883815810398,0.022386988320921578,-0.03446221076711147,0.014132191503903014,0.010246455669403076,0.7387323725602979,-0.6739839509970629,0.004485033982292855,4.5,0.9,0.1999999998,0.0,0.023717284202575684,-1.0666666656,0.1999999998,0.0,0.023717284202575684,-1.0666666656,local_avoidance,SAFE_PROGRESSING,NONE,DIRECT_LOCAL,PASS_THROUGH,0,11,0,0,0,0,1,0.1999999998,5.288041462370931,inf,0.0,1,0,0,CLEAR,none,nan,0.0,0.0,0,0,0,0,0.0,0,0,1,0,2.0,2.0,"0.634,19.382;0.642,19.425;0.663,19.546;0.697,19.747;0.745,20.026;0.807,20.384;0.878,20.798;0.950,21.212;1.021,21.626;1.092,22.040;1.144,22.339",2.1500000000000004,24.450000000000003,2.0,2.1500000000000004,24.450000000000003,2.0,2.1500000000000004,24.450000000000003,2.0,0.5804214300411845,0.0,0.0,0,0,9,1,,,0,1,PASS_THROUGH,-1,0.7409160138756108,-0.6715822610691554,0.004552691502457175,0.9,0,0.7387323725602979,-0.6739839509970629,0.004485033982292855,4.5,0.9,0,0,0,BYPASS_VISIBLE,1,0,1,0,1
1787562562237196544,1787562562255099136,joint_v2_000008_af4e508d,3277,398,0.03333333333333333,13.266666666666667,17.902612686157227,frame_id_exact,1,,0.6364526748657227,19.38486671447754,1.976858377456665,-0.03419711300783329,-0.01872661074403653,0.22231503216844814,0.9741949999789122,0.009241481311619282,0.055177923291921616,0.023334752768278122,0.04385440044272754,-0.03278944206053357,0.02600313314903933,0.4495225781267181,-0.10391952842473984,depth/003277.png,1.0,-0.021281676549974503,0.074955727151823,-0.9969597430239416,0.04385440044272754,-0.03278944206053357,0.02600313314903933,-0.10391952842473984,0.7385332304983425,-0.6742028662761668,0.004377505532086869,4.5,0.9,0.2666666664,0.0,0.02314162254333496,-1.3333333319999998,0.2666666664,0.0,0.02314162254333496,-1.3333333319999998,local_avoidance,SAFE_PROGRESSING,NONE,DIRECT_LOCAL,PASS_THROUGH,0,11,0,0,0,0,1,0.2666666664,5.286435538766052,inf,0.0,1,0,0,CLEAR,none,nan,0.0,0.0,0,0,0,0,42.39277989665189,0,0,1,0,2.0,2.0,"0.636,19.385;0.645,19.435;0.666,19.565;0.700,19.773;0.747,20.061;0.806,20.427;0.874,20.842;0.941,21.256;1.009,21.671;1.076,22.085;1.118,22.346",2.1500000000000004,24.450000000000003,2.0,2.1500000000000004,24.450000000000003,2.0,2.1500000000000004,24.450000000000003,2.0,0.5804214300411845,0.0,0.0,0,0,9,1,,,0,1,PASS_THROUGH,-1,0.7409160138756108,-0.6715822610691554,0.004552691502457175,0.9,0,0.7385332304983425,-0.6742028662761668,0.004377505532086869,4.5,0.9,0,0,0,BYPASS_VISIBLE,1,0,1,0,1
1787562562280140288,1787562562296249856,joint_v2_000008_af4e508d,3278,399,0.03333333333333333,13.3,16.109466552734375,frame_id_exact,1,,0.6364062428474426,19.387048721313477,1.9779378175735474,-0.04080059119168689,-0.03407653248601073,0.21982406654607659,0.9740900787192552,-0.014001802541315556,0.07633393257856369,0.042605798691511154,0.07063500107607668,-0.022350937904576294,0.04846964015984329,0.4462040511677464,-0.23428049683570862,depth/003278.png,1.0,-0.048449320677073617,0.0944685860611336,-0.9943482033842774,0.07063500107607668,-0.022350937904576294,0.04846964015984329,-0.23428049683570862,0.7406820852544799,-0.6718427035271048,0.004174961133511418,4.5,0.9,0.33333333299999995,0.0,0.022062182426452637,-1.5,0.33333333299999995,0.0,0.022062182426452637,-1.5,local_avoidance,SAFE_PROGRESSING,NONE,DIRECT_LOCAL,PASS_THROUGH,0,11,0,0,0,0,1,0.33333333299999995,5.284358211934987,inf,0.0,1,0,0,CLEAR,none,nan,0.0,0.0,0,0,0,0,0.0,0,0,1,0,2.0,2.0,"0.636,19.385;0.645,19.435;0.666,19.565;0.700,19.773;0.747,20.061;0.806,20.427;0.874,20.842;0.941,21.256;1.009,21.671;1.076,22.085;1.118,22.346",2.1500000000000004,24.450000000000003,2.0,2.1500000000000004,24.450000000000003,2.0,2.1500000000000004,24.450000000000003,2.0,0.5804214300411845,0.0,0.0,0,0,9,1,,,0,1,PASS_THROUGH,-1,0.7409160138756108,-0.6715822610691554,0.004552691502457175,0.9,0,0.7406820852544799,-0.6718427035271048,0.004174961133511418,4.5,0.9,0,0,0,BYPASS_VISIBLE,1,0,1,0,1
1787562562322405632,1787562562338028544,joint_v2_000008_af4e508d,3279,400,0.03333333333333333,13.333333333333334,15.622854232788086,frame_id_exact,1,,0.6353858113288879,19.38998794555664,1.9797728061676025,-0.04844507052944586,-0.04843146207475282,0.21496210075459987,0.9742170003966611,-0.04910799860954285,0.10066641122102737,0.0678437203168869,0.10341195809424651,-0.0032853355641454174,0.08026995549604214,0.4386104457990792,-0.37748655676841736,depth/003279.png,1.0,-0.07353779915015182,0.11521388025081407,-0.9906149372453976,0.10341195809424651,-0.0032853355641454174,0.08026995549604214,-0.37748655676841736,0.7455338751747996,-0.6664567319192126,0.00382954911302603,4.5,0.9,0.39999999959999993,0.0,0.02022719383239746,-1.5,0.39999999959999993,0.0,0.02022719383239746,-1.5,local_avoidance,SAFE_PROGRESSING,NONE,DIRECT_LOCAL,PASS_THROUGH,0,11,0,0,0,0,1,0.39999999959999993,5.281834731571595,inf,0.0,1,0,0,CLEAR,none,nan,0.0,0.0,0,0,0,0,0.0,0,0,1,0,2.0,2.0,"0.636,19.385;0.645,19.435;0.666,19.565;0.700,19.773;0.747,20.061;0.806,20.427;0.874,20.842;0.941,21.256;1.009,21.671;1.076,22.085;1.118,22.346",2.1500000000000004,24.450000000000003,2.0,2.1500000000000004,24.450000000000003,2.0,2.1500000000000004,24.450000000000003,2.0,0.5804214300411845,0.0,0.0,0,0,9,1,,,0,1,PASS_THROUGH,-1,0.7409160138756108,-0.6715822610691554,0.004552691502457175,0.9,0,0.7455338751747996,-0.6664567319192126,0.00382954911302603,4.5,0.9,0,0,0,BYPASS_VISIBLE,1,0,1,0,1
1787562562364002816,1787562562382321920,joint_v2_000008_af4e508d,3280,401,0.03333333333333333,13.366666666666667,18.319129943847656,frame_id_exact,1,,0.6330232620239258,19.393795013427734,1.9824161529541016,-0.055548090783158574,-0.05988027689545409,0.20760576883180515,0.9747967002390934,-0.09395429491996765,0.12817898392677307,0.0893036425113678,0.14184997637849853,0.02408310116139517,0.1119419066305189,0.42598329917264083,-0.5213883519172668,depth/003280.png,1.0,-0.09367798446583066,0.1331591730454934,-0.9866575240985395,0.14184997637849853,0.02408310116139517,0.1119419066305189,-0.5213883519172668,0.7534732992024229,-0.6574700692972331,0.003330970925701463,4.5,0.9,0.4666666661999999,0.0,0.017583847045898438,-1.323568157448483,0.4666666661999999,0.0,0.017583847045898438,-1.323568157448483,local_avoidance,SAFE_PROGRESSING,NONE,DIRECT_LOCAL,PASS_THROUGH,0,11,0,0,0,0,1,0.4666666661999999,5.278866098869984,inf,0.0,1,0,0,CLEAR,none,nan,0.0,0.0,0,0,0,0,41.10748748232676,0,0,1,0,2.0,1.0,"0.633,19.394;0.622,19.464;0.634,19.615;0.666,19.829;0.705,20.045;0.748,20.261;0.792,20.476;0.838,20.692;0.884,20.907;0.930,21.122;0.977,21.337;1.023,21.552;1.069,21.767;1.091,21.875",2.1500000000000004,24.450000000000003,2.0,2.1500000000000004,24.450000000000003,2.0,2.1500000000000004,24.450000000000003,2.0,0.5804214300411845,0.0,0.0,0,0,9,1,,,0,1,PASS_THROUGH,-1,0.7409160138756108,-0.6715822610691554,0.004552691502457175,0.9,0,0.7534732992024229,-0.6574700692972331,0.003330970925701463,4.5,0.9,0,0,0,BYPASS_VISIBLE,1,0,1,0,1
1787562562409669120,1787562562432808960,joint_v2_000008_af4e508d,3281,402,0.03333333333333333,13.4,23.13971519470215,frame_id_exact,1,,0.6290675401687622,19.398563385009766,1.9855555295944214,-0.061761954315606764,-0.06575119869491532,0.1977794569014406,0.9760868441368677,-0.1436769664287567,0.15806074440479279,0.0957389622926712,0.1847627094918597,0.05893346692300866,0.13107938877835124,0.40755749579317574,-0.6500688791275024,depth/003281.png,1.0,-0.10392726850124748,0.14657853488829015,-0.9837244817385974,0.1847627094918597,0.05893346692300866,0.13107938877835124,-0.6500688791275024,0.7648308444221045,-0.6442253351892939,0.002738050549660478,4.5,0.9,0.5333333328,0.0,0.014444470405578613,-1.2962021266623651,0.5333333328,0.0,0.014444470405578613,-1.2962021266623651,local_avoidance,SAFE_PROGRESSING,NONE,DIRECT_LOCAL,PASS_THROUGH,0,11,0,0,0,0,1,0.5333333328,5.275438126130599,inf,0.0,1,0,0,CLEAR,none,nan,0.0,0.0,0,0,0,0,0.0,0,0,1,0,2.0,1.0,"0.633,19.394;0.622,19.464;0.634,19.615;0.666,19.829;0.705,20.045;0.748,20.261;0.792,20.476;0.838,20.692;0.884,20.907;0.930,21.122;0.977,21.337;1.023,21.552;1.069,21.767;1.091,21.875",2.1500000000000004,24.450000000000003,2.0,2.1500000000000004,24.450000000000003,2.0,2.1500000000000004,24.450000000000003,2.0,0.5804214300411845,0.0,0.0,0,0,9,1,,,1,1,PASS_THROUGH,-1,0.7648337113763624,-0.6442277500560337,0.0,0.9,0,0.7648308444221045,-0.6442253351892939,0.002738050549660478,4.5,0.9,0,0,0,BYPASS_VISIBLE,1,0,1,0,1
1787562562461481472,1787562562477135360,joint_v2_000008_af4e508d,3282,403,0.03333333333333333,13.433333333333334,15.653848648071289,frame_id_exact,1,,0.6234515905380249,19.40436553955078,1.9886069297790527,-0.06838363999565429,-0.06320876122837467,0.18554531910440844,0.9782133023238656,-0.19274789094924927,0.19062617421150208,0.08494529873132706,0.23066311604750317,0.09874086450596217,0.13323122797724007,0.3827349467834171,-0.758013904094696,depth/003282.png,1.0,-0.09828677350498889,0.157243752154777,-0.9826566605698381,0.23066311604750317,0.09874086450596217,0.13323122797724007,-0.758013904094696,0.7797493512479167,-0.6260880754543454,0.002161250176854602,4.5,0.9,0.5999999993999999,0.0,0.011393070220947266,-1.2672602411200273,0.5999999993999999,0.0,0.011393070220947266,-1.2672602411200273,local_avoidance,SAFE_PROGRESSING,NONE,DIRECT_LOCAL,PASS_THROUGH,0,11,0,0,0,0,1,0.5999999993999999,5.271506156204657,inf,0.0,1,0,0,CLEAR,none,nan,0.0,0.0,0,0,0,0,0.0,0,0,1,0,2.0,1.0,"0.633,19.394;0.622,19.464;0.634,19.615;0.666,19.829;0.705,20.045;0.748,20.261;0.792,20.476;0.838,20.692;0.884,20.907;0.930,21.122;0.977,21.337;1.023,21.552;1.069,21.767;1.091,21.875",2.1500000000000004,24.450000000000003,2.0,2.1500000000000004,24.450000000000003,2.0,2.1500000000000004,24.450000000000003,2.0,0.5804214300411845,0.0,0.0,0,0,9,1,,,0,1,PASS_THROUGH,-1,0.7648308444221045,-0.6442253351892939,0.002738050549660478,0.9,0,0.7797493512479167,-0.6260880754543454,0.002161250176854602,4.5,0.9,0,0,0,BYPASS_VISIBLE,1,0,1,0,1
1787562562501539328,1787562562518226688,joint_v2_000008_af4e508d,3283,404,0.03333333333333333,13.466666666666667,16.687393188476562,frame_id_exact,1,,0.6162821650505066,19.41132354736328,1.9910789728164673,-0.07727054735120484,-0.05085027639593059,0.1708976016188312,0.9809370630491204,-0.23611220717430115,0.22795891761779785,0.062261223793029785,0.27870872523113294,0.13831106304270693,0.12158206613821382,0.35124268862294417,-0.8499432802200317,depth/003283.png,1.0,-0.07335113912992985,0.16897546811321612,-0.9828870238050054,0.27870872523113294,0.13831106304270693,0.12158206613821382,-0.8499432802200317,0.798062634766495,-0.6025721219097703,0.0016937788276671808,4.5,0.9,0.6666666659999999,0.0,0.008921027183532715,-1.2827009405547645,0.6666666659999999,0.0,0.008921027183532715,-1.2827009405547645,local_avoidance,SAFE_PROGRESSING,NONE,DIRECT_LOCAL,PASS_THROUGH,0,11,0,0,0,0,1,0.6666666659999999,5.266929920892999,inf,0.0,1,0,0,CLEAR,none,nan,0.0,0.0,0,0,0,0,37.0543973239623,0,0,1,0,2.0,2.0,"0.616,19.411;0.607,19.514;0.638,19.697;0.701,19.955;0.792,20.289;0.908,20.685;1.029,21.087;1.150,21.489;1.269,21.892;1.383,22.296;1.386,22.311",2.1500000000000004,24.450000000000003,2.0,2.1500000000000004,24.450000000000003,2.0,2.1500000000000004,24.450000000000003,2.0,0.5804214300411845,0.0,0.0,0,0,9,1,,,0,1,PASS_THROUGH,-1,0.7648308444221045,-0.6442253351892939,0.002738050549660478,0.9,0,0.798062634766495,-0.6025721219097703,0.0016937788276671808,4.5,0.9,0,0,0,BYPASS_VISIBLE,1,0,1,0,1
1787562562542699008,1787562562558351104,joint_v2_000008_af4e508d,3284,405,0.03333333333333333,13.5,15.651941299438477,frame_id_exact,1,,0.6078234910964966,19.419652938842773,1.9927153587341309,-0.089522513552623,-0.029645362367976196,0.15391212867859247,0.9835740585756196,-0.26938003301620483,0.2734597325325012,0.03595370054244995,0.329590743970429,0.17079163802436823,0.10410885628623157,0.31332311052548545,-0.9305511116981506,depth/003284.png,1.0,-0.030759617513345883,0.18522960563269555,-0.9822137441145836,0.329590743970429,0.17079163802436823,0.10410885628623157,-0.9305511116981506,0.8191882996540646,-0.5735229836513256,0.001384533698999005,4.5,0.9,0.7333333325999999,0.0,0.007284641265869141,-1.2291424282555996,0.7333333325999999,0.0,0.007284641265869141,-1.2291424282555996,local_avoidance,SAFE_PROGRESSING,NONE,DIRECT_LOCAL,PASS_THROUGH,0,11,0,0,0,0,1,0.7333333325999999,5.261435159755081,inf,0.0,1,0,0,CLEAR,none,nan,0.0,0.0,0,0,0,0,0.0,0,0,1,0,2.0,2.0,"0.616,19.411;0.607,19.514;0.638,19.697;0.701,19.955;0.792,20.289;0.908,20.685;1.029,21.087;1.150,21.489;1.269,21.892;1.383,22.296;1.386,22.311",2.1500000000000004,24.450000000000003,2.0,2.1500000000000004,24.450000000000003,2.0,2.1500000000000004,24.450000000000003,2.0,0.5804214300411845,0.0,0.0,0,0,9,1,,,0,1,PASS_THROUGH,-1,0.7648308444221045,-0.6442253351892939,0.002738050549660478,0.9,0,0.8191882996540646,-0.5735229836513256,0.001384533698999005,4.5,0.9,0,0,0,BYPASS_VISIBLE,1,0,1,0,1
1787562562582352384,1787562562599023872,joint_v2_000008_af4e508d,3285,406,0.03333333333333333,13.533333333333333,16.671419143676758,frame_id_exact,1,,0.5984804034233093,19.4296817779541,1.9934849739074707,-0.10455251409142444,-0.0030018806790668563,0.1349353130940767,0.9853183352550356,-0.28857356309890747,0.33011892437934875,0.010210647247731686,0.38532140123670144,0.19029899289045787,0.08758523804875637,0.2698662005723419,-1.0006849765777588,depth/003285.png,1.0,0.02230003630073362,0.20684513768118387,-0.9781195210191023,0.38532140123670144,0.19029899289045787,0.08758523804875637,-1.0006849765777588,0.8421144113840845,-0.5392974882760044,0.0012398703278182733,4.5,0.9,0.7999999991999999,0.0,0.006515026092529297,-1.178938610388246,0.7999999991999999,0.0,0.006515026092529297,-1.178938610388246,local_avoidance,SAFE_PROGRESSING,NONE,DIRECT_LOCAL,PASS_THROUGH,0,11,0,0,0,0,1,0.7999999991999999,5.254598758151531,inf,0.0,1,0,0,CLEAR,none,nan,0.0,0.0,0,0,0,0,0.0,0,0,1,0,2.0,2.0,"0.616,19.411;0.607,19.514;0.638,19.697;0.701,19.955;0.792,20.289;0.908,20.685;1.029,21.087;1.150,21.489;1.269,21.892;1.383,22.296;1.386,22.311",2.1500000000000004,24.450000000000003,2.0,2.1500000000000004,24.450000000000003,2.0,2.1500000000000004,24.450000000000003,2.0,0.5804214300411845,0.0,0.0,0,0,9,1,,,0,1,PASS_THROUGH,-1,0.7648308444221045,-0.6442253351892939,0.002738050549660478,0.9,0,0.8421144113840845,-0.5392974882760044,0.0012398703278182733,4.5,0.9,0,0,0,BYPASS_VISIBLE,1,0,1,0,1
1787562562625139200,1787562562644276736,joint_v2_000008_af4e508d,3286,407,0.03333333333333333,13.566666666666666,19.13738250732422,frame_id_exact,1,,0.5887696146965027,19.441795349121094,1.9933865070343018,-0.12048851732045557,0.02424301591221342,0.11462556417594007,0.9857767360872064,-0.2912791669368744,0.39881661534309387,-0.01657841168344021,0.4481308852623922,0.19423337117270292,0.07500131129479076,0.22261126162431033,-1.0599639415740967,depth/003286.png,1.0,0.07541853074686339,0.23199181592776352,-0.9697895867467969,0.4481308852623922,0.19423337117270292,0.07500131129479076,-1.0599639415740967,0.8654241697381636,-0.5010383389346742,0.001260694488347868,4.5,0.9,0.8666666657999998,0.0,0.006613492965698242,-1.0533554088827395,0.8666666657999998,0.0,0.006613492965698242,-1.0533554088827395,local_avoidance,SAFE_PROGRESSING,NONE,DIRECT_LOCAL,PASS_THROUGH,0,10,0,0,0,0,1,0.8666666657999998,5.245908323739564,inf,0.0,1,0,0,CLEAR,none,nan,0.0,0.0,0,0,0,0,30.068746121014726,0,0,1,0,2.0,2.0,"0.589,19.442;0.588,19.578;0.637,19.791;0.722,20.078;0.841,20.437;0.978,20.835;1.117,21.231;1.255,21.627;1.391,22.025;1.482,22.306",2.1500000000000004,24.450000000000003,2.0,2.1500000000000004,24.450000000000003,2.0,2.1500000000000004,24.450000000000003,2.0,0.5804214300411845,0.0,0.0,0,0,9,1,,,0,1,PASS_THROUGH,-1,0.7648308444221045,-0.6442253351892939,0.002738050549660478,0.9,0,0.8654241697381636,-0.5010383389346742,0.001260694488347868,4.5,0.9,0,0,0,BYPASS_VISIBLE,1,0,1,0,1
1787562562681554688,1787562562697438464,joint_v2_000008_af4e508d,3287,408,0.03333333333333333,13.6,15.883684158325195,frame_id_exact,1,,0.5792400240898132,19.45638656616211,1.992340326309204,-0.13491221588441243,0.047086590704599016,0.09381155339567193,0.9852821623425781,-0.278062105178833,0.47823426127433777,-0.04701601341366768,0.5194276179430365,0.1840511045222544,0.06750695632726458,0.17425033829895373,-1.1056116819381714,depth/003287.png,1.0,0.11809980490187247,0.2570186671498359,-0.9591630939619505,0.5194276179430365,0.1840511045222544,0.06750695632726458,-1.1056116819381714,0.8874529257917759,-0.46089604415302354,0.0014632114374892563,4.5,0.9,0.9333333323999998,0.0,0.0076596736907958984,-0.9849266858561462,0.9333333323999998,0.0,0.0076596736907958984,-0.9849266858561462,local_avoidance,SAFE_PROGRESSING,NONE,DIRECT_LOCAL,PASS_THROUGH,0,10,0,0,0,0,1,0.9333333323999998,5.234831614152231,inf,0.0,1,0,0,CLEAR,none,nan,0.0,0.0,0,0,0,0,0.0,0,0,1,0,2.0,2.0,"0.589,19.442;0.588,19.578;0.637,19.791;0.722,20.078;0.841,20.437;0.978,20.835;1.117,21.231;1.255,21.627;1.391,22.025;1.482,22.306",2.1500000000000004,24.450000000000003,2.0,2.1500000000000004,24.450000000000003,2.0,2.1500000000000004,24.450000000000003,2.0,0.5804214300411845,0.0,0.0,0,0,9,1,,,1,1,PASS_THROUGH,-1,0.8874538758062054,-0.460896537540199,0.0,0.9,0,0.8874529257917759,-0.46089604415302354,0.0014632114374892563,4.5,0.9,0,0,0,BYPASS_VISIBLE,1,0,1,1,1
1787562562724653824,1787562562743045888,joint_v2_000008_af4e508d,3288,409,0.03333333333333333,13.633333333333333,18.392086029052734,frame_id_exact,1,,0.5703712701797485,19.473766326904297,1.990199089050293,-0.14547619662136374,0.0615471622916185,0.07330221770857716,0.9847209797244273,-0.2524099349975586,0.5654308795928955,-0.08222506195306778,0.5991968521046336,0.16456191219576544,0.06376774402646031,0.12811191321964008,-1.1370534896850586,depth/003288.png,1.0,0.14254101957443177,0.2774838387478547,-0.950097246060863,0.5991968521046336,0.16456191219576544,0.06376774402646031,-1.1370534896850586,0.9066635236116436,-0.4218503655999479,0.0018772307553367059,4.5,0.9,0.9999999989999998,0.0,0.009800910949707031,-0.9378387873954314,0.9999999989999998,0.0,0.009800910949707031,-0.9378387873954314,local_avoidance,SAFE_PROGRESSING,NONE,DIRECT_LOCAL,PASS_THROUGH,0,10,0,0,0,0,1,0.9999999989999998,5.220931764860093,inf,0.0,1,0,0,CLEAR,none,nan,0.0,0.0,0,0,0,0,0.0,0,0,1,0,2.0,2.0,"0.589,19.442;0.588,19.578;0.637,19.791;0.722,20.078;0.841,20.437;0.978,20.835;1.117,21.231;1.255,21.627;1.391,22.025;1.482,22.306",2.1500000000000004,24.450000000000003,2.0,2.1500000000000004,24.450000000000003,2.0,2.1500000000000004,24.450000000000003,2.0,0.5804214300411845,0.0,0.0,0,0,9,1,,,0,1,PASS_THROUGH,-1,0.8874529257917759,-0.46089604415302354,0.0014632114374892563,0.9,0,0.9066635236116436,-0.4218503655999479,0.0018772307553367059,4.5,0.9,0,0,0,BYPASS_VISIBLE,1,0,1,1,1
1787562562774102272,1787562562791285504,joint_v2_000008_af4e508d,3289,410,0.03333333333333333,13.666666666666666,17.183303833007812,frame_id_exact,1,,0.5624918341636658,19.494125366210938,1.9868179559707642,-0.15039222479312142,0.06562911993199955,0.05360208935214534,0.9849882300595328,-0.21967002749443054,0.6567244529724121,-0.1209903135895729,0.6857701219223904,0.14253930528442538,0.05985374191647705,0.0868862313877669,-1.1565682888031006,depth/003289.png,1.0,0.14541049630682773,0.28923342672598873,-0.9461499946774529,0.6857701219223904,0.14253930528442538,0.05985374191647705,-1.1565682888031006,0.9222657581975413,-0.3865481273131363,0.002533086461516069,4.5,0.9,1.0666666656,0.0,0.01318204402923584,-0.7252934780685499,1.0666666656,0.0,0.01318204402923584,-0.7252934780685499,local_avoidance,SAFE_PROGRESSING,NONE,DIRECT_LOCAL,PASS_THROUGH,0,9,0,0,0,0,1,1.0666666656,5.203928858317622,inf,0.0,1,0,0,CLEAR,none,nan,0.0,0.0,0,0,0,0,22.73996062235451,0,0,1,0,2.0,2.0,"0.562,19.494;0.572,19.671;0.635,19.922;0.737,20.244;0.870,20.632;1.011,21.027;1.154,21.422;1.296,21.817;1.433,22.214;1.478,22.351",2.1500000000000004,24.450000000000003,2.0,2.1500000000000004,24.450000000000003,2.0,2.1500000000000004,24.450000000000003,2.0,0.5804214300411845,0.0,0.0,0,0,9,1,,,0,1,PASS_THROUGH,-1,0.8874529257917759,-0.46089604415302354,0.0014632114374892563,0.9,0,0.9222657581975413,-0.3865481273131363,0.002533086461516069,4.5,0.9,0,0,0,BYPASS_VISIBLE,1,0,1,1,1
1787562562819449088,1787562562836267776,joint_v2_000008_af4e508d,3290,411,0.03333333333333333,13.7,16.818523406982422,frame_id_exact,1,,0.555740475654602,19.517547607421875,1.9821237325668335,-0.1488118184564747,0.05982381761837169,0.03484358070838241,0.9864390900692549,-0.18565182387828827,0.7483636140823364,-0.1604519486427307,0.775906929691004,0.12515137462598644,0.05064677977587287,0.051384890308304974,-1.1585214138031006,depth/003290.png,1.0,0.1283953776453699,0.2894186375445736,-0.9485523070664821,0.775906929691004,0.12515137462598644,0.05064677977587287,-1.1585214138031006,0.9344730567308657,-0.3560171538919328,0.003448532841706398,4.5,0.9,1.1333333321999999,0.0,0.017876267433166504,-0.6858723361747682,1.1333333321999999,0.0,0.017876267433166504,-0.6858723361747682,local_avoidance,SAFE_PROGRESSING,NONE,DIRECT_LOCAL,PASS_THROUGH,0,9,0,0,0,0,1,1.1333333321999999,5.18370041920014,inf,0.0,1,0,0,CLEAR,none,nan,0.0,0.0,0,0,0,0,0.0,0,0,1,0,2.0,2.0,"0.562,19.494;0.572,19.671;0.635,19.922;0.737,20.244;0.870,20.632;1.011,21.027;1.154,21.422;1.296,21.817;1.433,22.214;1.478,22.351",2.1500000000000004,24.450000000000003,2.0,2.1500000000000004,24.450000000000003,2.0,2.1500000000000004,24.450000000000003,2.0,0.5804214300411845,0.0,0.0,0,0,9,1,,,0,1,PASS_THROUGH,-1,0.8874529257917759,-0.46089604415302354,0.0014632114374892563,0.9,0,0.9344730567308657,-0.3560171538919328,0.003448532841706398,4.5,0.9,0,0,0,BYPASS_VISIBLE,1,0,1,1,1
1787562562866174208,1787562562883932416,joint_v2_000008_af4e508d,3291,412,0.03333333333333333,13.733333333333333,17.75813102722168,frame_id_exact,1,,0.5500744581222534,19.543983459472656,1.9761614799499512,-0.14099602708688488,0.047004888225086736,0.016959860832913357,0.9887482105921557,-0.15522095561027527,0.8372588753700256,-0.19625696539878845,0.8651585632761415,0.11828249590273288,0.03350637949661231,0.020382042169910863,-1.137839674949646,depth/003291.png,1.0,0.0977345442380521,0.2772247462399928,-0.955821321657323,0.8651585632761415,0.11828249590273288,0.03350637949661231,-1.137839674949646,0.9441955306835452,-0.3293530926574026,0.0046195448069131125,4.5,0.9,1.1999999987999999,0.0,0.023838520050048828,-0.6817414438217023,1.1999999987999999,0.0,0.023838520050048828,-0.6817414438217023,local_avoidance,SAFE_PROGRESSING,NONE,DIRECT_LOCAL,PASS_THROUGH,0,9,0,0,0,0,1,1.1999999987999999,5.160306195903564,inf,0.0,1,0,0,CLEAR,none,nan,0.0,0.0,0,0,0,0,0.0,0,0,1,0,2.0,2.0,"0.562,19.494;0.572,19.671;0.635,19.922;0.737,20.244;0.870,20.632;1.011,21.027;1.154,21.422;1.296,21.817;1.433,22.214;1.478,22.351",2.1500000000000004,24.450000000000003,2.0,2.1500000000000004,24.450000000000003,2.0,2.1500000000000004,24.450000000000003,2.0,0.5804214300411845,0.0,0.0,0,0,9,1,,,0,1,PASS_THROUGH,-1,0.8874529257917759,-0.46089604415302354,0.0014632114374892563,0.9,0,0.9441955306835452,-0.3293530926574026,0.0046195448069131125,4.5,0.9,0,0,0,BYPASS_VISIBLE,1,0,1,1,1
1787562562911627264,1787562562928132608,joint_v2_000008_af4e508d,3292,413,0.03333333333333333,13.766666666666667,16.50524139404297,frame_id_exact,1,,0.5453181266784668,19.573307037353516,1.969130039215088,-0.12834916830563486,0.0316284042789349,-0.00027873398982329513,0.9912245241847999,-0.13139969110488892,0.9210197329521179,-0.22411486506462097,0.9486979687425497,0.12508708484971118,0.00980231401993642,-0.008688701423473248,-1.1001150608062744,depth/003292.png,1.0,0.06263014941267882,0.25446331838916825,-0.9650522700760401,0.9486979687425497,0.12508708484971118,0.00980231401993642,-1.1001150608062744,0.9525591693707003,-0.30429405957733496,0.0060128324229838095,4.5,0.9,1.1333333321999999,0.0,0.03086996078491211,-0.5064788924455826,1.1333333321999999,0.0,0.03086996078491211,-0.5064788924455826,local_avoidance,SAFE_PROGRESSING,NONE,DIRECT_LOCAL,PASS_THROUGH,0,9,0,0,0,0,1,1.1333333321999999,5.133920350618276,inf,0.0,1,0,0,CLEAR,none,nan,0.0,0.0,0,0,0,0,17.7160287589127,0,0,1,0,2.0,1.0,"0.545,19.573;0.567,19.784;0.622,19.997;0.687,20.208;0.757,20.416;0.830,20.624;0.904,20.831;0.980,21.037;1.057,21.243;1.134,21.449;1.210,21.656;1.286,21.862;1.324,21.965",2.1500000000000004,24.450000000000003,2.0,2.1500000000000004,24.450000000000003,2.0,2.1500000000000004,24.450000000000003,2.0,0.5804214300411845,0.0,0.0,0,0,9,1,,,0,1,PASS_THROUGH,-1,0.8874529257917759,-0.46089604415302354,0.0014632114374892563,0.9,0,0.9525591693707003,-0.30429405957733496,0.0060128324229838095,4.5,0.9,0,0,0,BYPASS_VISIBLE,1,0,1,1,1
1787562562953730304,1787562562971450368,joint_v2_000008_af4e508d,3293,414,0.03333333333333333,13.8,17.71998405456543,frame_id_exact,1,,0.5412397980690002,19.605342864990234,1.9614760875701904,-0.11125271946407674,0.017946709230570193,-0.01704135379434358,0.9934839406354271,-0.11438336968421936,1.0001665353775024,-0.23063157498836517,1.0225343013197663,0.1447537116484613,-0.00880583439879487,-0.037882158875905875,-1.0376583337783813,depth/003293.png,1.0,0.031867740909709764,0.221667252722042,-0.9746014960792816,1.0225343013197663,0.1447537116484613,-0.00880583439879487,-1.0376583337783813,0.9602700578736545,-0.2789703704062045,0.007546415490386277,4.5,0.9,1.0666666656,0.0,0.03852391242980957,-0.48070872847051693,1.0666666656,0.0,0.03852391242980957,-0.48070872847051693,local_avoidance,SAFE_PROGRESSING,NONE,DIRECT_LOCAL,PASS_THROUGH,0,8,0,0,0,0,1,1.0666666656,5.104783261130499,inf,0.0,1,0,0,CLEAR,none,nan,0.0,0.0,0,0,0,0,0.0,0,0,1,0,2.0,1.0,"0.545,19.573;0.567,19.784;0.622,19.997;0.687,20.208;0.757,20.416;0.830,20.624;0.904,20.831;0.980,21.037;1.057,21.243;1.134,21.449;1.210,21.656;1.286,21.862;1.324,21.965",2.1500000000000004,24.450000000000003,2.0,2.1500000000000004,24.450000000000003,2.0,2.1500000000000004,24.450000000000003,2.0,0.5804214300411845,0.0,0.0,0,0,9,1,,,1,1,PASS_THROUGH,-1,0.9602974019568828,-0.27897831420176916,0.0,0.9,0,0.9602700578736545,-0.2789703704062045,0.007546415490386277,4.5,0.9,0,0,0,BYPASS_VISIBLE,1,0,1,1,1
1787562562998541568,1787562563014102272,joint_v2_000008_af4e508d,3294,415,0.03333333333333333,13.833333333333334,15.560626983642578,frame_id_exact,1,,0.537621021270752,19.639883041381836,1.9539982080459595,-0.08672486020247343,0.007617595068041772,-0.033057922395552164,0.9956545307661341,-0.1037856861948967,1.069722294807434,-0.2158593237400055,1.0819848866533082,0.1733417968471209,-0.030558645784132393,-0.06720337283288527,-0.9532895088195801,depth/003294.png,1.0,0.009435098689398142,0.17319964371450466,-0.9848415417364815,1.0819848866533082,0.1733417968471209,-0.030558645784132393,-0.9532895088195801,0.9673121726728284,-0.2534264087668023,0.009067300509711817,4.5,0.9,1.0,0.0,0.04600179195404053,-0.48567698567198503,1.0,0.0,0.04600179195404053,-0.48567698567198503,local_avoidance,SAFE_PROGRESSING,NONE,DIRECT_LOCAL,PASS_THROUGH,0,8,0,0,0,0,1,1.0,5.073163818233555,inf,0.0,1,0,0,CLEAR,none,nan,0.0,0.0,0,0,0,0,0.0,0,0,1,0,2.0,1.0,"0.545,19.573;0.567,19.784;0.622,19.997;0.687,20.208;0.757,20.416;0.830,20.624;0.904,20.831;0.980,21.037;1.057,21.243;1.134,21.449;1.210,21.656;1.286,21.862;1.324,21.965",2.1500000000000004,24.450000000000003,2.0,2.1500000000000004,24.450000000000003,2.0,2.1500000000000004,24.450000000000003,2.0,0.5804214300411845,0.0,0.0,0,0,9,1,,,0,1,PASS_THROUGH,-1,0.9602700578736545,-0.2789703704062045,0.007546415490386277,0.9,0,0.9673121726728284,-0.2534264087668023,0.009067300509711817,4.5,0.9,0,0,0,BYPASS_VISIBLE,1,0,1,1,1
1787562563037815808,1787562563054405632,joint_v2_000008_af4e508d,3295,416,0.03333333333333333,13.866666666666667,16.589879989624023,frame_id_exact,1,,0.5342597961425781,19.67644691467285,1.9471756219863892,-0.054203152271831076,0.001752976663503972,-0.04797883793244005,0.997375043034097,-0.09861744195222855,1.1205352544784546,-0.1931183636188507,1.1202854148061565,0.20594662193404933,-0.07187445331736583,-0.09604355281010589,-0.8571576476097107,depth/003295.png,1.0,-0.0017044581661550219,0.10828995422587767,-0.9941178907132278,1.1202854148061565,0.20594662193404933,-0.07187445331736583,-0.8571576476097107,0.9735377291185773,-0.22828585602600246,0.01048131294825413,4.5,0.9,1.0666666666,0.0,0.05282437801361084,-0.2849204584687759,1.0666666666,0.0,0.05282437801361084,-0.2849204584687759,local_avoidance,SAFE_PROGRESSING,NONE,DIRECT_LOCAL,PASS_THROUGH,0,8,0,0,0,0,1,1.0666666666,5.0395858425864315,inf,0.0,1,0,0,CLEAR,none,nan,0.0,0.0,0,0,0,0,13.196911915669293,0,0,1,0,2.0,2.0,"0.534,19.676;0.567,19.938;0.662,20.270;0.797,20.660;0.944,21.053;1.096,21.445;1.247,21.837;1.394,22.230;1.496,22.518",2.1500000000000004,24.450000000000003,2.0,2.1500000000000004,24.450000000000003,2.0,2.1500000000000004,24.450000000000003,2.0,0.5804214300411845,0.0,0.0,0,0,9,1,,,0,1,PASS_THROUGH,-1,0.9602700578736545,-0.2789703704062045,0.007546415490386277,0.9,0,0.9735377291185773,-0.22828585602600246,0.01048131294825413,4.5,0.9,0,0,0,BYPASS_VISIBLE,1,0,1,1,1
1787562563078751488,1787562563095424768,joint_v2_000008_af4e508d,3296,417,0.03333333333333333,13.9,16.67308807373047,frame_id_exact,1,,0.5310138463973999,19.71430015563965,1.9410641193389893,-0.01723143449252251,0.0025249058013915673,-0.06157107932093535,0.9979507526462812,-0.0962672084569931,1.1461563110351562,-0.17446652054786682,1.131018178926124,0.2359777336913128,-0.13598757179406132,-0.12328945070478692,-0.7610238194465637,depth/003296.png,1.0,0.0029175472498141433,0.034703168392726594,-0.999393405032048,1.131018178926124,0.2359777336913128,-0.13598757179406132,-0.7610238194465637,0.9787639208180426,-0.204652229621492,0.011775067551588483,4.5,0.9,1.1333333332,0.0,0.05893588066101074,-0.2660970957106945,1.1333333332,0.0,0.05893588066101074,-0.2660970957106945,local_avoidance,SAFE_PROGRESSING,NONE,DIRECT_LOCAL,PASS_THROUGH,0,8,0,0,0,0,1,1.1333333332,5.004794619305734,inf,0.0,1,0,0,CLEAR,none,nan,0.0,0.0,0,0,0,0,0.0,0,0,1,0,2.0,2.0,"0.534,19.676;0.567,19.938;0.662,20.270;0.797,20.660;0.944,21.053;1.096,21.445;1.247,21.837;1.394,22.230;1.496,22.518",2.1500000000000004,24.450000000000003,2.0,2.1500000000000004,24.450000000000003,2.0,2.1500000000000004,24.450000000000003,2.0,0.5804214300411845,0.0,0.0,0,0,9,1,,,0,1,PASS_THROUGH,-1,0.9602700578736545,-0.2789703704062045,0.007546415490386277,0.9,0,0.9787639208180426,-0.204652229621492,0.011775067551588483,4.5,0.9,0,0,0,BYPASS_VISIBLE,1,0,1,1,1
1787562563123019520,1787562563152710400,joint_v2_000008_af4e508d,3297,418,0.03333333333333333,13.933333333333334,29.690980911254883,frame_id_exact,1,,0.5278652310371399,19.75258445739746,1.935591459274292,0.014232730776778005,0.012584808974518377,-0.07367722529868098,0.9971011575712858,-0.09174846112728119,1.147056221961975,-0.1526508331298828,1.1165754741183138,0.2546950968452249,-0.1893347605608,-0.14715379470031928,-0.6762062907218933,depth/003297.png,1.0,0.027193911416723848,-0.026528517053538727,-0.9992781039154213,1.1165754741183138,0.2546950968452249,-0.1893347605608,-0.6762062907218933,0.9827892507717652,-0.18427518215021865,0.012959390841247842,4.5,0.9,1.1999999998,0.0,0.06440854072570801,-0.2957674228093238,1.1999999998,0.0,0.06440854072570801,-0.2957674228093238,local_avoidance,SAFE_PROGRESSING,NONE,DIRECT_LOCAL,PASS_THROUGH,0,8,0,0,0,0,1,1.1999999998,4.969611050028173,inf,0.0,1,0,0,CLEAR,none,nan,0.0,0.0,0,0,0,0,0.0,0,0,1,0,2.0,2.0,"0.534,19.676;0.567,19.938;0.662,20.270;0.797,20.660;0.944,21.053;1.096,21.445;1.247,21.837;1.394,22.230;1.496,22.518",2.1500000000000004,24.450000000000003,2.0,2.1500000000000004,24.450000000000003,2.0,2.1500000000000004,24.450000000000003,2.0,0.5804214300411845,0.0,0.0,0,0,9,1,,,0,1,PASS_THROUGH,-1,0.9602700578736545,-0.2789703704062045,0.007546415490386277,0.9,0,0.9827892507717652,-0.18427518215021865,0.012959390841247842,4.5,0.9,0,0,0,BYPASS_VISIBLE,1,0,1,1,1
1787562563189576448,1787562563206332928,joint_v2_000008_af4e508d,3298,419,0.03333333333333333,13.966666666666667,16.756534576416016,frame_id_exact,1,,0.5249950885772705,19.790557861328125,1.9309555292129517,0.03147073279749693,0.03122272210936988,-0.0841822371373829,0.9954637540120761,-0.07846982777118683,1.1291338205337524,-0.12511467933654785,1.090406380116305,0.25578900623207557,-0.20576756795359796,-0.16678590598202542,-0.6144676208496094,depth/003298.png,1.0,0.06746072970543057,-0.05739915043084335,-0.9960694692025392,1.090406380116305,0.25578900623207557,-0.20576756795359796,-0.6144676208496094,0.9856940285632679,-0.16796295133976838,0.013990319222602044,4.5,0.9,1.2666666664,0.0,0.06904447078704834,-0.1356874563175675,1.2666666664,0.0,0.06904447078704834,-0.1356874563175675,local_avoidance,SAFE_PROGRESSING,NONE,DIRECT_LOCAL,PASS_THROUGH,0,7,0,0,0,0,1,1.2666666664,4.934677497646544,inf,0.0,1,0,0,CLEAR,none,nan,0.0,0.0,0,0,0,0,9.670357331953152,0,0,1,0,2.0,2.0,"0.525,19.791;0.561,20.054;0.660,20.385;0.799,20.775;0.950,21.167;1.104,21.557;1.259,21.948;1.410,22.339;1.513,22.623",2.1500000000000004,24.450000000000003,2.0,2.1500000000000004,24.450000000000003,2.0,2.1500000000000004,24.450000000000003,2.0,0.5804214300411845,0.0,0.0,0,0,9,1,,,0,1,PASS_THROUGH,-1,0.9602700578736545,-0.2789703704062045,0.007546415490386277,0.9,0,0.9856940285632679,-0.16796295133976838,0.013990319222602044,4.5,0.9,0,0,0,BYPASS_VISIBLE,1,0,1,1,1
1787562563232994048,1787562563249803008,joint_v2_000008_af4e508d,3299,420,0.03333333333333333,14.0,16.80898666381836,frame_id_exact,1,,0.5227969884872437,19.827768325805664,1.92727530002594,0.029693260487466257,0.05459478749063182,-0.09306252337664174,0.993718816468345,-0.05069001391530037,1.103461742401123,-0.09599325060844421,1.068173331906207,0.23907786763873215,-0.176803576959688,-0.1839423415879211,-0.5695117712020874,depth/003299.png,1.0,0.11403039471755,-0.04885204596320306,-0.9922754389209525,1.068173331906207,0.23907786763873215,-0.176803576959688,-0.5695117712020874,0.9879725274157484,-0.1539158247151878,0.014839271342690004,4.5,0.9,1.333333333,0.0,0.07272469997406006,-0.13864194617689785,1.333333333,0.0,0.07272469997406006,-0.13864194617689785,local_avoidance,SAFE_PROGRESSING,NONE,DIRECT_LOCAL,PASS_THROUGH,0,7,0,0,0,0,1,1.333333333,4.900287266130587,inf,0.0,1,0,0,CLEAR,none,nan,0.0,0.0,0,0,0,0,0.0,0,0,1,0,2.0,2.0,"0.525,19.791;0.561,20.054;0.660,20.385;0.799,20.775;0.950,21.167;1.104,21.557;1.259,21.948;1.410,22.339;1.513,22.623",2.1500000000000004,24.450000000000003,2.0,2.1500000000000004,24.450000000000003,2.0,2.1500000000000004,24.450000000000003,2.0,0.5804214300411845,0.0,0.0,0,0,9,1,,,1,1,PASS_THROUGH,-1,0.9880813231223743,-0.15393277395258673,0.0,0.9,0,0.9879725274157484,-0.1539158247151878,0.014839271342690004,4.5,0.9,0,0,0,BYPASS_VISIBLE,1,0,1,1,1
1787562563277029120,1787562563295012096,joint_v2_000008_af4e508d,3300,421,0.03333333333333333,14.033333333333333,17.982959747314453,frame_id_exact,1,,0.5218064785003662,19.86418914794922,1.9245191812515259,0.009053080101178852,0.07725525887825135,-0.10023846161559762,0.9919183018420793,-0.006003665737807751,1.0837147235870361,-0.07065287977457047,1.0603823808083426,0.20884280572389907,-0.10695496487147681,-0.201231311569145,-0.532608687877655,depth/003300.png,1.0,0.1550767440342205,-0.002471935077461981,-0.987899333432672,1.0603823808083426,0.20884280572389907,-0.10695496487147681,-0.532608687877655,0.9901058885285705,-0.13946252727091096,0.01550912596700271,4.5,0.9,1.3999999995999999,0.0,0.07548081874847412,-0.17582700816154595,1.3999999995999999,0.0,0.07548081874847412,-0.17582700816154595,local_avoidance,SAFE_PROGRESSING,NONE,DIRECT_LOCAL,PASS_THROUGH,0,7,0,0,0,0,1,1.3999999995999999,4.8662794118546175,inf,0.0,1,0,0,CLEAR,none,nan,0.0,0.0,0,0,0,0,0.0,0,0,1,0,2.0,2.0,"0.525,19.791;0.561,20.054;0.660,20.385;0.799,20.775;0.950,21.167;1.104,21.557;1.259,21.948;1.410,22.339;1.513,22.623",2.1500000000000004,24.450000000000003,2.0,2.1500000000000004,24.450000000000003,2.0,2.1500000000000004,24.450000000000003,2.0,0.5804214300411845,0.0,0.0,0,0,9,1,,,0,1,PASS_THROUGH,-1,0.9879725274157484,-0.1539158247151878,0.014839271342690004,0.9,0,0.9901058885285705,-0.13946252727091096,0.01550912596700271,4.5,0.9,0,0,0,BYPASS_VISIBLE,1,0,1,1,1
1787562563323257600,1787562563338892032,joint_v2_000008_af4e508d,3301,422,0.03333333333333333,14.066666666666666,15.634298324584961,frame_id_exact,1,,0.522559642791748,19.900218963623047,1.9224400520324707,-0.025842351991411324,0.09379707980878903,-0.10575052626172698,0.989621698861875,0.05319228395819664,1.0817933082580566,-0.056355878710746765,1.0710287432862182,0.17044936421484086,-0.011252165274354832,-0.21947495452922955,-0.5034793615341187,depth/003301.png,1.0,0.18018156629144827,0.07098648566383936,-0.9810685613257913,1.0710287432862182,0.17044936421484086,-0.011252165274354832,-0.5034793615341187,0.9921891147420531,-0.12370606939165277,0.016048955824250238,4.5,0.9,1.4666666661999999,0.0,0.0775599479675293,-0.10851528130504773,1.4666666661999999,0.0,0.0775599479675293,-0.10851528130504773,local_avoidance,SAFE_PROGRESSING,NONE,DIRECT_LOCAL,PASS_THROUGH,0,7,0,0,0,0,1,1.4666666661999999,4.832087498715797,inf,0.0,1,0,0,CLEAR,none,nan,0.0,0.0,0,0,0,0,7.106959112322957,0,0,1,0,2.0,2.0,"0.523,19.900;0.574,20.151;0.676,20.472;0.815,20.856;0.965,21.248;1.118,21.639;1.271,22.030;1.421,22.422;1.533,22.725",2.1500000000000004,24.450000000000003,2.0,2.1500000000000004,24.450000000000003,2.0,2.1500000000000004,24.450000000000003,2.0,0.5804214300411845,0.0,0.0,0,0,9,1,,,0,1,PASS_THROUGH,-1,0.9879725274157484,-0.1539158247151878,0.014839271342690004,0.9,0,0.9921891147420531,-0.12370606939165277,0.016048955824250238,4.5,0.9,0,0,0,BYPASS_VISIBLE,1,0,1,1,1
1787562563366113536,1787562563384881408,joint_v2_000008_af4e508d,3302,423,0.03333333333333333,14.1,18.7680721282959,frame_id_exact,1,,0.5254455804824829,19.936580657958984,1.9205803871154785,-0.06821310367917018,0.10018433873310167,-0.10975204774763812,0.9865417166923385,0.12072719633579254,1.1044026613235474,-0.05808018147945404,1.1011064888246158,0.1282465670351207,0.0936531903693276,-0.23635329357787374,-0.47833722829818726,depth/003302.png,1.0,0.18269900341486,0.1565810174655239,-0.9706201415181318,1.1011064888246158,0.1282465670351207,0.0936531903693276,-0.47833722829818726,0.9939130484357108,-0.10891652755507424,0.01655421923792523,4.5,0.9,1.5333333327999998,0.0,0.07941961288452148,-0.09590606889930187,1.5333333327999998,0.0,0.07941961288452148,-0.09590606889930187,local_avoidance,SAFE_PROGRESSING,NONE,DIRECT_LOCAL,PASS_THROUGH,0,7,0,0,0,0,1,1.5333333327999998,4.796887659627218,inf,0.0,1,0,0,CLEAR,none,nan,0.0,0.0,0,0,0,0,0.0,0,0,1,0,2.0,2.0,"0.523,19.900;0.574,20.151;0.676,20.472;0.815,20.856;0.965,21.248;1.118,21.639;1.271,22.030;1.421,22.422;1.533,22.725",2.1500000000000004,24.450000000000003,2.0,2.1500000000000004,24.450000000000003,2.0,2.1500000000000004,24.450000000000003,2.0,0.5804214300411845,0.0,0.0,0,0,9,1,,,0,1,PASS_THROUGH,-1,0.9879725274157484,-0.1539158247151878,0.014839271342690004,0.9,0,0.9939130484357108,-0.10891652755507424,0.01655421923792523,4.5,0.9,0,0,0,BYPASS_VISIBLE,1,0,1,1,1
1787562563413727744,1787562563430558720,joint_v2_000008_af4e508d,3303,424,0.03333333333333333,14.133333333333333,16.830921173095703,frame_id_exact,1,,0.5306105613708496,19.9741268157959,1.9183496236801147,-0.11082498683289893,0.09467770613542507,-0.11243401820100087,0.982910243005738,0.18858572840690613,1.1524697542190552,-0.07895193248987198,1.151628558492449,0.08574591652014772,0.1907454325982712,-0.24774388522105015,-0.4555245041847229,depth/003303.png,1.0,0.16119837711620133,0.2391520193477836,-0.9575079085088437,1.151628558492449,0.08574591652014772,0.1907454325982712,-0.4555245041847229,0.9949167270047269,-0.09922968211990502,0.017151574638619816,4.5,0.9,1.5999999993999998,0.0,0.08165037631988525,-0.11815780305136525,1.5999999993999998,0.0,0.08165037631988525,-0.11815780305136525,local_avoidance,SAFE_PROGRESSING,NONE,DIRECT_LOCAL,PASS_THROUGH,0,7,0,0,0,0,1,1.5999999993999998,4.759817529593023,inf,0.0,1,0,0,CLEAR,none,nan,0.0,0.0,0,0,0,0,0.0,0,0,1,0,2.0,2.0,"0.523,19.900;0.574,20.151;0.676,20.472;0.815,20.856;0.965,21.248;1.118,21.639;1.271,22.030;1.421,22.422;1.533,22.725",2.1500000000000004,24.450000000000003,2.0,2.1500000000000004,24.450000000000003,2.0,2.1500000000000004,24.450000000000003,2.0,0.5804214300411845,0.0,0.0,0,0,9,1,,,0,1,PASS_THROUGH,-1,0.9879725274157484,-0.1539158247151878,0.014839271342690004,0.9,0,0.9949167270047269,-0.09922968211990502,0.017151574638619816,4.5,0.9,0,0,0,BYPASS_VISIBLE,1,0,1,1,1
1787562563455997184,1787562563472527104,joint_v2_000008_af4e508d,3304,425,0.03333333333333333,14.166666666666666,16.52979850769043,frame_id_exact,1,,0.5379365682601929,20.013656616210938,1.9150947332382202,-0.14681610043081691,0.07812442842986336,-0.11418163284592146,0.979440738920653,0.24930791556835175,1.222245454788208,-0.11921288073062897,1.2241397211119531,0.047404673288699836,0.26359977161201453,-0.2510160616520357,-0.43750229477882385,depth/003304.png,1.0,0.11950909166767515,0.30543608938936845,-0.9446832126735909,1.2241397211119531,0.047404673288699836,0.26359977161201453,-0.43750229477882385,0.9950871830881297,-0.09735523453036439,0.01798489263990221,4.5,0.9,1.6666666659999998,0.0,0.08490526676177979,-0.12832141792961937,1.6666666659999998,0.0,0.08490526676177979,-0.12832141792961937,local_avoidance,SAFE_PROGRESSING,NONE,DIRECT_LOCAL,PASS_THROUGH,0,7,0,0,0,0,1,1.6666666659999998,4.72015795570887,inf,0.0,1,0,0,CLEAR,none,nan,0.0,0.0,0,0,0,0,5.5877999899666335,0,0,1,0,2.0,2.0,"0.538,20.014;0.616,20.292;0.736,20.642;0.881,21.036;1.030,21.429;1.180,21.821;1.330,22.213;1.479,22.606;1.563,22.833",2.1500000000000004,24.450000000000003,2.0,2.1500000000000004,24.450000000000003,2.0,2.1500000000000004,24.450000000000003,2.0,0.5804214300411845,0.0,0.0,0,0,9,1,,,0,1,PASS_THROUGH,-1,0.9879725274157484,-0.1539158247151878,0.014839271342690004,0.9,0,0.9950871830881297,-0.09735523453036439,0.01798489263990221,4.5,0.9,0,0,0,BYPASS_VISIBLE,1,0,1,1,1
1787562563498316032,1787562563514165504,joint_v2_000008_af4e508d,3305,426,0.03333333333333333,14.2,15.84935188293457,frame_id_exact,1,,0.5470944046974182,20.0557861328125,1.9102251529693604,-0.17048196346915184,0.053923856389418996,-0.11562418638296743,0.9770666125536545,0.29798004031181335,1.3076549768447876,-0.17437496781349182,1.3187943019968873,0.019720938306689986,0.2992539822692001,-0.2473796804419491,-0.42213499546051025,depth/003305.png,1.0,0.06595072275829579,0.3456142731399172,-0.9360562356875922,1.3187943019968873,0.019720938306689986,0.2992539822692001,-0.42213499546051025,0.994578744605825,-0.1022001893861286,0.019189634382668293,4.5,0.9,1.7333333325999998,0.0,0.08977484703063965,-0.15448530773792657,1.7333333325999998,0.0,0.08977484703063965,-0.15448530773792657,local_avoidance,SAFE_PROGRESSING,NONE,DIRECT_LOCAL,PASS_THROUGH,0,7,0,0,0,0,1,1.7333333325999998,4.677437531174016,inf,0.0,1,0,0,CLEAR,none,nan,0.0,0.0,0,0,0,0,0.0,0,0,1,0,2.0,2.0,"0.538,20.014;0.616,20.292;0.736,20.642;0.881,21.036;1.030,21.429;1.180,21.821;1.330,22.213;1.479,22.606;1.563,22.833",2.1500000000000004,24.450000000000003,2.0,2.1500000000000004,24.450000000000003,2.0,2.1500000000000004,24.450000000000003,2.0,0.5804214300411845,0.0,0.0,0,0,9,1,,,1,1,PASS_THROUGH,-1,0.9947619180632294,-0.10221901178922015,0.0,0.9,0,0.994578744605825,-0.1022001893861286,0.019189634382668293,4.5,0.9,0,0,0,BYPASS_VISIBLE,1,0,1,1,1
1787562563540527616,1787562563557109248,joint_v2_000008_af4e508d,3306,427,0.03333333333333333,14.233333333333333,16.58177375793457,frame_id_exact,1,,0.5576444268226624,20.100934982299805,1.9033937454223633,-0.17835037899255213,0.02723499237555215,-0.11745299811146095,0.9765521956035662,0.3326910734176636,1.4024746417999268,-0.23525100946426392,1.4310958674863739,0.009673385250668382,0.2912602828378775,-0.2414676652221185,-0.40395382046699524,depth/003306.png,1.0,0.011297209749202536,0.35473457139991266,-0.9348987950070333,1.4310958674863739,0.009673385250668382,0.2912602828378775,-0.40395382046699524,0.9937935361707162,-0.10926802751458282,0.020854391105372006,4.5,0.9,1.7999999991999998,0.0,0.09660625457763672,-0.20191107556320698,1.7999999991999998,0.0,0.09660625457763672,-0.20191107556320698,local_avoidance,SAFE_PROGRESSING,NONE,DIRECT_LOCAL,PASS_THROUGH,0,7,0,0,0,0,1,1.7999999991999998,4.631410454668486,inf,0.0,1,0,0,CLEAR,none,nan,0.0,0.0,0,0,0,0,0.0,0,0,1,0,2.0,2.0,"0.538,20.014;0.616,20.292;0.736,20.642;0.881,21.036;1.030,21.429;1.180,21.821;1.330,22.213;1.479,22.606;1.563,22.833",2.1500000000000004,24.450000000000003,2.0,2.1500000000000004,24.450000000000003,2.0,2.1500000000000004,24.450000000000003,2.0,0.5804214300411845,0.0,0.0,0,0,9,1,,,0,1,PASS_THROUGH,-1,0.994578744605825,-0.1022001893861286,0.019189634382668293,0.9,0,0.9937935361707162,-0.10926802751458282,0.020854391105372006,4.5,0.9,0,0,0,BYPASS_VISIBLE,1,0,1,1,1
1787562563590447616,1787562563608531456,joint_v2_000008_af4e508d,3307,428,0.03333333333333333,14.266666666666667,18.083810806274414,frame_id_exact,1,,0.5691189765930176,20.14931297302246,1.8945761919021606,-0.17025091786126606,0.003634586244887651,-0.12017384068065956,0.9780386816308875,0.35355696082115173,1.500218391418457,-0.2925635874271393,1.5502771431151137,0.02106786085616049,0.2396833827308374,-0.23870247437683223,-0.3789978623390198,depth/003307.png,1.0,-0.033809881479144335,0.3338975308796288,-0.9420028295004498,1.5502771431151137,0.02106786085616049,0.2396833827308374,-0.3789978623390198,0.9932967661953889,-0.11328037799308427,0.02300196138434853,4.5,0.9,1.8666666657999997,0.0,0.10542380809783936,-0.16832040849137864,1.8666666657999997,0.0,0.10542380809783936,-0.16832040849137864,local_avoidance,SAFE_PROGRESSING,NONE,DIRECT_LOCAL,PASS_THROUGH,0,7,0,0,0,0,1,1.8666666657999997,4.582040344015015,inf,0.0,1,0,0,CLEAR,none,nan,0.0,0.0,0,0,0,0,6.506178647814236,0,0,1,0,2.0,2.0,"0.569,20.149;0.612,20.308;0.668,20.483;0.734,20.676;0.805,20.874;0.878,21.071;0.952,21.267;1.027,21.463;1.103,21.659;1.179,21.855;1.255,22.051;1.331,22.246;1.407,22.442;1.482,22.639;1.556,22.835;1.604,22.965",2.1500000000000004,24.450000000000003,2.0,2.1500000000000004,24.450000000000003,2.0,2.1500000000000004,24.450000000000003,2.0,0.5804214300411845,0.0,0.0,0,0,9,1,,,0,1,PASS_THROUGH,-1,0.994578744605825,-0.1022001893861286,0.019189634382668293,0.9,0,0.9932967661953889,-0.11328037799308427,0.02300196138434853,4.5,0.9,0,0,0,BYPASS_VISIBLE,1,0,1,1,1
1787562563634232832,1787562563650847744,joint_v2_000008_af4e508d,3308,429,0.03333333333333333,14.3,16.614913940429688,frame_id_exact,1,,0.5810827612876892,20.20090675354004,1.884009838104248,-0.14902779867833438,-0.012021107020303708,-0.12399083017983482,0.9809548828760738,0.36257651448249817,1.593930959701538,-0.3392789363861084,1.661807215329464,0.05124346892701866,0.15152133775772442,-0.24248565169365754,-0.34289631247520447,depth/003308.png,1.0,-0.06054048821428548,0.289398079517313,-0.9552924164141925,1.661807215329464,0.05124346892701866,0.15152133775772442,-0.34289631247520447,0.9934955251331732,-0.11095635901107448,0.02559937372995559,4.5,0.9,1.9333333323999997,0.0,0.11599016189575195,-0.17776673716681068,1.9333333323999997,0.0,0.11599016189575195,-0.17776673716681068,local_avoidance,SAFE_PROGRESSING,NONE,DIRECT_LOCAL,PASS_THROUGH,0,7,0,0,0,0,1,1.9333333323999997,4.529491662321539,inf,0.0,1,0,0,CLEAR,none,nan,0.0,0.0,0,0,0,0,0.0,0,0,1,0,2.0,2.0,"0.569,20.149;0.612,20.308;0.668,20.483;0.734,20.676;0.805,20.874;0.878,21.071;0.952,21.267;1.027,21.463;1.103,21.659;1.179,21.855;1.255,22.051;1.331,22.246;1.407,22.442;1.482,22.639;1.556,22.835;1.604,22.965",2.1500000000000004,24.450000000000003,2.0,2.1500000000000004,24.450000000000003,2.0,2.1500000000000004,24.450000000000003,2.0,0.5804214300411845,0.0,0.0,0,0,9,1,,,0,1,PASS_THROUGH,-1,0.994578744605825,-0.1022001893861286,0.019189634382668293,0.9,0,0.9934955251331732,-0.11095635901107448,0.02559937372995559,4.5,0.9,0,0,0,BYPASS_VISIBLE,1,0,1,1,1
1787562563675825152,1787562563692431360,joint_v2_000008_af4e508d,3309,430,0.03333333333333333,14.333333333333334,16.60633087158203,frame_id_exact,1,,0.5932053923606873,20.255470275878906,1.8721578121185303,-0.11966000599425707,-0.016558733747013405,-0.12875197965010235,0.9842917347201131,0.36396193504333496,1.677608847618103,-0.3684786260128021,1.752867092328267,0.0902267994166035,0.0439581038603053,-0.25267952551852996,-0.29827457666397095,depth/003309.png,1.0,-0.06341017484264003,0.231296770252559,-0.9708145826042998,1.752867092328267,0.0902267994166035,0.0439581038603053,-0.29827457666397095,0.9943240856070165,-0.10248814425559274,0.028562091464302417,4.47411321458345,0.8948226429166899,1.8666666657999997,0.0,0.12784218788146973,0.058091420960560414,1.8666666657999997,0.0,0.12784218788146973,0.058091420960560414,goal_capture,TERMINAL_SETTLING,NONE,DIRECT_LOCAL,PASS_THROUGH,0,7,0,0,0,0,1,1.8666666657999997,4.47411321458345,inf,0.0,1,0,0,CLEAR,none,nan,0.0,0.0,0,0,0,0,5.884876376308812,0,0,1,1,0.0,0.6,"0.593,20.255;0.677,20.630;0.786,21.035;0.925,21.431;1.092,21.816;1.270,22.197;1.439,22.582;1.596,22.971;1.746,23.363;1.891,23.752;2.010,24.073;2.097,24.307;2.149,24.447;2.150,24.450",2.1500000000000004,24.450000000000003,2.0,2.1500000000000004,24.450000000000003,2.0,2.1500000000000004,24.450000000000003,2.0,0.5804214300411845,0.0,0.0,0,0,9,1,,,0,1,PASS_THROUGH,-1,0.994578744605825,-0.1022001893861286,0.019189634382668293,0.9,0,0.9943240856070165,-0.10248814425559274,0.028562091464302417,4.475939307219499,0.8951878614438998,0,0,0,BYPASS_VISIBLE,1,0,1,1,1
1787562563726250240,1787562563741019904,joint_v2_000008_af4e508d,3310,431,0.03333333333333333,14.366666666666667,14.769792556762695,frame_id_exact,1,,0.6053292155265808,20.312591552734375,1.8597218990325928,-0.08615412659555197,-0.009797445083298361,-0.13393856753438665,0.9871889062723679,0.3637411296367645,1.7465015649795532,-0.3738914430141449,1.817333418854345,0.12414662053892689,-0.06524567685753907,-0.2661240489945187,-0.2424183338880539,depth/003310.png,1.0,-0.04242257879885866,0.1674762844895205,-0.9849629530807947,1.817333418854345,0.12414662053892689,-0.06524567685753907,-0.2424183338880539,0.995342841942727,-0.0910205114483389,0.03174733829879091,4.416351038120804,0.8832702076241608,1.7999999991999998,0.0,0.14027810096740723,0.11155597211764623,1.7999999991999998,0.0,0.14027810096740723,0.11155597211764623,goal_capture,TERMINAL_SETTLING,NONE,DIRECT_LOCAL,PASS_THROUGH,0,7,0,0,0,0,1,1.7999999991999998,4.416351038120804,inf,0.0,1,0,0,CLEAR,none,nan,0.0,0.0,0,0,0,0,5.224960159536495,0,0,1,1,0.0,0.6,"0.605,20.313;0.689,20.700;0.796,21.106;0.939,21.501;1.114,21.883;1.296,22.261;1.464,22.646;1.619,23.037;1.769,23.429;1.911,23.811;2.026,24.118;2.108,24.337;2.150,24.450",2.1500000000000004,24.450000000000003,2.0,2.1500000000000004,24.450000000000003,2.0,2.1500000000000004,24.450000000000003,2.0,0.5804214300411845,0.0,0.0,0,0,9,1,,,0,1,PASS_THROUGH,-1,0.994578744605825,-0.1022001893861286,0.019189634382668293,0.9,0,0.995342841942727,-0.0910205114483389,0.03174733829879091,4.418578327643602,0.8837156655287204,0,0,0,BYPASS_VISIBLE,1,0,1,1,1
1787562563769730816,1787562563787528960,joint_v2_000008_af4e508d,3311,432,0.03333333333333333,14.4,17.798185348510742,frame_id_exact,1,,0.6175040006637573,20.371673583984375,1.847489595413208,-0.04787372658626389,0.004720859615020606,-0.13858943792836376,0.9891808669206755,0.3678532838821411,1.7939788103103638,-0.35671475529670715,1.8517851060434023,0.14037982769258608,-0.17918384962009765,-0.27820922454283625,-0.17294888198375702,depth/003311.png,1.0,-0.003930017705059175,0.09602007129581665,-0.9953716395744778,1.8517851060434023,0.14037982769258608,-0.17918384962009765,-0.17294888198375702,0.9960923216168786,-0.08109377106200336,0.0349840979709393,4.356752270160936,0.8713504540321871,1.7333333325999998,0.0,0.152510404586792,0.13666041698632891,1.7333333325999998,0.0,0.152510404586792,0.13666041698632891,goal_capture,TERMINAL_SETTLING,NONE,DIRECT_LOCAL,PASS_THROUGH,0,7,0,0,0,0,1,1.7333333325999998,4.356752270160936,inf,0.0,1,0,0,CLEAR,none,nan,0.0,0.0,0,0,0,0,0.0,0,0,1,1,0.0,0.6,"0.605,20.313;0.689,20.700;0.796,21.106;0.939,21.501;1.114,21.883;1.296,22.261;1.464,22.646;1.619,23.037;1.769,23.429;1.911,23.811;2.026,24.118;2.108,24.337;2.150,24.450",2.1500000000000004,24.450000000000003,2.0,2.1500000000000004,24.450000000000003,2.0,2.1500000000000004,24.450000000000003,2.0,0.5804214300411845,0.0,0.0,0,0,9,1,,,1,1,PASS_THROUGH,-1,0.9967024339823437,-0.08114344147047194,0.0,0.8713504540321871,0,0.9960923216168786,-0.08109377106200336,0.0349840979709393,4.359420806375509,0.8718841612751017,0,0,0,BYPASS_VISIBLE,1,0,1,1,1
1787562563817919488,1787562563833476608,joint_v2_000008_af4e508d,3312,433,0.03333333333333333,14.433333333333334,15.557050704956055,frame_id_exact,1,,0.6299417614936829,20.431875228881836,1.8361036777496338,-0.006118019600672249,0.02215133214511396,-0.1419943910547717,0.9896006675570441,0.37984442710876465,1.8130637407302856,-0.32482555508613586,1.8524400001186496,0.1321955523025073,-0.29662086896466106,-0.28541554901650606,-0.10051559656858444,depth/003312.png,1.0,0.042104497220847935,0.01839952239989957,-0.9989437766407253,1.8524400001186496,0.1321955523025073,-0.29662086896466106,-0.10051559656858444,0.9963698915434548,-0.07611626019727874,0.038122882357766764,4.296033487383956,0.8592066974767911,1.6666666659999998,0.0,0.1638963222503662,0.11246754020399985,1.6666666659999998,0.0,0.1638963222503662,0.11246754020399985,goal_capture,TERMINAL_SETTLING,NONE,DIRECT_LOCAL,PASS_THROUGH,0,7,0,0,0,0,1,1.6666666659999998,4.296033487383956,inf,0.0,1,0,0,CLEAR,none,nan,0.0,0.0,0,0,0,0,0.0,0,0,1,1,0.0,0.6,"0.605,20.313;0.689,20.700;0.796,21.106;0.939,21.501;1.114,21.883;1.296,22.261;1.464,22.646;1.619,23.037;1.769,23.429;1.911,23.811;2.026,24.118;2.108,24.337;2.150,24.450",2.1500000000000004,24.450000000000003,2.0,2.1500000000000004,24.450000000000003,2.0,2.1500000000000004,24.450000000000003,2.0,0.5804214300411845,0.0,0.0,0,0,9,1,,,0,1,PASS_THROUGH,-1,0.9960923216168786,-0.08109377106200336,0.0349840979709393,0.8713504540321871,0,0.9963698915434548,-0.07611626019727874,0.038122882357766764,4.2991587234215425,0.8598317446843085,0,0,0,BYPASS_VISIBLE,1,0,1,1,1
1787562563861728256,1787562563877655808,joint_v2_000008_af4e508d,3313,434,0.03333333333333333,14.466666666666667,15.927553176879883,frame_id_exact,1,,0.6429176926612854,20.4921875,1.8259015083312988,0.03597585502521752,0.03755992681583101,-0.14398330504444756,0.9882124253526018,0.39988335967063904,1.8001573085784912,-0.2868690490722656,1.818440471422699,0.10096733112433372,-0.4072428491984629,-0.286799266241705,-0.0348750501871109,depth/003313.png,1.0,0.0845942177661386,-0.06028756909686573,-0.9945899795055879,1.818440471422699,0.10096733112433372,-0.4072428491984629,-0.0348750501871109,0.996192868188764,-0.0768938705832542,0.04107434767065145,4.23504154244674,0.8470083084893479,1.5999999993999998,0.0,0.17409849166870117,0.13523883471454112,1.5999999993999998,0.0,0.17409849166870117,0.13523883471454112,goal_capture,TERMINAL_SETTLING,NONE,DIRECT_LOCAL,PASS_THROUGH,0,7,0,0,0,0,1,1.5999999993999998,4.23504154244674,inf,0.0,1,0,0,CLEAR,none,nan,0.0,0.0,0,0,0,0,4.413779611007632,0,0,1,1,0.0,0.6,"0.643,20.492;0.716,20.814;0.797,21.134;0.898,21.448;1.027,21.752;1.176,22.046;1.322,22.342;1.455,22.644;1.579,22.950;1.698,23.258;1.815,23.566;1.931,23.875;2.048,24.183;2.145,24.436;2.150,24.450",2.1500000000000004,24.450000000000003,2.0,2.1500000000000004,24.450000000000003,2.0,2.1500000000000004,24.450000000000003,2.0,0.5804214300411845,0.0,0.0,0,0,9,1,,,0,1,PASS_THROUGH,-1,0.9960923216168786,-0.08109377106200336,0.0349840979709393,0.8713504540321871,0,0.996192868188764,-0.0768938705832542,0.04107434767065145,4.2386185427626035,0.8477237085525207,0,0,0,BYPASS_VISIBLE,1,0,1,1,1
1787562563909852928,1787562563925470464,joint_v2_000008_af4e508d,3314,435,0.03333333333333333,14.5,15.61737060546875,frame_id_exact,1,,0.6566585302352905,20.551538467407227,1.8169841766357422,0.07431796629570804,0.04677081305269166,-0.14486240119076563,0.9855476729480446,0.4250413179397583,1.7561181783676147,-0.24842190742492676,1.7543104456967986,0.05563597297150258,-0.49560480331450485,-0.2842158649719272,0.021034669131040573,depth/003314.png,1.0,0.11372149003035789,-0.1329371329130179,-0.9845786618641204,1.7543104456967986,0.05563597297150258,-0.49560480331450485,0.021034669131040573,0.9957160688638143,-0.08143285142772237,0.04379727063119568,4.174694128487097,0.8349388256974194,1.5333333327999998,0.0,0.1830158233642578,0.10997509677743211,1.5333333327999998,0.0,0.1830158233642578,0.10997509677743211,goal_capture,TERMINAL_SETTLING,NONE,DIRECT_LOCAL,PASS_THROUGH,0,7,0,0,0,0,1,1.5333333327999998,4.174694128487097,inf,0.0,1,0,0,CLEAR,none,nan,0.0,0.0,0,0,0,0,0.0,0,0,1,1,0.0,0.6,"0.643,20.492;0.716,20.814;0.797,21.134;0.898,21.448;1.027,21.752;1.176,22.046;1.322,22.342;1.455,22.644;1.579,22.950;1.698,23.258;1.815,23.566;1.931,23.875;2.048,24.183;2.145,24.436;2.150,24.450",2.1500000000000004,24.450000000000003,2.0,2.1500000000000004,24.450000000000003,2.0,2.1500000000000004,24.450000000000003,2.0,0.5804214300411845,0.0,0.0,0,0,9,1,,,0,1,PASS_THROUGH,-1,0.9960923216168786,-0.08109377106200336,0.0349840979709393,0.8713504540321871,0,0.9957160688638143,-0.08143285142772237,0.04379727063119568,4.17870384904534,0.8357407698090681,0,0,0,BYPASS_VISIBLE,1,0,1,1,1
1787562563951415808,1787562563968274944,joint_v2_000008_af4e508d,3315,436,0.03333333333333333,14.533333333333333,16.859054565429688,frame_id_exact,1,,0.6712549924850464,20.60896873474121,1.8093149662017822,0.1044755501525008,0.04708404925252175,-0.14514547673147318,0.982751617811292,0.4502786099910736,1.6859281063079834,-0.2122054100036621,1.6703001084504863,0.008997479733407372,-0.5478614198483768,-0.2812416857119417,0.06767535954713821,depth/003315.png,1.0,0.12287215821937994,-0.19167895831777904,-0.9737359034526368,1.6703001084504863,0.008997479733407372,-0.5478614198483768,0.06767535954713821,0.9952148109086985,-0.08605613587322335,0.04627981878241644,4.115848391030209,0.8231696782060418,1.4666666661999999,0.0,0.19068503379821777,0.10471618612673816,1.4666666661999999,0.0,0.19068503379821777,0.10471618612673816,goal_capture,TERMINAL_SETTLING,NONE,DIRECT_LOCAL,PASS_THROUGH,0,7,0,0,0,0,1,1.4666666661999999,4.115848391030209,inf,0.0,1,0,0,CLEAR,none,nan,0.0,0.0,0,0,0,0,0.0,0,0,1,1,0.0,0.6,"0.643,20.492;0.716,20.814;0.797,21.134;0.898,21.448;1.027,21.752;1.176,22.046;1.322,22.342;1.455,22.644;1.579,22.950;1.698,23.258;1.815,23.566;1.931,23.875;2.048,24.183;2.145,24.436;2.150,24.450",2.1500000000000004,24.450000000000003,2.0,2.1500000000000004,24.450000000000003,2.0,2.1500000000000004,24.450000000000003,2.0,0.5804214300411845,0.0,0.0,0,0,9,1,,,0,1,PASS_THROUGH,-1,0.9960923216168786,-0.08109377106200336,0.0349840979709393,0.8713504540321871,0,0.9952148109086985,-0.08605613587322335,0.04627981878241644,4.120263190630009,0.8240526381260018,0,0,0,BYPASS_VISIBLE,1,0,1,1,1
1787562563995901184,1787562564012752384,joint_v2_000008_af4e508d,3316,437,0.03333333333333333,14.566666666666666,16.851186752319336,frame_id_exact,1,,0.6866129636764526,20.66373634338379,1.8028104305267334,0.12279152253959892,0.03783835124516244,-0.14530867377616566,0.9810075894165483,0.46977147459983826,1.5979385375976562,-0.17835965752601624,1.579559461117832,-0.027474329367534328,-0.5569039825133134,-0.28117735672934824,0.10693935304880142,depth/003316.png,1.0,0.10992476606739746,-0.22992234978009685,-0.9669810023349098,1.579559461117832,-0.027474329367534328,-0.5569039825133134,0.10693935304880142,0.9949890820280923,-0.08742108145750871,0.04852093529285869,4.059223336488472,0.8118446672976944,1.3999999995999999,0.0,0.1971895694732666,-0.03337235631411417,1.3999999995999999,0.0,0.1971895694732666,-0.03337235631411417,goal_capture,TERMINAL_SETTLING,NONE,DIRECT_LOCAL,PASS_THROUGH,0,7,0,0,0,0,1,1.3999999995999999,4.059223336488472,inf,0.0,1,0,0,CLEAR,none,nan,0.0,0.0,0,0,0,0,5.021190328348319,0,0,1,1,0.0,0.6,"0.687,20.664;0.780,20.980;0.879,21.295;0.989,21.606;1.116,21.911;1.253,22.211;1.387,22.512;1.515,22.817;1.637,23.123;1.757,23.431;1.875,23.739;1.994,24.047;2.110,24.347;2.150,24.450",2.1500000000000004,24.450000000000003,2.0,2.1500000000000004,24.450000000000003,2.0,2.1500000000000004,24.450000000000003,2.0,0.5804214300411845,0.0,0.0,0,0,9,1,,,0,1,PASS_THROUGH,-1,0.9960923216168786,-0.08109377106200336,0.0349840979709393,0.8713504540321871,0,0.9949890820280923,-0.08742108145750871,0.04852093529285869,4.0640100666462,0.8128020133292401,0,0,0,BYPASS_VISIBLE,1,0,1,1,1
1787562564042911232,1787562564060712192,joint_v2_000008_af4e508d,3317,438,0.03333333333333333,14.6,17.80080795288086,frame_id_exact,1,,0.7024505138397217,20.715417861938477,1.797408938407898,0.12750619629294613,0.020563301571981416,-0.1456101132409422,0.9808756371005065,0.47830238938331604,1.502603530883789,-0.14575397968292236,1.493578312726049,-0.04756714281355741,-0.5242098434659463,-0.2850987685487601,0.13384795188903809,depth/003317.png,1.0,0.07747246642288962,-0.24414699370520382,-0.9666386410707288,1.493578312726049,-0.04756714281355741,-0.5242098434659463,0.13384795188903809,0.9951447512758809,-0.08446924201241707,0.05051604855798451,4.005309383906702,0.8010618767813404,1.333333333,0.0,0.20259106159210205,-0.022867586153365038,1.333333333,0.0,0.20259106159210205,-0.022867586153365038,goal_capture,TERMINAL_SETTLING,NONE,DIRECT_LOCAL,PASS_THROUGH,0,7,0,0,0,0,1,1.333333333,4.005309383906702,inf,0.0,1,0,0,CLEAR,none,nan,0.0,0.0,0,0,0,0,0.0,0,0,1,1,0.0,0.6,"0.687,20.664;0.780,20.980;0.879,21.295;0.989,21.606;1.116,21.911;1.253,22.211;1.387,22.512;1.515,22.817;1.637,23.123;1.757,23.431;1.875,23.739;1.994,24.047;2.110,24.347;2.150,24.450",2.1500000000000004,24.450000000000003,2.0,2.1500000000000004,24.450000000000003,2.0,2.1500000000000004,24.450000000000003,2.0,0.5804214300411845,0.0,0.0,0,0,9,1,,,1,1,PASS_THROUGH,-1,0.996416927212491,-0.08457722603879522,0.0,0.8010618767813404,0,0.9951447512758809,-0.08446924201241707,0.05051604855798451,4.010429702544118,0.8020859405088236,0,0,0,BYPASS_VISIBLE,1,0,1,1,1
1787562564091723008,1787562564109480448,joint_v2_000008_af4e508d,3318,439,0.03333333333333333,14.633333333333333,17.757415771484375,frame_id_exact,1,,0.7183396816253662,20.763944625854492,1.793101191520691,0.1193662202832788,-0.0014028433176271136,-0.14610684099924903,0.982039983146883,0.4725176990032196,1.4104268550872803,-0.11245127022266388,1.4190454726905368,-0.05073825170796541,-0.4571189712180994,-0.291562142435711,0.14658312499523163,depth/003318.png,1.0,0.0321251462792202,-0.23485473192170728,-0.9714994749718199,1.4190454726905368,-0.05073825170796541,-0.4571189712180994,0.14658312499523163,0.9955269757396791,-0.078714047550221,0.05225073485483196,3.9543211160040554,0.7908642232008111,1.2666666664,0.0,0.20689880847930908,-0.013263500752561663,1.2666666664,0.0,0.20689880847930908,-0.013263500752561663,goal_capture,TERMINAL_SETTLING,NONE,DIRECT_LOCAL,PASS_THROUGH,0,7,0,0,0,0,1,1.2666666664,3.9543211160040554,inf,0.0,1,0,0,CLEAR,none,nan,0.0,0.0,0,0,0,0,0.0,0,0,1,1,0.0,0.6,"0.687,20.664;0.780,20.980;0.879,21.295;0.989,21.606;1.116,21.911;1.253,22.211;1.387,22.512;1.515,22.817;1.637,23.123;1.757,23.431;1.875,23.739;1.994,24.047;2.110,24.347;2.150,24.450",2.1500000000000004,24.450000000000003,2.0,2.1500000000000004,24.450000000000003,2.0,2.1500000000000004,24.450000000000003,2.0,0.5804214300411845,0.0,0.0,0,0,9,1,,,0,1,PASS_THROUGH,-1,0.9951447512758809,-0.08446924201241707,0.05051604855798451,0.8010618767813404,0,0.9955269757396791,-0.078714047550221,0.05225073485483196,3.959730117751173,0.7919460235502346,0,0,0,BYPASS_VISIBLE,1,0,1,1,1
1787562564137264384,1787562564153199104,joint_v2_000008_af4e508d,3319,440,0.03333333333333333,14.666666666666666,15.93470573425293,frame_id_exact,1,,0.7337831258773804,20.80957794189453,1.7899340391159058,0.10160001883274675,-0.023748298479838375,-0.14661503035135906,0.9836754990176223,0.45166268944740295,1.3300939798355103,-0.07718046754598618,1.3575856635234764,-0.040353611474543145,-0.3666589110339867,-0.2976882448088547,0.1471022367477417,depth/003319.png,1.0,-0.016929059026225275,-0.20684661345583324,-0.978226908984996,1.3575856635234764,-0.040353611474543145,-0.3666589110339867,0.1471022367477417,0.9958741570551796,-0.07315029093573612,0.05370007677510876,3.9061929030310987,0.7812385806062198,1.1999999998,0.0,0.21006596088409424,-0.08971756615930249,1.1999999998,0.0,0.21006596088409424,-0.08971756615930249,goal_capture,TERMINAL_SETTLING,NONE,DIRECT_LOCAL,PASS_THROUGH,0,7,0,0,0,0,1,1.1999999998,3.9061929030310987,inf,0.0,1,0,0,CLEAR,none,nan,0.0,0.0,0,0,0,0,4.20102227581465,0,0,1,1,0.0,0.6,"0.734,20.810;0.837,21.113;0.971,21.491;1.122,21.883;1.283,22.271;1.445,22.658;1.602,23.048;1.756,23.438;1.904,23.818;2.022,24.122;2.107,24.339;2.150,24.450",2.1500000000000004,24.450000000000003,2.0,2.1500000000000004,24.450000000000003,2.0,2.1500000000000004,24.450000000000003,2.0,0.5804214300411845,0.0,0.0,0,0,9,1,,,0,1,PASS_THROUGH,-1,0.9951447512758809,-0.08446924201241707,0.05051604855798451,0.8010618767813404,0,0.9958741570551796,-0.07315029093573612,0.05370007677510876,3.911837254233959,0.7823674508467918,0,0,0,BYPASS_VISIBLE,1,0,1,1,1
1787562564184590080,1787562564200173056,joint_v2_000008_af4e508d,3320,441,0.03333333333333333,14.7,15.583038330078125,frame_id_exact,1,,0.7483046054840088,20.85280990600586,1.7879769802093506,0.07921350353804546,-0.04215994460539629,-0.14690415833994558,0.9850720421322139,0.41776639223098755,1.2668886184692383,-0.03999078646302223,1.3076928578092537,-0.02073103266710994,-0.26579015596094524,-0.3011642651542767,0.13186204433441162,depth/003320.png,1.0,-0.05978757932440774,-0.16844895774516852,-0.9838955198561959,1.3076928578092537,-0.02073103266710994,-0.26579015596094524,0.13186204433441162,0.996022007941332,-0.07023613483535895,0.05483653034161228,3.8606381015755584,0.7721276203151117,1.1333333332,0.0,0.21202301979064941,-0.08298522061441549,1.1333333332,0.0,0.21202301979064941,-0.08298522061441549,goal_capture,TERMINAL_SETTLING,NONE,DIRECT_LOCAL,PASS_THROUGH,0,7,0,0,0,0,1,1.1333333332,3.860638101575559,inf,0.0,1,0,0,CLEAR,none,nan,0.0,0.0,0,0,0,0,0.0,0,0,1,1,0.0,0.6,"0.734,20.810;0.837,21.113;0.971,21.491;1.122,21.883;1.283,22.271;1.445,22.658;1.602,23.048;1.756,23.438;1.904,23.818;2.022,24.122;2.107,24.339;2.150,24.450",2.1500000000000004,24.450000000000003,2.0,2.1500000000000004,24.450000000000003,2.0,2.1500000000000004,24.450000000000003,2.0,0.5804214300411845,0.0,0.0,0,0,9,1,,,0,1,PASS_THROUGH,-1,0.9951447512758809,-0.08446924201241707,0.05051604855798451,0.8010618767813404,0,0.996022007941332,-0.07023613483535895,0.05483653034161228,3.86645578175389,0.7732911563507779,0,0,0,BYPASS_VISIBLE,1,0,1,1,1
1787562564227591936,1787562564247954432,joint_v2_000008_af4e508d,3321,442,0.03333333333333333,14.733333333333333,20.362377166748047,frame_id_exact,1,,0.7615373730659485,20.894237518310547,1.7872788906097412,0.05785062960083103,-0.053190488164062445,-0.1468741725663407,0.9860284245682824,0.3753136098384857,1.2218047380447388,-0.00253503629937768,1.266981964490211,0.004633382108110793,-0.1685490536145871,-0.30149473322344406,0.10252699255943298,depth/003321.png,1.0,-0.08790113978272891,-0.12970934820617416,-0.9876481532473124,1.266981964490211,0.004633382108110793,-0.1685490536145871,0.10252699255943298,0.9959509072393047,-0.07061133700292847,0.055640178431281224,3.8172339845211174,0.7634467969042235,1.0666666666,0.0,0.2127211093902588,-0.09428196338291062,1.0666666666,0.0,0.2127211093902588,-0.09428196338291062,goal_capture,TERMINAL_SETTLING,NONE,DIRECT_LOCAL,PASS_THROUGH,0,7,0,0,0,0,1,1.0666666666,3.8172339845211174,inf,0.0,1,0,0,CLEAR,none,nan,0.0,0.0,0,0,0,0,0.0,0,0,1,1,0.0,0.6,"0.734,20.810;0.837,21.113;0.971,21.491;1.122,21.883;1.283,22.271;1.445,22.658;1.602,23.048;1.756,23.438;1.904,23.818;2.022,24.122;2.107,24.339;2.150,24.450",2.1500000000000004,24.450000000000003,2.0,2.1500000000000004,24.450000000000003,2.0,2.1500000000000004,24.450000000000003,2.0,0.5804214300411845,0.0,0.0,0,0,9,1,,,0,1,PASS_THROUGH,-1,0.9951447512758809,-0.08446924201241707,0.05051604855798451,0.8010618767813404,0,0.9959509072393047,-0.07061133700292847,0.055640178431281224,3.823156492083889,0.7646312984167778,0,0,0,BYPASS_VISIBLE,1,0,1,1,1
1787562564281293312,1787562564297332736,joint_v2_000008_af4e508d,3322,443,0.03333333333333333,14.766666666666667,16.039371490478516,frame_id_exact,1,,0.7732977867126465,20.934425354003906,1.7877814769744873,0.04264244728545948,-0.0548678162152748,-0.14649725678821499,0.9867672968774358,0.3304610550403595,1.1915384531021118,0.0318482406437397,1.2332487479733014,0.03273243696436575,-0.08949199821280653,-0.29961673019487567,0.06587014347314835,depth/003322.png,1.0,-0.09578953028451755,-0.1002323140032182,-0.9903422888665473,1.2332487479733014,0.03273243696436575,-0.08949199821280653,0.06587014347314835,0.9957189477949002,-0.07344570505759122,0.056120454477935365,3.775523020144478,0.7551046040288956,1.0,0.0,0.2122185230255127,-0.000896395144184825,1.0,0.0,0.2122185230255127,-0.000896395144184825,goal_capture,TERMINAL_SETTLING,NONE,DIRECT_LOCAL,PASS_THROUGH,0,7,0,0,0,0,1,1.0,3.775523020144478,inf,0.0,1,0,0,CLEAR,none,nan,0.0,0.0,0,0,0,0,4.2185819086186145,0,0,1,1,0.0,0.6,"0.773,20.934;0.852,21.211;0.969,21.559;1.129,21.947;1.300,22.330;1.467,22.716;1.624,23.105;1.778,23.496;1.923,23.870;2.037,24.161;2.116,24.364;2.150,24.450",2.1500000000000004,24.450000000000003,2.0,2.1500000000000004,24.450000000000003,2.0,2.1500000000000004,24.450000000000003,2.0,0.5804214300411845,0.0,0.0,0,0,9,1,,,0,1,PASS_THROUGH,-1,0.9951447512758809,-0.08446924201241707,0.05051604855798451,0.8010618767813404,0,0.9957189477949002,-0.07344570505759122,0.056120454477935365,3.781482616270503,0.7562965232541006,0,0,0,BYPASS_VISIBLE,1,0,1,1,1
1787562564327361536,1787562564343035392,joint_v2_000008_af4e508d,3323,444,0.03333333333333333,14.8,15.67387580871582,frame_id_exact,1,,0.7836089134216309,20.9737606048584,1.789365291595459,0.03718664909597191,-0.04710797220257439,-0.14577042408639673,0.9874963167251039,0.2892994284629822,1.1691029071807861,0.06242044270038605,1.2039010207548655,0.05982401427218465,-0.0378879676974168,-0.29672352438472993,0.03374033421278,depth/003323.png,1.0,-0.08219647085871788,-0.08717725619888127,-0.992795984167949,1.2039010207548655,0.05982401427218465,-0.0378879676974168,0.03374033421278,0.9953943226009283,-0.07758919659652376,0.05630327792717718,3.7351392121064624,0.7470278424212925,0.9333333334,0.0,0.21063470840454102,-0.01605509346020717,0.9333333334,0.0,0.21063470840454102,-0.01605509346020717,goal_capture,TERMINAL_SETTLING,NONE,DIRECT_LOCAL,PASS_THROUGH,0,7,0,0,0,0,1,0.9333333334,3.7351392121064624,inf,0.0,1,0,0,CLEAR,none,nan,0.0,0.0,0,0,0,0,0.0,0,0,1,1,0.0,0.6,"0.773,20.934;0.852,21.211;0.969,21.559;1.129,21.947;1.300,22.330;1.467,22.716;1.624,23.105;1.778,23.496;1.923,23.870;2.037,24.161;2.116,24.364;2.150,24.450",2.1500000000000004,24.450000000000003,2.0,2.1500000000000004,24.450000000000003,2.0,2.1500000000000004,24.450000000000003,2.0,0.5804214300411845,0.0,0.0,0,0,9,1,,,1,1,PASS_THROUGH,-1,0.9969758130774066,-0.07771247093384799,0.0,0.7470278424212925,0,0.9953943226009283,-0.07758919659652376,0.05630327792717718,3.7410736312187107,0.7482147262437422,0,0,0,BYPASS_VISIBLE,1,0,1,1,1
1787562564375307008,1787562564392147200,joint_v2_000008_af4e508d,3324,445,0.03333333333333333,14.833333333333334,16.840219497680664,frame_id_exact,1,,0.7926828861236572,21.012359619140625,1.791885495185852,0.0428617382035915,-0.031762835268454796,-0.14465337130011033,0.9880432155859319,0.25688475370407104,1.1460137367248535,0.08807472884654999,1.1748427982961487,0.08065365776945746,-0.01827036094712277,-0.2931163914174286,0.012028185650706291,depth/003324.png,1.0,-0.050365917927676154,-0.09388770168782193,-0.9943079873877516,1.1748427982961487,0.08065365776945746,-0.01827036094712277,0.012028185650706291,0.9949867926907429,-0.08270754949602369,0.0562204911696033,3.695900585207429,0.7391801170414858,0.8666666668,0.0,0.20811450481414795,-0.06581376921815874,0.8666666668,0.0,0.20811450481414795,-0.06581376921815874,goal_capture,TERMINAL_SETTLING,NONE,DIRECT_LOCAL,PASS_THROUGH,0,7,0,0,0,0,1,0.8666666668,3.6959005852074287,inf,0.0,1,0,0,CLEAR,none,nan,0.0,0.0,0,0,0,0,0.0,0,0,1,1,0.0,0.6,"0.773,20.934;0.852,21.211;0.969,21.559;1.129,21.947;1.300,22.330;1.467,22.716;1.624,23.105;1.778,23.496;1.923,23.870;2.037,24.161;2.116,24.364;2.150,24.450",2.1500000000000004,24.450000000000003,2.0,2.1500000000000004,24.450000000000003,2.0,2.1500000000000004,24.450000000000003,2.0,0.5804214300411845,0.0,0.0,0,0,9,1,,,0,1,PASS_THROUGH,-1,0.9953943226009283,-0.07758919659652376,0.05630327792717718,0.7470278424212925,0,0.9949867926907429,-0.08270754949602369,0.0562204911696033,3.7017553650735286,0.7403510730147057,0,0,0,BYPASS_VISIBLE,1,0,1,1,1
1787562564419559424,1787562564435258368,joint_v2_000008_af4e508d,3325,446,0.03333333333333333,14.866666666666667,15.698909759521484,frame_id_exact,1,,0.80086350440979,21.05006217956543,1.7952008247375488,0.058556509151204444,-0.0123064106101025,-0.14323019596233622,0.9878789391714511,0.23596487939357758,1.1140308380126953,0.11041601747274399,1.14028153251229,0.08981875774750483,-0.02502891594044633,-0.28841965761830385,-0.0023334184661507607,depth/003325.png,1.0,-0.007540367155838005,-0.11921878349030633,-0.9928393749878409,1.14028153251229,0.08981875774750483,-0.02502891594044633,-0.0023334184661507607,0.9944547516302235,-0.08907722861163107,0.05590164848143564,3.6578335755683073,0.7315667151136614,0.8000000002000001,0.0,0.20479917526245117,0.05732732536083973,0.8000000002000001,0.0,0.20479917526245117,0.05732732536083973,goal_capture,TERMINAL_SETTLING,NONE,DIRECT_LOCAL,PASS_THROUGH,0,7,0,0,0,0,1,0.8000000002000001,3.6578335755683073,inf,0.0,1,0,0,CLEAR,none,nan,0.0,0.0,0,0,0,0,5.118548248341115,0,0,1,1,0.0,0.6,"0.801,21.050;0.860,21.311;0.963,21.643;1.128,22.022;1.313,22.399;1.488,22.782;1.647,23.170;1.800,23.561;1.942,23.923;2.051,24.200;2.126,24.388;2.150,24.450",2.1500000000000004,24.450000000000003,2.0,2.1500000000000004,24.450000000000003,2.0,2.1500000000000004,24.450000000000003,2.0,0.5804214300411845,0.0,0.0,0,0,9,1,,,0,1,PASS_THROUGH,-1,0.9953943226009283,-0.07758919659652376,0.05630327792717718,0.7470278424212925,0,0.9944547516302235,-0.08907722861163107,0.05590164848143564,3.6635623604277585,0.7327124720855517,0,0,0,BYPASS_VISIBLE,1,0,1,1,1
1787562564464107008,1787562564479492864,joint_v2_000008_af4e508d,3326,447,0.03333333333333333,14.9,15.385866165161133,frame_id_exact,1,,0.8085470199584961,21.08645248413086,1.799221158027649,0.08096994905135571,0.006974526676817289,-0.14172547711137873,0.9865642971777396,0.2269214242696762,1.0669538974761963,0.13022874295711517,1.0943634256729686,0.0841583094938031,-0.04614703800770273,-0.28244127133997116,-0.005038481205701828,depth/003326.png,1.0,0.03671264734009812,-0.15778718551494034,-0.9867904466565105,1.0943634256729686,0.0841583094938031,-0.04614703800770273,-0.005038481205701828,0.9937681564650893,-0.09674734509890055,0.05536065762156241,3.621180469014451,0.7242360938028902,0.7333333336000001,0.0,0.20077884197235107,0.03289327594462099,0.7333333336000001,0.0,0.20077884197235107,0.03289327594462099,goal_capture,TERMINAL_SETTLING,NONE,DIRECT_LOCAL,PASS_THROUGH,0,7,0,0,0,0,1,0.7333333336000001,3.621180469014451,inf,0.0,1,0,0,CLEAR,none,nan,0.0,0.0,0,0,0,0,0.0,0,0,1,1,0.0,0.6,"0.801,21.050;0.860,21.311;0.963,21.643;1.128,22.022;1.313,22.399;1.488,22.782;1.647,23.170;1.800,23.561;1.942,23.923;2.051,24.200;2.126,24.388;2.150,24.450",2.1500000000000004,24.450000000000003,2.0,2.1500000000000004,24.450000000000003,2.0,2.1500000000000004,24.450000000000003,2.0,0.5804214300411845,0.0,0.0,0,0,9,1,,,0,1,PASS_THROUGH,-1,0.9953943226009283,-0.07758919659652376,0.05630327792717718,0.7470278424212925,0,0.9937681564650893,-0.09674734509890055,0.05536065762156241,3.6267423581715144,0.7253484716343028,0,0,0,BYPASS_VISIBLE,1,0,1,1,1
1787562564509714432,1787562564525589504,joint_v2_000008_af4e508d,3327,448,0.03333333333333333,14.933333333333334,15.875101089477539,frame_id_exact,1,,0.8161022663116455,21.12097930908203,1.80385160446167,0.10539708162010646,0.021910640575840856,-0.1403843052006622,0.9842274258873548,0.2277366816997528,1.0019147396087646,0.14677788317203522,1.0336977262725364,0.06437416942810655,-0.06757118938428336,-0.27593106354277824,0.003706914372742176,depth/003327.png,1.0,0.07272229889383801,-0.2013175765705119,-0.9768227580310419,1.0336977262725364,0.06437416942810655,-0.06757118938428336,0.003706914372742176,0.9929908365019783,-0.10481762497938729,0.054611941155594666,3.586315926476486,0.7172631852952972,0.6666666670000001,0.0,0.19614839553833008,-0.04378152654578027,0.6666666670000001,0.0,0.19614839553833008,-0.04378152654578027,goal_capture,TERMINAL_SETTLING,NONE,DIRECT_LOCAL,PASS_THROUGH,0,7,0,0,0,0,1,0.6666666670000001,3.586315926476486,inf,0.0,1,0,0,CLEAR,none,nan,0.0,0.0,0,0,0,0,0.0,0,0,1,1,0.0,0.6,"0.801,21.050;0.860,21.311;0.963,21.643;1.128,22.022;1.313,22.399;1.488,22.782;1.647,23.170;1.800,23.561;1.942,23.923;2.051,24.200;2.126,24.388;2.150,24.450",2.1500000000000004,24.450000000000003,2.0,2.1500000000000004,24.450000000000003,2.0,2.1500000000000004,24.450000000000003,2.0,0.5804214300411845,0.0,0.0,0,0,9,1,,,0,1,PASS_THROUGH,-1,0.9953943226009283,-0.07758919659652376,0.05630327792717718,0.7470278424212925,0,0.9929908365019783,-0.10481762497938729,0.054611941155594666,3.591675948296444,0.7183351896592888,0,0,0,BYPASS_VISIBLE,1,0,1,1,1
1787562564557938432,1787562564573685504,joint_v2_000008_af4e508d,3328,449,0.03333333333333333,14.966666666666667,15.7470703125,frame_id_exact,1,,0.8237941265106201,21.153051376342773,1.8089570999145508,0.12686337133909356,0.029373670855201147,-0.1395498917568493,0.9816153524592112,0.23430578410625458,0.9200654029846191,0.1584770530462265,0.9587248213180253,0.03518650507841375,-0.07837824587345665,-0.2709819723960502,0.01596168987452984,depth/003328.png,1.0,0.09307483201565724,-0.24086388076568696,-0.9660857449459391,0.9587248213180253,0.03518650507841375,-0.07837824587345665,0.01596168987452984,0.992361291631334,-0.11107366012412347,0.053681550819821566,3.553687133937515,0.710737426787503,0.6000000004000001,0.0,0.19104290008544922,-0.08613976052701922,0.6000000004000001,0.0,0.19104290008544922,-0.08613976052701922,goal_capture,TERMINAL_SETTLING,NONE,DIRECT_LOCAL,PASS_THROUGH,0,7,0,0,0,0,1,0.6000000004000001,3.553687133937515,inf,0.0,1,0,0,CLEAR,none,nan,0.0,0.0,0,0,0,0,6.386457899240242,0,0,1,1,0.0,0.6,"0.824,21.153;0.883,21.375;0.982,21.669;1.133,22.028;1.309,22.409;1.481,22.792;1.643,23.180;1.799,23.570;1.941,23.930;2.052,24.205;2.126,24.391;2.150,24.450",2.1500000000000004,24.450000000000003,2.0,2.1500000000000004,24.450000000000003,2.0,2.1500000000000004,24.450000000000003,2.0,0.5804214300411845,0.0,0.0,0,0,9,1,,,0,1,PASS_THROUGH,-1,0.9953943226009283,-0.07758919659652376,0.05630327792717718,0.7470278424212925,0,0.992361291631334,-0.11107366012412347,0.053681550819821566,3.5588185730079145,0.7117637146015829,0,0,0,BYPASS_VISIBLE,1,0,1,1,1
1787562564605369600,1787562564622208512,joint_v2_000008_af4e508d,3329,450,0.03333333333333333,15.0,16.839027404785156,frame_id_exact,1,,0.8317278623580933,21.182180404663086,1.8143547773361206,0.14115416363118294,0.027935539349240188,-0.13954619803532362,0.9797050404814373,0.24133791029453278,0.8261923789978027,0.16433818638324738,0.8731554079469406,0.0032961065353900552,-0.07371324723436726,-0.2699944989705563,0.027473287656903267,depth/003329.png,1.0,0.09413223116121133,-0.2687822945763177,-0.9585902154616965,0.8731554079469406,0.0032961065353900552,-0.07371324723436726,0.027473287656903267,0.9921955829453044,-0.11304836040105627,0.052611722975591,3.523703497252698,0.7047406994505396,0.6,0.0,0.1856452226638794,-0.09384694196177379,0.6,0.0,0.1856452226638794,-0.09384694196177379,goal_capture,TERMINAL_SETTLING,NONE,DIRECT_LOCAL,PASS_THROUGH,0,7,0,0,0,0,1,0.6,3.5237034972526984,inf,0.0,1,0,0,CLEAR,none,nan,0.0,0.0,0,0,0,0,0.0,0,0,1,1,0.0,0.6,"0.824,21.153;0.883,21.375;0.982,21.669;1.133,22.028;1.309,22.409;1.481,22.792;1.643,23.180;1.799,23.570;1.941,23.930;2.052,24.205;2.126,24.391;2.150,24.450",2.1500000000000004,24.450000000000003,2.0,2.1500000000000004,24.450000000000003,2.0,2.1500000000000004,24.450000000000003,2.0,0.5804214300411845,0.0,0.0,0,0,9,1,,,1,1,PASS_THROUGH,-1,0.993571635693648,-0.11320514451670802,0.0,0.7047406994505396,0,0.9921955829453044,-0.11304836040105627,0.052611722975591,3.5285904388649043,0.7057180877729808,0,0,0,BYPASS_VISIBLE,1,0,1,1,1
1787562564655039488,1787562564682608128,joint_v2_000008_af4e508d,3330,451,0.03333333333333333,15.033333333333333,27.568578720092773,frame_id_exact,1,,0.8398306965827942,21.208078384399414,1.8198561668395996,0.14441498762764535,0.018366806877579803,-0.1404420346542589,0.9793278341065369,0.24370846152305603,0.727506697177887,0.16501280665397644,0.782618442594101,-0.02503902411182199,-0.052635117550421606,-0.2739812931917517,0.03673257678747177,depth/003330.png,1.0,0.07653811979173883,-0.2777002906358302,-0.9576139435072575,0.782618442594101,-0.02503902411182199,-0.052635117550421606,0.03673257678747177,0.992630493020087,-0.10971569469232954,0.051450662433815485,3.496655454189769,0.6993310908379538,0.6,0.0,0.1801438331604004,-0.1146502623950596,0.6,0.0,0.1801438331604004,-0.1146502623950596,goal_capture,TERMINAL_SETTLING,NONE,DIRECT_LOCAL,PASS_THROUGH,0,7,0,0,0,0,1,0.6,3.496655454189769,inf,0.0,1,0,0,CLEAR,none,nan,0.0,0.0,0,0,0,0,0.0,0,0,1,1,0.0,0.6,"0.824,21.153;0.883,21.375;0.982,21.669;1.133,22.028;1.309,22.409;1.481,22.792;1.643,23.180;1.799,23.570;1.941,23.930;2.052,24.205;2.126,24.391;2.150,24.450",2.1500000000000004,24.450000000000003,2.0,2.1500000000000004,24.450000000000003,2.0,2.1500000000000004,24.450000000000003,2.0,0.5804214300411845,0.0,0.0,0,0,9,1,,,0,1,PASS_THROUGH,-1,0.9921955829453044,-0.11304836040105627,0.052611722975591,0.7047406994505396,0,0.992630493020087,-0.10971569469232954,0.051450662433815485,3.5012927849496935,0.7002585569899387,0,0,0,BYPASS_VISIBLE,1,0,1,1,1
1787562564710914304,1787562564729651200,joint_v2_000008_af4e508d,3331,452,0.03333333333333333,15.066666666666666,18.736839294433594,frame_id_exact,1,,0.847886323928833,21.230731964111328,1.8253298997879028,0.1321035342185379,0.003855816286149983,-0.14194438800586837,0.9810125277698439,0.23821865022182465,0.6333584189414978,0.16340342164039612,0.6944903775445633,-0.045503844715775114,-0.014290065621379716,-0.2814635853829282,0.04283575713634491,depth/003331.png,1.0,0.04506791879910956,-0.2580958210961147,-0.9650675778554781,0.6944903775445633,-0.045503844715775114,-0.014290065621379716,0.04283575713634491,0.9934550914567477,-0.10258349833178057,0.050235516606070486,3.4726339732695832,0.6945267946539166,0.6,0.0,0.17467010021209717,-0.2185197094579977,0.6,0.0,0.17467010021209717,-0.2185197094579977,goal_capture,TERMINAL_SETTLING,NONE,DIRECT_LOCAL,PASS_THROUGH,0,7,0,0,0,0,1,0.6,3.4726339732695832,inf,0.0,1,0,0,CLEAR,none,nan,0.0,0.0,0,0,0,0,5.8954292304090306,0,0,1,1,0.0,0.6,"0.848,21.231;0.949,21.497;1.070,21.805;1.194,22.111;1.319,22.416;1.446,22.720;1.573,23.025;1.697,23.331;1.821,23.636;1.945,23.942;2.068,24.248;2.150,24.450",2.1500000000000004,24.450000000000003,2.0,2.1500000000000004,24.450000000000003,2.0,2.1500000000000004,24.450000000000003,2.0,0.5804214300411845,0.0,0.0,0,0,9,1,,,0,1,PASS_THROUGH,-1,0.9921955829453044,-0.11304836040105627,0.052611722975591,0.7047406994505396,0,0.9934550914567477,-0.10258349833178057,0.050235516606070486,3.477024066096494,0.6954048132192988,0,0,0,BYPASS_VISIBLE,1,0,1,1,1
1787562564762818304,1787562564779495424,joint_v2_000008_af4e508d,3332,453,0.03333333333333333,15.1,16.677141189575195,frame_id_exact,1,,0.8556185960769653,21.250471115112305,1.8307559490203857,0.10387821874387362,-0.011716769620536773,-0.14370157149227578,0.984084290765232,0.22443312406539917,0.5543351769447327,0.16254045069217682,0.6161862349559714,-0.055866594306947126,0.03564493201910182,-0.2892878476232718,0.039154380559921265,depth/003332.png,1.0,0.00679434871045494,-0.2078172828516092,-0.9781440659605184,0.6161862349559714,-0.055866594306947126,0.03564493201910182,0.039154380559921265,0.9942831270015495,-0.09488054327409118,0.04897699325228109,3.451435687370182,0.6902871374740365,0.6,0.0,0.16924405097961426,-0.19854892523122059,0.6,0.0,0.16924405097961426,-0.19854892523122059,goal_capture,TERMINAL_SETTLING,NONE,DIRECT_LOCAL,PASS_THROUGH,0,7,0,0,0,0,1,0.6,3.4514356873701826,inf,0.0,1,0,0,CLEAR,none,nan,0.0,0.0,0,0,0,0,0.0,0,0,1,1,0.0,0.6,"0.848,21.231;0.949,21.497;1.070,21.805;1.194,22.111;1.319,22.416;1.446,22.720;1.573,23.025;1.697,23.331;1.821,23.636;1.945,23.942;2.068,24.248;2.150,24.450",2.1500000000000004,24.450000000000003,2.0,2.1500000000000004,24.450000000000003,2.0,2.1500000000000004,24.450000000000003,2.0,0.5804214300411845,0.0,0.0,0,0,9,1,,,0,1,PASS_THROUGH,-1,0.9921955829453044,-0.11304836040105627,0.052611722975591,0.7047406994505396,0,0.9942831270015495,-0.09488054327409118,0.04897699325228109,3.4555827081469883,0.6911165416293976,0,0,0,BYPASS_VISIBLE,1,0,1,1,1
1787562564808000768,1787562564824882176,joint_v2_000008_af4e508d,3333,454,0.03333333333333333,15.133333333333333,16.881465911865234,frame_id_exact,1,,0.8627769351005554,21.26795768737793,1.836186408996582,0.06356550884950231,-0.02479064396753842,-0.14548233836654056,0.9870054403496376,0.20425809919834137,0.49959588050842285,0.16367734968662262,0.5541451254333073,-0.05529299921287668,0.08929475855889632,-0.2947179772370906,0.024667061865329742,depth/003333.png,1.0,-0.03044168319769344,-0.13269220781412336,-0.9906897001127571,0.5541451254333073,-0.05529299921287668,0.08929475855889632,0.024667061865329742,0.9948487148645356,-0.08946316150504924,0.04766945841839606,3.432540822499618,0.6865081644999236,0.6,0.0,0.16381359100341797,-0.18706544916250012,0.6,0.0,0.16381359100341797,-0.18706544916250012,goal_capture,TERMINAL_SETTLING,NONE,DIRECT_LOCAL,PASS_THROUGH,0,7,0,0,0,0,1,0.6,3.4325408224996177,inf,0.0,1,0,0,CLEAR,none,nan,0.0,0.0,0,0,0,0,0.0,0,0,1,1,0.0,0.6,"0.848,21.231;0.949,21.497;1.070,21.805;1.194,22.111;1.319,22.416;1.446,22.720;1.573,23.025;1.697,23.331;1.821,23.636;1.945,23.942;2.068,24.248;2.150,24.450",2.1500000000000004,24.450000000000003,2.0,2.1500000000000004,24.450000000000003,2.0,2.1500000000000004,24.450000000000003,2.0,0.5804214300411845,0.0,0.0,0,0,9,1,,,0,1,PASS_THROUGH,-1,0.9921955829453044,-0.11304836040105627,0.052611722975591,0.7047406994505396,0,0.9948487148645356,-0.08946316150504924,0.04766945841839606,3.4364474957030535,0.6872894991406107,0,0,0,BYPASS_VISIBLE,1,0,1,1,1
1787562564851357440,1787562564867016192,joint_v2_000008_af4e508d,3334,455,0.03333333333333333,15.166666666666666,15.65861701965332,frame_id_exact,1,,0.8692044019699097,21.28410530090332,1.8416686058044434,0.017735592587642422,-0.03263774657088988,-0.14715309465119839,0.988416001989504,0.18127581477165222,0.47465792298316956,0.16511307656764984,0.5137004197446247,-0.04420400684894929,0.13993311780329898,-0.2969128146799261,0.003197639249265194,depth/003334.png,1.0,-0.05929964728960235,-0.04466577785748038,-0.9972404525086791,0.5137004197446247,-0.04420400684894929,0.13993311780329898,0.003197639249265194,0.9951038286009524,-0.08731327482637138,0.046311578928183016,3.4151612860451745,0.6830322572090349,0.6,0.0,0.15833139419555664,-0.19844610035010313,0.6,0.0,0.15833139419555664,-0.19844610035010313,goal_capture,TERMINAL_SETTLING,NONE,DIRECT_LOCAL,PASS_THROUGH,0,7,0,0,0,0,1,0.6,3.4151612860451745,inf,0.0,1,0,0,CLEAR,none,nan,0.0,0.0,0,0,0,0,5.014454513324259,0,0,1,1,0.0,0.6,"0.869,21.284;0.920,21.416;1.001,21.622;1.114,21.902;1.257,22.256;1.416,22.645;1.575,23.033;1.734,23.422;1.888,23.802;2.012,24.109;2.102,24.330;2.150,24.450",2.1500000000000004,24.450000000000003,2.0,2.1500000000000004,24.450000000000003,2.0,2.1500000000000004,24.450000000000003,2.0,0.5804214300411845,0.0,0.0,0,0,9,1,,,0,1,PASS_THROUGH,-1,0.9921955829453044,-0.11304836040105627,0.052611722975591,0.7047406994505396,0,0.9951038286009524,-0.08731327482637138,0.046311578928183016,3.4188295424150117,0.6837659084830023,0,0,0,BYPASS_VISIBLE,1,0,1,1,1
1787562564895643392,1787562564911189504,joint_v2_000008_af4e508d,3335,456,0.03333333333333333,15.2,15.546083450317383,frame_id_exact,1,,0.8748795986175537,21.2999324798584,1.847151756286621,-0.025794475798973475,-0.033682442831055315,-0.14875216652031148,0.9879640332616885,0.15985406935214996,0.47976768016815186,0.1630229651927948,0.4984847011566175,-0.02433661720865069,0.182284309193799,-0.29735700107965135,-0.022525234147906303,depth/003335.png,1.0,-0.0742280524576574,0.04094735600281767,-0.9964002761263777,0.4984847011566175,-0.02433661720865069,0.182284309193799,-0.022525234147906303,0.9951880278670374,-0.08707432681838163,0.044931623599003705,3.398360990164643,0.6796721980329286,0.6,0.0,0.1528482437133789,-0.199641710206232,0.6,0.0,0.1528482437133789,-0.199641710206232,goal_capture,TERMINAL_SETTLING,NONE,DIRECT_LOCAL,PASS_THROUGH,0,7,0,0,0,0,1,0.6,3.3983609901646425,inf,0.0,1,0,0,CLEAR,none,nan,0.0,0.0,0,0,0,0,0.0,0,0,1,1,0.0,0.6,"0.869,21.284;0.920,21.416;1.001,21.622;1.114,21.902;1.257,22.256;1.416,22.645;1.575,23.033;1.734,23.422;1.888,23.802;2.012,24.109;2.102,24.330;2.150,24.450",2.1500000000000004,24.450000000000003,2.0,2.1500000000000004,24.450000000000003,2.0,2.1500000000000004,24.450000000000003,2.0,0.5804214300411845,0.0,0.0,0,0,9,1,,,1,1,PASS_THROUGH,-1,0.9961941195580719,-0.08716235516504708,0.0,0.6796721980329286,0,0.9951880278670374,-0.08707432681838163,0.044931623599003705,3.4017965849061396,0.6803593169812279,0,0,0,BYPASS_VISIBLE,1,0,1,1,1
1787562564940648960,1787562564957775616,joint_v2_000008_af4e508d,3336,457,0.03333333333333333,15.233333333333333,17.12656021118164,frame_id_exact,1,,0.8799242973327637,21.31636619567871,1.8524577617645264,-0.05938922448143411,-0.027715755348230637,-0.15047462555402397,0.9864391233042955,0.14403115212917328,0.5095646381378174,0.15414221584796906,0.5093519655809683,0.001125126423593274,0.21147157061893398,-0.2987772277392262,-0.04804409667849541,depth/003336.png,1.0,-0.07255295344642529,0.10882667324643186,-0.9914095138419416,0.5093519655809683,0.001125126423593274,0.21147157061893398,-0.04804409667849541,0.9953318823305787,-0.0861045700222173,0.043594117006265365,3.3812354413868917,0.6762470882773783,0.6,0.0,0.14754223823547363,-0.2029349415901055,0.6,0.0,0.14754223823547363,-0.2029349415901055,goal_capture,TERMINAL_SETTLING,NONE,DIRECT_LOCAL,PASS_THROUGH,0,7,0,0,0,0,1,0.6,3.3812354413868917,inf,0.0,1,0,0,CLEAR,none,nan,0.0,0.0,0,0,0,0,0.0,0,0,1,1,0.0,0.6,"0.869,21.284;0.920,21.416;1.001,21.622;1.114,21.902;1.257,22.256;1.416,22.645;1.575,23.033;1.734,23.422;1.888,23.802;2.012,24.109;2.102,24.330;2.150,24.450",2.1500000000000004,24.450000000000003,2.0,2.1500000000000004,24.450000000000003,2.0,2.1500000000000004,24.450000000000003,2.0,0.5804214300411845,0.0,0.0,0,0,9,1,,,0,1,PASS_THROUGH,-1,0.9951880278670374,-0.08707432681838163,0.044931623599003705,0.6796721980329286,0,0.9953318823305787,-0.0861045700222173,0.043594117006265365,3.3844529575921634,0.6768905915184327,0,0,0,BYPASS_VISIBLE,1,0,1,1,1
1787562564990763008,1787562565010830336,joint_v2_000008_af4e508d,3337,458,0.03333333333333333,15.266666666666667,20.067453384399414,frame_id_exact,1,,0.8845750093460083,21.334075927734375,1.8573458194732666,-0.07715830334575763,-0.01601290339462401,-0.15252732390310278,0.9851525763112212,0.13654276728630066,0.5545362234115601,0.13824088871479034,0.5431624823221464,0.027547004153947372,0.2224422937442382,-0.3031285724134989,-0.0687466636300087,depth/003337.png,1.0,-0.05508780511933755,0.14714059204434987,-0.987580366299357,0.5431624823221464,0.027547004153947372,0.2224422937442382,-0.0687466636300087,0.9956920164579806,-0.0824704387968774,0.042379654157282544,3.3630764533528037,0.6726152906705607,0.6,0.0,0.1426541805267334,-0.09469098731253012,0.6,0.0,0.1426541805267334,-0.09469098731253012,goal_capture,TERMINAL_SETTLING,NONE,DIRECT_LOCAL,PASS_THROUGH,0,7,0,0,0,0,1,0.6,3.3630764533528033,inf,0.0,1,0,0,CLEAR,none,nan,0.0,0.0,0,0,0,0,4.734844436403238,0,0,1,1,0.0,0.6,"0.885,21.334;0.925,21.483;1.004,21.703;1.125,21.993;1.284,22.354;1.452,22.739;1.614,23.126;1.772,23.516;1.921,23.885;2.037,24.172;2.118,24.371;2.150,24.450",2.1500000000000004,24.450000000000003,2.0,2.1500000000000004,24.450000000000003,2.0,2.1500000000000004,24.450000000000003,2.0,0.5804214300411845,0.0,0.0,0,0,9,1,,,0,1,PASS_THROUGH,-1,0.9951880278670374,-0.08707432681838163,0.044931623599003705,0.6796721980329286,0,0.9956920164579806,-0.0824704387968774,0.042379654157282544,3.366100629261969,0.6732201258523938,0,0,0,BYPASS_VISIBLE,1,0,1,1,1
1787562565044493824,1787562565064337152,joint_v2_000008_af4e508d,3338,459,0.03333333333333333,15.3,19.843339920043945,frame_id_exact,1,,0.8891310095787048,21.35338020324707,1.8616276979446411,-0.07647743324422779,-0.001161202898410219,-0.1549574740176544,0.9849558543702716,0.13835395872592926,0.6034489274024963,0.11850503087043762,0.591857098992367,0.04930799118008523,0.21121023791020843,-0.31012535187139845,-0.07812124490737915,depth/003338.png,1.0,-0.0259889669355604,0.15029391706630832,-0.9882997076244068,0.591857098992367,0.04930799118008523,0.21121023791020843,-0.07812124490737915,0.9962185546657929,-0.07641165246544672,0.04135034107596271,3.3434779461883983,0.6686955892376797,0.6,0.0,0.1383723020553589,-0.08652821269782451,0.6,0.0,0.1383723020553589,-0.08652821269782451,goal_capture,TERMINAL_SETTLING,NONE,DIRECT_LOCAL,PASS_THROUGH,0,7,0,0,0,0,1,0.6,3.3434779461883983,inf,0.0,1,0,0,CLEAR,none,nan,0.0,0.0,0,0,0,0,0.0,0,0,1,1,0.0,0.6,"0.885,21.334;0.925,21.483;1.004,21.703;1.125,21.993;1.284,22.354;1.452,22.739;1.614,23.126;1.772,23.516;1.921,23.885;2.037,24.172;2.118,24.371;2.150,24.450",2.1500000000000004,24.450000000000003,2.0,2.1500000000000004,24.450000000000003,2.0,2.1500000000000004,24.450000000000003,2.0,0.5804214300411845,0.0,0.0,0,0,9,1,,,0,1,PASS_THROUGH,-1,0.9951880278670374,-0.08707432681838163,0.044931623599003705,0.6796721980329286,0,0.9962185546657929,-0.07641165246544672,0.04135034107596271,3.346340041093297,0.6692680082186594,0,0,0,BYPASS_VISIBLE,1,0,1,1,1
1787562565089867008,1787562565106457088,joint_v2_000008_af4e508d,3339,460,0.03333333333333333,15.333333333333334,16.589879989624023,frame_id_exact,1,,0.8938937187194824,21.374231338500977,1.8652602434158325,-0.058681576449467615,0.013587424776146882,-0.15756036338561533,0.985670627726702,0.14869308471679688,0.6455487608909607,0.10015716403722763,0.6429835625667938,0.061115443498365424,0.17807676567520953,-0.3175191090891853,-0.07716004550457001,depth/003339.png,1.0,0.008293669997750313,0.11996309176028723,-0.9927437089467157,0.6429835625667938,0.061115443498365424,0.17807676567520953,-0.07716004550457001,0.9967178639528144,-0.07008187307222337,0.04052197853052,3.3223720214527273,0.6644744042905455,0.6,0.0,0.13473975658416748,-0.09406922303125453,0.6,0.0,0.13473975658416748,-0.09406922303125453,goal_capture,TERMINAL_SETTLING,NONE,DIRECT_LOCAL,PASS_THROUGH,0,7,0,0,0,0,1,0.6,3.3223720214527277,inf,0.0,1,0,0,CLEAR,none,nan,0.0,0.0,0,0,0,0,0.0,0,0,1,1,0.0,0.6,"0.885,21.334;0.925,21.483;1.004,21.703;1.125,21.993;1.284,22.354;1.452,22.739;1.614,23.126;1.772,23.516;1.921,23.885;2.037,24.172;2.118,24.371;2.150,24.450",2.1500000000000004,24.450000000000003,2.0,2.1500000000000004,24.450000000000003,2.0,2.1500000000000004,24.450000000000003,2.0,0.5804214300411845,0.0,0.0,0,0,9,1,,,0,1,PASS_THROUGH,-1,0.9951880278670374,-0.08707432681838163,0.044931623599003705,0.6796721980329286,0,0.9967178639528144,-0.07008187307222337,0.04052197853052,3.325103103805391,0.6650206207610782,0,0,0,BYPASS_VISIBLE,1,0,1,1,1
1787562565135939584,1787562565151641344,joint_v2_000008_af4e508d,3340,461,0.03333333333333333,15.366666666666667,15.701770782470703,frame_id_exact,1,,0.8991137742996216,21.396240234375,1.8683711290359497,-0.028573303079814084,0.02516086993846798,-0.16008561980078426,0.9863686386478676,0.16530056297779083,0.6719270348548889,0.08766386657953262,0.6827081433819085,0.06009577429596695,0.12958880609499962,-0.3230972506380181,-0.07299983501434326,depth/003340.png,1.0,0.04048743619023004,0.06442340703867142,-0.9971009939500972,0.6827081433819085,0.06009577429596695,0.12958880609499962,-0.07299983501434326,0.9970512674205297,-0.06557671768068678,0.03985554206559808,3.3000250083593317,0.6600050016718664,0.6,0.0,0.1316288709640503,-0.019467135620465648,0.6,0.0,0.1316288709640503,-0.019467135620465648,goal_capture,TERMINAL_SETTLING,NONE,DIRECT_LOCAL,PASS_THROUGH,0,7,0,0,0,0,1,0.6,3.300025008359332,inf,0.0,1,0,0,CLEAR,none,nan,0.0,0.0,0,0,0,0,3.7629614367176747,0,0,1,1,0.0,0.6,"0.899,21.396;0.945,21.569;1.031,21.812;1.164,22.123;1.335,22.495;1.506,22.879;1.669,23.266;1.826,23.655;1.965,23.996;2.069,24.252;2.137,24.418;2.150,24.450",2.1500000000000004,24.450000000000003,2.0,2.1500000000000004,24.450000000000003,2.0,2.1500000000000004,24.450000000000003,2.0,0.5804214300411845,0.0,0.0,0,0,9,1,,,0,1,PASS_THROUGH,-1,0.9951880278670374,-0.08707432681838163,0.044931623599003705,0.6796721980329286,0,0.9970512674205297,-0.06557671768068678,0.03985554206559808,3.3026491208525743,0.6605298241705149,0,0,0,BYPASS_VISIBLE,1,0,1,1,1
1787562565180654848,1787562565197370624,joint_v2_000008_af4e508d,3341,462,0.03333333333333333,15.4,16.71576499938965,frame_id_exact,1,,0.904945433139801,21.418781280517578,1.8711910247802734,0.006783781215461133,0.03134283881771701,-0.16236139815372927,0.9862101110599271,0.18473534286022186,0.6767526268959045,0.08263882994651794,0.7005140647380909,0.047096985657921045,0.07753941045156376,-0.32623317837539756,-0.06643245369195938,depth/003341.png,1.0,0.06402409750853072,-0.0032027329867093165,-0.9979432135345347,0.7005140647380909,0.047096985657921045,0.07753941045156376,-0.06643245369195938,0.997214416186486,-0.06340908892974616,0.03927716373346575,3.2769570945924986,0.6553914189184997,0.6,0.0,0.12880897521972656,-0.019475013662667573,0.6,0.0,0.12880897521972656,-0.019475013662667573,goal_capture,TERMINAL_SETTLING,NONE,DIRECT_LOCAL,PASS_THROUGH,0,7,0,0,0,0,1,0.6,3.2769570945924986,inf,0.0,1,0,0,CLEAR,none,nan,0.0,0.0,0,0,0,0,0.0,0,0,1,1,0.0,0.6,"0.899,21.396;0.945,21.569;1.031,21.812;1.164,22.123;1.335,22.495;1.506,22.879;1.669,23.266;1.826,23.655;1.965,23.996;2.069,24.252;2.137,24.418;2.150,24.450",2.1500000000000004,24.450000000000003,2.0,2.1500000000000004,24.450000000000003,2.0,2.1500000000000004,24.450000000000003,2.0,0.5804214300411845,0.0,0.0,0,0,9,1,,,1,1,PASS_THROUGH,-1,0.997984506453805,-0.0634580560540193,0.0,0.6553914189184997,0,0.997214416186486,-0.06340908892974616,0.03927716373346575,3.2794876965613495,0.6558975393122699,0,0,0,BYPASS_VISIBLE,1,0,1,1,1
1787562565229654016,1787562565245657344,joint_v2_000008_af4e508d,3342,463,0.03333333333333333,15.433333333333334,16.00337028503418,frame_id_exact,1,,0.9114158153533936,21.44110107421875,1.8739535808563232,0.039581452355819995,0.031128317411586837,-0.16431224868674266,0.9851222367889345,0.20292975008487701,0.6587110161781311,0.08378981053829193,0.6929513982137209,0.0262746804162476,0.03506307939489864,-0.3280128673217536,-0.05765193700790405,depth/003342.png,1.0,0.07433783023770063,-0.06775561009677504,-0.9949286729690549,0.6929513982137209,0.0262746804162476,0.03506307939489864,-0.05765193700790405,0.9973002763077022,-0.062400377558465864,0.03870854888963842,3.253853642686511,0.6507707285373022,0.6,0.0,0.12604641914367676,-0.045183487955990365,0.6,0.0,0.12604641914367676,-0.045183487955990365,goal_capture,TERMINAL_SETTLING,NONE,DIRECT_LOCAL,PASS_THROUGH,0,7,0,0,0,0,1,0.6,3.253853642686511,inf,0.0,1,0,0,CLEAR,none,nan,0.0,0.0,0,0,0,0,0.0,0,0,1,1,0.0,0.6,"0.899,21.396;0.945,21.569;1.031,21.812;1.164,22.123;1.335,22.495;1.506,22.879;1.669,23.266;1.826,23.655;1.965,23.996;2.069,24.252;2.137,24.418;2.150,24.450",2.1500000000000004,24.450000000000003,2.0,2.1500000000000004,24.450000000000003,2.0,2.1500000000000004,24.450000000000003,2.0,0.5804214300411845,0.0,0.0,0,0,9,1,,,0,1,PASS_THROUGH,-1,0.997214416186486,-0.06340908892974616,0.03927716373346575,0.6553914189184997,0,0.9973002763077022,-0.062400377558465864,0.03870854888963842,3.256294094181792,0.6512588188363584,0,0,0,BYPASS_VISIBLE,1,0,1,1,1
1787562565276210688,1787562565297243136,joint_v2_000008_af4e508d,3343,464,0.03333333333333333,15.466666666666667,21.032333374023438,frame_id_exact,1,,0.9184181094169617,21.462488174438477,1.8768173456192017,0.06288273349264342,0.02489924037549141,-0.1660129686859097,0.9838015470029043,0.2161114662885666,0.6217687129974365,0.08824031800031662,0.6640365633042149,0.0033863233866225136,0.011437982939684566,-0.33028089538646166,-0.0487850047647953,depth/003343.png,1.0,0.06987052093360849,-0.11546106735414911,-0.9908515793144334,0.6640365633042149,0.0033863233866225136,0.011437982939684566,-0.0487850047647953,0.9974317236250245,-0.06065394927761325,0.03809271772191273,3.2314115895506186,0.6462823179101237,0.6,0.0,0.12318265438079834,-0.09319345892796593,0.6,0.0,0.12318265438079834,-0.09319345892796593,goal_capture,TERMINAL_SETTLING,NONE,DIRECT_LOCAL,PASS_THROUGH,0,6,0,0,0,0,1,0.6,3.2314115895506186,inf,0.0,1,0,0,CLEAR,none,nan,0.0,0.0,0,0,0,0,3.479878439965011,0,0,1,1,0.0,0.6,"0.918,21.462;0.976,21.624;1.067,21.859;1.194,22.165;1.355,22.538;1.520,22.924;1.682,23.311;1.842,23.700;1.977,24.031;2.079,24.277;2.142,24.431;2.150,24.450",2.1500000000000004,24.450000000000003,2.0,2.1500000000000004,24.450000000000003,2.0,2.1500000000000004,24.450000000000003,2.0,0.5804214300411845,0.0,0.0,0,0,9,1,,,0,1,PASS_THROUGH,-1,0.997214416186486,-0.06340908892974616,0.03927716373346575,0.6553914189184997,0,0.9974317236250245,-0.06065394927761325,0.03809271772191273,3.233758622318981,0.6467517244637963,0,0,0,BYPASS_VISIBLE,1,0,1,1,1
1787562565333955072,1787562565350680064,joint_v2_000008_af4e508d,3344,465,0.03333333333333333,15.5,16.72506332397461,frame_id_exact,1,,0.925739586353302,21.482437133789062,1.879847526550293,0.0720324176867065,0.014293293265429195,-0.1676048922847039,0.9831152692599526,0.22182436287403107,0.574344277381897,0.09352924674749374,0.6224734460049433,-0.0162917129089156,0.009300861905288796,-0.3341207255927169,-0.04203248769044876,depth/003344.png,1.0,0.05224988092928226,-0.1368410876627318,-0.9892140651396726,0.6224734460049433,-0.0162917129089156,0.009300861905288796,-0.04203248769044876,0.9976685034324096,-0.05708429586818135,0.03740241201005786,3.210178020816988,0.6420356041633977,0.6,0.0,0.12015247344970703,-0.08504540289909046,0.6,0.0,0.12015247344970703,-0.08504540289909046,goal_capture,TERMINAL_SETTLING,NONE,DIRECT_LOCAL,PASS_THROUGH,0,6,0,0,0,0,1,0.6,3.210178020816988,inf,0.0,1,0,0,CLEAR,none,nan,0.0,0.0,0,0,0,0,0.0,0,0,1,1,0.0,0.6,"0.918,21.462;0.976,21.624;1.067,21.859;1.194,22.165;1.355,22.538;1.520,22.924;1.682,23.311;1.842,23.700;1.977,24.031;2.079,24.277;2.142,24.431;2.150,24.450",2.1500000000000004,24.450000000000003,2.0,2.1500000000000004,24.450000000000003,2.0,2.1500000000000004,24.450000000000003,2.0,0.5804214300411845,0.0,0.0,0,0,9,1,,,0,1,PASS_THROUGH,-1,0.997214416186486,-0.06340908892974616,0.03927716373346575,0.6553914189184997,0,0.9976685034324096,-0.05708429586818135,0.03740241201005786,3.212425803378587,0.6424851606757174,0,0,0,BYPASS_VISIBLE,1,0,1,1,1
1787562565377510912,1787562565394148864,joint_v2_000008_af4e508d,3345,466,0.03333333333333333,15.533333333333333,16.637802124023438,frame_id_exact,1,,0.933116614818573,21.500776290893555,1.8830510377883911,0.06558629980660383,0.0017931471826909274,-0.16917746791149857,0.9833993116999388,0.21952426433563232,0.5270096063613892,0.09862982481718063,0.5780671959011671,-0.029188086170474446,0.02538193888223149,-0.339072789441061,-0.03725598007440567,depth/003345.png,1.0,0.025718207672401173,-0.12838832397359948,-0.9913904438017189,0.5780671959011671,-0.029188086170474446,0.02538193888223149,-0.03725598007440567,0.9979646083413009,-0.052199164802192055,0.03663178527109607,3.190411518830479,0.6380823037660959,0.6,0.0,0.11694896221160889,-0.08062212941668867,0.6,0.0,0.11694896221160889,-0.08062212941668867,goal_capture,TERMINAL_SETTLING,NONE,DIRECT_LOCAL,PASS_THROUGH,0,6,0,0,0,0,1,0.6,3.190411518830479,inf,0.0,1,0,0,CLEAR,none,nan,0.0,0.0,0,0,0,0,0.0,0,0,1,1,0.0,0.6,"0.918,21.462;0.976,21.624;1.067,21.859;1.194,22.165;1.355,22.538;1.520,22.924;1.682,23.311;1.842,23.700;1.977,24.031;2.079,24.277;2.142,24.431;2.150,24.450",2.1500000000000004,24.450000000000003,2.0,2.1500000000000004,24.450000000000003,2.0,2.1500000000000004,24.450000000000003,2.0,0.5804214300411845,0.0,0.0,0,0,9,1,,,0,1,PASS_THROUGH,-1,0.997214416186486,-0.06340908892974616,0.03927716373346575,0.6553914189184997,0,0.9979646083413009,-0.052199164802192055,0.03663178527109607,3.1925542625378474,0.6385108525075694,0,0,0,BYPASS_VISIBLE,1,0,1,1,1
1787562565420907264,1787562565436539648,joint_v2_000008_af4e508d,3346,467,0.03333333333333333,15.566666666666666,15.632390975952148,frame_id_exact,1,,0.9402998089790344,21.517681121826172,1.8864165544509888,0.04546443532626107,-0.009874846706933994,-0.1706929364783758,0.9842252760213832,0.21054938435554504,0.48984625935554504,0.10323061794042587,0.5394190645230119,-0.0336150566237346,0.0532359120780605,-0.34362363980940497,-0.034095972776412964,depth/003346.png,1.0,-0.003917231509260504,-0.09286562597965202,-0.9956709450459575,0.5394190645230119,-0.0336150566237346,0.0532359120780605,-0.034095972776412964,0.9982253684479176,-0.04759798821958402,0.035784707690122916,3.1720448539468658,0.6344089707893732,0.6,0.0,0.11358344554901123,-0.123315358690963,0.6,0.0,0.11358344554901123,-0.123315358690963,goal_capture,TERMINAL_SETTLING,NONE,DIRECT_LOCAL,PASS_THROUGH,0,6,0,0,0,0,1,0.6,3.172044853946866,inf,0.0,1,0,0,CLEAR,none,nan,0.0,0.0,0,0,0,0,2.7299444440477383,0,0,1,1,0.0,0.6,"0.940,21.518;0.998,21.653;1.084,21.862;1.200,22.146;1.346,22.504;1.506,22.892;1.667,23.280;1.827,23.668;1.967,24.006;2.071,24.259;2.138,24.422;2.150,24.450",2.1500000000000004,24.450000000000003,2.0,2.1500000000000004,24.450000000000003,2.0,2.1500000000000004,24.450000000000003,2.0,0.5804214300411845,0.0,0.0,0,0,9,1,,,0,1,PASS_THROUGH,-1,0.997214416186486,-0.06340908892974616,0.03927716373346575,0.6553914189184997,0,0.9982253684479176,-0.04759798821958402,0.035784707690122916,3.1740777801675844,0.6348155560335169,0,0,0,BYPASS_VISIBLE,1,0,1,1,1
1787562565463919872,1787562565480303616,joint_v2_000008_af4e508d,3347,468,0.03333333333333333,15.6,16.383647918701172,frame_id_exact,1,,0.9471094012260437,21.533626556396484,1.8899176120758057,0.01633401016908807,-0.018324454298486437,-0.17208119597997584,0.9847768663390505,0.19765087962150574,0.47026610374450684,0.10657023638486862,0.5131348658291462,-0.029394040567931188,0.08603425875147525,-0.34657611441590086,-0.035622626543045044,depth/003347.png,1.0,-0.03046944535278171,-0.03847729872085738,-0.9987948289729176,0.5131348658291462,-0.029394040567931188,0.08603425875147525,-0.035622626543045044,0.9983967584655925,-0.04458427473552526,0.03487341583074871,3.1547075704690304,0.630941514093806,0.6,0.0,0.11008238792419434,-0.11514106022145698,0.6,0.0,0.11008238792419434,-0.11514106022145698,goal_capture,TERMINAL_SETTLING,NONE,DIRECT_LOCAL,PASS_THROUGH,0,6,0,0,0,0,1,0.6,3.1547075704690304,inf,0.0,1,0,0,CLEAR,none,nan,0.0,0.0,0,0,0,0,0.0,0,0,1,1,0.0,0.6,"0.940,21.518;0.998,21.653;1.084,21.862;1.200,22.146;1.346,22.504;1.506,22.892;1.667,23.280;1.827,23.668;1.967,24.006;2.071,24.259;2.138,24.422;2.150,24.450",2.1500000000000004,24.450000000000003,2.0,2.1500000000000004,24.450000000000003,2.0,2.1500000000000004,24.450000000000003,2.0,0.5804214300411845,0.0,0.0,0,0,9,1,,,1,1,PASS_THROUGH,-1,0.9990044154463074,-0.0446114101859797,0.0,0.630941514093806,0,0.9983967584655925,-0.04458427473552526,0.03487341583074871,3.1566276288637063,0.6313255257727413,0,0,0,BYPASS_VISIBLE,1,0,1,1,1
1787562565513650432,1787562565529415680,joint_v2_000008_af4e508d,3348,469,0.03333333333333333,15.633333333333333,15.765190124511719,frame_id_exact,1,,0.9534714221954346,21.549264907836914,1.8934872150421143,-0.01544881291045486,-0.021938576737669854,-0.17336268775038832,0.9844924639256233,0.18428465723991394,0.47156277298927307,0.10701882839202881,0.5035813179598707,-0.017578556645760104,0.11782259520914985,-0.3480580336221858,-0.0419633686542511,depth/003348.png,1.0,-0.04855322239239862,0.022811818516558186,-0.9985600660607663,0.5035813179598707,-0.017578556645760104,0.11782259520914985,-0.0419633686542511,0.9984932175426438,-0.04313203378878844,0.03392524403127644,3.1378248377513716,0.6275649675502744,0.6,0.0,0.10651278495788574,-0.11037650721477832,0.6,0.0,0.10651278495788574,-0.11037650721477832,goal_capture,TERMINAL_SETTLING,NONE,DIRECT_LOCAL,PASS_THROUGH,0,6,0,0,0,0,1,0.6,3.1378248377513716,inf,0.0,1,0,0,CLEAR,none,nan,0.0,0.0,0,0,0,0,0.0,0,0,1,1,0.0,0.6,"0.940,21.518;0.998,21.653;1.084,21.862;1.200,22.146;1.346,22.504;1.506,22.892;1.667,23.280;1.827,23.668;1.967,24.006;2.071,24.259;2.138,24.422;2.150,24.450",2.1500000000000004,24.450000000000003,2.0,2.1500000000000004,24.450000000000003,2.0,2.1500000000000004,24.450000000000003,2.0,0.5804214300411845,0.0,0.0,0,0,9,1,,,0,1,PASS_THROUGH,-1,0.9983967584655925,-0.04458427473552526,0.03487341583074871,0.630941514093806,0,0.9984932175426438,-0.04313203378878844,0.03392524403127644,3.1396320940149827,0.6279264188029965,0,0,0,BYPASS_VISIBLE,1,0,1,1,1
1787562565555962624,1787562565572547584,joint_v2_000008_af4e508d,3349,470,0.03333333333333333,15.666666666666666,16.585111618041992,frame_id_exact,1,,0.9594277739524841,21.565284729003906,1.8969969749450684,-0.043077443337093596,-0.02010175002814901,-0.17463507945243478,0.9834850494776152,0.17381900548934937,0.4923399090766907,0.10271185636520386,0.5125088388399383,-0.0004159528214538752,0.1431638057300984,-0.3493428405794335,-0.04986845701932907,depth/003349.png,1.0,-0.05458520672160375,0.07771110155690375,-0.9954805070426906,0.5125088388399383,-0.0004159528214538752,0.1431638057300984,-0.04986845701932907,0.9985710606652598,-0.04204321241700947,0.032987953733388614,3.120744209343954,0.6241488418687908,0.6,0.0,0.10300302505493164,-0.06905898003716215,0.6,0.0,0.10300302505493164,-0.06905898003716215,goal_capture,TERMINAL_SETTLING,NONE,DIRECT_LOCAL,PASS_THROUGH,0,6,0,0,0,0,1,0.6,3.120744209343954,inf,0.0,0,0,0,CLEAR,none,nan,0.0,0.0,0,0,0,0,2.4109217881233396,0,0,1,1,0.0,0.6,"0.959,21.565;1.009,21.701;1.087,21.898;1.171,22.102;1.257,22.304;1.343,22.507;1.429,22.709;1.514,22.912;1.599,23.115;1.683,23.318;1.767,23.522;1.851,23.725;1.935,23.928;2.019,24.132;2.101,24.332;2.150,24.450",2.1500000000000004,24.450000000000003,2.0,2.1500000000000004,24.450000000000003,2.0,2.1500000000000004,24.450000000000003,2.0,0.5804214300411845,0.0,0.0,0,0,9,1,,,0,1,PASS_THROUGH,-1,0.9983967584655925,-0.04458427473552526,0.03487341583074871,0.630941514093806,0,0.9985710606652598,-0.04204321241700947,0.032987953733388614,3.122443601303999,0.6244887202607998,0,0,0,BYPASS_VISIBLE,1,0,1,1,1
1787562565604905216,1787562565622911744,joint_v2_000008_af4e508d,3350,471,0.03333333333333333,15.7,18.006563186645508,frame_id_exact,1,,0.9651204347610474,21.582246780395508,1.9002724885940552,-0.06068308994359047,-0.01333632544068946,-0.17602133916604487,0.982423632236537,0.16878895461559296,0.527060329914093,0.09305515885353088,0.5385095904361868,0.018737478067555113,0.1568371546622526,-0.3518409526317696,-0.05434567481279373,depth/003350.png,1.0,-0.04756688007347004,0.11453804754818853,-0.9922794100372763,0.5385095904361868,0.018737478067555113,0.1568371546622526,-0.05434567481279373,0.9986856214479343,-0.03993876851545567,0.03212357829729441,3.102893506498861,0.6205787012997722,0.6,0.0,0.09972751140594482,-0.06689772715962439,0.6,0.0,0.09972751140594482,-0.06689772715962439,goal_capture,TERMINAL_SETTLING,NONE,DIRECT_LOCAL,PASS_THROUGH,0,6,0,0,0,0,1,0.6,3.102893506498861,inf,0.0,0,0,0,CLEAR,none,nan,0.0,0.0,0,0,0,0,0.0,0,0,1,1,0.0,0.6,"0.959,21.565;1.009,21.701;1.087,21.898;1.171,22.102;1.257,22.304;1.343,22.507;1.429,22.709;1.514,22.912;1.599,23.115;1.683,23.318;1.767,23.522;1.851,23.725;1.935,23.928;2.019,24.132;2.101,24.332;2.150,24.450",2.1500000000000004,24.450000000000003,2.0,2.1500000000000004,24.450000000000003,2.0,2.1500000000000004,24.450000000000003,2.0,0.5804214300411845,0.0,0.0,0,0,9,1,,,0,1,PASS_THROUGH,-1,0.9983967584655925,-0.04458427473552526,0.03487341583074871,0.630941514093806,0,0.9986856214479343,-0.03993876851545567,0.03212357829729441,3.1044957222073957,0.6208991444414791,0,0,0,BYPASS_VISIBLE,1,0,1,1,1
1787562565652147456,1787562565668662016,joint_v2_000008_af4e508d,3351,472,0.03333333333333333,15.733333333333333,16.51453971862793,frame_id_exact,1,,0.9707549214363098,21.60049819946289,1.9031572341918945,-0.06467180581131894,-0.0032467023055875576,-0.1775665983389935,0.9819761298583386,0.1704132854938507,0.5676354169845581,0.07974592596292496,0.5765556552953824,0.03571095546388778,0.1546556536389619,-0.35593022199674423,-0.0535493828356266,depth/003351.png,1.0,-0.02934347346239774,0.1258593273946529,-0.9916140329144839,0.5765556552953824,0.03571095546388778,0.1546556536389619,-0.0535493828356266,0.9988433133096052,-0.03642610702193677,0.031387484510811345,3.0838741003129373,0.6167748200625874,0.6,0.0,0.09684276580810547,-0.06779647168225711,0.6,0.0,0.09684276580810547,-0.06779647168225711,goal_capture,TERMINAL_SETTLING,NONE,DIRECT_LOCAL,PASS_THROUGH,0,6,0,0,0,0,1,0.6,3.0838741003129373,inf,0.0,0,0,0,CLEAR,none,nan,0.0,0.0,0,0,0,0,0.0,0,0,1,1,0.0,0.6,"0.959,21.565;1.009,21.701;1.087,21.898;1.171,22.102;1.257,22.304;1.343,22.507;1.429,22.709;1.514,22.912;1.599,23.115;1.683,23.318;1.767,23.522;1.851,23.725;1.935,23.928;2.019,24.132;2.101,24.332;2.150,24.450",2.1500000000000004,24.450000000000003,2.0,2.1500000000000004,24.450000000000003,2.0,2.1500000000000004,24.450000000000003,2.0,0.5804214300411845,0.0,0.0,0,0,9,1,,,0,1,PASS_THROUGH,-1,0.9983967584655925,-0.04458427473552526,0.03487341583074871,0.630941514093806,0,0.9988433133096052,-0.03642610702193677,0.031387484510811345,3.085394300226519,0.6170788600453039,0,0,0,BYPASS_VISIBLE,1,0,1,1,1
1787562565694830592,1787562565711532544,joint_v2_000008_af4e508d,3352,473,0.03333333333333333,15.766666666666667,16.701936721801758,frame_id_exact,1,,0.9765534400939941,21.620067596435547,1.9055840969085693,-0.05456913129447269,0.007820636453689833,-0.17921718109751464,0.9822638390751676,0.17847470939159393,0.6053035855293274,0.0661744698882103,0.6182203586025397,0.04636445133632897,0.13519851653656495,-0.3607047827897456,-0.049594126641750336,depth/003352.png,1.0,-0.0041955949970459705,0.11000575363984874,-0.9939220951104516,0.6182203586025397,0.04636445133632897,0.13519851653656495,-0.049594126641750336,0.9990017803447496,-0.03235030092723142,0.0308042350649735,3.0635754010142033,0.6127150802028407,0.6,0.0,0.09441590309143066,0.009233536064951475,0.6,0.0,0.09441590309143066,0.009233536064951475,goal_capture,TERMINAL_SETTLING,NONE,DIRECT_LOCAL,PASS_THROUGH,0,6,0,0,0,0,1,0.6,3.063575401014204,inf,0.0,0,0,0,CLEAR,none,nan,0.0,0.0,0,0,0,0,1.854739660223953,0,0,1,1,0.0,0.6,"0.977,21.620;1.026,21.779;1.103,21.985;1.189,22.187;1.278,22.389;1.368,22.589;1.457,22.790;1.545,22.992;1.631,23.194;1.716,23.398;1.800,23.601;1.883,23.804;1.967,24.008;2.051,24.211;2.126,24.393;2.150,24.450",2.1500000000000004,24.450000000000003,2.0,2.1500000000000004,24.450000000000003,2.0,2.1500000000000004,24.450000000000003,2.0,0.5804214300411845,0.0,0.0,0,0,9,1,,,0,1,PASS_THROUGH,-1,0.9983967584655925,-0.04458427473552526,0.03487341583074871,0.630941514093806,0,0.9990017803447496,-0.03235030092723142,0.0308042350649735,3.065029950988393,0.6130059901976785,0,0,0,BYPASS_VISIBLE,1,0,1,1,1
1787562565743860992,1787562565763532800,joint_v2_000008_af4e508d,3353,474,0.03333333333333333,15.8,19.671916961669922,frame_id_exact,1,,0.9827084541320801,21.640729904174805,1.9076048135757446,-0.03303342272439328,0.017374425940209017,-0.18082396464356254,0.9828070085815136,0.19145989418029785,0.6322076916694641,0.05583012476563454,0.6533399091873704,0.04784719845040697,0.10157789119880106,-0.36469667255312344,-0.04166198894381523,depth/003353.png,1.0,0.022204946242692657,0.0712143839057682,-0.9972138446127194,0.6533399091873704,0.04784719845040697,0.10157789119880106,-0.04166198894381523,0.9991155639299348,-0.02909451268363598,0.03035785309718337,3.04213215103362,0.6084264302067239,0.6,0.0,0.09239518642425537,0.012923959074846447,0.6,0.0,0.09239518642425537,0.012923959074846447,goal_capture,TERMINAL_SETTLING,NONE,DIRECT_LOCAL,PASS_THROUGH,0,6,0,0,0,0,1,0.6,3.0421321510336194,inf,0.0,0,0,0,CLEAR,none,nan,0.0,0.0,0,0,0,0,0.0,0,0,1,1,0.0,0.6,"0.977,21.620;1.026,21.779;1.103,21.985;1.189,22.187;1.278,22.389;1.368,22.589;1.457,22.790;1.545,22.992;1.631,23.194;1.716,23.398;1.800,23.601;1.883,23.804;1.967,24.008;2.051,24.211;2.126,24.393;2.150,24.450",2.1500000000000004,24.450000000000003,2.0,2.1500000000000004,24.450000000000003,2.0,2.1500000000000004,24.450000000000003,2.0,0.5804214300411845,0.0,0.0,0,0,9,1,,,1,1,PASS_THROUGH,-1,0.999576274471796,-0.02910792869794662,0.0,0.6084264302067239,0,0.9991155639299348,-0.02909451268363598,0.03035785309718337,3.04353493405724,0.6087069868114481,0,0,0,BYPASS_VISIBLE,1,0,1,1,1
1787562565795252992,1787562565810866176,joint_v2_000008_af4e508d,3354,475,0.03333333333333333,15.833333333333334,15.613079071044922,frame_id_exact,1,,0.9893443584442139,21.662029266357422,1.9093677997589111,-0.005117451800576751,0.023363103752744748,-0.18219130455172583,0.9829721794719561,0.20684757828712463,0.6427056193351746,0.05084612965583801,0.6730988196952914,0.039707545552531504,0.061668893457203874,-0.36694509888893684,-0.031220009550452232,depth/003354.png,1.0,0.044065851591074574,0.018573734201691006,-0.9988559541402146,0.6730988196952914,0.039707545552531504,0.061668893457203874,-0.031220009550452232,0.9991709086242054,-0.027524840935833714,0.029997974773922558,3.0199176031678125,0.6039835206335625,0.6,0.0,0.09063220024108887,-0.002306308159794601,0.6,0.0,0.09063220024108887,-0.002306308159794601,goal_capture,TERMINAL_SETTLING,NONE,DIRECT_LOCAL,PASS_THROUGH,0,6,0,0,0,0,1,0.6,3.0199176031678125,inf,0.0,0,0,0,CLEAR,none,nan,0.0,0.0,0,0,0,0,0.0,0,0,1,1,0.0,0.6,"0.977,21.620;1.026,21.779;1.103,21.985;1.189,22.187;1.278,22.389;1.368,22.589;1.457,22.790;1.545,22.992;1.631,23.194;1.716,23.398;1.800,23.601;1.883,23.804;1.967,24.008;2.051,24.211;2.126,24.393;2.150,24.450",2.1500000000000004,24.450000000000003,2.0,2.1500000000000004,24.450000000000003,2.0,2.1500000000000004,24.450000000000003,2.0,0.5804214300411845,0.0,0.0,0,0,9,1,,,0,1,PASS_THROUGH,-1,0.9991155639299348,-0.02909451268363598,0.03035785309718337,0.6084264302067239,0,0.9991709086242054,-0.027524840935833714,0.029997974773922558,3.021277300355491,0.6042554600710982,0,0,0,BYPASS_VISIBLE,1,0,1,1,1
1787562565837816320,1787562565855862784,joint_v2_000008_af4e508d,3355,476,0.03333333333333333,15.866666666666667,18.04661750793457,frame_id_exact,1,,0.9964906573295593,21.683364868164062,1.9110565185546875,0.022949666873862032,0.024606164213973946,-0.18324663685714312,0.9824909768306272,0.2215559184551239,0.6345295310020447,0.05114643648266792,0.6731194957581339,0.024257345807140666,0.025542793225337916,-0.367760489638533,-0.021988144144415855,depth/003355.png,1.0,0.05676156717253818,-0.03607768757334576,-0.9977356989461074,0.6731194957581339,0.024257345807140666,0.025542793225337916,-0.021988144144415855,0.999188686462216,-0.0272445954298748,0.029659751613490354,2.997474563084208,0.5994949126168416,0.6,0.0,0.0889434814453125,-0.01061377122476781,0.6,0.0,0.0889434814453125,-0.01061377122476781,goal_capture,TERMINAL_SETTLING,NONE,DIRECT_LOCAL,PASS_THROUGH,0,6,0,0,0,0,1,0.6,2.997474563084208,inf,0.0,0,0,0,CLEAR,none,nan,0.0,0.0,0,0,0,0,1.5618808258894392,0,0,1,1,0.0,0.6,"0.996,21.683;1.055,21.848;1.148,22.084;1.279,22.392;1.443,22.765;1.609,23.151;1.771,23.538;1.923,23.903;2.039,24.185;2.120,24.378;2.150,24.450",2.1500000000000004,24.450000000000003,2.0,2.1500000000000004,24.450000000000003,2.0,2.1500000000000004,24.450000000000003,2.0,0.5804214300411845,0.0,0.0,0,0,9,1,,,0,1,PASS_THROUGH,-1,0.9991155639299348,-0.02909451268363598,0.03035785309718337,0.6084264302067239,0,0.999188686462216,-0.0272445954298748,0.029659751613490354,2.9987938740814575,0.5997587748162915,0,0,0,BYPASS_VISIBLE,1,0,1,1,1
1787562565893494016,1787562565907628544,joint_v2_000008_af4e508d,3356,477,0.03333333333333333,15.9,14.134407043457031,frame_id_exact,1,,1.004073977470398,21.70414161682129,1.9128203392028809,0.0450978570647595,0.020979313997441268,-0.18406276932594717,0.9816552086249155,0.23261134326457977,0.6095637083053589,0.05499062314629555,0.6547249851013714,0.005658711057961858,0.001758694266258097,-0.3683556840454161,-0.014803048223257065,depth/003356.png,1.0,0.05779057864194237,-0.08081807130503092,-0.9950521033447266,0.6547249851013714,0.005658711057961858,0.001758694266258097,-0.014803048223257065,0.999206711338039,-0.02698470053301194,0.02928777823878815,2.97537975888513,0.595075951777026,0.6,0.0,0.08717966079711914,-0.011234931890541366,0.6,0.0,0.08717966079711914,-0.011234931890541366,goal_capture,TERMINAL_SETTLING,NONE,DIRECT_LOCAL,PASS_THROUGH,0,6,0,0,0,0,1,0.6,2.97537975888513,inf,0.0,0,0,0,CLEAR,none,nan,0.0,0.0,0,0,0,0,0.0,0,0,1,1,0.0,0.6,"0.996,21.683;1.055,21.848;1.148,22.084;1.279,22.392;1.443,22.765;1.609,23.151;1.771,23.538;1.923,23.903;2.039,24.185;2.120,24.378;2.150,24.450",2.1500000000000004,24.450000000000003,2.0,2.1500000000000004,24.450000000000003,2.0,2.1500000000000004,24.450000000000003,2.0,0.5804214300411845,0.0,0.0,0,0,9,1,,,0,1,PASS_THROUGH,-1,0.9991155639299348,-0.02909451268363598,0.03035785309718337,0.6084264302067239,0,0.999206711338039,-0.02698470053301194,0.02928777823878815,2.9766566820579152,0.5953313364115831,0,0,0,BYPASS_VISIBLE,1,0,1,1,1
1787562565934133760,1787562565950966528,joint_v2_000008_af4e508d,3357,478,0.03333333333333333,15.933333333333334,16.832828521728516,frame_id_exact,1,,1.01193368434906,21.7238826751709,1.9147417545318604,0.05669785666756176,0.0133962813768603,-0.18476543398275608,0.9810543446210004,0.23789744079113007,0.5736031532287598,0.06035085394978523,0.6237730843739309,-0.011641551950881714,-0.005441395062074229,-0.3697841904008094,-0.008387892507016659,depth/003357.png,1.0,0.047236568279216684,-0.10629701774411902,-0.9932117853891532,0.6237730843739309,-0.011641551950881714,-0.005441395062074229,-0.008387892507016659,0.9992539744115433,-0.025675876562315694,0.028848639231191173,2.954134493815862,0.5908268987631724,0.6,0.0,0.08525824546813965,-0.01772619498669692,0.6,0.0,0.08525824546813965,-0.01772619498669692,goal_capture,TERMINAL_SETTLING,NONE,DIRECT_LOCAL,PASS_THROUGH,0,6,0,0,0,0,1,0.6,2.954134493815862,inf,0.0,0,0,0,CLEAR,none,nan,0.0,0.0,0,0,0,0,0.0,0,0,1,1,0.0,0.6,"0.996,21.683;1.055,21.848;1.148,22.084;1.279,22.392;1.443,22.765;1.609,23.151;1.771,23.538;1.923,23.903;2.039,24.185;2.120,24.378;2.150,24.450",2.1500000000000004,24.450000000000003,2.0,2.1500000000000004,24.450000000000003,2.0,2.1500000000000004,24.450000000000003,2.0,0.5804214300411845,0.0,0.0,0,0,9,1,,,0,1,PASS_THROUGH,-1,0.9991155639299348,-0.02909451268363598,0.03035785309718337,0.6084264302067239,0,0.9992539744115433,-0.025675876562315694,0.028848639231191173,2.9553645419766754,0.5910729083953351,0,0,0,BYPASS_VISIBLE,1,0,1,1,1
1787562565977668096,1787562566004101376,joint_v2_000008_af4e508d,3358,479,0.03333333333333333,15.966666666666667,26.433229446411133,frame_id_exact,1,,1.019860863685608,21.742353439331055,1.916846752166748,0.05554567875702247,0.003595452428103938,-0.1854316190273826,0.9810794386583294,0.2366868108510971,0.5349052548408508,0.06588534265756607,0.5881243450006711,-0.02417211177632284,0.0032588792748501627,-0.37211439706789823,-0.002218290464952588,depth/003358.png,1.0,0.02765469918355301,-0.10765602553991249,-0.9938035005865178,0.5881243450006711,-0.02417211177632284,0.0032588792748501627,-0.002218290464952588,0.9993275197045477,-0.023279724713622527,0.028329538972860436,2.93403550846472,0.5868071016929439,0.6,0.0,0.08315324783325195,-0.06898184014260567,0.6,0.0,0.08315324783325195,-0.06898184014260567,goal_capture,TERMINAL_SETTLING,NONE,DIRECT_LOCAL,PASS_THROUGH,0,6,0,0,0,0,1,0.6,2.9340355084647194,inf,0.0,0,0,0,CLEAR,none,nan,0.0,0.0,0,0,0,0,1.3344861896929723,0,0,1,1,0.0,0.6,"1.020,21.742;1.083,21.886;1.175,22.105;1.295,22.398;1.447,22.765;1.608,23.153;1.770,23.540;1.922,23.904;2.040,24.185;2.120,24.379;2.150,24.450",2.1500000000000004,24.450000000000003,2.0,2.1500000000000004,24.450000000000003,2.0,2.1500000000000004,24.450000000000003,2.0,0.5804214300411845,0.0,0.0,0,0,9,1,,,0,1,PASS_THROUGH,-1,0.9991155639299348,-0.02909451268363598,0.03035785309718337,0.6084264302067239,0,0.9993275197045477,-0.023279724713622527,0.028329538972860436,2.935213591471163,0.5870427182942326,0,0,0,BYPASS_VISIBLE,1,0,1,1,1
1787562566037816576,1787562566053503744,joint_v2_000008_af4e508d,3359,480,0.03333333333333333,16.0,15.687227249145508,frame_id_exact,1,,1.0276484489440918,21.75960922241211,1.919128179550171,0.042257435196169,-0.006268911881065279,-0.18606762077289954,0.9816077884849842,0.22976164519786835,0.5020973682403564,0.07089953124523163,0.5553931540049717,-0.029914409914841796,0.023717016940866392,-0.37451673543858066,0.0006531956023536623,depth/003359.png,1.0,0.003418255398272842,-0.08529333805700753,-0.996350019828938,0.5553931540049717,-0.029914409914841796,0.023717016940866392,0.0006531956023536623,0.999401176250047,-0.020694131935309324,0.027731603153560918,2.9151115828193594,0.5830223165638719,0.6,0.0,0.0808718204498291,-0.06100255661602605,0.6,0.0,0.0808718204498291,-0.06100255661602605,goal_capture,TERMINAL_SETTLING,NONE,DIRECT_LOCAL,PASS_THROUGH,0,6,0,0,0,0,1,0.6,2.91511158281936,inf,0.0,0,0,0,CLEAR,none,nan,0.0,0.0,0,0,0,0,0.0,0,0,1,1,0.0,0.6,"1.020,21.742;1.083,21.886;1.175,22.105;1.295,22.398;1.447,22.765;1.608,23.153;1.770,23.540;1.922,23.904;2.040,24.185;2.120,24.379;2.150,24.450",2.1500000000000004,24.450000000000003,2.0,2.1500000000000004,24.450000000000003,2.0,2.1500000000000004,24.450000000000003,2.0,0.5804214300411845,0.0,0.0,0,0,9,1,,,1,1,PASS_THROUGH,-1,0.9997856886903559,-0.020702093854266017,0.0,0.5830223165638719,0,0.999401176250047,-0.020694131935309324,0.027731603153560918,2.916233151109572,0.5832466302219144,0,0,0,BYPASS_VISIBLE,1,0,1,1,1
1787562566082322688,1787562566097837056,joint_v2_000008_af4e508d,3360,481,0.03333333333333333,16.033333333333335,15.514373779296875,frame_id_exact,1,,1.0351366996765137,21.775970458984375,1.9215601682662964,0.02000865564380322,-0.014113953403414687,-0.18665984145971673,0.9821194192178909,0.21913857758045197,0.48217496275901794,0.074793241918087,0.5317448893123342,-0.02823655597034849,0.0505817114124107,-0.37608794324620687,-0.0007238810649141669,depth/003360.png,1.0,-0.020253550458271267,-0.044570795129748014,-0.9988009000373079,0.5317448893123342,-0.02823655597034849,0.0505817114124107,-0.0007238810649141669,0.9994547376135796,-0.018913154667003985,0.027065107469071644,2.8971286068506568,0.5794257213701314,0.6,0.0,0.07843983173370361,-0.05234558776508358,0.6,0.0,0.07843983173370361,-0.05234558776508358,goal_capture,TERMINAL_SETTLING,NONE,DIRECT_LOCAL,PASS_THROUGH,0,6,0,0,0,0,1,0.6,2.8971286068506568,inf,0.0,0,0,0,CLEAR,none,nan,0.0,0.0,0,0,0,0,0.0,0,0,1,1,0.0,0.6,"1.020,21.742;1.083,21.886;1.175,22.105;1.295,22.398;1.447,22.765;1.608,23.153;1.770,23.540;1.922,23.904;2.040,24.185;2.120,24.379;2.150,24.450",2.1500000000000004,24.450000000000003,2.0,2.1500000000000004,24.450000000000003,2.0,2.1500000000000004,24.450000000000003,2.0,0.5804214300411845,0.0,0.0,0,0,9,1,,,0,1,PASS_THROUGH,-1,0.999401176250047,-0.020694131935309324,0.027731603153560918,0.5830223165638719,0,0.9994547376135796,-0.018913154667003985,0.027065107469071644,2.898190292550653,0.5796380585101306,0,0,0,BYPASS_VISIBLE,1,0,1,1,1
1787562566127539712,1787562566145760512,joint_v2_000008_af4e508d,3361,482,0.03333333333333333,16.066666666666666,18.220901489257812,frame_id_exact,1,,1.0422468185424805,21.791940689086914,1.924087643623352,-0.006205528607797511,-0.01833748524412331,-0.1871881421909366,0.9821333043292673,0.2075573205947876,0.47904014587402344,0.07640042155981064,0.5213893744443343,-0.019773768839320333,0.07847703733223384,-0.3765670639599102,-0.004730557557195425,depth/003361.png,1.0,-0.03834291269461266,0.0053241930427696225,-0.9992504560992387,0.5213893744443343,-0.019773768839320333,0.07847703733223384,-0.004730557557195425,0.9994853802936055,-0.018289916691694292,0.026352486158951065,2.8796521337413346,0.5759304267482669,0.6,0.0,0.07591235637664795,-0.05385642905394783,0.6,0.0,0.07591235637664795,-0.05385642905394783,goal_capture,TERMINAL_SETTLING,NONE,DIRECT_LOCAL,PASS_THROUGH,0,6,0,0,0,0,1,0.6,2.8796521337413346,inf,0.0,0,0,0,CLEAR,none,nan,0.0,0.0,0,0,0,0,1.048357590579925,0,0,1,1,0.0,0.6,"1.042,21.792;1.099,21.925;1.186,22.131;1.303,22.413;1.449,22.768;1.610,23.156;1.772,23.544;1.924,23.907;2.041,24.188;2.121,24.380;2.150,24.450",2.1500000000000004,24.450000000000003,2.0,2.1500000000000004,24.450000000000003,2.0,2.1500000000000004,24.450000000000003,2.0,0.5804214300411845,0.0,0.0,0,0,9,1,,,0,1,PASS_THROUGH,-1,0.999401176250047,-0.020694131935309324,0.027731603153560918,0.5830223165638719,0,0.9994853802936055,-0.018289916691694292,0.026352486158951065,2.880652547117003,0.5761305094234006,0,0,0,BYPASS_VISIBLE,1,0,1,1,1
1787562566181934336,1787562566197818624,joint_v2_000008_af4e508d,3362,483,0.03333333333333333,16.1,15.884160995483398,frame_id_exact,1,,1.0489948987960815,21.808094024658203,1.9266102313995361,-0.030625882443114,-0.01811684797634504,-0.1876844299811604,0.9815846320550408,0.19784793257713318,0.4927316904067993,0.07430501282215118,0.5262496738217769,-0.006273150744735993,0.10233028129002245,-0.37659272381485753,-0.010010585188865662,depth/003362.png,1.0,-0.047062441687727274,0.053323290527578664,-0.9974676702879651,0.5262496738217769,-0.006273150744735993,0.10233028129002245,-0.010010585188865662,0.9995046465371028,-0.01825941068855898,0.025633093298462875,2.862145945863656,0.5724291891727311,0.6,0.0,0.07338976860046387,-0.053972193023768544,0.6,0.0,0.07338976860046387,-0.053972193023768544,goal_capture,TERMINAL_SETTLING,NONE,DIRECT_LOCAL,PASS_THROUGH,0,6,0,0,0,0,1,0.6,2.8621459458636553,inf,0.0,0,0,0,CLEAR,none,nan,0.0,0.0,0,0,0,0,0.0,0,0,1,1,0.0,0.6,"1.042,21.792;1.099,21.925;1.186,22.131;1.303,22.413;1.449,22.768;1.610,23.156;1.772,23.544;1.924,23.907;2.041,24.188;2.121,24.380;2.150,24.450",2.1500000000000004,24.450000000000003,2.0,2.1500000000000004,24.450000000000003,2.0,2.1500000000000004,24.450000000000003,2.0,0.5804214300411845,0.0,0.0,0,0,9,1,,,0,1,PASS_THROUGH,-1,0.999401176250047,-0.020694131935309324,0.027731603153560918,0.5830223165638719,0,0.9995046465371028,-0.01825941068855898,0.025633093298462875,2.8630867038144316,0.5726173407628863,0,0,0,BYPASS_VISIBLE,1,0,1,1,1
1787562566224607744,1787562566240252160,joint_v2_000008_af4e508d,3363,484,0.03333333333333333,16.133333333333333,15.644550323486328,frame_id_exact,1,,1.055483341217041,21.824935913085938,1.9289906024932861,-0.047927478069664374,-0.013583926061709597,-0.18823839457547165,0.9808591849018293,0.1922931969165802,0.5195803046226501,0.06786371767520905,0.5455971346810395,0.009561411306182137,0.11738056376819245,-0.37721925316203564,-0.01484134141355753,depth/003363.png,1.0,-0.04469142034507988,0.08890618127984636,-0.9950368675972637,0.5455971346810395,0.009561411306182137,0.11738056376819245,-0.01484134141355753,0.9995298838816329,-0.017805534558294218,0.02495945044793269,2.8441041079326523,0.5688208215865305,0.6,0.0,0.07100939750671387,-0.053016771729859635,0.6,0.0,0.07100939750671387,-0.053016771729859635,goal_capture,TERMINAL_SETTLING,NONE,DIRECT_LOCAL,PASS_THROUGH,0,6,0,0,0,0,1,0.6,2.8441041079326523,inf,0.0,0,0,0,CLEAR,none,nan,0.0,0.0,0,0,0,0,0.0,0,0,1,1,0.0,0.6,"1.042,21.792;1.099,21.925;1.186,22.131;1.303,22.413;1.449,22.768;1.610,23.156;1.772,23.544;1.924,23.907;2.041,24.188;2.121,24.380;2.150,24.450",2.1500000000000004,24.450000000000003,2.0,2.1500000000000004,24.450000000000003,2.0,2.1500000000000004,24.450000000000003,2.0,0.5804214300411845,0.0,0.0,0,0,9,1,,,0,1,PASS_THROUGH,-1,0.999401176250047,-0.020694131935309324,0.027731603153560918,0.5830223165638719,0,0.9995298838816329,-0.017805534558294218,0.02495945044793269,2.844990423761327,0.5689980847522654,0,0,0,BYPASS_VISIBLE,1,0,1,1,1
1787562566268637952,1787562566284560384,joint_v2_000008_af4e508d,3364,485,0.03333333333333333,16.166666666666668,15.92254638671875,frame_id_exact,1,,1.0618751049041748,21.842809677124023,1.9310944080352783,-0.054406569085589884,-0.005826432601411066,-0.1889301457165831,0.9804648784953935,0.19216018915176392,0.5532723665237427,0.05802149698138237,0.5757499062386812,0.024340181655182296,0.11967432886265755,-0.3790456833982236,-0.017754189670085907,depth/003364.png,1.0,-0.031983307115767884,0.10448588277492336,-0.9940119558469523,0.5757499062386812,0.024340181655182296,0.11967432886265755,-0.017754189670085907,0.9995693679551272,-0.016326539777293536,0.02438283709267292,2.825147282359887,0.5650294564719773,0.6,0.0,0.06890559196472168,0.0036793585856736977,0.6,0.0,0.06890559196472168,0.0036793585856736977,goal_capture,TERMINAL_SETTLING,NONE,DIRECT_LOCAL,PASS_THROUGH,0,6,0,0,0,0,1,0.6,2.825147282359887,inf,0.0,0,0,0,CLEAR,none,nan,0.0,0.0,0,0,0,0,0.9357616180668729,0,0,1,1,0.0,0.6,"1.062,21.843;1.115,21.991;1.195,22.194;1.281,22.396;1.369,22.598;1.457,22.800;1.544,23.002;1.631,23.204;1.716,23.407;1.800,23.610;1.885,23.813;1.969,24.016;2.054,24.219;2.129,24.399;2.150,24.450",2.1500000000000004,24.450000000000003,2.0,2.1500000000000004,24.450000000000003,2.0,2.1500000000000004,24.450000000000003,2.0,0.5804214300411845,0.0,0.0,0,0,9,1,,,0,1,PASS_THROUGH,-1,0.999401176250047,-0.020694131935309324,0.027731603153560918,0.5830223165638719,0,0.9995693679551272,-0.016326539777293536,0.02438283709267292,2.825987464167077,0.5651974928334154,0,0,0,BYPASS_VISIBLE,1,0,1,1,1
1787562566316159488,1787562566337414400,joint_v2_000008_af4e508d,3365,486,0.03333333333333333,16.2,21.255016326904297,frame_id_exact,1,,1.0683553218841553,21.86181640625,1.9328458309173584,-0.04885626473528043,0.0033445727271048027,-0.18974760740252225,0.980610893634375,0.19751256704330444,0.5863819718360901,0.047176480293273926,0.6102152671598993,0.0345553080906246,0.10734947477753806,-0.38169140383118405,-0.016063936054706573,depth/003365.png,1.0,-0.011981269778784567,0.09708722018890563,-0.9952037584587786,0.6102152671598993,0.0345553080906246,0.10734947477753806,-0.016063936054706573,0.99961328103144,-0.014159675449978683,0.02393307286393989,2.805111321258572,0.5610222642517144,0.6,0.0,0.0671541690826416,0.006053241014837285,0.6,0.0,0.0671541690826416,0.006053241014837285,goal_capture,TERMINAL_SETTLING,NONE,DIRECT_LOCAL,PASS_THROUGH,0,6,0,0,0,0,1,0.6,2.805111321258572,inf,0.0,0,0,0,CLEAR,none,nan,0.0,0.0,0,0,0,0,0.0,0,0,1,1,0.0,0.6,"1.062,21.843;1.115,21.991;1.195,22.194;1.281,22.396;1.369,22.598;1.457,22.800;1.544,23.002;1.631,23.204;1.716,23.407;1.800,23.610;1.885,23.813;1.969,24.016;2.054,24.219;2.129,24.399;2.150,24.450",2.1500000000000004,24.450000000000003,2.0,2.1500000000000004,24.450000000000003,2.0,2.1500000000000004,24.450000000000003,2.0,0.5804214300411845,0.0,0.0,0,0,9,1,,,1,1,PASS_THROUGH,-1,0.9998996893101818,-0.014163732467177345,0.0,0.5610222642517144,0,0.99961328103144,-0.014159675449978683,0.02393307286393989,2.805915039176737,0.5611830078353475,0,0,0,BYPASS_VISIBLE,1,0,1,1,1
1787562566368712960,1787562566384364800,joint_v2_000008_af4e508d,3366,487,0.03333333333333333,16.233333333333334,15.651941299438477,frame_id_exact,1,,1.07509183883667,21.881816864013672,1.9342604875564575,-0.03280336970375743,0.011838490731587636,-0.19055836642712934,0.9810562155441964,0.2072765827178955,0.6118707656860352,0.038232773542404175,0.6408226222602421,0.03749691763525232,0.08216756406594003,-0.3840679820279787,-0.010618828237056732,depth/003366.png,1.0,0.010726536741666418,0.06887574638687893,-0.9975675781465534,0.6408226222602421,0.03749691763525232,0.08216756406594003,-0.010618828237056732,0.9996454010543553,-0.012321430815811182,0.02360623844513193,2.784060375584574,0.5568120751169148,0.6,0.0,0.06573951244354248,-0.0008221113189332829,0.6,0.0,0.06573951244354248,-0.0008221113189332829,goal_capture,TERMINAL_SETTLING,NONE,DIRECT_LOCAL,PASS_THROUGH,0,6,0,0,0,0,1,0.6,2.784060375584574,inf,0.0,0,0,0,CLEAR,none,nan,0.0,0.0,0,0,0,0,0.0,0,0,1,1,0.0,0.6,"1.062,21.843;1.115,21.991;1.195,22.194;1.281,22.396;1.369,22.598;1.457,22.800;1.544,23.002;1.631,23.204;1.716,23.407;1.800,23.610;1.885,23.813;1.969,24.016;2.054,24.219;2.129,24.399;2.150,24.450",2.1500000000000004,24.450000000000003,2.0,2.1500000000000004,24.450000000000003,2.0,2.1500000000000004,24.450000000000003,2.0,0.5804214300411845,0.0,0.0,0,0,9,1,,,0,1,PASS_THROUGH,-1,0.99961328103144,-0.014159675449978683,0.02393307286393989,0.5610222642517144,0,0.9996454010543553,-0.012321430815811182,0.02360623844513193,2.784836415015509,0.5569672830031018,0,0,0,BYPASS_VISIBLE,1,0,1,1,1
1787562566408227584,1787562566427124480,joint_v2_000008_af4e508d,3367,488,0.03333333333333333,16.266666666666666,18.896818161010742,frame_id_exact,1,,1.0822008848190308,21.9024658203125,1.9354404211044312,-0.010047340411974096,0.017784077178140907,-0.19123357736929109,0.9813320011270963,0.21946930885314941,0.6243374943733215,0.033271078020334244,0.6599590348520283,0.03230906696325295,0.04981210245126082,-0.38533110857336306,-0.005064730998128653,depth/003367.png,1.0,0.031061390390789777,0.02652137874295027,-0.9991655550991356,0.6599590348520283,0.03230906696325295,0.04981210245126082,-0.005064730998128653,0.9996600262111743,-0.0115707568313275,0.02336556401682984,2.7622681526342334,0.5524536305268467,0.6,0.0,0.06455957889556885,0.023049641569812263,0.6,0.0,0.06455957889556885,0.023049641569812263,goal_capture,TERMINAL_SETTLING,NONE,DIRECT_LOCAL,PASS_THROUGH,0,6,0,0,0,0,1,0.6,2.7622681526342334,inf,0.0,0,0,0,CLEAR,none,nan,0.0,0.0,0,0,0,0,0.6631513825187989,0,0,1,1,0.0,0.6,"1.082,21.902;1.140,22.065;1.221,22.269;1.307,22.472;1.396,22.673;1.485,22.874;1.573,23.076;1.660,23.278;1.745,23.481;1.830,23.684;1.915,23.887;1.999,24.090;2.084,24.293;2.145,24.439;2.150,24.450",2.1500000000000004,24.450000000000003,2.0,2.1500000000000004,24.450000000000003,2.0,2.1500000000000004,24.450000000000003,2.0,0.5804214300411845,0.0,0.0,0,0,9,1,,,0,1,PASS_THROUGH,-1,0.99961328103144,-0.014159675449978683,0.02393307286393989,0.5610222642517144,0,0.9996600262111743,-0.0115707568313275,0.02336556401682984,2.763022491092773,0.5526044982185546,0,0,0,BYPASS_VISIBLE,1,0,1,1,1
1787562566455115264,1787562566471951616,joint_v2_000008_af4e508d,3368,489,0.03333333333333333,16.3,16.83640480041504,frame_id_exact,1,,1.0897221565246582,21.923267364501953,1.936530351638794,0.014254754217978614,0.019929443823716763,-0.1917187269336429,0.9811440001314821,0.23156313598155975,0.6210901141166687,0.0327349416911602,0.6630928756316751,0.020408390219616906,0.01836649399733691,-0.3854896391663699,6.506753561552614e-05,depth/003368.png,1.0,0.04457311513003992,-0.02033023795188025,-0.9987992385021247,0.6630928756316751,0.020408390219616906,0.01836649399733691,6.506753561552614e-05,0.9996620326271585,-0.011815309339428752,0.023156402763631293,2.740176438964404,0.5480352877928808,0.6,0.0,0.06346964836120605,0.020654802543516593,0.6,0.0,0.06346964836120605,0.020654802543516593,goal_capture,TERMINAL_SETTLING,NONE,DIRECT_LOCAL,PASS_THROUGH,0,6,0,0,0,0,1,0.6,2.740176438964404,inf,0.0,0,0,0,CLEAR,none,nan,0.0,0.0,0,0,0,0,0.0,0,0,1,1,0.0,0.6,"1.082,21.902;1.140,22.065;1.221,22.269;1.307,22.472;1.396,22.673;1.485,22.874;1.573,23.076;1.660,23.278;1.745,23.481;1.830,23.684;1.915,23.887;1.999,24.090;2.084,24.293;2.145,24.439;2.150,24.450",2.1500000000000004,24.450000000000003,2.0,2.1500000000000004,24.450000000000003,2.0,2.1500000000000004,24.450000000000003,2.0,0.5804214300411845,0.0,0.0,0,0,9,1,,,0,1,PASS_THROUGH,-1,0.99961328103144,-0.014159675449978683,0.02393307286393989,0.5610222642517144,0,0.9996620326271585,-0.011815309339428752,0.023156402763631293,2.7409114018732414,0.5481822803746483,0,0,0,BYPASS_VISIBLE,1,0,1,1,1
1787562566500906496,1787562566516476928,joint_v2_000008_af4e508d,3369,490,0.03333333333333333,16.333333333333332,15.570402145385742,frame_id_exact,1,,1.0976089239120483,21.943706512451172,1.9376636743545532,0.03473219142834789,0.017874744151109966,-0.19203236362799186,0.9806109012852977,0.2410067766904831,0.6029026508331299,0.035609014332294464,0.6502301568571976,0.004960919841892939,-0.004472927660424793,-0.38527799503496984,0.005184035282582045,depth/003369.png,1.0,0.04839574757245914,-0.06125247234316489,-0.9969483368002339,0.6502301568571976,0.004960919841892939,-0.004472927660424793,0.005184035282582045,0.9996619710010295,-0.012260928454052996,0.022926259349958674,2.718277767771211,0.5436555535542422,0.6,0.0,0.06233632564544678,0.008880524417519409,0.6,0.0,0.06233632564544678,0.008880524417519409,goal_capture,TERMINAL_SETTLING,NONE,DIRECT_LOCAL,PASS_THROUGH,0,6,0,0,0,0,1,0.6,2.718277767771211,inf,0.0,0,0,0,CLEAR,none,nan,0.0,0.0,0,0,0,0,0.0,0,0,1,1,0.0,0.6,"1.082,21.902;1.140,22.065;1.221,22.269;1.307,22.472;1.396,22.673;1.485,22.874;1.573,23.076;1.660,23.278;1.745,23.481;1.830,23.684;1.915,23.887;1.999,24.090;2.084,24.293;2.145,24.439;2.150,24.450",2.1500000000000004,24.450000000000003,2.0,2.1500000000000004,24.450000000000003,2.0,2.1500000000000004,24.450000000000003,2.0,0.5804214300411845,0.0,0.0,0,0,9,1,,,0,1,PASS_THROUGH,-1,0.99961328103144,-0.014159675449978683,0.02393307286393989,0.5610222642517144,0,0.9996619710010295,-0.012260928454052996,0.022926259349958674,2.718992431077037,0.5437984862154074,0,0,0,BYPASS_VISIBLE,1,0,1,1,1
1787562566545314560,1787562566563106304,joint_v2_000008_af4e508d,3370,491,0.03333333333333333,16.366666666666667,17.791748046875,frame_id_exact,1,,1.1057374477386475,21.963342666625977,1.9389270544052124,0.04697790431415043,0.012150749048037817,-0.19225346572873703,0.9801449080208047,0.24583742022514343,0.5740110874176025,0.04029279947280884,0.6254973376385797,-0.01023059549770344,-0.014024652347181893,-0.3855414016102472,0.010059969499707222,depth/003370.png,1.0,0.04188231945028263,-0.08741826017463541,-0.9952908716076443,0.6254973376385797,-0.01023059549770344,-0.014024652347181893,0.010059969499707222,0.9996712379792414,-0.01203756641474083,0.022638748902301206,2.697025949389108,0.5394051898778216,0.6,0.0,0.0610729455947876,-0.03153060662476559,0.6,0.0,0.0610729455947876,-0.03153060662476559,goal_capture,TERMINAL_SETTLING,NONE,DIRECT_LOCAL,PASS_THROUGH,0,6,0,0,0,0,1,0.6,2.697025949389108,inf,0.0,0,0,0,CLEAR,none,nan,0.0,0.0,0,0,0,0,0.6898952302223387,0,0,1,1,0.0,0.6,"1.106,21.963;1.170,22.115;1.265,22.341;1.390,22.641;1.546,23.012;1.709,23.399;1.869,23.780;2.000,24.092;2.095,24.318;2.150,24.450",2.1500000000000004,24.450000000000003,2.0,2.1500000000000004,24.450000000000003,2.0,2.1500000000000004,24.450000000000003,2.0,0.5804214300411845,0.0,0.0,0,0,9,1,,,0,1,PASS_THROUGH,-1,0.99961328103144,-0.014159675449978683,0.02393307286393989,0.5610222642517144,0,0.9996712379792414,-0.01203756641474083,0.022638748902301206,2.6977173455278525,0.5395434691055705,0,0,0,BYPASS_VISIBLE,1,0,1,1,1
1787562566592497920,1787562566609034496,joint_v2_000008_af4e508d,3371,492,0.03333333333333333,16.4,16.536712646484375,frame_id_exact,1,,1.1139363050460815,21.981929779052734,1.9403564929962158,0.048499628531083395,0.0040882175894887155,-0.19246456151038285,0.980096150932093,0.24518242478370667,0.5411153435707092,0.045459501445293427,0.5953278928302015,-0.02186617874292892,-0.00966296991891008,-0.38656080284513017,0.01302364096045494,depth/003371.png,1.0,0.026682612124564378,-0.09349492447846236,-0.9952621450185758,0.5953278928302015,-0.02186617874292892,-0.00966296991891008,0.01302364096045494,0.9996926025514887,-0.01088316354126431,0.022276830007097542,2.676714141541503,0.5353428283083006,0.6,0.0,0.05964350700378418,-0.027468395485454322,0.6,0.0,0.05964350700378418,-0.027468395485454322,goal_capture,TERMINAL_SETTLING,NONE,DIRECT_LOCAL,PASS_THROUGH,0,6,0,0,0,0,1,0.6,2.676714141541503,inf,0.0,0,0,0,CLEAR,none,nan,0.0,0.0,0,0,0,0,0.0,0,0,1,1,0.0,0.6,"1.106,21.963;1.170,22.115;1.265,22.341;1.390,22.641;1.546,23.012;1.709,23.399;1.869,23.780;2.000,24.092;2.095,24.318;2.150,24.450",2.1500000000000004,24.450000000000003,2.0,2.1500000000000004,24.450000000000003,2.0,2.1500000000000004,24.450000000000003,2.0,0.5804214300411845,0.0,0.0,0,0,9,1,,,1,1,PASS_THROUGH,-1,0.9999407472164742,-0.010885864970647747,0.0,0.5353428283083006,0,0.9996926025514887,-0.01088316354126431,0.022276830007097542,2.677378558115377,0.5354757116230754,0,0,0,BYPASS_VISIBLE,1,0,1,1,1
1787562566637621504,1787562566653221888,joint_v2_000008_af4e508d,3372,493,0.03333333333333333,16.433333333333334,15.600442886352539,frame_id_exact,1,,1.1220263242721558,21.99945640563965,1.9419547319412231,0.039218445120575325,-0.004500564532465481,-0.19270717956304026,0.9804619326756505,0.23945312201976776,0.5116902589797974,0.05033411830663681,0.5664711169292701,-0.027801877404360662,0.005980931635663829,-0.3878992775692282,0.013852907344698906,depth/003372.png,1.0,0.006290087492802717,-0.07863896719389218,-0.996883316962427,0.5664711169292701,-0.027801877404360662,0.005980931635663829,0.013852907344698906,0.999718360400677,-0.00929107379656852,0.021837486702657154,2.657422395075721,0.5314844790151442,0.6,0.0,0.058045268058776855,-0.020634360582059696,0.6,0.0,0.058045268058776855,-0.020634360582059696,goal_capture,TERMINAL_SETTLING,NONE,DIRECT_LOCAL,PASS_THROUGH,0,6,0,0,0,0,1,0.6,2.657422395075721,inf,0.0,0,0,0,CLEAR,none,nan,0.0,0.0,0,0,0,0,0.0,0,0,1,1,0.0,0.6,"1.106,21.963;1.170,22.115;1.265,22.341;1.390,22.641;1.546,23.012;1.709,23.399;1.869,23.780;2.000,24.092;2.095,24.318;2.150,24.450",2.1500000000000004,24.450000000000003,2.0,2.1500000000000004,24.450000000000003,2.0,2.1500000000000004,24.450000000000003,2.0,0.5804214300411845,0.0,0.0,0,0,9,1,,,0,1,PASS_THROUGH,-1,0.9996926025514887,-0.01088316354126431,0.022276830007097542,0.5353428283083006,0,0.999718360400677,-0.00929107379656852,0.021837486702657154,2.6580562520371904,0.5316112504074381,0,0,0,BYPASS_VISIBLE,1,0,1,1,1
1787562566680137216,1787562566696443136,joint_v2_000008_af4e508d,3373,494,0.03333333333333333,16.466666666666665,16.305923461914062,frame_id_exact,1,,1.129860758781433,22.016149520874023,1.943701148033142,0.021405282351425546,-0.011742498224370753,-0.1929476090346925,0.9809052695294801,0.2301960438489914,0.4922107756137848,0.05424587428569794,0.544654293111602,-0.027231949804321906,0.028537747213579438,-0.38879188500539513,0.01334349438548088,depth/003373.png,1.0,-0.014776360670611551,-0.046524482421532315,-0.9988078552458128,0.544654293111602,-0.027231949804321906,0.028537747213579438,0.01334349438548088,0.9997396408342046,-0.008108199521425595,0.02132856406831007,2.638998337668244,0.5277996675336488,0.6,0.0,0.05629885196685791,-0.04488812735986447,0.6,0.0,0.05629885196685791,-0.04488812735986447,goal_capture,TERMINAL_SETTLING,NONE,DIRECT_LOCAL,PASS_THROUGH,0,6,0,0,0,0,1,0.6,2.638998337668244,inf,0.0,0,0,0,CLEAR,none,nan,0.0,0.0,0,0,0,0,0.4646764092585228,0,0,1,1,0.0,0.6,"1.130,22.016;1.192,22.151;1.283,22.361;1.400,22.647;1.546,23.007;1.707,23.395;1.867,23.776;1.998,24.089;2.094,24.316;2.150,24.450;2.150,24.450",2.1500000000000004,24.450000000000003,2.0,2.1500000000000004,24.450000000000003,2.0,2.1500000000000004,24.450000000000003,2.0,0.5804214300411845,0.0,0.0,0,0,9,1,,,0,1,PASS_THROUGH,-1,0.9996926025514887,-0.01088316354126431,0.022276830007097542,0.5353428283083006,0,0.9997396408342046,-0.008108199521425595,0.02132856406831007,2.639598792799493,0.5279197585598986,0,0,0,BYPASS_VISIBLE,1,0,1,1,1
1787562566727402496,1787562566744200704,joint_v2_000008_af4e508d,3374,495,0.03333333333333333,16.5,16.79825782775879,frame_id_exact,1,,1.1373590230941772,22.032424926757812,1.9455485343933105,-0.0008861055421882165,-0.01610200051436415,-0.19314477684768216,0.9810377340209003,0.2196938544511795,0.4867209196090698,0.056229837238788605,0.533920459255704,-0.0205482279585122,0.05320856491729916,-0.38885535718615005,0.010274613276124,depth/003374.png,1.0,-0.03193563351004923,-0.004481428645872876,-0.999479880792807,0.533920459255704,-0.0205482279585122,0.05320856491729916,0.010274613276124,0.9997538021415326,-0.007806866125224186,0.02076988071347873,2.6210896556338477,0.5242179311267695,0.6,0.0,0.05445146560668945,-0.04280694562465104,0.6,0.0,0.05445146560668945,-0.04280694562465104,goal_capture,TERMINAL_SETTLING,NONE,DIRECT_LOCAL,PASS_THROUGH,0,6,0,0,0,0,1,0.6,2.6210896556338477,inf,0.0,0,0,0,CLEAR,none,nan,0.0,0.0,0,0,0,0,0.0,0,0,1,1,0.0,0.6,"1.130,22.016;1.192,22.151;1.283,22.361;1.400,22.647;1.546,23.007;1.707,23.395;1.867,23.776;1.998,24.089;2.094,24.316;2.150,24.450;2.150,24.450",2.1500000000000004,24.450000000000003,2.0,2.1500000000000004,24.450000000000003,2.0,2.1500000000000004,24.450000000000003,2.0,0.5804214300411845,0.0,0.0,0,0,9,1,,,0,1,PASS_THROUGH,-1,0.9996926025514887,-0.01088316354126431,0.022276830007097542,0.5353428283083006,0,0.9997538021415326,-0.007806866125224186,0.02076988071347873,2.621655191854466,0.5243310383708932,0,0,0,BYPASS_VISIBLE,1,0,1,1,1
1787562566770036992,1787562566786725888,joint_v2_000008_af4e508d,3375,496,0.03333333333333333,16.533333333333335,16.689062118530273,frame_id_exact,1,,1.1445207595825195,22.04876708984375,1.9474143981933594,-0.0227004232153768,-0.016687132966963617,-0.1933254504167886,0.9807300854977029,0.21042199432849884,0.4960077404975891,0.05517645552754402,0.5362709274761079,-0.009155716043903724,0.07533392849790795,-0.388465828837194,0.004902177955955267,depth/003375.png,1.0,-0.04150828576833242,0.03807388100769489,-0.9984124607583713,0.5362709274761079,-0.009155716043903724,0.07533392849790795,0.004902177955955267,0.9997633578550155,-0.008084263221917935,0.020195865384357727,2.6032495062379213,0.5206499012475843,0.6,0.0,0.052585601806640625,-0.03843321382467346,0.6,0.0,0.052585601806640625,-0.03843321382467346,goal_capture,TERMINAL_SETTLING,NONE,DIRECT_LOCAL,PASS_THROUGH,0,6,0,0,0,0,1,0.6,2.6032495062379213,inf,0.0,0,0,0,CLEAR,none,nan,0.0,0.0,0,0,0,0,0.0,0,0,1,1,0.0,0.6,"1.130,22.016;1.192,22.151;1.283,22.361;1.400,22.647;1.546,23.007;1.707,23.395;1.867,23.776;1.998,24.089;2.094,24.316;2.150,24.450;2.150,24.450",2.1500000000000004,24.450000000000003,2.0,2.1500000000000004,24.450000000000003,2.0,2.1500000000000004,24.450000000000003,2.0,0.5804214300411845,0.0,0.0,0,0,9,1,,,0,1,PASS_THROUGH,-1,0.9996926025514887,-0.01088316354126431,0.022276830007097542,0.5353428283083006,0,0.9997633578550155,-0.008084263221917935,0.020195865384357727,2.6037805662623237,0.5207561132524647,0,0,0,BYPASS_VISIBLE,1,0,1,1,1
1787562566812513792,1787562566829311744,joint_v2_000008_af4e508d,3376,497,0.03333333333333333,16.566666666666666,16.798019409179688,frame_id_exact,1,,1.1514242887496948,22.065629959106445,1.9491844177246094,-0.03921765122670102,-0.013418793690678483,-0.19355913946175188,0.9802126153743248,0.20448796451091766,0.5175473690032959,0.05047130957245827,0.5513670445600334,0.004656924954656638,0.09050223812211426,-0.38842564266759183,-0.0005705548101104796,depth/003376.png,1.0,-0.04148841136371963,0.07168861263676038,-0.9965638236162957,0.5513670445600334,0.004656924954656638,0.09050223812211426,-0.0005705548101104796,0.999773375267889,-0.008180727860764207,0.01965384942246558,2.5850288089322717,0.5170057617864543,0.6,0.0,0.050815582275390625,-0.008649658275957095,0.6,0.0,0.050815582275390625,-0.008649658275957095,goal_capture,TERMINAL_SETTLING,NONE,DIRECT_LOCAL,PASS_THROUGH,0,6,0,0,0,0,1,0.6,2.5850288089322717,inf,0.0,0,0,0,CLEAR,none,nan,0.0,0.0,0,0,0,0,0.4688169646849659,0,0,1,1,0.0,0.6,"1.151,22.066;1.207,22.206;1.296,22.420;1.417,22.707;1.570,23.067;1.733,23.454;1.890,23.829;2.016,24.129;2.105,24.343;2.150,24.450",2.1500000000000004,24.450000000000003,2.0,2.1500000000000004,24.450000000000003,2.0,2.1500000000000004,24.450000000000003,2.0,0.5804214300411845,0.0,0.0,0,0,9,1,,,0,1,PASS_THROUGH,-1,0.9996926025514887,-0.01088316354126431,0.022276830007097542,0.5353428283083006,0,0.999773375267889,-0.008180727860764207,0.01965384942246558,2.585528218065273,0.5171056436130546,0,0,0,BYPASS_VISIBLE,1,0,1,1,1
1787562566860935936,1787562566877511424,joint_v2_000008_af4e508d,3377,498,0.03333333333333333,16.6,16.57557487487793,frame_id_exact,1,,1.1582050323486328,22.083349227905273,1.950742483139038,-0.046826916312112395,-0.0070689023276248285,-0.19390277124858404,0.9798770258714612,0.20318788290023804,0.5462416410446167,0.042678721249103546,0.5763172595905898,0.017956325933019015,0.09498792593290672,-0.38929281866340965,-0.0031489890534430742,depth/003377.png,1.0,-0.03201304766182597,0.08902787947126496,-0.9955145410571619,0.5763172595905898,0.017956325933019015,0.09498792593290672,-0.0031489890534430742,0.9997873523232769,-0.007543846447993884,0.019192199331523482,2.566065691854976,0.5132131383709952,0.6,0.0,0.049257516860961914,-0.008636794677555626,0.6,0.0,0.049257516860961914,-0.008636794677555626,goal_capture,TERMINAL_SETTLING,NONE,DIRECT_LOCAL,PASS_THROUGH,0,6,0,0,0,0,1,0.6,2.566065691854976,inf,0.0,0,0,0,CLEAR,none,nan,0.0,0.0,0,0,0,0,0.0,0,0,1,1,0.0,0.6,"1.151,22.066;1.207,22.206;1.296,22.420;1.417,22.707;1.570,23.067;1.733,23.454;1.890,23.829;2.016,24.129;2.105,24.343;2.150,24.450",2.1500000000000004,24.450000000000003,2.0,2.1500000000000004,24.450000000000003,2.0,2.1500000000000004,24.450000000000003,2.0,0.5804214300411845,0.0,0.0,0,0,9,1,,,1,1,PASS_THROUGH,-1,0.9999715343003152,-0.007545236184071259,0.0,0.5132131383709952,0,0.9997873523232769,-0.007543846447993884,0.019192199331523482,2.566538415430882,0.5133076830861765,0,0,0,BYPASS_VISIBLE,1,0,1,1,1
1787562566907138560,1787562566922936576,joint_v2_000008_af4e508d,3378,499,0.03333333333333333,16.633333333333333,15.798091888427734,frame_id_exact,1,,1.1650248765945435,22.10205078125,1.952014446258545,-0.04397439121555052,0.0008936747775121067,-0.19434118749607146,0.9799474256842714,0.20678265392780304,0.5756838917732239,0.03364641219377518,0.6058053367691771,0.027637763739409352,0.08682821098912716,-0.3908903156192987,-0.0024080132134258747,depth/003378.png,1.0,-0.015340562221249899,0.08653253857041752,-0.9961309085252275,0.6058053367691771,0.027637763739409352,0.08682821098912716,-0.0024080132134258747,0.9998025153275769,-0.006315187162365812,0.01884273748037624,2.546181754619324,0.5092363509238649,0.6,0.0,0.04798555374145508,-0.010413030431908332,0.6,0.0,0.04798555374145508,-0.010413030431908332,goal_capture,TERMINAL_SETTLING,NONE,DIRECT_LOCAL,PASS_THROUGH,0,6,0,0,0,0,1,0.6,2.5461817546193246,inf,0.0,0,0,0,CLEAR,none,nan,0.0,0.0,0,0,0,0,0.0,0,0,1,1,0.0,0.6,"1.151,22.066;1.207,22.206;1.296,22.420;1.417,22.707;1.570,23.067;1.733,23.454;1.890,23.829;2.016,24.129;2.105,24.343;2.150,24.450",2.1500000000000004,24.450000000000003,2.0,2.1500000000000004,24.450000000000003,2.0,2.1500000000000004,24.450000000000003,2.0,0.5804214300411845,0.0,0.0,0,0,9,1,,,0,1,PASS_THROUGH,-1,0.9997873523232769,-0.007543846447993884,0.019192199331523482,0.5132131383709952,0,0.9998025153275769,-0.006315187162365812,0.01884273748037624,2.546633884350913,0.5093267768701826,0,0,0,BYPASS_VISIBLE,1,0,1,1,1
1787562566950721536,1787562566965953792,joint_v2_000008_af4e508d,3379,500,0.03333333333333333,16.666666666666668,15.232324600219727,frame_id_exact,1,,1.1720366477966309,22.121662139892578,1.9529985189437866,-0.031501006039694315,0.00864543044047033,-0.19480670384812163,0.980297552423149,0.21450044214725494,0.5995124578475952,0.025774354115128517,0.6329502473052783,0.03123517677233783,0.0669947184043066,-0.392485319125762,-0.0002901887346524745,depth/003379.png,1.0,0.004676974291890059,0.06512909385407081,-0.9978658863019723,0.6329502473052783,0.03123517677233783,0.0669947184043066,-0.0002901887346524745,0.9998135121422448,-0.005164189960343253,0.018608387352017895,2.5253850219446683,0.5050770043889337,0.6,0.0,0.04700148105621338,0.02850225018276531,0.6,0.0,0.04700148105621338,0.02850225018276531,goal_capture,TERMINAL_SETTLING,NONE,DIRECT_LOCAL,PASS_THROUGH,0,6,0,0,0,0,1,0.6,2.5253850219446683,inf,0.0,0,0,0,CLEAR,none,nan,0.0,0.0,0,0,0,0,0.29593884707744744,0,0,1,1,0.0,0.6,"1.172,22.122;1.229,22.279;1.322,22.508;1.452,22.808;1.615,23.178;1.779,23.564;1.929,23.924;2.045,24.200;2.124,24.387;2.150,24.450",2.1500000000000004,24.450000000000003,2.0,2.1500000000000004,24.450000000000003,2.0,2.1500000000000004,24.450000000000003,2.0,0.5804214300411845,0.0,0.0,0,0,9,1,,,0,1,PASS_THROUGH,-1,0.9997873523232769,-0.007543846447993884,0.019192199331523482,0.5132131383709952,0,0.9998135121422448,-0.005164189960343253,0.018608387352017895,2.5258223706911678,0.5051644741382335,0,0,0,BYPASS_VISIBLE,1,0,1,1,1
1787562566994275584,1787562567011537408,joint_v2_000008_af4e508d,3380,501,0.03333333333333333,16.7,17.261743545532227,frame_id_exact,1,,1.179352879524231,22.141902923583984,1.953768014907837,-0.01238551747621467,0.014449263750422226,-0.1952075736621044,0.9805772896201866,0.22470873594284058,0.6126148104667664,0.0209733285009861,0.651055824930371,0.02775146582293976,0.0398368107355999,-0.39336223092296374,0.003324467223137617,depth/003380.png,1.0,0.023501746140629567,0.02993112575058752,-0.9992756354678343,0.651055824930371,0.02775146582293976,0.0398368107355999,0.003324467223137617,0.9998184233919793,-0.004723868035197573,0.01846091321583069,2.5038905620350254,0.5007781124070051,0.6,0.0,0.046231985092163086,0.02750982017451442,0.6,0.0,0.046231985092163086,0.02750982017451442,goal_capture,TERMINAL_SETTLING,NONE,DIRECT_LOCAL,PASS_THROUGH,0,6,0,0,0,0,1,0.6,2.5038905620350254,inf,0.0,0,0,0,CLEAR,none,nan,0.0,0.0,0,0,0,0,0.0,0,0,1,1,0.0,0.6,"1.172,22.122;1.229,22.279;1.322,22.508;1.452,22.808;1.615,23.178;1.779,23.564;1.929,23.924;2.045,24.200;2.124,24.387;2.150,24.450",2.1500000000000004,24.450000000000003,2.0,2.1500000000000004,24.450000000000003,2.0,2.1500000000000004,24.450000000000003,2.0,0.5804214300411845,0.0,0.0,0,0,9,1,,,0,1,PASS_THROUGH,-1,0.9997873523232769,-0.007543846447993884,0.019192199331523482,0.5132131383709952,0,0.9998184233919793,-0.004723868035197573,0.01846091321583069,2.5043173407325274,0.5008634681465055,0,0,0,BYPASS_VISIBLE,1,0,1,1,1
1787562567037471232,1787562567053348352,joint_v2_000008_af4e508d,3381,502,0.03333333333333333,16.733333333333334,15.877008438110352,frame_id_exact,1,,1.1870208978652954,22.162355422973633,1.9544408321380615,0.008986286926725238,0.017042942517400222,-0.1954624701698263,0.9805219056771394,0.23522332310676575,0.6121522188186646,0.019946521148085594,0.655732320210609,0.01808058011765737,0.01210088003971154,-0.3933293782994732,0.007832393050193787,depth/003381.png,1.0,0.03693492063171948,-0.01095999107788158,-0.9992575695152384,0.655732320210609,0.01808058011765737,0.01210088003971154,0.007832393050193787,0.9998185595757166,-0.005103192875987112,0.01835225736549358,2.4820649592519373,0.49641299185038745,0.6,0.0,0.04555916786193848,0.015844014393324723,0.6,0.0,0.04555916786193848,0.015844014393324723,goal_capture,TERMINAL_SETTLING,NONE,DIRECT_LOCAL,PASS_THROUGH,0,6,0,0,0,0,1,0.6,2.4820649592519373,inf,0.0,0,0,0,CLEAR,none,nan,0.0,0.0,0,0,0,0,0.0,0,0,1,1,0.0,0.6,"1.172,22.122;1.229,22.279;1.322,22.508;1.452,22.808;1.615,23.178;1.779,23.564;1.929,23.924;2.045,24.200;2.124,24.387;2.150,24.450",2.1500000000000004,24.450000000000003,2.0,2.1500000000000004,24.450000000000003,2.0,2.1500000000000004,24.450000000000003,2.0,0.5804214300411845,0.0,0.0,0,0,9,1,,,0,1,PASS_THROUGH,-1,0.9997873523232769,-0.007543846447993884,0.019192199331523482,0.5132131383709952,0,0.9998185595757166,-0.005103192875987112,0.01835225736549358,2.4824830512457874,0.4964966102491575,0,0,0,BYPASS_VISIBLE,1,0,1,1,1
1787562567088707328,1787562567105327616,joint_v2_000008_af4e508d,3382,503,0.03333333333333333,16.766666666666666,16.620159149169922,frame_id_exact,1,,1.1950123310089111,22.18256378173828,1.9551355838775635,0.027833547781583395,0.015908877417934078,-0.19557491970358443,0.9801646045538106,0.24375788867473602,0.598273515701294,0.022107016295194626,0.6463183236790059,0.004785867134221976,-0.009356708970619462,-0.3928735694709549,0.011685088276863098,depth/003382.png,0.9999967447916667,0.04207372483138691,-0.04834016186215731,-0.9979444024743829,0.6463183236790059,0.004785867134221976,-0.009356708970619462,0.011685088276863098,0.9998172377498171,-0.0057519071851193145,0.018232022983179802,2.4603390928508313,0.49206781857016624,0.6,0.0,0.04486441612243652,-0.0024214120737692246,0.6,0.0,0.04486441612243652,-0.0024214120737692246,goal_capture,TERMINAL_SETTLING,NONE,DIRECT_LOCAL,PASS_THROUGH,0,6,0,0,0,0,1,0.6,2.4603390928508313,inf,0.0,0,0,0,CLEAR,none,nan,0.0,0.0,0,0,0,0,0.3296166116396346,0,0,1,1,0.0,0.6,"1.195,22.183;1.259,22.339;1.355,22.569;1.483,22.872;1.642,23.244;1.806,23.631;1.951,23.977;2.061,24.238;2.133,24.410;2.150,24.450",2.1500000000000004,24.450000000000003,2.0,2.1500000000000004,24.450000000000003,2.0,2.1500000000000004,24.450000000000003,2.0,0.5804214300411845,0.0,0.0,0,0,9,1,,,0,1,PASS_THROUGH,-1,0.9997873523232769,-0.007543846447993884,0.019192199331523482,0.5132131383709952,0,0.9998172377498171,-0.0057519071851193145,0.018232022983179802,2.460748111376713,0.4921496222753426,0,0,0,BYPASS_VISIBLE,1,0,1,1,1
1787562567135458048,1787562567151029760,joint_v2_000008_af4e508d,3383,504,0.03333333333333333,16.8,15.571832656860352,frame_id_exact,1,,1.2032285928726196,22.20212745666504,1.9559379816055298,0.04003288456342772,0.011365504804331886,-0.19561916748987573,0.9797965782572636,0.2484612613916397,0.574216902256012,0.026187535375356674,0.6258370910588646,-0.008793684149180971,-0.019860584883465142,-0.39271641431129556,0.014216605573892593,depth/003383.png,0.9999967447916667,0.037934164535933804,-0.07400154545017784,-0.9965363869081479,0.6258370910588646,-0.008793684149180971,-0.019860584883465142,0.014216605573892593,0.9998193590103241,-0.0059179184053974885,0.018061771505916376,2.4391201422712165,0.48782402845424333,0.6,0.0,0.044062018394470215,-0.0024692271528492515,0.6,0.0,0.044062018394470215,-0.0024692271528492515,goal_capture,TERMINAL_SETTLING,NONE,DIRECT_LOCAL,PASS_THROUGH,0,6,0,0,0,0,1,0.6,2.4391201422712165,inf,0.0,0,0,0,CLEAR,none,nan,0.0,0.0,0,0,0,0,0.0,0,0,1,1,0.0,0.6,"1.195,22.183;1.259,22.339;1.355,22.569;1.483,22.872;1.642,23.244;1.806,23.631;1.951,23.977;2.061,24.238;2.133,24.410;2.150,24.450",2.1500000000000004,24.450000000000003,2.0,2.1500000000000004,24.450000000000003,2.0,2.1500000000000004,24.450000000000003,2.0,0.5804214300411845,0.0,0.0,0,0,9,1,,,1,1,PASS_THROUGH,-1,0.999982483253059,-0.005918883935770276,0.0,0.48782402845424333,0,0.9998193590103241,-0.0059179184053974885,0.018061771505916376,2.4395180937837195,0.48790361875674393,0,0,0,BYPASS_VISIBLE,1,0,1,1,1
1787562567179745792,1787562567198140928,joint_v2_000008_af4e508d,3384,505,0.03333333333333333,16.833333333333332,18.395185470581055,frame_id_exact,1,,1.2115229368209839,22.220794677734375,1.9568907022476196,0.043019345267545486,0.0044804826872482705,-0.19567356239453332,0.9797148147228731,0.24838091433048248,0.5455809235572815,0.030986029654741287,0.5996676963907002,-0.019587070289449046,-0.018076431339576034,-0.3932028401598165,0.016045231372117996,depth/003384.png,1.0,0.025614687612375023,-0.08253995573926347,-0.996258522415282,0.5996676963907002,-0.019587070289449046,-0.018076431339576034,0.016045231372117996,0.9998273287052872,-0.0052670350830600525,0.017820525118054768,2.418697080440317,0.48373941608806337,0.6,0.0,0.04310929775238037,-0.0018450806889697136,0.6,0.0,0.04310929775238037,-0.0018450806889697136,goal_capture,TERMINAL_SETTLING,NONE,DIRECT_LOCAL,PASS_THROUGH,0,6,0,0,0,0,1,0.6,2.418697080440317,inf,0.0,0,0,0,CLEAR,none,nan,0.0,0.0,0,0,0,0,0.0,0,0,1,1,0.0,0.6,"1.195,22.183;1.259,22.339;1.355,22.569;1.483,22.872;1.642,23.244;1.806,23.631;1.951,23.977;2.061,24.238;2.133,24.410;2.150,24.450",2.1500000000000004,24.450000000000003,2.0,2.1500000000000004,24.450000000000003,2.0,2.1500000000000004,24.450000000000003,2.0,0.5804214300411845,0.0,0.0,0,0,9,1,,,0,1,PASS_THROUGH,-1,0.9998193590103241,-0.0059179184053974885,0.018061771505916376,0.48782402845424333,0,0.9998273287052872,-0.0052670350830600525,0.017820525118054768,2.4190812261028394,0.4838162452205679,0,0,0,BYPASS_VISIBLE,1,0,1,1,1
1787562567226464000,1787562567242004480,joint_v2_000008_af4e508d,3385,506,0.03333333333333333,16.866666666666667,15.540361404418945,frame_id_exact,1,,1.2197356224060059,22.238523483276367,1.9580026865005493,0.03632345183468138,-0.0031841229301946225,-0.19575588228902746,0.9799745418924022,0.24368612468242645,0.5189370512962341,0.035654257982969284,0.5738177893160915,-0.02549893967366343,-0.005724108926108147,-0.394032602135671,0.017703749239444733,depth/003385.png,1.0,0.007980339903668955,-0.07243873773031918,-0.997340936415958,0.5738177893160915,-0.02549893967366343,-0.005724108926108147,0.017703749239444733,0.9998382123541095,-0.004149751848603418,0.01750224774517641,2.3991707309486014,0.4798341461897203,0.6,0.0,0.041997313499450684,-0.03435428693870146,0.6,0.0,0.041997313499450684,-0.03435428693870146,goal_capture,TERMINAL_SETTLING,NONE,DIRECT_LOCAL,PASS_THROUGH,0,6,0,0,0,0,1,0.6,2.3991707309486014,inf,0.0,0,0,0,CLEAR,none,nan,0.0,0.0,0,0,0,0,0.2378003748907727,0,0,1,1,0.0,0.6,"1.220,22.239;1.285,22.379;1.378,22.594;1.497,22.886;1.646,23.251;1.808,23.638;1.953,23.982;2.062,24.242;2.134,24.412;2.150,24.450",2.1500000000000004,24.450000000000003,2.0,2.1500000000000004,24.450000000000003,2.0,2.1500000000000004,24.450000000000003,2.0,0.5804214300411845,0.0,0.0,0,0,9,1,,,0,1,PASS_THROUGH,-1,0.9998193590103241,-0.0059179184053974885,0.018061771505916376,0.48782402845424333,0,0.9998382123541095,-0.004149751848603418,0.01750224774517641,2.3995382827914247,0.47990765655828493,0,0,0,BYPASS_VISIBLE,1,0,1,1,1
1787562567269516800,1787562567285054464,joint_v2_000008_af4e508d,3386,507,0.03333333333333333,16.9,15.537738800048828,frame_id_exact,1,,1.2277305126190186,22.255481719970703,1.959257960319519,0.021608244509126514,-0.009932806450588229,-0.1958382577340999,0.980347795393513,0.2355952113866806,0.5002468228340149,0.039490848779678345,0.5535974045924956,-0.025613083238859972,0.013616097702806453,-0.3945922208676976,0.017212949693202972,depth/003386.png,1.0,-0.011011767897089735,-0.04625763675307878,-0.9988688462504979,0.5535974045924956,-0.025613083238859972,0.013616097702806453,0.017212949693202972,0.999848260631039,-0.0032567589606462186,0.017112838284702708,2.3804393478382795,0.4760878695676559,0.6,0.0,0.04074203968048096,-0.03031279913096041,0.6,0.0,0.04074203968048096,-0.03031279913096041,goal_capture,TERMINAL_SETTLING,NONE,DIRECT_LOCAL,PASS_THROUGH,0,6,0,0,0,0,1,0.6,2.3804393478382795,inf,0.0,0,0,0,CLEAR,none,nan,0.0,0.0,0,0,0,0,0.0,0,0,1,1,0.0,0.6,"1.220,22.239;1.285,22.379;1.378,22.594;1.497,22.886;1.646,23.251;1.808,23.638;1.953,23.982;2.062,24.242;2.134,24.412;2.150,24.450",2.1500000000000004,24.450000000000003,2.0,2.1500000000000004,24.450000000000003,2.0,2.1500000000000004,24.450000000000003,2.0,0.5804214300411845,0.0,0.0,0,0,9,1,,,0,1,PASS_THROUGH,-1,0.9998193590103241,-0.0059179184053974885,0.018061771505916376,0.48782402845424333,0,0.999848260631039,-0.0032567589606462186,0.017112838284702708,2.3807879793324855,0.4761575958664971,0,0,0,BYPASS_VISIBLE,1,0,1,1,1
1787562567310108416,1787562567325763584,joint_v2_000008_af4e508d,3387,508,0.03333333333333333,16.933333333333334,15.655279159545898,frame_id_exact,1,,1.2354254722595215,22.272010803222656,1.9606159925460815,0.002246149389101026,-0.014307760263932328,-0.19590763298687644,0.9805153961803105,0.22605568170547485,0.49351438879966736,0.04168214276432991,0.5428764572895756,-0.020113494543312054,0.03571587416034889,-0.39454389240698035,0.01399567537009716,depth/003387.png,1.0,-0.027177882826977622,-0.010010767009570449,-0.9995804856183034,0.5428764572895756,-0.020113494543312054,0.03571587416034889,0.01399567537009716,0.9998565036942405,-0.003013056334646214,0.01667013832735775,2.3622200380300202,0.472444007606004,0.6,0.0,0.03938400745391846,-0.022588016768418373,0.6,0.0,0.03938400745391846,-0.022588016768418373,goal_capture,TERMINAL_SETTLING,NONE,DIRECT_LOCAL,PASS_THROUGH,0,6,0,0,0,0,1,0.6,2.3622200380300202,inf,0.0,0,0,0,CLEAR,none,nan,0.0,0.0,0,0,0,0,0.0,0,0,1,1,0.0,0.6,"1.220,22.239;1.285,22.379;1.378,22.594;1.497,22.886;1.646,23.251;1.808,23.638;1.953,23.982;2.062,24.242;2.134,24.412;2.150,24.450",2.1500000000000004,24.450000000000003,2.0,2.1500000000000004,24.450000000000003,2.0,2.1500000000000004,24.450000000000003,2.0,0.5804214300411845,0.0,0.0,0,0,9,1,,,0,1,PASS_THROUGH,-1,0.9998193590103241,-0.0059179184053974885,0.018061771505916376,0.48782402845424333,0,0.9998565036942405,-0.003013056334646214,0.01667013832735775,2.3625483292651777,0.47250966585303555,0,0,0,BYPASS_VISIBLE,1,0,1,1,1
1787562567352371456,1787562567368861696,joint_v2_000008_af4e508d,3388,509,0.03333333333333333,16.966666666666665,16.49022102355957,frame_id_exact,1,,1.2428091764450073,22.288530349731445,1.9620065689086914,-0.017416358157004954,-0.015378346790605726,-0.19597123879548747,0.9803343564741047,0.21728113293647766,0.49994000792503357,0.041284967213869095,0.5436789881533828,-0.010189269992855885,0.05625733187433099,-0.394082964801285,0.00960962101817131,depth/003388.png,1.0,-0.03697805397587646,0.028120281189576723,-0.9989203538370696,0.5436789881533828,-0.010189269992855885,0.05625733187433099,0.00960962101817131,0.9998632380340521,-0.0032982032639245996,0.01620577314694486,2.34413016690082,0.46882603338016404,0.5333333334,0.0,0.037993431091308594,-0.016957568121507283,0.5333333334,0.0,0.037993431091308594,-0.016957568121507283,goal_capture,TERMINAL_SETTLING,NONE,DIRECT_LOCAL,PASS_THROUGH,0,6,0,0,0,0,1,0.5333333334,2.34413016690082,inf,0.0,0,0,0,CLEAR,none,nan,0.0,0.0,0,0,0,0,0.18899828936809457,0,0,1,1,0.0,0.5,"1.243,22.289;1.314,22.454;1.384,22.619;1.454,22.786;1.523,22.952;1.592,23.118;1.661,23.284;1.730,23.451;1.800,23.616;1.869,23.782;1.939,23.948;2.009,24.114;2.079,24.280;2.148,24.446;2.150,24.450",2.1500000000000004,24.450000000000003,2.0,2.1500000000000004,24.450000000000003,2.0,2.1500000000000004,24.450000000000003,2.0,0.5804214300411845,0.0,0.0,0,0,9,1,,,0,1,PASS_THROUGH,-1,0.9998193590103241,-0.0059179184053974885,0.018061771505916376,0.48782402845424333,0,0.9998632380340521,-0.0032982032639245996,0.01620577314694486,2.344438043579006,0.4688876087158012,0,0,0,BYPASS_VISIBLE,1,0,1,1,1
1787562567397395968,1787562567413078016,joint_v2_000008_af4e508d,3389,510,0.03333333333333333,17.0,15.682220458984375,frame_id_exact,1,,1.249941349029541,22.305463790893555,1.963315725326538,-0.031573902732107105,-0.013232413810175358,-0.19604899180497784,0.9799963187192448,0.2111804336309433,0.5174736976623535,0.036644045263528824,0.5559094615332789,0.00213225171226067,0.06840404560106958,-0.39380045601550223,0.005285472609102726,depth/003389.png,1.0,-0.03831549723943915,0.05669621411686664,-0.9976559837820395,0.5559094615332789,0.00213225171226067,0.06840404560106958,0.005285472609102726,0.9998692525686574,-0.003570774047351079,0.015771091924686845,2.3257560334986596,0.4651512066997319,0.5,0.0,0.036684274673461914,-0.017839808330097906,0.5,0.0,0.036684274673461914,-0.017839808330097906,goal_capture,TERMINAL_SETTLING,NONE,DIRECT_LOCAL,PASS_THROUGH,0,6,0,0,0,0,1,0.5,2.3257560334986596,inf,0.0,0,0,0,CLEAR,none,nan,0.0,0.0,0,0,0,0,0.0,0,0,1,1,0.0,0.5,"1.243,22.289;1.314,22.454;1.384,22.619;1.454,22.786;1.523,22.952;1.592,23.118;1.661,23.284;1.730,23.451;1.800,23.616;1.869,23.782;1.939,23.948;2.009,24.114;2.079,24.280;2.148,24.446;2.150,24.450",2.1500000000000004,24.450000000000003,2.0,2.1500000000000004,24.450000000000003,2.0,2.1500000000000004,24.450000000000003,2.0,0.5804214300411845,0.0,0.0,0,0,9,1,,,1,1,PASS_THROUGH,-1,0.9999936231799351,-0.0035712182047745434,0.0,0.4651512066997319,0,0.9998692525686574,-0.003570774047351079,0.015771091924686845,2.3260453270226136,0.4652090654045227,0,0,0,BYPASS_VISIBLE,1,0,1,1,1
1787562567441249280,1787562567458482688,joint_v2_000008_af4e508d,3390,511,0.03333333333333333,17.033333333333335,17.23337173461914,frame_id_exact,1,,1.2569224834442139,22.32308578491211,1.9644315242767334,-0.03271823975169799,-0.009324174666154074,-0.1961331283000205,0.9799869246768516,0.20812976360321045,0.5399219989776611,0.030333060771226883,0.5755275234938604,0.014200659060277508,0.06572875349944281,-0.3941153601129156,0.002753636334091425,depth/003390.png,1.0,-0.031109399942409507,0.060469335218035665,-0.9976851531086909,0.5755275234938604,0.014200659060277508,0.06572875349944281,0.002753636334091425,0.9998752947073511,-0.0034217091496095155,0.015417098961335491,2.3068054813790435,0.4613610962758087,0.5,0.0,0.0355684757232666,-0.016996038517525514,0.5,0.0,0.0355684757232666,-0.016996038517525514,goal_capture,TERMINAL_SETTLING,NONE,DIRECT_LOCAL,PASS_THROUGH,0,6,0,0,0,0,1,0.5,2.3068054813790435,inf,0.0,0,0,0,CLEAR,none,nan,0.0,0.0,0,0,0,0,0.0,0,0,1,1,0.0,0.5,"1.243,22.289;1.314,22.454;1.384,22.619;1.454,22.786;1.523,22.952;1.592,23.118;1.661,23.284;1.730,23.451;1.800,23.616;1.869,23.782;1.939,23.948;2.009,24.114;2.079,24.280;2.148,24.446;2.150,24.450",2.1500000000000004,24.450000000000003,2.0,2.1500000000000004,24.450000000000003,2.0,2.1500000000000004,24.450000000000003,2.0,0.5804214300411845,0.0,0.0,0,0,9,1,,,0,1,PASS_THROUGH,-1,0.9998692525686574,-0.003570774047351079,0.015771091924686845,0.4651512066997319,0,0.9998752947073511,-0.0034217091496095155,0.015417098961335491,2.3070796790283765,0.4614159358056753,0,0,0,BYPASS_VISIBLE,1,0,1,1,1
1787562567496070400,1787562567511628288,joint_v2_000008_af4e508d,3391,512,0.03333333333333333,17.066666666666666,15.558004379272461,frame_id_exact,1,,1.263838768005371,22.341415405273438,1.9653422832489014,-0.01989938129780825,-0.004774015300699396,-0.196205710359141,0.980349194228433,0.20706984400749207,0.5583519339561462,0.02453966625034809,0.5937080166960343,0.02315329801037211,0.047028856797061175,-0.3947386013787872,0.0019578211940824986,depth/003391.png,1.0,-0.017169148593037472,0.03714330671522307,-0.9991624468037462,0.5937080166960343,0.02315329801037211,0.047028856797061175,0.0019578211940824986,0.9998803712848202,-0.003113031459906788,0.01515097866342852,2.287227737285562,0.4574455474571124,0.5666666666,0.0,0.03465771675109863,0.018520716301019813,0.5666666666,0.0,0.03465771675109863,0.018520716301019813,goal_capture,TERMINAL_SETTLING,NONE,DIRECT_LOCAL,PASS_THROUGH,0,6,0,0,0,0,1,0.5666666666,2.287227737285562,inf,0.0,0,0,0,CLEAR,none,nan,0.0,0.0,0,0,0,0,0.17838432772584129,0,0,1,1,0.0,0.6,"1.264,22.341;1.320,22.490;1.410,22.712;1.538,23.004;1.696,23.370;1.858,23.754;1.991,24.072;2.089,24.305;2.148,24.444;2.150,24.450",2.1500000000000004,24.450000000000003,2.0,2.1500000000000004,24.450000000000003,2.0,2.1500000000000004,24.450000000000003,2.0,0.5804214300411845,0.0,0.0,0,0,9,1,,,0,1,PASS_THROUGH,-1,0.9998692525686574,-0.003570774047351079,0.015771091924686845,0.4651512066997319,0,0.9998803712848202,-0.003113031459906788,0.01515097866342852,2.287490301517983,0.45749806030359663,0,0,0,BYPASS_VISIBLE,1,0,1,1,1
1787562568539260672,1787562568573457664,joint_v2_000008_af4e508d,3393,513,0.03333333333333333,17.1,34.197092056274414,frame_id_exact,1,,1.2707351446151733,22.360183715820312,1.966072916984558,0.0005724334480706258,4.4927121373136e-05,-0.19620864943685987,0.9805620001752388,0.20677891373634338,0.5653530359268188,0.01959601789712906,0.6014109475965016,0.02669017432989287,0.018923134528814042,-0.3949797075516165,0.0026464660186320543,depth/003393.png,1.0,0.0003127404434683606,-0.001104982793999265,-0.9999993406030026,0.6014109475965016,0.02669017432989287,0.018923134528814042,0.0026464660186320543,0.9998826954636441,-0.003274974666383474,0.01496228101901355,2.2672535781287255,0.4534507156257451,0.6,0.0,0.033927083015441895,0.01609009625232527,0.6,0.0,0.033927083015441895,0.01609009625232527,goal_capture,TERMINAL_SETTLING,NONE,DIRECT_LOCAL,PASS_THROUGH,0,6,0,0,0,0,1,0.6,2.2672535781287255,inf,0.0,0,0,0,CLEAR,none,nan,0.0,0.0,0,0,0,0,0.0,0,0,1,1,0.0,0.6,"1.264,22.341;1.320,22.490;1.410,22.712;1.538,23.004;1.696,23.370;1.858,23.754;1.991,24.072;2.089,24.305;2.148,24.444;2.150,24.450",2.1500000000000004,24.450000000000003,2.0,2.1500000000000004,24.450000000000003,2.0,2.1500000000000004,24.450000000000003,2.0,0.5804214300411845,0.0,0.0,0,0,9,1,,,0,1,PASS_THROUGH,-1,0.9998692525686574,-0.003570774047351079,0.015771091924686845,0.4651512066997319,0,0.9998826954636441,-0.003274974666383474,0.01496228101901355,2.267507405610717,0.45350148112214345,0,0,0,BYPASS_VISIBLE,1,0,1,1,1
1787562568605589248,1787562568627211008,joint_v2_000008_af4e508d,3394,514,0.03333333333333333,17.133333333333333,21.6219425201416,frame_id_exact,1,,1.277631163597107,22.37895965576172,1.966701626777649,0.017998341137763264,0.005268659854718839,-0.19611377420877796,0.9804017995216107,0.20716598629951477,0.5591213703155518,0.01885899528861046,0.5960804316264396,0.024007763418707008,-0.0013640579004305306,-0.3945676237696065,0.0036829249002039433,depth/003394.png,1.0,0.017390252425314966,-0.03322469854147151,-0.999296601879248,0.5960804316264396,0.024007763418707008,-0.0013640579004305306,0.0036829249002039433,0.9998818423716168,-0.004098658434511271,0.014815609828101555,2.247272901583065,0.44945458031661295,0.6,0.0,0.033298373222351074,0.005380348944957758,0.6,0.0,0.033298373222351074,0.005380348944957758,goal_capture,TERMINAL_SETTLING,NONE,DIRECT_LOCAL,PASS_THROUGH,0,6,0,0,0,0,1,0.6,2.247272901583065,inf,0.0,0,0,0,CLEAR,none,nan,0.0,0.0,0,0,0,0,0.0,0,0,1,1,0.0,0.6,"1.264,22.341;1.320,22.490;1.410,22.712;1.538,23.004;1.696,23.370;1.858,23.754;1.991,24.072;2.089,24.305;2.148,24.444;2.150,24.450",2.1500000000000004,24.450000000000003,2.0,2.1500000000000004,24.450000000000003,2.0,2.1500000000000004,24.450000000000003,2.0,0.5804214300411845,0.0,0.0,0,0,9,1,,,0,1,PASS_THROUGH,-1,0.9998692525686574,-0.003570774047351079,0.015771091924686845,0.4651512066997319,0,0.9998818423716168,-0.004098658434511271,0.014815609828101555,2.247519582973377,0.4495039165946754,0,0,0,BYPASS_VISIBLE,1,0,1,1,1
1787562568660505088,1787562568676049664,joint_v2_000008_af4e508d,3395,515,0.03333333333333333,17.166666666666668,15.544652938842773,frame_id_exact,1,,1.2845638990402222,22.397354125976562,1.967370867729187,0.026631423037872495,0.010127830084987905,-0.19595406220725772,0.9801990613488781,0.20913787186145782,0.5433865785598755,0.021544411778450012,0.5823778817908298,0.016066328714531248,-0.007047039597556211,-0.39389133266485127,0.004503370262682438,depth/003395.png,1.0,0.030291650138874273,-0.0482390128352185,-0.998376388729495,0.5823778817908298,0.016066328714531248,-0.007047039597556211,0.004503370262682438,0.9998796744153696,-0.005112186801042397,0.014645894889896916,2.227629845595968,0.4455259691191936,0.6,0.0,0.03262913227081299,0.008224570782748297,0.6,0.0,0.03262913227081299,0.008224570782748297,goal_capture,TERMINAL_SETTLING,NONE,DIRECT_LOCAL,PASS_THROUGH,0,6,0,0,0,0,1,0.6,2.227629845595968,inf,0.0,0,0,0,CLEAR,none,nan,0.0,0.0,0,0,0,0,0.29293942366303843,0,0,1,1,0.0,0.6,"1.285,22.397;1.341,22.543;1.431,22.762;1.557,23.052;1.714,23.416;1.874,23.795;2.004,24.103;2.098,24.326;2.150,24.450",2.1500000000000004,24.450000000000003,2.0,2.1500000000000004,24.450000000000003,2.0,2.1500000000000004,24.450000000000003,2.0,0.5804214300411845,0.0,0.0,0,0,9,1,,,0,1,PASS_THROUGH,-1,0.9998692525686574,-0.003570774047351079,0.015771091924686845,0.4651512066997319,0,0.9998796744153696,-0.005112186801042397,0.014645894889896916,2.227868799831503,0.44557375996630066,0,0,0,BYPASS_VISIBLE,1,0,1,1,1
1787562568703975936,1787562568718611968,joint_v2_000008_af4e508d,3396,516,0.03333333333333333,17.2,14.636039733886719,frame_id_exact,1,,1.2915980815887451,22.415149688720703,1.9681453704833984,0.025877538981377166,0.013321528408961624,-0.1957738595295143,0.9802170605442626,0.21328367292881012,0.5243330597877502,0.02488493174314499,0.5665765137776284,0.004921724991752355,-0.00108314862486256,-0.3934360935456521,0.005491930525749922,depth/003396.png,1.0,0.03624827020099783,-0.04551519632598122,-0.9983057797142331,0.5665765137776284,0.004921724991752355,-0.00108314862486256,0.005491930525749922,0.9998793876637916,-0.005762952943818296,0.014422153044829099,2.208499409745356,0.4416998819490712,0.6,0.0,0.03185462951660156,0.005919142394196775,0.6,0.0,0.03185462951660156,0.005919142394196775,goal_capture,TERMINAL_SETTLING,NONE,DIRECT_LOCAL,PASS_THROUGH,0,6,0,0,0,0,1,0.6,2.208499409745356,inf,0.0,0,0,0,CLEAR,none,nan,0.0,0.0,0,0,0,0,0.0,0,0,1,1,0.0,0.6,"1.285,22.397;1.341,22.543;1.431,22.762;1.557,23.052;1.714,23.416;1.874,23.795;2.004,24.103;2.098,24.326;2.150,24.450",2.1500000000000004,24.450000000000003,2.0,2.1500000000000004,24.450000000000003,2.0,2.1500000000000004,24.450000000000003,2.0,0.5804214300411845,0.0,0.0,0,0,9,1,,,1,1,PASS_THROUGH,-1,0.9999833905940447,-0.005763552380110733,0.0,0.4416998819490712,0,0.9998793876637916,-0.005762952943818296,0.014422153044829099,2.2087291278622705,0.4417458255724541,0,0,0,BYPASS_VISIBLE,1,0,1,1,1
1787562568747687168,1787562568763344128,joint_v2_000008_af4e508d,3397,517,0.03333333333333333,17.233333333333334,15.65694808959961,frame_id_exact,1,,1.2988040447235107,22.432340621948242,1.969022512435913,0.01717443371056179,0.01394022055561376,-0.1955737630635298,0.9804394995504582,0.21934694051742554,0.50804203748703,0.027586234733462334,0.5538804469620107,-0.006953586035655932,0.0122020748033091,-0.3933014946967801,0.006920894607901573,depth/003397.png,1.0,0.03405282298885735,-0.028224303600497533,-0.9990214181551648,0.5538804469620107,-0.006953586035655932,0.0122020748033091,0.006920894607901573,0.9998824551436417,-0.0059169254982602065,0.014144464944687839,2.1898593379756774,0.4379718675951355,0.6,0.0,0.030977487564086914,0.0007780810035451502,0.6,0.0,0.030977487564086914,0.0007780810035451502,goal_capture,TERMINAL_SETTLING,NONE,DIRECT_LOCAL,PASS_THROUGH,0,6,0,0,0,0,1,0.6,2.1898593379756774,inf,0.0,0,0,0,CLEAR,none,nan,0.0,0.0,0,0,0,0,0.0,0,0,1,1,0.0,0.6,"1.285,22.397;1.341,22.543;1.431,22.762;1.557,23.052;1.714,23.416;1.874,23.795;2.004,24.103;2.098,24.326;2.150,24.450",2.1500000000000004,24.450000000000003,2.0,2.1500000000000004,24.450000000000003,2.0,2.1500000000000004,24.450000000000003,2.0,0.5804214300411845,0.0,0.0,0,0,9,1,,,0,1,PASS_THROUGH,-1,0.9998793876637916,-0.005762952943818296,0.014422153044829099,0.4416998819490712,0,0.9998824551436417,-0.0059169254982602065,0.014144464944687839,2.1900784289278445,0.43801568578556893,0,0,0,BYPASS_VISIBLE,1,0,1,1,1
1787562568789146880,1787562568805321984,joint_v2_000008_af4e508d,3398,518,0.03333333333333333,17.266666666666666,16.175031661987305,frame_id_exact,1,,1.3062320947647095,22.44910430908203,1.9699699878692627,0.0032827434461659205,0.01173057437825448,-0.19532497894539289,0.9806629236492042,0.226399227976799,0.49924466013908386,0.029029907658696175,0.547943626127108,-0.01713654239148919,0.028437618502489506,-0.3931846059809228,0.008203896693885326,depth/003398.png,1.0,0.02428988232073794,-0.0018559811841148272,-0.9997032344404458,0.547943626127108,-0.01713654239148919,0.028437618502489506,0.008203896693885326,0.9998870875916422,-0.005882836693724534,0.013827664298021902,2.171526615963815,0.43430532319276305,0.6,0.0,0.030030012130737305,-0.02650190945343689,0.6,0.0,0.030030012130737305,-0.02650190945343689,goal_capture,TERMINAL_SETTLING,NONE,DIRECT_LOCAL,PASS_THROUGH,0,6,0,0,0,0,1,0.6,2.171526615963815,inf,0.0,0,0,0,CLEAR,none,nan,0.0,0.0,0,0,0,0,0.3370958873083268,0,0,1,1,0.0,0.6,"1.306,22.449;1.368,22.586;1.458,22.797;1.576,23.083;1.725,23.443;1.884,23.819;2.011,24.121;2.103,24.338;2.150,24.450",2.1500000000000004,24.450000000000003,2.0,2.1500000000000004,24.450000000000003,2.0,2.1500000000000004,24.450000000000003,2.0,0.5804214300411845,0.0,0.0,0,0,9,1,,,0,1,PASS_THROUGH,-1,0.9998793876637916,-0.005762952943818296,0.014422153044829099,0.4416998819490712,0,0.9998870875916422,-0.005882836693724534,0.013827664298021902,2.1717342483526454,0.43434684967052906,0,0,0,BYPASS_VISIBLE,1,0,1,1,1
1787562568840734208,1787562568857834752,joint_v2_000008_af4e508d,3399,519,0.03333333333333333,17.3,17.10057258605957,frame_id_exact,1,,1.3138939142227173,22.46573829650879,1.9709367752075195,-0.012184837542596215,0.007107922249676404,-0.1950195235118665,0.9806979109922472,0.23314887285232544,0.5005016326904297,0.028678514063358307,0.5506588400525556,-0.023593453414918773,0.04359964718790538,-0.39271685584141197,0.0074484627693891525,depth/003399.png,1.0,0.009188886580252693,0.026671656668190602,-0.9996020143507062,0.5506588400525556,-0.023593453414918773,0.04359964718790538,0.0074484627693891525,0.9998904745510033,-0.006073574366174376,0.01349631788999886,2.1532226765050715,0.4306445353010143,0.6,0.0,0.02906322479248047,-0.025478674699157544,0.6,0.0,0.02906322479248047,-0.025478674699157544,goal_capture,TERMINAL_SETTLING,NONE,DIRECT_LOCAL,PASS_THROUGH,0,6,0,0,0,0,1,0.6,2.1532226765050715,inf,0.0,0,0,0,CLEAR,none,nan,0.0,0.0,0,0,0,0,0.0,0,0,1,1,0.0,0.6,"1.306,22.449;1.368,22.586;1.458,22.797;1.576,23.083;1.725,23.443;1.884,23.819;2.011,24.121;2.103,24.338;2.150,24.450",2.1500000000000004,24.450000000000003,2.0,2.1500000000000004,24.450000000000003,2.0,2.1500000000000004,24.450000000000003,2.0,0.5804214300411845,0.0,0.0,0,0,9,1,,,0,1,PASS_THROUGH,-1,0.9998793876637916,-0.005762952943818296,0.014422153044829099,0.4416998819490712,0,0.9998904745510033,-0.006073574366174376,0.01349631788999886,2.153418808697231,0.43068376173944617,0,0,0,BYPASS_VISIBLE,1,0,1,1,1
1787562568890880256,1787562568906433792,joint_v2_000008_af4e508d,3400,520,0.03333333333333333,17.333333333333332,15.553474426269531,frame_id_exact,1,,1.321757197380066,22.482587814331055,1.9718568325042725,-0.025461222496716434,0.0010490781870048185,-0.19470610934970448,0.9805305485122996,0.23829294741153717,0.5118281245231628,0.026185788214206696,0.5620138494458657,-0.02497161517621494,0.054351677158169936,-0.3918466916336204,0.004366463515907526,depth/003400.png,1.0,-0.007857604722973404,0.050339536785388835,-0.9987012511678605,0.5620138494458657,-0.02497161517621494,0.054351677158169936,0.004366463515907526,0.9998912265835898,-0.006614135027142649,0.013182875976323222,2.13464208906561,0.42692841781312196,0.6,0.0,0.02814316749572754,-0.021697501371186756,0.6,0.0,0.02814316749572754,-0.021697501371186756,goal_capture,TERMINAL_SETTLING,NONE,DIRECT_LOCAL,PASS_THROUGH,0,6,0,0,0,0,1,0.6,2.13464208906561,inf,0.0,0,0,0,CLEAR,none,nan,0.0,0.0,0,0,0,0,0.0,0,0,1,1,0.0,0.6,"1.306,22.449;1.368,22.586;1.458,22.797;1.576,23.083;1.725,23.443;1.884,23.819;2.011,24.121;2.103,24.338;2.150,24.450",2.1500000000000004,24.450000000000003,2.0,2.1500000000000004,24.450000000000003,2.0,2.1500000000000004,24.450000000000003,2.0,0.5804214300411845,0.0,0.0,0,0,9,1,,,0,1,PASS_THROUGH,-1,0.9998793876637916,-0.005762952943818296,0.014422153044829099,0.4416998819490712,0,0.9998912265835898,-0.006614135027142649,0.013182875976323222,2.134827601069249,0.4269655202138498,0,0,0,BYPASS_VISIBLE,1,0,1,1,1
1787562568930805760,1787562568946450944,joint_v2_000008_af4e508d,3401,521,0.03333333333333333,17.366666666666667,15.645265579223633,frame_id_exact,1,,1.329750895500183,22.499950408935547,1.9726592302322388,-0.033391319309370684,-0.005117116328948365,-0.19445097743000705,0.9803303791537681,0.24084840714931488,0.5308578014373779,0.02170855924487114,0.580057589210758,-0.0209125755776143,0.05818143603840391,-0.39089020472409886,0.00042110285721719265,depth/003401.png,1.0,-0.023018878536632974,0.06347899289442568,-0.9977176698305114,0.580057589210758,-0.0209125755776143,0.05818143603840391,0.00042110285721719265,0.9998900517238171,-0.007272415917605863,0.012922709873077398,2.1155382296341054,0.4231076459268211,0.6,0.0,0.02734076976776123,-0.03431452269407664,0.6,0.0,0.02734076976776123,-0.03431452269407664,goal_capture,TERMINAL_SETTLING,NONE,DIRECT_LOCAL,PASS_THROUGH,0,6,0,0,0,0,1,0.6,2.1155382296341054,inf,0.0,0,0,0,CLEAR,none,nan,0.0,0.0,0,0,0,0,0.4167172091259944,0,0,1,1,0.0,0.6,"1.330,22.500;1.394,22.643;1.487,22.860;1.607,23.153;1.758,23.520;1.913,23.887;2.033,24.173;2.117,24.371;2.150,24.450",2.1500000000000004,24.450000000000003,2.0,2.1500000000000004,24.450000000000003,2.0,2.1500000000000004,24.450000000000003,2.0,0.5804214300411845,0.0,0.0,0,0,9,1,,,0,1,PASS_THROUGH,-1,0.9998793876637916,-0.005762952943818296,0.014422153044829099,0.4416998819490712,0,0.9998900517238171,-0.007272415917605863,0.012922709873077398,2.11571489542776,0.423142979085552,0,0,0,BYPASS_VISIBLE,1,0,1,1,1
1787562568974082816,1787562568989677312,joint_v2_000008_af4e508d,3402,522,0.03333333333333333,17.4,15.594720840454102,frame_id_exact,1,,1.3377801179885864,22.518020629882812,1.9732906818389893,-0.03411821367114732,-0.010023123268962264,-0.19430322933449803,0.9802967609688459,0.24038583040237427,0.5535030364990234,0.01613129861652851,0.6011438852209808,-0.012239252767602835,0.053734603562776914,-0.3903064143848525,-0.0037601825315505266,depth/003402.png,1.0,-0.032909828741567046,0.06299689826538318,-0.9974709689916502,0.6011438852209808,-0.012239252767602835,0.053734603562776914,-0.0037601825315505266,0.9998893997321859,-0.007667781097350962,0.012743368324419774,2.095768456507791,0.4191536913015582,0.6,0.0,0.026709318161010742,-0.03462234772419359,0.6,0.0,0.026709318161010742,-0.03462234772419359,goal_capture,TERMINAL_SETTLING,NONE,DIRECT_LOCAL,PASS_THROUGH,0,6,0,0,0,0,1,0.6,2.095768456507791,inf,0.0,0,0,0,CLEAR,none,nan,0.0,0.0,0,0,0,0,0.0,0,0,1,1,0.0,0.6,"1.330,22.500;1.394,22.643;1.487,22.860;1.607,23.153;1.758,23.520;1.913,23.887;2.033,24.173;2.117,24.371;2.150,24.450",2.1500000000000004,24.450000000000003,2.0,2.1500000000000004,24.450000000000003,2.0,2.1500000000000004,24.450000000000003,2.0,0.5804214300411845,0.0,0.0,0,0,9,1,,,1,1,PASS_THROUGH,-1,0.9999705973595383,-0.0076684037718511055,0.0,0.4191536913015582,0,0.9998893997321859,-0.007667781097350962,0.012743368324419774,2.095938646757027,0.41918772935140536,0,0,0,BYPASS_VISIBLE,1,0,1,1,1
1787562569019419904,1787562569034193920,joint_v2_000008_af4e508d,3403,523,0.03333333333333333,17.433333333333334,14.774084091186523,frame_id_exact,1,,1.3457452058792114,22.53683853149414,1.9737380743026733,-0.027489417054393808,-0.0125934558892123,-0.19427423237099342,0.9804811367157643,0.23711472749710083,0.5749226808547974,0.010896744206547737,0.6206181412115193,-0.0008993724980197552,0.0413586257008503,-0.390347979910216,-0.007608694490045309,depth/003403.png,1.0,-0.03537626268400633,0.04901254181074215,-0.9981714736375521,0.6206181412115193,-0.0008993724980197552,0.0413586257008503,-0.007608694490045309,0.9998910436503373,-0.007602294591498632,0.012653297782916458,2.0753343293170334,0.4150668658634067,0.6,0.0,0.02626192569732666,-0.030083362743508202,0.6,0.0,0.02626192569732666,-0.030083362743508202,goal_capture,TERMINAL_SETTLING,NONE,DIRECT_LOCAL,PASS_THROUGH,0,6,0,0,0,0,1,0.6,2.0753343293170334,inf,0.0,0,0,0,CLEAR,none,nan,0.0,0.0,0,0,0,0,0.0,0,0,1,1,0.0,0.6,"1.330,22.500;1.394,22.643;1.487,22.860;1.607,23.153;1.758,23.520;1.913,23.887;2.033,24.173;2.117,24.371;2.150,24.450",2.1500000000000004,24.450000000000003,2.0,2.1500000000000004,24.450000000000003,2.0,2.1500000000000004,24.450000000000003,2.0,0.5804214300411845,0.0,0.0,0,0,9,1,,,0,1,PASS_THROUGH,-1,0.9998893997321859,-0.007667781097350962,0.012743368324419774,0.4191536913015582,0,0.9998910436503373,-0.007602294591498632,0.012653297782916458,2.0755004859510664,0.4151000971902133,0,0,0,BYPASS_VISIBLE,1,0,1,1,1
1787562569059217408,1787562569074750464,joint_v2_000008_af4e508d,3404,524,0.03333333333333333,17.466666666666665,15.532970428466797,frame_id_exact,1,,1.3535650968551636,22.556283950805664,1.974037766456604,-0.015051374437057093,-0.01229280085565544,-0.19432457738918277,0.9807447689369514,0.23183049261569977,0.5905599594116211,0.007449967321008444,0.6339581342476192,0.01040776399312579,0.023467156830742446,-0.39084152732046684,-0.010503376834094524,depth/003404.png,1.0,-0.02996190422275044,0.024745526826500934,-0.9992446863493574,0.6339581342476192,0.01040776399312579,0.023467156830742446,-0.010503376834094524,0.9998937425818246,-0.007267892104878136,0.012636506244366807,2.0543780153427313,0.41087560306854626,0.6,0.0,0.025962233543395996,-0.004988346599648086,0.6,0.0,0.025962233543395996,-0.004988346599648086,goal_capture,TERMINAL_SETTLING,NONE,DIRECT_LOCAL,PASS_THROUGH,0,6,0,0,0,0,1,0.6,2.0543780153427313,inf,0.0,0,0,0,CLEAR,none,nan,0.0,0.0,0,0,0,0,0.4164564617552249,0,0,1,1,0.0,0.6,"1.354,22.556;1.380,22.625;1.415,22.711;1.458,22.817;1.510,22.940;1.570,23.080;1.639,23.240;1.716,23.417;1.797,23.611;1.875,23.796;1.944,23.960;2.005,24.104;2.056,24.226;2.098,24.326;2.130,24.403;2.150,24.450",2.1500000000000004,24.450000000000003,2.0,2.1500000000000004,24.450000000000003,2.0,2.1500000000000004,24.450000000000003,2.0,0.5804214300411845,0.0,0.0,0,0,9,1,,,0,1,PASS_THROUGH,-1,0.9998893997321859,-0.007667781097350962,0.012743368324419774,0.4191536913015582,0,0.9998937425818246,-0.007267892104878136,0.012636506244366807,2.0545420578547673,0.4109084115709535,0,0,0,BYPASS_VISIBLE,1,0,1,1,1
1787562569104138240,1787562569118703104,joint_v2_000008_af4e508d,3405,525,0.03333333333333333,17.5,14.564990997314453,frame_id_exact,1,,1.361191749572754,22.576108932495117,1.9742653369903564,0.0003489960923908854,-0.009236139356976826,-0.1943900146673252,0.9808807746760781,0.22575496137142181,0.597093403339386,0.006623311433941126,0.6380857576721718,0.018929408271610795,0.004236331902832928,-0.3913265123369122,-0.011554610915482044,depth/003405.png,1.0,-0.017983420343937878,-0.004275473645070961,-0.999829143863012,0.6380857576721718,0.018929408271610795,0.004236331902832928,-0.011554610915482044,0.9998946577052024,-0.007105316623576993,0.01265653855819021,2.0331468684816385,0.4066293736963277,0.6,0.0,0.025734663009643555,-0.006123774551932137,0.6,0.0,0.025734663009643555,-0.006123774551932137,goal_capture,TERMINAL_SETTLING,NONE,DIRECT_LOCAL,PASS_THROUGH,0,6,0,0,0,0,1,0.6,2.0331468684816385,inf,0.0,0,0,0,CLEAR,none,nan,0.0,0.0,0,0,0,0,0.0,0,0,1,1,0.0,0.6,"1.354,22.556;1.380,22.625;1.415,22.711;1.458,22.817;1.510,22.940;1.570,23.080;1.639,23.240;1.716,23.417;1.797,23.611;1.875,23.796;1.944,23.960;2.005,24.104;2.056,24.226;2.098,24.326;2.130,24.403;2.150,24.450",2.1500000000000004,24.450000000000003,2.0,2.1500000000000004,24.450000000000003,2.0,2.1500000000000004,24.450000000000003,2.0,0.5804214300411845,0.0,0.0,0,0,9,1,,,0,1,PASS_THROUGH,-1,0.9998893997321859,-0.007667781097350962,0.012743368324419774,0.4191536913015582,0,0.9998946577052024,-0.007105316623576993,0.01265653855819021,2.033309730881381,0.40666194617627616,0,0,0,BYPASS_VISIBLE,1,0,1,1,1
1787562569146482688,1787562569164803328,joint_v2_000008_af4e508d,3406,526,0.03333333333333333,17.533333333333335,18.320560455322266,frame_id_exact,1,,1.3686223030090332,22.595975875854492,1.9745092391967773,0.015239896899658184,-0.004148081597851897,-0.19441953320179511,0.9807913050548223,0.22028863430023193,0.5931894183158875,0.00834011472761631,0.6323163898801869,0.02265349974811557,-0.011538108836442813,-0.39141560592452324,-0.011326541192829609,depth/003406.png,1.0,-0.002210937445112051,-0.031507252914108025,-0.9995010779230907,0.6323163898801869,0.02265349974811557,-0.011538108836442813,-0.011326541192829609,0.9998920455683682,-0.007443302323334781,0.01266864079638158,2.011953418513569,0.40239068370271375,0.6,0.0,0.025490760803222656,-0.013387781138009536,0.6,0.0,0.025490760803222656,-0.013387781138009536,goal_capture,TERMINAL_SETTLING,NONE,DIRECT_LOCAL,PASS_THROUGH,0,6,0,0,0,0,1,0.6,2.011953418513569,inf,0.0,0,0,0,CLEAR,none,nan,0.0,0.0,0,0,0,0,0.0,0,0,1,1,0.0,0.6,"1.354,22.556;1.380,22.625;1.415,22.711;1.458,22.817;1.510,22.940;1.570,23.080;1.639,23.240;1.716,23.417;1.797,23.611;1.875,23.796;1.944,23.960;2.005,24.104;2.056,24.226;2.098,24.326;2.130,24.403;2.150,24.450",2.1500000000000004,24.450000000000003,2.0,2.1500000000000004,24.450000000000003,2.0,2.1500000000000004,24.450000000000003,2.0,0.5804214300411845,0.0,0.0,0,0,9,1,,,0,1,PASS_THROUGH,-1,0.9998893997321859,-0.007667781097350962,0.012743368324419774,0.4191536913015582,0,0.9998920455683682,-0.007443302323334781,0.01266864079638158,2.0121148916388356,0.40242297832776713,0,0,0,BYPASS_VISIBLE,1,0,1,1,1
1787562569197204992,1787562569213096960,joint_v2_000008_af4e508d,3407,527,0.03333333333333333,17.566666666666666,15.891790390014648,frame_id_exact,1,,1.375898838043213,22.615549087524414,1.974841833114624,0.02631901731998034,0.0018108885267972036,-0.19442023669985564,0.9805635122579395,0.2167031317949295,0.5798743963241577,0.01177800539880991,0.6184788962440211,0.020883922461971037,-0.02002500778005143,-0.391119576565274,-0.011235018260776997,depth/003407.png,1.0,0.0137852815824041,-0.050910789372880995,-0.9986080600201082,0.6184788962440211,0.020883922461971037,-0.02002500778005143,-0.011235018260776997,0.9998866470808808,-0.00818937928045281,0.012634360148223762,1.9910908465525547,0.39821816931051096,0.6,0.0,0.025158166885375977,0.004102603583421294,0.6,0.0,0.025158166885375977,0.004102603583421294,goal_capture,TERMINAL_SETTLING,NONE,DIRECT_LOCAL,PASS_THROUGH,0,6,0,0,0,0,1,0.6,1.9910908465525547,inf,0.0,0,0,0,CLEAR,none,nan,0.0,0.0,0,0,0,0,0.4692595700987071,0,0,1,1,0.0,0.6,"1.376,22.616;1.401,22.683;1.434,22.769;1.475,22.873;1.526,22.994;1.587,23.134;1.657,23.290;1.735,23.466;1.817,23.659;1.893,23.839;1.960,23.998;2.018,24.137;2.067,24.253;2.107,24.348;2.137,24.418;2.150,24.450",2.1500000000000004,24.450000000000003,2.0,2.1500000000000004,24.450000000000003,2.0,2.1500000000000004,24.450000000000003,2.0,0.5804214300411845,0.0,0.0,0,0,9,1,,,0,1,PASS_THROUGH,-1,0.9998893997321859,-0.007667781097350962,0.012743368324419774,0.4191536913015582,0,0.9998866470808808,-0.00818937928045281,0.012634360148223762,1.9912497815659393,0.3982499563131879,0,0,0,BYPASS_VISIBLE,1,0,1,1,1
1787562569241213184,1787562569260026624,joint_v2_000008_af4e508d,3408,528,0.03333333333333333,17.6,18.813610076904297,frame_id_exact,1,,1.383099913597107,22.634559631347656,1.975302815437317,0.03118550378752922,0.007300458477951866,-0.19442998654661497,0.9803933639060461,0.21583615243434906,0.5603455305099487,0.01585831493139267,0.6001975318271595,0.014293282861518937,-0.019556821475618266,-0.3907841668930611,-0.01057736948132515,depth/003408.png,1.0,0.02644143625422872,-0.058309265839416424,-0.9979483353190594,0.6001975318271595,0.014293282861518937,-0.019556821475618266,-0.01057736948132515,0.9998818026344195,-0.008908525857928059,0.012530719356130662,1.9707763634307505,0.3941552726861501,0.6,0.0,0.024697184562683105,0.0008628314422903793,0.6,0.0,0.024697184562683105,0.0008628314422903793,goal_capture,TERMINAL_SETTLING,NONE,DIRECT_LOCAL,PASS_THROUGH,0,6,0,0,0,0,1,0.6,1.9707763634307505,inf,0.0,0,0,0,CLEAR,none,nan,0.0,0.0,0,0,0,0,0.0,0,0,1,1,0.0,0.6,"1.376,22.616;1.401,22.683;1.434,22.769;1.475,22.873;1.526,22.994;1.587,23.134;1.657,23.290;1.735,23.466;1.817,23.659;1.893,23.839;1.960,23.998;2.018,24.137;2.067,24.253;2.107,24.348;2.137,24.418;2.150,24.450",2.1500000000000004,24.450000000000003,2.0,2.1500000000000004,24.450000000000003,2.0,2.1500000000000004,24.450000000000003,2.0,0.5804214300411845,0.0,0.0,0,0,9,1,,,1,1,PASS_THROUGH,-1,0.9999603120643198,-0.008909225343891807,0.0,0.3941552726861501,0,0.9998818026344195,-0.008908525857928059,0.012530719356130662,1.9709311062496977,0.3941862212499395,0,0,0,BYPASS_VISIBLE,1,0,1,1,1
1787562569291159040,1787562569306684672,joint_v2_000008_af4e508d,3409,529,0.03333333333333333,17.633333333333333,15.525579452514648,frame_id_exact,1,,1.3903206586837769,22.652881622314453,1.975896954536438,0.0288610813264793,0.011100513110435879,-0.19445860214168387,0.9804232089493057,0.21788492798805237,0.5392017364501953,0.019689390435814857,0.5817737054008921,0.004550599177747159,-0.010893772635690795,-0.3907370700217453,-0.008832570165395737,depth/003409.png,1.0,0.032990972431524004,-0.052274967410685845,-0.9980876331867028,0.5817737054008921,0.004550599177747159,-0.010893772635690795,-0.008832570165395737,0.999881372239441,-0.009200670678204173,0.01235269637139269,1.951088712754444,0.3902177425508888,0.6,0.0,0.02410304546356201,-0.008773882626830765,0.6,0.0,0.02410304546356201,-0.008773882626830765,goal_capture,TERMINAL_SETTLING,NONE,DIRECT_LOCAL,PASS_THROUGH,0,6,0,0,0,0,1,0.6,1.951088712754444,inf,0.0,0,0,0,CLEAR,none,nan,0.0,0.0,0,0,0,0,0.0,0,0,1,1,0.0,0.6,"1.376,22.616;1.401,22.683;1.434,22.769;1.475,22.873;1.526,22.994;1.587,23.134;1.657,23.290;1.735,23.466;1.817,23.659;1.893,23.839;1.960,23.998;2.018,24.137;2.067,24.253;2.107,24.348;2.137,24.418;2.150,24.450",2.1500000000000004,24.450000000000003,2.0,2.1500000000000004,24.450000000000003,2.0,2.1500000000000004,24.450000000000003,2.0,0.5804214300411845,0.0,0.0,0,0,9,1,,,0,1,PASS_THROUGH,-1,0.9998818026344195,-0.008908525857928059,0.012530719356130662,0.3941552726861501,0,0.999881372239441,-0.009200670678204173,0.01235269637139269,1.9512375872349352,0.39024751744698705,0,0,0,BYPASS_VISIBLE,1,0,1,1,1
1787562569334855936,1787562569351513088,joint_v2_000008_af4e508d,3410,530,0.03333333333333333,17.666666666666668,16.657114028930664,frame_id_exact,1,,1.3976526260375977,22.670543670654297,1.9766056537628174,0.019986499895167247,0.012384327294922313,-0.19448731079000306,0.9806231968503832,0.22236862778663635,0.5213227272033691,0.022668518126010895,0.567177035104411,-0.006157289551144349,0.003369402328673648,-0.39102739374541734,-0.006803316064178944,depth/003410.png,1.0,0.03206295847900787,-0.034381261819032165,-0.9988943365187855,0.567177035104411,-0.006157289551144349,0.003369402328673648,-0.006803316064178944,0.9998864197275952,-0.008974356917010894,0.012108202271903502,1.9319656827067648,0.386393136541353,0.6,0.0,0.023394346237182617,-0.02106107075600161,0.6,0.0,0.023394346237182617,-0.02106107075600161,goal_capture,TERMINAL_SETTLING,NONE,DIRECT_LOCAL,PASS_THROUGH,0,6,0,0,0,0,1,0.6,1.931965682706765,inf,0.0,0,0,0,CLEAR,none,nan,0.0,0.0,0,0,0,0,0.5142373757362948,0,0,1,1,0.0,0.6,"1.398,22.671;1.424,22.732;1.458,22.812;1.499,22.910;1.548,23.027;1.605,23.162;1.670,23.316;1.743,23.487;1.823,23.678;1.899,23.855;1.965,24.013;2.023,24.149;2.071,24.263;2.110,24.356;2.139,24.424;2.150,24.450",2.1500000000000004,24.450000000000003,2.0,2.1500000000000004,24.450000000000003,2.0,2.1500000000000004,24.450000000000003,2.0,0.5804214300411845,0.0,0.0,0,0,9,1,,,0,1,PASS_THROUGH,-1,0.9998818026344195,-0.008908525857928059,0.012530719356130662,0.3941552726861501,0,0.9998864197275952,-0.008974356917010894,0.012108202271903502,1.9321073196363814,0.3864214639272763,0,0,0,BYPASS_VISIBLE,1,0,1,1,1
1787562569380925952,1787562569396501760,joint_v2_000008_af4e508d,3411,531,0.03333333333333333,17.7,15.575885772705078,frame_id_exact,1,,1.405160903930664,22.687719345092773,1.9773929119110107,0.006644531473806465,0.010889682913939451,-0.19448700920752887,0.9808221389513179,0.22825591266155243,0.5107267498970032,0.02433985285460949,0.5593750582274087,-0.015575615680188356,0.01979766631612008,-0.391395770332747,-0.005621992517262697,depth/003411.png,1.0,0.02394623428415525,-0.008798403422635596,-0.9996745300150549,0.5593750582274087,-0.015575615680188356,0.01979766631612008,-0.005621992517262697,0.999894174330374,-0.00848741012962082,0.011815414062632626,1.9132219906988417,0.38264439813976836,0.6,0.0,0.022607088088989258,-0.019119346774806867,0.6,0.0,0.022607088088989258,-0.019119346774806867,goal_capture,TERMINAL_SETTLING,NONE,DIRECT_LOCAL,PASS_THROUGH,0,6,0,0,0,0,1,0.6,1.913221990698842,inf,0.0,0,0,0,CLEAR,none,nan,0.0,0.0,0,0,0,0,0.0,0,0,1,1,0.0,0.6,"1.398,22.671;1.424,22.732;1.458,22.812;1.499,22.910;1.548,23.027;1.605,23.162;1.670,23.316;1.743,23.487;1.823,23.678;1.899,23.855;1.965,24.013;2.023,24.149;2.071,24.263;2.110,24.356;2.139,24.424;2.150,24.450",2.1500000000000004,24.450000000000003,2.0,2.1500000000000004,24.450000000000003,2.0,2.1500000000000004,24.450000000000003,2.0,0.5804214300411845,0.0,0.0,0,0,9,1,,,0,1,PASS_THROUGH,-1,0.9998818026344195,-0.008908525857928059,0.012530719356130662,0.3941552726861501,0,0.999894174330374,-0.00848741012962082,0.011815414062632626,1.9133555514136682,0.38267111028273365,0,0,0,BYPASS_VISIBLE,1,0,1,1,1
1787562569424793088,1787562569439305216,joint_v2_000008_af4e508d,3412,532,0.03333333333333333,17.733333333333334,14.512300491333008,frame_id_exact,1,,1.4128704071044922,22.704696655273438,1.978208065032959,-0.008120016865710582,0.00696797991403928,-0.19444482954766779,0.9808550967621041,0.23421241343021393,0.5096855163574219,0.02428344637155533,0.5599370117367694,-0.02174947694103144,0.03495667457161667,-0.3915035643067787,-0.005632911808788776,depth/003412.png,1.0,0.010511366634888228,0.01863889519040682,-0.9997710251640363,0.5599370117367694,-0.02174947694103144,0.03495667457161667,-0.005632911808788776,0.9999008851601272,-0.008120096076420072,0.011501473631829401,1.894582751382487,0.3789165502764974,0.6,0.0,0.021791934967041016,-0.01686204709177408,0.6,0.0,0.021791934967041016,-0.01686204709177408,goal_capture,TERMINAL_SETTLING,NONE,DIRECT_LOCAL,PASS_THROUGH,0,6,0,0,0,0,1,0.6,1.8945827513824869,inf,0.0,0,0,0,CLEAR,none,nan,0.0,0.0,0,0,0,0,0.0,0,0,1,1,0.0,0.6,"1.398,22.671;1.424,22.732;1.458,22.812;1.499,22.910;1.548,23.027;1.605,23.162;1.670,23.316;1.743,23.487;1.823,23.678;1.899,23.855;1.965,24.013;2.023,24.149;2.071,24.263;2.110,24.356;2.139,24.424;2.150,24.450",2.1500000000000004,24.450000000000003,2.0,2.1500000000000004,24.450000000000003,2.0,2.1500000000000004,24.450000000000003,2.0,0.5804214300411845,0.0,0.0,0,0,9,1,,,0,1,PASS_THROUGH,-1,0.9998818026344195,-0.008908525857928059,0.012530719356130662,0.3941552726861501,0,0.9999008851601272,-0.008120096076420072,0.011501473631829401,1.89470807520991,0.378941615041982,0,0,0,BYPASS_VISIBLE,1,0,1,1,1
1787562569464081152,1787562569481184512,joint_v2_000008_af4e508d,3413,533,0.03333333333333333,17.766666666666666,17.10343360900879,frame_id_exact,1,,1.4207608699798584,22.721803665161133,1.9789881706237793,-0.02097072720074581,0.0015111331483813127,-0.19437516943512378,0.9807019111760448,0.23890957236289978,0.5182674527168274,0.022213846445083618,0.5687915083962919,-0.023349532708046655,0.04586295438243279,-0.3912202066026077,-0.0065595959313213825,depth/003413.png,1.0,-0.005188434972327398,0.041719518012557064,-0.9991158901545595,0.5687915083962919,-0.023349532708046655,0.04586295438243279,-0.0065595959313213825,0.9999046462112805,-0.0080767430906438,0.011201102898457035,1.8757537899476673,0.37515075798953346,0.6,0.0,0.021011829376220703,-0.033980388706685294,0.6,0.0,0.021011829376220703,-0.033980388706685294,goal_capture,TERMINAL_SETTLING,NONE,DIRECT_LOCAL,PASS_THROUGH,0,6,0,0,0,0,1,0.6,1.8757537899476673,inf,0.0,0,0,0,CLEAR,none,nan,0.0,0.0,0,0,0,0,0.4627973566619829,0,0,1,1,0.0,0.6,"1.421,22.722;1.449,22.783;1.485,22.862;1.528,22.960;1.577,23.077;1.633,23.213;1.695,23.368;1.766,23.541;1.846,23.732;1.919,23.904;1.983,24.055;2.038,24.185;2.084,24.293;2.120,24.378;2.145,24.439;2.150,24.450",2.1500000000000004,24.450000000000003,2.0,2.1500000000000004,24.450000000000003,2.0,2.1500000000000004,24.450000000000003,2.0,0.5804214300411845,0.0,0.0,0,0,9,1,,,0,1,PASS_THROUGH,-1,0.9998818026344195,-0.008908525857928059,0.012530719356130662,0.3941552726861501,0,0.9999046462112805,-0.0080767430906438,0.011201102898457035,1.8758714714704663,0.37517429429409327,0,0,0,BYPASS_VISIBLE,1,0,1,1,1
1787562569514881536,1787562569529361664,joint_v2_000008_af4e508d,3414,534,0.03333333333333333,17.8,14.480113983154297,frame_id_exact,1,,1.428772211074829,22.73933219909668,1.979666829109192,-0.029021899546110144,-0.004242574033446356,-0.19432277202135553,0.9804990515988491,0.24132564663887024,0.5343924164772034,0.018270980566740036,0.5841443216918184,-0.01994199348378758,0.050248179827549255,-0.3907624410125976,-0.008811586536467075,depth/003414.png,1.0,-0.019598911570514996,0.055263032467745894,-0.9982794598246124,0.5841443216918184,-0.01994199348378758,0.050248179827549255,-0.008811586536467075,0.9999061632279738,-0.008229352887456725,0.010951825864505863,1.856489657543317,0.3712979315086634,0.6,0.0,0.020333170890808105,-0.03314301745199033,0.6,0.0,0.020333170890808105,-0.03314301745199033,goal_capture,TERMINAL_SETTLING,NONE,DIRECT_LOCAL,PASS_THROUGH,0,6,0,0,0,0,1,0.6,1.8564896575433172,inf,0.0,0,0,0,CLEAR,none,nan,0.0,0.0,0,0,0,0,0.0,0,0,1,1,0.0,0.6,"1.421,22.722;1.449,22.783;1.485,22.862;1.528,22.960;1.577,23.077;1.633,23.213;1.695,23.368;1.766,23.541;1.846,23.732;1.919,23.904;1.983,24.055;2.038,24.185;2.084,24.293;2.120,24.378;2.145,24.439;2.150,24.450",2.1500000000000004,24.450000000000003,2.0,2.1500000000000004,24.450000000000003,2.0,2.1500000000000004,24.450000000000003,2.0,0.5804214300411845,0.0,0.0,0,0,9,1,,,1,1,PASS_THROUGH,-1,0.9999661342402073,-0.008229846456394315,0.0,0.3712979315086634,0,0.9999061632279738,-0.008229352887456725,0.010951825864505863,1.8566010035556315,0.3713202007111263,0,0,0,BYPASS_VISIBLE,1,0,1,1,1
1787562569569553152,1787562569587426816,joint_v2_000008_af4e508d,3415,535,0.03333333333333333,17.833333333333332,17.873764038085938,frame_id_exact,1,,1.4368184804916382,22.75747299194336,1.980193018913269,-0.030498506879609352,-0.00898979360390521,-0.19434288514575537,0.9804182106031576,0.24096404016017914,0.554368793964386,0.013230091892182827,0.6026738525168451,-0.012161240659012324,0.046901976732943496,-0.3905442467322566,-0.011827205307781696,depth/003415.png,1.0,-0.029481850356906814,0.056308378230253794,-0.9979780493781472,0.6026738525168451,-0.012161240659012324,0.046901976732943496,-0.011827205307781696,0.9999078380683399,-0.008247881195066083,0.01078368328960977,1.836647912031435,0.367329582406287,0.6,0.0,0.019806981086730957,-0.02725079402467745,0.6,0.0,0.019806981086730957,-0.02725079402467745,goal_capture,TERMINAL_SETTLING,NONE,DIRECT_LOCAL,PASS_THROUGH,0,6,0,0,0,0,1,0.6,1.836647912031435,inf,0.0,0,0,0,CLEAR,none,nan,0.0,0.0,0,0,0,0,0.0,0,0,1,1,0.0,0.6,"1.421,22.722;1.449,22.783;1.485,22.862;1.528,22.960;1.577,23.077;1.633,23.213;1.695,23.368;1.766,23.541;1.846,23.732;1.919,23.904;1.983,24.055;2.038,24.185;2.084,24.293;2.120,24.378;2.145,24.439;2.150,24.450",2.1500000000000004,24.450000000000003,2.0,2.1500000000000004,24.450000000000003,2.0,2.1500000000000004,24.450000000000003,2.0,0.5804214300411845,0.0,0.0,0,0,9,1,,,0,1,PASS_THROUGH,-1,0.9999061632279738,-0.008229352887456725,0.010951825864505863,0.3712979315086634,0,0.9999078380683399,-0.008247881195066083,0.01078368328960977,1.8367547112418685,0.3673509422483737,0,0,0,BYPASS_VISIBLE,1,0,1,1,1
1787562569617714432,1787562569632226304,joint_v2_000008_af4e508d,3416,536,0.03333333333333333,17.866666666666667,14.511823654174805,frame_id_exact,1,,1.4448070526123047,22.776287078857422,1.9805505275726318,-0.02514165805869696,-0.011664010038495026,-0.19444880772672846,0.9805210395873897,0.23794406652450562,0.5737413763999939,0.008362215012311935,0.6201279127120557,-0.0017149910226089509,0.03612344264700251,-0.39081155261645556,-0.014221269637346268,depth/003416.png,1.0,-0.03265114536497922,0.04476774370273254,-0.9984636957997629,0.6201279127120557,-0.0017149910226089509,0.03612344264700251,-0.014221269637346268,0.9999110639753886,-0.007949726634319447,0.010708220489224214,1.816208147610008,0.3632416295220016,0.5333333334,0.0,0.019449472427368164,-0.01866310010462946,0.5333333334,0.0,0.019449472427368164,-0.01866310010462946,goal_capture,TERMINAL_SETTLING,NONE,DIRECT_LOCAL,PASS_THROUGH,0,6,0,0,0,0,1,0.5333333334,1.816208147610008,inf,0.0,0,0,0,CLEAR,none,nan,0.0,0.0,0,0,0,0,0.45551669964380287,0,0,1,1,0.0,0.5,"1.445,22.776;1.491,22.887;1.537,22.998;1.584,23.108;1.631,23.219;1.678,23.329;1.724,23.440;1.771,23.550;1.818,23.661;1.864,23.772;1.911,23.882;1.957,23.993;2.004,24.103;2.051,24.214;2.097,24.324;2.144,24.435;2.150,24.450",2.1500000000000004,24.450000000000003,2.0,2.1500000000000004,24.450000000000003,2.0,2.1500000000000004,24.450000000000003,2.0,0.5804214300411845,0.0,0.0,0,0,9,1,,,0,1,PASS_THROUGH,-1,0.9999061632279738,-0.008229352887456725,0.010951825864505863,0.3712979315086634,0,0.9999110639753886,-0.007949726634319447,0.010708220489224214,1.8163122852149296,0.36326245704298593,0,0,0,BYPASS_VISIBLE,1,0,1,1,1
1787562569660351232,1787562569674796288,joint_v2_000008_af4e508d,3417,537,0.03333333333333333,17.9,14.445066452026367,frame_id_exact,1,,1.4526591300964355,22.795671463012695,1.98076593875885,-0.012921280902419004,-0.011964665073609947,-0.19458635114652345,0.9807273011581757,0.23288168013095856,0.5880445241928101,0.004902395885437727,0.632171977799489,0.008939366677291836,0.018246946804201573,-0.39143799547391483,-0.01537536270916462,depth/003417.png,1.0,-0.028496757179687884,0.020688184855144114,-0.9993797745790343,0.632171977799489,0.008939366677291836,0.018246946804201573,-0.01537536270916462,0.999914598823664,-0.007485135336769053,0.010712973830905035,1.7952958522562308,0.35905917045124613,0.5,0.0,0.019234061241149902,-0.018307336222811443,0.5,0.0,0.019234061241149902,-0.018307336222811443,goal_capture,TERMINAL_SETTLING,NONE,DIRECT_LOCAL,PASS_THROUGH,0,6,0,0,0,0,1,0.5,1.7952958522562308,inf,0.0,0,0,0,CLEAR,none,nan,0.0,0.0,0,0,0,0,0.0,0,0,1,1,0.0,0.5,"1.445,22.776;1.491,22.887;1.537,22.998;1.584,23.108;1.631,23.219;1.678,23.329;1.724,23.440;1.771,23.550;1.818,23.661;1.864,23.772;1.911,23.882;1.957,23.993;2.004,24.103;2.051,24.214;2.097,24.324;2.144,24.435;2.150,24.450",2.1500000000000004,24.450000000000003,2.0,2.1500000000000004,24.450000000000003,2.0,2.1500000000000004,24.450000000000003,2.0,0.5804214300411845,0.0,0.0,0,0,9,1,,,0,1,PASS_THROUGH,-1,0.9999061632279738,-0.008229352887456725,0.010951825864505863,0.3712979315086634,0,0.999914598823664,-0.007485135336769053,0.010712973830905035,1.7953988822098153,0.35907977644196304,0,0,0,BYPASS_VISIBLE,1,0,1,1,1
1787562569700829184,1787562569716442880,joint_v2_000008_af4e508d,3418,538,0.03333333333333333,17.933333333333334,15.613555908203125,frame_id_exact,1,,1.460313081741333,22.815372467041016,1.9809074401855469,0.007514263534750549,-0.010751831496774354,-0.1946226778631431,0.9807904706023477,0.22603867948055267,0.5920954346656799,0.004029483068734407,0.6335079029610591,0.017203006821713676,-0.007649741775187233,-0.39195161071849066,-0.015026118606328964,depth/003418.png,1.0,-0.018165695564511888,-0.018924936612627122,-0.9996558679259906,0.6335079029610591,0.017203006821713676,-0.007649741775187233,-0.015026118606328964,0.999915385483508,-0.007309399769405493,0.010760787535245118,1.7741688805535745,0.35483377611071487,0.5,0.0,0.019092559814453125,-0.01995082475429677,0.5,0.0,0.019092559814453125,-0.01995082475429677,goal_capture,TERMINAL_SETTLING,NONE,DIRECT_LOCAL,PASS_THROUGH,0,6,0,0,0,0,1,0.5,1.7741688805535742,inf,0.0,0,0,0,CLEAR,none,nan,0.0,0.0,0,0,0,0,0.0,0,0,1,1,0.0,0.5,"1.445,22.776;1.491,22.887;1.537,22.998;1.584,23.108;1.631,23.219;1.678,23.329;1.724,23.440;1.771,23.550;1.818,23.661;1.864,23.772;1.911,23.882;1.957,23.993;2.004,24.103;2.051,24.214;2.097,24.324;2.144,24.435;2.150,24.450",2.1500000000000004,24.450000000000003,2.0,2.1500000000000004,24.450000000000003,2.0,2.1500000000000004,24.450000000000003,2.0,0.5804214300411845,0.0,0.0,0,0,9,1,,,0,1,PASS_THROUGH,-1,0.9999061632279738,-0.008229352887456725,0.010951825864505863,0.3712979315086634,0,0.999915385483508,-0.007309399769405493,0.010760787535245118,1.774271609017343,0.3548543218034686,0,0,0,BYPASS_VISIBLE,1,0,1,1,1
1787562569743901440,1787562569760528384,joint_v2_000008_af4e508d,3419,539,0.03333333333333333,17.966666666666665,16.626834869384766,frame_id_exact,1,,1.4677071571350098,22.83497428894043,1.981060266494751,0.0324624989647393,-0.008511713765555151,-0.1944867685175384,0.9803308797346655,0.21729619801044464,0.5811007618904114,0.0053841425105929375,0.6190160463387652,0.021060003863739286,-0.036060126765838654,-0.3918280322349037,-0.014481714926660061,depth/003419.png,1.0,-0.004061538644360523,-0.06695881174659524,-0.9977474737794751,0.6190160463387652,0.021060003863739286,-0.036060126765838654,-0.014481714926660061,0.9999104997553585,-0.007893475447982516,0.01080210740278186,1.7532346023302958,0.35064692046605916,0.5666666666,0.0,0.018939733505249023,-0.0013043010395241694,0.5666666666,0.0,0.018939733505249023,-0.0013043010395241694,goal_capture,TERMINAL_SETTLING,NONE,DIRECT_LOCAL,PASS_THROUGH,0,6,0,0,0,0,1,0.5666666666,1.7532346023302958,inf,0.0,0,0,0,CLEAR,none,nan,0.0,0.0,0,0,0,0,0.4522939149053888,0,0,1,1,0.0,0.6,"1.468,22.835;1.493,22.902;1.526,22.988;1.567,23.093;1.619,23.214;1.681,23.353;1.751,23.510;1.828,23.686;1.903,23.863;1.968,24.019;2.025,24.155;2.073,24.268;2.112,24.359;2.140,24.426;2.150,24.450",2.1500000000000004,24.450000000000003,2.0,2.1500000000000004,24.450000000000003,2.0,2.1500000000000004,24.450000000000003,2.0,0.5804214300411845,0.0,0.0,0,0,9,1,,,0,1,PASS_THROUGH,-1,0.9999061632279738,-0.008229352887456725,0.010951825864505863,0.3712979315086634,0,0.9999104997553585,-0.007893475447982516,0.01080210740278186,1.7533368998322942,0.35066737996645886,0,0,0,BYPASS_VISIBLE,1,0,1,1,1
1787562569790005504,1787562569805536000,joint_v2_000008_af4e508d,3420,540,0.03333333333333333,18.0,15.530586242675781,frame_id_exact,1,,1.474784016609192,22.853933334350586,1.9812692403793335,0.05324861316909451,-0.005122348038592998,-0.19426121750080855,0.9794901357957839,0.20722301304340363,0.5542454123497009,0.007124919444322586,0.5887746785950498,0.01972649095772904,-0.05599430437424049,-0.3910085492781954,-0.014380496926605701,depth/003420.png,1.0,0.010653702097086328,-0.10630312982074701,-0.9942766934922793,0.5887746785950498,0.01972649095772904,-0.05599430437424049,-0.014380496926605701,0.9998991942184728,-0.009208593515318622,0.010807553225321077,1.7330162796187647,0.34660325592375296,0.6,0.0,0.018730759620666504,-0.006415781009813659,0.6,0.0,0.018730759620666504,-0.006415781009813659,goal_capture,TERMINAL_SETTLING,NONE,DIRECT_LOCAL,PASS_THROUGH,0,6,0,0,0,0,1,0.6,1.7330162796187647,inf,0.0,0,0,0,CLEAR,none,nan,0.0,0.0,0,0,0,0,0.0,0,0,1,1,0.0,0.6,"1.468,22.835;1.493,22.902;1.526,22.988;1.567,23.093;1.619,23.214;1.681,23.353;1.751,23.510;1.828,23.686;1.903,23.863;1.968,24.019;2.025,24.155;2.073,24.268;2.112,24.359;2.140,24.426;2.150,24.450",2.1500000000000004,24.450000000000003,2.0,2.1500000000000004,24.450000000000003,2.0,2.1500000000000004,24.450000000000003,2.0,0.5804214300411845,0.0,0.0,0,0,9,1,,,1,1,PASS_THROUGH,-1,0.9999575950507159,-0.009209131359061474,0.0,0.34660325592375296,0,0.9998991942184728,-0.009208593515318622,0.010807553225321077,1.7331174994153258,0.3466234998830652,0,0,0,BYPASS_VISIBLE,1,0,1,1,1
1787562569836489984,1787562569853089280,joint_v2_000008_af4e508d,3421,541,0.03333333333333333,18.033333333333335,16.599416732788086,frame_id_exact,1,,1.4815289974212646,22.871803283691406,1.9815592765808105,0.05973233262858227,-0.0002527167105978401,-0.1941267562258738,0.9791561607273034,0.19783620536327362,0.5170560479164124,0.010565930977463722,0.5508362503377368,0.01389468208257588,-0.05462712568482469,-0.39010872148634845,-0.01448838971555233,depth/003421.png,1.0,0.022696389701781967,-0.11707268112632256,-0.9928639691460251,0.5508362503377368,0.01389468208257588,-0.05462712568482469,-0.01448838971555233,0.9998865079753364,-0.010546168326212338,0.010758694275926687,1.7139306744019307,0.3427861348803861,0.6,0.0,0.018440723419189453,-0.019446157369193418,0.6,0.0,0.018440723419189453,-0.019446157369193418,goal_capture,TERMINAL_SETTLING,NONE,DIRECT_LOCAL,PASS_THROUGH,0,6,0,0,0,0,1,0.6,1.7139306744019307,inf,0.0,0,0,0,CLEAR,none,nan,0.0,0.0,0,0,0,0,0.0,0,0,1,1,0.0,0.6,"1.468,22.835;1.493,22.902;1.526,22.988;1.567,23.093;1.619,23.214;1.681,23.353;1.751,23.510;1.828,23.686;1.903,23.863;1.968,24.019;2.025,24.155;2.073,24.268;2.112,24.359;2.140,24.426;2.150,24.450",2.1500000000000004,24.450000000000003,2.0,2.1500000000000004,24.450000000000003,2.0,2.1500000000000004,24.450000000000003,2.0,0.5804214300411845,0.0,0.0,0,0,9,1,,,0,1,PASS_THROUGH,-1,0.9998991942184728,-0.009208593515318622,0.010807553225321077,0.34660325592375296,0,0.9998865079753364,-0.010546168326212338,0.010758694275926687,1.714029876325404,0.34280597526508083,0,0,0,BYPASS_VISIBLE,1,0,1,1,1
1787562569879232000,1787562569894792448,joint_v2_000008_af4e508d,3422,542,0.03333333333333333,18.066666666666666,15.560626983642578,frame_id_exact,1,,1.4880142211914062,22.888404846191406,1.981980800628662,0.04903166262450799,0.005356490562468933,-0.19413299695777597,0.9797344454296393,0.19210600852966309,0.4801388680934906,0.014675063081085682,0.516196645981463,0.00520990635895671,-0.034165599613503336,-0.38983744945798826,-0.014368236996233463,depth/003422.png,1.0,0.029533203843575807,-0.09399627444769475,-0.9951344081382613,0.516196645981463,0.00520990635895671,-0.034165599613503336,-0.014368236996233463,0.9998818044805965,-0.01111415582966151,0.0106232108526729,1.6961145585553221,0.33922291171106445,0.6,0.0,0.01801919937133789,-0.01902514382220888,0.6,0.0,0.01801919937133789,-0.01902514382220888,goal_capture,TERMINAL_SETTLING,NONE,DIRECT_LOCAL,PASS_THROUGH,0,6,0,0,0,0,1,0.6,1.6961145585553221,inf,0.0,0,0,0,CLEAR,none,nan,0.0,0.0,0,0,0,0,0.6368432697687283,0,0,1,1,0.0,0.6,"1.488,22.888;1.511,22.946;1.542,23.021;1.580,23.116;1.628,23.228;1.684,23.358;1.748,23.506;1.821,23.673;1.897,23.851;1.963,24.009;2.021,24.146;2.070,24.261;2.109,24.353;2.138,24.422;2.150,24.450",2.1500000000000004,24.450000000000003,2.0,2.1500000000000004,24.450000000000003,2.0,2.1500000000000004,24.450000000000003,2.0,0.5804214300411845,0.0,0.0,0,0,9,1,,,0,1,PASS_THROUGH,-1,0.9998991942184728,-0.009208593515318622,0.010807553225321077,0.34660325592375296,0,0.9998818044805965,-0.01111415582966151,0.0106232108526729,1.696210272132939,0.33924205442658784,0,0,0,BYPASS_VISIBLE,1,0,1,1,1
1787562569923551744,1787562569938013952,joint_v2_000008_af4e508d,3423,543,0.03333333333333333,18.1,14.46223258972168,frame_id_exact,1,,1.494400978088379,22.9039363861084,1.9825267791748047,0.024842040302662877,0.010274472621022313,-0.19415179270967434,0.9806030744565206,0.19215743243694305,0.45400533080101013,0.017915599048137665,0.4932851654110779,-0.004455703283572695,-0.004022464339292885,-0.3902613527275541,-0.013681845739483833,depth/003423.png,1.0,0.029796612199843607,-0.044730747636092125,-0.9985546164919215,0.4932851654110779,-0.004455703283572695,-0.004022464339292885,-0.013681845739483833,0.9998875645737884,-0.01079849360940925,0.010404361896129314,1.6793221179187285,0.3358644235837457,0.6,0.0,0.017473220825195312,-0.018491861417799238,0.6,0.0,0.017473220825195312,-0.018491861417799238,goal_capture,TERMINAL_SETTLING,NONE,DIRECT_LOCAL,PASS_THROUGH,0,6,0,0,0,0,1,0.6,1.6793221179187283,inf,0.0,0,0,0,CLEAR,none,nan,0.0,0.0,0,0,0,0,0.0,0,0,1,1,0.0,0.6,"1.488,22.888;1.511,22.946;1.542,23.021;1.580,23.116;1.628,23.228;1.684,23.358;1.748,23.506;1.821,23.673;1.897,23.851;1.963,24.009;2.021,24.146;2.070,24.261;2.109,24.353;2.138,24.422;2.150,24.450",2.1500000000000004,24.450000000000003,2.0,2.1500000000000004,24.450000000000003,2.0,2.1500000000000004,24.450000000000003,2.0,0.5804214300411845,0.0,0.0,0,0,9,1,,,0,1,PASS_THROUGH,-1,0.9998991942184728,-0.009208593515318622,0.010807553225321077,0.34660325592375296,0,0.9998875645737884,-0.01079849360940925,0.010404361896129314,1.6794130192353067,0.33588260384706137,0,0,0,BYPASS_VISIBLE,1,0,1,1,1
1787562569964177920,1787562569979718400,joint_v2_000008_af4e508d,3424,544,0.03333333333333333,18.133333333333333,15.540599822998047,frame_id_exact,1,,1.50089430809021,22.918874740600586,1.9831515550613403,-0.006376362022147383,0.013241561553198026,-0.1940150872089342,0.9808884488005275,0.198428213596344,0.4456159770488739,0.019136840477585793,0.4871855189668791,-0.013287379129032396,0.028058675673976866,-0.3907569261256593,-0.012666840106248856,depth/003424.png,1.0,0.02350276867562091,0.017647125144841853,-0.9995680061099907,0.4871855189668791,-0.013287379129032396,0.028058675673976866,-0.012666840106248856,0.9998965057406399,-0.010215096195328474,0.010130627689272764,1.6630342026671068,0.3326068405334214,0.6,0.0,0.016848444938659668,-0.019854161733761644,0.6,0.0,0.016848444938659668,-0.019854161733761644,goal_capture,TERMINAL_SETTLING,NONE,DIRECT_LOCAL,PASS_THROUGH,0,6,0,0,0,0,1,0.6,1.6630342026671068,inf,0.0,0,0,0,CLEAR,none,nan,0.0,0.0,0,0,0,0,0.0,0,0,1,1,0.0,0.6,"1.488,22.888;1.511,22.946;1.542,23.021;1.580,23.116;1.628,23.228;1.684,23.358;1.748,23.506;1.821,23.673;1.897,23.851;1.963,24.009;2.021,24.146;2.070,24.261;2.109,24.353;2.138,24.422;2.150,24.450",2.1500000000000004,24.450000000000003,2.0,2.1500000000000004,24.450000000000003,2.0,2.1500000000000004,24.450000000000003,2.0,0.5804214300411845,0.0,0.0,0,0,9,1,,,0,1,PASS_THROUGH,-1,0.9998991942184728,-0.009208593515318622,0.010807553225321077,0.34660325592375296,0,0.9998965057406399,-0.010215096195328474,0.010130627689272764,1.6631195475182987,0.3326239095036597,0,0,0,BYPASS_VISIBLE,1,0,1,1,1
1787562570004680192,1787562570019135488,joint_v2_000008_af4e508d,3425,545,0.03333333333333333,18.166666666666668,14.455318450927734,frame_id_exact,1,,1.5076857805252075,22.933870315551758,1.9837580919265747,-0.03709792965489528,0.013480790532213337,-0.19367558648829994,0.9802712783206291,0.20972180366516113,0.4572359025478363,0.016493212431669235,0.4998131316309121,-0.019639218082068432,0.05586650275473151,-0.3905933424980547,-0.012371440418064594,depth/003425.png,1.0,0.012059736968743727,0.07795386987701061,-0.9968840238038941,0.4998131316309121,-0.019639218082068432,0.05586650275473151,-0.012371440418064594,0.9998999817500741,-0.010135908035095155,0.00986356246522106,1.646577291415331,0.3293154582830662,0.5333333334,0.0,0.016241908073425293,-0.030560476724337815,0.5333333334,0.0,0.016241908073425293,-0.030560476724337815,goal_capture,TERMINAL_SETTLING,NONE,DIRECT_LOCAL,PASS_THROUGH,0,6,0,0,0,0,1,0.5333333334,1.646577291415331,inf,0.0,0,0,0,CLEAR,none,nan,0.0,0.0,0,0,0,0,0.5807829501654855,0,0,1,1,0.0,0.5,"1.508,22.934;1.557,23.043;1.606,23.153;1.652,23.264;1.698,23.375;1.743,23.486;1.789,23.597;1.835,23.707;1.882,23.818;1.929,23.928;1.976,24.039;2.022,24.149;2.069,24.260;2.116,24.370;2.150,24.450",2.1500000000000004,24.450000000000003,2.0,2.1500000000000004,24.450000000000003,2.0,2.1500000000000004,24.450000000000003,2.0,0.5804214300411845,0.0,0.0,0,0,9,1,,,0,1,PASS_THROUGH,-1,0.9998991942184728,-0.009208593515318622,0.010807553225321077,0.34660325592375296,0,0.9998999817500741,-0.010135908035095155,0.00986356246522106,1.646657394901111,0.3293314789802222,0,0,0,BYPASS_VISIBLE,1,0,1,1,1
1787562570045518592,1787562570061242368,joint_v2_000008_af4e508d,3426,546,0.03333333333333333,18.2,15.723705291748047,frame_id_exact,1,,1.51490318775177,22.949548721313477,1.9841716289520264,-0.05874326586293142,0.010584079104665,-0.19328537878848684,0.9793252617653924,0.22347107529640198,0.4859362244606018,0.00735467579215765,0.5297212617180727,-0.02216887026492825,0.07093203132684303,-0.38960466669075655,-0.014497153460979462,depth/003426.png,1.0,-0.0019779167077356302,0.11914902391408366,-0.9928744119705263,0.5297212617180727,-0.02216887026492825,0.07093203132684303,-0.014497153460979462,0.9998944970846833,-0.01079947545369943,0.009714217914648816,1.6293256275649433,0.32586512551298863,0.5,0.0,0.015828371047973633,-0.03091431767732189,0.5,0.0,0.015828371047973633,-0.03091431767732189,goal_capture,TERMINAL_SETTLING,NONE,DIRECT_LOCAL,PASS_THROUGH,0,6,0,0,0,0,1,0.5,1.6293256275649433,inf,0.0,0,0,0,CLEAR,none,nan,0.0,0.0,0,0,0,0,0.0,0,0,1,1,0.0,0.5,"1.508,22.934;1.557,23.043;1.606,23.153;1.652,23.264;1.698,23.375;1.743,23.486;1.789,23.597;1.835,23.707;1.882,23.818;1.929,23.928;1.976,24.039;2.022,24.149;2.069,24.260;2.116,24.370;2.150,24.450",2.1500000000000004,24.450000000000003,2.0,2.1500000000000004,24.450000000000003,2.0,2.1500000000000004,24.450000000000003,2.0,0.5804214300411845,0.0,0.0,0,0,9,1,,,1,1,PASS_THROUGH,-1,0.9999416784608498,-0.01079998504157622,0.0,0.32586512551298863,0,0.9998944970846833,-0.01079947545369943,0.009714217914648816,1.6294025095015436,0.3258805019003087,0,0,0,BYPASS_VISIBLE,1,0,1,1,1
1787562570088266496,1787562570102623232,joint_v2_000008_af4e508d,3427,547,0.03333333333333333,18.233333333333334,14.356613159179688,frame_id_exact,1,,1.5225704908370972,22.96636390686035,1.9842150211334229,-0.06214333480211479,0.004383239082915955,-0.1931097873197321,0.9791974280992277,0.2360147088766098,0.5234939455986023,-0.004769539926201105,0.5701242907955693,-0.020066617445731835,0.06578165629373194,-0.38847232174163804,-0.01871400512754917,depth/003427.png,1.0,-0.015416859460479947,0.12339407995762694,-0.9922379863096286,0.5701242907955693,-0.020066617445731835,0.06578165629373194,-0.01871400512754917,0.9998845050644876,-0.011617332625669899,0.009798679227811115,1.6108519006522883,0.3221703801304577,0.5,0.0,0.01578497886657715,-0.028802828637907174,0.5,0.0,0.01578497886657715,-0.028802828637907174,goal_capture,TERMINAL_SETTLING,NONE,DIRECT_LOCAL,PASS_THROUGH,0,6,0,0,0,0,1,0.5,1.6108519006522883,inf,0.0,0,0,0,CLEAR,none,nan,0.0,0.0,0,0,0,0,0.0,0,0,1,1,0.0,0.5,"1.508,22.934;1.557,23.043;1.606,23.153;1.652,23.264;1.698,23.375;1.743,23.486;1.789,23.597;1.835,23.707;1.882,23.818;1.929,23.928;1.976,24.039;2.022,24.149;2.069,24.260;2.116,24.370;2.150,24.450",2.1500000000000004,24.450000000000003,2.0,2.1500000000000004,24.450000000000003,2.0,2.1500000000000004,24.450000000000003,2.0,0.5804214300411845,0.0,0.0,0,0,9,1,,,0,1,PASS_THROUGH,-1,0.9998944970846833,-0.01079947545369943,0.009714217914648816,0.32586512551298863,0,0.9998845050644876,-0.011617332625669899,0.009798679227811115,1.6109292384809792,0.32218584769619585,0,0,0,BYPASS_VISIBLE,1,0,1,1,1
1787562570126754816,1787562570141210624,joint_v2_000008_af4e508d,3428,548,0.03333333333333333,18.266666666666666,14.455795288085938,frame_id_exact,1,,1.53057861328125,22.984416961669922,1.9838616847991943,-0.045994577012231246,-0.0038364113580006583,-0.19316581439370184,0.9800799707079909,0.24330651760101318,0.5583388805389404,-0.01597137376666069,0.6079366148658892,-0.013528348259714173,0.03775589897447951,-0.38807148139377645,-0.022537697106599808,depth/003428.png,1.0,-0.02528913971526915,0.08867460033311317,-0.9957395616667163,0.6079366148658892,-0.013528348259714173,0.03775589897447951,-0.022537697106599808,0.9998789168508484,-0.011801914142442525,0.010142310375288854,1.5911054322594125,0.3182210864518825,0.5666666666,0.0,0.016138315200805664,-0.033510485898143316,0.5666666666,0.0,0.016138315200805664,-0.033510485898143316,goal_capture,TERMINAL_SETTLING,NONE,DIRECT_LOCAL,PASS_THROUGH,0,6,0,0,0,0,1,0.5666666666,1.5911054322594125,inf,0.0,0,0,0,CLEAR,none,nan,0.0,0.0,0,0,0,0,0.6762503532076733,0,0,1,1,0.0,0.6,"1.531,22.984;1.559,23.049;1.595,23.133;1.639,23.235;1.690,23.355;1.748,23.495;1.813,23.653;1.887,23.829;1.955,23.989;2.014,24.129;2.064,24.247;2.104,24.342;2.135,24.415;2.150,24.450",2.1500000000000004,24.450000000000003,2.0,2.1500000000000004,24.450000000000003,2.0,2.1500000000000004,24.450000000000003,2.0,0.5804214300411845,0.0,0.0,0,0,9,1,,,0,1,PASS_THROUGH,-1,0.9998944970846833,-0.01079947545369943,0.009714217914648816,0.32586512551298863,0,0.9998789168508484,-0.011801914142442525,0.010142310375288854,1.5911872742650162,0.31823745485300325,0,0,0,BYPASS_VISIBLE,1,0,1,1,1
1787562570167287552,1787562570181879296,joint_v2_000008_af4e508d,3429,549,0.03333333333333333,18.3,14.591693878173828,frame_id_exact,1,,1.5387012958526611,23.003435134887695,1.9831767082214355,-0.017321704860295578,-0.011619612452517254,-0.19324085346423403,0.9809296181172229,0.24263249337673187,0.5800657868385315,-0.024374179542064667,0.6291972798943427,-0.004051364360114256,-0.005942554294667862,-0.38857885091878436,-0.024643458425998688,depth/003429.png,1.0,-0.029490566072753934,0.029491979013001816,-0.9991298862943723,0.6291972798943427,-0.004051364360114256,-0.005942554294667862,-0.024643458425998688,0.9998793965592264,-0.011244836837971665,0.010711955043075228,1.5704254247399345,0.3140850849479869,0.6,0.0,0.016823291778564453,-0.032048107756091904,0.6,0.0,0.016823291778564453,-0.032048107756091904,goal_capture,TERMINAL_SETTLING,NONE,DIRECT_LOCAL,PASS_THROUGH,0,6,0,0,0,0,1,0.6,1.5704254247399347,inf,0.0,0,0,0,CLEAR,none,nan,0.0,0.0,0,0,0,0,0.0,0,0,1,1,0.0,0.6,"1.531,22.984;1.559,23.049;1.595,23.133;1.639,23.235;1.690,23.355;1.748,23.495;1.813,23.653;1.887,23.829;1.955,23.989;2.014,24.129;2.064,24.247;2.104,24.342;2.135,24.415;2.150,24.450",2.1500000000000004,24.450000000000003,2.0,2.1500000000000004,24.450000000000003,2.0,2.1500000000000004,24.450000000000003,2.0,0.5804214300411845,0.0,0.0,0,0,9,1,,,0,1,PASS_THROUGH,-1,0.9998944970846833,-0.01079947545369943,0.009714217914648816,0.32586512551298863,0,0.9998793965592264,-0.011244836837971665,0.010711955043075228,1.5705155324974889,0.3141031064994978,0,0,0,BYPASS_VISIBLE,1,0,1,1,1
1787562570206822400,1787562570221395968,joint_v2_000008_af4e508d,3430,550,0.03333333333333333,18.333333333333332,14.57357406616211,frame_id_exact,1,,1.5466655492782593,23.022884368896484,1.9823288917541504,0.011538648034905305,-0.016105024944162827,-0.19323717276140362,0.9809520288149947,0.23407134413719177,0.5840723514556885,-0.025213757529854774,0.6282223234685161,0.005861416132668606,-0.0432203140511728,-0.38939012073555757,-0.02597891166806221,depth/003430.png,1.0,-0.02713712233867719,-0.02886189937416883,-0.9992149755461489,0.6282223234685161,0.005861416132668606,-0.0432203140511728,-0.02597891166806221,0.9998789423627027,-0.010585000505952449,0.011404314268380311,1.5494100438449787,0.30988200876899574,0.6,0.0,0.01767110824584961,-0.02859024675729127,0.6,0.0,0.01767110824584961,-0.02859024675729127,goal_capture,TERMINAL_SETTLING,NONE,DIRECT_LOCAL,PASS_THROUGH,0,6,0,0,0,0,1,0.6,1.5494100438449787,inf,0.0,0,0,0,CLEAR,none,nan,0.0,0.0,0,0,0,0,0.0,0,0,1,1,0.0,0.6,"1.531,22.984;1.559,23.049;1.595,23.133;1.639,23.235;1.690,23.355;1.748,23.495;1.813,23.653;1.887,23.829;1.955,23.989;2.014,24.129;2.064,24.247;2.104,24.342;2.135,24.415;2.150,24.450",2.1500000000000004,24.450000000000003,2.0,2.1500000000000004,24.450000000000003,2.0,2.1500000000000004,24.450000000000003,2.0,0.5804214300411845,0.0,0.0,0,0,9,1,,,0,1,PASS_THROUGH,-1,0.9998944970846833,-0.01079947545369943,0.009714217914648816,0.32586512551298863,0,0.9998789423627027,-0.010585000505952449,0.011404314268380311,1.5495108105574273,0.30990216211148547,0,0,0,BYPASS_VISIBLE,1,0,1,1,1
1787562570246520576,1787562570262007040,joint_v2_000008_af4e508d,3431,551,0.03333333333333333,18.366666666666667,15.486478805541992,frame_id_exact,1,,1.55424964427948,23.042186737060547,1.9815722703933716,0.032415023940194874,-0.015997947946535165,-0.19323835115200774,0.9804857324451539,0.2204902023077011,0.571769118309021,-0.019602971151471138,0.6098221204025304,0.01371500986626817,-0.062040393419622114,-0.3898390224769195,-0.02749059349298477,depth/003431.png,1.0,-0.01884386786244372,-0.06974777114646655,-0.997386663768913,0.6098221204025304,0.01371500986626817,-0.062040393419622114,-0.02749059349298477,0.9998723954669512,-0.010483249266099821,0.012053807199614878,1.5286780791420294,0.30573561582840586,0.6,0.0,0.018427729606628418,-0.01915154859553181,0.6,0.0,0.018427729606628418,-0.01915154859553181,goal_capture,TERMINAL_SETTLING,NONE,DIRECT_LOCAL,PASS_THROUGH,0,6,0,0,0,0,1,0.6,1.5286780791420294,inf,0.0,0,0,0,CLEAR,none,nan,0.0,0.0,0,0,0,0,0.6007005831179288,0,0,1,1,0.0,0.6,"1.554,23.042;1.613,23.194;1.698,23.397;1.788,23.598;1.875,23.799;1.961,24.002;2.046,24.205;2.124,24.388;2.150,24.450",2.1500000000000004,24.450000000000003,2.0,2.1500000000000004,24.450000000000003,2.0,2.1500000000000004,24.450000000000003,2.0,0.5804214300411845,0.0,0.0,0,0,9,1,,,0,1,PASS_THROUGH,-1,0.9998944970846833,-0.01079947545369943,0.009714217914648816,0.32586512551298863,0,0.9998723954669512,-0.010483249266099821,0.012053807199614878,1.5287891453263984,0.3057578290652797,0,0,0,BYPASS_VISIBLE,1,0,1,1,1
1787562570294086400,1787562570308634368,joint_v2_000008_af4e508d,3432,552,0.03333333333333333,18.4,14.54782485961914,frame_id_exact,1,,1.5613563060760498,23.060880661010742,1.981047511100769,0.042089204439315346,-0.011638002433949543,-0.19333793568832586,0.9801599351089545,0.20616547763347626,0.5486798882484436,-0.011848049238324165,0.5826218186414276,0.017870101497610952,-0.06266319591545122,-0.38978763730676963,-0.029056372120976448,depth/003432.png,1.0,-0.006539327618793379,-0.08700843851628473,-0.9961861115380258,0.5826218186414276,0.017870101497610952,-0.06266319591545122,-0.029056372120976448,0.9998603191998222,-0.011025348740801163,0.012561201167622538,1.508692790580771,0.3017385581161542,0.6,0.0,0.018952488899230957,-0.02222936856360158,0.6,0.0,0.018952488899230957,-0.02222936856360158,goal_capture,TERMINAL_SETTLING,NONE,DIRECT_LOCAL,PASS_THROUGH,0,6,0,0,0,0,1,0.6,1.508692790580771,inf,0.0,0,0,0,CLEAR,none,nan,0.0,0.0,0,0,0,0,0.0,0,0,1,1,0.0,0.6,"1.554,23.042;1.613,23.194;1.698,23.397;1.788,23.598;1.875,23.799;1.961,24.002;2.046,24.205;2.124,24.388;2.150,24.450",2.1500000000000004,24.450000000000003,2.0,2.1500000000000004,24.450000000000003,2.0,2.1500000000000004,24.450000000000003,2.0,0.5804214300411845,0.0,0.0,0,0,9,1,,,1,1,PASS_THROUGH,-1,0.9999392094033454,-0.011026218654317426,0.0,0.3017385581161542,0,0.9998603191998222,-0.011025348740801163,0.012561201167622538,1.5088118282893561,0.30176236565787123,0,0,0,BYPASS_VISIBLE,1,0,1,1,1
1787562570340672768,1787562570358395648,joint_v2_000008_af4e508d,3433,553,0.03333333333333333,18.433333333333334,17.72284507751465,frame_id_exact,1,,1.5680311918258667,23.078725814819336,1.9807816743850708,0.03981007067992441,-0.004288886160080152,-0.1935644551984132,0.9802701491995495,0.19517217576503754,0.5221290588378906,-0.004230170045047998,0.5550108836344009,0.017752021077073275,-0.04875050163281333,-0.3896251766844467,-0.03053406998515129,depth/003433.png,1.0,0.007003095133056476,-0.07970959967607608,-0.9967935274559306,0.5550108836344009,0.017752021077073275,-0.04875050163281333,-0.03053406998515129,0.999847916119092,-0.011735936678494537,0.012900093898395441,1.48965787502719,0.297931575005438,0.6,0.0,0.0192183256149292,-0.03025876139784056,0.6,0.0,0.0192183256149292,-0.03025876139784056,goal_capture,TERMINAL_SETTLING,NONE,DIRECT_LOCAL,PASS_THROUGH,0,6,0,0,0,0,1,0.6,1.48965787502719,inf,0.0,0,0,0,CLEAR,none,nan,0.0,0.0,0,0,0,0,0.0,0,0,1,1,0.0,0.6,"1.554,23.042;1.613,23.194;1.698,23.397;1.788,23.598;1.875,23.799;1.961,24.002;2.046,24.205;2.124,24.388;2.150,24.450",2.1500000000000004,24.450000000000003,2.0,2.1500000000000004,24.450000000000003,2.0,2.1500000000000004,24.450000000000003,2.0,0.5804214300411845,0.0,0.0,0,0,9,1,,,0,1,PASS_THROUGH,-1,0.9998603191998222,-0.011025348740801163,0.012561201167622538,0.3017385581161542,0,0.999847916119092,-0.011735936678494537,0.012900093898395441,1.4897818392872042,0.29795636785744084,0,0,0,BYPASS_VISIBLE,1,0,1,1,1
1787562570383856384,1787562570398421760,joint_v2_000008_af4e508d,3434,554,0.03333333333333333,18.466666666666665,14.565467834472656,frame_id_exact,1,,1.574438214302063,23.09572982788086,1.9807535409927368,0.027056969641278655,0.0042285037234619394,-0.19386691407731593,0.9806455321757349,0.19044746458530426,0.49945738911628723,0.002324882196262479,0.5337593852239095,0.013712837083490614,-0.02542050691019669,-0.38986947063842264,-0.03189181163907051,depth/003434.png,1.0,0.018784228985679448,-0.051427058849804815,-0.9985000803001832,0.5337593852239095,0.013712837083490614,-0.02542050691019669,-0.03189181163907051,0.9998424905023733,-0.011997962907207855,0.013078343629408924,1.4715023167659005,0.2943004633531801,0.6,0.0,0.019246459007263184,-0.02190674121498537,0.6,0.0,0.019246459007263184,-0.02190674121498537,goal_capture,TERMINAL_SETTLING,NONE,DIRECT_LOCAL,PASS_THROUGH,0,6,0,0,0,0,1,0.6,1.4715023167659005,inf,0.0,0,0,0,CLEAR,none,nan,0.0,0.0,0,0,0,0,0.6875079332590259,0,0,1,1,0.0,0.6,"1.574,23.096;1.597,23.155;1.627,23.233;1.666,23.329;1.715,23.442;1.773,23.573;1.840,23.722;1.913,23.891;1.978,24.043;2.033,24.175;2.080,24.285;2.117,24.372;2.144,24.435;2.150,24.450",2.1500000000000004,24.450000000000003,2.0,2.1500000000000004,24.450000000000003,2.0,2.1500000000000004,24.450000000000003,2.0,0.5804214300411845,0.0,0.0,0,0,9,1,,,0,1,PASS_THROUGH,-1,0.9998603191998222,-0.011025348740801163,0.012561201167622538,0.3017385581161542,0,0.9998424905023733,-0.011997962907207855,0.013078343629408924,1.471628178050329,0.2943256356100658,0,0,0,BYPASS_VISIBLE,1,0,1,1,1
1787562570426221056,1787562570440687616,joint_v2_000008_af4e508d,3435,555,0.03333333333333333,18.5,14.466524124145508,frame_id_exact,1,,1.5808122158050537,23.11212921142578,1.9809149503707886,0.007307318223062933,0.01192233518466863,-0.19415008381792706,0.9808721659715007,0.19325502216815948,0.4865124523639679,0.006994806230068207,0.5234901954277863,0.006767173822816195,0.0017371994831157176,-0.3906933142743967,-0.032362163066864014,depth/003435.png,1.0,0.02622600636303217,-0.009705645354979843,-0.9996089220482626,0.5234901954277863,0.006767173822816195,0.0017371994831157176,-0.032362163066864014,0.9998471329032337,-0.0115512603004374,0.0131255175385459,1.453916428340007,0.2907832856680014,0.6,0.0,0.019085049629211426,-0.021956662237365143,0.6,0.0,0.019085049629211426,-0.021956662237365143,goal_capture,TERMINAL_SETTLING,NONE,DIRECT_LOCAL,PASS_THROUGH,0,6,0,0,0,0,1,0.6,1.453916428340007,inf,0.0,0,0,0,CLEAR,none,nan,0.0,0.0,0,0,0,0,0.0,0,0,1,1,0.0,0.6,"1.574,23.096;1.597,23.155;1.627,23.233;1.666,23.329;1.715,23.442;1.773,23.573;1.840,23.722;1.913,23.891;1.978,24.043;2.033,24.175;2.080,24.285;2.117,24.372;2.144,24.435;2.150,24.450",2.1500000000000004,24.450000000000003,2.0,2.1500000000000004,24.450000000000003,2.0,2.1500000000000004,24.450000000000003,2.0,0.5804214300411845,0.0,0.0,0,0,9,1,,,0,1,PASS_THROUGH,-1,0.9998603191998222,-0.011025348740801163,0.012561201167622538,0.3017385581161542,0,0.9998471329032337,-0.0115512603004374,0.0131255175385459,1.4540416843118056,0.2908083368623611,0,0,0,BYPASS_VISIBLE,1,0,1,1,1
1787562570466251264,1787562570479734016,joint_v2_000008_af4e508d,3436,556,0.03333333333333333,18.533333333333335,13.48257064819336,frame_id_exact,1,,1.5873997211456299,23.12830924987793,1.9811861515045166,-0.014653167235139266,0.01703856841512977,-0.1943408057604865,0.9806766149412899,0.20301620662212372,0.486510306596756,0.008739298209547997,0.5265254679492345,-0.00163433766077682,0.027431632298350973,-0.3917615103447337,-0.031875789165496826,depth/003436.png,1.0,0.027723234538749832,0.03536261511425298,-0.998989943752684,0.5265254679492345,-0.00163433766077682,0.027431632298350973,-0.031875789165496826,0.9998572769375313,-0.010672929496997946,0.013096348003043129,1.436448924509766,0.2872897849019532,0.6,0.0,0.0188138484954834,-0.02581648798497649,0.6,0.0,0.0188138484954834,-0.02581648798497649,goal_capture,TERMINAL_SETTLING,NONE,DIRECT_LOCAL,PASS_THROUGH,0,6,0,0,0,0,1,0.6,1.4364489245097662,inf,0.0,0,0,0,CLEAR,none,nan,0.0,0.0,0,0,0,0,0.0,0,0,1,1,0.0,0.6,"1.574,23.096;1.597,23.155;1.627,23.233;1.666,23.329;1.715,23.442;1.773,23.573;1.840,23.722;1.913,23.891;1.978,24.043;2.033,24.175;2.080,24.285;2.117,24.372;2.144,24.435;2.150,24.450",2.1500000000000004,24.450000000000003,2.0,2.1500000000000004,24.450000000000003,2.0,2.1500000000000004,24.450000000000003,2.0,0.5804214300411845,0.0,0.0,0,0,9,1,,,0,1,PASS_THROUGH,-1,0.9998603191998222,-0.011025348740801163,0.012561201167622538,0.3017385581161542,0,0.9998572769375313,-0.010672929496997946,0.013096348003043129,1.436572126146291,0.2873144252292582,0,0,0,BYPASS_VISIBLE,1,0,1,1,1
1787562570505008384,1787562570520692480,joint_v2_000008_af4e508d,3437,557,0.03333333333333333,18.566666666666666,15.684127807617188,frame_id_exact,1,,1.5943998098373413,23.144710540771484,1.9814541339874268,-0.03369236591758392,0.018413296472405825,-0.19445382409517636,0.9801599284232432,0.21753817796707153,0.4994867742061615,0.006740727461874485,0.5427396358454001,-0.009764484975430617,0.04683669931146468,-0.39253690675937186,-0.03152267634868622,depth/003437.png,1.0,0.02299273191388214,0.07320888575889262,-0.9970515499837899,0.5427396358454001,-0.009764484975430617,0.04683669931146468,-0.03152267634868622,0.999865688826438,-0.009885582368444308,0.013072091220215581,1.4186162778150617,0.28372325556301237,0.6,0.0,0.018545866012573242,-0.023776650136396182,0.6,0.0,0.018545866012573242,-0.023776650136396182,goal_capture,TERMINAL_SETTLING,NONE,DIRECT_LOCAL,PASS_THROUGH,0,6,0,0,0,0,1,0.6,1.418616277815062,inf,0.0,0,0,0,CLEAR,none,nan,0.0,0.0,0,0,0,0,0.5664597752424776,0,0,1,1,0.0,0.6,"1.594,23.145;1.620,23.204;1.654,23.281;1.695,23.377;1.743,23.492;1.799,23.625;1.863,23.777;1.934,23.943;1.996,24.089;2.049,24.214;2.093,24.316;2.127,24.395;2.150,24.449;2.150,24.450",2.1500000000000004,24.450000000000003,2.0,2.1500000000000004,24.450000000000003,2.0,2.1500000000000004,24.450000000000003,2.0,0.5804214300411845,0.0,0.0,0,0,9,1,,,0,1,PASS_THROUGH,-1,0.9998603191998222,-0.011025348740801163,0.012561201167622538,0.3017385581161542,0,0.999865688826438,-0.009885582368444308,0.013072091220215581,1.4187374996200026,0.2837474999240005,0,0,0,BYPASS_VISIBLE,1,0,1,1,1
1787562570550594048,1787562570566192384,joint_v2_000008_af4e508d,3438,558,0.03333333333333333,18.6,15.598297119140625,frame_id_exact,1,,1.6019192934036255,23.161725997924805,1.9815940856933594,-0.04541906530754078,0.015740515283798794,-0.194578529172362,0.9797083957332969,0.2336055338382721,0.5224959254264832,0.0011953177163377404,0.5693928195432939,-0.0158309402593477,0.05582261812766421,-0.39274240174022834,-0.03192419558763504,depth/003438.png,1.0,0.013167080105562435,0.09512041184098655,-0.9953786893703797,0.5693928195432939,-0.0158309402593477,0.05582261812766421,-0.03192419558763504,0.9998684772977726,-0.009498208018536658,0.013145803538400705,1.4000151304061073,0.28000302608122146,0.6,0.0,0.018405914306640625,-0.02213765698107495,0.6,0.0,0.018405914306640625,-0.02213765698107495,goal_capture,TERMINAL_SETTLING,NONE,DIRECT_LOCAL,PASS_THROUGH,0,6,0,0,0,0,1,0.6,1.4000151304061073,inf,0.0,0,0,0,CLEAR,none,nan,0.0,0.0,0,0,0,0,0.0,0,0,1,1,0.0,0.6,"1.594,23.145;1.620,23.204;1.654,23.281;1.695,23.377;1.743,23.492;1.799,23.625;1.863,23.777;1.934,23.943;1.996,24.089;2.049,24.214;2.093,24.316;2.127,24.395;2.150,24.449;2.150,24.450",2.1500000000000004,24.450000000000003,2.0,2.1500000000000004,24.450000000000003,2.0,2.1500000000000004,24.450000000000003,2.0,0.5804214300411845,0.0,0.0,0,0,9,1,,,1,1,PASS_THROUGH,-1,0.9999548832079017,-0.009499028827800082,0.0,0.28000302608122146,0,0.9998684772977726,-0.009498208018536658,0.013145803538400705,1.4001361158999837,0.28002722317999673,0,0,0,BYPASS_VISIBLE,1,0,1,1,1
1787562570594668288,1787562570610217984,joint_v2_000008_af4e508d,3439,559,0.03333333333333333,18.633333333333333,15.549659729003906,frame_id_exact,1,,1.6099519729614258,23.179601669311523,1.9815104007720947,-0.04718185614343199,0.009664877177722695,-0.19479762607157408,0.979660322497997,0.2477674037218094,0.5504761338233948,-0.00632129330188036,0.6011962504120398,-0.018318177934580727,0.05176998988668411,-0.392590466685656,-0.03279158100485802,depth/003439.png,1.0,0.000554766244880562,0.0962097750720448,-0.9953609252000001,0.6011962504120398,-0.018318177934580727,0.05176998988668411,-0.03279158100485802,0.9998664533808297,-0.009365032777653966,0.013392966986996612,1.3804215986879993,0.27608431973759984,0.6,0.0,0.018489599227905273,-0.020833786134954457,0.6,0.0,0.018489599227905273,-0.020833786134954457,goal_capture,TERMINAL_SETTLING,NONE,DIRECT_LOCAL,PASS_THROUGH,0,6,0,0,0,0,1,0.6,1.3804215986879993,inf,0.0,0,0,0,CLEAR,none,nan,0.0,0.0,0,0,0,0,0.0,0,0,1,1,0.0,0.6,"1.594,23.145;1.620,23.204;1.654,23.281;1.695,23.377;1.743,23.492;1.799,23.625;1.863,23.777;1.934,23.943;1.996,24.089;2.049,24.214;2.093,24.316;2.127,24.395;2.150,24.449;2.150,24.450",2.1500000000000004,24.450000000000003,2.0,2.1500000000000004,24.450000000000003,2.0,2.1500000000000004,24.450000000000003,2.0,0.5804214300411845,0.0,0.0,0,0,9,1,,,0,1,PASS_THROUGH,-1,0.9998684772977726,-0.009498208018536658,0.013145803538400705,0.28000302608122146,0,0.9998664533808297,-0.009365032777653966,0.013392966986996612,1.3805454195367644,0.2761090839073529,0,0,0,BYPASS_VISIBLE,1,0,1,1,1
1787562570635423488,1787562570651577344,joint_v2_000008_af4e508d,3440,560,0.03333333333333333,18.666666666666668,16.153812408447266,frame_id_exact,1,,1.6183826923370361,23.198410034179688,1.981177806854248,-0.03867612980999934,0.001619810464643515,-0.19511704508368102,0.9800157508503583,0.25707411766052246,0.5774398446083069,-0.013325478881597519,0.6310459450193241,-0.016434115787557216,0.03481924198737107,-0.3925958128921681,-0.033364225178956985,depth/003440.png,1.0,-0.011917864790114118,0.0764385380543786,-0.9970030663939574,0.6310459450193241,-0.016434115787557216,0.03481924198737107,-0.033364225178956985,0.9998631241183277,-0.009065096062021993,0.013840414073415111,1.3598141065413747,0.2719628213082749,0.6,0.0,0.018822193145751953,-0.023345643908763702,0.6,0.0,0.018822193145751953,-0.023345643908763702,goal_capture,TERMINAL_SETTLING,NONE,DIRECT_LOCAL,PASS_THROUGH,0,6,0,0,0,0,1,0.6,1.3598141065413747,inf,0.0,0,0,0,CLEAR,none,nan,0.0,0.0,0,0,0,0,0.5194486148550718,0,0,1,1,0.0,0.6,"1.618,23.198;1.648,23.265;1.686,23.351;1.730,23.451;1.772,23.553;1.814,23.655;1.856,23.756;1.898,23.858;1.941,23.959;1.984,24.060;2.027,24.162;2.070,24.263;2.110,24.355;2.139,24.423;2.150,24.450",2.1500000000000004,24.450000000000003,2.0,2.1500000000000004,24.450000000000003,2.0,2.1500000000000004,24.450000000000003,2.0,0.5804214300411845,0.0,0.0,0,0,9,1,,,0,1,PASS_THROUGH,-1,0.9998684772977726,-0.009498208018536658,0.013145803538400705,0.28000302608122146,0,0.9998631241183277,-0.009065096062021993,0.013840414073415111,1.359944366253169,0.2719888732506338,0,0,0,BYPASS_VISIBLE,1,0,1,1,1
1787562570683000320,1787562570699692032,joint_v2_000008_af4e508d,3441,561,0.03333333333333333,18.7,16.69168472290039,frame_id_exact,1,,1.6270146369934082,23.218017578125,1.9806545972824097,-0.0219552714875725,-0.006536325406968514,-0.1954634255240041,0.9804434159024698,0.2596305012702942,0.5976709127426147,-0.017465488985180855,0.6517189653343557,-0.010490938391198633,0.00871153655418155,-0.39313092844026276,-0.03316199406981468,depth/003441.png,1.0,-0.02139989956545746,0.040496577639912074,-0.9989504850081624,0.6517189653343557,-0.010490938391198633,0.00871153655418155,-0.03316199406981468,0.9998609285502419,-0.008321242464442541,0.014452698104359998,1.3383924602776776,0.2676784920555355,0.6,0.0,0.019345402717590332,-0.020825635627167993,0.6,0.0,0.019345402717590332,-0.020825635627167993,goal_capture,TERMINAL_SETTLING,NONE,DIRECT_LOCAL,PASS_THROUGH,0,6,0,0,0,0,1,0.6,1.3383924602776776,inf,0.0,0,0,0,CLEAR,none,nan,0.0,0.0,0,0,0,0,0.0,0,0,1,1,0.0,0.6,"1.618,23.198;1.648,23.265;1.686,23.351;1.730,23.451;1.772,23.553;1.814,23.655;1.856,23.756;1.898,23.858;1.941,23.959;1.984,24.060;2.027,24.162;2.070,24.263;2.110,24.355;2.139,24.423;2.150,24.450",2.1500000000000004,24.450000000000003,2.0,2.1500000000000004,24.450000000000003,2.0,2.1500000000000004,24.450000000000003,2.0,0.5804214300411845,0.0,0.0,0,0,9,1,,,0,1,PASS_THROUGH,-1,0.9998684772977726,-0.009498208018536658,0.013145803538400705,0.28000302608122146,0,0.9998609285502419,-0.008321242464442541,0.014452698104359998,1.3385322642112294,0.26770645284224587,0,0,0,BYPASS_VISIBLE,1,0,1,1,1
1787562570724855296,1787562570741609984,joint_v2_000008_af4e508d,3442,562,0.03333333333333333,18.733333333333334,16.754865646362305,frame_id_exact,1,,1.6356104612350464,23.238126754760742,1.9800605773925781,-0.0008830119881987801,-0.012959221899111162,-0.19574837194156014,0.980568128046097,0.2549697458744049,0.6068326234817505,-0.017536496743559837,0.6581545212786648,-0.001950168775412849,-0.019792824791785863,-0.39411780246320277,-0.032099734991788864,depth/003442.png,1.0,-0.02576049623528042,-0.0033417863521401662,-0.9996625577151966,0.6581545212786648,-0.001950168775412849,-0.019792824791785863,-0.032099734991788864,0.9998587294697622,-0.007292946657304116,0.01514377866209398,1.3165232091070629,0.26330464182141256,0.6,0.0,0.019939422607421875,-0.016520576831937084,0.6,0.0,0.019939422607421875,-0.016520576831937084,goal_capture,TERMINAL_SETTLING,NONE,DIRECT_LOCAL,PASS_THROUGH,0,6,0,0,0,0,1,0.6,1.3165232091070629,inf,0.0,0,0,0,CLEAR,none,nan,0.0,0.0,0,0,0,0,0.0,0,0,1,1,0.0,0.6,"1.618,23.198;1.648,23.265;1.686,23.351;1.730,23.451;1.772,23.553;1.814,23.655;1.856,23.756;1.898,23.858;1.941,23.959;1.984,24.060;2.027,24.162;2.070,24.263;2.110,24.355;2.139,24.423;2.150,24.450",2.1500000000000004,24.450000000000003,2.0,2.1500000000000004,24.450000000000003,2.0,2.1500000000000004,24.450000000000003,2.0,0.5804214300411845,0.0,0.0,0,0,9,1,,,0,1,PASS_THROUGH,-1,0.9998684772977726,-0.009498208018536658,0.013145803538400705,0.28000302608122146,0,0.9998587294697622,-0.007292946657304116,0.01514377866209398,1.3166741968655256,0.2633348393731051,0,0,0,BYPASS_VISIBLE,1,0,1,1,1
1787562570768548096,1787562570785235200,joint_v2_000008_af4e508d,3443,563,0.03333333333333333,18.766666666666666,16.68715476989746,frame_id_exact,1,,1.6439441442489624,23.25832748413086,1.979529857635498,0.019782863056870503,-0.01622785410754576,-0.19593633146014292,0.9802827393636381,0.24422414600849152,0.6029486060142517,-0.013860675506293774,0.6492161930158445,0.0069974924951948046,-0.04305743998881539,-0.39509896147527535,-0.03050667978823185,depth/003443.png,1.0,-0.02406340733079366,-0.04514485078229532,-0.9986905901606746,0.6492161930158445,0.0069974924951948046,-0.04305743998881539,-0.03050667978823185,0.9998540113579993,-0.0064829578059646675,0.01580908692504774,1.294672126145384,0.2589344252290768,0.5333333334,0.0,0.020470142364501953,-0.01600938204564195,0.5333333334,0.0,0.020470142364501953,-0.01600938204564195,goal_capture,TERMINAL_SETTLING,NONE,DIRECT_LOCAL,PASS_THROUGH,0,6,0,0,0,0,1,0.5333333334,1.294672126145384,inf,0.0,0,0,0,CLEAR,none,nan,0.0,0.0,0,0,0,0,0.3714951499227962,0,0,1,1,0.0,0.5,"1.644,23.258;1.689,23.370;1.735,23.480;1.782,23.591;1.830,23.701;1.878,23.811;1.926,23.921;1.972,24.031;2.019,24.142;2.066,24.252;2.113,24.363;2.150,24.450",2.1500000000000004,24.450000000000003,2.0,2.1500000000000004,24.450000000000003,2.0,2.1500000000000004,24.450000000000003,2.0,0.5804214300411845,0.0,0.0,0,0,9,1,,,0,1,PASS_THROUGH,-1,0.9998684772977726,-0.009498208018536658,0.013145803538400705,0.28000302608122146,0,0.9998540113579993,-0.0064829578059646675,0.01580908692504774,1.2948339433866538,0.25896678867733075,0,0,0,BYPASS_VISIBLE,1,0,1,1,1
1787562570813984256,1787562570829027840,joint_v2_000008_af4e508d,3444,564,0.03333333333333333,18.8,15.04373550415039,frame_id_exact,1,,1.6518518924713135,23.278188705444336,1.9791650772094727,0.03682212679510418,-0.015929698263849337,-0.19604308756217154,0.9797742002678979,0.22987449169158936,0.5868071913719177,-0.007821055129170418,0.6275353275989942,0.0141567306722512,-0.0569660448995262,-0.3956231651829128,-0.02893882989883423,depth/003444.png,1.0,-0.016777567898907827,-0.07840055412883024,-0.996780751383016,0.6275353275989942,0.0141567306722512,-0.0569660448995262,-0.02893882989883423,0.9998460576671581,-0.006339330669942005,0.016360741245399497,1.2733001402193596,0.2546600280438719,0.5,0.0,0.020834922790527344,-0.016785525048869654,0.5,0.0,0.020834922790527344,-0.016785525048869654,goal_capture,TERMINAL_SETTLING,NONE,DIRECT_LOCAL,PASS_THROUGH,0,6,0,0,0,0,1,0.5,1.2733001402193593,inf,0.0,0,0,0,CLEAR,none,nan,0.0,0.0,0,0,0,0,0.0,0,0,1,1,0.0,0.5,"1.644,23.258;1.689,23.370;1.735,23.480;1.782,23.591;1.830,23.701;1.878,23.811;1.926,23.921;1.972,24.031;2.019,24.142;2.066,24.252;2.113,24.363;2.150,24.450",2.1500000000000004,24.450000000000003,2.0,2.1500000000000004,24.450000000000003,2.0,2.1500000000000004,24.450000000000003,2.0,0.5804214300411845,0.0,0.0,0,0,9,1,,,1,1,PASS_THROUGH,-1,0.999979900861381,-0.006340179276844583,0.0,0.2546600280438719,0,0.9998460576671581,-0.006339330669942005,0.016360741245399497,1.2734705890166163,0.25469411780332324,0,0,0,BYPASS_VISIBLE,1,0,1,1,1
1787562570857142016,1787562570872628736,joint_v2_000008_af4e508d,3445,565,0.03333333333333333,18.833333333333332,15.486717224121094,frame_id_exact,1,,1.6592572927474976,23.297332763671875,1.9790189266204834,0.05089857453267501,-0.013071902504666548,-0.19606052209635683,0.9791826857899165,0.2144390493631363,0.5601047873497009,-0.00102110649459064,0.5960853998707981,0.017928065227827302,-0.06374403423340888,-0.3955274287882258,-0.027412131428718567,depth/003445.png,1.0,-0.005641159012133464,-0.10480377388728111,-0.9944769209509005,0.5960853998707981,0.017928065227827302,-0.06374403423340888,-0.027412131428718567,0.9998354720040532,-0.006973326572051769,0.016745197489177382,1.2527849625637433,0.25055699251274866,0.5,0.0,0.0209810733795166,-0.020401319665976914,0.5,0.0,0.0209810733795166,-0.020401319665976914,goal_capture,TERMINAL_SETTLING,NONE,DIRECT_LOCAL,PASS_THROUGH,0,6,0,0,0,0,1,0.5,1.2527849625637433,inf,0.0,0,0,0,CLEAR,none,nan,0.0,0.0,0,0,0,0,0.0,0,0,1,1,0.0,0.5,"1.644,23.258;1.689,23.370;1.735,23.480;1.782,23.591;1.830,23.701;1.878,23.811;1.926,23.921;1.972,24.031;2.019,24.142;2.066,24.252;2.113,24.363;2.150,24.450",2.1500000000000004,24.450000000000003,2.0,2.1500000000000004,24.450000000000003,2.0,2.1500000000000004,24.450000000000003,2.0,0.5804214300411845,0.0,0.0,0,0,9,1,,,0,1,PASS_THROUGH,-1,0.9998460576671581,-0.006339330669942005,0.016360741245399497,0.2546600280438719,0,0.9998354720040532,-0.006973326572051769,0.016745197489177382,1.2529606409883738,0.25059212819767474,0,0,0,BYPASS_VISIBLE,1,0,1,1,1
1787562570900193792,1787562570920260352,joint_v2_000008_af4e508d,3446,566,0.03333333333333333,18.866666666666667,20.06673812866211,frame_id_exact,1,,1.6661572456359863,23.31543731689453,1.9790891408920288,0.05992865793416854,-0.008528999967957676,-0.1960624817584817,0.9787212654093408,0.19985243678092957,0.5250359177589417,0.005014087073504925,0.5579995912228266,0.017611167142329295,-0.06289002687607681,-0.39500435912719395,-0.026609307155013084,depth/003446.png,1.0,0.006804495523424891,-0.1206513376564975,-0.992671624235512,0.5579995912228266,0.017611167142329295,-0.06289002687607681,-0.026609307155013084,0.9998235191585082,-0.008098895287453774,0.016951059926122843,1.2334246198475374,0.24668492396950747,0.5666666666,0.0,0.02091085910797119,-0.01886652203752115,0.5666666666,0.0,0.02091085910797119,-0.01886652203752115,goal_capture,TERMINAL_SETTLING,NONE,DIRECT_LOCAL,PASS_THROUGH,0,6,0,0,0,0,1,0.5666666666,1.2334246198475374,inf,0.0,0,0,0,CLEAR,none,nan,0.0,0.0,0,0,0,0,0.46410427539693055,0,0,1,1,0.0,0.6,"1.666,23.315;1.690,23.377;1.721,23.458;1.761,23.556;1.811,23.672;1.873,23.804;1.940,23.956;2.001,24.100;2.053,24.223;2.096,24.324;2.129,24.401;2.150,24.450",2.1500000000000004,24.450000000000003,2.0,2.1500000000000004,24.450000000000003,2.0,2.1500000000000004,24.450000000000003,2.0,0.5804214300411845,0.0,0.0,0,0,9,1,,,0,1,PASS_THROUGH,-1,0.9998460576671581,-0.006339330669942005,0.016360741245399497,0.2546600280438719,0,0.9998235191585082,-0.008098895287453774,0.016951059926122843,1.2336018631935814,0.2467203726387163,0,0,0,BYPASS_VISIBLE,1,0,1,1,1
1787562570952135936,1787562570967567360,joint_v2_000008_af4e508d,3447,567,0.03333333333333333,18.9,15.431404113769531,frame_id_exact,1,,1.6726112365722656,23.332292556762695,1.9793366193771362,0.0590362934626678,-0.002764187238404267,-0.19617060865720481,0.9787870900365221,0.1880139410495758,0.48618167638778687,0.009679391980171204,0.5186419415067292,0.013492844310731241,-0.05142017868380903,-0.39456371478453306,-0.026655049994587898,depth/003447.png,1.0,0.0177512696760862,-0.11665242835573401,-0.9930141506462016,0.5186419415067292,0.013492844310731241,-0.05142017868380903,-0.026655049994587898,0.999814141044221,-0.009094908060332273,0.016999000422987676,1.215388810264082,0.2430777620528164,0.6,0.0,0.02066338062286377,-0.02282691488905253,0.6,0.0,0.02066338062286377,-0.02282691488905253,goal_capture,TERMINAL_SETTLING,NONE,DIRECT_LOCAL,PASS_THROUGH,0,6,0,0,0,0,1,0.6,1.215388810264082,inf,0.0,0,0,0,CLEAR,none,nan,0.0,0.0,0,0,0,0,0.0,0,0,1,1,0.0,0.6,"1.666,23.315;1.690,23.377;1.721,23.458;1.761,23.556;1.811,23.672;1.873,23.804;1.940,23.956;2.001,24.100;2.053,24.223;2.096,24.324;2.129,24.401;2.150,24.450",2.1500000000000004,24.450000000000003,2.0,2.1500000000000004,24.450000000000003,2.0,2.1500000000000004,24.450000000000003,2.0,0.5804214300411845,0.0,0.0,0,0,9,1,,,0,1,PASS_THROUGH,-1,0.9998460576671581,-0.006339330669942005,0.016360741245399497,0.2546600280438719,0,0.999814141044221,-0.009094908060332273,0.016999000422987676,1.21556445136155,0.24311289027231,0,0,0,BYPASS_VISIBLE,1,0,1,1,1
1787562570993094144,1787562571008633856,joint_v2_000008_af4e508d,3448,568,0.03333333333333333,18.933333333333334,15.53964614868164,frame_id_exact,1,,1.6787481307983398,23.3478946685791,1.979732871055603,0.04356191386721204,0.003920082224150494,-0.19640345609799872,0.9795471785719885,0.1812552511692047,0.451488196849823,0.014110192656517029,0.48592945119358144,0.0066499498943354916,-0.026879399863605213,-0.3947198120971665,-0.026762433350086212,depth/003448.png,1.0,0.024791231840401207,-0.0838020642496241,-0.996173985231163,0.48592945119358144,0.0066499498943354916,-0.026879399863605213,-0.026762433350086212,0.9998134267160955,-0.009343103449575035,0.016906157935771198,1.1986302539867886,0.2397260507973577,0.6,0.0,0.020267128944396973,-0.02709441558332193,0.6,0.0,0.020267128944396973,-0.02709441558332193,goal_capture,TERMINAL_SETTLING,NONE,DIRECT_LOCAL,PASS_THROUGH,0,6,0,0,0,0,1,0.6,1.1986302539867886,inf,0.0,0,0,0,CLEAR,none,nan,0.0,0.0,0,0,0,0,0.0,0,0,1,1,0.0,0.6,"1.666,23.315;1.690,23.377;1.721,23.458;1.761,23.556;1.811,23.672;1.873,23.804;1.940,23.956;2.001,24.100;2.053,24.223;2.096,24.324;2.129,24.401;2.150,24.450",2.1500000000000004,24.450000000000003,2.0,2.1500000000000004,24.450000000000003,2.0,2.1500000000000004,24.450000000000003,2.0,0.5804214300411845,0.0,0.0,0,0,9,1,,,0,1,PASS_THROUGH,-1,0.9998460576671581,-0.006339330669942005,0.016360741245399497,0.2546600280438719,0,0.9998134267160955,-0.009343103449575035,0.016906157935771198,1.1988015858715246,0.23976031717430493,0,0,0,BYPASS_VISIBLE,1,0,1,1,1
1787562571034406656,1787562571051055616,joint_v2_000008_af4e508d,3449,569,0.03333333333333333,18.966666666666665,16.64900779724121,frame_id_exact,1,,1.6847758293151855,23.36254119873047,1.980262041091919,0.015300349158532574,0.010420080131830527,-0.19659116527188294,0.9803107848956456,0.18173058331012726,0.4302792251110077,0.017368385568261147,0.4673730353656554,-0.0014747192522765005,0.005305497699266326,-0.39548604367569806,-0.02630496583878994,depth/003449.png,1.0,0.026445660805705797,-0.02590120319487108,-0.9993146424913465,0.4673730353656554,-0.0014747192522765005,0.005305497699266326,-0.02630496583878994,0.9998224188979381,-0.008759730324879018,0.01668525677690891,1.1827933773267187,0.23655867546534376,0.5333333334,0.0,0.019737958908081055,-0.021055127378927785,0.5333333334,0.0,0.019737958908081055,-0.021055127378927785,goal_capture,TERMINAL_SETTLING,NONE,DIRECT_LOCAL,PASS_THROUGH,0,6,0,0,0,0,1,0.5333333334,1.1827933773267187,inf,0.0,0,0,0,CLEAR,none,nan,0.0,0.0,0,0,0,0,0.5019718767413492,0,0,1,1,0.0,0.5,"1.685,23.363;1.730,23.470;1.777,23.581;1.824,23.691;1.871,23.801;1.919,23.911;1.967,24.021;2.014,24.132;2.061,24.242;2.108,24.352;2.150,24.450",2.1500000000000004,24.450000000000003,2.0,2.1500000000000004,24.450000000000003,2.0,2.1500000000000004,24.450000000000003,2.0,0.5804214300411845,0.0,0.0,0,0,9,1,,,0,1,PASS_THROUGH,-1,0.9998460576671581,-0.006339330669942005,0.016360741245399497,0.2546600280438719,0,0.9998224188979381,-0.008759730324879018,0.01668525677690891,1.1829580552453256,0.23659161104906512,0,0,0,BYPASS_VISIBLE,1,0,1,1,1
1787562571078535936,1787562571094075648,joint_v2_000008_af4e508d,3450,570,0.03333333333333333,19.0,15.53964614868164,frame_id_exact,1,,1.690949559211731,23.376798629760742,1.9808306694030762,-0.017240378869513306,0.014860171325083452,-0.19658053468200964,0.9802234633127082,0.18985848128795624,0.42860355973243713,0.015923986211419106,0.46766315537326775,-0.009347616280152567,0.03470767703758542,-0.39628568244713624,-0.025354312732815742,depth/003450.png,1.0,0.022354331410808302,0.03964128861769748,-0.9989638892892496,0.46766315537326775,-0.009347616280152567,0.03470767703758542,-0.025354312732815742,0.9998339535634806,-0.00790176903585818,0.016420333362134578,1.1672568218996757,0.23345136437993513,0.5,0.0,0.019169330596923828,-0.01874138333116282,0.5,0.0,0.019169330596923828,-0.01874138333116282,goal_capture,TERMINAL_SETTLING,NONE,DIRECT_LOCAL,PASS_THROUGH,0,6,0,0,0,0,1,0.5,1.1672568218996757,inf,0.0,0,0,0,CLEAR,none,nan,0.0,0.0,0,0,0,0,0.0,0,0,1,1,0.0,0.5,"1.685,23.363;1.730,23.470;1.777,23.581;1.824,23.691;1.871,23.801;1.919,23.911;1.967,24.021;2.014,24.132;2.061,24.242;2.108,24.352;2.150,24.450",2.1500000000000004,24.450000000000003,2.0,2.1500000000000004,24.450000000000003,2.0,2.1500000000000004,24.450000000000003,2.0,0.5804214300411845,0.0,0.0,0,0,9,1,,,1,1,PASS_THROUGH,-1,0.9999687721157012,-0.007902834517839113,0.0,0.23345136437993513,0,0.9998339535634806,-0.00790176903585818,0.016420333362134578,1.1674142159091885,0.2334828431818377,0,0,0,BYPASS_VISIBLE,1,0,1,1,1
1787562571122504960,1787562571140178944,joint_v2_000008_af4e508d,3451,571,0.03333333333333333,19.033333333333335,17.673969268798828,frame_id_exact,1,,1.697493553161621,23.39131736755371,1.981289029121399,-0.04155053986788752,0.015181594329083918,-0.1964842561259814,0.9795085547992595,0.2033546417951584,0.44536152482032776,0.011232730001211166,0.486472996502693,-0.015420138343787582,0.054151780768078285,-0.39652181116785734,-0.025227434933185577,depth/003451.png,1.0,0.013412949206509619,0.08736410705135998,-0.9960861436606284,0.486472996502693,-0.015420138343787582,0.054151780768078285,-0.025227434933185577,0.9998405915208416,-0.007399213592131737,0.01624940569595321,1.1513344434497326,0.23026688868994652,0.5,0.0,0.018710970878601074,-0.01775176697965064,0.5,0.0,0.018710970878601074,-0.01775176697965064,goal_capture,TERMINAL_SETTLING,NONE,DIRECT_LOCAL,PASS_THROUGH,0,6,0,0,0,0,1,0.5,1.1513344434497326,inf,0.0,0,0,0,CLEAR,none,nan,0.0,0.0,0,0,0,0,0.0,0,0,1,1,0.0,0.5,"1.685,23.363;1.730,23.470;1.777,23.581;1.824,23.691;1.871,23.801;1.919,23.911;1.967,24.021;2.014,24.132;2.061,24.242;2.108,24.352;2.150,24.450",2.1500000000000004,24.450000000000003,2.0,2.1500000000000004,24.450000000000003,2.0,2.1500000000000004,24.450000000000003,2.0,0.5804214300411845,0.0,0.0,0,0,9,1,,,0,1,PASS_THROUGH,-1,0.9998339535634806,-0.00790176903585818,0.016420333362134578,0.23345136437993513,0,0.9998405915208416,-0.007399213592131737,0.01624940569595321,1.1514864745644757,0.23029729491289513,0,0,0,BYPASS_VISIBLE,1,0,1,1,1
1787562571164910592,1787562571182765824,joint_v2_000008_af4e508d,3452,572,0.03333333333333333,19.066666666666666,17.855167388916016,frame_id_exact,1,,1.7045179605484009,23.4066104888916,1.9815499782562256,-0.05094035455886446,0.0110733993399358,-0.19650362494519316,0.979116328884303,0.21788029372692108,0.4733525216579437,0.00407865596935153,0.5175100209096274,-0.018313771558912038,0.05830138607601725,-0.3962141010794842,-0.0260185357183218,depth/003452.png,1.0,0.001664363566355083,0.10410499211700647,-0.9945649202089509,0.5175100209096274,-0.018313771558912038,0.05830138607601725,-0.0260185357183218,0.9998410576405048,-0.007311605318557212,0.016260377731851034,1.1345113130176292,0.22690226260352583,0.5,0.0,0.018450021743774414,-0.01579404741530066,0.5,0.0,0.018450021743774414,-0.01579404741530066,goal_capture,TERMINAL_SETTLING,NONE,DIRECT_LOCAL,PASS_THROUGH,0,6,0,0,0,0,1,0.5,1.1345113130176292,inf,0.0,0,0,0,CLEAR,none,nan,0.0,0.0,0,0,0,0,0.41898325310332374,0,0,1,1,0.0,0.5,"1.705,23.407;1.755,23.516;1.803,23.625;1.849,23.736;1.893,23.848;1.940,23.959;1.987,24.069;2.034,24.179;2.081,24.289;2.129,24.400;2.150,24.450",2.1500000000000004,24.450000000000003,2.0,2.1500000000000004,24.450000000000003,2.0,2.1500000000000004,24.450000000000003,2.0,0.5804214300411845,0.0,0.0,0,0,9,1,,,0,1,PASS_THROUGH,-1,0.9998339535634806,-0.00790176903585818,0.016420333362134578,0.23345136437993513,0,0.9998410576405048,-0.007311605318557212,0.016260377731851034,1.134661325095436,0.2269322650190872,0,0,0,BYPASS_VISIBLE,1,0,1,1,1
1787562571210285568,1787562571227944448,joint_v2_000008_af4e508d,3453,573,0.03333333333333333,19.1,17.658710479736328,frame_id_exact,1,,1.7119812965393066,23.422897338867188,1.9815456867218018,-0.04510403340636325,0.0038276491444725093,-0.19668944240800043,0.9794203584354035,0.22905626893043518,0.5033463835716248,-0.004236416891217232,0.5509058720616099,-0.01717852727303506,0.04527606153154074,-0.3959109290818721,-0.02689911425113678,depth/003453.png,1.0,-0.010245219368010363,0.08985733348340492,-0.995901950545009,0.5509058720616099,-0.01717852727303506,0.04527606153154074,-0.02689911425113678,0.9998375653088205,-0.007195070604453148,0.016524949510579316,1.116602105088244,0.2233204210176488,0.5,0.0,0.018454313278198242,-0.014462356262285314,0.5,0.0,0.018454313278198242,-0.014462356262285314,goal_capture,TERMINAL_SETTLING,NONE,DIRECT_LOCAL,PASS_THROUGH,0,6,0,0,0,0,1,0.5,1.116602105088244,inf,0.0,0,0,0,CLEAR,none,nan,0.0,0.0,0,0,0,0,0.0,0,0,1,1,0.0,0.5,"1.705,23.407;1.755,23.516;1.803,23.625;1.849,23.736;1.893,23.848;1.940,23.959;1.987,24.069;2.034,24.179;2.081,24.289;2.129,24.400;2.150,24.450",2.1500000000000004,24.450000000000003,2.0,2.1500000000000004,24.450000000000003,2.0,2.1500000000000004,24.450000000000003,2.0,0.5804214300411845,0.0,0.0,0,0,9,1,,,0,1,PASS_THROUGH,-1,0.9998339535634806,-0.00790176903585818,0.016420333362134578,0.23345136437993513,0,0.9998375653088205,-0.007195070604453148,0.016524949510579316,1.1167545937967158,0.22335091875934315,0,0,0,BYPASS_VISIBLE,1,0,1,1,1
1787562571253398528,1787562571269000704,joint_v2_000008_af4e508d,3454,574,0.03333333333333333,19.133333333333333,15.602350234985352,frame_id_exact,1,,1.7197157144546509,23.440093994140625,1.9812899827957153,-0.02698827790973466,-0.004604990070376301,-0.19694130793098882,0.9800329321774601,0.23375974595546722,0.5270024538040161,-0.010525376535952091,0.5761854913892949,-0.012108381089321411,0.018699072589699092,-0.39612240256871,-0.027019940316677094,depth/003454.png,1.0,-0.019656297343334263,0.05108497673365662,-0.9985008538438374,0.5761854913892949,-0.012108381089321411,0.018699072589699092,-0.027019940316677094,0.9998326827740018,-0.006647845416761363,0.017041496655434057,1.097749838104344,0.2195499676208688,0.5,0.0,0.018710017204284668,-0.012671709152683452,0.5,0.0,0.018710017204284668,-0.012671709152683452,goal_capture,TERMINAL_SETTLING,NONE,DIRECT_LOCAL,PASS_THROUGH,0,6,0,0,0,0,1,0.5,1.097749838104344,inf,0.0,0,0,0,CLEAR,none,nan,0.0,0.0,0,0,0,0,0.0,0,0,1,1,0.0,0.5,"1.705,23.407;1.755,23.516;1.803,23.625;1.849,23.736;1.893,23.848;1.940,23.959;1.987,24.069;2.034,24.179;2.081,24.289;2.129,24.400;2.150,24.450",2.1500000000000004,24.450000000000003,2.0,2.1500000000000004,24.450000000000003,2.0,2.1500000000000004,24.450000000000003,2.0,0.5804214300411845,0.0,0.0,0,0,9,1,,,0,1,PASS_THROUGH,-1,0.9998339535634806,-0.00790176903585818,0.016420333362134578,0.23345136437993513,0,0.9998326827740018,-0.006647845416761363,0.017041496655434057,1.0979092730284676,0.21958185460569352,0,0,0,BYPASS_VISIBLE,1,0,1,1,1
1787562571294042368,1787562571310646016,joint_v2_000008_af4e508d,3455,575,0.03333333333333333,19.166666666666668,16.603708267211914,frame_id_exact,1,,1.727475881576538,23.457883834838867,1.980893611907959,-0.0017359552100668606,-0.012141729484211867,-0.19710931855807937,0.9803047900536906,0.23049376904964447,0.5380068421363831,-0.01253832783550024,0.5852659378834939,-0.004315983843395828,-0.01345747591497743,-0.39686422063779697,-0.02607690915465355,depth/003455.png,1.0,-0.024489537042825294,-0.0013829656340046746,-0.9996991297292818,0.5852659378834939,-0.004315983843395828,-0.01345747591497743,-0.02607690915465355,0.9998265219623802,-0.005752062476484785,0.017715523076577172,1.078341836257669,0.21566836725153382,0.5666666666,0.0,0.019106388092041016,-0.013835857053706713,0.5666666666,0.0,0.019106388092041016,-0.013835857053706713,goal_capture,TERMINAL_SETTLING,NONE,DIRECT_LOCAL,PASS_THROUGH,0,6,0,0,0,0,1,0.5666666666,1.078341836257669,inf,0.0,0,0,0,CLEAR,none,nan,0.0,0.0,0,0,0,0,0.32962244973461635,0,0,1,1,0.0,0.6,"1.727,23.458;1.754,23.521;1.789,23.602;1.832,23.702;1.882,23.820;1.940,23.957;2.001,24.101;2.053,24.224;2.096,24.324;2.129,24.401;2.150,24.450",2.1500000000000004,24.450000000000003,2.0,2.1500000000000004,24.450000000000003,2.0,2.1500000000000004,24.450000000000003,2.0,0.5804214300411845,0.0,0.0,0,0,9,1,,,0,1,PASS_THROUGH,-1,0.9998339535634806,-0.00790176903585818,0.016420333362134578,0.23345136437993513,0,0.9998265219623802,-0.005752062476484785,0.017715523076577172,1.0785110893678773,0.21570221787357546,0,0,0,BYPASS_VISIBLE,1,0,1,1,1
1787562571338237184,1787562571356024832,joint_v2_000008_af4e508d,3456,576,0.03333333333333333,19.2,17.787456512451172,frame_id_exact,1,,1.7349982261657715,23.475784301757812,1.9804834127426147,0.022966582842868562,-0.01672372662629049,-0.19714358314438327,0.9799628873917852,0.2197771519422531,0.5333154797554016,-0.011751262471079826,0.5754413430784109,0.004183819012769456,-0.04141552808826335,-0.3976621098381846,-0.024531889706850052,depth/003456.png,1.0,-0.023721833996850163,-0.051606748453708294,-0.9983857060805015,0.5754413430784109,0.004183819012769456,-0.04141552808826335,-0.024531889706850052,0.9998174868200064,-0.005042101957646156,0.018427432180715603,1.0589252565630283,0.21178505131260567,0.6,0.0,0.019516587257385254,-0.012223527206861595,0.6,0.0,0.019516587257385254,-0.012223527206861595,goal_capture,TERMINAL_SETTLING,NONE,DIRECT_LOCAL,PASS_THROUGH,0,6,0,0,0,0,1,0.6,1.0589252565630283,inf,0.0,0,0,0,CLEAR,none,nan,0.0,0.0,0,0,0,0,0.0,0,0,1,1,0.0,0.6,"1.727,23.458;1.754,23.521;1.789,23.602;1.832,23.702;1.882,23.820;1.940,23.957;2.001,24.101;2.053,24.224;2.096,24.324;2.129,24.401;2.150,24.450",2.1500000000000004,24.450000000000003,2.0,2.1500000000000004,24.450000000000003,2.0,2.1500000000000004,24.450000000000003,2.0,0.5804214300411845,0.0,0.0,0,0,9,1,,,1,1,PASS_THROUGH,-1,0.9999872842052002,-0.005042958249659088,0.0,0.21178505131260567,0,0.9998174868200064,-0.005042101957646156,0.018427432180715603,1.0591050921250686,0.21182101842501372,0,0,0,BYPASS_VISIBLE,1,0,1,1,1
1787562571384852480,1787562571400939008,joint_v2_000008_af4e508d,3457,577,0.03333333333333333,19.233333333333334,16.086578369140625,frame_id_exact,1,,1.7420780658721924,23.493295669555664,1.9801565408706665,0.03697185190072474,-0.016454323550448322,-0.19720629696554537,0.9795264232478189,0.2046797126531601,0.515612781047821,-0.0073424577713012695,0.5523454485376094,0.011308779349684514,-0.05090042659132746,-0.39804253174393023,-0.023738261312246323,depth/003457.png,1.0,-0.017652725378065025,-0.0789196041392437,-0.9967246748070561,0.5523454485376094,0.011308779349684514,-0.05090042659132746,-0.023738261312246323,0.9998055456789039,-0.0049975480063001445,0.019076041089119623,1.0400401339532634,0.2080080267906527,0.6,0.0,0.019843459129333496,-0.01251295749777337,0.6,0.0,0.019843459129333496,-0.01251295749777337,goal_capture,TERMINAL_SETTLING,NONE,DIRECT_LOCAL,PASS_THROUGH,0,6,0,0,0,0,1,0.6,1.0400401339532634,inf,0.0,0,0,0,CLEAR,none,nan,0.0,0.0,0,0,0,0,0.0,0,0,1,1,0.0,0.6,"1.727,23.458;1.754,23.521;1.789,23.602;1.832,23.702;1.882,23.820;1.940,23.957;2.001,24.101;2.053,24.224;2.096,24.324;2.129,24.401;2.150,24.450",2.1500000000000004,24.450000000000003,2.0,2.1500000000000004,24.450000000000003,2.0,2.1500000000000004,24.450000000000003,2.0,0.5804214300411845,0.0,0.0,0,0,9,1,,,0,1,PASS_THROUGH,-1,0.9998174868200064,-0.005042101957646156,0.018427432180715603,0.21178505131260567,0,0.9998055456789039,-0.0049975480063001445,0.019076041089119623,1.040229418495622,0.2080458836991244,0,0,0,BYPASS_VISIBLE,1,0,1,1,1
1787562571431935488,1787562571447633408,joint_v2_000008_af4e508d,3458,578,0.03333333333333333,19.266666666666666,15.697956085205078,frame_id_exact,1,,1.7486509084701538,23.510103225708008,1.9800152778625488,0.036300207573266,-0.011283272940306609,-0.1974258019924798,0.9795805405322824,0.19024789333343506,0.49273088574409485,-0.001108844531700015,0.5263681843803082,0.015626222501202405,-0.040884861045215666,-0.39804814776098474,-0.02393339015543461,depth/003458.png,1.0,-0.007772554026386588,-0.07557317233078807,-0.9971099653637847,0.5263681843803082,0.015626222501202405,-0.040884861045215666,-0.02393339015543461,0.9997935939690614,-0.005526063045382099,0.01955075665149815,1.0220014870812717,0.20440029741625435,0.6,0.0,0.019984722137451172,-0.015594054162286763,0.6,0.0,0.019984722137451172,-0.015594054162286763,goal_capture,TERMINAL_SETTLING,NONE,DIRECT_LOCAL,PASS_THROUGH,0,6,0,0,0,0,1,0.6,1.0220014870812717,inf,0.0,0,0,0,CLEAR,none,nan,0.0,0.0,0,0,0,0,0.3166822307589138,0,0,1,1,0.0,0.6,"1.749,23.510;1.771,23.569;1.802,23.646;1.841,23.741;1.892,23.852;1.951,23.983;2.011,24.123;2.061,24.242;2.102,24.339;2.134,24.412;2.150,24.450",2.1500000000000004,24.450000000000003,2.0,2.1500000000000004,24.450000000000003,2.0,2.1500000000000004,24.450000000000003,2.0,0.5804214300411845,0.0,0.0,0,0,9,1,,,0,1,PASS_THROUGH,-1,0.9998174868200064,-0.005042101957646156,0.018427432180715603,0.21178505131260567,0,0.9997935939690614,-0.005526063045382099,0.01955075665149815,1.0221968639725136,0.20443937279450272,0,0,0,BYPASS_VISIBLE,1,0,1,1,1
1787562571478796288,1787562571495461376,joint_v2_000008_af4e508d,3459,579,0.03333333333333333,19.3,16.665220260620117,frame_id_exact,1,,1.754822015762329,23.52618408203125,1.9800761938095093,0.02298151878583571,-0.0027597659871085225,-0.19774682202250687,0.979979809927731,0.1812445968389511,0.4734625220298767,0.004590561147779226,0.5063688396495863,0.016512430873923522,-0.01885138616712994,-0.39814082706441234,-0.024673733860254288,depth/003459.png,1.0,0.0036800147153158505,-0.04613431873014075,-0.9989284669719853,0.5063688396495863,0.016512430873923522,-0.01885138616712994,-0.024673733860254288,0.9997850405835506,-0.006069946118240317,0.019824943366121138,1.0047892761761537,0.20095785523523074,0.6,0.0,0.019923806190490723,-0.01815991399147232,0.6,0.0,0.019923806190490723,-0.01815991399147232,goal_capture,TERMINAL_SETTLING,NONE,DIRECT_LOCAL,PASS_THROUGH,0,6,0,0,0,0,1,0.6,1.0047892761761537,inf,0.0,0,0,0,CLEAR,none,nan,0.0,0.0,0,0,0,0,0.0,0,0,1,1,0.0,0.6,"1.749,23.510;1.771,23.569;1.802,23.646;1.841,23.741;1.892,23.852;1.951,23.983;2.011,24.123;2.061,24.242;2.102,24.339;2.134,24.412;2.150,24.450",2.1500000000000004,24.450000000000003,2.0,2.1500000000000004,24.450000000000003,2.0,2.1500000000000004,24.450000000000003,2.0,0.5804214300411845,0.0,0.0,0,0,9,1,,,0,1,PASS_THROUGH,-1,0.9998174868200064,-0.005042101957646156,0.018427432180715603,0.21178505131260567,0,0.9997850405835506,-0.006069946118240317,0.019824943366121138,1.0049867897498528,0.20099735794997056,0,0,0,BYPASS_VISIBLE,1,0,1,1,1
1787562571520496640,1787562571536145152,joint_v2_000008_af4e508d,3460,580,0.03333333333333333,19.333333333333332,15.648603439331055,frame_id_exact,1,,1.7608271837234497,23.541780471801758,1.9803011417388916,0.001559735197453797,0.006911186082033009,-0.19803593298344405,0.980169154779128,0.18058855831623077,0.4644676744937897,0.008553832769393921,0.4981484720185918,0.014019026007334954,0.008196513575802651,-0.3987153969865608,-0.025408778339624405,depth/003460.png,1.0,0.014166030071164893,-0.00032028229277988917,-0.9998996054661067,0.4981484720185918,0.014019026007334954,0.008196513575802651,-0.025408778339624405,0.999782626981249,-0.006115485805249009,0.019932376171401468,0.9880881500803785,0.1976176300160757,0.6,0.0,0.0196988582611084,-0.018945580329155498,0.6,0.0,0.0196988582611084,-0.018945580329155498,goal_capture,TERMINAL_SETTLING,NONE,DIRECT_LOCAL,PASS_THROUGH,0,6,0,0,0,0,1,0.6,0.9880881500803785,inf,0.0,0,0,0,CLEAR,none,nan,0.0,0.0,0,0,0,0,0.0,0,0,1,1,0.0,0.6,"1.749,23.510;1.771,23.569;1.802,23.646;1.841,23.741;1.892,23.852;1.951,23.983;2.011,24.123;2.061,24.242;2.102,24.339;2.134,24.412;2.150,24.450",2.1500000000000004,24.450000000000003,2.0,2.1500000000000004,24.450000000000003,2.0,2.1500000000000004,24.450000000000003,2.0,0.5804214300411845,0.0,0.0,0,0,9,1,,,0,1,PASS_THROUGH,-1,0.9998174868200064,-0.005042101957646156,0.018427432180715603,0.21178505131260567,0,0.999782626981249,-0.006115485805249009,0.019932376171401468,0.9882844921104732,0.19765689842209463,0,0,0,BYPASS_VISIBLE,1,0,1,1,1
1787562571561220608,1787562571578867200,joint_v2_000008_af4e508d,3461,581,0.03333333333333333,19.366666666666667,17.64655113220215,frame_id_exact,1,,1.7669615745544434,23.55730438232422,1.9806106090545654,-0.02220927162525308,0.01540076352152329,-0.19820537898205182,0.9797878303384928,0.18890994787216187,0.4691343605518341,0.009432551451027393,0.5045863231588951,0.008756057829198206,0.03433603958811037,-0.39973194164082565,-0.025803739205002785,depth/003461.png,1.0,0.021374967153821783,0.0496257764590029,-0.9985391294736596,0.5045863231588951,0.008756057829198206,0.03433603958811037,-0.025803739205002785,0.9997852341053518,-0.005588836345992724,0.019956216405038536,0.9714030580481827,0.19428061160963656,0.5333333334,0.0,0.01938939094543457,-0.015598038946393888,0.5333333334,0.0,0.01938939094543457,-0.015598038946393888,goal_capture,TERMINAL_SETTLING,NONE,DIRECT_LOCAL,PASS_THROUGH,0,6,0,0,0,0,1,0.5333333334,0.9714030580481828,inf,0.0,0,0,0,CLEAR,none,nan,0.0,0.0,0,0,0,0,0.32028218533509517,0,0,1,1,0.0,0.5,"1.767,23.557;1.812,23.669;1.858,23.779;1.907,23.889;1.956,23.998;2.004,24.108;2.051,24.219;2.098,24.329;2.145,24.439;2.150,24.450",2.1500000000000004,24.450000000000003,2.0,2.1500000000000004,24.450000000000003,2.0,2.1500000000000004,24.450000000000003,2.0,0.5804214300411845,0.0,0.0,0,0,9,1,,,0,1,PASS_THROUGH,-1,0.9998174868200064,-0.005042101957646156,0.018427432180715603,0.21178505131260567,0,0.9997852341053518,-0.005588836345992724,0.019956216405038536,0.9715965467551828,0.19431930935103656,0,0,0,BYPASS_VISIBLE,1,0,1,1,1
1787562571605296384,1787562571620967680,joint_v2_000008_af4e508d,3462,582,0.03333333333333333,19.4,15.671253204345703,frame_id_exact,1,,1.7735018730163574,23.57320785522461,1.980861783027649,-0.04098172851723726,0.020434191504977477,-0.19830980021937372,0.9790690296818859,0.20444437861442566,0.4868977665901184,0.004771167878061533,0.5255915012472552,0.0018066247621206315,0.05138105705442668,-0.40074339061896286,-0.0255721565335989,depth/003462.png,1.0,0.02375881130842841,0.08835248321810893,-0.9958058834905548,0.5255915012472552,0.0018066247621206315,0.05138105705442668,-0.0255721565335989,0.9997871597821206,-0.004850638478469912,0.020052591881148336,0.9542092562755957,0.19084185125511915,0.5,0.0,0.019138216972351074,-0.014235301166525272,0.5,0.0,0.019138216972351074,-0.014235301166525272,goal_capture,TERMINAL_SETTLING,NONE,DIRECT_LOCAL,PASS_THROUGH,0,6,0,0,0,0,1,0.5,0.9542092562755958,inf,0.0,0,0,0,CLEAR,none,nan,0.0,0.0,0,0,0,0,0.0,0,0,1,1,0.0,0.5,"1.767,23.557;1.812,23.669;1.858,23.779;1.907,23.889;1.956,23.998;2.004,24.108;2.051,24.219;2.098,24.329;2.145,24.439;2.150,24.450",2.1500000000000004,24.450000000000003,2.0,2.1500000000000004,24.450000000000003,2.0,2.1500000000000004,24.450000000000003,2.0,0.5804214300411845,0.0,0.0,0,0,9,1,,,1,1,PASS_THROUGH,-1,0.9999882308514967,-0.004851614009168087,0.0,0.19084185125511915,0,0.9997871597821206,-0.004850638478469912,0.020052591881148336,0.9544011609962063,0.19088023219924127,0,0,0,CORRIDOR_CLEAR,1,0,0,0,1
1787562571648409344,1787562571665004800,joint_v2_000008_af4e508d,3463,583,0.03333333333333333,19.433333333333334,16.59536361694336,frame_id_exact,1,,1.780626893043518,23.58985137939453,1.9808986186981201,-0.04583777974261123,0.020005272348828994,-0.19856672991823984,0.9788104723571841,0.22314950823783875,0.5122824907302856,-0.00263612880371511,0.5563230161150066,-0.005355986511858885,0.052077035820707586,-0.40132476899167746,-0.02559962123632431,depth/003463.png,1.0,0.02095902409437714,0.09767776070620124,-0.9949973740530341,0.5563230161150066,-0.005355986511858885,0.052077035820707586,-0.02559962123632431,0.9997826722967081,-0.004290724534947297,0.020400927876402238,0.9361047706705593,0.18722095413411186,0.5,0.0,0.019101381301879883,-0.012400059557028387,0.5,0.0,0.019101381301879883,-0.012400059557028387,goal_capture,TERMINAL_SETTLING,NONE,DIRECT_LOCAL,PASS_THROUGH,0,6,0,0,0,0,1,0.5,0.9361047706705593,inf,0.0,0,0,0,CLEAR,none,nan,0.0,0.0,0,0,0,0,0.0,0,0,1,1,0.0,0.5,"1.767,23.557;1.812,23.669;1.858,23.779;1.907,23.889;1.956,23.998;2.004,24.108;2.051,24.219;2.098,24.329;2.145,24.439;2.150,24.450",2.1500000000000004,24.450000000000003,2.0,2.1500000000000004,24.450000000000003,2.0,2.1500000000000004,24.450000000000003,2.0,0.5804214300411845,0.0,0.0,0,0,9,1,,,0,1,PASS_THROUGH,-1,0.9997871597821206,-0.004850638478469912,0.020052591881148336,0.19084185125511915,0,0.9997826722967081,-0.004290724534947297,0.020400927876402238,0.9362996338992237,0.18725992677984474,0,0,0,CORRIDOR_CLEAR,1,0,0,0,1
1787562571690680064,1787562571706265088,joint_v2_000008_af4e508d,3464,584,0.03333333333333333,19.466666666666665,15.584945678710938,frame_id_exact,1,,1.7883532047271729,23.607343673706055,1.9806859493255615,-0.034794027818588924,0.014107408210980757,-0.19904466200150722,0.9792709426866671,0.2396049052476883,0.5363717675209045,-0.00987972505390644,0.5864727439883158,-0.011035671810313464,0.03362628563942481,-0.4015615172832558,-0.026174413040280342,depth/003464.png,1.0,0.013778818861621366,0.07376156944169529,-0.997180713323456,0.5864727439883158,-0.011035671810313464,0.03362628563942481,-0.026174413040280342,0.9997708866519196,-0.0038389763872975122,0.021057931131337547,0.9169831453054735,0.18339662906109472,0.5666666666,0.0,0.019314050674438477,-0.00881581076207616,0.5666666666,0.0,0.019314050674438477,-0.00881581076207616,goal_capture,TERMINAL_SETTLING,NONE,DIRECT_LOCAL,PASS_THROUGH,0,6,0,0,0,0,1,0.5666666666,0.9169831453054735,inf,0.0,0,0,0,CLEAR,none,nan,0.0,0.0,0,0,0,0,0.2200064700186787,0,0,1,1,0.0,0.6,"1.788,23.607;1.816,23.670;1.852,23.751;1.895,23.851;1.944,23.970;2.003,24.107;2.055,24.228;2.098,24.328;2.130,24.404;2.150,24.450",2.1500000000000004,24.450000000000003,2.0,2.1500000000000004,24.450000000000003,2.0,2.1500000000000004,24.450000000000003,2.0,0.5804214300411845,0.0,0.0,0,0,9,1,,,0,1,PASS_THROUGH,-1,0.9997871597821206,-0.004850638478469912,0.020052591881148336,0.19084185125511915,0,0.9997708866519196,-0.0038389763872975122,0.021057931131337547,0.9171865248289325,0.1834373049657865,0,0,0,CORRIDOR_CLEAR,1,0,0,0,1
1787562571739663360,1787562571755331840,joint_v2_000008_af4e508d,3465,585,0.03333333333333333,19.5,15.668392181396484,frame_id_exact,1,,1.7965220212936401,23.625503540039062,1.9802498817443848,-0.01359248185390237,0.004755918256112996,-0.19956848466635274,0.9797780593616945,0.24909871816635132,0.5510604977607727,-0.015821022912859917,0.6047952367427775,-0.013734986485705132,0.0014900033437341038,-0.40193286569071585,-0.02627062425017357,depth/003465.png,1.0,0.0038942267060381053,0.028533493784590053,-0.999585251357185,0.6047952367427775,-0.013734986485705132,0.0014900033437341038,-0.02627062425017357,0.9997529771281344,-0.0030835318390175885,0.02201082812685145,0.8970736279249638,0.17941472558499277,0.6,0.0,0.019750118255615234,-0.006375107565592675,0.6,0.0,0.019750118255615234,-0.006375107565592675,goal_capture,TERMINAL_SETTLING,NONE,DIRECT_LOCAL,PASS_THROUGH,0,6,0,0,0,0,1,0.6,0.8970736279249638,inf,0.0,0,0,0,CLEAR,none,nan,0.0,0.0,0,0,0,0,0.0,0,0,1,1,0.0,0.6,"1.788,23.607;1.816,23.670;1.852,23.751;1.895,23.851;1.944,23.970;2.003,24.107;2.055,24.228;2.098,24.328;2.130,24.404;2.150,24.450",2.1500000000000004,24.450000000000003,2.0,2.1500000000000004,24.450000000000003,2.0,2.1500000000000004,24.450000000000003,2.0,0.5804214300411845,0.0,0.0,0,0,9,1,,,0,1,PASS_THROUGH,-1,0.9997871597821206,-0.004850638478469912,0.020052591881148336,0.19084185125511915,0,0.9997529771281344,-0.0030835318390175885,0.02201082812685145,0.8972910124867892,0.17945820249735783,0,0,0,CORRIDOR_CLEAR,1,0,0,0,1
1787562571781345024,1787562571797109248,joint_v2_000008_af4e508d,3466,586,0.03333333333333333,19.533333333333335,15.764236450195312,frame_id_exact,1,,1.8048601150512695,23.643945693969727,1.9797003269195557,0.007071597009486029,-0.004748636159387645,-0.1999744172904035,0.9797640917076543,0.2497146874666214,0.5533328056335449,-0.016173342242836952,0.6066026373137853,-0.012762940071538767,-0.025817507448189888,-0.40272946045953284,-0.024927789345383644,depth/003466.png,1.0,-0.006476809404536064,-0.015756205139638657,-0.9998548859407224,0.6066026373137853,-0.012762940071538767,-0.025817507448189888,-0.024927789345383644,0.9997304397018516,-0.001834820753020592,0.023144791343778743,0.8768381175863498,0.17536762351726995,0.6,0.0,0.020299673080444336,-0.003377924753215633,0.6,0.0,0.020299673080444336,-0.003377924753215633,goal_capture,TERMINAL_SETTLING,NONE,DIRECT_LOCAL,PASS_THROUGH,0,6,0,0,0,0,1,0.6,0.8768381175863498,inf,0.0,0,0,0,CLEAR,none,nan,0.0,0.0,0,0,0,0,0.0,0,0,1,1,0.0,0.6,"1.788,23.607;1.816,23.670;1.852,23.751;1.895,23.851;1.944,23.970;2.003,24.107;2.055,24.228;2.098,24.328;2.130,24.404;2.150,24.450",2.1500000000000004,24.450000000000003,2.0,2.1500000000000004,24.450000000000003,2.0,2.1500000000000004,24.450000000000003,2.0,0.5804214300411845,0.0,0.0,0,0,9,1,,,0,1,PASS_THROUGH,-1,0.9997871597821206,-0.004850638478469912,0.020052591881148336,0.19084185125511915,0,0.9997304397018516,-0.001834820753020592,0.023144791343778743,0.8770730649036865,0.1754146129807373,0,0,0,CORRIDOR_CLEAR,1,0,0,0,1
1787562571822104064,1787562571836636160,joint_v2_000008_af4e508d,3467,587,0.03333333333333333,19.566666666666666,14.532089233398438,frame_id_exact,1,,1.8130810260772705,23.662281036376953,1.979231357574463,0.02082180840347369,-0.011906851618846958,-0.20030117741468215,0.9794407166876553,0.24242141842842102,0.5452527403831482,-0.011515118181705475,0.5955014447734835,-0.008518846932284094,-0.038816896766190954,-0.40378983358023574,-0.022609680891036987,depth/003467.png,1.0,-0.01498284508787666,-0.045557366687976546,-0.9988493583586716,0.5955014447734835,-0.008518846932284094,-0.038816896766190954,-0.022609680891036987,0.9997062383054045,-0.0003778225633267842,0.02423415654336399,0.8567470809057458,0.17134941618114916,0.6,0.0,0.02076864242553711,-1.2768742124746879e-05,0.6,0.0,0.02076864242553711,-1.2768742124746879e-05,goal_capture,TERMINAL_SETTLING,NONE,DIRECT_LOCAL,PASS_THROUGH,0,6,0,0,0,0,1,0.6,0.8567470809057458,inf,0.0,0,0,0,CLEAR,none,nan,0.0,0.0,0,0,0,0,0.021653998368031405,0,0,1,1,0.0,0.6,"1.813,23.662;1.841,23.726;1.877,23.808;1.920,23.909;1.970,24.029;2.027,24.163;2.075,24.275;2.113,24.364;2.141,24.429;2.150,24.450",2.1500000000000004,24.450000000000003,2.0,2.1500000000000004,24.450000000000003,2.0,2.1500000000000004,24.450000000000003,2.0,0.5804214300411845,0.0,0.0,0,0,9,1,,,0,1,PASS_THROUGH,-1,0.9997871597821206,-0.004850638478469912,0.020052591881148336,0.19084185125511915,0,0.9997062383054045,-0.0003778225633267842,0.02423415654336399,0.856998773131395,0.17139975462627902,0,0,0,CORRIDOR_CLEAR,1,0,0,0,1
1787562571866734848,1787562571881608192,joint_v2_000008_af4e508d,3468,588,0.03333333333333333,19.6,14.873504638671875,frame_id_exact,1,,1.8209658861160278,23.680234909057617,1.978952169418335,0.025989477378073663,-0.015401871167227622,-0.20062741955844876,0.9792016993201559,0.2301563322544098,0.5314578413963318,-0.005191259551793337,0.5779061161314604,-0.002176215433628957,-0.03828979835964632,-0.4047475087611021,-0.019936488941311836,depth/003468.png,1.0,-0.019734673275247604,-0.05707795616341006,-0.9981746588603254,0.5779061161314604,-0.002176215433628957,-0.03828979835964632,-0.019936488941311836,0.9996837507743211,0.0008054347149346137,0.02513463173999062,0.8371390227034876,0.16742780454069753,0.6,0.0,0.02104783058166504,0.0032276912889533937,0.6,0.0,0.02104783058166504,0.0032276912889533937,goal_capture,TERMINAL_SETTLING,NONE,DIRECT_LOCAL,PASS_THROUGH,0,6,0,0,0,0,1,0.6,0.8371390227034876,inf,0.0,0,0,0,CLEAR,none,nan,0.0,0.0,0,0,0,0,0.0,0,0,1,1,0.0,0.6,"1.813,23.662;1.841,23.726;1.877,23.808;1.920,23.909;1.970,24.029;2.027,24.163;2.075,24.275;2.113,24.364;2.141,24.429;2.150,24.450",2.1500000000000004,24.450000000000003,2.0,2.1500000000000004,24.450000000000003,2.0,2.1500000000000004,24.450000000000003,2.0,0.5804214300411845,0.0,0.0,0,0,9,1,,,1,1,PASS_THROUGH,-1,0.9999996754323619,0.000805689252118709,0.0,0.16742780454069753,0,0.9996837507743211,0.0008054347149346137,0.02513463173999062,0.837403579228764,0.1674807158457528,0,0,0,CORRIDOR_CLEAR,1,0,0,0,1
1787562571911389952,1787562571930488064,joint_v2_000008_af4e508d,3469,589,0.03333333333333333,19.633333333333333,19.09804344177246,frame_id_exact,1,,1.8284112215042114,23.69770622253418,1.978883981704712,0.022761179583974823,-0.014747509170253258,-0.2009829609290484,0.9792192242258176,0.2166976034641266,0.517096221446991,0.0009781098924577236,0.559983972889414,0.004766803640365071,-0.02724954992023316,-0.4053722690000113,-0.01738012209534645,depth/003469.png,1.0,-0.019732870443866922,-0.05050436534810027,-0.9985288793544387,0.559983972889414,0.004766803640365071,-0.02724954992023316,-0.01738012209534645,0.9996661133139306,0.00140443200867923,0.025800958558792456,0.8181474623001719,0.1636294924600344,0.6,0.0,0.021116018295288086,0.003504444886148761,0.6,0.0,0.021116018295288086,0.003504444886148761,goal_capture,TERMINAL_SETTLING,NONE,DIRECT_LOCAL,PASS_THROUGH,0,6,0,0,0,0,1,0.6,0.8181474623001719,inf,0.0,0,0,0,CLEAR,none,nan,0.0,0.0,0,0,0,0,0.08049484992797577,0,0,1,1,0.0,0.6,"1.828,23.698;1.854,23.759;1.887,23.838;1.929,23.935;1.979,24.051;2.035,24.181;2.082,24.290;2.118,24.376;2.145,24.437;2.150,24.450",2.1500000000000004,24.450000000000003,2.0,2.1500000000000004,24.450000000000003,2.0,2.1500000000000004,24.450000000000003,2.0,0.5804214300411845,0.0,0.0,0,0,9,1,,,0,1,PASS_THROUGH,-1,0.9996837507743211,0.0008054347149346137,0.02513463173999062,0.16742780454069753,0,0.9996661133139306,0.00140443200867923,0.025800958558792456,0.818419914406326,0.1636839828812652,0,0,0,CORRIDOR_CLEAR,1,0,0,0,1
1787562571960079104,1787562571975038976,joint_v2_000008_af4e508d,3470,590,0.03333333333333333,19.666666666666668,14.95981216430664,frame_id_exact,1,,1.8354408740997314,23.714750289916992,1.9790064096450806,0.012753523893698866,-0.01030983237727215,-0.20134242326828466,0.9793836243153652,0.20576678216457367,0.506727397441864,0.00615711510181427,0.5467545165798153,0.010845205327957448,-0.009613227757196792,-0.40573116723105224,-0.015192312188446522,depth/003470.png,1.0,-0.015058911187538795,-0.029132798176266395,-0.9994621099692909,0.5467545165798153,0.010845205327957448,-0.009613227757196792,-0.015192312188446522,0.9996545303851191,0.0014685921403770831,0.02624239161418665,0.7997121856419922,0.15994243712839845,0.5997115384774762,0.0008810360230770702,0.020993590354919434,0.0036727465319469355,0.5997115384774762,0.0008810360230770702,0.020993590354919434,0.0036727465319469355,goal_capture,TERMINAL_SETTLING,NONE,DIRECT_LOCAL,PASS_THROUGH,0,6,0,0,0,0,1,0.5997121856419922,0.7997121856419923,inf,0.0,0,0,0,CLEAR,none,nan,0.0,0.0,0,0,0,0,0.08417315020074775,0,0,0,1,0.0,0.5997121856419922,,2.1500000000000004,24.450000000000003,2.0,2.1500000000000004,24.450000000000003,2.0,2.1500000000000004,24.450000000000003,2.0,0.5804214300411845,0.0,0.0,0,0,9,1,,,0,1,PASS_THROUGH,-1,0.9996837507743211,0.0008054347149346137,0.02513463173999062,0.16742780454069753,0,0.9996545303851191,0.0014685921403770831,0.02624239161418665,0.7999876940930295,0.1599975388186059,0,0,0,CORRIDOR_CLEAR,1,0,0,0,1
1787562571999586048,1787562572017052416,joint_v2_000008_af4e508d,3471,591,0.03333333333333333,19.7,17.466306686401367,frame_id_exact,1,,1.8421900272369385,23.731565475463867,1.9792752265930176,-0.0012072326095988858,-0.003256874456098979,-0.20165458345200346,0.9794505420545759,0.20024512708187103,0.5034899115562439,0.009669004939496517,0.5416325577124411,0.014863811947401577,0.010340751217410687,-0.40609270403288567,-0.01320913340896368,depth/003471.png,1.0,-0.0068667828808963716,0.0010513219441149577,-0.999975870716407,0.5416325577124411,0.014863811947401577,0.010340751217410687,-0.01320913340896368,0.9996477843287089,0.0013069287849105282,0.02650658831035287,0.7815978156173802,0.15631956312347603,0.5815973185651285,0.0007603740925309176,0.020724773406982422,0.0032684713075187277,0.5815973185651285,0.0007603740925309176,0.020724773406982422,0.0032684713075187277,goal_capture,TERMINAL_SETTLING,NONE,DIRECT_LOCAL,PASS_THROUGH,0,6,0,0,0,0,1,0.5815978156173802,0.7815978156173802,inf,0.0,0,0,0,CLEAR,none,nan,0.0,0.0,0,0,0,0,0.07490784455217156,0,0,0,1,0.0,0.5815978156173802,,2.1500000000000004,24.450000000000003,2.0,2.1500000000000004,24.450000000000003,2.0,2.1500000000000004,24.450000000000003,2.0,0.5804214300411845,0.0,0.0,0,0,9,1,,,0,1,PASS_THROUGH,-1,0.9996837507743211,0.0008054347149346137,0.02513463173999062,0.16742780454069753,0,0.9996477843287089,0.0013069287849105282,0.02650658831035287,0.7818725353985974,0.15637450707971948,0,0,0,CORRIDOR_CLEAR,1,0,0,0,1
1787562572042310144,1787562572057890560,joint_v2_000008_af4e508d,3472,592,0.03333333333333333,19.733333333333334,15.580415725708008,frame_id_exact,1,,1.8488671779632568,23.748409271240234,1.9796210527420044,-0.015223552337567116,0.004600347112166997,-0.2018853326115671,0.9792800379549202,0.20154662430286407,0.5085079669952393,0.010657350532710552,0.5461477139211763,0.016059159954061073,0.027924028114350498,-0.40666251970178396,-0.011041226796805859,depth/003472.png,1.0,0.0028632323348187355,0.031673727035619874,-0.9994941605213459,0.5461477139211763,0.016059159954061073,0.027924028114350498,-0.011041226796805859,0.9996432059929659,0.0012272485452694386,0.026682476892389013,0.7634857740583488,0.15269715481166976,0.5634853494119121,0.0006917833995175485,0.020378947257995605,0.0030692148992184087,0.5634853494119121,0.0006917833995175485,0.020378947257995605,0.0030692148992184087,goal_capture,TERMINAL_SETTLING,NONE,DIRECT_LOCAL,PASS_THROUGH,0,6,0,0,0,0,1,0.5634857740583488,0.7634857740583488,inf,0.0,0,0,0,CLEAR,none,nan,0.0,0.0,0,0,0,0,0.07034122405755405,0,0,0,1,0.0,0.5634857740583488,,2.1500000000000004,24.450000000000003,2.0,2.1500000000000004,24.450000000000003,2.0,2.1500000000000004,24.450000000000003,2.0,0.5804214300411845,0.0,0.0,0,0,9,1,,,0,1,PASS_THROUGH,-1,0.9996837507743211,0.0008054347149346137,0.02513463173999062,0.16742780454069753,0,0.9996432059929659,0.0012272485452694386,0.026682476892389013,0.7637577028618567,0.15275154057237134,0,0,0,CORRIDOR_CLEAR,1,0,0,0,1
1787562572081911296,1787562572096777984,joint_v2_000008_af4e508d,3473,593,0.03333333333333333,19.766666666666666,14.86659049987793,frame_id_exact,1,,1.855697512626648,23.765541076660156,1.979956030845642,-0.02447886651342249,0.011160783661665208,-0.20205798349412993,0.9790039802312152,0.2091776728630066,0.5202801823616028,0.009101113304495811,0.5593389011377088,0.014186992925507418,0.038318665840279244,-0.40738085124679396,-0.008564604446291924,depth/003473.png,1.0,0.011960602442691246,0.05244006637815906,-0.9985524440045511,0.5593389011377088,0.014186992925507418,0.038318665840279244,-0.008564604446291924,0.9996374674974657,0.0013006320796259043,0.026893157706869498,0.7450489727619818,0.14900979455239635,0.5450485114137609,0.000709164674141154,0.02004396915435791,0.003252757594582323,0.5450485114137609,0.000709164674141154,0.02004396915435791,0.003252757594582323,goal_capture,TERMINAL_SETTLING,NONE,DIRECT_LOCAL,PASS_THROUGH,0,6,0,0,0,0,1,0.5450489727619818,0.7450489727619818,inf,0.0,0,0,0,CLEAR,none,nan,0.0,0.0,0,0,0,0,0.07454771277947711,0,0,0,1,0.0,0.5450489727619818,,2.1500000000000004,24.450000000000003,2.0,2.1500000000000004,24.450000000000003,2.0,2.1500000000000004,24.450000000000003,2.0,0.5804214300411845,0.0,0.0,0,0,9,1,,,0,1,PASS_THROUGH,-1,0.9996837507743211,0.0008054347149346137,0.02513463173999062,0.16742780454069753,0,0.9996374674974657,0.0013006320796259043,0.026893157706869498,0.7453185443239321,0.14906370886478643,0,0,0,CORRIDOR_CLEAR,1,0,0,0,1
1787562572122582784,1787562572138223360,joint_v2_000008_af4e508d,3474,594,0.03333333333333333,19.8,15.640735626220703,frame_id_exact,1,,1.8628579378128052,23.783126831054688,1.9802076816558838,-0.025610641775528204,0.014695685912332713,-0.20223972007993105,0.978890814884583,0.22086989879608154,0.5349121689796448,0.005853212438523769,0.5774106493986423,0.009597243334960105,0.038126574642334266,-0.40798573638268154,-0.006167743820697069,depth/003474.png,1.0,0.018411965868522086,0.0560841468053134,-0.9982562636868233,0.5774106493986423,0.009597243334960105,0.038126574642334266,-0.006167743820697069,0.9996276835888913,0.0013980049713112805,0.027249583204291248,0.7260650021425645,0.1452130004285129,0.5260644876848796,0.0007357146876658651,0.01979231834411621,0.0034963118839720364,0.5260644876848796,0.0007357146876658651,0.01979231834411621,0.0034963118839720364,goal_capture,TERMINAL_SETTLING,NONE,DIRECT_LOCAL,PASS_THROUGH,0,6,0,0,0,0,1,0.5260650021425646,0.7260650021425645,inf,0.0,0,0,0,CLEAR,none,nan,0.0,0.0,0,0,0,0,0.0801295659252125,0,0,0,1,0.0,0.5260650021425646,,2.1500000000000004,24.450000000000003,2.0,2.1500000000000004,24.450000000000003,2.0,2.1500000000000004,24.450000000000003,2.0,0.5804214300411845,0.0,0.0,0,0,9,1,,,1,1,PASS_THROUGH,-1,0.999999022064416,0.001398524297699823,0.0,0.1452130004285129,0,0.9996276835888913,0.0013980049713112805,0.027249583204291248,0.7263347184333935,0.1452669436866787,0,0,0,CORRIDOR_CLEAR,1,0,0,0,1
1787562572166078464,1787562572180639488,joint_v2_000008_af4e508d,3475,595,0.03333333333333333,19.833333333333332,14.560937881469727,frame_id_exact,1,,1.8704299926757812,23.801179885864258,1.9803439378738403,-0.017568671148875434,0.014261268160006989,-0.20247025125839813,0.9790269431327681,0.23324884474277496,0.5473189949989319,0.0024695945903658867,0.5943621750693955,0.0032787258954681577,0.026307024940123932,-0.4082837623184076,-0.004297160543501377,depth/003475.png,1.0,0.02081006502019868,0.04017536991481676,-0.9989759160490621,0.5943621750693955,0.0032787258954681577,0.026307024940123932,-0.004297160543501377,0.9996121588135238,0.0014343920194978905,0.02781140902041684,0.7064891573848711,0.14129783147697422,0.5064886359355014,0.0007267851345611219,0.019656062126159668,0.0035873689168947065,0.5064886359355014,0.0007267851345611219,0.019656062126159668,0.0035873689168947065,goal_capture,TERMINAL_SETTLING,NONE,DIRECT_LOCAL,PASS_THROUGH,0,6,0,0,0,0,1,0.5064891573848711,0.7064891573848711,inf,0.0,0,0,0,CLEAR,none,nan,0.0,0.0,0,0,0,0,0.08221643939779362,0,0,0,1,0.0,0.5064891573848711,,2.1500000000000004,24.450000000000003,2.0,2.1500000000000004,24.450000000000003,2.0,2.1500000000000004,24.450000000000003,2.0,0.5804214300411845,0.0,0.0,0,0,9,1,,,0,1,PASS_THROUGH,-1,0.9996276835888913,0.0013980049713112805,0.027249583204291248,0.1452130004285129,0,0.9996121588135238,0.0014343920194978905,0.02781140902041684,0.7067625416507956,0.1413525083301591,0,0,0,CORRIDOR_CLEAR,1,0,0,0,1
1787562572204924160,1787562572220575232,joint_v2_000008_af4e508d,3476,596,0.03333333333333333,19.866666666666667,15.651226043701172,frame_id_exact,1,,1.8783750534057617,23.819538116455078,1.9803905487060547,-0.0016489938687621823,0.009884511699119853,-0.20272313486113835,0.9791848180194399,0.24264679849147797,0.5525031685829163,0.000688361469656229,0.6034076287633353,-0.0032770247126914696,0.005117481126541849,-0.40836443778596787,-0.0030888717155903578,depth/003476.png,1.0,0.018688949165742864,0.007236977919032486,-0.9997991544953815,0.6034076287633353,-0.0032770247126914696,0.005117481126541849,-0.0030888717155903578,0.9995910506798706,0.0015613871694235624,0.02855334430184187,0.6864854683205881,0.13729709366411763,0.4864848748276226,0.0007599020030819651,0.019609451293945312,0.0039050617211761063,0.4864848748276226,0.0007599020030819651,0.019609451293945312,0.0039050617211761063,goal_capture,TERMINAL_SETTLING,NONE,DIRECT_LOCAL,PASS_THROUGH,0,6,0,0,0,0,1,0.4864854683205881,0.6864854683205881,inf,0.0,0,0,0,CLEAR,none,nan,0.0,0.0,0,0,0,0,0.08949742214459358,0,0,0,1,0.0,0.4864854683205881,,2.1500000000000004,24.450000000000003,2.0,2.1500000000000004,24.450000000000003,2.0,2.1500000000000004,24.450000000000003,2.0,0.5804214300411845,0.0,0.0,0,0,9,1,,,0,1,PASS_THROUGH,-1,0.9996276835888913,0.0013980049713112805,0.027249583204291248,0.1452130004285129,0,0.9995910506798706,0.0015613871694235624,0.02855334430184187,0.6867654831129669,0.13735309662259337,0,0,0,CORRIDOR_CLEAR,1,0,0,0,1
1787562572244904704,1787562572261871872,joint_v2_000008_af4e508d,3477,597,0.03333333333333333,19.9,16.967058181762695,frame_id_exact,1,,1.8865379095077515,23.837892532348633,1.9804203510284424,0.018963069869905747,0.0025081820136440744,-0.20293190211537154,0.9790060031010702,0.24589446187019348,0.5466815233230591,0.0014800262870267034,0.5990434837326449,-0.008452045281473607,-0.02006071601611057,-0.40855050739209997,-0.0022900959011167288,depth/003477.png,1.0,0.012607474173748688,-0.0361119381859648,-0.999268222008191,0.5990434837326449,-0.008452045281473607,-0.02006071601611057,-0.0022900959011167288,0.9995664465044332,0.002098797485164706,0.02936858988130504,0.6663991484696832,0.13327982969393665,0.46639812034911193,0.0009792997809174937,0.019579648971557617,0.005249261837816377,0.46639812034911193,0.0009792997809174937,0.019579648971557617,0.005249261837816377,goal_capture,TERMINAL_SETTLING,NONE,DIRECT_LOCAL,PASS_THROUGH,0,6,0,0,0,0,1,0.4663991484696832,0.6663991484696833,inf,0.0,0,0,0,CLEAR,none,nan,0.0,0.0,0,0,0,0,0.12030421954638577,0,0,0,1,0.0,0.4663991484696832,,2.1500000000000004,24.450000000000003,2.0,2.1500000000000004,24.450000000000003,2.0,2.1500000000000004,24.450000000000003,2.0,0.5804214300411845,0.0,0.0,0,0,9,1,,,0,1,PASS_THROUGH,-1,0.9996276835888913,0.0013980049713112805,0.027249583204291248,0.1452130004285129,0,0.9995664465044332,0.002098797485164706,0.02936858988130504,0.6666867238328422,0.13333734476656844,0,0,0,CORRIDOR_CLEAR,1,0,0,0,1
1787562572287663616,1787562572304548096,joint_v2_000008_af4e508d,3478,598,0.03333333333333333,19.933333333333334,16.884326934814453,frame_id_exact,1,,1.8946771621704102,23.855844497680664,1.980516791343689,0.039994808653170406,-0.006265966368371259,-0.2030524617453081,0.9783306448872167,0.24103571474552155,0.5282074213027954,0.004513569176197052,0.5789698521230064,-0.010998728678452776,-0.042362793924190706,-0.409127793147237,-0.001468533999286592,depth/003478.png,1.0,0.003981714872097074,-0.08080093367621627,-0.9967223058925334,0.5789698521230064,-0.010998728678452776,-0.042362793924190706,-0.001468533999286592,0.9995411554220529,0.003261262288666204,0.03011383047424668,0.646691976487803,0.12933839529756058,0.4466895988549964,0.001457440682239939,0.019483208656311035,0.008156869525463573,0.4466895988549964,0.001457440682239939,0.019483208656311035,0.008156869525463573,goal_capture,TERMINAL_SETTLING,NONE,DIRECT_LOCAL,PASS_THROUGH,0,6,0,0,0,0,1,0.44669197648780284,0.6466919764878029,inf,0.0,0,0,0,CLEAR,none,nan,0.0,0.0,0,0,0,0,0.1869416791391765,0,0,0,1,0.0,0.44669197648780284,,2.1500000000000004,24.450000000000003,2.0,2.1500000000000004,24.450000000000003,2.0,2.1500000000000004,24.450000000000003,2.0,0.5804214300411845,0.0,0.0,0,0,9,1,,,0,1,PASS_THROUGH,-1,0.9996276835888913,0.0013980049713112805,0.027249583204291248,0.1452130004285129,0,0.9995411554220529,0.003261262288666204,0.03011383047424668,0.6469854000464357,0.12939708000928712,0,0,0,CORRIDOR_CLEAR,1,0,0,0,1
1787562572337682176,1787562572354762496,joint_v2_000008_af4e508d,3479,599,0.03333333333333333,19.966666666666665,17.080307006835938,frame_id_exact,1,,1.9025133848190308,23.872982025146484,1.98073410987854,0.05704978119291341,-0.0145505904450394,-0.2031057145457914,0.977385119337503,0.2278500497341156,0.4981135129928589,0.008482067845761776,0.5448547613324548,-0.010409253523961928,-0.05594281865703219,-0.4100887882789816,-0.000333428499288857,depth/003479.png,1.0,-0.005268788009376472,-0.11742983053763399,-0.9930672055670828,0.5448547613324548,-0.010409253523961928,-0.05594281865703219,-0.000333428499288857,0.9995174679492054,0.004911839075850033,0.030670916212307112,0.627852982789593,0.1255705965579186,0.4278478166732168,0.0021025341645749185,0.01926589012145996,0.012285426954756207,0.4278478166732168,0.0021025341645749185,0.01926589012145996,0.012285426954756207,goal_capture,TERMINAL_SETTLING,NONE,DIRECT_LOCAL,PASS_THROUGH,0,6,0,0,0,0,1,0.427852982789593,0.627852982789593,inf,0.0,0,0,0,CLEAR,none,nan,0.0,0.0,0,0,0,0,0.281561245609516,0,0,0,1,0.0,0.427852982789593,,2.1500000000000004,24.450000000000003,2.0,2.1500000000000004,24.450000000000003,2.0,2.1500000000000004,24.450000000000003,2.0,0.5804214300411845,0.0,0.0,0,0,9,1,,,0,1,PASS_THROUGH,-1,0.9996276835888913,0.0013980049713112805,0.027249583204291248,0.1452130004285129,0,0.9995174679492054,0.004911839075850033,0.030670916212307112,0.628148503556254,0.1256297007112508,0,0,0,CORRIDOR_CLEAR,1,0,0,0,1
1787562572381028608,1787562572399102720,joint_v2_000008_af4e508d,3480,600,0.03333333333333333,20.0,18.07403564453125,frame_id_exact,1,,1.9097917079925537,23.888965606689453,1.9810796976089478,0.06657273617539486,-0.020586256260460373,-0.20316408935537011,0.9766619833123962,0.20797094702720642,0.4599927067756653,0.012051018886268139,0.5015725473797514,-0.0069782474414966395,-0.05802340844888118,-0.41110321217406653,0.00105031649582088,depth/003480.png,1.0,-0.013161249094698114,-0.13840289710797352,-0.9902885537025998,0.5015725473797514,-0.0069782474414966395,-0.05802340844888118,0.00105031649582088,0.9994982451688792,0.0065621810780025075,0.03098702444299602,0.6102946944112093,0.12205893888224187,0.41028585172500226,0.002693721640608791,0.018920302391052246,0.016413452508630688,0.41028585172500226,0.002693721640608791,0.018920302391052246,0.016413452508630688,goal_capture,TERMINAL_SETTLING,NONE,DIRECT_LOCAL,PASS_THROUGH,0,6,0,0,0,0,1,0.4102946944112093,0.6102946944112093,inf,0.0,0,0,0,CLEAR,none,nan,0.0,0.0,0,0,0,0,0.3761686223931807,0,0,0,1,0.0,0.4102946944112093,,2.1500000000000004,24.450000000000003,2.0,2.1500000000000004,24.450000000000003,2.0,2.1500000000000004,24.450000000000003,2.0,0.5804214300411845,0.0,0.0,0,0,9,1,,,1,1,PASS_THROUGH,-1,0.9999784479635552,0.006565333837607702,0.0,0.12205893888224187,0,0.9994982451688792,0.0065621810780025075,0.03098702444299602,0.6105879067497489,0.1221175813499498,0,0,0,CORRIDOR_CLEAR,1,0,0,0,1
1787562572431801344,1787562572447655424,joint_v2_000008_af4e508d,3481,601,0.03333333333333333,20.033333333333335,15.854120254516602,frame_id_exact,1,,1.9163376092910767,23.903621673583984,1.9815278053283691,0.0666371281050379,-0.023121294526156643,-0.20329196073532907,0.9765742560592784,0.1844933032989502,0.4191513955593109,0.014651377685368061,0.45551477642355226,-0.0015917928209047748,-0.04943772734432812,-0.4117418147864079,0.002335569355636835,depth/003481.png,1.0,-0.01806573714152886,-0.13955295420813127,-0.9900497977946949,0.45551477642355226,-0.0015917928209047748,-0.04943772734432812,0.002335569355636835,0.9994881659748032,0.007619258324349121,0.031070130011168495,0.5942452258192563,0.11884904516385127,0.39423377101683,0.003005307160020207,0.01847219467163086,0.01905753113770725,0.39423377101683,0.003005307160020207,0.01847219467163086,0.01905753113770725,goal_capture,TERMINAL_SETTLING,NONE,DIRECT_LOCAL,PASS_THROUGH,0,6,0,0,0,0,1,0.39424522581925636,0.5942452258192563,inf,0.0,0,0,0,CLEAR,none,nan,0.0,0.0,0,0,0,0,0.43676644085191024,0,0,0,1,0.0,0.39424522581925636,,2.1500000000000004,24.450000000000003,2.0,2.1500000000000004,24.450000000000003,2.0,2.1500000000000004,24.450000000000003,2.0,0.5804214300411845,0.0,0.0,0,0,9,1,,,0,1,PASS_THROUGH,-1,0.9994982451688792,0.0065621810780025075,0.03098702444299602,0.12205893888224187,0,0.9994881659748032,0.007619258324349121,0.031070130011168495,0.594532261853775,0.11890645237075499,0,0,0,CORRIDOR_CLEAR,1,0,0,0,1
1787562572472704512,1787562572486257664,joint_v2_000008_af4e508d,3482,602,0.03333333333333333,20.066666666666666,13.553142547607422,frame_id_exact,1,,1.9220936298370361,23.916948318481445,1.982048511505127,0.05735621398659129,-0.02167107249214246,-0.20348982856387765,0.9771553197957878,0.16121867299079895,0.3813527822494507,0.016534918919205666,0.41297378775185123,0.004575247008269922,-0.033563765263719784,-0.41177937533166176,0.00319328042678535,depth/003482.png,1.0,-0.019009195240345247,-0.12091154489312937,-0.9924812586683293,0.41297378775185123,0.004575247008269922,-0.033563765263719784,0.00319328042678535,0.9994908971437014,0.007746852127988287,0.030950489640488545,0.5797287371957852,0.11594574743915705,0.3797173316322416,0.002943112365500933,0.017951488494873047,0.019376607194065976,0.3797173316322416,0.002943112365500933,0.017951488494873047,0.019376607194065976,goal_capture,TERMINAL_SETTLING,NONE,DIRECT_LOCAL,PASS_THROUGH,0,6,0,0,0,0,1,0.3797287371957852,0.5797287371957852,inf,0.0,0,0,0,CLEAR,none,nan,0.0,0.0,0,0,0,0,0.44407912540112354,0,0,0,1,0.0,0.3797287371957852,,2.1500000000000004,24.450000000000003,2.0,2.1500000000000004,24.450000000000003,2.0,2.1500000000000004,24.450000000000003,2.0,0.5804214300411845,0.0,0.0,0,0,9,1,,,0,1,PASS_THROUGH,-1,0.9994982451688792,0.0065621810780025075,0.03098702444299602,0.12205893888224187,0,0.9994908971437014,0.007746852127988287,0.030950489640488545,0.5800066074363303,0.11600132148726605,0,0,0,CORRIDOR_CLEAR,1,0,0,0,1
1787562572511696640,1787562572527316992,joint_v2_000008_af4e508d,3483,603,0.03333333333333333,20.1,15.62047004699707,frame_id_exact,1,,1.9271290302276611,23.929134368896484,1.9826267957687378,0.040814318606955405,-0.01659420013539879,-0.2036894868685697,0.9780436681752688,0.14181147515773773,0.3515699505805969,0.018185704946517944,0.37911109615279437,0.010299837281317151,-0.014537352849261782,-0.411341303372553,0.003581644268706441,depth/003483.png,1.0,-0.015832809513837823,-0.08659649998998903,-0.9961176478370325,0.37911109615279437,0.010299837281317151,-0.014537352849261782,0.003581644268706441,0.9995054621733357,0.00702559922855494,0.030650808164650274,0.566544327332054,0.1133088654664108,0.366535272574742,0.0025764040575024716,0.017373204231262207,0.017572399029230912,0.366535272574742,0.0025764040575024716,0.017373204231262207,0.017572399029230912,goal_capture,TERMINAL_SETTLING,NONE,DIRECT_LOCAL,PASS_THROUGH,0,6,0,0,0,0,1,0.366544327332054,0.566544327332054,inf,0.0,0,0,0,CLEAR,none,nan,0.0,0.0,0,0,0,0,0.4027297201178865,0,0,0,1,0.0,0.366544327332054,,2.1500000000000004,24.450000000000003,2.0,2.1500000000000004,24.450000000000003,2.0,2.1500000000000004,24.450000000000003,2.0,0.5804214300411845,0.0,0.0,0,0,9,1,,,0,1,PASS_THROUGH,-1,0.9994982451688792,0.0065621810780025075,0.03098702444299602,0.12205893888224187,0,0.9995054621733357,0.00702559922855494,0.030650808164650274,0.5668106412704252,0.11336212825408505,0,0,0,CORRIDOR_CLEAR,1,0,0,0,1
1787562572552343808,1787562572566946048,joint_v2_000008_af4e508d,3484,604,0.03333333333333333,20.133333333333333,14.602184295654297,frame_id_exact,1,,1.9316223859786987,23.94051170349121,1.9832578897476196,0.020578721946047644,-0.008991126284258553,-0.20380486884379528,0.9787539278525381,0.1290581375360489,0.3330022096633911,0.019649341702461243,0.35736021043804483,0.014477280899390054,0.004081601125953068,-0.4107931625171788,0.003794429125264287,depth/003484.png,1.0,-0.009212112878698166,-0.043947880496001346,-0.9989913517024156,0.35736021043804483,0.014477280899390054,0.004081601125953068,0.003794429125264287,0.9995270401112438,0.005856410728242239,0.030189377930624064,0.554316792624098,0.11086335852481961,0.3543107109307481,0.0020759708995917218,0.01674211025238037,0.014647787097602505,0.3543107109307481,0.0020759708995917218,0.01674211025238037,0.014647787097602505,goal_capture,TERMINAL_SETTLING,NONE,DIRECT_LOCAL,PASS_THROUGH,0,6,0,0,0,0,1,0.35431679262409804,0.554316792624098,inf,0.0,0,0,0,CLEAR,none,nan,0.0,0.0,0,0,0,0,0.3357025519595221,0,0,0,1,0.0,0.35431679262409804,,2.1500000000000004,24.450000000000003,2.0,2.1500000000000004,24.450000000000003,2.0,2.1500000000000004,24.450000000000003,2.0,0.5804214300411845,0.0,0.0,0,0,9,1,,,0,1,PASS_THROUGH,-1,0.9994982451688792,0.0065621810780025075,0.03098702444299602,0.12205893888224187,0,0.9995270401112438,0.005856410728242239,0.030189377930624064,0.5545695671786995,0.1109139134357399,0,0,0,CORRIDOR_CLEAR,1,0,0,0,1
1787562572591892736,1787562572606329344,joint_v2_000008_af4e508d,3485,605,0.03333333333333333,20.166666666666668,14.436721801757812,frame_id_exact,1,,1.9358227252960205,23.95147132873535,1.9839273691177368,0.0009437228628133044,-0.0004746138637761384,-0.20379637463079275,0.9790127281175585,0.12431327253580093,0.32645153999328613,0.020352600142359734,0.34898117402838624,0.016268917147152492,0.01964913569935016,-0.41046903338812035,0.004247748292982578,depth/003485.png,1.0,-0.0005446514309606961,-0.002041282558593711,-0.999997768257677,0.34898117402838624,0.016268917147152492,0.01964913569935016,0.004247748292982578,0.999550547559524,0.00469068482314116,0.02960912611587294,0.542588924575984,0.10851778491519679,0.3425851523375749,0.0016076815511000106,0.016072630882263184,0.01173189890646742,0.3425851523375749,0.0016076815511000106,0.016072630882263184,0.01173189890646742,goal_capture,TERMINAL_SETTLING,NONE,DIRECT_LOCAL,PASS_THROUGH,0,6,0,0,0,0,1,0.34258892457598383,0.542588924575984,inf,0.0,0,0,0,CLEAR,none,nan,0.0,0.0,0,0,0,0,0.26887531720589153,0,0,0,1,0.0,0.34258892457598383,,2.1500000000000004,24.450000000000003,2.0,2.1500000000000004,24.450000000000003,2.0,2.1500000000000004,24.450000000000003,2.0,0.5804214300411845,0.0,0.0,0,0,9,1,,,0,1,PASS_THROUGH,-1,0.9994982451688792,0.0065621810780025075,0.03098702444299602,0.12205893888224187,0,0.999550547559524,0.00469068482314116,0.02960912611587294,0.5428269250285953,0.10856538500571906,0,0,0,CORRIDOR_CLEAR,1,0,0,0,1
1787562572630618624,1787562572647502848,joint_v2_000008_af4e508d,3486,606,0.03333333333333333,20.2,16.884326934814453,frame_id_exact,1,,1.9399956464767456,23.962390899658203,1.9845974445343018,-0.013954812253697314,0.00714594919469054,-0.20369923774228296,0.9789079727779746,0.12722007930278778,0.3301735520362854,0.019580060616135597,0.3527636860321409,0.015254030382353408,0.03013300831162051,-0.4104465390099682,0.005122526083141565,depth/003486.png,1.0,0.008305284041668207,0.03023220275533524,-0.999508397250142,0.3527636860321409,0.015254030382353408,0.03013300831162051,0.005122526083141565,0.999572311533833,0.0037716399220847777,0.028999461153752428,0.5309090913092932,0.10618181826185864,0.33090673568470474,0.0012485950645031944,0.015402555465698242,0.009433089480406776,0.33090673568470474,0.0012485950645031944,0.015402555465698242,0.009433089480406776,goal_capture,TERMINAL_SETTLING,NONE,DIRECT_LOCAL,PASS_THROUGH,0,6,0,0,0,0,1,0.3309090913092932,0.5309090913092932,inf,0.0,0,0,0,CLEAR,none,nan,0.0,0.0,0,0,0,0,0.21619048599862517,0,0,0,1,0.0,0.3309090913092932,,2.1500000000000004,24.450000000000003,2.0,2.1500000000000004,24.450000000000003,2.0,2.1500000000000004,24.450000000000003,2.0,0.5804214300411845,0.0,0.0,0,0,9,1,,,1,1,PASS_THROUGH,-1,0.9999928813542743,0.003773226838715566,0.0,0.10618181826185864,0,0.999572311533833,0.0037716399220847777,0.028999461153752428,0.5311324711874933,0.10622649423749866,0,0,0,CORRIDOR_CLEAR,1,0,0,0,1
1787562572673565440,1787562572688118528,joint_v2_000008_af4e508d,3487,607,0.03333333333333333,20.233333333333334,14.553070068359375,frame_id_exact,1,,1.944367527961731,23.973560333251953,1.9852137565612793,-0.021025477607468902,0.012239327283470759,-0.20359550167008675,0.9787527777016686,0.13580767810344696,0.34030231833457947,0.017188968136906624,0.3650512962249482,0.011555436229203067,0.0338950872456244,-0.4105365064149491,0.006168081890791655,depth/003487.png,1.0,0.015397165829102033,0.04614123317839405,-0.9988162563180518,0.3650512962249482,0.011555436229203067,0.0338950872456244,0.006168081890791655,0.9995895251014968,0.003085683034441878,0.028482623958741415,0.5189214483980811,0.10378428967961621,0.3189199288660444,0.0009844899222482587,0.014786243438720703,0.007717350861489725,0.3189199288660444,0.0009844899222482587,0.014786243438720703,0.007717350861489725,goal_capture,TERMINAL_SETTLING,NONE,DIRECT_LOCAL,PASS_THROUGH,0,6,0,0,0,0,1,0.318921448398081,0.5189214483980811,inf,0.0,0,0,0,CLEAR,none,nan,0.0,0.0,0,0,0,0,0.17686865335400448,0,0,0,1,0.0,0.318921448398081,,2.1500000000000004,24.450000000000003,2.0,2.1500000000000004,24.450000000000003,2.0,2.1500000000000004,24.450000000000003,2.0,0.5804214300411845,0.0,0.0,0,0,9,1,,,0,1,PASS_THROUGH,-1,0.999572311533833,0.0037716399220847777,0.028999461153752428,0.10618181826185864,0,0.9995895251014968,0.003085683034441878,0.028482623958741415,0.5191320666290914,0.10382641332581828,0,0,0,CORRIDOR_CLEAR,1,0,0,0,1
1787562572713012992,1787562572728723968,joint_v2_000008_af4e508d,3488,608,0.03333333333333333,20.266666666666666,15.711069107055664,frame_id_exact,1,,1.9490779638290405,23.98509979248047,1.9857327938079834,-0.018919205436185534,0.013725814221051787,-0.20355210118080005,0.9787850672106282,0.1469588726758957,0.3517554998397827,0.013919288292527199,0.38024351707405596,0.005887150901211661,0.03004659198136159,-0.41049165534223164,0.0069038476794958115,depth/003488.png,1.0,0.01916715595133198,0.04262350817908188,-0.9989073313792651,0.38024351707405596,0.005887150901211661,0.03004659198136159,0.0069038476794958115,0.9996001925404178,0.0025515664304543682,0.02815927168643912,0.5064601342364375,0.10129202684728751,0.3064591358401285,0.000782263598137626,0.014267206192016602,0.006381453574563767,0.3064591358401285,0.000782263598137626,0.014267206192016602,0.006381453574563767,goal_capture,TERMINAL_SETTLING,NONE,DIRECT_LOCAL,PASS_THROUGH,0,6,0,0,0,0,1,0.30646013423643753,0.5064601342364375,inf,0.0,0,0,0,CLEAR,none,nan,0.0,0.0,0,0,0,0,0.14625214279247065,0,0,0,1,0.0,0.30646013423643753,,2.1500000000000004,24.450000000000003,2.0,2.1500000000000004,24.450000000000003,2.0,2.1500000000000004,24.450000000000003,2.0,0.5804214300411845,0.0,0.0,0,0,9,1,,,0,1,PASS_THROUGH,-1,0.999572311533833,0.0037716399220847777,0.028999461153752428,0.10618181826185864,0,0.9996001925404178,0.0025515664304543682,0.02815927168643912,0.5066610511410127,0.10133221022820253,0,0,0,CORRIDOR_CLEAR,1,0,0,0,1
1787562572755007744,1787562572771559936,joint_v2_000008_af4e508d,3489,609,0.03333333333333333,20.3,16.552209854125977,frame_id_exact,1,,1.954153299331665,23.99696922302246,1.9861459732055664,-0.00832607301129946,0.011335661094589625,-0.20357460364941254,0.9789584056765352,0.15709765255451202,0.3593381345272064,0.01102892030030489,0.3918604578926817,-0.0005352195008449033,0.019243168316187116,-0.4102530840585721,0.007026304956525564,depth/003489.png,1.0,0.01880432739843526,0.020917063750246594,-0.9996043585915182,0.3918604578926817,-0.0005352195008449033,0.019243168316187116,0.007026304956525564,0.9996038205005547,0.0022119000341339827,0.028059036671523343,0.4935512283963518,0.09871024567927036,0.29355050972970875,0.0006495617255304735,0.013854026794433594,0.005531932698434883,0.29355050972970875,0.0006495617255304735,0.013854026794433594,0.005531932698434883,goal_capture,TERMINAL_SETTLING,NONE,DIRECT_LOCAL,PASS_THROUGH,0,6,0,0,0,0,1,0.2935512283963518,0.4935512283963518,inf,0.0,0,0,0,CLEAR,none,nan,0.0,0.0,0,0,0,0,0.12678255846829423,0,0,0,1,0.0,0.2935512283963518,,2.1500000000000004,24.450000000000003,2.0,2.1500000000000004,24.450000000000003,2.0,2.1500000000000004,24.450000000000003,2.0,0.5804214300411845,0.0,0.0,0,0,9,1,,,0,1,PASS_THROUGH,-1,0.999572311533833,0.0037716399220847777,0.028999461153752428,0.10618181826185864,0,0.9996038205005547,0.0022119000341339827,0.028059036671523343,0.49374563199077387,0.09874912639815478,0,0,0,CORRIDOR_CLEAR,1,0,0,0,1
1787562572797265152,1787562572811853824,joint_v2_000008_af4e508d,3490,610,0.03333333333333333,20.333333333333332,14.58883285522461,frame_id_exact,1,,1.9595028162002563,24.00896644592285,1.986484408378601,0.008217202422310206,0.005661589256469869,-0.2036135686549863,0.9790004793926421,0.1629234403371811,0.3587951064109802,0.009526812471449375,0.39409651818141544,-0.006256932995062095,0.004185821116145644,-0.4100160320524836,0.006632407195866108,depth/003490.png,1.0,0.014431665011550424,-0.013783737435879021,-0.9998008479828836,0.39409651818141544,-0.006256932995062095,0.004185821116145644,0.006632407195866108,0.9996018846509989,0.0022863966398200945,0.0281219592592116,0.48041624957692364,0.09608324991538472,0.28041551604251486,0.0006413964434019305,0.013515591621398926,0.0057182581576636915,0.28041551604251486,0.0006413964434019305,0.013515591621398926,0.0057182581576636915,goal_capture,TERMINAL_SETTLING,NONE,DIRECT_LOCAL,PASS_THROUGH,0,6,0,0,0,0,1,0.2804162495769236,0.48041624957692364,inf,0.0,0,0,0,CLEAR,none,nan,0.0,0.0,0,0,0,0,0.1310528234401533,0,0,0,1,0.0,0.2804162495769236,,2.1500000000000004,24.450000000000003,2.0,2.1500000000000004,24.450000000000003,2.0,2.1500000000000004,24.450000000000003,2.0,0.5804214300411845,0.0,0.0,0,0,9,1,,,0,1,PASS_THROUGH,-1,0.999572311533833,0.0037716399220847777,0.028999461153752428,0.10618181826185864,0,0.9996018846509989,0.0022863966398200945,0.0281219592592116,0.4806063296237716,0.09612126592475431,0,0,0,CORRIDOR_CLEAR,1,0,0,0,1
1787562572836635392,1787562572853556480,joint_v2_000008_af4e508d,3491,611,0.03333333333333333,20.366666666666667,16.921043395996094,frame_id_exact,1,,1.9649401903152466,24.02077293395996,1.9867994785308838,0.026924197247092142,-0.0019952689172290893,-0.20361436100666858,0.9786788536064288,0.16208864748477936,0.34768593311309814,0.009552772156894207,0.38344614593510723,-0.00997367882649547,-0.010912015498096662,-0.4100590825734499,0.006124973762780428,depth/003491.png,1.0,0.0070588514430677315,-0.05351281580335115,-0.9985422130090952,0.38344614593510723,-0.00997367882649547,-0.010912015498096662,0.006124973762780428,0.9995969779623604,0.0029925144766776665,0.028229886744783352,0.4674216590851346,0.09348433181702692,0.26742046072786413,0.0008005822523786053,0.013200521469116211,0.007484280171652369,0.26742046072786413,0.0008005822523786053,0.013200521469116211,0.007484280171652369,goal_capture,TERMINAL_SETTLING,NONE,DIRECT_LOCAL,PASS_THROUGH,0,6,0,0,0,0,1,0.2674216590851346,0.4674216590851346,inf,0.0,0,0,0,CLEAR,none,nan,0.0,0.0,0,0,0,0,0.1715270666116512,0,0,0,1,0.0,0.2674216590851346,,2.1500000000000004,24.450000000000003,2.0,2.1500000000000004,24.450000000000003,2.0,2.1500000000000004,24.450000000000003,2.0,0.5804214300411845,0.0,0.0,0,0,9,1,,,0,1,PASS_THROUGH,-1,0.999572311533833,0.0037716399220847777,0.028999461153752428,0.10618181826185864,0,0.9995969779623604,0.0029925144766776665,0.028229886744783352,0.4676080208347119,0.09352160416694238,0,0,0,CORRIDOR_CLEAR,1,0,0,0,1
1787562572879425792,1787562572896171776,joint_v2_000008_af4e508d,3492,612,0.03333333333333333,20.4,16.746044158935547,frame_id_exact,1,,1.970224142074585,24.032028198242188,1.9871317148208618,0.04359084568160406,-0.00992347487215352,-0.20356727809850278,0.9780397364661577,0.15372887253761292,0.3259570002555847,0.01037437841296196,0.3597105691521864,-0.01089887052005343,-0.02185591582060729,-0.4104908750748404,0.005913499277085066,depth/003492.png,1.0,-0.0016637658867471074,-0.08930734798355233,-0.9960027256384486,0.3597105691521864,-0.01089887052005343,-0.02185591582060729,0.005913499277085066,0.9995910716555646,0.004294204654063793,0.02827099702643812,0.454994270466666,0.0909988540933332,0.2549919175033559,0.0010954354334898246,0.012868285179138184,0.010739837417518827,0.2549919175033559,0.0010954354334898246,0.012868285179138184,0.010739837417518827,goal_capture,TERMINAL_SETTLING,NONE,DIRECT_LOCAL,PASS_THROUGH,0,6,0,0,0,0,1,0.254994270466666,0.454994270466666,inf,0.0,0,0,0,CLEAR,none,nan,0.0,0.0,0,0,0,0,0.24613894267220407,0,0,0,1,0.0,0.254994270466666,,2.1500000000000004,24.450000000000003,2.0,2.1500000000000004,24.450000000000003,2.0,2.1500000000000004,24.450000000000003,2.0,0.5804214300411845,0.0,0.0,0,0,9,1,,,1,1,PASS_THROUGH,-1,0.9999907724855709,0.004295921753398832,0.0,0.0909988540933332,0,0.9995910716555646,0.004294204654063793,0.02827099702643812,0.4551762064530013,0.09103524129060026,0,0,0,CORRIDOR_CLEAR,1,0,0,0,1
1787562572926976000,1787562572943936768,joint_v2_000008_af4e508d,3493,613,0.03333333333333333,20.433333333333334,16.960859298706055,frame_id_exact,1,,1.9751136302947998,24.04241371154785,1.9874902963638306,0.05449865115825492,-0.01637380337043777,-0.20351596949567696,0.977416515997838,0.13869275152683258,0.29600363969802856,0.011014893651008606,0.32590196950039363,-0.008947359827307834,-0.02613451645988968,-0.41112815758389554,0.00612435769289732,depth/003493.png,1.0,-0.00982536003457599,-0.11320042441789857,-0.9935235911702341,0.32590196950039363,-0.008947359827307834,-0.02613451645988968,0.00612435769289732,0.9995856039859166,0.0058060178260669745,0.02819415650651089,0.4435220680449445,0.0887044136089889,0.24351796019961622,0.0014144557627165932,0.012509703636169434,0.014520898735810861,0.24351796019961622,0.0014144557627165932,0.012509703636169434,0.014520898735810861,goal_capture,TERMINAL_SETTLING,NONE,DIRECT_LOCAL,PASS_THROUGH,0,6,0,0,0,0,1,0.24352206804494445,0.4435220680449445,inf,0.0,0,0,0,CLEAR,none,nan,0.0,0.0,0,0,0,0,0.33279448491952596,0,0,0,1,0.0,0.24352206804494445,,2.1500000000000004,24.450000000000003,2.0,2.1500000000000004,24.450000000000003,2.0,2.1500000000000004,24.450000000000003,2.0,0.5804214300411845,0.0,0.0,0,0,9,1,,,0,1,PASS_THROUGH,-1,0.9995910716555646,0.004294204654063793,0.02827099702643812,0.0909988540933332,0,0.9995856039859166,0.0058060178260669745,0.02819415650651089,0.4436984533756334,0.08873969067512669,0,0,0,CORRIDOR_CLEAR,1,0,0,0,1
1787562572977294080,1787562572997193216,joint_v2_000008_af4e508d,3494,614,0.03333333333333333,20.466666666666665,19.89912986755371,frame_id_exact,1,,1.9794217348098755,24.051719665527344,1.9878588914871216,0.05722328362468318,-0.01993984025816398,-0.20351848639358341,0.9771940054450563,0.11934264749288559,0.2621050179004669,0.010984775610268116,0.2871901633173562,-0.004682198654811993,-0.023712029097703514,-0.41160992958807935,0.006545326206833124,depth/003494.png,1.0,-0.015678192600087192,-0.11995275167638805,-0.9926557971633759,0.2871901633173562,-0.004682198654811993,-0.023712029097703514,0.006545326206833124,0.9995834155701641,0.006955726420579605,0.02801094762850311,0.4332714730777065,0.0866542946155413,0.23326582549285327,0.0016232094691901846,0.012141108512878418,0.017396282402135643,0.23326582549285327,0.0016232094691901846,0.012141108512878418,0.017396282402135643,goal_capture,TERMINAL_SETTLING,NONE,DIRECT_LOCAL,PASS_THROUGH,0,6,0,0,0,0,1,0.2332714730777065,0.4332714730777065,inf,0.0,0,0,0,CLEAR,none,nan,0.0,0.0,0,0,0,0,0.39869342434403116,0,0,0,1,0.0,0.2332714730777065,,2.1500000000000004,24.450000000000003,2.0,2.1500000000000004,24.450000000000003,2.0,2.1500000000000004,24.450000000000003,2.0,0.5804214300411845,0.0,0.0,0,0,9,1,,,0,1,PASS_THROUGH,-1,0.9995910716555646,0.004294204654063793,0.02827099702643812,0.0909988540933332,0,0.9995834155701641,0.006955726420579605,0.02801094762850311,0.4334415484224456,0.08668830968448912,0,0,0,CORRIDOR_CLEAR,1,0,0,0,1
1787562573024062208,1787562573044001792,joint_v2_000008_af4e508d,3495,615,0.03333333333333333,20.5,19.939661026000977,frame_id_exact,1,,1.983058214187622,24.059900283813477,1.9882177114486694,0.051158019968152675,-0.01986410160802993,-0.2035940067082408,0.9775161149018101,0.09897641092538834,0.2293962836265564,0.010520506650209427,0.24951037760951392,0.0008910177468348629,-0.016536126331657332,-0.41165881916351393,0.0068467543460428715,depth/003495.png,1.0,-0.01800402633863965,-0.10810400192275249,-0.9939765489204879,0.24951037760951392,0.0008910177468348629,-0.016536126331657332,0.0068467543460428715,0.999588107341935,0.007292282245318001,0.027756769989009902,0.4243198656898288,0.08486397313796576,0.22431389664028042,0.0016364342811138021,0.011782288551330566,0.01823789425827005,0.22431389664028042,0.0016364342811138021,0.011782288551330566,0.01823789425827005,goal_capture,TERMINAL_SETTLING,NONE,DIRECT_LOCAL,PASS_THROUGH,0,6,0,0,0,0,1,0.22431986568982876,0.42431986568982877,inf,0.0,0,0,0,CLEAR,none,nan,0.0,0.0,0,0,0,0,0.4179817472819003,0,0,0,1,0.0,0.22431986568982876,,2.1500000000000004,24.450000000000003,2.0,2.1500000000000004,24.450000000000003,2.0,2.1500000000000004,24.450000000000003,2.0,0.5804214300411845,0.0,0.0,0,0,9,1,,,0,1,PASS_THROUGH,-1,0.9995910716555646,0.004294204654063793,0.02827099702643812,0.0909988540933332,0,0.999588107341935,0.007292282245318001,0.027756769989009902,0.42448341633394954,0.08489668326678991,0,0,0,CORRIDOR_CLEAR,1,0,0,0,1
1787562573073222144,1787562573088924416,joint_v2_000008_af4e508d,3496,616,0.03333333333333333,20.533333333333335,15.702247619628906,frame_id_exact,1,,1.986047625541687,24.067081451416016,1.9885615110397339,0.03761011919652204,-0.01618869858878051,-0.20370092565075198,0.9781765371654811,0.08107370138168335,0.20271947979927063,0.010206515900790691,0.2183509948562941,0.0065628724322658195,-0.007216457811888977,-0.41127908627774873,0.0068635279312729836,depth/003496.png,1.0,-0.016348378065244744,-0.08017397809130106,-0.9966468099440501,0.2183509948562941,0.0065628724322658195,-0.007216457811888977,0.0068635279312729836,0.9996005287670384,0.006728006096246741,0.02745026088447637,0.41654170972447213,0.08330834194489442,0.21653680497749198,0.0014574431505626731,0.011438488960266113,0.01682648294855038,0.21653680497749198,0.0014574431505626731,0.011438488960266113,0.01682648294855038,goal_capture,TERMINAL_SETTLING,NONE,DIRECT_LOCAL,PASS_THROUGH,0,6,0,0,0,0,1,0.21654170972447206,0.4165417097244721,inf,0.0,0,0,0,CLEAR,none,nan,0.0,0.0,0,0,0,0,0.38563458280031276,0,0,0,1,0.0,0.21654170972447206,,2.1500000000000004,24.450000000000003,2.0,2.1500000000000004,24.450000000000003,2.0,2.1500000000000004,24.450000000000003,2.0,0.5804214300411845,0.0,0.0,0,0,9,1,,,0,1,PASS_THROUGH,-1,0.9995910716555646,0.004294204654063793,0.02827099702643812,0.0909988540933332,0,0.9996005287670384,0.006728006096246741,0.02745026088447637,0.41669873406320845,0.0833397468126417,0,0,0,CORRIDOR_CLEAR,1,0,0,0,1
1787562573113840128,1787562573129396736,joint_v2_000008_af4e508d,3497,617,0.03333333333333333,20.566666666666666,15.556573867797852,frame_id_exact,1,,1.9885234832763672,24.073524475097656,1.9889026880264282,0.019470884212933127,-0.009722655995517632,-0.20376576726513887,0.9787777412258661,0.06856317818164825,0.18562282621860504,0.010348470881581306,0.19782593267723683,0.011140525747770157,0.002150095761231199,-0.41073794113729173,0.006710743065923452,depth/003497.png,1.0,-0.01109763922605975,-0.04207762505677343,-0.9990527092567187,0.19782593267723683,0.011140525747770157,0.002150095761231199,0.006710743065923452,0.9996178426464732,0.005552706863810965,0.02708017926999985,0.40964434123236115,0.08192886824647223,0.20964110690039273,0.0011645206433499346,0.011097311973571777,0.013886931375897138,0.20964110690039273,0.0011645206433499346,0.011097311973571777,0.013886931375897138,goal_capture,TERMINAL_SETTLING,NONE,DIRECT_LOCAL,PASS_THROUGH,0,6,0,0,0,0,1,0.20964434123236114,0.40964434123236115,inf,0.0,0,0,0,CLEAR,none,nan,0.0,0.0,0,0,0,0,0.31826502329068296,0,0,0,1,0.0,0.20964434123236114,,2.1500000000000004,24.450000000000003,2.0,2.1500000000000004,24.450000000000003,2.0,2.1500000000000004,24.450000000000003,2.0,0.5804214300411845,0.0,0.0,0,0,9,1,,,0,1,PASS_THROUGH,-1,0.9995910716555646,0.004294204654063793,0.02827099702643812,0.0909988540933332,0,0.9996178426464732,0.005552706863810965,0.02708017926999985,0.4097946273888104,0.08195892547776208,0,0,0,CORRIDOR_CLEAR,1,0,0,0,1
1787562573154880768,1787562573169617408,joint_v2_000008_af4e508d,3498,618,0.03333333333333333,20.6,14.736652374267578,frame_id_exact,1,,1.9906985759735107,24.0795841217041,1.9892526865005493,0.0005761837500721179,-0.001857473676366896,-0.20373833253383902,0.9790234469409601,0.06322000920772552,0.17963807284832,0.01062373723834753,0.18996484879787584,0.013655979082631012,0.01031217873621277,-0.4103536671500364,0.006666881497949362,depth/003498.png,1.0,-0.0034022391295320566,-0.0018850719812309293,-0.9999924356076555,0.18996484879787584,0.013655979082631012,0.01031217873621277,0.006666881497949362,0.9996361412530669,0.004202621629173383,0.026644381623911608,0.40321813772521614,0.08064362754504323,0.20321634182005577,0.0008543522570761419,0.010747313499450684,0.010510316443436696,0.20321634182005577,0.0008543522570761419,0.010747313499450684,0.010510316443436696,goal_capture,TERMINAL_SETTLING,NONE,DIRECT_LOCAL,PASS_THROUGH,0,6,0,0,0,0,1,0.20321813772521616,0.40321813772521614,inf,0.0,0,0,0,CLEAR,none,nan,0.0,0.0,0,0,0,0,0.240878709422349,0,0,0,1,0.0,0.20321813772521616,,2.1500000000000004,24.450000000000003,2.0,2.1500000000000004,24.450000000000003,2.0,2.1500000000000004,24.450000000000003,2.0,0.5804214300411845,0.0,0.0,0,0,9,1,,,1,1,PASS_THROUGH,-1,0.9999911626728772,0.004204114192953471,0.0,0.08064362754504323,0,0.9996361412530669,0.004202621629173383,0.026644381623911608,0.4033613409066948,0.08067226818133896,0,0,0,CORRIDOR_CLEAR,1,0,0,0,1
1787562573195385344,1787562573210889472,joint_v2_000008_af4e508d,3499,619,0.03333333333333333,20.633333333333333,15.504121780395508,frame_id_exact,1,,1.9928210973739624,24.085617065429688,1.9896039962768555,-0.015101140552620273,0.005720304678304821,-0.20362942154830282,0.9789148544936382,0.0652817115187645,0.1839473992586136,0.010314194485545158,0.1942944887972239,0.013554852998587589,0.016451375137803502,-0.41026198025895627,0.006898886989802122,depth/003499.png,1.0,0.005049309412744715,0.03189510627895903,-0.9994784673367948,0.1942944887972239,0.013554852998587589,0.016451375137803502,0.006898886989802122,1.0,0.0,0.0,0.0,0.0,0.19683676509370296,0.0005944029323827256,0.010396003723144531,0.0,0.19683676509370296,0.0005944029323827256,0.010396003723144531,0.0,goal_capture,TERMINAL_SETTLING,NONE,GOAL_REACHED,PASS_THROUGH,0,6,0,0,0,0,1,0.19683766257350147,0.3968376625735015,inf,0.0,0,0,0,CLEAR,none,nan,0.0,0.0,0,0,0,0,0.173019891981541,0,0,0,1,0.0,0.19683766257350147,,2.1500000000000004,24.450000000000003,2.0,2.1500000000000004,24.450000000000003,2.0,2.1500000000000004,24.450000000000003,2.0,0.5804214300411845,0.0,0.0,0,0,9,1,,,0,1,PASS_THROUGH,-1,0.9996361412530669,0.004202621629173383,0.026644381623911608,0.08064362754504323,0,1.0,0.0,0.0,0.0,0.0,0,0,0,CORRIDOR_CLEAR,1,0,0,0,1
