timestamp_ns,receive_timestamp_ns,episode_id,frame_id,episode_frame_index,control_dt_s,trajectory_time_s,latency_ms,match_method,frame_valid,frame_invalid_reason,x,y,z,qx,qy,qz,qw,state_vx_world,state_vy_world,state_vz_world,state_vx_flu,state_vy_flu,state_vz_flu,yaw,yaw_rate,depth_file,raw_depth_finite_ratio,gravity_flu_x,gravity_flu_y,gravity_flu_z,velocity_flu_x,velocity_flu_y,velocity_flu_z,yaw_rate_flu,goal_direction_flu_x,goal_direction_flu_y,goal_direction_flu_z,goal_distance_clipped_m,goal_distance_norm,target_velocity_flu_x,target_velocity_flu_y,target_velocity_flu_z,target_yaw_rate,velocity_command_flu_x,velocity_command_flu_y,velocity_command_flu_z,yaw_rate_command,hierarchical_mode,planner_status,planner_failure_reason,fsm_state,effective_target_source,target_correction_active,effective_direction_token,directive_terminal_stop,directive_update_event,mission_revision,reentry_guard_ticks,obstacle_first_observed_event,selected_output_speed_mps,local_target_distance_m,min_observed_clearance_m,obstacle_risk_cost,avoidance_active,local_corridor_blocked,risk_corridor_near_obstacle,corridor_block_reason,corridor_block_source,first_blocking_distance_m,first_block_x,first_block_y,first_block_age_ticks,emergency_brake,immediate_avoidance,local_limit_cycle_detected,target_bearing_error_deg,consecutive_failures_30hz,unknown_recovery_ticks,plan_valid,plan_terminal,plan_end_speed_mps,plan_executed_speed_mps,plan_points_xy,navigation_goal_world_x,navigation_goal_world_y,navigation_goal_world_z,effective_target_world_x,effective_target_world_y,effective_target_world_z,original_navigation_goal_world_x,original_navigation_goal_world_y,original_navigation_goal_world_z,truth_minimum_clearance_m,truth_brake_risk,observed_brake_risk,truth_brake_would_trigger,scene_id,task_id,episode_valid,failure_taxonomy,failure_reason,macro_update_mask,macro_label_valid,macro_correction_type,macro_direction_token,macro_direction_flu_x,macro_direction_flu_y,macro_direction_flu_z,macro_distance_norm,macro_param_valid,navigation_goal_direction_flu_x,navigation_goal_direction_flu_y,navigation_goal_direction_flu_z,navigation_goal_distance_clipped_m,navigation_goal_distance_norm,correction_enter_event,correction_exit_event,correction_update_event,observability_reason,observability_goal_inside_fov,observability_direct_corridor_blocked,observability_left_bypass_visible,observability_right_bypass_visible,observability_local_avoidance_observable
1787562397261776384,1787562397280373504,joint_v2_000006_1f4b2824,1730,0,0.03333333333333333,0.0,18.597126007080078,frame_id_exact,1,,4.150000095367432,6.349999904632568,2.0,0.0,0.0,0.3370580953497232,0.9414838502912395,0.0,0.0,0.0,0.0,-0.0,0.0,0.6875807789800015,0.0,depth/001730.png,1.0,0.0,0.0,-1.0,0.0,-0.0,0.0,0.0,0.9250476735667704,-0.3798510255727972,0.0,4.5,0.9,0.0666666666,0.0,0.0,-0.2666666664,0.0666666666,0.0,0.0,-0.2666666664,direct,SAFE_PROGRESSING,NONE,DIRECT_LOCAL,PASS_THROUGH,0,9,0,0,0,0,0,0.0666666666,13.285330374747884,inf,0.0,0,0,0,CLEAR,none,nan,0.0,0.0,0,0,0,0,22.32445514611885,0,0,1,0,2.0,2.0,"4.150,6.350;4.138,6.388;4.103,6.503;4.044,6.694;3.962,6.962;3.856,7.306;3.733,7.707;3.610,8.109;3.487,8.510;3.363,8.912;3.269,9.218",0.2500000000000004,19.05,2.0,0.2500000000000004,19.05,2.0,0.2500000000000004,19.05,2.0,2.4661857177802076,0.0,0.0,0,0,6,1,,,1,1,PASS_THROUGH,-1,0.9250476735667704,-0.3798510255727972,0.0,0.9,0,0.9250476735667704,-0.3798510255727972,0.0,4.5,0.9,0,0,0,BYPASS_VISIBLE,1,0,1,1,1
1787562397308423424,1787562397326275072,joint_v2_000006_1f4b2824,1731,1,0.03333333333333333,0.03333333333333333,17.851591110229492,frame_id_exact,1,,4.150000095367432,6.349999904632568,2.000570297241211,-0.00030652786559449974,-0.00010124128799616668,0.3370109903061974,0.9415006575694493,-3.143736466881819e-05,4.035327219753526e-05,0.027825258672237396,3.317751687891152e-05,-8.67250957544535e-07,0.02782528589918972,0.6874807464874321,-0.008826919831335545,depth/001731.png,1.0,1.5969040637756787e-05,0.0006454312274960887,-0.9999997915817385,3.317751687891152e-05,-8.67250957544535e-07,0.02782528589918972,-0.008826919831335545,0.9250856655310213,-0.37975848849803645,-4.292683919772772e-05,4.5,0.9,0.1333333332,0.0,-0.0005702972412109375,-0.5333333328,0.1333333332,0.0,-0.0005702972412109375,-0.5333333328,direct,SAFE_PROGRESSING,NONE,DIRECT_LOCAL,PASS_THROUGH,0,9,0,0,0,0,0,0.1333333332,13.285330374747884,inf,0.0,0,0,0,CLEAR,none,nan,0.0,0.0,0,0,0,0,0.0,0,0,1,0,2.0,2.0,"4.150,6.350;4.138,6.388;4.103,6.503;4.044,6.694;3.962,6.962;3.856,7.306;3.733,7.707;3.610,8.109;3.487,8.510;3.363,8.912;3.269,9.218",0.2500000000000004,19.05,2.0,0.2500000000000004,19.05,2.0,0.2500000000000004,19.05,2.0,2.4661857177802076,0.0,0.0,0,0,6,1,,,0,1,PASS_THROUGH,-1,0.9250476735667704,-0.3798510255727972,0.0,0.9,0,0.9250856655310213,-0.37975848849803645,-4.292683919772772e-05,4.5,0.9,0,0,0,BYPASS_VISIBLE,1,0,1,1,1
1787562397357703680,1787562397373617664,joint_v2_000006_1f4b2824,1732,2,0.03333333333333333,0.06666666666666667,15.913963317871094,frame_id_exact,1,,4.149993419647217,6.350008487701416,2.001492738723755,-0.003430348360649998,-0.0011005845917803204,0.3366454477381601,0.9416245875829999,-0.000563895795494318,0.0007316502160392702,0.025617331266403198,0.0007388195296088588,-2.1710853426065325e-05,0.025623321916975507,0.6867080447179512,-0.042098816484212875,depth/001732.png,1.0,0.00023694729486706647,0.00720121430607336,-0.9999740428473618,0.0007388195296088588,-2.1710853426065325e-05,0.025623321916975507,-0.042098816484212875,0.9253787142133817,-0.37904382682747473,-0.00011236001020085938,4.5,0.9,0.1999999998,0.0,-0.0014927387237548828,-0.7999999992,0.1999999998,0.0,-0.0014927387237548828,-0.7999999992,direct,SAFE_PROGRESSING,NONE,DIRECT_LOCAL,PASS_THROUGH,0,9,0,0,0,0,0,0.1999999998,13.285320210132223,inf,0.0,0,0,0,CLEAR,none,nan,0.0,0.0,0,0,0,0,22.27446781187941,0,0,1,0,2.0,2.0,"4.150,6.350;4.138,6.388;4.103,6.503;4.044,6.695;3.962,6.963;3.856,7.307;3.733,7.708;3.610,8.110;3.486,8.511;3.363,8.913;3.269,9.218",0.2500000000000004,19.05,2.0,0.2500000000000004,19.05,2.0,0.2500000000000004,19.05,2.0,2.4661857177802076,0.0,0.0,0,0,6,1,,,0,1,PASS_THROUGH,-1,0.9250476735667704,-0.3798510255727972,0.0,0.9,0,0.9253787142133817,-0.37904382682747473,-0.00011236001020085938,4.5,0.9,0,0,0,BYPASS_VISIBLE,1,0,1,1,1
1787562397400526336,1787562397417955840,joint_v2_000006_1f4b2824,1733,3,0.03333333333333333,0.1,17.429590225219727,frame_id_exact,1,,4.1499342918396,6.350085735321045,2.0022683143615723,-0.014154026155165408,-0.004686215226535485,0.3354918848753616,0.9419251021781013,-0.003745315596461296,0.004852977581322193,0.02132316492497921,0.005489575210541975,-0.00015149583407352777,0.021496459144701878,0.68432386480694,-0.1055285632610321,depth/001733.png,1.0,0.0006689943145771968,0.02980843942343541,-0.999555405860899,0.005489575210541975,-0.00015149583407352777,0.021496459144701878,-0.1055285632610321,0.9262788242572696,-0.3768388390022557,-0.00017073957302817254,4.5,0.9,0.2666666664,0.0,-0.0022683143615722656,-0.9660876035625543,0.2666666664,0.0,-0.0022683143615722656,-0.9660876035625543,direct,SAFE_PROGRESSING,NONE,DIRECT_LOCAL,PASS_THROUGH,0,9,0,0,0,0,0,0.2666666664,13.28522900859682,inf,0.0,0,0,0,CLEAR,none,nan,0.0,0.0,0,0,0,0,0.0,0,0,1,0,2.0,2.0,"4.150,6.350;4.138,6.388;4.103,6.503;4.044,6.695;3.962,6.963;3.856,7.307;3.733,7.708;3.610,8.110;3.486,8.511;3.363,8.913;3.269,9.218",0.2500000000000004,19.05,2.0,0.2500000000000004,19.05,2.0,0.2500000000000004,19.05,2.0,2.4661857177802076,0.0,0.0,0,0,6,1,,,0,1,PASS_THROUGH,-1,0.9250476735667704,-0.3798510255727972,0.0,0.9,0,0.9262788242572696,-0.3768388390022557,-0.00017073957302817254,4.5,0.9,0,0,0,BYPASS_VISIBLE,1,0,1,1,1
1787562397443688960,1787562397460674304,joint_v2_000006_1f4b2824,1734,4,0.03333333333333333,0.13333333333333333,16.985416412353516,frame_id_exact,1,,4.149672508239746,6.350420951843262,2.0029618740081787,-0.033431565474919954,-0.011720844296286339,0.33297433409673827,0.9422701550360768,-0.013346930965781212,0.016983509063720703,0.020307164639234543,0.02010642164947042,-0.00028329782159877833,0.021785606092229223,0.6793497273345972,-0.19855496287345886,depth/001734.png,1.0,0.00017530295921506373,0.07080861341551814,-0.9974899044777567,0.02010642164947042,-0.00028329782159877833,0.021785606092229223,-0.19855496287345886,0.9281375415680893,-0.3722373627466028,-0.00022295155846212392,4.5,0.9,0.33333333299999995,0.0,-0.002961874008178711,-0.9542855556740726,0.33333333299999995,0.0,-0.002961874008178711,-0.9542855556740726,direct,SAFE_PROGRESSING,NONE,DIRECT_LOCAL,PASS_THROUGH,0,9,0,0,0,0,0,0.33333333299999995,13.284831714097944,inf,0.0,0,0,0,CLEAR,none,nan,0.0,0.0,0,0,0,0,0.0,0,0,1,0,2.0,2.0,"4.150,6.350;4.138,6.388;4.103,6.503;4.044,6.695;3.962,6.963;3.856,7.307;3.733,7.708;3.610,8.110;3.486,8.511;3.363,8.913;3.269,9.218",0.2500000000000004,19.05,2.0,0.2500000000000004,19.05,2.0,0.2500000000000004,19.05,2.0,2.4661857177802076,0.0,0.0,0,0,6,1,,,0,1,PASS_THROUGH,-1,0.9250476735667704,-0.3798510255727972,0.0,0.9,0,0.9281375415680893,-0.3722373627466028,-0.00022295155846212392,4.5,0.9,0,0,0,BYPASS_VISIBLE,1,0,1,1,1
1787562397489256704,1787562397509303296,joint_v2_000006_1f4b2824,1735,5,0.03333333333333333,0.16666666666666666,20.046710968017578,frame_id_exact,1,,4.148934364318848,6.351349353790283,2.0035672187805176,-0.059203343805178874,-0.02173493187826681,0.3285823081821252,0.9423673506484824,-0.03281121328473091,0.04090209677815437,0.015154419466853142,0.05011107508994102,0.00022846546497502343,0.021634269673472983,0.6711223997887737,-0.306968629360199,depth/001735.png,1.0,-0.002058237622083882,0.12586602467191965,-0.9920451136370658,0.05011107508994102,0.00022846546497502343,0.021634269673472983,-0.306968629360199,0.9311567156991264,-0.36461911454889934,-0.0002685404861398208,4.5,0.9,0.39999999959999993,0.0,-0.003567218780517578,-0.8308491915960248,0.39999999959999993,0.0,-0.003567218780517578,-0.8308491915960248,direct,SAFE_PROGRESSING,NONE,DIRECT_LOCAL,PASS_THROUGH,0,9,0,0,0,0,0,0.39999999959999993,13.283727542062465,inf,0.0,0,0,0,CLEAR,none,nan,0.0,0.0,0,0,0,0,21.38414505592734,0,0,1,0,2.0,2.0,"4.149,6.351;4.125,6.396;4.079,6.518;4.012,6.717;3.926,6.995;3.819,7.350;3.701,7.753;3.583,8.156;3.465,8.559;3.346,8.962;3.268,9.219",0.2500000000000004,19.05,2.0,0.2500000000000004,19.05,2.0,0.2500000000000004,19.05,2.0,2.4661857177802076,0.0,0.0,0,0,6,1,,,0,1,PASS_THROUGH,-1,0.9250476735667704,-0.3798510255727972,0.0,0.9,0,0.9311567156991264,-0.36461911454889934,-0.0002685404861398208,4.5,0.9,0,0,0,BYPASS_VISIBLE,1,0,1,1,1
1787562397537456128,1787562397559187968,joint_v2_000006_1f4b2824,1736,6,0.03333333333333333,0.2,21.731853485107422,frame_id_exact,1,,4.147352695465088,6.353306293487549,2.003913640975952,-0.08788713867575884,-0.032929238137093954,0.3221522589724307,0.9420241176159231,-0.06414636969566345,0.0789911150932312,0.004582090303301811,0.0990815558723757,0.002267064013378796,0.023517105838537535,0.6595325320878663,-0.40868979692459106,depth/001736.png,1.0,-0.0054141924816830805,0.18680006542585184,-0.982383032262197,0.0990815558723757,0.002267064013378796,0.023517105838537535,-0.40868979692459106,0.9352949838159305,-0.35386891134681364,-0.000294670967651885,4.5,0.9,0.4666666661999999,0.0,-0.0039136409759521484,-0.8053994129562853,0.4666666661999999,0.0,-0.0039136409759521484,-0.8053994129562853,direct,SAFE_PROGRESSING,NONE,DIRECT_LOCAL,PASS_THROUGH,0,9,0,0,0,0,0,0.4666666661999999,13.281392589252148,inf,0.0,0,0,0,CLEAR,none,nan,0.0,0.0,0,0,0,0,0.0,0,0,1,0,2.0,2.0,"4.149,6.351;4.125,6.396;4.079,6.518;4.012,6.717;3.926,6.995;3.819,7.350;3.701,7.753;3.583,8.156;3.465,8.559;3.346,8.962;3.268,9.219",0.2500000000000004,19.05,2.0,0.2500000000000004,19.05,2.0,0.2500000000000004,19.05,2.0,2.4661857177802076,0.0,0.0,0,0,6,1,,,1,1,PASS_THROUGH,-1,0.9352950244222228,-0.35386892671020675,0.0,0.9,0,0.9352949838159305,-0.35386891134681364,-0.000294670967651885,4.5,0.9,0,0,0,BYPASS_VISIBLE,1,0,1,1,1
1787562397600129280,1787562397616998912,joint_v2_000006_1f4b2824,1737,7,0.03333333333333333,0.23333333333333334,16.869544982910156,frame_id_exact,1,,4.144529342651367,6.356774806976318,2.0037944316864014,-0.11469348058628423,-0.04302104761976255,0.3139686756186223,0.9414978840671869,-0.10696236789226532,0.13139472901821136,-0.0130764776840806,0.1673911447644907,0.00661860150371953,0.02851168174766337,0.6448698561967919,-0.4931906759738922,depth/001737.png,1.0,-0.0089881302051886,0.24298186126638022,-0.9699891899454035,0.1673911447644907,0.00661860150371953,0.02851168174766337,-0.4931906759738922,0.9403398506844066,-0.3402365111831159,-0.00028578448050642363,4.5,0.9,0.5333333328,0.0,-0.003794431686401367,-0.7751391709102595,0.5333333328,0.0,-0.003794431686401367,-0.7751391709102595,direct,SAFE_PROGRESSING,NONE,DIRECT_LOCAL,PASS_THROUGH,0,9,0,0,0,0,0,0.5333333328,13.277248382160499,inf,0.0,0,0,0,CLEAR,none,nan,0.0,0.0,0,0,0,0,0.0,0,0,1,0,2.0,2.0,"4.149,6.351;4.125,6.396;4.079,6.518;4.012,6.717;3.926,6.995;3.819,7.350;3.701,7.753;3.583,8.156;3.465,8.559;3.346,8.962;3.268,9.219",0.2500000000000004,19.05,2.0,0.2500000000000004,19.05,2.0,0.2500000000000004,19.05,2.0,2.4661857177802076,0.0,0.0,0,0,6,1,,,0,1,PASS_THROUGH,-1,0.9352949838159305,-0.35386891134681364,-0.000294670967651885,0.9,0,0.9403398506844066,-0.3402365111831159,-0.00028578448050642363,4.5,0.9,0,0,0,BYPASS_VISIBLE,1,0,1,1,1
1787562397652634112,1787562397669363200,joint_v2_000006_1f4b2824,1738,8,0.03333333333333333,0.26666666666666666,16.729116439819336,frame_id_exact,1,,4.1401238441467285,6.362199783325195,2.002950429916382,-0.13478642378923394,-0.04988023146597732,0.30456941589599706,0.9415848625438819,-0.15842698514461517,0.19571655988693237,-0.03885709121823311,0.25207494856778734,0.013820054198885368,0.034368319429623435,0.6274017742408771,-0.5588812232017517,depth/001738.png,1.0,-0.011829297048703918,0.2842096985574342,-0.9586891649420191,0.25207494856778734,0.013820054198885368,0.034368319429623435,-0.5588812232017517,0.9460754339397197,-0.3239463286829594,-0.0002223254439015996,4.5,0.9,0.5999999993999999,0.0,-0.002950429916381836,-0.7213100395115568,0.5999999993999999,0.0,-0.002950429916381836,-0.7213100395115568,direct,SAFE_PROGRESSING,NONE,DIRECT_LOCAL,PASS_THROUGH,0,9,0,0,0,0,0,0.5999999993999999,13.270770055315259,inf,0.0,0,0,0,CLEAR,none,nan,0.0,0.0,0,0,0,0,18.901751338961454,0,0,1,0,2.0,2.0,"4.140,6.362;4.101,6.443;4.044,6.604;3.967,6.842;3.871,7.158;3.756,7.547;3.638,7.950;3.521,8.353;3.403,8.756;3.283,9.159;3.261,9.230",0.2500000000000004,19.05,2.0,0.2500000000000004,19.05,2.0,0.2500000000000004,19.05,2.0,2.4661857177802076,0.0,0.0,0,0,6,1,,,0,1,PASS_THROUGH,-1,0.9352949838159305,-0.35386891134681364,-0.000294670967651885,0.9,0,0.9460754339397197,-0.3239463286829594,-0.0002223254439015996,4.5,0.9,0,0,0,BYPASS_VISIBLE,1,0,1,1,1
1787562397696477696,1787562397712756992,joint_v2_000006_1f4b2824,1739,9,0.03333333333333333,0.3,16.27945899963379,frame_id_exact,1,,4.133919715881348,6.369908332824707,2.001128911972046,-0.14456095414325376,-0.05201996547223698,0.2945473313409978,0.9432061934324625,-0.21416722238063812,0.2677156925201416,-0.07123256474733353,0.3474597146832949,0.02399116517294033,0.03618756844701991,0.6073895489710024,-0.60466068983078,depth/001739.png,1.0,-0.012971020713106032,0.3033462585654428,-0.9527921074589187,0.3474597146832949,0.02399116517294033,0.03618756844701991,-0.60466068983078,0.952283995314669,-0.3052133434517753,-8.512649307311634e-05,4.5,0.9,0.6666666659999999,0.0,-0.0011289119720458984,-0.6852191849683859,0.6666666659999999,0.0,-0.0011289119720458984,-0.6852191849683859,direct,SAFE_PROGRESSING,NONE,DIRECT_LOCAL,PASS_THROUGH,0,9,0,0,0,0,0,0.6666666659999999,13.261581996405262,inf,0.0,0,0,0,CLEAR,none,nan,0.0,0.0,0,0,0,0,0.0,0,0,1,0,2.0,2.0,"4.140,6.362;4.101,6.443;4.044,6.604;3.967,6.842;3.871,7.158;3.756,7.547;3.638,7.950;3.521,8.353;3.403,8.756;3.283,9.159;3.261,9.230",0.2500000000000004,19.05,2.0,0.2500000000000004,19.05,2.0,0.2500000000000004,19.05,2.0,2.4661857177802076,0.0,0.0,0,0,6,1,,,0,1,PASS_THROUGH,-1,0.9352949838159305,-0.35386891134681364,-0.000294670967651885,0.9,0,0.952283995314669,-0.3052133434517753,-8.512649307311634e-05,4.5,0.9,0,0,0,BYPASS_VISIBLE,1,0,1,1,1
1787562397737063168,1787562397757069824,joint_v2_000006_1f4b2824,1740,10,0.03333333333333333,0.3333333333333333,20.006656646728516,frame_id_exact,1,,4.125852108001709,6.380076885223389,1.998175024986267,-0.1426440654877366,-0.04890328232532276,0.28433880787834187,0.9467906748026532,-0.2694421708583832,0.34246423840522766,-0.10586462169885635,0.44600487047983733,0.0366340882698788,0.02873595719113911,0.585248588118804,-0.6316207051277161,depth/001740.png,1.0,-0.011483856282307706,0.29791834403489653,-0.9545222791178802,0.44600487047983733,0.0366340882698788,0.02873595719113911,-0.6316207051277161,0.9587061565107445,-0.28439846430020027,0.00013773918674891094,4.5,0.9,0.7333333325999999,0.0,0.0018249750137329102,-0.6523331078859507,0.7333333325999999,0.0,0.0018249750137329102,-0.6523331078859507,direct,SAFE_PROGRESSING,NONE,DIRECT_LOCAL,PASS_THROUGH,0,8,0,0,0,0,0,0.7333333325999999,13.249497397918608,inf,0.0,0,0,0,CLEAR,none,nan,0.0,0.0,0,0,0,0,0.0,0,0,1,0,2.0,2.0,"4.140,6.362;4.101,6.443;4.044,6.604;3.967,6.842;3.871,7.158;3.756,7.547;3.638,7.950;3.521,8.353;3.403,8.756;3.283,9.159;3.261,9.230",0.2500000000000004,19.05,2.0,0.2500000000000004,19.05,2.0,0.2500000000000004,19.05,2.0,2.4661857177802076,0.0,0.0,0,0,6,1,,,0,1,PASS_THROUGH,-1,0.9352949838159305,-0.35386891134681364,-0.000294670967651885,0.9,0,0.9587061565107445,-0.28439846430020027,0.00013773918674891094,4.5,0.9,0,0,0,BYPASS_VISIBLE,1,0,1,1,1
1787562397785188096,1787562397803207424,joint_v2_000006_1f4b2824,1741,11,0.03333333333333333,0.36666666666666664,18.01919937133789,frame_id_exact,1,,4.116011142730713,6.392716884613037,1.994107961654663,-0.13026385689721479,-0.04099590725123125,0.2740931623062124,0.9519577729877995,-0.3199171721935272,0.41524261236190796,-0.1371035873889923,0.5393748523990162,0.05055436927361883,0.009478512924605498,0.5616016904441296,-0.6432634592056274,depth/001741.png,1.0,-0.006643880194669938,0.2704847779455523,-0.9627013263498208,0.5393748523990162,0.05055436927361883,0.009478512924605498,-0.6432634592056274,0.9650495182109529,-0.2620672226665686,0.0004452017957453526,4.5,0.9,0.7999999991999999,0.0,0.005892038345336914,-0.5433124638627279,0.7999999991999999,0.0,0.005892038345336914,-0.5433124638627279,direct,SAFE_PROGRESSING,NONE,DIRECT_LOCAL,PASS_THROUGH,0,8,0,0,0,0,0,0.7999999991999999,13.23453278430251,inf,0.0,0,0,0,CLEAR,none,nan,0.0,0.0,0,0,0,0,15.192760792474058,0,0,1,0,2.0,1.0,"4.116,6.393;4.056,6.524;3.987,6.725;3.920,6.935;3.857,7.145;3.794,7.356;3.733,7.567;3.671,7.779;3.611,7.990;3.550,8.202;3.489,8.413;3.428,8.624;3.367,8.836",0.2500000000000004,19.05,2.0,0.2500000000000004,19.05,2.0,0.2500000000000004,19.05,2.0,2.4661857177802076,0.0,0.0,0,0,6,1,,,0,1,PASS_THROUGH,-1,0.9352949838159305,-0.35386891134681364,-0.000294670967651885,0.9,0,0.9650495182109529,-0.2620672226665686,0.0004452017957453526,4.5,0.9,0,0,0,BYPASS_VISIBLE,1,0,1,1,1
1787562397829535232,1787562397847436800,joint_v2_000006_1f4b2824,1742,12,0.03333333333333333,0.4,17.90165901184082,frame_id_exact,1,,4.104617118835449,6.407693386077881,1.989126443862915,-0.11091037046384142,-0.029580926145033246,0.2637693814164048,0.9577314717389122,-0.36203351616859436,0.4821018576622009,-0.16011744737625122,0.6202104900792208,0.06398677254576265,-0.019305591933353877,0.5372821975468077,-0.640362024307251,depth/001742.png,1.0,0.0018483517552579792,0.22804978985288518,-0.973647717063951,0.6202104900792208,0.06398677254576265,-0.019305591933353877,-0.640362024307251,0.9710188074379377,-0.23900167104781925,0.0008227017415628194,4.5,0.9,0.8666666657999998,0.0,0.010873556137084961,-0.5069073534551016,0.8666666657999998,0.0,0.010873556137084961,-0.5069073534551016,direct,SAFE_PROGRESSING,NONE,DIRECT_LOCAL,PASS_THROUGH,0,8,0,0,0,0,0,0.8666666657999998,13.216882750983238,inf,0.0,0,0,0,CLEAR,none,nan,0.0,0.0,0,0,0,0,0.0,0,0,1,0,2.0,1.0,"4.116,6.393;4.056,6.524;3.987,6.725;3.920,6.935;3.857,7.145;3.794,7.356;3.733,7.567;3.671,7.779;3.611,7.990;3.550,8.202;3.489,8.413;3.428,8.624;3.367,8.836",0.2500000000000004,19.05,2.0,0.2500000000000004,19.05,2.0,0.2500000000000004,19.05,2.0,2.4661857177802076,0.0,0.0,0,0,6,1,,,1,1,PASS_THROUGH,-1,0.9710191360493937,-0.23900175193058545,0.0,0.9,0,0.9710188074379377,-0.23900167104781925,0.0008227017415628194,4.5,0.9,0,0,0,BYPASS_VISIBLE,1,0,1,1,1
1787562397874269184,1787562397890459136,joint_v2_000006_1f4b2824,1743,13,0.03333333333333333,0.43333333333333335,16.1898136138916,frame_id_exact,1,,4.091994762420654,6.424762725830078,1.9835587739944458,-0.08947753261089253,-0.016442537984826446,0.2533543523263905,0.963086178002654,-0.39340704679489136,0.5405395030975342,-0.17209908366203308,0.6844130437216263,0.07496169150140737,-0.050295962711390405,0.5132286552871399,-0.6268662810325623,depth/001743.png,1.0,0.013667882515852395,0.1806807269221602,-0.9834468282049684,0.6844130437216263,0.07496169150140737,-0.050295962711390405,-0.6268662810325623,0.9763697240279744,-0.2161032389415028,0.0012458412934741184,4.5,0.9,0.9333333323999998,0.0,0.0164412260055542,-0.4815968734330006,0.9333333323999998,0.0,0.0164412260055542,-0.4815968734330006,direct,SAFE_PROGRESSING,NONE,DIRECT_LOCAL,PASS_THROUGH,0,8,0,0,0,0,0,0.9333333323999998,13.196876144889643,inf,0.0,0,0,0,CLEAR,none,nan,0.0,0.0,0,0,0,0,0.0,0,0,1,0,2.0,1.0,"4.116,6.393;4.056,6.524;3.987,6.725;3.920,6.935;3.857,7.145;3.794,7.356;3.733,7.567;3.671,7.779;3.611,7.990;3.550,8.202;3.489,8.413;3.428,8.624;3.367,8.836",0.2500000000000004,19.05,2.0,0.2500000000000004,19.05,2.0,0.2500000000000004,19.05,2.0,2.4661857177802076,0.0,0.0,0,0,6,1,,,0,1,PASS_THROUGH,-1,0.9710188074379377,-0.23900167104781925,0.0008227017415628194,0.9,0,0.9763697240279744,-0.2161032389415028,0.0012458412934741184,4.5,0.9,0,0,0,BYPASS_VISIBLE,1,0,1,1,1
1787562397919399168,1787562397941023744,joint_v2_000006_1f4b2824,1744,14,0.03333333333333333,0.4666666666666667,21.62456512451172,frame_id_exact,1,,4.078518390655518,6.443631172180176,1.9777768850326538,-0.07113380350396216,-0.0035259265432912457,0.24292014732501024,0.9674282153548481,-0.4132077693939209,0.5901238322257996,-0.17331019043922424,0.7326621445797648,0.08195992474034272,-0.07424266155507023,0.4900821152758509,-0.6096413731575012,depth/001744.png,1.0,0.02773750640744456,0.13934673434118805,-0.989855099682142,0.7326621445797648,0.08195992474034272,-0.07424266155507023,-0.6096413731575012,0.9810003444523486,-0.19399865715587136,0.0016867738710771925,4.5,0.9,0.9999999989999998,0.0,0.02222311496734619,-0.3433887428710175,0.9999999989999998,0.0,0.02222311496734619,-0.3433887428710175,direct,SAFE_PROGRESSING,NONE,DIRECT_LOCAL,PASS_THROUGH,0,8,0,0,0,0,0,0.9999999989999998,13.174903722252202,inf,0.0,0,0,0,CLEAR,none,nan,0.0,0.0,0,0,0,0,11.18624999112181,0,0,1,0,2.0,2.0,"4.079,6.444;4.002,6.611;3.917,6.861;3.816,7.190;3.701,7.585;3.586,7.989;3.473,8.394;3.358,8.798;3.241,9.201;3.207,9.314",0.2500000000000004,19.05,2.0,0.2500000000000004,19.05,2.0,0.2500000000000004,19.05,2.0,2.4661857177802076,0.0,0.0,0,0,6,1,,,0,1,PASS_THROUGH,-1,0.9710188074379377,-0.23900167104781925,0.0008227017415628194,0.9,0,0.9810003444523486,-0.19399865715587136,0.0016867738710771925,4.5,0.9,0,0,0,BYPASS_VISIBLE,1,0,1,1,1
1787562397982599168,1787562398013902336,joint_v2_000006_1f4b2824,1745,15,0.03333333333333333,0.5,31.30316734313965,frame_id_exact,1,,4.064564228057861,6.4640302658081055,1.9720962047576904,-0.0601606858042035,0.007300949274422594,0.23266636117104786,0.9706666535957047,-0.4225372076034546,0.6329724788665771,-0.1666627824306488,0.7699831231735218,0.08437048382361097,-0.08352212489316296,0.4681160742348225,-0.5877928733825684,depth/001745.png,1.0,0.04216831170378902,0.11339457253362904,-0.9926547760465204,0.7699831231735218,0.08437048382361097,-0.08352212489316296,-0.5877928733825684,0.9849264252007635,-0.1729607907951627,0.0021217419156477476,4.5,0.9,1.0666666656,0.0,0.02790379524230957,-0.314767109940971,1.0666666656,0.0,0.02790379524230957,-0.314767109940971,direct,SAFE_PROGRESSING,NONE,DIRECT_LOCAL,PASS_THROUGH,0,7,0,0,0,0,0,1.0666666656,13.151332038997916,inf,0.0,0,0,0,CLEAR,none,nan,0.0,0.0,0,0,0,0,0.0,0,0,1,0,2.0,2.0,"4.079,6.444;4.002,6.611;3.917,6.861;3.816,7.190;3.701,7.585;3.586,7.989;3.473,8.394;3.358,8.798;3.241,9.201;3.207,9.314",0.2500000000000004,19.05,2.0,0.2500000000000004,19.05,2.0,0.2500000000000004,19.05,2.0,2.4661857177802076,0.0,0.0,0,0,6,1,,,0,1,PASS_THROUGH,-1,0.9710188074379377,-0.23900167104781925,0.0008227017415628194,0.9,0,0.9849264252007635,-0.1729607907951627,0.0021217419156477476,4.5,0.9,0,0,0,BYPASS_VISIBLE,1,0,1,1,1
1787562398040593408,1787562398059379200,joint_v2_000006_1f4b2824,1746,16,0.03333333333333333,0.5333333333333333,18.785715103149414,frame_id_exact,1,,4.05043363571167,6.485804557800293,1.966712236404419,-0.05903419010302515,0.014526487133612345,0.22289499525296738,0.9729448939490954,-0.42438721656799316,0.6734996438026428,-0.15617769956588745,0.8036097932967468,0.08255311544974725,-0.0741217706035736,0.44744002254283166,-0.5621474981307983,depth/001746.png,1.0,0.05458379401288385,0.10839826509693945,-0.9926078911408738,0.8036097932967468,0.08255311544974725,-0.0741217706035736,-0.5621474981307983,0.9882069259763221,-0.15310336540728756,0.0025359324499104694,4.5,0.9,1.1333333321999999,0.0,0.033287763595581055,-0.3023279217182556,1.1333333321999999,0.0,0.033287763595581055,-0.3023279217182556,direct,SAFE_PROGRESSING,NONE,DIRECT_LOCAL,PASS_THROUGH,0,7,0,0,0,0,0,1.1333333321999999,13.12639718008108,inf,0.0,0,0,0,CLEAR,none,nan,0.0,0.0,0,0,0,0,0.0,0,0,1,0,2.0,2.0,"4.079,6.444;4.002,6.611;3.917,6.861;3.816,7.190;3.701,7.585;3.586,7.989;3.473,8.394;3.358,8.798;3.241,9.201;3.207,9.314",0.2500000000000004,19.05,2.0,0.2500000000000004,19.05,2.0,0.2500000000000004,19.05,2.0,2.4661857177802076,0.0,0.0,0,0,6,1,,,0,1,PASS_THROUGH,-1,0.9710188074379377,-0.23900167104781925,0.0008227017415628194,0.9,0,0.9882069259763221,-0.15310336540728756,0.0025359324499104694,4.5,0.9,0,0,0,BYPASS_VISIBLE,1,0,1,1,1
1787562398087619584,1787562398106833920,joint_v2_000006_1f4b2824,1747,17,0.03333333333333333,0.5666666666666667,19.214391708374023,frame_id_exact,1,,4.036308288574219,6.508966445922852,1.9616808891296387,-0.06793665196782443,0.017291013226416553,0.21378710823093824,0.9743616908187944,-0.4229372441768646,0.7171747088432312,-0.14618375897407532,0.8404646056860562,0.07775302922701821,-0.04646374865515361,0.4280311569341487,-0.5367728471755981,depth/001747.png,1.0,0.06274336250070847,0.12499655072775778,-0.9901712643620132,0.8404646056860562,0.07775302922701821,-0.04646374865515361,-0.5367728471755981,0.9909213406222535,-0.13441108812283664,0.0029250793204664556,4.5,0.9,1.0666666656,0.0,0.03831911087036133,-0.2098732712077822,1.0666666656,0.0,0.03831911087036133,-0.2098732712077822,direct,SAFE_PROGRESSING,NONE,DIRECT_LOCAL,PASS_THROUGH,0,7,0,0,0,0,0,1.0666666656,13.100139429052454,inf,0.0,0,0,0,CLEAR,none,nan,0.0,0.0,0,0,0,0,7.724600605020454,0,0,1,0,2.0,1.0,"4.036,6.509;3.957,6.696;3.887,6.904;3.821,7.114;3.758,7.325;3.697,7.536;3.636,7.748;3.576,7.960;3.516,8.171;3.457,8.383;3.397,8.595;3.337,8.806;3.307,8.912",0.2500000000000004,19.05,2.0,0.2500000000000004,19.05,2.0,0.2500000000000004,19.05,2.0,2.4661857177802076,0.0,0.0,0,0,6,1,,,0,1,PASS_THROUGH,-1,0.9710188074379377,-0.23900167104781925,0.0008227017415628194,0.9,0,0.9909213406222535,-0.13441108812283664,0.0029250793204664556,4.5,0.9,0,0,0,BYPASS_VISIBLE,1,0,1,1,1
1787562398138968064,1787562398155697664,joint_v2_000006_1f4b2824,1748,18,0.03333333333333333,0.6,16.72959327697754,frame_id_exact,1,,4.022226810455322,6.533698081970215,1.9568774700164795,-0.08213164823220033,0.016208869977875687,0.20537930022817835,0.9750953840166029,-0.42232072353363037,0.7680318355560303,-0.1435701847076416,0.8851941332357817,0.07151546929325275,-0.012529007432340339,0.4101190462075419,-0.5017586946487427,depth/001748.png,1.0,0.06534666947213617,0.15351444939869657,-0.9859833297854048,0.8851941332357817,0.07151546929325275,-0.012529007432340339,-0.5017586946487427,0.9931120640561714,-0.1171219305231262,0.003298729547414317,4.5,0.9,1.0,0.0,0.04312252998352051,-0.18659311215165453,1.0,0.0,0.04312252998352051,-0.18659311215165453,direct,SAFE_PROGRESSING,NONE,DIRECT_LOCAL,PASS_THROUGH,0,7,0,0,0,0,0,1.0,13.072394914964665,inf,0.0,0,0,0,CLEAR,none,nan,0.0,0.0,0,0,0,0,0.0,0,0,1,0,2.0,1.0,"4.036,6.509;3.957,6.696;3.887,6.904;3.821,7.114;3.758,7.325;3.697,7.536;3.636,7.748;3.576,7.960;3.516,8.171;3.457,8.383;3.397,8.595;3.337,8.806;3.307,8.912",0.2500000000000004,19.05,2.0,0.2500000000000004,19.05,2.0,0.2500000000000004,19.05,2.0,2.4661857177802076,0.0,0.0,0,0,6,1,,,1,1,PASS_THROUGH,-1,0.9931174674326438,-0.11712256776630017,0.0,0.9,0,0.9931120640561714,-0.1171219305231262,0.003298729547414317,4.5,0.9,0,0,0,BYPASS_VISIBLE,1,0,1,1,1
1787562398185579776,1787562398204479744,joint_v2_000006_1f4b2824,1749,19,0.03333333333333333,0.6333333333333333,18.899917602539062,frame_id_exact,1,,4.008126735687256,6.560243129730225,1.9520455598831177,-0.08864627537502758,0.014156664492504897,0.1976920410110436,0.9761451140242773,-0.42399024963378906,0.825402557849884,-0.1466752141714096,0.9371805115063185,0.06499043286324464,0.0062980338905285205,0.39433899710027104,-0.4557294249534607,depth/001749.png,1.0,0.06268724396431169,0.16746593737270382,-0.9838828534251629,0.9371805115063185,0.06499043286324464,0.0062980338905285205,-0.4557294249534607,0.9947897004613205,-0.10188196189724956,0.003676641952089863,4.5,0.9,1.0,0.0,0.047954440116882324,-0.17994492977472298,1.0,0.0,0.047954440116882324,-0.17994492977472298,direct,SAFE_PROGRESSING,NONE,DIRECT_LOCAL,PASS_THROUGH,0,7,0,0,0,0,0,1.0,13.042911608990472,inf,0.0,0,0,0,CLEAR,none,nan,0.0,0.0,0,0,0,0,0.0,0,0,1,0,2.0,1.0,"4.036,6.509;3.957,6.696;3.887,6.904;3.821,7.114;3.758,7.325;3.697,7.536;3.636,7.748;3.576,7.960;3.516,8.171;3.457,8.383;3.397,8.595;3.337,8.806;3.307,8.912",0.2500000000000004,19.05,2.0,0.2500000000000004,19.05,2.0,0.2500000000000004,19.05,2.0,2.4661857177802076,0.0,0.0,0,0,6,1,,,0,1,PASS_THROUGH,-1,0.9931120640561714,-0.1171219305231262,0.003298729547414317,0.9,0,0.9947897004613205,-0.10188196189724956,0.003676641952089863,4.5,0.9,0,0,0,BYPASS_VISIBLE,1,0,1,1,1
1787562398239313152,1787562398256090368,joint_v2_000006_1f4b2824,1750,20,0.03333333333333333,0.6666666666666666,16.77727699279785,frame_id_exact,1,,3.993954658508301,6.588719367980957,1.9470953941345215,-0.07981421442692108,0.012972538804896933,0.1907381392234485,0.9783048434194452,-0.42628467082977295,0.8822441697120667,-0.15003424882888794,0.9894698007654696,0.05932084608130138,-0.003771205426773616,0.3808493011950329,-0.40847957134246826,depth/001750.png,1.0,0.055829424575299234,0.15121654926985006,-0.9869228088247378,0.9894698007654696,0.05932084608130138,-0.003771205426773616,-0.40847957134246826,0.9960354404934334,-0.08886433169881225,0.004065935658064127,4.5,0.9,1.0,0.0,0.052904605865478516,-0.1235615998783679,1.0,0.0,0.052904605865478516,-0.1235615998783679,direct,SAFE_PROGRESSING,NONE,DIRECT_LOCAL,PASS_THROUGH,0,7,0,0,0,0,0,1.0,13.011560685594135,inf,0.0,0,0,0,CLEAR,none,nan,0.0,0.0,0,0,0,0,5.098318554681374,0,0,1,0,2.0,1.0,"3.994,6.589;3.915,6.792;3.847,7.001;3.782,7.211;3.719,7.422;3.657,7.633;3.596,7.845;3.536,8.056;3.476,8.268;3.415,8.479;3.355,8.691;3.294,8.902;3.264,9.008",0.2500000000000004,19.05,2.0,0.2500000000000004,19.05,2.0,0.2500000000000004,19.05,2.0,2.4661857177802076,0.0,0.0,0,0,6,1,,,0,1,PASS_THROUGH,-1,0.9931120640561714,-0.1171219305231262,0.003298729547414317,0.9,0,0.9960354404934334,-0.08886433169881225,0.004065935658064127,4.5,0.9,0,0,0,BYPASS_VISIBLE,1,0,1,1,1
1787562398284712704,1787562398301298688,joint_v2_000006_1f4b2824,1751,21,0.03333333333333333,0.7,16.585826873779297,frame_id_exact,1,,3.9797301292419434,6.61895227432251,1.9420866966247559,-0.0571572172691493,0.012951293195933385,0.18442502185200274,0.9810977157416526,-0.42668086290359497,0.9293892979621887,-0.14946283400058746,1.0311817960231253,0.05561384518997002,-0.041609715884645335,0.3691122393793158,-0.36199140548706055,depth/001751.png,1.0,0.04649541042858636,0.10737654554048003,-0.9931306330372005,1.0311817960231253,0.05561384518997002,-0.041609715884645335,-0.36199140548706055,0.99697878534196,-0.0775460530854841,0.004462200010433137,4.5,0.9,1.0,0.0,0.05791330337524414,-0.11016419163007218,1.0,0.0,0.05791330337524414,-0.11016419163007218,direct,SAFE_PROGRESSING,NONE,DIRECT_LOCAL,PASS_THROUGH,0,7,0,0,0,0,0,1.0,12.97851433697427,inf,0.0,0,0,0,CLEAR,none,nan,0.0,0.0,0,0,0,0,0.0,0,0,1,0,2.0,1.0,"3.994,6.589;3.915,6.792;3.847,7.001;3.782,7.211;3.719,7.422;3.657,7.633;3.596,7.845;3.536,8.056;3.476,8.268;3.415,8.479;3.355,8.691;3.294,8.902;3.264,9.008",0.2500000000000004,19.05,2.0,0.2500000000000004,19.05,2.0,0.2500000000000004,19.05,2.0,2.4661857177802076,0.0,0.0,0,0,6,1,,,0,1,PASS_THROUGH,-1,0.9931120640561714,-0.1171219305231262,0.003298729547414317,0.9,0,0.99697878534196,-0.0775460530854841,0.004462200010433137,4.5,0.9,0,0,0,BYPASS_VISIBLE,1,0,1,1,1
1787562398327648000,1787562398344688896,joint_v2_000006_1f4b2824,1752,22,0.03333333333333333,0.7333333333333333,17.04096794128418,frame_id_exact,1,,3.9655532836914062,6.65048885345459,1.937225580215454,-0.025942644493062602,0.01402361402391793,0.17864074910624,0.9834723179658775,-0.4231162965297699,0.9595505595207214,-0.14075109362602234,1.0524735871819848,0.0542921387505329,-0.09448417315453927,0.3585183718338793,-0.3166886270046234,depth/001752.png,1.0,0.03685249927279786,0.04601736759869503,-0.9982606348928295,1.0524735871819848,0.0542921387505329,-0.09448417315453927,-0.3166886270046234,0.9977191098124609,-0.06732800163205632,0.004849547531930471,4.5,0.9,1.0,0.0,0.0627744197845459,-0.10985238639104111,1.0,0.0,0.0627744197845459,-0.10985238639104111,direct,SAFE_PROGRESSING,NONE,DIRECT_LOCAL,PASS_THROUGH,0,7,0,0,0,0,0,1.0,12.94423473509554,inf,0.0,0,0,0,CLEAR,none,nan,0.0,0.0,0,0,0,0,0.0,0,0,1,0,2.0,1.0,"3.994,6.589;3.915,6.792;3.847,7.001;3.782,7.211;3.719,7.422;3.657,7.633;3.596,7.845;3.536,8.056;3.476,8.268;3.415,8.479;3.355,8.691;3.294,8.902;3.264,9.008",0.2500000000000004,19.05,2.0,0.2500000000000004,19.05,2.0,0.2500000000000004,19.05,2.0,2.4661857177802076,0.0,0.0,0,0,6,1,,,0,1,PASS_THROUGH,-1,0.9931120640561714,-0.1171219305231262,0.003298729547414317,0.9,0,0.9977191098124609,-0.06732800163205632,0.004849547531930471,4.5,0.9,0,0,0,BYPASS_VISIBLE,1,0,1,1,1
1787562398385193472,1787562398402015232,joint_v2_000006_1f4b2824,1753,23,0.03333333333333333,0.7666666666666667,16.821622848510742,frame_id_exact,1,,3.951580762863159,6.68268346786499,1.9328135251998901,0.006955533025071719,0.015949253705836497,0.17334180242399175,0.9847080081927667,-0.4143012762069702,0.9684820771217346,-0.12272753566503525,1.04917103017755,0.054796798084886855,-0.14457727877847504,0.3487759607434588,-0.2753143310546875,depth/001753.png,1.0,0.028999346434899657,-0.019227682911449218,-0.999394483733128,1.04917103017755,0.054796798084886855,-0.14457727877847504,-0.2753143310546875,0.9983073672533154,-0.05792507866987289,0.005204397068171208,4.5,0.9,1.0666666666,0.0,0.06718647480010986,-0.0687262490676177,1.0666666666,0.0,0.06718647480010986,-0.0687262490676177,direct,SAFE_PROGRESSING,NONE,DIRECT_LOCAL,PASS_THROUGH,0,6,0,0,0,0,0,1.0666666666,12.909384894332439,inf,0.0,0,0,0,CLEAR,none,nan,0.0,0.0,0,0,0,0,3.320766338519447,0,0,1,0,2.0,2.0,"3.952,6.683;3.867,6.918;3.768,7.234;3.652,7.622;3.535,8.026;3.419,8.429;3.303,8.833;3.186,9.237;3.091,9.557",0.2500000000000004,19.05,2.0,0.2500000000000004,19.05,2.0,0.2500000000000004,19.05,2.0,2.4661857177802076,0.0,0.0,0,0,6,1,,,0,1,PASS_THROUGH,-1,0.9931120640561714,-0.1171219305231262,0.003298729547414317,0.9,0,0.9983073672533154,-0.05792507866987289,0.005204397068171208,4.5,0.9,0,0,0,BYPASS_VISIBLE,1,0,1,1,1
1787562398429305600,1787562398449446144,joint_v2_000006_1f4b2824,1754,24,0.03333333333333333,0.8,20.140647888183594,frame_id_exact,1,,3.9379940032958984,6.714819431304932,1.9291107654571533,0.03331387030486873,0.018091095062384006,0.16862172128696384,0.9849515792337081,-0.4001382887363434,0.9565646648406982,-0.09898022562265396,1.0253764258347888,0.05581285330037595,-0.17438980459792483,0.3399851966352812,-0.24031665921211243,depth/001754.png,1.0,0.02440282099644926,-0.07172620151310534,-0.9971257966495083,1.0253764258347888,0.05581285330037595,-0.17438980459792483,-0.24031665921211243,0.9987618240756179,-0.04944191232954932,0.005506003481837302,4.5,0.9,1.1333333332,0.0,0.07088923454284668,-0.058887426528275166,1.1333333332,0.0,0.07088923454284668,-0.058887426528275166,direct,SAFE_PROGRESSING,NONE,DIRECT_LOCAL,PASS_THROUGH,0,6,0,0,0,0,0,1.1333333332,12.874703081262064,inf,0.0,0,0,0,CLEAR,none,nan,0.0,0.0,0,0,0,0,0.0,0,0,1,0,2.0,2.0,"3.952,6.683;3.867,6.918;3.768,7.234;3.652,7.622;3.535,8.026;3.419,8.429;3.303,8.833;3.186,9.237;3.091,9.557",0.2500000000000004,19.05,2.0,0.2500000000000004,19.05,2.0,0.2500000000000004,19.05,2.0,2.4661857177802076,0.0,0.0,0,0,6,1,,,1,1,PASS_THROUGH,-1,0.9987769636887033,-0.04944266178893476,0.0,0.9,0,0.9987618240756179,-0.04944191232954932,0.005506003481837302,4.5,0.9,0,0,0,BYPASS_VISIBLE,1,0,1,1,1
1787562398480405248,1787562398497424640,joint_v2_000006_1f4b2824,1755,25,0.03333333333333333,0.8333333333333334,17.019271850585938,frame_id_exact,1,,3.9249467849731445,6.746301651000977,1.926260232925415,0.0433375091677541,0.019147184454544296,0.16469912504105289,0.9852052800494475,-0.3823354244232178,0.9310457706451416,-0.07178973406553268,0.9938975233054971,0.055936446702013864,-0.16498241366836383,0.3323594023039319,-0.21201106905937195,depth/001755.png,1.0,0.023452514762620065,-0.09169973476585154,-0.995510491253197,0.9938975233054971,0.055936446702013864,-0.16498241366836383,-0.21201106905937195,0.9990971059383833,-0.04209508742941639,0.005742518598722148,4.5,0.9,1.1999999998,0.0,0.07373976707458496,-0.06075402574353628,1.1999999998,0.0,0.07373976707458496,-0.06075402574353628,direct,SAFE_PROGRESSING,NONE,DIRECT_LOCAL,PASS_THROUGH,0,6,0,0,0,0,0,1.1999999998,12.840803204455154,inf,0.0,0,0,0,CLEAR,none,nan,0.0,0.0,0,0,0,0,0.0,0,0,1,0,2.0,2.0,"3.952,6.683;3.867,6.918;3.768,7.234;3.652,7.622;3.535,8.026;3.419,8.429;3.303,8.833;3.186,9.237;3.091,9.557",0.2500000000000004,19.05,2.0,0.2500000000000004,19.05,2.0,0.2500000000000004,19.05,2.0,2.4661857177802076,0.0,0.0,0,0,6,1,,,0,1,PASS_THROUGH,-1,0.9987618240756179,-0.04944191232954932,0.005506003481837302,0.9,0,0.9990971059383833,-0.04209508742941639,0.005742518598722148,4.5,0.9,0,0,0,BYPASS_VISIBLE,1,0,1,1,1
1787562398524300032,1787562398540015360,joint_v2_000006_1f4b2824,1756,26,0.03333333333333333,0.8666666666666667,15.715360641479492,frame_id_exact,1,,3.912506341934204,6.776885509490967,1.9243299961090088,0.03260148571212856,0.018193076205408054,0.16163091553328726,0.9861448180928689,-0.36443090438842773,0.9051277041435242,-0.0444255992770195,0.9685357950975976,0.05440957667252875,-0.11409509338090462,0.3258055120952855,-0.18998172879219055,depth/001756.png,1.0,0.025343199683470208,-0.0701806995211825,-0.9972123102150922,0.9685357950975976,0.05440957667252875,-0.11409509338090462,-0.18998172879219055,0.9993417496050867,-0.035793345785432175,0.005907951737163052,4.5,0.9,1.1333333332,0.0,0.07567000389099121,-0.031642816993363576,1.1333333332,0.0,0.07567000389099121,-0.031642816993363576,direct,SAFE_PROGRESSING,NONE,DIRECT_LOCAL,PASS_THROUGH,0,6,0,0,0,0,0,1.1333333332,12.80793863203018,inf,0.0,0,0,0,CLEAR,none,nan,0.0,0.0,0,0,0,0,2.0512816186372884,0,0,1,0,2.0,1.0,"3.913,6.777;3.841,6.982;3.775,7.192;3.711,7.403;3.648,7.614;3.586,7.825;3.525,8.036;3.464,8.247;3.402,8.459;3.341,8.670;3.280,8.881;3.219,9.092;3.188,9.198",0.2500000000000004,19.05,2.0,0.2500000000000004,19.05,2.0,0.2500000000000004,19.05,2.0,2.4661857177802076,0.0,0.0,0,0,6,1,,,0,1,PASS_THROUGH,-1,0.9987618240756179,-0.04944191232954932,0.005506003481837302,0.9,0,0.9993417496050867,-0.035793345785432175,0.005907951737163052,4.5,0.9,0,0,0,BYPASS_VISIBLE,1,0,1,1,1
1787562398571179008,1787562398590137856,joint_v2_000006_1f4b2824,1757,27,0.03333333333333333,0.9,18.95904541015625,frame_id_exact,1,,3.900606632232666,6.806797504425049,1.9232174158096313,0.005230682005067453,0.015358943711660012,0.15916785994832108,0.9871181971645014,-0.3504262864589691,0.8926998972892761,-0.023694854229688644,0.9571183567543564,0.05116527630821554,-0.03974544807670871,0.3199560403075174,-0.16877831518650055,depth/001757.png,1.0,0.028657072732376214,-0.015215903184869262,-0.9994734856276478,0.9571183567543564,0.05116527630821554,-0.03974544807670871,-0.16877831518650055,0.999526713014566,-0.03017004415259999,0.006009859077190449,4.5,0.9,1.0666666666,0.0,0.07678258419036865,-0.02629433971130468,1.0666666666,0.0,0.07678258419036865,-0.02629433971130468,direct,SAFE_PROGRESSING,NONE,DIRECT_LOCAL,PASS_THROUGH,0,6,0,0,0,0,0,1.0666666666,12.77587320424533,inf,0.0,0,0,0,CLEAR,none,nan,0.0,0.0,0,0,0,0,0.0,0,0,1,0,2.0,1.0,"3.913,6.777;3.841,6.982;3.775,7.192;3.711,7.403;3.648,7.614;3.586,7.825;3.525,8.036;3.464,8.247;3.402,8.459;3.341,8.670;3.280,8.881;3.219,9.092;3.188,9.198",0.2500000000000004,19.05,2.0,0.2500000000000004,19.05,2.0,0.2500000000000004,19.05,2.0,2.4661857177802076,0.0,0.0,0,0,6,1,,,0,1,PASS_THROUGH,-1,0.9987618240756179,-0.04944191232954932,0.005506003481837302,0.9,0,0.999526713014566,-0.03017004415259999,0.006009859077190449,4.5,0.9,0,0,0,BYPASS_VISIBLE,1,0,1,1,1
1787562398616832512,1787562398632313088,joint_v2_000006_1f4b2824,1758,28,0.03333333333333333,0.9333333333333333,15.480518341064453,frame_id_exact,1,,3.8890795707702637,6.8366265296936035,1.9226523637771606,-0.025454818883257593,0.012126424417681232,0.15698249658149924,0.9871988137115555,-0.3421407639980316,0.9003706574440002,-0.011531715281307697,0.9616192882374189,0.046298468083475146,0.03170804275748276,0.31465282965261987,-0.1460762321949005,depth/001758.png,1.0,0.03193430563604284,0.046450661250199886,-0.9984100040529257,0.9616192882374189,0.046298468083475146,0.03170804275748276,-0.1460762321949005,0.9996673534491172,-0.025066848931396216,0.006069228343721022,4.5,0.9,1.0,0.0,0.07734763622283936,-0.027968308603759096,1.0,0.0,0.07734763622283936,-0.027968308603759096,direct,SAFE_PROGRESSING,NONE,DIRECT_LOCAL,PASS_THROUGH,0,6,0,0,0,0,0,1.0,12.74399433645439,inf,0.0,0,0,0,CLEAR,none,nan,0.0,0.0,0,0,0,0,0.0,0,0,1,0,2.0,1.0,"3.913,6.777;3.841,6.982;3.775,7.192;3.711,7.403;3.648,7.614;3.586,7.825;3.525,8.036;3.464,8.247;3.402,8.459;3.341,8.670;3.280,8.881;3.219,9.092;3.188,9.198",0.2500000000000004,19.05,2.0,0.2500000000000004,19.05,2.0,0.2500000000000004,19.05,2.0,2.4661857177802076,0.0,0.0,0,0,6,1,,,0,1,PASS_THROUGH,-1,0.9987618240756179,-0.04944191232954932,0.005506003481837302,0.9,0,0.9996673534491172,-0.025066848931396216,0.006069228343721022,4.5,0.9,0,0,0,BYPASS_VISIBLE,1,0,1,1,1
1787562398659889664,1787562398678807552,joint_v2_000006_1f4b2824,1759,29,0.03333333333333333,0.9666666666666667,18.91779899597168,frame_id_exact,1,,3.877742290496826,6.867018699645996,1.9223495721817017,-0.04662154460594854,0.009791088711232358,0.1549632325907348,0.9867709778390497,-0.3387531638145447,0.925356924533844,-0.007891121320426464,0.981503015505541,0.039998535068445154,0.07844336376456637,0.3100303364587955,-0.12325629591941833,depth/001759.png,1.0,0.03377237488440511,0.088975056803807,-0.9954611323208087,0.981503015505541,0.039998535068445154,0.07844336376456637,-0.12325629591941833,0.9997687732835281,-0.020617618910305637,0.006108498802371223,4.5,0.9,1.0,0.0,0.07765042781829834,-0.01278733333023474,1.0,0.0,0.07765042781829834,-0.01278733333023474,direct,SAFE_PROGRESSING,NONE,DIRECT_LOCAL,PASS_THROUGH,0,6,0,0,0,0,0,1.0,12.71163040255004,inf,0.0,0,0,0,CLEAR,none,nan,0.0,0.0,0,0,0,0,1.181408300474772,0,0,1,0,2.0,1.0,"3.878,6.867;3.809,7.074;3.744,7.285;3.681,7.495;3.618,7.706;3.556,7.917;3.494,8.128;3.432,8.340;3.371,8.551;3.309,8.762;3.248,8.973;3.186,9.184;3.155,9.290",0.2500000000000004,19.05,2.0,0.2500000000000004,19.05,2.0,0.2500000000000004,19.05,2.0,2.4661857177802076,0.0,0.0,0,0,6,1,,,0,1,PASS_THROUGH,-1,0.9987618240756179,-0.04944191232954932,0.005506003481837302,0.9,0,0.9997687732835281,-0.020617618910305637,0.006108498802371223,4.5,0.9,0,0,0,BYPASS_VISIBLE,1,0,1,1,1
1787562398705813760,1787562398722420992,joint_v2_000006_1f4b2824,1760,30,0.03333333333333333,1.0,16.607284545898438,frame_id_exact,1,,3.866469144821167,6.89840841293335,1.9220530986785889,-0.05097725312284445,0.00891139100911787,0.15315744106775359,0.9868458365012793,-0.3378128707408905,0.9584875106811523,-0.010509531944990158,1.011990624238725,0.0326958757862721,0.08793321437966682,0.3063108596491403,-0.1026248037815094,depth/001760.png,1.0,0.03320342951148182,0.09788368831448041,-0.9946438135486642,1.011990624238725,0.0326958757862721,0.08793321437966682,-0.1026248037815094,0.9998358313952184,-0.017044449671731753,0.00614792596089063,4.5,0.9,1.0,0.0,0.07794690132141113,-0.009354777389800062,1.0,0.0,0.07794690132141113,-0.009354777389800062,direct,SAFE_PROGRESSING,NONE,DIRECT_LOCAL,PASS_THROUGH,0,6,0,0,0,0,0,1.0,12.678329037152828,inf,0.0,0,0,0,CLEAR,none,nan,0.0,0.0,0,0,0,0,0.0,0,0,1,0,2.0,1.0,"3.878,6.867;3.809,7.074;3.744,7.285;3.681,7.495;3.618,7.706;3.556,7.917;3.494,8.128;3.432,8.340;3.371,8.551;3.309,8.762;3.248,8.973;3.186,9.184;3.155,9.290",0.2500000000000004,19.05,2.0,0.2500000000000004,19.05,2.0,0.2500000000000004,19.05,2.0,2.4661857177802076,0.0,0.0,0,0,6,1,,,1,1,PASS_THROUGH,-1,0.9998547273251472,-0.017044771795341033,0.0,0.9,0,0.9998358313952184,-0.017044449671731753,0.00614792596089063,4.5,0.9,0,0,0,BYPASS_VISIBLE,1,0,1,1,1
1787562398751313152,1787562398768029952,joint_v2_000006_1f4b2824,1761,31,0.03333333333333333,1.0333333333333334,16.716718673706055,frame_id_exact,1,,3.8552229404449463,6.930892467498779,1.9216266870498657,-0.03997360160450647,0.009013526576955191,0.1515914683881643,0.9875934863218424,-0.33675825595855713,0.9894231557846069,-0.014892659150063992,1.0429978310997,0.025238942243224472,0.06406727379360412,0.30347132286581036,-0.08472926169633865,depth/001761.png,1.0,0.029922714200360752,0.07622258968055712,-0.9966417350268214,1.0429978310997,0.025238942243224472,0.06406727379360412,-0.08472926169633865,0.9998781806917137,-0.014324953074044062,0.0061983462355010574,4.5,0.9,1.0,0.0,0.07837331295013428,-0.011560667057228247,1.0,0.0,0.07837331295013428,-0.011560667057228247,direct,SAFE_PROGRESSING,NONE,DIRECT_LOCAL,PASS_THROUGH,0,6,0,0,0,0,0,1.0,12.643986706519362,inf,0.0,0,0,0,CLEAR,none,nan,0.0,0.0,0,0,0,0,0.0,0,0,1,0,2.0,1.0,"3.878,6.867;3.809,7.074;3.744,7.285;3.681,7.495;3.618,7.706;3.556,7.917;3.494,8.128;3.432,8.340;3.371,8.551;3.309,8.762;3.248,8.973;3.186,9.184;3.155,9.290",0.2500000000000004,19.05,2.0,0.2500000000000004,19.05,2.0,0.2500000000000004,19.05,2.0,2.4661857177802076,0.0,0.0,0,0,6,1,,,0,1,PASS_THROUGH,-1,0.9998358313952184,-0.017044449671731753,0.00614792596089063,0.9,0,0.9998781806917137,-0.014324953074044062,0.0061983462355010574,4.5,0.9,0,0,0,BYPASS_VISIBLE,1,0,1,1,1
1787562398794904320,1787562398811401728,joint_v2_000006_1f4b2824,1762,32,0.03333333333333333,1.0666666666666667,16.49761199951172,frame_id_exact,1,,3.8440396785736084,6.964255332946777,1.9210983514785767,-0.01836070970983134,0.009503966932617664,0.15020525236632556,0.9884386380110116,-0.33381667733192444,1.0100609064102173,-0.01595856435596943,1.0635754994918398,0.018733330086000217,0.01917038664273158,0.30121003889359915,-0.0696401372551918,depth/001762.png,1.0,0.024303926332336714,0.03344177829381239,-0.99914511790299,1.0635754994918398,0.018733330086000217,0.01917038664273158,-0.0696401372551918,0.9999064898691907,-0.012159556019134222,0.006257532652086312,4.5,0.9,1.0666666666,0.0,0.07890164852142334,-0.009922664554977145,1.0666666666,0.0,0.07890164852142334,-0.009922664554977145,direct,SAFE_PROGRESSING,NONE,DIRECT_LOCAL,PASS_THROUGH,0,6,0,0,0,0,0,1.0666666666,12.608820141804184,inf,0.0,0,0,0,CLEAR,none,nan,0.0,0.0,0,0,0,0,0.6967220514619065,0,0,1,0,2.0,2.0,"3.844,6.964;3.768,7.205;3.672,7.524;3.557,7.914;3.438,8.316;3.319,8.719;3.201,9.122;3.082,9.525;2.989,9.840",0.2500000000000004,19.05,2.0,0.2500000000000004,19.05,2.0,0.2500000000000004,19.05,2.0,2.4661857177802076,0.0,0.0,0,0,6,1,,,0,1,PASS_THROUGH,-1,0.9998358313952184,-0.017044449671731753,0.00614792596089063,0.9,0,0.9999064898691907,-0.012159556019134222,0.006257532652086312,4.5,0.9,0,0,0,BYPASS_VISIBLE,1,0,1,1,1
1787562398844087808,1787562398862874112,joint_v2_000006_1f4b2824,1763,33,0.03333333333333333,1.1,18.786191940307617,frame_id_exact,1,,3.8329989910125732,6.998057842254639,1.9206154346466064,0.006274149773404902,0.009689170733448087,0.14894248690448825,0.9887784840953131,-0.32816147804260254,1.0153957605361938,-0.012217449955642223,1.0666956864973833,0.014128410585140187,-0.028783201552520826,0.2991498274354796,-0.05784754827618599,depth/001763.png,1.0,0.01729191215899463,-0.015293746974032388,-0.9997335100302379,1.0666956864973833,0.014128410585140187,-0.028783201552520826,-0.05784754827618599,0.9999283025295224,-0.010174865432892762,0.006313629213901652,4.5,0.9,1.1333333332,0.0,0.07938456535339355,-0.007679223999191298,1.1333333332,0.0,0.07938456535339355,-0.007679223999191298,direct,SAFE_PROGRESSING,NONE,DIRECT_LOCAL,PASS_THROUGH,0,6,0,0,0,0,0,1.1333333332,12.573272904985282,inf,0.0,0,0,0,CLEAR,none,nan,0.0,0.0,0,0,0,0,0.0,0,0,1,0,2.0,2.0,"3.844,6.964;3.768,7.205;3.672,7.524;3.557,7.914;3.438,8.316;3.319,8.719;3.201,9.122;3.082,9.525;2.989,9.840",0.2500000000000004,19.05,2.0,0.2500000000000004,19.05,2.0,0.2500000000000004,19.05,2.0,2.4661857177802076,0.0,0.0,0,0,6,1,,,0,1,PASS_THROUGH,-1,0.9998358313952184,-0.017044449671731753,0.00614792596089063,0.9,0,0.9999283025295224,-0.010174865432892762,0.006313629213901652,4.5,0.9,0,0,0,BYPASS_VISIBLE,1,0,1,1,1
1787562398890262528,1787562398905719040,joint_v2_000006_1f4b2824,1764,34,0.03333333333333333,1.1333333333333333,15.456438064575195,frame_id_exact,1,,3.822185754776001,7.0317864418029785,1.9203619956970215,0.022782213434441805,0.008534507391598565,0.14786195875473632,0.9887087407764853,-0.3204595744609833,1.0063133239746094,-0.0020924836862832308,1.0547396869363035,0.01175709117050647,-0.05245175849517415,0.29714209414084675,-0.04852328822016716,depth/001764.png,1.0,0.01013903870621998,-0.047573805073593246,-0.9988162658692206,1.0547396869363035,0.01175709117050647,-0.05245175849517415,-0.04852328822016716,0.9999459821801004,-0.008227330658647527,0.006351673173856787,4.5,0.9,1.1999999998,0.0,0.07963800430297852,-0.00762852746469922,1.1999999998,0.0,0.07963800430297852,-0.00762852746469922,direct,SAFE_PROGRESSING,NONE,DIRECT_LOCAL,PASS_THROUGH,0,6,0,0,0,0,0,1.1999999998,12.537861388492669,inf,0.0,0,0,0,CLEAR,none,nan,0.0,0.0,0,0,0,0,0.0,0,0,1,0,2.0,2.0,"3.844,6.964;3.768,7.205;3.672,7.524;3.557,7.914;3.438,8.316;3.319,8.719;3.201,9.122;3.082,9.525;2.989,9.840",0.2500000000000004,19.05,2.0,0.2500000000000004,19.05,2.0,0.2500000000000004,19.05,2.0,2.4661857177802076,0.0,0.0,0,0,6,1,,,0,1,PASS_THROUGH,-1,0.9998358313952184,-0.017044449671731753,0.00614792596089063,0.9,0,0.9999459821801004,-0.008227330658647527,0.006351673173856787,4.5,0.9,0,0,0,BYPASS_VISIBLE,1,0,1,1,1
1787562398933628672,1787562398949477632,joint_v2_000006_1f4b2824,1765,35,0.03333333333333333,1.1666666666666667,15.849113464355469,frame_id_exact,1,,3.8116323947906494,7.065068244934082,1.9205279350280762,0.023562014865643834,0.005538178954207363,0.14704282043756656,0.9888339440912757,-0.3130440413951874,0.9904109239578247,0.01228289119899273,1.0380271675451385,0.011265415513471778,-0.037867260473344586,0.29534005782743916,-0.041089385747909546,depth/001765.png,1.0,0.004023428434672046,-0.04822653908769297,-0.9988283200586847,1.0380271675451385,0.011265415513471778,-0.037867260473344586,-0.041089385747909546,0.9999588293008077,-0.006476051557403939,0.006356135585727123,4.5,0.9,1.1333333332,0.0,0.07947206497192383,-0.004731686063952911,1.1333333332,0.0,0.07947206497192383,-0.004731686063952911,direct,SAFE_PROGRESSING,NONE,DIRECT_LOCAL,PASS_THROUGH,0,6,0,0,0,0,0,1.1333333332,12.502952230941682,inf,0.0,0,0,0,CLEAR,none,nan,0.0,0.0,0,0,0,0,0.3710605114811,0,0,1,0,2.0,1.0,"3.812,7.065;3.747,7.275;3.684,7.486;3.621,7.697;3.558,7.908;3.496,8.119;3.433,8.330;3.371,8.541;3.309,8.752;3.246,8.963;3.184,9.174;3.122,9.385;3.091,9.490",0.2500000000000004,19.05,2.0,0.2500000000000004,19.05,2.0,0.2500000000000004,19.05,2.0,2.4661857177802076,0.0,0.0,0,0,6,1,,,0,1,PASS_THROUGH,-1,0.9998358313952184,-0.017044449671731753,0.00614792596089063,0.9,0,0.9999588293008077,-0.006476051557403939,0.006356135585727123,4.5,0.9,0,0,0,BYPASS_VISIBLE,1,0,1,1,1
1787562398976061184,1787562398996930048,joint_v2_000006_1f4b2824,1766,36,0.03333333333333333,1.2,20.869016647338867,frame_id_exact,1,,3.801279306411743,7.097865104675293,1.9211461544036865,0.008882407357893644,0.001225935643828073,0.14643076353344975,0.9891802825634651,-0.3088882863521576,0.9789354205131531,0.0239747054874897,1.0267062510723979,0.01202488333980915,0.005567196204043584,0.293928668400087,-0.034496184438467026,depth/001766.png,1.0,-0.00017597264973004314,-0.017931633824987303,-0.9998391998426512,1.0267062510723979,0.01202488333980915,0.005567196204043584,-0.034496184438467026,0.9999669394636945,-0.005111352526232811,0.00632408530656068,4.5,0.9,1.0666666666,0.0,0.07885384559631348,-0.003076853430156734,1.0666666666,0.0,0.07885384559631348,-0.003076853430156734,direct,SAFE_PROGRESSING,NONE,DIRECT_LOCAL,PASS_THROUGH,0,6,0,0,0,0,0,1.0666666666,12.468565004369461,inf,0.0,0,0,0,CLEAR,none,nan,0.0,0.0,0,0,0,0,0.0,0,0,1,0,2.0,1.0,"3.812,7.065;3.747,7.275;3.684,7.486;3.621,7.697;3.558,7.908;3.496,8.119;3.433,8.330;3.371,8.541;3.309,8.752;3.246,8.963;3.184,9.174;3.122,9.385;3.091,9.490",0.2500000000000004,19.05,2.0,0.2500000000000004,19.05,2.0,0.2500000000000004,19.05,2.0,2.4661857177802076,0.0,0.0,0,0,6,1,,,1,1,PASS_THROUGH,-1,0.9999869364298862,-0.00511145474115574,0.0,0.9,0,0.9999669394636945,-0.005111352526232811,0.00632408530656068,4.5,0.9,0,0,0,BYPASS_VISIBLE,1,0,1,1,1
1787562399025571584,1787562399042325760,joint_v2_000006_1f4b2824,1767,37,0.03333333333333333,1.2333333333333334,16.754150390625,frame_id_exact,1,,3.7909884452819824,7.130460739135742,1.9220696687698364,-0.009959092334823422,-0.0024631833685625623,0.14589819772777846,0.9892464127341304,-0.3092884123325348,0.9788662195205688,0.030713915824890137,1.025635499898865,0.013450915235904614,0.05169754900854365,0.2928772640640385,-0.028322497382760048,depth/001767.png,1.0,-0.0019673633772032315,0.020422740760916724,-0.9997894984151185,1.025635499898865,0.013450915235904614,0.05169754900854365,-0.028322497382760048,0.9999719282622235,-0.004106688450466996,0.006267200132543297,4.5,0.9,1.0,0.0,0.07793033123016357,-0.0037070270645661596,1.0,0.0,0.07793033123016357,-0.0037070270645661596,direct,SAFE_PROGRESSING,NONE,DIRECT_LOCAL,PASS_THROUGH,0,6,0,0,0,0,0,1.0,12.434388419255084,inf,0.0,0,0,0,CLEAR,none,nan,0.0,0.0,0,0,0,0,0.0,0,0,1,0,2.0,1.0,"3.812,7.065;3.747,7.275;3.684,7.486;3.621,7.697;3.558,7.908;3.496,8.119;3.433,8.330;3.371,8.541;3.309,8.752;3.246,8.963;3.184,9.174;3.122,9.385;3.091,9.490",0.2500000000000004,19.05,2.0,0.2500000000000004,19.05,2.0,0.2500000000000004,19.05,2.0,2.4661857177802076,0.0,0.0,0,0,6,1,,,0,1,PASS_THROUGH,-1,0.9999669394636945,-0.005111352526232811,0.00632408530656068,0.9,0,0.9999719282622235,-0.004106688450466996,0.006267200132543297,4.5,0.9,0,0,0,BYPASS_VISIBLE,1,0,1,1,1
1787562399068141568,1787562399087262464,joint_v2_000006_1f4b2824,1768,38,0.03333333333333333,1.2666666666666666,19.12093162536621,frame_id_exact,1,,3.7806215286254883,7.163240909576416,1.9231387376785278,-0.022015671270234908,-0.003907354927938223,0.14543304286958617,0.9891153991510198,-0.31305578351020813,0.989258885383606,0.03277166560292244,1.0350005519543144,0.014979923613379059,0.07912336765328284,0.29200447335872237,-0.022441718727350235,depth/001768.png,1.0,-0.0013260377310510586,0.044688595985555135,-0.9990000855919762,1.0350005519543144,0.014979923613379059,0.07912336765328284,-0.022441718727350235,0.9999754023469644,-0.003282528754626603,0.00619836317117156,4.5,0.9,1.0,0.0,0.07686126232147217,0.0035636525071547354,1.0,0.0,0.07686126232147217,0.0035636525071547354,direct,SAFE_PROGRESSING,NONE,DIRECT_LOCAL,PASS_THROUGH,0,6,0,0,0,0,0,1.0,12.400013308547758,inf,0.0,0,0,0,CLEAR,none,nan,0.0,0.0,0,0,0,0,0.18807899454087093,0,0,1,0,2.0,1.0,"3.781,7.163;3.716,7.374;3.653,7.584;3.590,7.795;3.527,8.006;3.465,8.217;3.403,8.428;3.340,8.639;3.278,8.850;3.216,9.061;3.153,9.272;3.091,9.483;3.060,9.588",0.2500000000000004,19.05,2.0,0.2500000000000004,19.05,2.0,0.2500000000000004,19.05,2.0,2.4661857177802076,0.0,0.0,0,0,6,1,,,0,1,PASS_THROUGH,-1,0.9999669394636945,-0.005111352526232811,0.00632408530656068,0.9,0,0.9999754023469644,-0.003282528754626603,0.00619836317117156,4.5,0.9,0,0,0,BYPASS_VISIBLE,1,0,1,1,1
1787562399116763648,1787562399134021632,joint_v2_000006_1f4b2824,1769,39,0.03333333333333333,1.3,17.2579288482666,frame_id_exact,1,,3.770110845565796,7.196456432342529,1.924216389656067,-0.021633082817099452,-0.0025240840174853515,0.1450801176955242,0.9891801646702961,-0.3174654543399811,1.0036629438400269,0.03160843625664711,1.050181431178554,0.01595610275718379,0.07737620546444826,0.2912295249002772,-0.016852030530571938,depth/001769.png,1.0,0.0012835127143279767,0.04353042165934951,-0.9990512774554023,1.050181431178554,0.01595610275718379,0.07737620546444826,-0.016852030530571938,0.9999779487629357,-0.00255759906582483,0.006128676438673041,4.5,0.9,1.0,0.0,0.0757836103439331,0.003491578296883624,1.0,0.0,0.0757836103439331,0.003491578296883624,direct,SAFE_PROGRESSING,NONE,DIRECT_LOCAL,PASS_THROUGH,0,6,0,0,0,0,0,1.0,12.365179961303587,inf,0.0,0,0,0,CLEAR,none,nan,0.0,0.0,0,0,0,0,0.0,0,0,1,0,2.0,1.0,"3.781,7.163;3.716,7.374;3.653,7.584;3.590,7.795;3.527,8.006;3.465,8.217;3.403,8.428;3.340,8.639;3.278,8.850;3.216,9.061;3.153,9.272;3.091,9.483;3.060,9.588",0.2500000000000004,19.05,2.0,0.2500000000000004,19.05,2.0,0.2500000000000004,19.05,2.0,2.4661857177802076,0.0,0.0,0,0,6,1,,,0,1,PASS_THROUGH,-1,0.9999669394636945,-0.005111352526232811,0.00632408530656068,0.9,0,0.9999779487629357,-0.00255759906582483,0.006128676438673041,4.5,0.9,0,0,0,BYPASS_VISIBLE,1,0,1,1,1
1787562399161901056,1787562399179709952,joint_v2_000006_1f4b2824,1770,40,0.03333333333333333,1.3333333333333333,17.808914184570312,frame_id_exact,1,,3.7594809532165527,7.230114459991455,1.925241470336914,-0.011126115717695966,0.0009193372158991652,0.14482058223050354,0.9893949481023935,-0.3197879493236542,1.0147901773452759,0.030116472393274307,1.0629655278022159,0.015738263887499326,0.05316984326160699,0.2906266887650346,-0.01181961689144373,depth/001770.png,1.0,0.00504175630642768,0.021749967464436675,-0.9997507287362398,1.0629655278022159,0.015738263887499326,0.05316984326160699,-0.01181961689144373,0.9999796110629354,-0.0020041120571477485,0.006063084469377007,4.5,0.9,1.0,0.0,0.07475852966308594,0.001624578013389999,1.0,0.0,0.07475852966308594,0.001624578013389999,direct,SAFE_PROGRESSING,NONE,DIRECT_LOCAL,PASS_THROUGH,0,6,0,0,0,0,0,1.0,12.329888512873621,inf,0.0,0,0,0,CLEAR,none,nan,0.0,0.0,0,0,0,0,0.0,0,0,1,0,2.0,1.0,"3.781,7.163;3.716,7.374;3.653,7.584;3.590,7.795;3.527,8.006;3.465,8.217;3.403,8.428;3.340,8.639;3.278,8.850;3.216,9.061;3.153,9.272;3.091,9.483;3.060,9.588",0.2500000000000004,19.05,2.0,0.2500000000000004,19.05,2.0,0.2500000000000004,19.05,2.0,2.4661857177802076,0.0,0.0,0,0,6,1,,,0,1,PASS_THROUGH,-1,0.9999669394636945,-0.005111352526232811,0.00632408530656068,0.9,0,0.9999796110629354,-0.0020041120571477485,0.006063084469377007,4.5,0.9,0,0,0,BYPASS_VISIBLE,1,0,1,1,1
1787562399208856320,1787562399225625088,joint_v2_000006_1f4b2824,1771,41,0.03333333333333333,1.3666666666666667,16.768693923950195,frame_id_exact,1,,3.7488343715667725,7.264015197753906,1.9262547492980957,0.0049784140501654296,0.005227301062092907,0.14460264379668297,0.9894634738706432,-0.3182772099971771,1.017604947090149,0.031218457967042923,1.0664142025743324,0.013978671479778361,0.018977569791298086,0.2902809827059127,-0.0077003901824355125,depth/001771.png,1.0,0.008904663268595354,-0.011363680827885895,-0.9998957814343027,1.0664142025743324,0.013978671479778361,0.018977569791298086,-0.0077003901824355125,0.9999805593367349,-0.00170371562491626,0.005998191532483146,4.5,0.9,1.0666666666,0.0,0.0737452507019043,0.0056526359487202305,1.0666666666,0.0,0.0737452507019043,0.0056526359487202305,direct,SAFE_PROGRESSING,NONE,DIRECT_LOCAL,PASS_THROUGH,0,6,0,0,0,0,0,1.0666666666,12.29435967093988,inf,0.0,0,0,0,CLEAR,none,nan,0.0,0.0,0,0,0,0,0.09761751809599539,0,0,1,0,2.0,2.0,"3.749,7.264;3.675,7.506;3.580,7.826;3.464,8.215;3.345,8.618;3.226,9.021;3.107,9.424;2.988,9.827;2.895,10.140",0.2500000000000004,19.05,2.0,0.2500000000000004,19.05,2.0,0.2500000000000004,19.05,2.0,2.4661857177802076,0.0,0.0,0,0,6,1,,,0,1,PASS_THROUGH,-1,0.9999669394636945,-0.005111352526232811,0.00632408530656068,0.9,0,0.9999805593367349,-0.00170371562491626,0.005998191532483146,4.5,0.9,0,0,0,BYPASS_VISIBLE,1,0,1,1,1
1787562399252846336,1787562399271088128,joint_v2_000006_1f4b2824,1772,42,0.03333333333333333,1.4,18.24188232421875,frame_id_exact,1,,3.738311290740967,7.2978363037109375,1.9273509979248047,0.020368620019830995,0.008957021996110278,0.14440716961310504,0.9892681438516966,-0.31243932247161865,1.0100502967834473,0.03491394594311714,1.0577380640388463,0.010816778178402858,-0.010587779435058634,0.29015396802854004,-0.004831571131944656,depth/001772.png,1.0,0.011839043517084424,-0.04288697022891865,-0.9990097821508979,1.0577380640388463,0.010816778178402858,-0.010587779435058634,-0.004831571131944656,0.9999811372480442,-0.001614459338145095,0.005926100670247923,4.5,0.9,1.1333333332,0.0,0.07264900207519531,0.004542459805331744,1.1333333332,0.0,0.07264900207519531,0.004542459805331744,direct,SAFE_PROGRESSING,NONE,DIRECT_LOCAL,PASS_THROUGH,0,6,0,0,0,0,0,1.1333333332,12.258942336330875,inf,0.0,0,0,0,CLEAR,none,nan,0.0,0.0,0,0,0,0,0.0,0,0,1,0,2.0,2.0,"3.749,7.264;3.675,7.506;3.580,7.826;3.464,8.215;3.345,8.618;3.226,9.021;3.107,9.424;2.988,9.827;2.895,10.140",0.2500000000000004,19.05,2.0,0.2500000000000004,19.05,2.0,0.2500000000000004,19.05,2.0,2.4661857177802076,0.0,0.0,0,0,6,1,,,1,1,PASS_THROUGH,-1,0.9999986967139038,-0.0016144876877234881,0.0,0.9,0,0.9999811372480442,-0.001614459338145095,0.005926100670247923,4.5,0.9,0,0,0,BYPASS_VISIBLE,1,0,1,1,1
1787562399313419776,1787562399330074112,joint_v2_000006_1f4b2824,1773,43,0.03333333333333333,1.4333333333333333,16.654253005981445,frame_id_exact,1,,3.728039264678955,7.331265926361084,1.928625226020813,0.025928502740757253,0.01038961403260829,0.1443033034437716,0.989139183978216,-0.3035866618156433,0.9950807094573975,0.04201640188694,1.041083861371541,0.006822946090192869,-0.014618433312106778,0.2900867080190486,-0.0029568446334451437,depth/001773.png,1.0,0.013070411494441256,-0.05429230733836142,-0.998439537331752,1.041083861371541,0.006822946090192869,-0.014618433312106778,-0.0029568446334451437,0.9999817142496394,-0.001574598421366042,0.0058388189014341035,4.5,0.9,1.1999999998,0.0,0.07137477397918701,0.0024162451441944732,1.1999999998,0.0,0.07137477397918701,0.0024162451441944732,direct,SAFE_PROGRESSING,NONE,DIRECT_LOCAL,PASS_THROUGH,0,6,0,0,0,0,0,1.1999999998,12.223971752884342,inf,0.0,0,0,0,CLEAR,none,nan,0.0,0.0,0,0,0,0,0.0,0,0,1,0,2.0,2.0,"3.749,7.264;3.675,7.506;3.580,7.826;3.464,8.215;3.345,8.618;3.226,9.021;3.107,9.424;2.988,9.827;2.895,10.140",0.2500000000000004,19.05,2.0,0.2500000000000004,19.05,2.0,0.2500000000000004,19.05,2.0,2.4661857177802076,0.0,0.0,0,0,6,1,,,0,1,PASS_THROUGH,-1,0.9999811372480442,-0.001614459338145095,0.005926100670247923,0.9,0,0.9999817142496394,-0.001574598421366042,0.0058388189014341035,4.5,0.9,0,0,0,BYPASS_VISIBLE,1,0,1,1,1
1787562399358407424,1787562399375733760,joint_v2_000006_1f4b2824,1774,44,0.03333333333333333,1.4666666666666666,17.32635498046875,frame_id_exact,1,,3.7180709838867188,7.364181995391846,1.9301722049713135,0.016360451124136026,0.00857589872324927,0.14434967840744284,0.9893543146637463,-0.2948347330093384,0.9808526039123535,0.050742290914058685,1.0253498149370397,0.0026937114565931215,0.01498770845412642,0.28997472522624473,-0.0016707668546587229,depth/001774.png,1.0,0.012245953091192512,-0.03484842226453029,-0.9993175792002067,1.0253498149370397,0.0026937114565931215,0.01498770845412642,-0.0016707668546587229,0.9999824999877178,-0.0014782704862853849,0.005728388489196997,4.5,0.9,1.1333333332,0.0,0.06982779502868652,-0.0014041178554013989,1.1333333332,0.0,0.06982779502868652,-0.0014041178554013989,direct,SAFE_PROGRESSING,NONE,DIRECT_LOCAL,PASS_THROUGH,0,6,0,0,0,0,0,1.1333333332,12.189579926564374,inf,0.0,0,0,0,CLEAR,none,nan,0.0,0.0,0,0,0,0,0.08470008039641175,0,0,1,0,2.0,1.0,"3.718,7.364;3.655,7.575;3.592,7.786;3.530,7.997;3.467,8.208;3.405,8.419;3.342,8.630;3.280,8.840;3.217,9.051;3.155,9.262;3.092,9.473;3.029,9.684;2.998,9.790",0.2500000000000004,19.05,2.0,0.2500000000000004,19.05,2.0,0.2500000000000004,19.05,2.0,2.4661857177802076,0.0,0.0,0,0,6,1,,,0,1,PASS_THROUGH,-1,0.9999811372480442,-0.001614459338145095,0.005926100670247923,0.9,0,0.9999824999877178,-0.0014782704862853849,0.005728388489196997,4.5,0.9,0,0,0,BYPASS_VISIBLE,1,0,1,1,1
1787562399409784064,1787562399427134208,joint_v2_000006_1f4b2824,1775,45,0.03333333333333333,1.5,17.350196838378906,frame_id_exact,1,,3.7083399295806885,7.39677619934082,1.9319419860839844,-0.005935793024440011,0.003913288631597319,0.14446834899181893,0.9894838799459216,-0.2898949980735779,0.9771384000778198,0.054278090596199036,1.0185993380023888,-0.0010180227544843174,0.06510780432680313,0.2899084928868019,-0.0005924953729845583,depth/001775.png,1.0,0.00945934047347837,0.010616050329287039,-0.9998989050665137,1.0185993380023888,-0.0010180227544843174,0.06510780432680313,-0.0005924953729845583,0.9999833230232605,-0.001416604689299488,0.005598830816480781,4.5,0.9,1.0666666666,0.0,0.06805801391601562,-0.0013458839872898531,1.0666666666,0.0,0.06805801391601562,-0.0013458839872898531,direct,SAFE_PROGRESSING,NONE,DIRECT_LOCAL,PASS_THROUGH,0,6,0,0,0,0,0,1.0666666666,12.155564158720967,inf,0.0,0,0,0,CLEAR,none,nan,0.0,0.0,0,0,0,0,0.0,0,0,1,0,2.0,1.0,"3.718,7.364;3.655,7.575;3.592,7.786;3.530,7.997;3.467,8.208;3.405,8.419;3.342,8.630;3.280,8.840;3.217,9.051;3.155,9.262;3.092,9.473;3.029,9.684;2.998,9.790",0.2500000000000004,19.05,2.0,0.2500000000000004,19.05,2.0,0.2500000000000004,19.05,2.0,2.4661857177802076,0.0,0.0,0,0,6,1,,,0,1,PASS_THROUGH,-1,0.9999811372480442,-0.001614459338145095,0.005926100670247923,0.9,0,0.9999833230232605,-0.001416604689299488,0.005598830816480781,4.5,0.9,0,0,0,BYPASS_VISIBLE,1,0,1,1,1
1787562399457228032,1787562399474240256,joint_v2_000006_1f4b2824,1776,46,0.03333333333333333,1.5333333333333334,17.012357711791992,frame_id_exact,1,,3.6986801624298096,7.429490089416504,1.9337165355682373,-0.0280687128137263,-0.0014943433247970638,0.14453166398608472,0.9891008605821864,-0.29057544469833374,0.9879957437515259,0.05139278247952461,1.025340718959484,-0.0038641857537146376,0.10896042830249139,0.2900503568498016,-0.00018683048256207258,depth/001776.png,1.0,0.0051575230007067565,0.05595753585358069,-0.9984198285980164,1.025340718959484,-0.0038641857537146376,0.10896042830249139,-0.00018683048256207258,0.9999838408846999,-0.0015546103150778138,0.005468194971970246,4.5,0.9,1.0,0.0,0.0662834644317627,-0.0017506920002352544,1.0,0.0,0.0662834644317627,-0.0017506920002352544,direct,SAFE_PROGRESSING,NONE,DIRECT_LOCAL,PASS_THROUGH,0,6,0,0,0,0,0,1.0,12.121453932788185,inf,0.0,0,0,0,CLEAR,none,nan,0.0,0.0,0,0,0,0,0.0,0,0,1,0,2.0,1.0,"3.718,7.364;3.655,7.575;3.592,7.786;3.530,7.997;3.467,8.208;3.405,8.419;3.342,8.630;3.280,8.840;3.217,9.051;3.155,9.262;3.092,9.473;3.029,9.684;2.998,9.790",0.2500000000000004,19.05,2.0,0.2500000000000004,19.05,2.0,0.2500000000000004,19.05,2.0,2.4661857177802076,0.0,0.0,0,0,6,1,,,0,1,PASS_THROUGH,-1,0.9999811372480442,-0.001614459338145095,0.005926100670247923,0.9,0,0.9999838408846999,-0.0015546103150778138,0.005468194971970246,4.5,0.9,0,0,0,BYPASS_VISIBLE,1,0,1,1,1
1787562399505161728,1787562399522035968,joint_v2_000006_1f4b2824,1777,47,0.03333333333333333,1.5666666666666667,16.874313354492188,frame_id_exact,1,,3.6889140605926514,7.462761878967285,1.9353101253509521,-0.03856808029417793,-0.005548120709140452,0.14457751097003937,0.9887259806744874,-0.29599064588546753,1.0093308687210083,0.04365871474146843,1.045228581617292,-0.005388341319470106,0.12543335412005563,0.2903870041678559,-0.0005683053750544786,depth/001777.png,1.0,0.000181011925559086,0.0778707929885646,-0.9969634430780373,1.045228581617292,-0.005388341319470106,0.12543335412005563,-0.0005683053750544786,0.9999839054586884,-0.0018826759688773999,0.0053520421135248054,4.5,0.9,1.0666666666,0.0,0.06468987464904785,-0.0068882092496797,1.0666666666,0.0,0.06468987464904785,-0.0068882092496797,direct,SAFE_PROGRESSING,NONE,DIRECT_LOCAL,PASS_THROUGH,0,6,0,0,0,0,0,1.0666666666,12.086778610930855,inf,0.0,0,0,0,CLEAR,none,nan,0.0,0.0,0,0,0,0,0.10787099589119127,0,0,1,0,2.0,2.0,"3.689,7.463;3.618,7.703;3.524,8.020;3.409,8.408;3.289,8.811;3.170,9.213;3.050,9.616;2.930,10.019;2.835,10.339",0.2500000000000004,19.05,2.0,0.2500000000000004,19.05,2.0,0.2500000000000004,19.05,2.0,2.4661857177802076,0.0,0.0,0,0,6,1,,,0,1,PASS_THROUGH,-1,0.9999811372480442,-0.001614459338145095,0.005926100670247923,0.9,0,0.9999839054586884,-0.0018826759688773999,0.0053520421135248054,4.5,0.9,0,0,0,BYPASS_VISIBLE,1,0,1,1,1
1787562399550295040,1787562399568030720,joint_v2_000006_1f4b2824,1778,48,0.03333333333333333,1.6,17.735719680786133,frame_id_exact,1,,3.6789252758026123,7.496793746948242,1.9365791082382202,-0.0339727768018878,-0.007216614632696713,0.144677856012033,0.9888690959320015,-0.3034784495830536,1.0321376323699951,0.03229358792304993,1.0709961554842373,-0.005237964321412474,0.10672364313669122,0.29070538678937513,-0.0013723921729251742,depth/001778.png,1.0,-0.004442357354103985,0.06927742683021218,-0.9975875418192245,1.0709961554842373,-0.005237964321412474,0.10672364313669122,-0.0013723921729251742,0.9999837500567779,-0.0021921967506675923,0.005262499006190758,4.5,0.9,1.1333333332,0.0,0.06342089176177979,-0.007348489593466678,1.1333333332,0.0,0.06342089176177979,-0.007348489593466678,direct,SAFE_PROGRESSING,NONE,DIRECT_LOCAL,PASS_THROUGH,0,6,0,0,0,0,0,1.1333333332,12.051311267766353,inf,0.0,0,0,0,CLEAR,none,nan,0.0,0.0,0,0,0,0,0.0,0,0,1,0,2.0,2.0,"3.689,7.463;3.618,7.703;3.524,8.020;3.409,8.408;3.289,8.811;3.170,9.213;3.050,9.616;2.930,10.019;2.835,10.339",0.2500000000000004,19.05,2.0,0.2500000000000004,19.05,2.0,0.2500000000000004,19.05,2.0,2.4661857177802076,0.0,0.0,0,0,6,1,,,1,1,PASS_THROUGH,-1,0.9999975970672697,-0.002192227106532299,0.0,0.9,0,0.9999837500567779,-0.0021921967506675923,0.005262499006190758,4.5,0.9,0,0,0,BYPASS_VISIBLE,1,0,1,1,1
1787562399598342400,1787562399615118592,joint_v2_000006_1f4b2824,1779,49,0.03333333333333333,1.6333333333333333,16.776084899902344,frame_id_exact,1,,3.6686854362487793,7.531509876251221,1.9374843835830688,-0.023077331214412234,-0.0073110242124974105,0.1447770356744922,0.989168133155477,-0.3107706308364868,1.0497159957885742,0.022760773077607155,1.0924110133900888,-0.003478865418994773,0.07500789902024953,0.2908470263883508,-0.0020644008181989193,depth/001779.png,1.0,-0.007781529134459044,0.047771658097601165,-0.9988279714179692,1.0924110133900888,-0.003478865418994773,0.07500789902024953,-0.0020644008181989193,0.9999837526698631,-0.002328751647461149,0.005203009904142965,4.5,0.9,1.1999999998,0.0,0.06251561641693115,-0.007256474620232489,1.1999999998,0.0,0.06251561641693115,-0.007256474620232489,direct,SAFE_PROGRESSING,NONE,DIRECT_LOCAL,PASS_THROUGH,0,6,0,0,0,0,0,1.1999999998,12.015116513913533,inf,0.0,0,0,0,CLEAR,none,nan,0.0,0.0,0,0,0,0,0.0,0,0,1,0,2.0,2.0,"3.689,7.463;3.618,7.703;3.524,8.020;3.409,8.408;3.289,8.811;3.170,9.213;3.050,9.616;2.930,10.019;2.835,10.339",0.2500000000000004,19.05,2.0,0.2500000000000004,19.05,2.0,0.2500000000000004,19.05,2.0,2.4661857177802076,0.0,0.0,0,0,6,1,,,0,1,PASS_THROUGH,-1,0.9999837500567779,-0.0021921967506675923,0.005262499006190758,0.9,0,0.9999837526698631,-0.002328751647461149,0.005203009904142965,4.5,0.9,0,0,0,BYPASS_VISIBLE,1,0,1,1,1
1787562399640901120,1787562399658732032,joint_v2_000006_1f4b2824,1780,50,0.03333333333333333,1.6666666666666667,17.830848693847656,frame_id_exact,1,,3.6582188606262207,7.566702842712402,1.938157320022583,-0.014779005797080118,-0.006803852292558814,0.1448111987710582,0.9893255304964691,-0.3170490562915802,1.0610065460205078,0.018398623913526535,1.1062501339860187,-0.0006709187910674501,0.05294992992962799,0.2908264088337946,-0.002562976907938719,depth/001780.png,1.0,-0.00918211846527155,0.03121304351430667,-0.9994705771632618,1.1062501339860187,-0.0006709187910674501,0.05294992992962799,-0.002562976907938719,0.9999840050371699,-0.002309840431991394,0.005162780936689037,4.5,0.9,1.2666666664,0.0,0.06184267997741699,-0.004461605413341729,1.2666666664,0.0,0.06184267997741699,-0.004461605413341729,direct,SAFE_PROGRESSING,NONE,DIRECT_LOCAL,PASS_THROUGH,0,6,0,0,0,0,0,1.2666666664,11.978400118734461,inf,0.0,0,0,0,CLEAR,none,nan,0.0,0.0,0,0,0,0,0.13234598959624647,0,0,1,0,2.0,2.0,"3.658,7.567;3.584,7.817;3.486,8.145;3.370,8.538;3.250,8.941;3.131,9.344;3.011,9.746;2.892,10.149;2.805,10.443",0.2500000000000004,19.05,2.0,0.2500000000000004,19.05,2.0,0.2500000000000004,19.05,2.0,2.4661857177802076,0.0,0.0,0,0,6,1,,,0,1,PASS_THROUGH,-1,0.9999837500567779,-0.0021921967506675923,0.005262499006190758,0.9,0,0.9999840050371699,-0.002309840431991394,0.005162780936689037,4.5,0.9,0,0,0,BYPASS_VISIBLE,1,0,1,1,1
1787562399688145664,1787562399704139264,joint_v2_000006_1f4b2824,1781,51,0.03333333333333333,1.7,15.993595123291016,frame_id_exact,1,,3.647557020187378,7.602210521697998,1.9387577772140503,-0.014953021403801515,-0.006443872083872807,0.14476011145987588,0.9893328023438769,-0.3226402699947357,1.0694341659545898,0.01799057237803936,1.1159213195681184,0.002413704333158152,0.053137768042105925,0.29071231880015697,-0.0029130808543413877,depth/001781.png,1.0,-0.008421065963214288,0.03145266042005107,-0.9994697673269283,1.1159213195681184,0.002413704333158152,0.053137768042105925,-0.0029130808543413877,0.9999844165461054,-0.0022056459027330875,0.005128527185927415,4.5,0.9,1.333333333,0.0,0.06124222278594971,-0.00461457627010553,1.333333333,0.0,0.06124222278594971,-0.00461457627010553,direct,SAFE_PROGRESSING,NONE,DIRECT_LOCAL,PASS_THROUGH,0,6,0,0,0,0,0,1.333333333,11.941326460864662,inf,0.0,0,0,0,CLEAR,none,nan,0.0,0.0,0,0,0,0,0.0,0,0,1,0,2.0,2.0,"3.658,7.567;3.584,7.817;3.486,8.145;3.370,8.538;3.250,8.941;3.131,9.344;3.011,9.746;2.892,10.149;2.805,10.443",0.2500000000000004,19.05,2.0,0.2500000000000004,19.05,2.0,0.2500000000000004,19.05,2.0,2.4661857177802076,0.0,0.0,0,0,6,1,,,0,1,PASS_THROUGH,-1,0.9999837500567779,-0.0021921967506675923,0.005262499006190758,0.9,0,0.9999844165461054,-0.0022056459027330875,0.005128527185927415,4.5,0.9,0,0,0,BYPASS_VISIBLE,1,0,1,1,1
1787562399734898688,1787562399752766976,joint_v2_000006_1f4b2824,1782,52,0.03333333333333333,1.7333333333333334,17.8682804107666,frame_id_exact,1,,3.636705160140991,7.638035774230957,1.9393644332885742,-0.026072683363829705,-0.0067189005332896285,0.144609838208313,0.9891223717271785,-0.32867175340652466,1.081242561340332,0.018174700438976288,1.127487076866394,0.005097354642859066,0.0786627367441961,0.29049732500305225,-0.0033184499479830265,depth/001782.png,1.0,-0.005750896615972909,0.0535213870503595,-0.9985501431156665,1.127487076866394,0.005097354642859066,0.0786627367441961,-0.0033184499479830265,0.999985010353161,-0.002008323461845756,0.005093692752898437,4.5,0.9,1.3999999995999999,0.0,0.06063556671142578,-0.004994078091727361,1.3999999995999999,0.0,0.06063556671142578,-0.004994078091727361,direct,SAFE_PROGRESSING,NONE,DIRECT_LOCAL,PASS_THROUGH,0,6,0,0,0,0,0,1.3999999995999999,11.903894292707662,inf,0.0,0,0,0,CLEAR,none,nan,0.0,0.0,0,0,0,0,0.0,0,0,1,0,2.0,2.0,"3.658,7.567;3.584,7.817;3.486,8.145;3.370,8.538;3.250,8.941;3.131,9.344;3.011,9.746;2.892,10.149;2.805,10.443",0.2500000000000004,19.05,2.0,0.2500000000000004,19.05,2.0,0.2500000000000004,19.05,2.0,2.4661857177802076,0.0,0.0,0,0,6,1,,,0,1,PASS_THROUGH,-1,0.9999837500567779,-0.0021921967506675923,0.005262499006190758,0.9,0,0.999985010353161,-0.002008323461845756,0.005093692752898437,4.5,0.9,0,0,0,BYPASS_VISIBLE,1,0,1,1,1
1787562399783186688,1787562399801196032,joint_v2_000006_1f4b2824,1783,53,0.03333333333333333,1.7666666666666666,18.009424209594727,frame_id_exact,1,,3.6256251335144043,7.674405574798584,1.9399282932281494,-0.04736999225176444,-0.00783886420941755,0.1443243697797697,0.9883648680166887,-0.3365645408630371,1.1031349897384644,0.014730006456375122,1.1465847781410827,0.006942451653557489,0.12527816147292264,0.2900847153423509,-0.003970665857195854,depth/001783.png,0.9999967447916667,-0.0018220274230664885,0.09590035055336021,-0.9953892720839482,1.1465847781410827,0.006942451653557489,0.12527816147292264,-0.003970665857195854,0.9999858750883837,-0.0016188777944079118,0.005062495274699837,4.5,0.9,1.4666666661999999,0.0,0.060071706771850586,0.0015670358755021097,1.4666666661999999,0.0,0.060071706771850586,0.0015670358755021097,direct,SAFE_PROGRESSING,NONE,DIRECT_LOCAL,PASS_THROUGH,0,6,0,0,0,0,0,1.4666666661999999,11.865875170786506,inf,0.0,0,0,0,CLEAR,none,nan,0.0,0.0,0,0,0,0,0.09275609430692089,0,0,1,0,2.0,2.0,"3.626,7.674;3.548,7.934;3.448,8.270;3.329,8.668;3.210,9.071;3.091,9.473;2.972,9.876;2.853,10.279;2.772,10.550",0.2500000000000004,19.05,2.0,0.2500000000000004,19.05,2.0,0.2500000000000004,19.05,2.0,2.4661857177802076,0.0,0.0,0,0,6,1,,,0,1,PASS_THROUGH,-1,0.9999837500567779,-0.0021921967506675923,0.005262499006190758,0.9,0,0.9999858750883837,-0.0016188777944079118,0.005062495274699837,4.5,0.9,0,0,0,BYPASS_VISIBLE,1,0,1,1,1
1787562399829017600,1787562399845538048,joint_v2_000006_1f4b2824,1784,54,0.03333333333333333,1.8,16.52050018310547,frame_id_exact,1,,3.61423397064209,7.71174430847168,1.9402539730072021,-0.07549394344071816,-0.009754034985259665,0.14387430126367098,0.9866639289753967,-0.34749528765678406,1.139979362487793,0.0031905146315693855,1.1774521523851151,0.007719121740761965,0.18401887193592786,0.2894078826636405,-0.004557207226753235,depth/001784.png,1.0,0.0024753677605052933,0.15178101163414198,-0.9884110466105519,1.1774521523851151,0.007719121740761965,0.18401887193592786,-0.004557207226753235,0.9999867724243217,-0.0009672770135200502,0.005051668196477952,4.5,0.9,1.5333333327999998,0.0,0.05974602699279785,0.002320363906521683,1.5333333327999998,0.0,0.05974602699279785,0.002320363906521683,direct,SAFE_PROGRESSING,NONE,DIRECT_LOCAL,PASS_THROUGH,0,6,0,0,0,0,0,1.5333333327999998,11.826838645035139,inf,0.0,0,0,0,CLEAR,none,nan,0.0,0.0,0,0,0,0,0.0,0,0,1,0,2.0,2.0,"3.626,7.674;3.548,7.934;3.448,8.270;3.329,8.668;3.210,9.071;3.091,9.473;2.972,9.876;2.853,10.279;2.772,10.550",0.2500000000000004,19.05,2.0,0.2500000000000004,19.05,2.0,0.2500000000000004,19.05,2.0,2.4661857177802076,0.0,0.0,0,0,6,1,,,1,1,PASS_THROUGH,-1,0.9999995321755415,-0.0009672893558973585,0.0,0.9,0,0.9999867724243217,-0.0009672770135200502,0.005051668196477952,4.5,0.9,0,0,0,BYPASS_VISIBLE,1,0,1,1,1
1787562399872923648,1787562399889624832,joint_v2_000006_1f4b2824,1785,55,0.03333333333333333,1.8333333333333333,16.701221466064453,frame_id_exact,1,,3.602419137954712,7.750588417053223,1.9400033950805664,-0.10545929187376889,-0.012202221344251587,0.14329429302050703,0.9839696078332411,-0.3620084524154663,1.1933423280715942,-0.020366501063108444,1.2232427437974522,0.00732054779790486,0.2432168277071844,0.2885616309351208,-0.004957826808094978,depth/001785.png,1.0,0.006210199441394754,0.2110344934964159,-0.9774588871034983,1.2232427437974522,0.00732054779790486,0.2432168277071844,-0.004957826808094978,0.9999870337442474,-0.00014455862259975924,0.005090328691355404,4.5,0.9,1.5999999993999998,0.0,0.059996604919433594,0.002812624681386433,1.5999999993999998,0.0,0.059996604919433594,0.002812624681386433,direct,SAFE_PROGRESSING,NONE,DIRECT_LOCAL,PASS_THROUGH,0,6,0,0,0,0,0,1.5999999993999998,11.786238424423495,inf,0.0,0,0,0,CLEAR,none,nan,0.0,0.0,0,0,0,0,0.0,0,0,1,0,2.0,2.0,"3.626,7.674;3.548,7.934;3.448,8.270;3.329,8.668;3.210,9.071;3.091,9.473;2.972,9.876;2.853,10.279;2.772,10.550",0.2500000000000004,19.05,2.0,0.2500000000000004,19.05,2.0,0.2500000000000004,19.05,2.0,2.4661857177802076,0.0,0.0,0,0,6,1,,,0,1,PASS_THROUGH,-1,0.9999867724243217,-0.0009672770135200502,0.005051668196477952,0.9,0,0.9999870337442474,-0.00014455862259975924,0.005090328691355404,4.5,0.9,0,0,0,BYPASS_VISIBLE,1,0,1,1,1
1787562399914582272,1787562399933103360,joint_v2_000006_1f4b2824,1786,56,0.03333333333333333,1.8666666666666667,18.52107048034668,frame_id_exact,1,,3.5900628566741943,7.791464328765869,1.9387354850769043,-0.13172383355344117,-0.014783113572962555,0.14270569608338923,0.9808493133669564,-0.37990739941596985,1.2613022327423096,-0.057918813079595566,1.2862440239937896,0.005761737059234527,0.29001837267079056,0.28780754270942754,-0.005421117413789034,depth/001786.png,1.0,0.00859546912110054,0.2626217324153309,-0.9648605824541484,1.2862440239937896,0.005761737059234527,0.29001837267079056,-0.005421117413789034,0.9999862178576415,0.0005908397944978276,0.00521680008307912,4.5,0.9,1.6666666659999998,0.0,0.0612645149230957,0.004912433632240365,1.6666666659999998,0.0,0.0612645149230957,0.004912433632240365,direct,SAFE_PROGRESSING,NONE,DIRECT_LOCAL,PASS_THROUGH,0,6,0,0,0,0,0,1.6666666659999998,11.743536322036304,inf,0.0,0,0,0,CLEAR,none,nan,0.0,0.0,0,0,0,0,0.03385308922186578,0,0,1,0,2.0,2.0,"3.590,7.791;3.503,8.082;3.394,8.450;3.274,8.852;3.155,9.255;3.036,9.658;2.917,10.061;2.797,10.463;2.737,10.668",0.2500000000000004,19.05,2.0,0.2500000000000004,19.05,2.0,0.2500000000000004,19.05,2.0,2.4661857177802076,0.0,0.0,0,0,6,1,,,0,1,PASS_THROUGH,-1,0.9999867724243217,-0.0009672770135200502,0.005051668196477952,0.9,0,0.9999862178576415,0.0005908397944978276,0.00521680008307912,4.5,0.9,0,0,0,BYPASS_VISIBLE,1,0,1,1,1
1787562399962174464,1787562399978896896,joint_v2_000006_1f4b2824,1787,57,0.03333333333333333,1.9,16.722440719604492,frame_id_exact,1,,3.5770628452301025,7.834789752960205,1.9359970092773438,-0.14936936395397818,-0.01704495772584178,0.14228380762230708,0.9783422614896111,-0.4004423916339874,1.3395214080810547,-0.10801824182271957,1.3670525750720868,0.0032575963446201325,0.3122439708726218,0.2874506422643054,-0.006096706259995699,depth/001787.png,1.0,0.009154078713998669,0.2971191656279877,-0.9547965250562166,1.3670525750720868,0.0032575963446201325,0.3122439708726218,-0.006096706259995699,0.9999845958922204,0.0009357130698802263,0.005471052853290671,4.5,0.9,1.7333333325999998,0.0,0.06400299072265625,0.005451067974006629,1.7333333325999998,0.0,0.06400299072265625,0.005451067974006629,direct,SAFE_PROGRESSING,NONE,DIRECT_LOCAL,PASS_THROUGH,0,6,0,0,0,0,0,1.7333333325999998,11.698302785507693,inf,0.0,0,0,0,CLEAR,none,nan,0.0,0.0,0,0,0,0,0.0,0,0,1,0,2.0,2.0,"3.590,7.791;3.503,8.082;3.394,8.450;3.274,8.852;3.155,9.255;3.036,9.658;2.917,10.061;2.797,10.463;2.737,10.668",0.2500000000000004,19.05,2.0,0.2500000000000004,19.05,2.0,0.2500000000000004,19.05,2.0,2.4661857177802076,0.0,0.0,0,0,6,1,,,0,1,PASS_THROUGH,-1,0.9999867724243217,-0.0009672770135200502,0.005051668196477952,0.9,0,0.9999845958922204,0.0009357130698802263,0.005471052853290671,4.5,0.9,0,0,0,BYPASS_VISIBLE,1,0,1,1,1
1787562400003327744,1787562400021041664,joint_v2_000006_1f4b2824,1788,58,0.03333333333333333,1.9333333333333333,17.71378517150879,frame_id_exact,1,,3.5633482933044434,7.880821704864502,1.931447982788086,-0.15527063447986417,-0.01858119152155801,0.1421714361977727,0.977411403718681,-0.4226346015930176,1.4228326082229614,-0.16540879011154175,1.4628077108676771,0.0003192376788248091,0.3010418649387149,0.28764928962937236,-0.006970069836825132,depth/001788.png,1.0,0.00782716123098006,0.3088100069762801,-0.9510915387797192,1.4628077108676771,0.0003192376788248091,0.3010418649387149,-0.006970069836825132,0.999982420722878,0.0007322215973569451,0.0058840544478663504,4.5,0.9,1.7999999991999998,0.0,0.06855201721191406,0.004379860035050309,1.7999999991999998,0.0,0.06855201721191406,0.004379860035050309,direct,SAFE_PROGRESSING,NONE,DIRECT_LOCAL,PASS_THROUGH,0,6,0,0,0,0,0,1.7999999991999998,11.650271271574297,inf,0.0,0,0,0,CLEAR,none,nan,0.0,0.0,0,0,0,0,0.0,0,0,1,0,2.0,2.0,"3.590,7.791;3.503,8.082;3.394,8.450;3.274,8.852;3.155,9.255;3.036,9.658;2.917,10.061;2.797,10.463;2.737,10.668",0.2500000000000004,19.05,2.0,0.2500000000000004,19.05,2.0,0.2500000000000004,19.05,2.0,2.4661857177802076,0.0,0.0,0,0,6,1,,,0,1,PASS_THROUGH,-1,0.9999867724243217,-0.0009672770135200502,0.005051668196477952,0.9,0,0.999982420722878,0.0007322215973569451,0.0058840544478663504,4.5,0.9,0,0,0,BYPASS_VISIBLE,1,0,1,1,1
1787562400049821440,1787562400067717632,joint_v2_000006_1f4b2824,1789,59,0.03333333333333333,1.9666666666666666,17.896175384521484,frame_id_exact,1,,3.548880100250244,7.929646968841553,1.9249728918075562,-0.14887866762816807,-0.019125657237653887,0.14239347868543195,0.9783626366477569,-0.4455002248287201,1.5063239336013794,-0.22220739722251892,1.565997870122469,-0.002274629288550289,0.25397611595712977,0.2883004629107711,-0.007840202189981937,depth/001789.png,1.0,0.004975045885949492,0.2967613893350286,-0.9549387031209785,1.565997870122469,-0.002274629288550289,0.25397611595712977,-0.007840202189981937,0.9999790783416566,8.237118163814027e-05,0.006468082711251972,4.5,0.9,1.7333333325999998,0.0,0.07502710819244385,-0.0006037852857126991,1.7333333325999998,0.0,0.07502710819244385,-0.0006037852857126991,direct,SAFE_PROGRESSING,NONE,DIRECT_LOCAL,PASS_THROUGH,0,6,0,0,0,0,0,1.7333333325999998,11.59934745808668,inf,0.0,0,0,0,CLEAR,none,nan,0.0,0.0,0,0,0,0,0.004719619792968724,0,0,1,0,2.0,1.0,"3.549,7.930;3.486,8.141;3.424,8.352;3.361,8.562;3.299,8.773;3.236,8.984;3.174,9.195;3.111,9.406;3.048,9.617;2.986,9.828;2.923,10.039;2.861,10.250;2.829,10.355",0.2500000000000004,19.05,2.0,0.2500000000000004,19.05,2.0,0.2500000000000004,19.05,2.0,2.4661857177802076,0.0,0.0,0,0,6,1,,,0,1,PASS_THROUGH,-1,0.9999867724243217,-0.0009672770135200502,0.005051668196477952,0.9,0,0.9999790783416566,8.237118163814027e-05,0.006468082711251972,4.5,0.9,0,0,0,BYPASS_VISIBLE,1,0,1,1,1
1787562400101883904,1787562400119706624,joint_v2_000006_1f4b2824,1790,60,0.03333333333333333,2.0,17.822742462158203,frame_id_exact,1,,3.53365159034729,7.981195449829102,1.9167389869689941,-0.129839912288979,-0.018245144092234815,0.1428830372385586,0.9810163859810541,-0.4680209159851074,1.5853946208953857,-0.2695332169532776,1.666263779707101,-0.00371545007013844,0.16946695451245847,0.2890892026727586,-0.008445709943771362,depth/001790.png,1.0,0.0013062714071391812,0.2599640062251698,-0.9656174237876877,1.666263779707101,-0.00371545007013844,0.16946695451245847,-0.008445709943771362,0.9999737524222229,-0.0007010779265978016,0.007211307534689008,4.5,0.9,1.6666666659999998,0.0,0.08326101303100586,-0.00237680816437158,1.6666666659999998,0.0,0.08326101303100586,-0.00237680816437158,direct,SAFE_PROGRESSING,NONE,DIRECT_LOCAL,PASS_THROUGH,0,6,0,0,0,0,0,1.6666666659999998,11.545596647063082,inf,0.0,0,0,0,CLEAR,none,nan,0.0,0.0,0,0,0,0,0.0,0,0,1,0,2.0,1.0,"3.549,7.930;3.486,8.141;3.424,8.352;3.361,8.562;3.299,8.773;3.236,8.984;3.174,9.195;3.111,9.406;3.048,9.617;2.986,9.828;2.923,10.039;2.861,10.250;2.829,10.355",0.2500000000000004,19.05,2.0,0.2500000000000004,19.05,2.0,0.2500000000000004,19.05,2.0,2.4661857177802076,0.0,0.0,0,0,6,1,,,1,1,PASS_THROUGH,-1,0.9999997542320596,-0.0007010961563711871,0.0,0.9,0,0.9999737524222229,-0.0007010779265978016,0.007211307534689008,4.5,0.9,0,0,0,BYPASS_VISIBLE,1,0,1,1,1
1787562400146265344,1787562400161719040,joint_v2_000006_1f4b2824,1791,61,0.03333333333333333,2.033333333333333,15.453815460205078,frame_id_exact,1,,3.517702341079712,8.035216331481934,1.9072136878967285,-0.09558360352244828,-0.015087392644218113,0.14352826127722787,0.9849039463498959,-0.4883390963077545,1.6532020568847656,-0.29841697216033936,1.7490159231584088,-0.0034889527526341577,0.03919095419950258,0.2896408567464231,-0.008735669776797295,depth/001791.png,1.0,-0.002281368270463789,0.19261227109806917,-0.9812722906417252,1.7490159231584088,-0.0034889527526341577,0.03919095419950258,-0.008735669776797295,0.9999666147448861,-0.0012463269026209717,0.008075646407828412,4.5,0.9,1.5999999993999998,0.0,0.09278631210327148,-0.0034210689191316312,1.5999999993999998,0.0,0.09278631210327148,-0.0034210689191316312,direct,SAFE_PROGRESSING,NONE,DIRECT_LOCAL,PASS_THROUGH,0,6,0,0,0,0,0,1.5999999993999998,11.489270553614366,inf,0.0,0,0,0,CLEAR,none,nan,0.0,0.0,0,0,0,0,0.0,0,0,1,0,2.0,1.0,"3.549,7.930;3.486,8.141;3.424,8.352;3.361,8.562;3.299,8.773;3.236,8.984;3.174,9.195;3.111,9.406;3.048,9.617;2.986,9.828;2.923,10.039;2.861,10.250;2.829,10.355",0.2500000000000004,19.05,2.0,0.2500000000000004,19.05,2.0,0.2500000000000004,19.05,2.0,2.4661857177802076,0.0,0.0,0,0,6,1,,,0,1,PASS_THROUGH,-1,0.9999737524222229,-0.0007010779265978016,0.007211307534689008,0.9,0,0.9999666147448861,-0.0012463269026209717,0.008075646407828412,4.5,0.9,0,0,0,BYPASS_VISIBLE,1,0,1,1,1
1787562400187532032,1787562400204524288,joint_v2_000006_1f4b2824,1792,62,0.03333333333333333,2.066666666666667,16.99233055114746,frame_id_exact,1,,3.5011518001556396,8.091178894042969,1.8971368074417114,-0.04885010074183769,-0.009652586598424976,0.14407317957937277,0.9883134189898274,-0.5035560727119446,1.7001032829284668,-0.30191513895988464,1.7943303473077807,-0.0016886777313400876,-0.12429157340806507,0.28976345546769766,-0.008626822382211685,depth/001792.png,1.0,-0.005003583053071088,0.09933977784912688,-0.9950409904589445,1.7943303473077807,-0.0016886777313400876,-0.12429157340806507,-0.008626822382211685,0.999958583198001,-0.0013645832193166423,0.008998322137162226,4.5,0.9,1.5333333327999998,0.0,0.10286319255828857,-0.003891636018159006,1.5333333327999998,0.0,0.10286319255828857,-0.003891636018159006,direct,SAFE_PROGRESSING,NONE,DIRECT_LOCAL,PASS_THROUGH,0,6,0,0,0,0,0,1.5333333327999998,11.430911952247055,inf,0.0,0,0,0,CLEAR,none,nan,0.0,0.0,0,0,0,0,0.07818804902718746,0,0,1,0,2.0,1.0,"3.501,8.091;3.439,8.302;3.376,8.513;3.314,8.724;3.251,8.935;3.188,9.146;3.126,9.357;3.063,9.568;3.001,9.779;2.938,9.989;2.875,10.200;2.813,10.411;2.782,10.517",0.2500000000000004,19.05,2.0,0.2500000000000004,19.05,2.0,0.2500000000000004,19.05,2.0,2.4661857177802076,0.0,0.0,0,0,6,1,,,0,1,PASS_THROUGH,-1,0.9999737524222229,-0.0007010779265978016,0.007211307534689008,0.9,0,0.999958583198001,-0.0013645832193166423,0.008998322137162226,4.5,0.9,0,0,0,BYPASS_VISIBLE,1,0,1,1,1
1787562400235500800,1787562400252197120,joint_v2_000006_1f4b2824,1793,63,0.03333333333333333,2.1,16.69621467590332,frame_id_exact,1,,3.484224796295166,8.148214340209961,1.8873568773269653,0.0036066885050316496,-0.0026704620070938595,0.14428213587845667,0.9895264148556353,-0.5104673504829407,1.716302514076233,-0.28191637992858887,1.7887748342154015,0.0009469235172770828,-0.29331173999522464,0.28955775544100815,-0.008205626159906387,depth/001793.png,1.0,-0.00632574683368403,-0.006367227167438453,-0.9999597208613927,1.7887748342154015,0.0009469235172770828,-0.29331173999522464,-0.008205626159906387,0.9999502689046269,-0.0011594134247128276,0.00990532574300508,4.5,0.9,1.4666666661999999,0.0,0.11264312267303467,-0.003379687301738876,1.4666666661999999,0.0,0.11264312267303467,-0.003379687301738876,direct,SAFE_PROGRESSING,NONE,DIRECT_LOCAL,PASS_THROUGH,0,6,0,0,0,0,0,1.4666666661999999,11.371417704269518,inf,0.0,0,0,0,CLEAR,none,nan,0.0,0.0,0,0,0,0,0.0,0,0,1,0,2.0,1.0,"3.501,8.091;3.439,8.302;3.376,8.513;3.314,8.724;3.251,8.935;3.188,9.146;3.126,9.357;3.063,9.568;3.001,9.779;2.938,9.989;2.875,10.200;2.813,10.411;2.782,10.517",0.2500000000000004,19.05,2.0,0.2500000000000004,19.05,2.0,0.2500000000000004,19.05,2.0,2.4661857177802076,0.0,0.0,0,0,6,1,,,0,1,PASS_THROUGH,-1,0.9999737524222229,-0.0007010779265978016,0.007211307534689008,0.9,0,0.9999502689046269,-0.0011594134247128276,0.00990532574300508,4.5,0.9,0,0,0,BYPASS_VISIBLE,1,0,1,1,1
1787562400277979648,1787562400294889472,joint_v2_000006_1f4b2824,1794,64,0.03333333333333333,2.1333333333333333,16.90983772277832,frame_id_exact,1,,3.4672372341156006,8.20519733428955,1.8784737586975098,0.05441897947755792,0.004873181008177096,0.14410504841662508,0.9880529144738782,-0.5070085525512695,1.6967257261276245,-0.24995753169059753,1.7330863525188644,0.0033692899777078376,-0.4413784909918116,0.2893219705786207,-0.007672174833714962,depth/001794.png,1.0,-0.006054177949017357,-0.10894216252124322,-0.9940296535589653,1.7330863525188644,0.0033692899777078376,-0.4413784909918116,-0.007672174833714962,0.9999418641208544,-0.0009306203501044023,0.01074254738293664,4.5,0.9,1.3999999995999999,0.0,0.12152624130249023,-0.00317299660564041,1.3999999995999999,0.0,0.12152624130249023,-0.00317299660564041,direct,SAFE_PROGRESSING,NONE,DIRECT_LOCAL,PASS_THROUGH,0,6,0,0,0,0,0,1.3999999995999999,11.31195651860368,inf,0.0,0,0,0,CLEAR,none,nan,0.0,0.0,0,0,0,0,0.0,0,0,1,0,2.0,1.0,"3.501,8.091;3.439,8.302;3.376,8.513;3.314,8.724;3.251,8.935;3.188,9.146;3.126,9.357;3.063,9.568;3.001,9.779;2.938,9.989;2.875,10.200;2.813,10.411;2.782,10.517",0.2500000000000004,19.05,2.0,0.2500000000000004,19.05,2.0,0.2500000000000004,19.05,2.0,2.4661857177802076,0.0,0.0,0,0,6,1,,,0,1,PASS_THROUGH,-1,0.9999737524222229,-0.0007010779265978016,0.007211307534689008,0.9,0,0.9999418641208544,-0.0009306203501044023,0.01074254738293664,4.5,0.9,0,0,0,BYPASS_VISIBLE,1,0,1,1,1
1787562400323260160,1787562400340588544,joint_v2_000006_1f4b2824,1795,65,0.03333333333333333,2.1666666666666665,17.328500747680664,frame_id_exact,1,,3.4505417346954346,8.26094913482666,1.870725154876709,0.09797296829944885,0.012085869305014992,0.14367750419141312,0.9846887853708215,-0.4930766522884369,1.6431103944778442,-0.21505916118621826,1.6398380384172193,0.0046931311558604865,-0.5478101665386916,0.28934668854777096,-0.007237049750983715,depth/001795.png,1.0,-0.004351383194767081,-0.1964187013833729,-0.9805104584914746,1.6398380384172193,0.0046931311558604865,-0.5478101665386916,-0.007237049750983715,0.9999335588181019,-0.0009686242575660177,0.011486501487099234,4.5,0.9,1.333333333,0.0,0.12927484512329102,0.0009277263329787733,1.333333333,0.0,0.12927484512329102,0.0009277263329787733,direct,SAFE_PROGRESSING,NONE,DIRECT_LOCAL,PASS_THROUGH,0,6,0,0,0,0,0,1.333333333,11.253758748383799,inf,0.0,0,0,0,CLEAR,none,nan,0.0,0.0,0,0,0,0,0.05550175213552839,0,0,1,0,2.0,1.0,"3.451,8.261;3.388,8.472;3.325,8.683;3.262,8.893;3.199,9.104;3.137,9.315;3.074,9.526;3.012,9.737;2.950,9.948;2.887,10.159;2.825,10.370;2.762,10.581;2.731,10.686",0.2500000000000004,19.05,2.0,0.2500000000000004,19.05,2.0,0.2500000000000004,19.05,2.0,2.4661857177802076,0.0,0.0,0,0,6,1,,,0,1,PASS_THROUGH,-1,0.9999737524222229,-0.0007010779265978016,0.007211307534689008,0.9,0,0.9999335588181019,-0.0009686242575660177,0.011486501487099234,4.5,0.9,0,0,0,BYPASS_VISIBLE,1,0,1,1,1
1787562400367492352,1787562400384764416,joint_v2_000006_1f4b2824,1796,66,0.03333333333333333,2.2,17.271995544433594,frame_id_exact,1,,3.434467077255249,8.314432144165039,1.8641120195388794,0.1298477381569136,0.01810791399100362,0.1432283430840414,0.9809675377319211,-0.4700993597507477,1.5619834661483765,-0.18229728937149048,1.5277289682364097,0.0045377832736734755,-0.6000347209999002,0.28974477862033154,-0.006849098019301891,depth/001796.png,1.0,-0.0016692011764179449,-0.2599399649949731,-0.965623336692856,1.5277289682364097,0.0045377832736734755,-0.6000347209999002,-0.006849098019301891,0.9999254190026331,-0.0013845756863850893,0.012134223608360768,4.5,0.9,1.2666666664,0.0,0.1358879804611206,-0.0010040958831075697,1.2666666664,0.0,0.1358879804611206,-0.0010040958831075697,direct,SAFE_PROGRESSING,NONE,DIRECT_LOCAL,PASS_THROUGH,0,6,0,0,0,0,0,1.2666666664,11.197912651622152,inf,0.0,0,0,0,CLEAR,none,nan,0.0,0.0,0,0,0,0,0.0,0,0,1,0,2.0,1.0,"3.451,8.261;3.388,8.472;3.325,8.683;3.262,8.893;3.199,9.104;3.137,9.315;3.074,9.526;3.012,9.737;2.950,9.948;2.887,10.159;2.825,10.370;2.762,10.581;2.731,10.686",0.2500000000000004,19.05,2.0,0.2500000000000004,19.05,2.0,0.2500000000000004,19.05,2.0,2.4661857177802076,0.0,0.0,0,0,6,1,,,1,1,PASS_THROUGH,-1,0.9999990413334714,-0.001384677629677415,0.0,0.9,0,0.9999254190026331,-0.0013845756863850893,0.012134223608360768,4.5,0.9,0,0,0,BYPASS_VISIBLE,1,0,1,1,1
1787562400419746816,1787562400438405376,joint_v2_000006_1f4b2824,1797,67,0.03333333333333333,2.2333333333333334,18.65839958190918,frame_id_exact,1,,3.41927433013916,8.364885330200195,1.858537197113037,0.146657208537801,0.02212328638535473,0.14298762188856004,0.9785482938363675,-0.4406650960445404,1.4630268812179565,-0.15260493755340576,1.41595777358848,0.0030994422196856473,-0.5941175185737624,0.2903941861975102,-0.006447895430028439,depth/001797.png,1.0,0.0013570773296148406,-0.29334903460414197,-0.9560044467668231,1.41595777358848,0.0030994422196856473,-0.5941175185737624,-0.006447895430028439,0.9999173491151997,-0.002053439595168843,0.012691663573419906,4.5,0.9,1.1999999998,0.0,0.1414628028869629,-0.0033166289759489764,1.1999999998,0.0,0.1414628028869629,-0.0033166289759489764,direct,SAFE_PROGRESSING,NONE,DIRECT_LOCAL,PASS_THROUGH,0,6,0,0,0,0,0,1.1999999998,11.14522208331669,inf,0.0,0,0,0,CLEAR,none,nan,0.0,0.0,0,0,0,0,0.0,0,0,1,0,2.0,1.0,"3.451,8.261;3.388,8.472;3.325,8.683;3.262,8.893;3.199,9.104;3.137,9.315;3.074,9.526;3.012,9.737;2.950,9.948;2.887,10.159;2.825,10.370;2.762,10.581;2.731,10.686",0.2500000000000004,19.05,2.0,0.2500000000000004,19.05,2.0,0.2500000000000004,19.05,2.0,2.4661857177802076,0.0,0.0,0,0,6,1,,,0,1,PASS_THROUGH,-1,0.9999254190026331,-0.0013845756863850893,0.012134223608360768,0.9,0,0.9999173491151997,-0.002053439595168843,0.012691663573419906,4.5,0.9,0,0,0,BYPASS_VISIBLE,1,0,1,1,1
1787562400469256448,1787562400486076160,joint_v2_000006_1f4b2824,1798,68,0.03333333333333333,2.2666666666666666,16.81971549987793,frame_id_exact,1,,3.4051241874694824,8.411895751953125,1.8539249897003174,0.1472974018261469,0.02361032711789093,0.14307289654059555,0.9784049131847903,-0.4081082046031952,1.35750150680542,-0.12407351285219193,1.3178373581228435,0.0009456305616198235,-0.5367128539112485,0.2910145722848065,-0.0059518092311918736,depth/001798.png,1.0,0.004052388243747457,-0.29498899907016807,-0.9554920557373056,1.3178373581228435,0.0009456305616198235,-0.5367128539112485,-0.0059518092311918736,0.99990973652074,-0.0026916018960069237,0.0131633616624947,4.5,0.9,1.2666666664,0.0,0.14607501029968262,-0.0034471011323583545,1.2666666664,0.0,0.14607501029968262,-0.0034471011323583545,direct,SAFE_PROGRESSING,NONE,DIRECT_LOCAL,PASS_THROUGH,0,6,0,0,0,0,0,1.2666666664,11.096128632575775,inf,0.0,0,0,0,CLEAR,none,nan,0.0,0.0,0,0,0,0,0.15423097770890748,0,0,1,0,2.0,2.0,"3.405,8.412;3.362,8.557;3.313,8.722;3.258,8.906;3.198,9.107;3.138,9.308;3.079,9.510;3.019,9.711;2.960,9.912;2.900,10.114;2.840,10.315;2.781,10.516;2.721,10.718;2.661,10.919;2.602,11.121;2.552,11.288",0.2500000000000004,19.05,2.0,0.2500000000000004,19.05,2.0,0.2500000000000004,19.05,2.0,2.4661857177802076,0.0,0.0,0,0,6,1,,,0,1,PASS_THROUGH,-1,0.9999254190026331,-0.0013845756863850893,0.012134223608360768,0.9,0,0.99990973652074,-0.0026916018960069237,0.0131633616624947,4.5,0.9,0,0,0,BYPASS_VISIBLE,1,0,1,1,1
1787562400517206016,1787562400533991680,joint_v2_000006_1f4b2824,1799,69,0.03333333333333333,2.3,16.785621643066406,frame_id_exact,1,,3.392061710357666,8.455435752868652,1.8502885103225708,0.13167193609119243,0.022246059509214086,0.14347404747215428,0.9806032897070392,-0.3760198950767517,1.256638765335083,-0.09347650408744812,1.2401962695015047,-0.0013370284746481798,-0.43724275902778875,0.29134992127419534,-0.005326705519109964,depth/001799.png,1.0,0.005846107056511375,-0.26461933178242336,-0.9643352281646189,1.2401962695015047,-0.0013370284746481798,-0.43724275902778875,-0.005326705519109964,0.9999036214290022,-0.00303983707224086,0.013546484552856486,4.5,0.9,1.333333333,0.0,0.1497114896774292,-0.004660724960986462,1.333333333,0.0,0.1497114896774292,-0.004660724960986462,direct,SAFE_PROGRESSING,NONE,DIRECT_LOCAL,PASS_THROUGH,0,6,0,0,0,0,0,1.333333333,11.050671625665546,inf,0.0,0,0,0,CLEAR,none,nan,0.0,0.0,0,0,0,0,0.0,0,0,1,0,2.0,2.0,"3.405,8.412;3.362,8.557;3.313,8.722;3.258,8.906;3.198,9.107;3.138,9.308;3.079,9.510;3.019,9.711;2.960,9.912;2.900,10.114;2.840,10.315;2.781,10.516;2.721,10.718;2.661,10.919;2.602,11.121;2.552,11.288",0.2500000000000004,19.05,2.0,0.2500000000000004,19.05,2.0,0.2500000000000004,19.05,2.0,2.4661857177802076,0.0,0.0,0,0,6,1,,,0,1,PASS_THROUGH,-1,0.9999254190026331,-0.0013845756863850893,0.012134223608360768,0.9,0,0.9999036214290022,-0.00303983707224086,0.013546484552856486,4.5,0.9,0,0,0,BYPASS_VISIBLE,1,0,1,1,1
1787562400562479616,1787562400579154176,joint_v2_000006_1f4b2824,1800,70,0.03333333333333333,2.3333333333333335,16.674518585205078,frame_id_exact,1,,3.3800058364868164,8.495858192443848,1.8477450609207153,0.09927870551944641,0.017778020691647446,0.14408683856873952,0.984411836358105,-0.34844523668289185,1.1725106239318848,-0.058764152228832245,1.1865427210094102,-0.0033773907759586715,-0.30290829674744646,0.2913205710805487,-0.004509246442466974,depth/001800.png,1.0,0.006392278360766293,-0.2005854232182458,-0.9796553612213408,1.1865427210094102,-0.0033773907759586715,-0.30290829674744646,-0.004509246442466974,0.9998998201220951,-0.0030163707865624627,0.013829361051031823,4.5,0.9,1.3999999995999999,0.0,0.15225493907928467,-0.005204739305063599,1.3999999995999999,0.0,0.15225493907928467,-0.005204739305063599,direct,SAFE_PROGRESSING,NONE,DIRECT_LOCAL,PASS_THROUGH,0,6,0,0,0,0,0,1.3999999995999999,11.00848971614391,inf,0.0,0,0,0,CLEAR,none,nan,0.0,0.0,0,0,0,0,0.0,0,0,1,0,2.0,2.0,"3.405,8.412;3.362,8.557;3.313,8.722;3.258,8.906;3.198,9.107;3.138,9.308;3.079,9.510;3.019,9.711;2.960,9.912;2.900,10.114;2.840,10.315;2.781,10.516;2.721,10.718;2.661,10.919;2.602,11.121;2.552,11.288",0.2500000000000004,19.05,2.0,0.2500000000000004,19.05,2.0,0.2500000000000004,19.05,2.0,2.4661857177802076,0.0,0.0,0,0,6,1,,,0,1,PASS_THROUGH,-1,0.9999254190026331,-0.0013845756863850893,0.012134223608360768,0.9,0,0.9998998201220951,-0.0030163707865624627,0.013829361051031823,4.5,0.9,0,0,0,BYPASS_VISIBLE,1,0,1,1,1
1787562400608428032,1787562400628084224,joint_v2_000006_1f4b2824,1801,71,0.03333333333333333,2.3666666666666667,19.65618133544922,frame_id_exact,1,,3.3687379360198975,8.533917427062988,1.8464019298553467,0.05417666430405703,0.010768425414109668,0.14464681911739002,0.9879403968753415,-0.32931941747665405,1.1164720058441162,-0.022123293951153755,1.1544985469920128,-0.005057276489351584,-0.15019316776683905,0.29106873776393316,-0.003550409572198987,depth/001801.png,1.0,0.005604160630731041,-0.11016186743397216,-0.9938978601179725,1.1544985469920128,-0.005057276489351584,-0.15019316776683905,-0.003550409572198987,0.9998981527313581,-0.002762878234068402,0.01400180946454664,4.5,0.9,1.4666666661999999,0.0,0.15359807014465332,-0.007997584706061489,1.4666666661999999,0.0,0.15359807014465332,-0.007997584706061489,direct,SAFE_PROGRESSING,NONE,DIRECT_LOCAL,PASS_THROUGH,0,6,0,0,0,0,0,1.4666666661999999,10.968797518160283,inf,0.0,0,0,0,CLEAR,none,nan,0.0,0.0,0,0,0,0,0.15831698339544548,0,0,1,0,2.0,2.0,"3.369,8.534;3.291,8.796;3.191,9.134;3.073,9.533;2.953,9.936;2.834,10.338;2.714,10.741;2.595,11.144;2.516,11.410",0.2500000000000004,19.05,2.0,0.2500000000000004,19.05,2.0,0.2500000000000004,19.05,2.0,2.4661857177802076,0.0,0.0,0,0,6,1,,,0,1,PASS_THROUGH,-1,0.9999254190026331,-0.0013845756863850893,0.012134223608360768,0.9,0,0.9998981527313581,-0.002762878234068402,0.01400180946454664,4.5,0.9,0,0,0,BYPASS_VISIBLE,1,0,1,1,1
1787562400659420160,1787562400677012736,joint_v2_000006_1f4b2824,1802,72,0.03333333333333333,2.4,17.592430114746094,frame_id_exact,1,,3.357929229736328,8.570677757263184,1.8462581634521484,0.0028121899042052073,0.0022587436473774673,0.14491058992572928,0.9894381792676364,-0.32113635540008545,1.0951777696609497,0.012276937253773212,1.14132638266427,-0.006376432105261947,0.005201774275673052,0.2908584872599286,-0.002722023753449321,depth/001802.png,1.0,0.00365474220778389,-0.006219607866008183,-0.9999739793301562,1.14132638266427,-0.006376432105261947,0.005201774275673052,-0.002722023753449321,0.9998978591323919,-0.0025444689103127044,0.01406403144279386,4.5,0.9,1.5333333327999998,0.0,0.15374183654785156,-0.0071483927556226234,1.5333333327999998,0.0,0.15374183654785156,-0.0071483927556226234,direct,SAFE_PROGRESSING,NONE,DIRECT_LOCAL,PASS_THROUGH,0,6,0,0,0,0,0,1.5333333327999998,10.930481177156294,inf,0.0,0,0,0,CLEAR,none,nan,0.0,0.0,0,0,0,0,0.0,0,0,1,0,2.0,2.0,"3.369,8.534;3.291,8.796;3.191,9.134;3.073,9.533;2.953,9.936;2.834,10.338;2.714,10.741;2.595,11.144;2.516,11.410",0.2500000000000004,19.05,2.0,0.2500000000000004,19.05,2.0,0.2500000000000004,19.05,2.0,2.4661857177802076,0.0,0.0,0,0,6,1,,,1,1,PASS_THROUGH,-1,0.9999967621933132,-0.00254472059178337,0.0,0.9,0,0.9998978591323919,-0.0025444689103127044,0.01406403144279386,4.5,0.9,0,0,0,BYPASS_VISIBLE,1,0,1,1,1
1787562400704424704,1787562400721482496,joint_v2_000006_1f4b2824,1803,73,0.03333333333333333,2.433333333333333,17.05789566040039,frame_id_exact,1,,3.3471992015838623,8.607328414916992,1.8470520973205566,-0.04855211557874549,-0.006638181395331764,0.14479072056694034,0.9882480831543753,-0.32451310753822327,1.1094239950180054,0.03234377130866051,1.1471702243210922,-0.007299728372371619,0.14533983495613848,0.29090887020616435,-0.0021072188392281532,depth/001803.png,1.0,0.000939451520256554,0.09788536444253812,-0.9951972532411816,1.1471702243210922,-0.007299728372371619,0.14533983495613848,-0.0021072188392281532,0.9998980927255361,-0.002582550381029484,0.01404046286148073,4.5,0.9,1.5999999993999998,0.0,0.15294790267944336,-0.0066688815102960985,1.5999999993999998,0.0,0.15294790267944336,-0.0066688815102960985,direct,SAFE_PROGRESSING,NONE,DIRECT_LOCAL,PASS_THROUGH,0,6,0,0,0,0,0,1.5999999993999998,10.892292354146202,inf,0.0,0,0,0,CLEAR,none,nan,0.0,0.0,0,0,0,0,0.0,0,0,1,0,2.0,2.0,"3.369,8.534;3.291,8.796;3.191,9.134;3.073,9.533;2.953,9.936;2.834,10.338;2.714,10.741;2.595,11.144;2.516,11.410",0.2500000000000004,19.05,2.0,0.2500000000000004,19.05,2.0,0.2500000000000004,19.05,2.0,2.4661857177802076,0.0,0.0,0,0,6,1,,,0,1,PASS_THROUGH,-1,0.9998978591323919,-0.0025444689103127044,0.01406403144279386,0.9,0,0.9998980927255361,-0.002582550381029484,0.01404046286148073,4.5,0.9,0,0,0,BYPASS_VISIBLE,1,0,1,1,1
1787562400752763648,1787562400776961536,joint_v2_000006_1f4b2824,1804,74,0.03333333333333333,2.466666666666667,24.197816848754883,frame_id_exact,1,,3.336181640625,8.644980430603027,1.848160743713379,-0.09512713825786641,-0.014957913059775398,0.14435593272402378,0.9848291491883971,-0.3380395174026489,1.1541095972061157,0.030459854751825333,1.174436653030215,-0.007695662789751844,0.26039739866978984,0.29127968478558947,-0.001631608814932406,depth/001804.png,1.0,-0.0019976440434222933,0.19168648425314067,-0.9814541768075299,1.174436653030215,-0.007695662789751844,0.26039739866978984,-0.001631608814932406,0.9998978254176238,-0.0029401085729070285,0.013989084554976584,4.5,0.9,1.6666666659999998,0.0,0.1518392562866211,-0.00994283440161614,1.6666666659999998,0.0,0.1518392562866211,-0.00994283440161614,direct,SAFE_PROGRESSING,NONE,DIRECT_LOCAL,PASS_THROUGH,0,6,0,0,0,0,0,1.6666666659999998,10.85306175042162,inf,0.0,0,0,0,CLEAR,none,nan,0.0,0.0,0,0,0,0,0.1684725406618704,0,0,1,0,2.0,2.0,"3.336,8.645;3.257,8.914;3.155,9.260;3.035,9.662;2.915,10.065;2.796,10.468;2.676,10.870;2.557,11.273;2.483,11.521",0.2500000000000004,19.05,2.0,0.2500000000000004,19.05,2.0,0.2500000000000004,19.05,2.0,2.4661857177802076,0.0,0.0,0,0,6,1,,,0,1,PASS_THROUGH,-1,0.9998978591323919,-0.0025444689103127044,0.01406403144279386,0.9,0,0.9998978254176238,-0.0029401085729070285,0.013989084554976584,4.5,0.9,0,0,0,BYPASS_VISIBLE,1,0,1,1,1
1787562400808901888,1787562400827113216,joint_v2_000006_1f4b2824,1805,75,0.03333333333333333,2.5,18.21136474609375,frame_id_exact,1,,3.3245773315429688,8.684521675109863,1.8488084077835083,-0.13332706920670923,-0.021884333476798287,0.14376266873374488,0.9803454817785296,-0.35927096009254456,1.2214769124984741,0.004666843451559544,1.2254837737083701,-0.007375895752643899,0.3453090883538445,0.2918377173210751,-0.0013801353052258492,depth/001805.png,1.0,-0.004573504324217215,0.26770548015930895,-0.9634899371300513,1.2254837737083701,-0.007375895752643899,0.3453090883538445,-0.0013801353052258492,0.9998961594055813,-0.0034871051711776184,0.013982507053225693,4.5,0.9,1.7333333325999998,0.0,0.1511915922164917,-0.01099793825016293,1.7333333325999998,0.0,0.1511915922164917,-0.01099793825016293,direct,SAFE_PROGRESSING,NONE,DIRECT_LOCAL,PASS_THROUGH,0,6,0,0,0,0,0,1.7333333325999998,10.811853063716928,inf,0.0,0,0,0,CLEAR,none,nan,0.0,0.0,0,0,0,0,0.0,0,0,1,0,2.0,2.0,"3.336,8.645;3.257,8.914;3.155,9.260;3.035,9.662;2.915,10.065;2.796,10.468;2.676,10.870;2.557,11.273;2.483,11.521",0.2500000000000004,19.05,2.0,0.2500000000000004,19.05,2.0,0.2500000000000004,19.05,2.0,2.4661857177802076,0.0,0.0,0,0,6,1,,,0,1,PASS_THROUGH,-1,0.9998978591323919,-0.0025444689103127044,0.01406403144279386,0.9,0,0.9998961594055813,-0.0034871051711776184,0.013982507053225693,4.5,0.9,0,0,0,BYPASS_VISIBLE,1,0,1,1,1
1787562400852809984,1787562400871655168,joint_v2_000006_1f4b2824,1806,76,0.03333333333333333,2.533333333333333,18.845319747924805,frame_id_exact,1,,3.3121750354766846,8.726573944091797,1.8482236862182617,-0.16019943671564807,-0.026715898771501982,0.1432001079390606,0.9762766668906214,-0.3854903280735016,1.3033910989761353,-0.04274556413292885,1.3012190662074283,-0.006193783845100646,0.3950302671459803,0.29231655462708517,-0.0012393948854878545,depth/001806.png,1.0,-0.006283063952343383,0.32044938340455204,-0.9472448024576399,1.3012190662074283,-0.006193783845100646,0.3950302671459803,-0.0012393948854878545,0.9998928388554528,-0.00395955450574599,0.014093712559139897,4.5,0.9,1.7999999991999998,0.0,0.15177631378173828,-0.01167018898468597,1.7999999991999998,0.0,0.15177631378173828,-0.01167018898468597,direct,SAFE_PROGRESSING,NONE,DIRECT_LOCAL,PASS_THROUGH,0,6,0,0,0,0,0,1.7999999991999998,10.768010098421204,inf,0.0,0,0,0,CLEAR,none,nan,0.0,0.0,0,0,0,0,0.0,0,0,1,0,2.0,2.0,"3.336,8.645;3.257,8.914;3.155,9.260;3.035,9.662;2.915,10.065;2.796,10.468;2.676,10.870;2.557,11.273;2.483,11.521",0.2500000000000004,19.05,2.0,0.2500000000000004,19.05,2.0,0.2500000000000004,19.05,2.0,2.4661857177802076,0.0,0.0,0,0,6,1,,,0,1,PASS_THROUGH,-1,0.9998978591323919,-0.0025444689103127044,0.01406403144279386,0.9,0,0.9998928388554528,-0.00395955450574599,0.014093712559139897,4.5,0.9,0,0,0,BYPASS_VISIBLE,1,0,1,1,1
1787562400900180224,1787562400917627392,joint_v2_000006_1f4b2824,1807,77,0.03333333333333333,2.566666666666667,17.44699478149414,frame_id_exact,1,,3.2988502979278564,8.771498680114746,1.8457852602005005,-0.17382177545814467,-0.028983001618855163,0.14283542672709343,0.9739322444941583,-0.4142719805240631,1.3929150104522705,-0.10513924062252045,1.3994625409647923,-0.004190203031624085,0.40543162030628566,0.2924577397331515,-0.0009539684979245067,depth/001807.png,1.0,-0.006799144693608643,0.34686086263594335,-0.9378919519874795,1.3994625409647923,-0.004190203031624085,0.40543162030628566,-0.0009539684979245067,0.9998881556008827,-0.004100616951979839,0.014382671159351972,4.5,0.9,1.8666666657999997,0.0,0.1542147397994995,-0.009595857668915908,1.8666666657999997,0.0,0.1542147397994995,-0.009595857668915908,direct,SAFE_PROGRESSING,NONE,DIRECT_LOCAL,PASS_THROUGH,0,6,0,0,0,0,0,1.8666666657999997,10.72115094204245,inf,0.0,0,0,0,CLEAR,none,nan,0.0,0.0,0,0,0,0,0.23497300799336315,0,0,1,0,2.0,2.0,"3.299,8.771;3.255,8.920;3.205,9.088;3.149,9.276;3.089,9.477;3.030,9.678;2.970,9.880;2.910,10.081;2.851,10.282;2.791,10.484;2.731,10.685;2.671,10.886;2.612,11.088;2.552,11.289;2.492,11.490;2.446,11.648",0.2500000000000004,19.05,2.0,0.2500000000000004,19.05,2.0,0.2500000000000004,19.05,2.0,2.4661857177802076,0.0,0.0,0,0,6,1,,,0,1,PASS_THROUGH,-1,0.9998978591323919,-0.0025444689103127044,0.01406403144279386,0.9,0,0.9998881556008827,-0.004100616951979839,0.014382671159351972,4.5,0.9,0,0,0,BYPASS_VISIBLE,1,0,1,1,1
1787562400950742016,1787562400967847680,joint_v2_000006_1f4b2824,1808,78,0.03333333333333333,2.6,17.105579376220703,frame_id_exact,1,,3.2845499515533447,8.81946086883545,1.8411496877670288,-0.17372685161342524,-0.028567308807987583,0.14275734446562055,0.9739729105560792,-0.4437045156955719,1.4848138093948364,-0.1729053109884262,1.51357348376909,-0.0016997181712084717,0.37487919730960056,0.29215299385021976,-0.00036541314329952,depth/001808.png,1.0,-0.00604600181552898,0.346566880903259,-0.938005779791912,1.51357348376909,-0.0016997181712084717,0.37487919730960056,-0.00036541314329952,0.9998819912267861,-0.0038024895359938552,0.014884377504137703,4.5,0.9,1.9333333323999997,0.0,0.1588503122329712,-0.009095025704465853,1.9333333323999997,0.0,0.1588503122329712,-0.009095025704465853,direct,SAFE_PROGRESSING,NONE,DIRECT_LOCAL,PASS_THROUGH,0,6,0,0,0,0,0,1.9333333323999997,10.67110230120401,inf,0.0,0,0,0,CLEAR,none,nan,0.0,0.0,0,0,0,0,0.0,0,0,1,0,2.0,2.0,"3.299,8.771;3.255,8.920;3.205,9.088;3.149,9.276;3.089,9.477;3.030,9.678;2.970,9.880;2.910,10.081;2.851,10.282;2.791,10.484;2.731,10.685;2.671,10.886;2.612,11.088;2.552,11.289;2.492,11.490;2.446,11.648",0.2500000000000004,19.05,2.0,0.2500000000000004,19.05,2.0,0.2500000000000004,19.05,2.0,2.4661857177802076,0.0,0.0,0,0,6,1,,,1,1,PASS_THROUGH,-1,0.999992768908516,-0.003802910816684242,0.0,0.9,0,0.9998819912267861,-0.0038024895359938552,0.014884377504137703,4.5,0.9,0,0,0,BYPASS_VISIBLE,1,0,1,1,1
1787562400993550080,1787562401009862912,joint_v2_000006_1f4b2824,1809,79,0.03333333333333333,2.6333333333333333,16.312837600708008,frame_id_exact,1,,3.2692794799804688,8.870468139648438,1.8343123197555542,-0.1614530938308878,-0.025798692816416616,0.14293937912853086,0.9761330133930257,-0.4722609519958496,1.5750235319137573,-0.23566396534442902,1.6324223662399662,0.00068616150519602,0.30734961331661304,0.29149950864119234,0.00036111276131123304,depth/001809.png,1.0,-0.004209901539844442,0.3225746882725554,-0.9465346518827974,1.6324223662399662,0.00068616150519602,0.30734961331661304,0.00036111276131123304,0.9998732711042069,-0.003161762949693665,0.015602723686044479,4.5,0.9,1.9999999989999997,0.0,0.1656876802444458,-0.00801713829104933,1.9999999989999997,0.0,0.1656876802444458,-0.00801713829104933,direct,SAFE_PROGRESSING,NONE,DIRECT_LOCAL,PASS_THROUGH,0,6,0,0,0,0,0,1.9999999989999997,10.617858422212255,inf,0.0,0,0,0,CLEAR,none,nan,0.0,0.0,0,0,0,0,0.0,0,0,1,0,2.0,2.0,"3.299,8.771;3.255,8.920;3.205,9.088;3.149,9.276;3.089,9.477;3.030,9.678;2.970,9.880;2.910,10.081;2.851,10.282;2.791,10.484;2.731,10.685;2.671,10.886;2.612,11.088;2.552,11.289;2.492,11.490;2.446,11.648",0.2500000000000004,19.05,2.0,0.2500000000000004,19.05,2.0,0.2500000000000004,19.05,2.0,2.4661857177802076,0.0,0.0,0,0,6,1,,,0,1,PASS_THROUGH,-1,0.9998819912267861,-0.0038024895359938552,0.014884377504137703,0.9,0,0.9998732711042069,-0.003161762949693665,0.015602723686044479,4.5,0.9,0,0,0,BYPASS_VISIBLE,1,0,1,1,1
1787562401033388544,1787562401051428352,joint_v2_000006_1f4b2824,1810,80,0.03333333333333333,2.6666666666666665,18.039703369140625,frame_id_exact,1,,3.2530899047851562,8.924405097961426,1.8255980014801025,-0.14049222957148444,-0.021415142860658057,0.1432612492058433,0.9794281696797741,-0.4986100196838379,1.6599786281585693,-0.2842976748943329,1.7432190504037386,0.0023423904536993296,0.21482090480001648,0.2907240225802801,0.0008688439847901464,depth/001810.png,1.0,-0.0016950037266404497,0.28134001476313825,-0.9596066501725818,1.7432190504037386,0.0023423904536993296,0.21482090480001648,0.0008688439847901464,0.9998608001383795,-0.0024037396746142813,0.016510674795911843,4.5,0.9,1.9333333323999997,0.0,0.17440199851989746,-0.002289097920678551,1.9333333323999997,0.0,0.17440199851989746,-0.002289097920678551,direct,SAFE_PROGRESSING,NONE,DIRECT_LOCAL,PASS_THROUGH,0,6,0,0,0,0,0,1.9333333323999997,10.561544446548151,inf,0.0,0,0,0,CLEAR,none,nan,0.0,0.0,0,0,0,0,0.13774304688861305,0,0,1,0,2.0,1.0,"3.253,8.924;3.190,9.135;3.127,9.346;3.065,9.557;3.002,9.768;2.939,9.979;2.877,10.190;2.815,10.401;2.752,10.612;2.690,10.823;2.627,11.034;2.565,11.244;2.534,11.350",0.2500000000000004,19.05,2.0,0.2500000000000004,19.05,2.0,0.2500000000000004,19.05,2.0,2.4661857177802076,0.0,0.0,0,0,6,1,,,0,1,PASS_THROUGH,-1,0.9998819912267861,-0.0038024895359938552,0.014884377504137703,0.9,0,0.9998608001383795,-0.0024037396746142813,0.016510674795911843,4.5,0.9,0,0,0,BYPASS_VISIBLE,1,0,1,1,1
1787562401083992832,1787562401100557568,joint_v2_000006_1f4b2824,1811,81,0.03333333333333333,2.7,16.56484603881836,frame_id_exact,1,,3.2360756397247314,8.981040954589844,1.8155981302261353,-0.11322567265733288,-0.016059609855340662,0.14362716704983203,0.9830021733789954,-0.5215464234352112,1.736266851425171,-0.3121419847011566,1.8364113605890298,0.0028759155754327524,0.10793939771124267,0.2900587113514952,0.001172400894574821,depth/001811.png,1.0,0.0009513024193314873,0.2272153571438101,-0.9738440719651775,1.8364113605890298,0.0028759155754327524,0.10793939771124267,0.001172400894574821,0.9998443469395335,-0.0017582931966537295,0.017555349557690506,4.5,0.9,1.8666666657999997,0.0,0.18440186977386475,-0.0015944032395359686,1.8666666657999997,0.0,0.18440186977386475,-0.0015944032395359686,direct,SAFE_PROGRESSING,NONE,DIRECT_LOCAL,PASS_THROUGH,0,6,0,0,0,0,0,1.8666666657999997,10.502408484928802,inf,0.0,0,0,0,CLEAR,none,nan,0.0,0.0,0,0,0,0,0.0,0,0,1,0,2.0,1.0,"3.253,8.924;3.190,9.135;3.127,9.346;3.065,9.557;3.002,9.768;2.939,9.979;2.877,10.190;2.815,10.401;2.752,10.612;2.690,10.823;2.627,11.034;2.565,11.244;2.534,11.350",0.2500000000000004,19.05,2.0,0.2500000000000004,19.05,2.0,0.2500000000000004,19.05,2.0,2.4661857177802076,0.0,0.0,0,0,6,1,,,0,1,PASS_THROUGH,-1,0.9998819912267861,-0.0038024895359938552,0.014884377504137703,0.9,0,0.9998443469395335,-0.0017582931966537295,0.017555349557690506,4.5,0.9,0,0,0,BYPASS_VISIBLE,1,0,1,1,1
1787562401128474624,1787562401144261632,joint_v2_000006_1f4b2824,1812,82,0.03333333333333333,2.7333333333333334,15.786886215209961,frame_id_exact,1,,3.2183773517608643,9.039999008178711,1.8050593137741089,-0.07772117849478807,-0.009744605005335012,0.14400465824543618,0.9864720571259413,-0.5392975211143494,1.7980897426605225,-0.31639188528060913,1.9035995034561237,0.002243929971840918,-0.019397402722127144,0.28966301216665274,0.0013463643845170736,depth/001812.png,1.0,0.0031588624041638536,0.1561460786910722,-0.9877289221733426,1.9035995034561237,0.002243929971840918,-0.019397402722127144,0.0013463643845170736,0.9998247878021896,-0.0013822328687503743,0.01866770282072692,4.5,0.9,1.7999999991999998,0.0,0.1949406862258911,-0.0011809762352632536,1.7999999991999998,0.0,0.1949406862258911,-0.0011809762352632536,direct,SAFE_PROGRESSING,NONE,DIRECT_LOCAL,PASS_THROUGH,0,6,0,0,0,0,0,1.7999999991999998,10.44085168742043,inf,0.0,0,0,0,CLEAR,none,nan,0.0,0.0,0,0,0,0,0.0,0,0,1,0,2.0,1.0,"3.253,8.924;3.190,9.135;3.127,9.346;3.065,9.557;3.002,9.768;2.939,9.979;2.877,10.190;2.815,10.401;2.752,10.612;2.690,10.823;2.627,11.034;2.565,11.244;2.534,11.350",0.2500000000000004,19.05,2.0,0.2500000000000004,19.05,2.0,0.2500000000000004,19.05,2.0,2.4661857177802076,0.0,0.0,0,0,6,1,,,0,1,PASS_THROUGH,-1,0.9998819912267861,-0.0038024895359938552,0.014884377504137703,0.9,0,0.9998247878021896,-0.0013822328687503743,0.01866770282072692,4.5,0.9,0,0,0,BYPASS_VISIBLE,1,0,1,1,1
1787562401170531840,1787562401188787968,joint_v2_000006_1f4b2824,1813,83,0.03333333333333333,2.7666666666666666,18.256187438964844,frame_id_exact,1,,3.200204849243164,9.100666046142578,1.7947680950164795,-0.035183853375498,-0.0028544878739729185,0.1442564639087575,0.9889105222320016,-0.5496494174003601,1.8375169038772583,-0.2977656424045563,1.934168311348711,0.0007851838809639902,-0.1619862918291806,0.28954608210058713,0.001322933821938932,depth/001813.png,1.0,0.004505330360956136,0.07041092228533533,-0.9975078967212576,1.934168311348711,0.0007851838809639902,-0.1619862918291806,0.001322933821938932,0.9998036786634377,-0.0012821283856087563,0.019772715490297545,4.5,0.9,1.7333333325999998,0.0,0.2052319049835205,-0.00041146738612662936,1.7333333325999998,0.0,0.2052319049835205,-0.00041146738612662936,direct,SAFE_PROGRESSING,NONE,DIRECT_LOCAL,PASS_THROUGH,0,6,0,0,0,0,0,1.7333333325999998,10.37752161057148,inf,0.0,0,0,0,CLEAR,none,nan,0.0,0.0,0,0,0,0,0.0734749297171544,0,0,1,0,2.0,1.0,"3.200,9.101;3.137,9.311;3.075,9.522;3.012,9.733;2.949,9.944;2.887,10.155;2.824,10.366;2.762,10.577;2.699,10.788;2.637,10.999;2.575,11.210;2.512,11.421;2.481,11.526",0.2500000000000004,19.05,2.0,0.2500000000000004,19.05,2.0,0.2500000000000004,19.05,2.0,2.4661857177802076,0.0,0.0,0,0,6,1,,,0,1,PASS_THROUGH,-1,0.9998819912267861,-0.0038024895359938552,0.014884377504137703,0.9,0,0.9998036786634377,-0.0012821283856087563,0.019772715490297545,4.5,0.9,0,0,0,BYPASS_VISIBLE,1,0,1,1,1
1787562401221563392,1787562401241500160,joint_v2_000006_1f4b2824,1814,84,0.03333333333333333,2.8,19.936800003051758,frame_id_exact,1,,3.1818366050720215,9.162171363830566,1.7853672504425049,0.010393419402066145,0.003933185471435197,0.14424651784388617,0.9894793827943529,-0.5508663058280945,1.8475600481033325,-0.26472485065460205,1.921735136132569,-0.0008929942640220345,-0.3065033995132238,0.28957290574325967,0.0011926244478672743,depth/001814.png,1.0,0.004785182750904575,-0.021702845046735905,-0.9997530137703601,1.921735136132569,-0.0008929942640220345,-0.3065033995132238,0.0011926244478672743,0.9997826446599879,-0.0013210492086798262,0.02080668800334028,4.5,0.9,1.6666666659999998,0.0,0.21463274955749512,-0.0010509257642293823,1.6666666659999998,0.0,0.21463274955749512,-0.0010509257642293823,direct,SAFE_PROGRESSING,NONE,DIRECT_LOCAL,PASS_THROUGH,0,6,0,0,0,0,0,1.6666666659999998,10.313332197553443,inf,0.0,0,0,0,CLEAR,none,nan,0.0,0.0,0,0,0,0,0.0,0,0,1,0,2.0,1.0,"3.200,9.101;3.137,9.311;3.075,9.522;3.012,9.733;2.949,9.944;2.887,10.155;2.824,10.366;2.762,10.577;2.699,10.788;2.637,10.999;2.575,11.210;2.512,11.421;2.481,11.526",0.2500000000000004,19.05,2.0,0.2500000000000004,19.05,2.0,0.2500000000000004,19.05,2.0,2.4661857177802076,0.0,0.0,0,0,6,1,,,1,1,PASS_THROUGH,-1,0.9999991270361912,-0.0013213352547252711,0.0,0.9,0,0.9997826446599879,-0.0013210492086798262,0.02080668800334028,4.5,0.9,0,0,0,BYPASS_VISIBLE,1,0,1,1,1
1787562401274181120,1787562401292445952,joint_v2_000006_1f4b2824,1815,85,0.03333333333333333,2.8333333333333335,18.2647705078125,frame_id_exact,1,,3.1635866165161133,9.223481178283691,1.777183175086975,0.0543127446804413,0.009951781564830592,0.14394109441341618,0.9880445582806634,-0.5426403284072876,1.825731873512268,-0.22596296668052673,1.8681686830768687,-0.0021493504158962076,-0.43446037120464553,0.2895529000560001,0.0010508361738175154,depth/001815.png,1.0,0.004029935420859044,-0.11019176431320409,-0.9939021756179262,1.8681686830768687,-0.0021493504158962076,-0.43446037120464553,0.0010508361738175154,0.9997629239459275,-0.001307665521487951,0.02173444073294071,4.5,0.9,1.5999999993999998,0.0,0.2228168249130249,-0.0010459101982868146,1.5999999993999998,0.0,0.2228168249130249,-0.0010459101982868146,direct,SAFE_PROGRESSING,NONE,DIRECT_LOCAL,PASS_THROUGH,0,6,0,0,0,0,0,1.5999999993999998,10.2493638400384,inf,0.0,0,0,0,CLEAR,none,nan,0.0,0.0,0,0,0,0,0.0,0,0,1,0,2.0,1.0,"3.200,9.101;3.137,9.311;3.075,9.522;3.012,9.733;2.949,9.944;2.887,10.155;2.824,10.366;2.762,10.577;2.699,10.788;2.637,10.999;2.575,11.210;2.512,11.421;2.481,11.526",0.2500000000000004,19.05,2.0,0.2500000000000004,19.05,2.0,0.2500000000000004,19.05,2.0,2.4661857177802076,0.0,0.0,0,0,6,1,,,0,1,PASS_THROUGH,-1,0.9997826446599879,-0.0013210492086798262,0.02080668800334028,0.9,0,0.9997629239459275,-0.001307665521487951,0.02173444073294071,4.5,0.9,0,0,0,BYPASS_VISIBLE,1,0,1,1,1
1787562401319444992,1787562401336144384,joint_v2_000006_1f4b2824,1816,86,0.03333333333333333,2.8666666666666667,16.699552536010742,frame_id_exact,1,,3.1457552909851074,9.283553123474121,1.7703028917312622,0.09206172157479861,0.014659234347305863,0.14342772062977313,0.9852604910499471,-0.5259856581687927,1.774121880531311,-0.1871989667415619,1.7835478628529295,-0.002548790627529109,-0.5274119237440564,0.28934792511298313,0.0009686364210210741,depth/001816.png,1.0,0.0024779230974333044,-0.18561463514860269,-0.98261949253807,1.7835478628529295,-0.002548790627529109,-0.5274119237440564,0.0009686364210210741,0.9997452642311527,-0.001104586996546307,0.022542993034412966,4.5,0.9,1.5333333327999998,0.0,0.2296971082687378,-0.002786926970628767,1.5333333327999998,0.0,0.2296971082687378,-0.002786926970628767,direct,SAFE_PROGRESSING,NONE,DIRECT_LOCAL,PASS_THROUGH,0,6,0,0,0,0,0,1.5333333327999998,10.18670129616405,inf,0.0,0,0,0,CLEAR,none,nan,0.0,0.0,0,0,0,0,0.06330427311715119,0,0,1,0,2.0,1.0,"3.146,9.284;3.083,9.494;3.021,9.705;2.958,9.916;2.896,10.127;2.833,10.338;2.771,10.549;2.708,10.760;2.645,10.971;2.583,11.182;2.520,11.393;2.458,11.604;2.427,11.709",0.2500000000000004,19.05,2.0,0.2500000000000004,19.05,2.0,0.2500000000000004,19.05,2.0,2.4661857177802076,0.0,0.0,0,0,6,1,,,0,1,PASS_THROUGH,-1,0.9997826446599879,-0.0013210492086798262,0.02080668800334028,0.9,0,0.9997452642311527,-0.001104586996546307,0.022542993034412966,4.5,0.9,0,0,0,BYPASS_VISIBLE,1,0,1,1,1
1787562401365655552,1787562401382363392,joint_v2_000006_1f4b2824,1817,87,0.03333333333333333,2.9,16.707658767700195,frame_id_exact,1,,3.1285929679870605,9.341485977172852,1.7646712064743042,0.11938717037025567,0.017626288602722896,0.14288844892349215,0.9823537594295223,-0.5029070973396301,1.698565125465393,-0.15124723315238953,1.6836132378519182,-0.002012472186647612,-0.5712767935279441,0.2889467046032363,0.0008851647144183517,depth/001817.png,1.0,0.0005124065562080934,-0.23959805735918888,-0.9708720350021541,1.6836132378519182,-0.002012472186647612,-0.5712767935279441,0.0008851647144183517,0.9997298276717446,-0.0007020575153217157,0.023233139664472945,4.5,0.9,1.4666666661999999,0.0,0.2353287935256958,-0.001728322989453801,1.4666666661999999,0.0,0.2353287935256958,-0.001728322989453801,direct,SAFE_PROGRESSING,NONE,DIRECT_LOCAL,PASS_THROUGH,0,6,0,0,0,0,0,1.4666666661999999,10.126279771306734,inf,0.0,0,0,0,CLEAR,none,nan,0.0,0.0,0,0,0,0,0.0,0,0,1,0,2.0,1.0,"3.146,9.284;3.083,9.494;3.021,9.705;2.958,9.916;2.896,10.127;2.833,10.338;2.771,10.549;2.708,10.760;2.645,10.971;2.583,11.182;2.520,11.393;2.458,11.604;2.427,11.709",0.2500000000000004,19.05,2.0,0.2500000000000004,19.05,2.0,0.2500000000000004,19.05,2.0,2.4661857177802076,0.0,0.0,0,0,6,1,,,0,1,PASS_THROUGH,-1,0.9997826446599879,-0.0013210492086798262,0.02080668800334028,0.9,0,0.9997298276717446,-0.0007020575153217157,0.023233139664472945,4.5,0.9,0,0,0,BYPASS_VISIBLE,1,0,1,1,1
1787562401408017920,1787562401424076800,joint_v2_000006_1f4b2824,1818,88,0.03333333333333333,2.933333333333333,16.058921813964844,frame_id_exact,1,,3.1122703552246094,9.396618843078613,1.7601878643035889,0.1332401028250915,0.018641869761822,0.1425206388453316,0.9806056410168468,-0.476067453622818,1.6076925992965698,-0.11809726804494858,1.5845131379923327,-0.0007934617690623902,-0.5608744644745988,0.2884650790516072,0.0007122140377759933,depth/001818.png,1.0,-0.0014182838538113543,-0.26662569525535157,-0.9637991113818847,1.5845131379923327,-0.0007934617690623902,-0.5608744644745988,0.0007122140377759933,0.9997164626630164,-0.00021823752929060357,0.023810641589982817,4.5,0.9,1.3999999995999999,0.0,0.23981213569641113,-0.0004228833646607866,1.3999999995999999,0.0,0.23981213569641113,-0.0004228833646607866,direct,SAFE_PROGRESSING,NONE,DIRECT_LOCAL,PASS_THROUGH,0,6,0,0,0,0,0,1.3999999995999999,10.068781423151588,inf,0.0,0,0,0,CLEAR,none,nan,0.0,0.0,0,0,0,0,0.0,0,0,1,0,2.0,1.0,"3.146,9.284;3.083,9.494;3.021,9.705;2.958,9.916;2.896,10.127;2.833,10.338;2.771,10.549;2.708,10.760;2.645,10.971;2.583,11.182;2.520,11.393;2.458,11.604;2.427,11.709",0.2500000000000004,19.05,2.0,0.2500000000000004,19.05,2.0,0.2500000000000004,19.05,2.0,2.4661857177802076,0.0,0.0,0,0,6,1,,,0,1,PASS_THROUGH,-1,0.9997826446599879,-0.0013210492086798262,0.02080668800334028,0.9,0,0.9997164626630164,-0.00021823752929060357,0.023810641589982817,4.5,0.9,0,0,0,BYPASS_VISIBLE,1,0,1,1,1
1787562401452027136,1787562401468645376,joint_v2_000006_1f4b2824,1819,89,0.03333333333333333,2.966666666666667,16.61825180053711,frame_id_exact,1,,3.096865177154541,9.4486083984375,1.7567870616912842,0.1328302236744664,0.01781515138315505,0.142436021237404,0.9806889067965663,-0.44836264848709106,1.5115389823913574,-0.0858895406126976,1.4971926624780543,0.0007004031096021538,-0.5015673572822286,0.2880726517667069,0.0003879853175021708,depth/001819.png,1.0,-0.002897374451807516,-0.2656052922512289,-0.9640775041195729,1.4971926624780543,0.0007004031096021538,-0.5015673572822286,0.0003879853175021708,0.9997052116356051,0.0001750293740830309,0.024278780721620187,4.5,0.9,1.333333333,0.0,0.24321293830871582,0.0005471052786520936,1.333333333,0.0,0.24321293830871582,0.0005471052786520936,direct,SAFE_PROGRESSING,NONE,DIRECT_LOCAL,PASS_THROUGH,0,6,0,0,0,0,0,1.333333333,10.014557505124731,inf,0.0,0,0,0,CLEAR,none,nan,0.0,0.0,0,0,0,0,0.010031401463728287,0,0,1,0,2.0,1.0,"3.097,9.449;3.034,9.660;2.972,9.870;2.909,10.081;2.847,10.292;2.784,10.503;2.722,10.714;2.659,10.925;2.597,11.136;2.534,11.347;2.471,11.558;2.409,11.769;2.378,11.874",0.2500000000000004,19.05,2.0,0.2500000000000004,19.05,2.0,0.2500000000000004,19.05,2.0,2.4661857177802076,0.0,0.0,0,0,6,1,,,0,1,PASS_THROUGH,-1,0.9997826446599879,-0.0013210492086798262,0.02080668800334028,0.9,0,0.9997052116356051,0.0001750293740830309,0.024278780721620187,4.5,0.9,0,0,0,BYPASS_VISIBLE,1,0,1,1,1
1787562401494743552,1787562401511346688,joint_v2_000006_1f4b2824,1820,90,0.03333333333333333,3.0,16.60299301147461,frame_id_exact,1,,3.082359790802002,9.497440338134766,1.7544760704040527,0.1200393449450355,0.015583206325844139,0.14260809434163493,0.9823495563057074,-0.4224366545677185,1.4198174476623535,-0.05236601456999779,1.4253459556223291,0.002119749822708677,-0.40676888369504083,0.287885158653829,-0.0001292217057198286,depth/001820.png,1.0,-0.003620852817232796,-0.24028577720768907,-0.970695438691546,1.4253459556223291,0.002119749822708677,-0.40676888369504083,-0.0001292217057198286,0.999696458127515,0.0003599198000039134,0.024634570526783976,4.5,0.9,1.2666666664,0.0,0.24552392959594727,0.000910528545529643,1.2666666664,0.0,0.24552392959594727,0.000910528545529643,direct,SAFE_PROGRESSING,NONE,DIRECT_LOCAL,PASS_THROUGH,0,6,0,0,0,0,0,1.2666666664,9.963616716737292,inf,0.0,0,0,0,CLEAR,none,nan,0.0,0.0,0,0,0,0,0.0,0,0,1,0,2.0,1.0,"3.097,9.449;3.034,9.660;2.972,9.870;2.909,10.081;2.847,10.292;2.784,10.503;2.722,10.714;2.659,10.925;2.597,11.136;2.534,11.347;2.471,11.558;2.409,11.769;2.378,11.874",0.2500000000000004,19.05,2.0,0.2500000000000004,19.05,2.0,0.2500000000000004,19.05,2.0,2.4661857177802076,0.0,0.0,0,0,6,1,,,1,1,PASS_THROUGH,-1,0.9999999351895357,0.00036002906057248295,0.0,0.9,0,0.999696458127515,0.0003599198000039134,0.024634570526783976,4.5,0.9,0,0,0,BYPASS_VISIBLE,1,0,1,1,1
1787562401539699200,1787562401556472064,joint_v2_000006_1f4b2824,1821,91,0.03333333333333333,3.033333333333333,16.772747039794922,frame_id_exact,1,,3.0686609745025635,9.543396949768066,1.7533272504806519,0.09906020354023828,0.012624732358670095,0.142909255423509,0.9846850445303498,-0.40021586418151855,1.3401460647583008,-0.01600869931280613,1.3675601773396389,0.0032719339223606803,-0.2935795413283944,0.2879050441721246,-0.0007786230999045074,depth/001821.png,1.0,-0.003450469570511785,-0.19869458407100732,-0.980055384414877,1.3675601773396389,0.0032719339223606803,-0.2935795413283944,-0.0007786230999045074,0.9996906534387842,0.0003330250228426431,0.024869389246037592,4.5,0.9,1.1999999998,0.0,0.24667274951934814,0.0005795403351860351,1.1999999998,0.0,0.24667274951934814,0.0005795403351860351,direct,SAFE_PROGRESSING,NONE,DIRECT_LOCAL,PASS_THROUGH,0,6,0,0,0,0,0,1.1999999998,9.915661916577372,inf,0.0,0,0,0,CLEAR,none,nan,0.0,0.0,0,0,0,0,0.0,0,0,1,0,2.0,1.0,"3.097,9.449;3.034,9.660;2.972,9.870;2.909,10.081;2.847,10.292;2.784,10.503;2.722,10.714;2.659,10.925;2.597,11.136;2.534,11.347;2.471,11.558;2.409,11.769;2.378,11.874",0.2500000000000004,19.05,2.0,0.2500000000000004,19.05,2.0,0.2500000000000004,19.05,2.0,2.4661857177802076,0.0,0.0,0,0,6,1,,,0,1,PASS_THROUGH,-1,0.999696458127515,0.0003599198000039134,0.024634570526783976,0.9,0,0.9996906534387842,0.0003330250228426431,0.024869389246037592,4.5,0.9,0,0,0,BYPASS_VISIBLE,1,0,1,1,1
1787562401583228672,1787562401602086400,joint_v2_000006_1f4b2824,1822,92,0.03333333333333333,3.066666666666667,18.857717514038086,frame_id_exact,1,,3.0556273460388184,9.586962699890137,1.753440022468567,0.07544436635198482,0.009713790439992034,0.14320096495723345,0.9867660682737083,-0.38261523842811584,1.2768044471740723,0.02269260585308075,1.3209166820100255,0.004084223636976819,-0.17972592930961304,0.2880449356648446,-0.0014094426296651363,depth/001822.png,1.0,-0.0024369345233711676,-0.15167392984589703,-0.9884275797220708,1.3209166820100255,0.004084223636976819,-0.17972592930961304,-0.0014094426296651363,0.999688122447549,0.0001818540115870766,0.02497248018144272,4.5,0.9,1.2666666664,0.0,0.2465599775314331,0.0028948734926592667,1.2666666664,0.0,0.2465599775314331,0.0028948734926592667,direct,SAFE_PROGRESSING,NONE,DIRECT_LOCAL,PASS_THROUGH,0,6,0,0,0,0,0,1.2666666664,9.870188435288934,inf,0.0,0,0,0,CLEAR,none,nan,0.0,0.0,0,0,0,0,0.010422717848266852,0,0,1,0,2.0,2.0,"3.056,9.587;3.015,9.724;2.968,9.881;2.916,10.056;2.858,10.251;2.798,10.453;2.739,10.654;2.679,10.855;2.619,11.057;2.560,11.258;2.500,11.459;2.441,11.661;2.381,11.862;2.321,12.064;2.262,12.265;2.203,12.463",0.2500000000000004,19.05,2.0,0.2500000000000004,19.05,2.0,0.2500000000000004,19.05,2.0,2.4661857177802076,0.0,0.0,0,0,6,1,,,0,1,PASS_THROUGH,-1,0.999696458127515,0.0003599198000039134,0.024634570526783976,0.9,0,0.999688122447549,0.0001818540115870766,0.02497248018144272,4.5,0.9,0,0,0,BYPASS_VISIBLE,1,0,1,1,1
1787562401630196992,1787562401647185920,joint_v2_000006_1f4b2824,1823,93,0.03333333333333333,3.1,16.988754272460938,frame_id_exact,1,,3.0431036949157715,9.628704071044922,1.7548432350158691,0.05252791944880175,0.0072124047844296735,0.14342088107339965,0.9882404817491214,-0.3695463240146637,1.2304943799972534,0.060762111097574234,1.2839914757415845,0.0045168127708005296,-0.07562028542627783,0.28819949552723667,-0.0018328276928514242,depth/001823.png,1.0,-0.0008120202191305281,-0.10588925174040759,-0.9943775977912115,1.2839914757415845,0.0045168127708005296,-0.07562028542627783,-0.0018328276928514242,0.9996889373602595,1.2901682936194572e-05,0.024940496247303757,4.5,0.9,1.333333333,0.0,0.24515676498413086,0.002061815410397405,1.333333333,0.0,0.24515676498413086,0.002061815410397405,direct,SAFE_PROGRESSING,NONE,DIRECT_LOCAL,PASS_THROUGH,0,6,0,0,0,0,0,1.333333333,9.826609040330123,inf,0.0,0,0,0,CLEAR,none,nan,0.0,0.0,0,0,0,0,0.0,0,0,1,0,2.0,2.0,"3.056,9.587;3.015,9.724;2.968,9.881;2.916,10.056;2.858,10.251;2.798,10.453;2.739,10.654;2.679,10.855;2.619,11.057;2.560,11.258;2.500,11.459;2.441,11.661;2.381,11.862;2.321,12.064;2.262,12.265;2.203,12.463",0.2500000000000004,19.05,2.0,0.2500000000000004,19.05,2.0,0.2500000000000004,19.05,2.0,2.4661857177802076,0.0,0.0,0,0,6,1,,,0,1,PASS_THROUGH,-1,0.999696458127515,0.0003599198000039134,0.024634570526783976,0.9,0,0.9996889373602595,1.2901682936194572e-05,0.024940496247303757,4.5,0.9,0,0,0,BYPASS_VISIBLE,1,0,1,1,1
1787562401672906752,1787562401691691520,joint_v2_000006_1f4b2824,1824,94,0.03333333333333333,3.1333333333333333,18.78499984741211,frame_id_exact,1,,3.0309412479400635,9.669188499450684,1.757464051246643,0.02686489408491002,0.0044267382096129385,0.1435758437054318,0.9892647060109361,-0.36097946763038635,1.2016562223434448,0.09558039903640747,1.2580388686956387,0.00454351245184642,0.027148237014434626,0.2882835555642937,-0.0021255705505609512,depth/001824.png,1.0,0.0010441320784442022,-0.05442412844446339,-0.9985173629092602,1.2580388686956387,0.00454351245184642,0.027148237014434626,-0.0021255705505609512,0.999692910725855,-8.682038883869833e-05,0.02478057115338137,4.5,0.9,1.3999999995999999,0.0,0.24253594875335693,0.0010270790604094415,1.3999999995999999,0.0,0.24253594875335693,0.0010270790604094415,direct,SAFE_PROGRESSING,NONE,DIRECT_LOCAL,PASS_THROUGH,0,6,0,0,0,0,0,1.3999999995999999,9.784337414119198,inf,0.0,0,0,0,CLEAR,none,nan,0.0,0.0,0,0,0,0,0.0,0,0,1,0,2.0,2.0,"3.056,9.587;3.015,9.724;2.968,9.881;2.916,10.056;2.858,10.251;2.798,10.453;2.739,10.654;2.679,10.855;2.619,11.057;2.560,11.258;2.500,11.459;2.441,11.661;2.381,11.862;2.321,12.064;2.262,12.265;2.203,12.463",0.2500000000000004,19.05,2.0,0.2500000000000004,19.05,2.0,0.2500000000000004,19.05,2.0,2.4661857177802076,0.0,0.0,0,0,6,1,,,0,1,PASS_THROUGH,-1,0.999696458127515,0.0003599198000039134,0.024634570526783976,0.9,0,0.999692910725855,-8.682038883869833e-05,0.02478057115338137,4.5,0.9,0,0,0,BYPASS_VISIBLE,1,0,1,1,1
1787562401719330304,1787562401735977216,joint_v2_000006_1f4b2824,1825,95,0.03333333333333333,3.1666666666666665,16.646862030029297,frame_id_exact,1,,3.018980026245117,9.709036827087402,1.7611161470413208,-0.003537170480111757,0.0008658120593989819,0.14363103036381128,0.989624608582013,-0.357634037733078,1.1926734447479248,0.121818408370018,1.2442826202126265,0.00416233098008453,0.13021217841493576,0.28825174937085163,-0.00237647513858974,depth/001825.png,1.0,0.0027297527220384254,0.006752226947351118,-0.9999734775889448,1.2442826202126265,0.00416233098008453,0.13021217841493576,-0.00237647513858974,0.9996995378695528,-6.960259219801601e-05,0.024511816311364395,4.5,0.9,1.4666666661999999,0.0,0.2388838529586792,0.0022936908759907393,1.4666666661999999,0.0,0.2388838529586792,0.0022936908759907393,direct,SAFE_PROGRESSING,NONE,DIRECT_LOCAL,PASS_THROUGH,0,6,0,0,0,0,0,1.4666666661999999,9.742732849845252,inf,0.0,0,0,0,CLEAR,none,nan,0.0,0.0,0,0,0,0,0.003989133353174097,0,0,1,0,2.0,2.0,"3.019,9.709;2.936,9.986;2.831,10.340;2.712,10.742;2.593,11.145;2.474,11.548;2.354,11.951;2.235,12.353;2.166,12.585",0.2500000000000004,19.05,2.0,0.2500000000000004,19.05,2.0,0.2500000000000004,19.05,2.0,2.4661857177802076,0.0,0.0,0,0,6,1,,,0,1,PASS_THROUGH,-1,0.999696458127515,0.0003599198000039134,0.024634570526783976,0.9,0,0.9996995378695528,-6.960259219801601e-05,0.024511816311364395,4.5,0.9,0,0,0,BYPASS_VISIBLE,1,0,1,1,1
1787562401761500672,1787562401782563072,joint_v2_000006_1f4b2824,1826,96,0.03333333333333333,3.2,21.062374114990234,frame_id_exact,1,,3.007032632827759,9.748942375183105,1.765436053276062,-0.038026503015819856,-0.003547526105825631,0.1435336674992019,0.9889082295244311,-0.36024972796440125,1.2054744958877563,0.1351335197687149,1.2441887988256868,0.0033847333980370877,0.23063493091001216,0.28812520295690347,-0.0025296472012996674,depth/001826.png,1.0,0.003899811359052723,0.07622782240979634,-0.9970828002538327,1.2441887988256868,0.0033847333980370877,0.23063493091001216,-0.0025296472012996674,0.9997078110850275,4.5244903291445375e-05,0.024172099794626888,4.5,0.9,1.5333333327999998,0.0,0.234563946723938,0.0022874839367048594,1.5333333327999998,0.0,0.234563946723938,0.0022874839367048594,direct,SAFE_PROGRESSING,NONE,DIRECT_LOCAL,PASS_THROUGH,0,6,0,0,0,0,0,1.5333333327999998,9.701077356595073,inf,0.0,0,0,0,CLEAR,none,nan,0.0,0.0,0,0,0,0,0.0,0,0,1,0,2.0,2.0,"3.019,9.709;2.936,9.986;2.831,10.340;2.712,10.742;2.593,11.145;2.474,11.548;2.354,11.951;2.235,12.353;2.166,12.585",0.2500000000000004,19.05,2.0,0.2500000000000004,19.05,2.0,0.2500000000000004,19.05,2.0,2.4661857177802076,0.0,0.0,0,0,6,1,,,1,1,PASS_THROUGH,-1,0.9999999989758511,4.5258127168171256e-05,0.0,0.9,0,0.9997078110850275,4.5244903291445375e-05,0.024172099794626888,4.5,0.9,0,0,0,BYPASS_VISIBLE,1,0,1,1,1
1787562401811068672,1787562401830906368,joint_v2_000006_1f4b2824,1827,97,0.03333333333333333,3.2333333333333334,19.837617874145508,frame_id_exact,1,,2.9948933124542236,9.789644241333008,1.7699426412582397,-0.07384845807445532,-0.008529437846917157,0.1432630063820423,0.9868887297625908,-0.36910349130630493,1.240108609199524,0.13259010016918182,1.25993353501901,0.0022450825658085986,0.3228766506065883,0.2879964053086032,-0.0025706461165100336,depth/001827.png,1.0,0.004324292076183272,0.14820432778544657,-0.988947307860082,1.25993353501901,0.0022450825658085986,0.3228766506065883,-0.0025706461165100336,0.9997164366639352,0.00016662160520489492,0.0238121502851932,4.5,0.9,1.5999999993999998,0.0,0.23005735874176025,0.0020801111847479348,1.5999999993999998,0.0,0.23005735874176025,0.0020801111847479348,direct,SAFE_PROGRESSING,NONE,DIRECT_LOCAL,PASS_THROUGH,0,6,0,0,0,0,0,1.5999999993999998,9.65860383667499,inf,0.0,0,0,0,CLEAR,none,nan,0.0,0.0,0,0,0,0,0.0,0,0,1,0,2.0,2.0,"3.019,9.709;2.936,9.986;2.831,10.340;2.712,10.742;2.593,11.145;2.474,11.548;2.354,11.951;2.235,12.353;2.166,12.585",0.2500000000000004,19.05,2.0,0.2500000000000004,19.05,2.0,0.2500000000000004,19.05,2.0,2.4661857177802076,0.0,0.0,0,0,6,1,,,0,1,PASS_THROUGH,-1,0.9997078110850275,4.5244903291445375e-05,0.024172099794626888,0.9,0,0.9997164366639352,0.00016662160520489492,0.0238121502851932,4.5,0.9,0,0,0,BYPASS_VISIBLE,1,0,1,1,1
1787562401855815936,1787562401872679424,joint_v2_000006_1f4b2824,1828,98,0.03333333333333333,3.2666666666666666,16.863584518432617,frame_id_exact,1,,2.9823601245880127,9.831831932067871,1.774069905281067,-0.10697959079626693,-0.013539450640752576,0.142869364164802,0.9838497828492697,-0.38374990224838257,1.2940961122512817,0.1121702492237091,1.2943693260972033,0.0008334067113232996,0.39892136207824125,0.2879873786838822,-0.0025995916221290827,depth/001828.png,1.0,0.003926641085741065,0.214372439756792,-0.9767441008588198,1.2943693260972033,0.0008334067113232996,0.39892136207824125,-0.0025995916221290827,0.9997240057803741,0.00017283646591935564,0.023492177293707117,4.5,0.9,1.6666666659999998,0.0,0.2259300947189331,0.0005320518829005083,1.6666666659999998,0.0,0.2259300947189331,0.0005320518829005083,direct,SAFE_PROGRESSING,NONE,DIRECT_LOCAL,PASS_THROUGH,0,6,0,0,0,0,0,1.6666666659999998,9.614593822886237,inf,0.0,0,0,0,CLEAR,none,nan,0.0,0.0,0,0,0,0,0.00990553381454521,0,0,1,0,2.0,2.0,"2.982,9.832;2.941,9.971;2.894,10.129;2.842,10.306;2.783,10.503;2.724,10.704;2.664,10.906;2.604,11.107;2.545,11.308;2.485,11.510;2.425,11.711;2.366,11.912;2.306,12.114;2.246,12.315;2.187,12.516;2.130,12.708",0.2500000000000004,19.05,2.0,0.2500000000000004,19.05,2.0,0.2500000000000004,19.05,2.0,2.4661857177802076,0.0,0.0,0,0,6,1,,,0,1,PASS_THROUGH,-1,0.9997078110850275,4.5244903291445375e-05,0.024172099794626888,0.9,0,0.9997240057803741,0.00017283646591935564,0.023492177293707117,4.5,0.9,0,0,0,BYPASS_VISIBLE,1,0,1,1,1
1787562401900429312,1787562401917112320,joint_v2_000006_1f4b2824,1829,99,0.03333333333333333,3.3,16.683101654052734,frame_id_exact,1,,2.969257354736328,9.876081466674805,1.7772181034088135,-0.13312335394235256,-0.01791565547288022,0.14247678751032683,0.9806414058894584,-0.4030601382255554,1.3627861738204956,0.07416566461324692,1.3501206358054805,-0.0006688827273251842,0.44979772982790533,0.28818064797450393,-0.002757124835625291,depth/001829.png,1.0,0.002796308483900334,0.26619767600933275,-0.9639144038482323,1.3501206358054805,-0.0006688827273251842,0.44979772982790533,-0.002757124835625291,0.9997290614383338,-1.905240875917288e-05,0.02327666970667783,4.5,0.9,1.7333333325999998,0.0,0.22278189659118652,0.00011453485236234684,1.7333333325999998,0.0,0.22278189659118652,0.00011453485236234684,direct,SAFE_PROGRESSING,NONE,DIRECT_LOCAL,PASS_THROUGH,0,6,0,0,0,0,0,1.7333333325999998,9.56844510970174,inf,0.0,0,0,0,CLEAR,none,nan,0.0,0.0,0,0,0,0,0.0,0,0,1,0,2.0,2.0,"2.982,9.832;2.941,9.971;2.894,10.129;2.842,10.306;2.783,10.503;2.724,10.704;2.664,10.906;2.604,11.107;2.545,11.308;2.485,11.510;2.425,11.711;2.366,11.912;2.306,12.114;2.246,12.315;2.187,12.516;2.130,12.708",0.2500000000000004,19.05,2.0,0.2500000000000004,19.05,2.0,0.2500000000000004,19.05,2.0,2.4661857177802076,0.0,0.0,0,0,6,1,,,0,1,PASS_THROUGH,-1,0.9997078110850275,4.5244903291445375e-05,0.024172099794626888,0.9,0,0.9997290614383338,-1.905240875917288e-05,0.02327666970667783,4.5,0.9,0,0,0,BYPASS_VISIBLE,1,0,1,1,1
1787562401941849856,1787562401962060800,joint_v2_000006_1f4b2824,1830,100,0.03333333333333333,3.3333333333333335,20.210742950439453,frame_id_exact,1,,2.955453634262085,9.922785758972168,1.7788537740707397,-0.1487848655186896,-0.021031396288639138,0.14223535025314732,0.9783607970994649,-0.4255390465259552,1.4405803680419922,0.022325588390231133,1.4276493435799107,-0.001979992391296792,0.4676185841144158,0.2885614873647155,-0.0030236609745770693,depth/001830.png,1.0,0.0011723476447010467,0.2971133752852584,-0.9548414883254713,1.4276493435799107,-0.001979992391296792,0.4676185841144158,-0.0030236609745770693,0.9997302080738608,-0.00039576353994365395,0.023224005593681752,4.5,0.9,1.7999999991999998,0.0,0.22114622592926025,-0.0007121718436614577,1.7999999991999998,0.0,0.22114622592926025,-0.0007121718436614577,direct,SAFE_PROGRESSING,NONE,DIRECT_LOCAL,PASS_THROUGH,0,6,0,0,0,0,0,1.7999999991999998,9.519743650370172,inf,0.0,0,0,0,CLEAR,none,nan,0.0,0.0,0,0,0,0,0.0,0,0,1,0,2.0,2.0,"2.982,9.832;2.941,9.971;2.894,10.129;2.842,10.306;2.783,10.503;2.724,10.704;2.664,10.906;2.604,11.107;2.545,11.308;2.485,11.510;2.425,11.711;2.366,11.912;2.306,12.114;2.246,12.315;2.187,12.516;2.130,12.708",0.2500000000000004,19.05,2.0,0.2500000000000004,19.05,2.0,0.2500000000000004,19.05,2.0,2.4661857177802076,0.0,0.0,0,0,6,1,,,0,1,PASS_THROUGH,-1,0.9997078110850275,4.5244903291445375e-05,0.024172099794626888,0.9,0,0.9997302080738608,-0.00039576353994365395,0.023224005593681752,4.5,0.9,0,0,0,BYPASS_VISIBLE,1,0,1,1,1
1787562401989004800,1787562402010132736,joint_v2_000006_1f4b2824,1831,101,0.03333333333333333,3.3666666666666667,21.127939224243164,frame_id_exact,1,,2.9408698081970215,9.97215747833252,1.7786245346069336,-0.15224838406019736,-0.02245738196691401,0.14224385941575832,0.9777948557876345,-0.4496770203113556,1.5221595764160156,-0.03639999404549599,1.523078973653492,-0.0027803773505480655,0.44802552131994655,0.28901569274443545,-0.003228927729651332,depth/001831.png,1.0,-0.0006046296463428288,0.30412422283877755,-0.9526321910925015,1.523078973653492,-0.0027803773505480655,0.44802552131994655,-0.003228927729651332,0.999726424492777,-0.0008447058971220828,0.023374401443354485,4.5,0.9,1.7333333325999998,0.0,0.2213754653930664,-0.0030226395501864456,1.7333333325999998,0.0,0.2213754653930664,-0.0030226395501864456,direct,SAFE_PROGRESSING,NONE,DIRECT_LOCAL,PASS_THROUGH,0,6,0,0,0,0,0,1.7333333325999998,9.468263049411993,inf,0.0,0,0,0,CLEAR,none,nan,0.0,0.0,0,0,0,0,0.04841131546766583,0,0,1,0,2.0,1.0,"2.941,9.972;2.878,10.183;2.816,10.394;2.754,10.605;2.691,10.816;2.628,11.027;2.566,11.238;2.503,11.449;2.441,11.660;2.378,11.871;2.316,12.081;2.253,12.292;2.222,12.398",0.2500000000000004,19.05,2.0,0.2500000000000004,19.05,2.0,0.2500000000000004,19.05,2.0,2.4661857177802076,0.0,0.0,0,0,6,1,,,0,1,PASS_THROUGH,-1,0.9997078110850275,4.5244903291445375e-05,0.024172099794626888,0.9,0,0.999726424492777,-0.0008447058971220828,0.023374401443354485,4.5,0.9,0,0,0,BYPASS_VISIBLE,1,0,1,1,1
1787562402039627008,1787562402057089792,joint_v2_000006_1f4b2824,1832,102,0.03333333333333333,3.4,17.462730407714844,frame_id_exact,1,,2.925473690032959,10.024249076843262,1.7764410972595215,-0.14146475158375213,-0.021695825186527174,0.14255062783270933,0.9793856920199128,-0.47400200366973877,1.6026225090026855,-0.09338146448135376,1.6292420132014074,-0.0028344440794351392,0.3838741097024624,0.28938531046243393,-0.003407103009521961,depth/001832.png,1.0,-0.002165383219575684,0.2832826142559326,-0.9590340304576459,1.6292420132014074,-0.0028344440794351392,0.3838741097024624,-0.003407103009521961,0.9997174123117494,-0.0012096338937696513,0.0237409415681579,4.5,0.9,1.6666666659999998,0.0,0.22355890274047852,-0.0038397943899548537,1.6666666659999998,0.0,0.22355890274047852,-0.0038397943899548537,direct,SAFE_PROGRESSING,NONE,DIRECT_LOCAL,PASS_THROUGH,0,6,0,0,0,0,0,1.6666666659999998,9.413943870287484,inf,0.0,0,0,0,CLEAR,none,nan,0.0,0.0,0,0,0,0,0.0,0,0,1,0,2.0,1.0,"2.941,9.972;2.878,10.183;2.816,10.394;2.754,10.605;2.691,10.816;2.628,11.027;2.566,11.238;2.503,11.449;2.441,11.660;2.378,11.871;2.316,12.081;2.253,12.292;2.222,12.398",0.2500000000000004,19.05,2.0,0.2500000000000004,19.05,2.0,0.2500000000000004,19.05,2.0,2.4661857177802076,0.0,0.0,0,0,6,1,,,1,1,PASS_THROUGH,-1,0.9999992679800637,-0.0012099749323124607,0.0,0.9,0,0.9997174123117494,-0.0012096338937696513,0.0237409415681579,4.5,0.9,0,0,0,BYPASS_VISIBLE,1,0,1,1,1
1787562402087879936,1787562402104107008,joint_v2_000006_1f4b2824,1833,103,0.03333333333333333,3.433333333333333,16.227006912231445,frame_id_exact,1,,2.909290075302124,10.078914642333984,1.7725480794906616,-0.11212243359668017,-0.017953940295355467,0.14315423869960978,0.9831648284263245,-0.49646005034446716,1.6753429174423218,-0.13715726137161255,1.7332469348209045,-0.002103615403921416,0.26059398438051656,0.28954476305204246,-0.0035554389469325542,depth/001833.png,1.0,-0.0032017620147586634,0.22561003168892377,-0.9742124318244577,1.7332469348209045,-0.002103615403921416,0.26059398438051656,-0.0035554389469325542,0.9997037476224179,-0.0013669005925392847,0.024301205164829275,4.5,0.9,1.5999999993999998,0.0,0.22745192050933838,-0.004113157549150981,1.5999999993999998,0.0,0.22745192050933838,-0.004113157549150981,direct,SAFE_PROGRESSING,NONE,DIRECT_LOCAL,PASS_THROUGH,0,6,0,0,0,0,0,1.5999999993999998,9.356933055180527,inf,0.0,0,0,0,CLEAR,none,nan,0.0,0.0,0,0,0,0,0.0,0,0,1,0,2.0,1.0,"2.941,9.972;2.878,10.183;2.816,10.394;2.754,10.605;2.691,10.816;2.628,11.027;2.566,11.238;2.503,11.449;2.441,11.660;2.378,11.871;2.316,12.081;2.253,12.292;2.222,12.398",0.2500000000000004,19.05,2.0,0.2500000000000004,19.05,2.0,0.2500000000000004,19.05,2.0,2.4661857177802076,0.0,0.0,0,0,6,1,,,0,1,PASS_THROUGH,-1,0.9997174123117494,-0.0012096338937696513,0.0237409415681579,0.9,0,0.9997037476224179,-0.0013669005925392847,0.024301205164829275,4.5,0.9,0,0,0,BYPASS_VISIBLE,1,0,1,1,1
1787562402128493568,1787562402145153792,joint_v2_000006_1f4b2824,1834,104,0.03333333333333333,3.466666666666667,16.660213470458984,frame_id_exact,1,,2.892430543899536,10.135743141174316,1.7675669193267822,-0.06637739500882228,-0.011459631280797541,0.14379549517248835,0.9873122980348467,-0.5139749050140381,1.730459213256836,-0.15733735263347626,1.8099466542238822,-0.0008411937091518099,0.08664141919594046,0.28949182237638993,-0.0035845711827278137,depth/001834.png,1.0,-0.003538929021845553,0.13436612351648702,-0.9909254365655019,1.8099466542238822,-0.0008411937091518099,0.08664141919594046,-0.0035845711827278137,0.9996868033899794,-0.001315387682640838,0.024991296148245055,4.5,0.9,1.5333333327999998,0.0,0.23243308067321777,-0.0026891939077411386,1.5333333327999998,0.0,0.23243308067321777,-0.0026891939077411386,direct,SAFE_PROGRESSING,NONE,DIRECT_LOCAL,PASS_THROUGH,0,6,0,0,0,0,0,1.5333333327999998,9.297656399569407,inf,0.0,0,0,0,CLEAR,none,nan,0.0,0.0,0,0,0,0,0.07538973095248834,0,0,1,0,2.0,1.0,"2.892,10.136;2.830,10.347;2.767,10.558;2.705,10.768;2.642,10.979;2.580,11.190;2.517,11.401;2.455,11.612;2.392,11.823;2.330,12.034;2.267,12.245;2.205,12.456;2.173,12.561",0.2500000000000004,19.05,2.0,0.2500000000000004,19.05,2.0,0.2500000000000004,19.05,2.0,2.4661857177802076,0.0,0.0,0,0,6,1,,,0,1,PASS_THROUGH,-1,0.9997174123117494,-0.0012096338937696513,0.0237409415681579,0.9,0,0.9996868033899794,-0.001315387682640838,0.024991296148245055,4.5,0.9,0,0,0,BYPASS_VISIBLE,1,0,1,1,1
1787562402176787968,1787562402193536256,joint_v2_000006_1f4b2824,1835,105,0.03333333333333333,3.5,16.748428344726562,frame_id_exact,1,,2.875117778778076,10.193962097167969,1.7624025344848633,-0.011617362300458364,-0.0032848066314157087,0.14414107432199091,0.9894835004343815,-0.5231072306632996,1.7571074962615967,-0.14845424890518188,1.8363498302910748,0.000477183312513284,-0.10452590729074274,0.2893488124281463,-0.003459199331700802,depth/001835.png,1.0,-0.00315144576225484,0.023937327743328442,-0.9997084938771482,1.8363498302910748,0.000477183312513284,-0.10452590729074274,-0.003459199331700802,0.99966864400893,-0.0011781149794937338,0.0257140862260871,4.5,0.9,1.4666666661999999,0.0,0.23759746551513672,-0.00255935283658415,1.4666666661999999,0.0,0.23759746551513672,-0.00255935283658415,direct,SAFE_PROGRESSING,NONE,DIRECT_LOCAL,PASS_THROUGH,0,6,0,0,0,0,0,1.4666666661999999,9.23691781325645,inf,0.0,0,0,0,CLEAR,none,nan,0.0,0.0,0,0,0,0,0.0,0,0,1,0,2.0,1.0,"2.892,10.136;2.830,10.347;2.767,10.558;2.705,10.768;2.642,10.979;2.580,11.190;2.517,11.401;2.455,11.612;2.392,11.823;2.330,12.034;2.267,12.245;2.205,12.456;2.173,12.561",0.2500000000000004,19.05,2.0,0.2500000000000004,19.05,2.0,0.2500000000000004,19.05,2.0,2.4661857177802076,0.0,0.0,0,0,6,1,,,0,1,PASS_THROUGH,-1,0.9997174123117494,-0.0012096338937696513,0.0237409415681579,0.9,0,0.99966864400893,-0.0011781149794937338,0.0257140862260871,4.5,0.9,0,0,0,BYPASS_VISIBLE,1,0,1,1,1
1787562402218642688,1787562402235436544,joint_v2_000006_1f4b2824,1836,106,0.03333333333333333,3.533333333333333,16.79372787475586,frame_id_exact,1,,2.8576810359954834,10.252472877502441,1.7578654289245605,0.043434987384777295,0.005233089033421831,0.14404170107583525,0.9886040688775423,-0.5211487412452698,1.747140884399414,-0.12195717543363571,1.8055781069942316,0.0013780445798718729,-0.2808142332886805,0.2892731927031817,-0.003261078614741564,depth/001836.png,1.0,-0.002165992715742998,-0.08738757661298187,-0.9961720333001051,1.8055781069942316,0.0013780445798718729,-0.2808142332886805,-0.003261078614741564,0.9996513943712235,-0.0011122051937125996,0.026379020665584074,4.5,0.9,1.3999999995999999,0.0,0.24213457107543945,-0.002708724259352646,1.3999999995999999,0.0,0.24213457107543945,-0.002708724259352646,direct,SAFE_PROGRESSING,NONE,DIRECT_LOCAL,PASS_THROUGH,0,6,0,0,0,0,0,1.3999999995999999,9.175864202164865,inf,0.0,0,0,0,CLEAR,none,nan,0.0,0.0,0,0,0,0,0.0,0,0,1,0,2.0,1.0,"2.892,10.136;2.830,10.347;2.767,10.558;2.705,10.768;2.642,10.979;2.580,11.190;2.517,11.401;2.455,11.612;2.392,11.823;2.330,12.034;2.267,12.245;2.205,12.456;2.173,12.561",0.2500000000000004,19.05,2.0,0.2500000000000004,19.05,2.0,0.2500000000000004,19.05,2.0,2.4661857177802076,0.0,0.0,0,0,6,1,,,0,1,PASS_THROUGH,-1,0.9997174123117494,-0.0012096338937696513,0.0237409415681579,0.9,0,0.9996513943712235,-0.0011122051937125996,0.026379020665584074,4.5,0.9,0,0,0,BYPASS_VISIBLE,1,0,1,1,1
1787562402266779392,1787562402283487232,joint_v2_000006_1f4b2824,1837,107,0.03333333333333333,3.566666666666667,16.707897186279297,frame_id_exact,1,,2.8405017852783203,10.310026168823242,1.7543398141860962,0.09178789955198577,0.01295879710222463,0.14359026446713505,0.9852861954903033,-0.507787823677063,1.7002848386764526,-0.08930600434541702,1.7275090441112795,0.0016025522750131715,-0.41533420670561333,0.2893549276709709,-0.0030980752781033516,depth/001837.png,1.0,-0.0008234497531415842,-0.1845962148894131,-0.9828141021469959,1.7275090441112795,0.0016025522750131715,-0.41533420670561333,-0.0030980752781033516,0.9996363498867508,-0.001206493622309597,0.026939048948183098,4.5,0.9,1.333333333,0.0,0.2456601858139038,-0.000757664523274304,1.333333333,0.0,0.2456601858139038,-0.000757664523274304,direct,SAFE_PROGRESSING,NONE,DIRECT_LOCAL,PASS_THROUGH,0,6,0,0,0,0,0,1.333333333,9.11580177873481,inf,0.0,0,0,0,CLEAR,none,nan,0.0,0.0,0,0,0,0,0.06915210617362119,0,0,1,0,2.0,1.0,"2.841,10.310;2.778,10.521;2.715,10.732;2.652,10.943;2.590,11.154;2.527,11.365;2.465,11.575;2.402,11.786;2.340,11.997;2.278,12.208;2.215,12.419;2.153,12.630;2.121,12.736",0.2500000000000004,19.05,2.0,0.2500000000000004,19.05,2.0,0.2500000000000004,19.05,2.0,2.4661857177802076,0.0,0.0,0,0,6,1,,,0,1,PASS_THROUGH,-1,0.9997174123117494,-0.0012096338937696513,0.0237409415681579,0.9,0,0.9996363498867508,-0.001206493622309597,0.026939048948183098,4.5,0.9,0,0,0,BYPASS_VISIBLE,1,0,1,1,1
1787562402309956096,1787562402327620096,joint_v2_000006_1f4b2824,1838,108,0.03333333333333333,3.6,17.663955688476562,frame_id_exact,1,,2.8239378929138184,10.365478515625,1.7519025802612305,0.1288721103499812,0.019083449397759283,0.1430148439359382,0.9811088398067794,-0.4846295416355133,1.6223177909851074,-0.057413894683122635,1.6208516020236334,0.001173920774550339,-0.4928649602099615,0.28957500747682896,-0.0028860343154519796,depth/001838.png,1.0,0.0005846322974988605,-0.25833356641260247,-0.9660556022660509,1.6208516020236334,0.001173920774550339,-0.4928649602099615,-0.0028860343154519796,0.9996240653739134,-0.0014400182176251101,0.027379815062614884,4.5,0.9,1.2666666664,0.0,0.24809741973876953,-0.0018820866881824605,1.2666666664,0.0,0.24809741973876953,-0.0018820866881824605,direct,SAFE_PROGRESSING,NONE,DIRECT_LOCAL,PASS_THROUGH,0,6,0,0,0,0,0,1.2666666664,9.057928553987859,inf,0.0,0,0,0,CLEAR,none,nan,0.0,0.0,0,0,0,0,0.0,0,0,1,0,2.0,1.0,"2.841,10.310;2.778,10.521;2.715,10.732;2.652,10.943;2.590,11.154;2.527,11.365;2.465,11.575;2.402,11.786;2.340,11.997;2.278,12.208;2.215,12.419;2.153,12.630;2.121,12.736",0.2500000000000004,19.05,2.0,0.2500000000000004,19.05,2.0,0.2500000000000004,19.05,2.0,2.4661857177802076,0.0,0.0,0,0,6,1,,,1,1,PASS_THROUGH,-1,0.9999989623953838,-0.0014405582791935732,0.0,0.9,0,0.9996240653739134,-0.0014400182176251101,0.027379815062614884,4.5,0.9,0,0,0,BYPASS_VISIBLE,1,0,1,1,1
1787562402361261312,1787562402377827328,joint_v2_000006_1f4b2824,1839,109,0.03333333333333333,3.6333333333333333,16.566038131713867,frame_id_exact,1,,2.808272123336792,10.417935371398926,1.750474214553833,0.1516971369118811,0.023023897519590476,0.14256348134595972,0.9778208080125242,-0.4544176459312439,1.5224117040634155,-0.028854133561253548,1.5052294655803908,0.0003256166312286353,-0.5092636886220314,0.2898295050262084,-0.002587192924693227,depth/001839.png,1.0,0.0017735482556621024,-0.3032299679458151,-0.9529157575914908,1.5052294655803908,0.0003256166312286353,-0.5092636886220314,-0.002587192924693227,0.9996146950470938,-0.0017070182977752086,0.02770464824604094,4.5,0.9,1.1999999998,0.0,0.249525785446167,-0.0028361956691341783,1.1999999998,0.0,0.249525785446167,-0.0028361956691341783,direct,SAFE_PROGRESSING,NONE,DIRECT_LOCAL,PASS_THROUGH,0,6,0,0,0,0,0,1.1999999998,9.003182548931681,inf,0.0,0,0,0,CLEAR,none,nan,0.0,0.0,0,0,0,0,0.0,0,0,1,0,2.0,1.0,"2.841,10.310;2.778,10.521;2.715,10.732;2.652,10.943;2.590,11.154;2.527,11.365;2.465,11.575;2.402,11.786;2.340,11.997;2.278,12.208;2.215,12.419;2.153,12.630;2.121,12.736",0.2500000000000004,19.05,2.0,0.2500000000000004,19.05,2.0,0.2500000000000004,19.05,2.0,2.4661857177802076,0.0,0.0,0,0,6,1,,,0,1,PASS_THROUGH,-1,0.9996240653739134,-0.0014400182176251101,0.027379815062614884,0.9,0,0.9996146950470938,-0.0017070182977752086,0.02770464824604094,4.5,0.9,0,0,0,BYPASS_VISIBLE,1,0,1,1,1
1787562402403681024,1787562402424504832,joint_v2_000006_1f4b2824,1840,110,0.03333333333333333,3.6666666666666665,20.82371711730957,frame_id_exact,1,,2.7936851978302,10.466848373413086,1.7499529123306274,0.15872670057106283,0.024433714246442226,0.14241185699475556,0.976692219238616,-0.4205033779144287,1.4113999605178833,-0.0025602050591260195,1.3959367749018854,-0.0006397948425325256,-0.46929692645099974,0.28998993297636433,-0.002201956696808338,depth/001840.png,1.0,0.0025193088172485237,-0.3170135681045795,-0.9484176562678948,1.3959367749018854,-0.0006397948425325256,-0.46929692645099974,-0.002201956696808338,0.9996083802172203,-0.0018770782650119162,0.02792065143746103,4.5,0.9,1.2666666664,0.0,0.25004708766937256,-0.0033674179916037827,1.2666666664,0.0,0.25004708766937256,-0.0033674179916037827,direct,SAFE_PROGRESSING,NONE,DIRECT_LOCAL,PASS_THROUGH,0,6,0,0,0,0,0,1.2666666664,8.952140874150833,inf,0.0,0,0,0,CLEAR,none,nan,0.0,0.0,0,0,0,0,0.10759067062412042,0,0,1,0,2.0,2.0,"2.794,10.467;2.749,10.618;2.698,10.788;2.642,10.977;2.583,11.178;2.523,11.379;2.463,11.581;2.404,11.782;2.344,11.983;2.284,12.185;2.225,12.386;2.165,12.587;2.105,12.789;2.046,12.990;1.986,13.192;1.941,13.343",0.2500000000000004,19.05,2.0,0.2500000000000004,19.05,2.0,0.2500000000000004,19.05,2.0,2.4661857177802076,0.0,0.0,0,0,6,1,,,0,1,PASS_THROUGH,-1,0.9996240653739134,-0.0014400182176251101,0.027379815062614884,0.9,0,0.9996083802172203,-0.0018770782650119162,0.02792065143746103,4.5,0.9,0,0,0,BYPASS_VISIBLE,1,0,1,1,1
1787562402453816064,1787562402470694912,joint_v2_000006_1f4b2824,1841,111,0.03333333333333333,3.7,16.878843307495117,frame_id_exact,1,,2.780241012573242,10.512030601501465,1.7503113746643066,0.14883851761668704,0.02308230830252457,0.14263316011146748,0.9782484778182436,-0.38645416498184204,1.3005824089050293,0.02455492876470089,1.3025415836753265,-0.00149417845354485,-0.38058843747410775,0.28998041755351206,-0.0018000917043536901,depth/001841.png,1.0,0.0027018496950033458,-0.2977867117502084,-0.9546286054341887,1.3025415836753265,-0.00149417845354485,-0.38058843747410775,-0.0018000917043536901,0.9996053792975601,-0.0018733805609437973,0.028028130951870154,4.5,0.9,1.333333333,0.0,0.24968862533569336,-0.0034649084179999567,1.333333333,0.0,0.24968862533569336,-0.0034649084179999567,direct,SAFE_PROGRESSING,NONE,DIRECT_LOCAL,PASS_THROUGH,0,6,0,0,0,0,0,1.333333333,8.905000900134997,inf,0.0,0,0,0,CLEAR,none,nan,0.0,0.0,0,0,0,0,0.0,0,0,1,0,2.0,2.0,"2.794,10.467;2.749,10.618;2.698,10.788;2.642,10.977;2.583,11.178;2.523,11.379;2.463,11.581;2.404,11.782;2.344,11.983;2.284,12.185;2.225,12.386;2.165,12.587;2.105,12.789;2.046,12.990;1.986,13.192;1.941,13.343",0.2500000000000004,19.05,2.0,0.2500000000000004,19.05,2.0,0.2500000000000004,19.05,2.0,2.4661857177802076,0.0,0.0,0,0,6,1,,,0,1,PASS_THROUGH,-1,0.9996240653739134,-0.0014400182176251101,0.027379815062614884,0.9,0,0.9996053792975601,-0.0018733805609437973,0.028028130951870154,4.5,0.9,0,0,0,BYPASS_VISIBLE,1,0,1,1,1
1787562402496178176,1787562402513094400,joint_v2_000006_1f4b2824,1842,112,0.03333333333333333,3.7333333333333334,16.916275024414062,frame_id_exact,1,,2.767878532409668,10.55369758605957,1.751638412475586,0.12029937864304534,0.01872391015957462,0.14318985141231652,0.982178263422151,-0.35632458329200745,1.2028061151504517,0.055468764156103134,1.2306947721862767,-0.002146726500503605,-0.24934376346171264,0.28982199031069084,-0.0013898166362196207,depth/001842.png,1.0,0.0023291348242234083,-0.24167301743999425,-0.9703549493728668,1.2306947721862767,-0.002146726500503605,-0.24934376346171264,-0.0013898166362196207,0.9996060033654246,-0.0017165740311274093,0.02801591350283327,4.5,0.9,1.3999999995999999,0.0,0.24836158752441406,-0.003279746868611322,1.3999999995999999,0.0,0.24836158752441406,-0.003279746868611322,direct,SAFE_PROGRESSING,NONE,DIRECT_LOCAL,PASS_THROUGH,0,6,0,0,0,0,0,1.3999999995999999,8.861538636890291,inf,0.0,0,0,0,CLEAR,none,nan,0.0,0.0,0,0,0,0,0.0,0,0,1,0,2.0,2.0,"2.794,10.467;2.749,10.618;2.698,10.788;2.642,10.977;2.583,11.178;2.523,11.379;2.463,11.581;2.404,11.782;2.344,11.983;2.284,12.185;2.225,12.386;2.165,12.587;2.105,12.789;2.046,12.990;1.986,13.192;1.941,13.343",0.2500000000000004,19.05,2.0,0.2500000000000004,19.05,2.0,0.2500000000000004,19.05,2.0,2.4661857177802076,0.0,0.0,0,0,6,1,,,0,1,PASS_THROUGH,-1,0.9996240653739134,-0.0014400182176251101,0.027379815062614884,0.9,0,0.9996060033654246,-0.0017165740311274093,0.02801591350283327,4.5,0.9,0,0,0,BYPASS_VISIBLE,1,0,1,1,1
1787562402542059520,1787562402559876352,joint_v2_000006_1f4b2824,1843,113,0.03333333333333333,3.7666666666666666,17.817020416259766,frame_id_exact,1,,2.756396770477295,10.592509269714355,1.7540488243103027,0.07647255506226844,0.011909298174852949,0.14381193124641975,0.9865739938648321,-0.3342219591140747,1.1311626434326172,0.0890982374548912,1.179123496944723,-0.0026051650035192244,-0.09398261454778163,0.2896157663297248,-0.0009800044354051352,depth/001843.png,1.0,0.0015034760672776627,-0.15431706647829105,-0.9880202338784615,1.179123496944723,-0.0026051650035192244,-0.09398261454778163,-0.0009800044354051352,0.9996103785217827,-0.0015082559586242425,0.02787142471244701,4.5,0.9,1.4666666661999999,0.0,0.24595117568969727,-0.004380091651742801,1.4666666661999999,0.0,0.24595117568969727,-0.004380091651742801,direct,SAFE_PROGRESSING,NONE,DIRECT_LOCAL,PASS_THROUGH,0,6,0,0,0,0,0,1.4666666661999999,8.821064234202504,inf,0.0,0,0,0,CLEAR,none,nan,0.0,0.0,0,0,0,0,0.08645031817644674,0,0,1,0,2.0,2.0,"2.756,10.593;2.678,10.857;2.577,11.198;2.458,11.599;2.339,12.002;2.220,12.404;2.100,12.807;1.981,13.210;1.904,13.469",0.2500000000000004,19.05,2.0,0.2500000000000004,19.05,2.0,0.2500000000000004,19.05,2.0,2.4661857177802076,0.0,0.0,0,0,6,1,,,0,1,PASS_THROUGH,-1,0.9996240653739134,-0.0014400182176251101,0.027379815062614884,0.9,0,0.9996103785217827,-0.0015082559586242425,0.02787142471244701,4.5,0.9,0,0,0,BYPASS_VISIBLE,1,0,1,1,1
1787562402586151424,1787562402603784960,joint_v2_000006_1f4b2824,1844,114,0.03333333333333333,3.8,17.633676528930664,frame_id_exact,1,,2.7454774379730225,10.629497528076172,1.757584810256958,0.02396169430446607,0.00369456063395442,0.14418610144368288,0.9892535345290677,-0.3228633999824524,1.0943082571029663,0.12220483273267746,1.1455219519447377,-0.0028915705361007445,0.0667566789747345,0.2894762437082203,-0.0006855347310192883,depth/001844.png,1.0,0.00039982775985020116,-0.04847379015671056,-0.9988243748555627,1.1455219519447377,-0.0028915705361007445,0.0667566789747345,-0.0006855347310192883,0.9996183493220585,-0.0013641906336960992,0.027591569048496353,4.5,0.9,1.5333333327999998,0.0,0.242415189743042,-0.0038927856388298876,1.5333333327999998,0.0,0.242415189743042,-0.0038927856388298876,direct,SAFE_PROGRESSING,NONE,DIRECT_LOCAL,PASS_THROUGH,0,6,0,0,0,0,0,1.5333333327999998,8.782497909086441,inf,0.0,0,0,0,CLEAR,none,nan,0.0,0.0,0,0,0,0,0.0,0,0,1,0,2.0,2.0,"2.756,10.593;2.678,10.857;2.577,11.198;2.458,11.599;2.339,12.002;2.220,12.404;2.100,12.807;1.981,13.210;1.904,13.469",0.2500000000000004,19.05,2.0,0.2500000000000004,19.05,2.0,0.2500000000000004,19.05,2.0,2.4661857177802076,0.0,0.0,0,0,6,1,,,1,1,PASS_THROUGH,-1,0.9999990687825934,-0.001364710205913314,0.0,0.9,0,0.9996183493220585,-0.0013641906336960992,0.027591569048496353,4.5,0.9,0,0,0,BYPASS_VISIBLE,1,0,1,1,1
1787562402632171776,1787562402647643392,joint_v2_000006_1f4b2824,1845,115,0.03333333333333333,3.8333333333333335,15.471458435058594,frame_id_exact,1,,2.7347421646118164,10.665886878967285,1.762058973312378,-0.030287669495009096,-0.004799435285262587,0.14414764261968485,0.9890809267318278,-0.3231276571750641,1.0950262546539307,0.1436343491077423,1.1307517482560008,-0.002987169043665465,0.2133456540301868,0.2894635961045978,-0.0005269069224596024,depth/001845.png,1.0,-0.0007622674831745044,0.06129756698989449,-0.9981192449950074,1.1307517482560008,-0.002987169043665465,0.2133456540301868,-0.0005269069224596024,0.9996291019558666,-0.0013461943892240787,0.027200115506633316,4.5,0.9,1.5999999993999998,0.0,0.23794102668762207,-0.003624625895563005,1.5999999993999998,0.0,0.23794102668762207,-0.003624625895563005,direct,SAFE_PROGRESSING,NONE,DIRECT_LOCAL,PASS_THROUGH,0,6,0,0,0,0,0,1.5999999993999998,8.744558104951487,inf,0.0,0,0,0,CLEAR,none,nan,0.0,0.0,0,0,0,0,0.0,0,0,1,0,2.0,2.0,"2.756,10.593;2.678,10.857;2.577,11.198;2.458,11.599;2.339,12.002;2.220,12.404;2.100,12.807;1.981,13.210;1.904,13.469",0.2500000000000004,19.05,2.0,0.2500000000000004,19.05,2.0,0.2500000000000004,19.05,2.0,2.4661857177802076,0.0,0.0,0,0,6,1,,,0,1,PASS_THROUGH,-1,0.9996183493220585,-0.0013641906336960992,0.027591569048496353,0.9,0,0.9996291019558666,-0.0013461943892240787,0.027200115506633316,4.5,0.9,0,0,0,BYPASS_VISIBLE,1,0,1,1,1
1787562402672117760,1787562402688907520,joint_v2_000006_1f4b2824,1846,116,0.03333333333333333,3.8666666666666667,16.789913177490234,frame_id_exact,1,,2.7238197326660156,10.702877044677734,1.7669227123260498,-0.08072623542892378,-0.012655130198727346,0.14372058729802206,0.9862390761776979,-0.3337843418121338,1.129376769065857,0.14460699260234833,1.138390371445121,-0.0028355452082529766,0.3344762735060603,0.2895587390891388,-0.000439892231952399,depth/001846.png,1.0,-0.0017579238997960447,0.16286834119443833,-0.9866462451862544,1.138390371445121,-0.0028355452082529766,0.3344762735060603,-0.000439892231952399,0.9996407881330741,-0.0014369056263872958,0.026762473781528802,4.5,0.9,1.6666666659999998,0.0,0.2330772876739502,-0.004156707065030574,1.6666666659999998,0.0,0.2330772876739502,-0.004156707065030574,direct,SAFE_PROGRESSING,NONE,DIRECT_LOCAL,PASS_THROUGH,0,6,0,0,0,0,0,1.6666666659999998,8.705989070806124,inf,0.0,0,0,0,CLEAR,none,nan,0.0,0.0,0,0,0,0,0.08235815527539789,0,0,1,0,2.0,2.0,"2.724,10.703;2.646,10.967;2.545,11.308;2.426,11.709;2.307,12.111;2.187,12.514;2.068,12.917;1.948,13.319;1.871,13.579",0.2500000000000004,19.05,2.0,0.2500000000000004,19.05,2.0,0.2500000000000004,19.05,2.0,2.4661857177802076,0.0,0.0,0,0,6,1,,,0,1,PASS_THROUGH,-1,0.9996183493220585,-0.0013641906336960992,0.027591569048496353,0.9,0,0.9996407881330741,-0.0014369056263872958,0.026762473781528802,4.5,0.9,0,0,0,BYPASS_VISIBLE,1,0,1,1,1
1787562402724377344,1787562402739833088,joint_v2_000006_1f4b2824,1847,117,0.03333333333333333,3.9,15.45572280883789,frame_id_exact,1,,2.7124013900756836,10.74146842956543,1.7714241743087769,-0.12360575419381208,-0.019232079831363897,0.14305055342624476,0.9817781235085573,-0.35245275497436523,1.1898019313812256,0.1216571182012558,1.1718780739737191,-0.0023823367440965926,0.42584990199345285,0.2896773382854418,-0.00039204349741339684,depth/001847.png,1.0,-0.002399527407820054,0.24820917014135027,-0.968703489271078,1.1718780739737191,-0.0023823367440965926,0.42584990199345285,-0.00039204349741339684,0.9996511029517016,-0.0015533873761201438,0.0263677711440779,4.5,0.9,1.7333333325999998,0.0,0.22857582569122314,-0.0044127318063358345,1.7333333325999998,0.0,0.22857582569122314,-0.0044127318063358345,direct,SAFE_PROGRESSING,NONE,DIRECT_LOCAL,PASS_THROUGH,0,6,0,0,0,0,0,1.7333333325999998,8.66574390706041,inf,0.0,0,0,0,CLEAR,none,nan,0.0,0.0,0,0,0,0,0.0,0,0,1,0,2.0,2.0,"2.724,10.703;2.646,10.967;2.545,11.308;2.426,11.709;2.307,12.111;2.187,12.514;2.068,12.917;1.948,13.319;1.871,13.579",0.2500000000000004,19.05,2.0,0.2500000000000004,19.05,2.0,0.2500000000000004,19.05,2.0,2.4661857177802076,0.0,0.0,0,0,6,1,,,0,1,PASS_THROUGH,-1,0.9996183493220585,-0.0013641906336960992,0.027591569048496353,0.9,0,0.9996511029517016,-0.0015533873761201438,0.0263677711440779,4.5,0.9,0,0,0,BYPASS_VISIBLE,1,0,1,1,1
1787562402768967936,1787562402795605248,joint_v2_000006_1f4b2824,1848,118,0.03333333333333333,3.933333333333333,26.63731575012207,frame_id_exact,1,,2.7002639770507812,10.782391548156738,1.7747678756713867,-0.15595061846602573,-0.02403258348886034,0.14234086731201234,0.977159616963257,-0.3764766454696655,1.2679171562194824,0.07561573386192322,1.2332086114794107,-0.0016207718264288492,0.4840043517355802,0.28971199213973947,-0.0003322682168800384,depth/001848.png,1.0,-0.0025710475726268694,0.31161893076599495,-0.95020367906183,1.2332086114794107,-0.0016207718264288492,0.4840043517355802,-0.0003322682168800384,0.9996577908643222,-0.0015890423189633197,0.026110842743414353,4.5,0.9,1.7999999991999998,0.0,0.22523212432861328,-0.004471542862130584,1.7999999991999998,0.0,0.22523212432861328,-0.004471542862130584,direct,SAFE_PROGRESSING,NONE,DIRECT_LOCAL,PASS_THROUGH,0,6,0,0,0,0,0,1.7999999991999998,8.623058800113963,inf,0.0,0,0,0,CLEAR,none,nan,0.0,0.0,0,0,0,0,0.0,0,0,1,0,2.0,2.0,"2.724,10.703;2.646,10.967;2.545,11.308;2.426,11.709;2.307,12.111;2.187,12.514;2.068,12.917;1.948,13.319;1.871,13.579",0.2500000000000004,19.05,2.0,0.2500000000000004,19.05,2.0,0.2500000000000004,19.05,2.0,2.4661857177802076,0.0,0.0,0,0,6,1,,,0,1,PASS_THROUGH,-1,0.9996183493220585,-0.0013641906336960992,0.027591569048496353,0.9,0,0.9996577908643222,-0.0015890423189633197,0.026110842743414353,4.5,0.9,0,0,0,BYPASS_VISIBLE,1,0,1,1,1
1787562402824665856,1787562402842498816,joint_v2_000006_1f4b2824,1849,119,0.03333333333333333,3.966666666666667,17.83299446105957,frame_id_exact,1,,2.6872708797454834,10.826107025146484,1.7762563228607178,-0.1756287847537682,-0.026727606051097703,0.14179527585368112,0.9738245554442907,-0.4034538269042969,1.356163501739502,0.011482945643365383,1.321584870005622,-0.0006322743581489703,0.5054694091001727,0.28958699297198065,-0.00020034061162732542,depth/001849.png,1.0,-0.0022493341975860157,0.3496429430179665,-0.9368803300813837,1.321584870005622,-0.0006322743581489703,0.5054694091001727,-0.00020034061162732542,0.9996588792183947,-0.0014682416678279903,0.026076224155879697,4.5,0.9,1.8666666657999997,0.0,0.22374367713928223,-0.0027540950179028023,1.8666666657999997,0.0,0.22374367713928223,-0.0027540950179028023,direct,SAFE_PROGRESSING,NONE,DIRECT_LOCAL,PASS_THROUGH,0,6,0,0,0,0,0,1.8666666657999997,8.577453293553999,inf,0.0,0,0,0,CLEAR,none,nan,0.0,0.0,0,0,0,0,0.0841526966145775,0,0,1,0,2.0,2.0,"2.687,10.826;2.644,10.971;2.595,11.136;2.541,11.319;2.481,11.521;2.422,11.722;2.362,11.923;2.302,12.125;2.243,12.326;2.183,12.527;2.123,12.729;2.064,12.930;2.004,13.131;1.944,13.333;1.885,13.534;1.835,13.702",0.2500000000000004,19.05,2.0,0.2500000000000004,19.05,2.0,0.2500000000000004,19.05,2.0,2.4661857177802076,0.0,0.0,0,0,6,1,,,0,1,PASS_THROUGH,-1,0.9996183493220585,-0.0013641906336960992,0.027591569048496353,0.9,0,0.9996588792183947,-0.0014682416678279903,0.026076224155879697,4.5,0.9,0,0,0,BYPASS_VISIBLE,1,0,1,1,1
1787562402868130304,1787562402898424320,joint_v2_000006_1f4b2824,1850,120,0.03333333333333333,4.0,30.294179916381836,frame_id_exact,1,,2.673354387283325,10.87285041809082,1.7754207849502563,-0.18201341825477257,-0.02726368401616535,0.14154645657642864,0.9726728163877807,-0.43157631158828735,1.4488697052001953,-0.062260713428258896,1.4318934074706249,0.0003994513998042269,0.4889161910679475,0.2893004537323116,4.8217720177490264e-05,depth/001850.png,1.0,-0.001510579827567124,0.3617971640398887,-0.9322556142181598,1.4318934074706249,0.0003994513998042269,0.4889161910679475,4.8217720177490264e-05,0.9996527800410066,-0.0011889178522492565,0.026323104502078542,4.5,0.9,1.9333333323999997,0.0,0.22457921504974365,-0.002232254305842285,1.9333333323999997,0.0,0.22457921504974365,-0.002232254305842285,direct,SAFE_PROGRESSING,NONE,DIRECT_LOCAL,PASS_THROUGH,0,6,0,0,0,0,0,1.9333333323999997,8.528682299821165,inf,0.0,0,0,0,CLEAR,none,nan,0.0,0.0,0,0,0,0,0.0,0,0,1,0,2.0,2.0,"2.687,10.826;2.644,10.971;2.595,11.136;2.541,11.319;2.481,11.521;2.422,11.722;2.362,11.923;2.302,12.125;2.243,12.326;2.183,12.527;2.123,12.729;2.064,12.930;2.004,13.131;1.944,13.333;1.885,13.534;1.835,13.702",0.2500000000000004,19.05,2.0,0.2500000000000004,19.05,2.0,0.2500000000000004,19.05,2.0,2.4661857177802076,0.0,0.0,0,0,6,1,,,1,1,PASS_THROUGH,-1,0.9999992927468604,-0.0011893299704869588,0.0,0.9,0,0.9996527800410066,-0.0011889178522492565,0.026323104502078542,4.5,0.9,0,0,0,BYPASS_VISIBLE,1,0,1,1,1
1787562402932235520,1787562402948983808,joint_v2_000006_1f4b2824,1851,121,0.03333333333333333,4.033333333333333,16.748428344726562,frame_id_exact,1,,2.6584999561309814,10.922700881958008,1.7721070051193237,-0.17602752077120867,-0.02586261054943938,0.14161862273891576,0.9738016240488832,-0.45957663655281067,1.542056679725647,-0.135593980550766,1.554692548100921,0.001231152380684124,0.43642270914397086,0.2889250433828913,0.0003259298682678491,depth/001851.png,1.0,-0.0005125541988467777,0.35015702578149216,-0.9366908746134195,1.554692548100921,0.001231152380684124,0.43642270914397086,0.0003259298682678491,0.9996384624449843,-0.0008227734546375264,0.02687503385059008,4.5,0.9,1.9999999989999997,0.0,0.22789299488067627,-0.0016712264653190312,1.9999999989999997,0.0,0.22789299488067627,-0.0016712264653190312,direct,SAFE_PROGRESSING,NONE,DIRECT_LOCAL,PASS_THROUGH,0,6,0,0,0,0,0,1.9999999989999997,8.476665794568587,inf,0.0,0,0,0,CLEAR,none,nan,0.0,0.0,0,0,0,0,0.0,0,0,1,0,2.0,2.0,"2.687,10.826;2.644,10.971;2.595,11.136;2.541,11.319;2.481,11.521;2.422,11.722;2.362,11.923;2.302,12.125;2.243,12.326;2.183,12.527;2.123,12.729;2.064,12.930;2.004,13.131;1.944,13.333;1.885,13.534;1.835,13.702",0.2500000000000004,19.05,2.0,0.2500000000000004,19.05,2.0,0.2500000000000004,19.05,2.0,2.4661857177802076,0.0,0.0,0,0,6,1,,,0,1,PASS_THROUGH,-1,0.9996527800410066,-0.0011889178522492565,0.026323104502078542,0.9,0,0.9996384624449843,-0.0008227734546375264,0.02687503385059008,4.5,0.9,0,0,0,BYPASS_VISIBLE,1,0,1,1,1
1787562402976442624,1787562402993125120,joint_v2_000006_1f4b2824,1852,122,0.03333333333333333,4.066666666666666,16.68262481689453,frame_id_exact,1,,2.642728090286255,10.97562313079834,1.7664906978607178,-0.16012852604730016,-0.022996596269815713,0.14193142801741362,0.9765682164840611,-0.48644378781318665,1.632486343383789,-0.19907371699810028,1.6778229803155587,0.0016567420160580205,0.3552138324544296,0.28856443183171426,0.0004746546037495136,depth/001852.png,1.0,0.0005390507275979672,0.3192807376766966,-0.9476600234118444,1.6778229803155587,0.0016567420160580205,0.3552138324544296,0.0004746546037495136,0.9996156905157456,-0.00047235588648464176,0.027717289814220947,4.5,0.9,1.9333333323999997,0.0,0.23350930213928223,0.00040765033939516027,1.9333333323999997,0.0,0.23350930213928223,0.00040765033939516027,direct,SAFE_PROGRESSING,NONE,DIRECT_LOCAL,PASS_THROUGH,0,6,0,0,0,0,0,1.9333333323999997,8.421443435655418,inf,0.0,0,0,0,CLEAR,none,nan,0.0,0.0,0,0,0,0,0.027074401658682055,0,0,1,0,2.0,1.0,"2.643,10.976;2.580,11.186;2.517,11.397;2.455,11.608;2.392,11.819;2.330,12.030;2.267,12.241;2.205,12.452;2.142,12.663;2.080,12.874;2.018,13.085;1.955,13.296;1.924,13.401",0.2500000000000004,19.05,2.0,0.2500000000000004,19.05,2.0,0.2500000000000004,19.05,2.0,2.4661857177802076,0.0,0.0,0,0,6,1,,,0,1,PASS_THROUGH,-1,0.9996527800410066,-0.0011889178522492565,0.026323104502078542,0.9,0,0.9996156905157456,-0.00047235588648464176,0.027717289814220947,4.5,0.9,0,0,0,BYPASS_VISIBLE,1,0,1,1,1
1787562403019715072,1787562403036248320,joint_v2_000006_1f4b2824,1853,123,0.03333333333333333,4.1,16.53313636779785,frame_id_exact,1,,2.6260924339294434,11.031471252441406,1.7590380907058716,-0.13562048266413146,-0.01897016219841076,0.14239685242499509,0.9802909537721789,-0.5112124681472778,1.7169322967529297,-0.24476544559001923,1.7906400164613299,0.0015938294039566955,0.2504208731967083,0.2883038288253709,0.0005678408197127283,depth/001853.png,1.0,0.0014313029220758347,0.27129764737782,-0.962494435256228,1.7906400164613299,0.0015938294039566955,0.2504208731967083,0.0005678408197127283,0.9995851602624635,-0.0002216846990448396,0.028800316646862292,4.5,0.9,1.8666666657999997,0.0,0.24096190929412842,0.0006675812824241678,1.8666666657999997,0.0,0.24096190929412842,0.0006675812824241678,direct,SAFE_PROGRESSING,NONE,DIRECT_LOCAL,PASS_THROUGH,0,6,0,0,0,0,0,1.8666666657999997,8.363170363564308,inf,0.0,0,0,0,CLEAR,none,nan,0.0,0.0,0,0,0,0,0.0,0,0,1,0,2.0,1.0,"2.643,10.976;2.580,11.186;2.517,11.397;2.455,11.608;2.392,11.819;2.330,12.030;2.267,12.241;2.205,12.452;2.142,12.663;2.080,12.874;2.018,13.085;1.955,13.296;1.924,13.401",0.2500000000000004,19.05,2.0,0.2500000000000004,19.05,2.0,0.2500000000000004,19.05,2.0,2.4661857177802076,0.0,0.0,0,0,6,1,,,0,1,PASS_THROUGH,-1,0.9996527800410066,-0.0011889178522492565,0.026323104502078542,0.9,0,0.9995851602624635,-0.0002216846990448396,0.028800316646862292,4.5,0.9,0,0,0,BYPASS_VISIBLE,1,0,1,1,1
1787562403060369664,1787562403077340160,joint_v2_000006_1f4b2824,1854,124,0.03333333333333333,4.133333333333334,16.970396041870117,frame_id_exact,1,,2.6086888313293457,11.089956283569336,1.7504396438598633,-0.10001956617063384,-0.013510462634565184,0.14296042833528733,0.9845688750476674,-0.5321436524391174,1.7893794775009155,-0.2670728862285614,1.8824335649614594,0.0011033077503721654,0.11325353906014002,0.2881843949033792,0.0006428278284147382,depth/001854.png,1.0,0.0019937180483520778,0.20081522654524406,-0.9796271075648765,1.8824335649614594,0.0011033077503721654,0.11325353906014002,0.0006428278284147382,0.9995485063363718,-0.00011072468421090247,0.03004615151350042,4.5,0.9,1.7999999991999998,0.0,0.24956035614013672,0.0007961318247479143,1.7999999991999998,0.0,0.24956035614013672,0.0007961318247479143,direct,SAFE_PROGRESSING,NONE,DIRECT_LOCAL,PASS_THROUGH,0,6,0,0,0,0,0,1.7999999991999998,8.30215086411498,inf,0.0,0,0,0,CLEAR,none,nan,0.0,0.0,0,0,0,0,0.0,0,0,1,0,2.0,1.0,"2.643,10.976;2.580,11.186;2.517,11.397;2.455,11.608;2.392,11.819;2.330,12.030;2.267,12.241;2.205,12.452;2.142,12.663;2.080,12.874;2.018,13.085;1.955,13.296;1.924,13.401",0.2500000000000004,19.05,2.0,0.2500000000000004,19.05,2.0,0.2500000000000004,19.05,2.0,2.4661857177802076,0.0,0.0,0,0,6,1,,,0,1,PASS_THROUGH,-1,0.9996527800410066,-0.0011889178522492565,0.026323104502078542,0.9,0,0.9995485063363718,-0.00011072468421090247,0.03004615151350042,4.5,0.9,0,0,0,BYPASS_VISIBLE,1,0,1,1,1
1787562403107995136,1787562403124721664,joint_v2_000006_1f4b2824,1855,125,0.03333333333333333,4.166666666666667,16.72673225402832,frame_id_exact,1,,2.5906851291656494,11.150534629821777,1.741550087928772,-0.054869916765366594,-0.0068824496458860735,0.1434308085936454,0.9881141266408485,-0.5467568039894104,1.8411279916763306,-0.2620149254798889,1.9377843412584501,0.0003864110450740054,-0.048361173239743205,0.28818020508853986,0.0006626832182519138,depth/001855.png,1.0,0.002138781616256434,0.1104097904025615,-0.9938838482420672,1.9377843412584501,0.0003864110450740054,-0.048361173239743205,0.0006626832182519138,0.9995083411211836,-0.00011273967690463596,0.031353840577270295,4.5,0.9,1.7333333325999998,0.0,0.258449912071228,0.0004267685970160695,1.7333333325999998,0.0,0.258449912071228,0.0004267685970160695,direct,SAFE_PROGRESSING,NONE,DIRECT_LOCAL,PASS_THROUGH,0,6,0,0,0,0,0,1.7333333325999998,8.238953817599791,inf,0.0,0,0,0,CLEAR,none,nan,0.0,0.0,0,0,0,0,0.006462685079409556,0,0,1,0,2.0,1.0,"2.591,11.151;2.528,11.361;2.466,11.572;2.403,11.783;2.341,11.994;2.278,12.205;2.216,12.416;2.153,12.627;2.091,12.838;2.028,13.049;1.966,13.260;1.903,13.471;1.872,13.576",0.2500000000000004,19.05,2.0,0.2500000000000004,19.05,2.0,0.2500000000000004,19.05,2.0,2.4661857177802076,0.0,0.0,0,0,6,1,,,0,1,PASS_THROUGH,-1,0.9996527800410066,-0.0011889178522492565,0.026323104502078542,0.9,0,0.9995083411211836,-0.00011273967690463596,0.031353840577270295,4.5,0.9,0,0,0,BYPASS_VISIBLE,1,0,1,1,1
1787562403150997248,1787562403167597824,joint_v2_000006_1f4b2824,1856,126,0.03333333333333333,4.2,16.600608825683594,frame_id_exact,1,,2.5723371505737305,11.212362289428711,1.7332048416137695,-0.005146007438420012,0.00019802607925712134,0.1436120217914511,0.9896206680289613,-0.5524941682815552,1.8630200624465942,-0.23625609278678894,1.9455105206326866,-0.0002837441210044494,-0.21656230983097025,0.2882150037935222,0.0006319092935882509,depth/001856.png,1.0,0.0018699984664538657,0.010128312786563334,-0.9999469587862313,1.9455105206326866,-0.0002837441210044494,-0.21656230983097025,0.0006319092935882509,0.9994678058279961,-0.00015078216779157002,0.03262027556764625,4.5,0.9,1.6666666659999998,0.0,0.26679515838623047,0.0002143539094751068,1.6666666659999998,0.0,0.26679515838623047,0.0002143539094751068,direct,SAFE_PROGRESSING,NONE,DIRECT_LOCAL,PASS_THROUGH,0,6,0,0,0,0,0,1.6666666659999998,8.174461127383509,inf,0.0,0,0,0,CLEAR,none,nan,0.0,0.0,0,0,0,0,0.0,0,0,1,0,2.0,1.0,"2.591,11.151;2.528,11.361;2.466,11.572;2.403,11.783;2.341,11.994;2.278,12.205;2.216,12.416;2.153,12.627;2.091,12.838;2.028,13.049;1.966,13.260;1.903,13.471;1.872,13.576",0.2500000000000004,19.05,2.0,0.2500000000000004,19.05,2.0,0.2500000000000004,19.05,2.0,2.4661857177802076,0.0,0.0,0,0,6,1,,,1,1,PASS_THROUGH,-1,0.9999999886202601,-0.00015086245419456247,0.0,0.9,0,0.9994678058279961,-0.00015078216779157002,0.03262027556764625,4.5,0.9,0,0,0,BYPASS_VISIBLE,1,0,1,1,1
1787562403195632384,1787562403212278272,joint_v2_000006_1f4b2824,1857,127,0.03333333333333333,4.233333333333333,16.64590835571289,frame_id_exact,1,,2.5539638996124268,11.27435302734375,1.7259089946746826,0.043311126959329066,0.006928337585037045,0.14344066154834215,0.988686462451264,-0.5482202768325806,1.8506641387939453,-0.20059342682361603,1.9051531760953426,-0.0006726260215802843,-0.3689605298961277,0.2882095288269221,0.0005798650090582669,depth/001857.png,1.0,0.001274753748336025,-0.08762986044964916,-0.9961522888396412,1.9051531760953426,-0.0006726260215802843,-0.3689605298961277,0.0005798650090582669,0.9994293431988734,-0.00014589988348751856,0.03377819809126035,4.5,0.9,1.5999999993999998,0.0,0.2740910053253174,0.0002730912044507372,1.5999999993999998,0.0,0.2740910053253174,0.0002730912044507372,direct,SAFE_PROGRESSING,NONE,DIRECT_LOCAL,PASS_THROUGH,0,6,0,0,0,0,0,1.5999999993999998,8.109804898645566,inf,0.0,0,0,0,CLEAR,none,nan,0.0,0.0,0,0,0,0,0.0,0,0,1,0,2.0,1.0,"2.591,11.151;2.528,11.361;2.466,11.572;2.403,11.783;2.341,11.994;2.278,12.205;2.216,12.416;2.153,12.627;2.091,12.838;2.028,13.049;1.966,13.260;1.903,13.471;1.872,13.576",0.2500000000000004,19.05,2.0,0.2500000000000004,19.05,2.0,0.2500000000000004,19.05,2.0,2.4661857177802076,0.0,0.0,0,0,6,1,,,0,1,PASS_THROUGH,-1,0.9994678058279961,-0.00015078216779157002,0.03262027556764625,0.9,0,0.9994293431988734,-0.00014589988348751856,0.03377819809126035,4.5,0.9,0,0,0,BYPASS_VISIBLE,1,0,1,1,1
1787562403241875968,1787562403262400512,joint_v2_000006_1f4b2824,1858,128,0.03333333333333333,4.266666666666667,20.52474021911621,frame_id_exact,1,,2.5358946323394775,11.335371971130371,1.7198569774627686,0.08576367530274552,0.012692288327613592,0.14300245341282006,0.9859177430868603,-0.5344558954238892,1.8054147958755493,-0.1626846194267273,1.8264537168649424,-0.0006728228895734889,-0.4854877363819996,0.2881243803289939,0.0005411176825873554,depth/001858.png,1.0,0.0004982725611508039,-0.17274191512717763,-0.984966995631148,1.8264537168649424,-0.0006728228895734889,-0.4854877363819996,0.0005411176825873554,0.9993944385681153,-5.949294747072426e-05,0.03479587072786903,4.5,0.9,1.5333333327999998,0.0,0.28014302253723145,-0.000441871735244459,1.5333333327999998,0.0,0.28014302253723145,-0.000441871735244459,direct,SAFE_PROGRESSING,NONE,DIRECT_LOCAL,PASS_THROUGH,0,6,0,0,0,0,0,1.5333333327999998,8.04616678263503,inf,0.0,0,0,0,CLEAR,none,nan,0.0,0.0,0,0,0,0,0.003410760221686284,0,0,1,0,2.0,1.0,"2.536,11.335;2.473,11.546;2.411,11.757;2.348,11.968;2.286,12.179;2.223,12.390;2.161,12.601;2.098,12.812;2.036,13.023;1.973,13.234;1.911,13.445;1.848,13.656;1.817,13.761",0.2500000000000004,19.05,2.0,0.2500000000000004,19.05,2.0,0.2500000000000004,19.05,2.0,2.4661857177802076,0.0,0.0,0,0,6,1,,,0,1,PASS_THROUGH,-1,0.9994678058279961,-0.00015078216779157002,0.03262027556764625,0.9,0,0.9993944385681153,-5.949294747072426e-05,0.03479587072786903,4.5,0.9,0,0,0,BYPASS_VISIBLE,1,0,1,1,1
1787562403296812544,1787562403313602560,joint_v2_000006_1f4b2824,1859,129,0.03333333333333333,4.3,16.789913177490234,frame_id_exact,1,,2.518420457839966,11.394408226013184,1.7150384187698364,0.11815199193105495,0.016985655390709547,0.14248200780171058,0.9825733925597951,-0.5128778219223022,1.7327516078948975,-0.12698517739772797,1.7254673371259077,-0.0003272854707732687,-0.5516877663649062,0.28797568129234313,0.00048371730372309685,depth/001859.png,1.0,-0.0002897599880143306,-0.23702630766658092,-0.971503188627344,1.7254673371259077,-0.0003272854707732687,-0.5516877663649062,0.00048371730372309685,0.9993637545928943,9.135175815018144e-05,0.035666197734683304,4.5,0.9,1.4666666661999999,0.0,0.2849615812301636,9.563192275297006e-06,1.4666666661999999,0.0,0.2849615812301636,9.563192275297006e-06,direct,SAFE_PROGRESSING,NONE,DIRECT_LOCAL,PASS_THROUGH,0,6,0,0,0,0,0,1.4666666661999999,7.984598724011214,inf,0.0,0,0,0,CLEAR,none,nan,0.0,0.0,0,0,0,0,0.0,0,0,1,0,2.0,1.0,"2.536,11.335;2.473,11.546;2.411,11.757;2.348,11.968;2.286,12.179;2.223,12.390;2.161,12.601;2.098,12.812;2.036,13.023;1.973,13.234;1.911,13.445;1.848,13.656;1.817,13.761",0.2500000000000004,19.05,2.0,0.2500000000000004,19.05,2.0,0.2500000000000004,19.05,2.0,2.4661857177802076,0.0,0.0,0,0,6,1,,,0,1,PASS_THROUGH,-1,0.9994678058279961,-0.00015078216779157002,0.03262027556764625,0.9,0,0.9993637545928943,9.135175815018144e-05,0.035666197734683304,4.5,0.9,0,0,0,BYPASS_VISIBLE,1,0,1,1,1
1787562403339031040,1787562403355682816,joint_v2_000006_1f4b2824,1860,130,0.03333333333333333,4.333333333333333,16.65186882019043,frame_id_exact,1,,2.5017619132995605,11.450678825378418,1.7113540172576904,0.13711996810954852,0.019406289754401413,0.14209593525648045,0.9801174702285389,-0.4859819710254669,1.6411629915237427,-0.09454455971717834,1.6200207086371683,0.00021234166610257087,-0.560415893046242,0.28782098378373017,0.00037282792618498206,depth/001860.png,1.0,-0.0009274929805182935,-0.2743024623077171,-0.9616430205272092,1.6200207086371683,0.00021234166610257087,-0.560415893046242,0.00037282792618498206,0.9993374926216544,0.00024775027701718803,0.03639387943686418,4.5,0.9,1.3999999995999999,0.0,0.28864598274230957,0.0004352345630903587,1.3999999995999999,0.0,0.28864598274230957,0.0004352345630903587,direct,SAFE_PROGRESSING,NONE,DIRECT_LOCAL,PASS_THROUGH,0,6,0,0,0,0,1,1.3999999995999999,7.925914081621024,inf,0.0,0,0,0,CLEAR,none,nan,0.0,0.0,0,0,0,0,0.0,0,0,1,0,2.0,1.0,"2.536,11.335;2.473,11.546;2.411,11.757;2.348,11.968;2.286,12.179;2.223,12.390;2.161,12.601;2.098,12.812;2.036,13.023;1.973,13.234;1.911,13.445;1.848,13.656;1.817,13.761",0.2500000000000004,19.05,2.0,0.2500000000000004,19.05,2.0,0.2500000000000004,19.05,2.0,2.4661857177802076,0.0,0.0,0,0,6,1,,,0,1,PASS_THROUGH,-1,0.9994678058279961,-0.00015078216779157002,0.03262027556764625,0.9,0,0.9993374926216544,0.00024775027701718803,0.03639387943686418,4.5,0.9,0,0,0,BYPASS_VISIBLE,1,0,1,1,1
1787562403383731968,1787562403401395968,joint_v2_000006_1f4b2824,1861,131,0.03333333333333333,4.366666666666666,17.663955688476562,frame_id_exact,1,,2.4860479831695557,11.503724098205566,1.7087149620056152,0.14119779011522632,0.01980810891005999,0.14199300424933414,0.9795452055072458,-0.45671942830085754,1.5408834218978882,-0.06386065483093262,1.52377800290782,0.0007689856553027123,-0.514871387647401,0.2877245935401696,0.00019424372294452041,depth/001861.png,1.0,-0.0012923205976266006,-0.2822444624564515,-0.9593416457759674,1.52377800290782,0.0007689856553027123,-0.514871387647401,0.00019424372294452041,0.9993157991593229,0.00034455175390986565,0.036983980784289064,4.5,0.9,1.333333333,0.0,0.29128503799438477,0.0009443036914497105,1.333333333,0.0,0.29128503799438477,0.0009443036914497105,direct,SAFE_PROGRESSING,NONE,DIRECT_LOCAL,PASS_THROUGH,0,6,0,0,0,0,1,1.333333333,7.8705902300297685,inf,0.0,0,0,0,CLEAR,none,nan,0.0,0.0,0,0,0,0,0.01975487684393254,0,0,1,0,2.0,1.0,"2.486,11.504;2.424,11.715;2.361,11.926;2.299,12.137;2.236,12.347;2.174,12.558;2.111,12.769;2.049,12.980;1.986,13.191;1.924,13.402;1.861,13.613;1.799,13.824;1.767,13.929",0.2500000000000004,19.05,2.0,0.2500000000000004,19.05,2.0,0.2500000000000004,19.05,2.0,2.4661857177802076,0.0,0.0,0,0,6,1,,,0,1,PASS_THROUGH,-1,0.9994678058279961,-0.00015078216779157002,0.03262027556764625,0.9,0,0.9993157991593229,0.00034455175390986565,0.036983980784289064,4.5,0.9,0,0,0,BYPASS_VISIBLE,1,0,1,1,1
1787562403428939264,1787562403445616896,joint_v2_000006_1f4b2824,1862,132,0.03333333333333333,4.4,16.6776180267334,frame_id_exact,1,,2.4713079929351807,11.553423881530762,1.707104206085205,0.13152348477180328,0.018390387425631743,0.14218046621731972,0.9808914729112707,-0.42804113030433655,1.4422870874404907,-0.0324508436024189,1.4428549724100312,0.0012183231203452358,-0.4273550670820675,0.287718237404507,-3.976654988946393e-05,depth/001862.png,1.0,-0.0013221923480894182,-0.2632500371166613,-0.9647267332076328,1.4428549724100312,0.0012183231203452358,-0.4273550670820675,-3.976654988946393e-05,0.9992990249417295,0.00034925863490633337,0.0374344329316548,4.5,0.9,1.2666666664,0.0,0.2928957939147949,0.0009094936664788555,1.2666666664,0.0,0.2928957939147949,0.0009094936664788555,direct,SAFE_PROGRESSING,NONE,DIRECT_LOCAL,PASS_THROUGH,0,6,0,0,0,0,1,1.2666666664,7.818750712196997,inf,0.0,0,0,0,CLEAR,none,nan,0.0,0.0,0,0,0,0,0.0,0,0,1,0,2.0,1.0,"2.486,11.504;2.424,11.715;2.361,11.926;2.299,12.137;2.236,12.347;2.174,12.558;2.111,12.769;2.049,12.980;1.986,13.191;1.924,13.402;1.861,13.613;1.799,13.824;1.767,13.929",0.2500000000000004,19.05,2.0,0.2500000000000004,19.05,2.0,0.2500000000000004,19.05,2.0,2.4661857177802076,0.0,0.0,0,0,6,1,,,1,1,PASS_THROUGH,-1,0.9999999389236124,0.0003495036068860927,0.0,0.9,0,0.9992990249417295,0.00034925863490633337,0.0374344329316548,4.5,0.9,0,0,0,BYPASS_VISIBLE,1,0,1,1,1
1787562403475385088,1787562403492304896,joint_v2_000006_1f4b2824,1863,133,0.03333333333333333,4.433333333333334,16.919612884521484,frame_id_exact,1,,2.4574782848358154,11.599991798400879,1.7065815925598145,0.1117492835789956,0.01567783800109355,0.14253867527246647,0.983335664494461,-0.40240004658699036,1.354111671447754,0.0016935706371441483,1.3770411875084452,0.0015106888868226837,-0.31512278583143255,0.2877869125500217,-0.0002883790584746748,depth/001863.png,1.0,-0.0010240351907107766,-0.2242435085694876,-0.9745326060303854,1.3770411875084452,0.0015106888868226837,-0.31512278583143255,-0.0002883790584746748,0.9992877333897388,0.00027678326076210896,0.03773525258726694,4.5,0.9,1.1999999998,0.0,0.29341840744018555,0.0006148425364949084,1.1999999998,0.0,0.29341840744018555,0.0006148425364949084,direct,SAFE_PROGRESSING,NONE,DIRECT_LOCAL,PASS_THROUGH,0,6,0,0,0,0,1,1.1999999998,7.7701726224013745,inf,0.0,0,0,0,CLEAR,none,nan,0.0,0.0,0,0,0,0,0.0,0,0,1,0,2.0,1.0,"2.486,11.504;2.424,11.715;2.361,11.926;2.299,12.137;2.236,12.347;2.174,12.558;2.111,12.769;2.049,12.980;1.986,13.191;1.924,13.402;1.861,13.613;1.799,13.824;1.767,13.929",0.2500000000000004,19.05,2.0,0.2500000000000004,19.05,2.0,0.2500000000000004,19.05,2.0,2.4661857177802076,0.0,0.0,0,0,6,1,,,0,1,PASS_THROUGH,-1,0.9992990249417295,0.00034925863490633337,0.0374344329316548,0.9,0,0.9992877333897388,0.00027678326076210896,0.03773525258726694,4.5,0.9,0,0,0,BYPASS_VISIBLE,1,0,1,1,1
1787562403518059008,1787562403533689344,joint_v2_000006_1f4b2824,1864,134,0.03333333333333333,4.466666666666667,15.630245208740234,frame_id_exact,1,,2.444429874420166,11.643878936767578,1.707255244255066,0.08726411792117604,0.012411514530847222,0.14290846568145726,0.9858032757437264,-0.3813275098800659,1.2819263935089111,0.03925473988056183,1.3235510530924555,0.0016444675080551877,-0.19620598450009913,0.2878855810792528,-0.0004959718207828701,depth/001864.png,1.0,-0.0004709390394219484,-0.17559792759993728,-0.9844618560609794,1.3235510530924555,0.0016444675080551877,-0.19620598450009913,-0.0004959718207828701,0.999282599416981,0.00017267553646064897,0.037871581503818,4.5,0.9,1.2666666664,0.0,0.2927447557449341,0.0013283050058870982,1.2666666664,0.0,0.2927447557449341,0.0013283050058870982,direct,SAFE_PROGRESSING,NONE,DIRECT_LOCAL,PASS_THROUGH,0,6,0,0,0,0,1,1.2666666664,7.7243868155991935,inf,0.0,0,0,0,CLEAR,none,nan,0.0,0.0,0,0,0,0,0.00990068212100407,0,0,1,0,2.0,2.0,"2.444,11.644;2.403,11.782;2.357,11.939;2.305,12.115;2.247,12.310;2.187,12.512;2.127,12.713;2.068,12.914;2.008,13.116;1.949,13.317;1.889,13.518;1.829,13.720;1.770,13.921;1.710,14.122;1.650,14.324;1.592,14.520",0.2500000000000004,19.05,2.0,0.2500000000000004,19.05,2.0,0.2500000000000004,19.05,2.0,2.4661857177802076,0.0,0.0,0,0,6,1,,,0,1,PASS_THROUGH,-1,0.9992990249417295,0.00034925863490633337,0.0374344329316548,0.9,0,0.999282599416981,0.00017267553646064897,0.037871581503818,4.5,0.9,0,0,0,BYPASS_VISIBLE,1,0,1,1,1
1787562403561060096,1787562403579322880,joint_v2_000006_1f4b2824,1865,135,0.03333333333333333,4.5,18.262624740600586,frame_id_exact,1,,2.432000160217285,11.685652732849121,1.7092312574386597,0.061704707608756786,0.009052638994757249,0.14320224916273502,0.9877265282561173,-0.36533647775650024,1.2277246713638306,0.07880857586860657,1.28077432543523,0.0016275780317498113,-0.08126426386224182,0.2879701103484954,-0.0006141370977275074,depth/001865.png,1.0,0.00021055754468924867,-0.12448746977672737,-0.9922211575722969,1.28077432543523,0.0016275780317498113,-0.08126426386224182,-0.0006141370977275074,0.9992842065504384,8.170057897597348e-05,0.03782945762069764,4.5,0.9,1.333333333,0.0,0.29076874256134033,0.0009624889136622405,1.333333333,0.0,0.29076874256134033,0.0009624889136622405,direct,SAFE_PROGRESSING,NONE,DIRECT_LOCAL,PASS_THROUGH,0,6,0,0,0,0,1,1.333333333,7.680803042025025,inf,0.0,0,0,0,CLEAR,none,nan,0.0,0.0,0,0,0,0,0.0,0,0,1,0,2.0,2.0,"2.444,11.644;2.403,11.782;2.357,11.939;2.305,12.115;2.247,12.310;2.187,12.512;2.127,12.713;2.068,12.914;2.008,13.116;1.949,13.317;1.889,13.518;1.829,13.720;1.770,13.921;1.710,14.122;1.650,14.324;1.592,14.520",0.2500000000000004,19.05,2.0,0.2500000000000004,19.05,2.0,0.2500000000000004,19.05,2.0,2.4661857177802076,0.0,0.0,0,0,6,1,,,0,1,PASS_THROUGH,-1,0.9992990249417295,0.00034925863490633337,0.0374344329316548,0.9,0,0.9992842065504384,8.170057897597348e-05,0.03782945762069764,4.5,0.9,0,0,0,BYPASS_VISIBLE,1,0,1,1,1
1787562403607514880,1787562403624186368,joint_v2_000006_1f4b2824,1866,136,0.03333333333333333,4.533333333333333,16.671419143676758,frame_id_exact,1,,2.4200117588043213,11.725945472717285,1.7124919891357422,0.03263648392007026,0.005169033580449447,0.14341631837742463,0.9891106614693042,-0.35493946075439453,1.1932944059371948,0.11594947427511215,1.2499021274801043,0.001468507139452988,0.03347171692322677,0.28801205303514343,-0.0006699294899590313,depth/001866.png,1.0,0.0008642837106298054,-0.06604483592778067,-0.9978162820183584,1.2499021274801043,0.001468507139452988,0.03347171692322677,-0.0006699294899590313,0.999292440667298,3.3520739546651936e-05,0.03761139324133581,4.5,0.9,1.3999999995999999,0.0,0.2875080108642578,0.0005855588970782311,1.3999999995999999,0.0,0.2875080108642578,0.0005855588970782311,direct,SAFE_PROGRESSING,NONE,DIRECT_LOCAL,PASS_THROUGH,0,6,0,0,0,0,1,1.3999999995999999,7.6387646744718785,inf,0.0,0,0,0,CLEAR,none,nan,0.0,0.0,0,0,0,0,0.0,0,0,1,0,2.0,2.0,"2.444,11.644;2.403,11.782;2.357,11.939;2.305,12.115;2.247,12.310;2.187,12.512;2.127,12.713;2.068,12.914;2.008,13.116;1.949,13.317;1.889,13.518;1.829,13.720;1.770,13.921;1.710,14.122;1.650,14.324;1.592,14.520",0.2500000000000004,19.05,2.0,0.2500000000000004,19.05,2.0,0.2500000000000004,19.05,2.0,2.4661857177802076,0.0,0.0,0,0,6,1,,,0,1,PASS_THROUGH,-1,0.9992990249417295,0.00034925863490633337,0.0374344329316548,0.9,0,0.999292440667298,3.3520739546651936e-05,0.03761139324133581,4.5,0.9,0,0,0,BYPASS_VISIBLE,1,0,1,1,1
1787562403651054848,1787562403666682624,joint_v2_000006_1f4b2824,1867,137,0.03333333333333333,4.566666666666666,15.627861022949219,frame_id_exact,1,,2.4082651138305664,11.765457153320312,1.716883659362793,-0.000964101685769783,0.0005429839341169934,0.14350656471630102,0.9896487465559248,-0.3509540557861328,1.1812328100204468,0.1459241360425949,1.2320080866265457,0.0011771560806305742,0.14808187941701192,0.28800649705604064,-0.0006983424536883831,depth/001867.png,1.0,0.0013514365815218074,0.0017524005315864956,-0.9999975513527736,1.2320080866265457,0.0011771560806305742,0.14808187941701192,-0.0006983424536883831,0.9993064116455502,3.404102909470833e-05,0.037238346973283244,4.5,0.9,1.4666666661999999,0.0,0.28311634063720703,0.0006768290906516983,1.4666666661999999,0.0,0.28311634063720703,0.0006768290906516983,direct,SAFE_PROGRESSING,NONE,DIRECT_LOCAL,PASS_THROUGH,0,6,0,0,0,0,1,1.4666666661999999,7.597543865400863,inf,0.0,0,0,0,CLEAR,none,nan,0.0,0.0,0,0,0,0,0.0019517610153688954,0,0,1,0,2.0,2.0,"2.408,11.765;2.327,12.040;2.223,12.391;2.103,12.794;1.984,13.197;1.865,13.600;1.746,14.002;1.626,14.405;1.556,14.642",0.2500000000000004,19.05,2.0,0.2500000000000004,19.05,2.0,0.2500000000000004,19.05,2.0,2.4661857177802076,0.0,0.0,0,0,6,1,,,0,1,PASS_THROUGH,-1,0.9992990249417295,0.00034925863490633337,0.0374344329316548,0.9,0,0.9993064116455502,3.404102909470833e-05,0.037238346973283244,4.5,0.9,0,0,0,BYPASS_VISIBLE,1,0,1,1,1
1787562403694647808,1787562403717264384,joint_v2_000006_1f4b2824,1868,138,0.03333333333333333,4.6,22.61662483215332,frame_id_exact,1,,2.396536111831665,11.804964065551758,1.722063660621643,-0.03799895713047225,-0.004714396080930477,0.1434156478922061,0.988921536658115,-0.3539579212665558,1.193161129951477,0.16242775321006775,1.2284810593476128,0.0007655613193533614,0.2571695312577501,0.2879761326515588,-0.0007033344591036439,depth/001868.png,1.0,0.0015749544786521612,0.07650821049047915,-0.9970677074531773,1.2284810593476128,0.0007655613193533614,0.2571695312577501,-0.0007033344591036439,0.9993242293153508,6.135624252921599e-05,0.036757052910859976,4.5,0.9,1.5333333327999998,0.0,0.27793633937835693,0.0006938968475389551,1.5333333327999998,0.0,0.27793633937835693,0.0006938968475389551,direct,SAFE_PROGRESSING,NONE,DIRECT_LOCAL,PASS_THROUGH,0,6,0,0,0,0,1,1.5333333327999998,7.556332640298713,inf,0.0,0,0,0,CLEAR,none,nan,0.0,0.0,0,0,0,0,0.0,0,0,1,0,2.0,2.0,"2.408,11.765;2.327,12.040;2.223,12.391;2.103,12.794;1.984,13.197;1.865,13.600;1.746,14.002;1.626,14.405;1.556,14.642",0.2500000000000004,19.05,2.0,0.2500000000000004,19.05,2.0,0.2500000000000004,19.05,2.0,2.4661857177802076,0.0,0.0,0,0,6,1,,,1,1,PASS_THROUGH,-1,0.9999999981151593,6.139773320175598e-05,0.0,0.9,0,0.9993242293153508,6.135624252921599e-05,0.036757052910859976,4.5,0.9,0,0,0,BYPASS_VISIBLE,1,0,1,1,1
1787562403750682880,1787562403767319296,joint_v2_000006_1f4b2824,1869,139,0.03333333333333333,4.633333333333334,16.636371612548828,frame_id_exact,1,,2.3845906257629395,11.84526252746582,1.7275134325027466,-0.07570846338864402,-0.010224294678012929,0.14312228137633043,0.986752099031617,-0.3638727068901062,1.2284294366836548,0.16167335212230682,1.2416054884405952,0.0002563128385288907,0.35495949895000345,0.2879642314115786,-0.0006885356269776821,depth/001869.png,1.0,0.0014934475300641438,0.1523376190859678,-0.988327384739335,1.2416054884405952,0.0002563128385288907,0.35495949895000345,-0.0006885356269776821,0.9993431643537151,7.2487475407101e-05,0.03623857896040672,4.5,0.9,1.5999999993999998,0.0,0.2724865674972534,0.0006377779748695245,1.5999999993999998,0.0,0.2724865674972534,0.0006377779748695245,direct,SAFE_PROGRESSING,NONE,DIRECT_LOCAL,PASS_THROUGH,0,6,0,0,0,0,1,1.5999999993999998,7.514300977984129,inf,0.0,0,0,0,CLEAR,none,nan,0.0,0.0,0,0,0,0,0.0,0,0,1,0,2.0,2.0,"2.408,11.765;2.327,12.040;2.223,12.391;2.103,12.794;1.984,13.197;1.865,13.600;1.746,14.002;1.626,14.405;1.556,14.642",0.2500000000000004,19.05,2.0,0.2500000000000004,19.05,2.0,0.2500000000000004,19.05,2.0,2.4661857177802076,0.0,0.0,0,0,6,1,,,0,1,PASS_THROUGH,-1,0.9993242293153508,6.135624252921599e-05,0.036757052910859976,0.9,0,0.9993431643537151,7.2487475407101e-05,0.03623857896040672,4.5,0.9,0,0,0,BYPASS_VISIBLE,1,0,1,1,1
1787562403791321088,1787562403807111424,joint_v2_000006_1f4b2824,1870,140,0.03333333333333333,4.666666666666667,15.790462493896484,frame_id_exact,1,,2.3722100257873535,11.887084007263184,1.7326213121414185,-0.1101665821526429,-0.01540972737817438,0.1426805106608116,0.9834979086691061,-0.3798799514770508,1.2839237451553345,0.14172275364398956,1.2744732035942132,-0.0003028112135937733,0.43424907764325094,0.28801278158989807,-0.0006798470276407897,depth/001870.png,1.0,0.0011263790993995479,0.22109454184761876,-0.9752517289578706,1.2744732035942132,-0.0003028112135937733,0.43424907764325094,-0.0006798470276407897,0.9993601386057434,2.5264989157293428e-05,0.035767481426425204,4.5,0.9,1.6666666659999998,0.0,0.26737868785858154,-0.0002474425273335523,1.6666666659999998,0.0,0.26737868785858154,-0.0002474425273335523,direct,SAFE_PROGRESSING,NONE,DIRECT_LOCAL,PASS_THROUGH,0,6,0,0,0,0,1,1.6666666659999998,7.470685437933873,inf,0.0,0,0,0,CLEAR,none,nan,0.0,0.0,0,0,0,0,0.0014485040896995293,0,0,1,0,2.0,2.0,"2.372,11.887;2.331,12.025;2.285,12.182;2.233,12.359;2.175,12.554;2.115,12.755;2.055,12.957;1.996,13.158;1.936,13.359;1.876,13.561;1.817,13.762;1.757,13.963;1.697,14.165;1.638,14.366;1.578,14.567;1.520,14.763",0.2500000000000004,19.05,2.0,0.2500000000000004,19.05,2.0,0.2500000000000004,19.05,2.0,2.4661857177802076,0.0,0.0,0,0,6,1,,,0,1,PASS_THROUGH,-1,0.9993242293153508,6.135624252921599e-05,0.036757052910859976,0.9,0,0.9993601386057434,2.5264989157293428e-05,0.035767481426425204,4.5,0.9,0,0,0,BYPASS_VISIBLE,1,0,1,1,1
1787562403843434240,1787562403860117760,joint_v2_000006_1f4b2824,1871,141,0.03333333333333333,4.7,16.683340072631836,frame_id_exact,1,,2.359213352203369,11.931023597717285,1.7367465496063232,-0.1371514814052913,-0.019622335406888635,0.14222421645220387,0.9800901526676362,-0.4005347490310669,1.3545184135437012,0.10308372229337692,1.329981035483413,-0.0008311027023009624,0.4867486272553318,0.28813814110944463,-0.0007313421810977161,depth/001871.png,1.0,0.0005492085469870345,0.27442317525462295,-0.9616088702030272,1.329981035483413,-0.0008311027023009624,0.4867486272553318,-0.0007313421810977161,0.9993720353752749,-9.722365174388488e-05,0.03543339466438365,4.5,0.9,1.7333333325999998,0.0,0.26325345039367676,-0.0004929548215903967,1.7333333325999998,0.0,0.26325345039367676,-0.0004929548215903967,direct,SAFE_PROGRESSING,NONE,DIRECT_LOCAL,PASS_THROUGH,0,6,0,0,0,0,1,1.7333333325999998,7.424864037904744,inf,0.0,0,0,0,CLEAR,none,nan,0.0,0.0,0,0,0,0,0.0,0,0,1,0,2.0,2.0,"2.372,11.887;2.331,12.025;2.285,12.182;2.233,12.359;2.175,12.554;2.115,12.755;2.055,12.957;1.996,13.158;1.936,13.359;1.876,13.561;1.817,13.762;1.757,13.963;1.697,14.165;1.638,14.366;1.578,14.567;1.520,14.763",0.2500000000000004,19.05,2.0,0.2500000000000004,19.05,2.0,0.2500000000000004,19.05,2.0,2.4661857177802076,0.0,0.0,0,0,6,1,,,0,1,PASS_THROUGH,-1,0.9993242293153508,6.135624252921599e-05,0.036757052910859976,0.9,0,0.9993720353752749,-9.722365174388488e-05,0.03543339466438365,4.5,0.9,0,0,0,BYPASS_VISIBLE,1,0,1,1,1
1787562403887052544,1787562403902947328,joint_v2_000006_1f4b2824,1872,142,0.03333333333333333,4.733333333333333,15.894889831542969,frame_id_exact,1,,2.3454747200012207,11.977484703063965,1.7393240928649902,-0.15322668611106338,-0.022303824025514358,0.14191722807857277,0.9776930103420782,-0.4241274893283844,1.434329867362976,0.0498313382267952,1.4087539317768503,-0.0012193730336260416,0.5050547799156396,0.2883159064848772,-0.0008276699809357524,depth/001872.png,1.0,-0.00012157258619488465,0.3059479137798391,-0.952048244194521,1.4087539317768503,-0.0012193730336260416,0.5050547799156396,-0.0008276699809357524,0.9993761210909968,-0.0002713862895220155,0.035317063051663454,4.5,0.9,1.7999999991999998,0.0,0.26067590713500977,-0.0008113195094894277,1.7999999991999998,0.0,0.26067590713500977,-0.0008113195094894277,direct,SAFE_PROGRESSING,NONE,DIRECT_LOCAL,PASS_THROUGH,0,6,0,0,0,0,1,1.7999999991999998,7.376414232373235,inf,0.0,0,0,0,CLEAR,none,nan,0.0,0.0,0,0,0,0,0.0,0,0,1,0,2.0,2.0,"2.372,11.887;2.331,12.025;2.285,12.182;2.233,12.359;2.175,12.554;2.115,12.755;2.055,12.957;1.996,13.158;1.936,13.359;1.876,13.561;1.817,13.762;1.757,13.963;1.697,14.165;1.638,14.366;1.578,14.567;1.520,14.763",0.2500000000000004,19.05,2.0,0.2500000000000004,19.05,2.0,0.2500000000000004,19.05,2.0,2.4661857177802076,0.0,0.0,0,0,6,1,,,0,1,PASS_THROUGH,-1,0.9993242293153508,6.135624252921599e-05,0.036757052910859976,0.9,0,0.9993761210909968,-0.0002713862895220155,0.035317063051663454,4.5,0.9,0,0,0,BYPASS_VISIBLE,1,0,1,1,1
1787562403929424384,1787562403945782272,joint_v2_000006_1f4b2824,1873,143,0.03333333333333333,4.766666666666667,16.357898712158203,frame_id_exact,1,,2.3309240341186523,12.026684761047363,1.7399821281433105,-0.1567334295065609,-0.023141063304365782,0.1418717621106707,0.9771241100187165,-0.44904592633247375,1.517928123474121,-0.010703549720346928,1.506837251002678,-0.001363960989203952,0.4850796187917861,0.28849179820805343,-0.0008918248931877315,depth/001873.png,1.0,-0.0007512861208416113,0.312862152489769,-0.9497982465285105,1.506837251002678,-0.001363960989203952,0.4850796187917861,-0.0008918248931877315,0.9993704848881091,-0.0004436973219882654,0.03547445654541026,4.5,0.9,1.7333333325999998,0.0,0.26001787185668945,-0.001526921094578415,1.7333333325999998,0.0,0.26001787185668945,-0.001526921094578415,direct,SAFE_PROGRESSING,NONE,DIRECT_LOCAL,PASS_THROUGH,0,6,0,0,0,0,1,1.7333333325999998,7.3251076293442265,inf,0.0,0,0,0,CLEAR,none,nan,0.0,0.0,0,0,0,0,0.02543799586365055,0,0,1,0,2.0,1.0,"2.331,12.027;2.268,12.238;2.206,12.449;2.144,12.660;2.081,12.870;2.019,13.081;1.956,13.292;1.894,13.503;1.831,13.714;1.768,13.925;1.706,14.136;1.643,14.347;1.612,14.452",0.2500000000000004,19.05,2.0,0.2500000000000004,19.05,2.0,0.2500000000000004,19.05,2.0,2.4661857177802076,0.0,0.0,0,0,6,1,,,0,1,PASS_THROUGH,-1,0.9993242293153508,6.135624252921599e-05,0.036757052910859976,0.9,0,0.9993704848881091,-0.0004436973219882654,0.03547445654541026,4.5,0.9,0,0,0,BYPASS_VISIBLE,1,0,1,1,1
1787562403971374336,1787562403988140288,joint_v2_000006_1f4b2824,1874,144,0.03333333333333333,4.8,16.766071319580078,frame_id_exact,1,,2.3155407905578613,12.078667640686035,1.738624930381775,-0.1456853365147617,-0.021778305577946713,0.1421467626757423,0.9788236746174157,-0.473807156085968,1.600415825843811,-0.06948062777519226,1.6168930013505665,-0.0012133778724619777,0.4198894429529413,0.28860897054707807,-0.0009626553510315716,depth/001874.png,1.0,-0.0012168442756945522,0.291391944119444,-0.9566029762614684,1.6168930013505665,-0.0012133778724619777,0.4198894429529413,-0.0009626553510315716,0.9993543358520577,-0.0005583278008571725,0.03592491731040564,4.5,0.9,1.6666666659999998,0.0,0.2613750696182251,-0.001779318077566594,1.6666666659999998,0.0,0.2613750696182251,-0.001779318077566594,direct,SAFE_PROGRESSING,NONE,DIRECT_LOCAL,PASS_THROUGH,0,6,0,0,0,0,1,1.6666666659999998,7.270896342369104,inf,0.0,0,0,0,CLEAR,none,nan,0.0,0.0,0,0,0,0,0.0,0,0,1,0,2.0,1.0,"2.331,12.027;2.268,12.238;2.206,12.449;2.144,12.660;2.081,12.870;2.019,13.081;1.956,13.292;1.894,13.503;1.831,13.714;1.768,13.925;1.706,14.136;1.643,14.347;1.612,14.452",0.2500000000000004,19.05,2.0,0.2500000000000004,19.05,2.0,0.2500000000000004,19.05,2.0,2.4661857177802076,0.0,0.0,0,0,6,1,,,1,1,PASS_THROUGH,-1,0.999999843933602,-0.0005586884388157822,0.0,0.9,0,0.9993543358520577,-0.0005583278008571725,0.03592491731040564,4.5,0.9,0,0,0,BYPASS_VISIBLE,1,0,1,1,1
1787562404016025088,1787562404032096512,joint_v2_000006_1f4b2824,1875,145,0.03333333333333333,4.833333333333333,16.071557998657227,frame_id_exact,1,,2.299360513687134,12.133294105529785,1.7355022430419922,-0.1158757354607838,-0.017561331434338915,0.14274327157412006,0.9827964041397347,-0.49640190601348877,1.6751844882965088,-0.11477898061275482,1.7259083187372068,-0.0008012085548734036,0.29507959924759863,0.28863640855242806,-0.0010394833516329527,depth/001875.png,1.0,-0.0014374636196896329,0.23277803608008085,-0.9725288271393515,1.7259083187372068,-0.0008012085548734036,0.29507959924759863,-0.0010394833516329527,0.9993283484460976,-0.0005850640601267369,0.03664027418074943,4.5,0.9,1.5999999993999998,0.0,0.2644977569580078,-0.0018076316866122433,1.5999999993999998,0.0,0.2644977569580078,-0.0018076316866122433,direct,SAFE_PROGRESSING,NONE,DIRECT_LOCAL,PASS_THROUGH,0,6,0,0,0,0,1,1.5999999993999998,7.213923963118756,inf,0.0,0,0,0,CLEAR,none,nan,0.0,0.0,0,0,0,0,0.0,0,0,1,0,2.0,1.0,"2.331,12.027;2.268,12.238;2.206,12.449;2.144,12.660;2.081,12.870;2.019,13.081;1.956,13.292;1.894,13.503;1.831,13.714;1.768,13.925;1.706,14.136;1.643,14.347;1.612,14.452",0.2500000000000004,19.05,2.0,0.2500000000000004,19.05,2.0,0.2500000000000004,19.05,2.0,2.4661857177802076,0.0,0.0,0,0,6,1,,,0,1,PASS_THROUGH,-1,0.9993543358520577,-0.0005583278008571725,0.03592491731040564,0.9,0,0.9993283484460976,-0.0005850640601267369,0.03664027418074943,4.5,0.9,0,0,0,BYPASS_VISIBLE,1,0,1,1,1
1787562404073102848,1787562404094188544,joint_v2_000006_1f4b2824,1876,146,0.03333333333333333,4.866666666666666,21.085500717163086,frame_id_exact,1,,2.2825043201446533,12.190152168273926,1.7312482595443726,-0.06956128558526599,-0.010806208698213523,0.14339103206272236,0.9871592907556932,-0.513837456703186,1.732365608215332,-0.13597992062568665,1.8081532985335311,-0.0002604880351954734,0.11912872197811211,0.28859252697504506,-0.001082092639990151,depth/001876.png,1.0,-0.0013859695652108026,0.1404351655206548,-0.9900889068025914,1.8081532985335311,-0.0002604880351954734,0.11912872197811211,-0.001082092639990151,0.9992950945415952,-0.0005424846486899328,0.037536911640543145,4.5,0.9,1.5333333327999998,0.0,0.26875174045562744,-0.0010304158427199006,1.5333333327999998,0.0,0.26875174045562744,-0.0010304158427199006,direct,SAFE_PROGRESSING,NONE,DIRECT_LOCAL,PASS_THROUGH,0,6,0,0,0,0,1,1.5333333327999998,7.154619912045895,inf,0.0,0,0,0,CLEAR,none,nan,0.0,0.0,0,0,0,0,0.0311040031488251,0,0,1,0,2.0,1.0,"2.283,12.190;2.220,12.401;2.157,12.612;2.095,12.823;2.032,13.034;1.970,13.245;1.907,13.456;1.845,13.667;1.782,13.878;1.720,14.089;1.657,14.300;1.595,14.510;1.564,14.616",0.2500000000000004,19.05,2.0,0.2500000000000004,19.05,2.0,0.2500000000000004,19.05,2.0,2.4661857177802076,0.0,0.0,0,0,6,1,,,0,1,PASS_THROUGH,-1,0.9993543358520577,-0.0005583278008571725,0.03592491731040564,0.9,0,0.9992950945415952,-0.0005424846486899328,0.037536911640543145,4.5,0.9,0,0,0,BYPASS_VISIBLE,1,0,1,1,1
1787562404124153856,1787562404139684352,joint_v2_000006_1f4b2824,1877,147,0.03333333333333333,4.9,15.530586242675781,frame_id_exact,1,,2.2651994228363037,12.248469352722168,1.7267872095108032,-0.014204240010025454,-0.002613339517774203,0.1437437114897049,0.9895095529753449,-0.5227777361869812,1.7609919309616089,-0.12750811874866486,1.8398658981561857,0.0002229859175043001,-0.07443715329536119,0.28853277757112583,-0.0010670209303498268,depth/001877.png,1.0,-0.0010883084801478655,0.028861764608684753,-0.9995828200446049,1.8398658981561857,0.0002229859175043001,-0.07443715329536119,-0.0010670209303498268,0.9992590276484752,-0.0004862848180252702,0.03848583103038894,4.5,0.9,1.4666666661999999,0.0,0.2732127904891968,-0.0009906184541647045,1.4666666661999999,0.0,0.2732127904891968,-0.0009906184541647045,direct,SAFE_PROGRESSING,NONE,DIRECT_LOCAL,PASS_THROUGH,0,6,0,0,0,0,1,1.4666666661999999,7.093789386474579,inf,0.0,0,0,0,CLEAR,none,nan,0.0,0.0,0,0,0,0,0.0,0,0,1,0,2.0,1.0,"2.283,12.190;2.220,12.401;2.157,12.612;2.095,12.823;2.032,13.034;1.970,13.245;1.907,13.456;1.845,13.667;1.782,13.878;1.720,14.089;1.657,14.300;1.595,14.510;1.564,14.616",0.2500000000000004,19.05,2.0,0.2500000000000004,19.05,2.0,0.2500000000000004,19.05,2.0,2.4661857177802076,0.0,0.0,0,0,6,1,,,0,1,PASS_THROUGH,-1,0.9993543358520577,-0.0005583278008571725,0.03592491731040564,0.9,0,0.9992590276484752,-0.0004862848180252702,0.03848583103038894,4.5,0.9,0,0,0,BYPASS_VISIBLE,1,0,1,1,1
1787562404164401920,1787562404180211712,joint_v2_000006_1f4b2824,1878,148,0.03333333333333333,4.933333333333334,15.809774398803711,frame_id_exact,1,,2.247776985168457,12.307138442993164,1.7229461669921875,0.04140814615640112,0.005702639895762543,0.14364348014336467,0.9887463759440093,-0.52064448595047,1.752711534500122,-0.1010938286781311,1.8135736581997084,0.0004954519233384433,-0.25345355970813266,0.288512234370134,-0.0010198126547038555,depth/001878.png,1.0,-0.0006190913798832191,-0.08352260297466638,-0.9965056906602188,1.8135736581997084,0.0004954519233384433,-0.25345355970813266,-0.0010198126547038555,0.9992247798841037,-0.0004711353508609021,0.03936517873763016,4.5,0.9,1.3999999995999999,0.0,0.2770538330078125,-0.00107716800616664,1.3999999995999999,0.0,0.2770538330078125,-0.00107716800616664,direct,SAFE_PROGRESSING,NONE,DIRECT_LOCAL,PASS_THROUGH,0,6,0,0,0,0,1,1.3999999995999999,7.032588062685702,inf,0.0,0,0,0,CLEAR,none,nan,0.0,0.0,0,0,0,0,0.0,0,0,1,0,2.0,1.0,"2.283,12.190;2.220,12.401;2.157,12.612;2.095,12.823;2.032,13.034;1.970,13.245;1.907,13.456;1.845,13.667;1.782,13.878;1.720,14.089;1.657,14.300;1.595,14.510;1.564,14.616",0.2500000000000004,19.05,2.0,0.2500000000000004,19.05,2.0,0.2500000000000004,19.05,2.0,2.4661857177802076,0.0,0.0,0,0,6,1,,,0,1,PASS_THROUGH,-1,0.9993543358520577,-0.0005583278008571725,0.03592491731040564,0.9,0,0.9992247798841037,-0.0004711353508609021,0.03936517873763016,4.5,0.9,0,0,0,BYPASS_VISIBLE,1,0,1,1,1
1787562404208156928,1787562404224768256,joint_v2_000006_1f4b2824,1879,149,0.03333333333333333,4.966666666666667,16.611337661743164,frame_id_exact,1,,2.2306153774261475,12.364900588989258,1.7201170921325684,0.09025520742315259,0.013071630155740418,0.1431803647825987,0.9854859274280873,-0.507266104221344,1.7071683406829834,-0.06833116710186005,1.7389037306361315,0.0005010917062129479,-0.39067295376892813,0.2885516315759344,-0.0009795709047466516,depth/001879.png,1.0,-8.173191069860142e-05,-0.18163367513324408,-0.9833662600361505,1.7389037306361315,0.0005010917062129479,-0.39067295376892813,-0.0009795709047466516,0.9991951507153762,-0.0005170578965764498,0.04010964270606353,4.5,0.9,1.333333333,0.0,0.27988290786743164,-0.00042171917413569293,1.333333333,0.0,0.27988290786743164,-0.00042171917413569293,direct,SAFE_PROGRESSING,NONE,DIRECT_LOCAL,PASS_THROUGH,0,6,0,0,0,0,1,1.333333333,6.972330414459221,inf,0.0,0,0,0,CLEAR,none,nan,0.0,0.0,0,0,0,0,0.02964909564682055,0,0,1,0,2.0,1.0,"2.231,12.365;2.168,12.576;2.105,12.787;2.043,12.998;1.980,13.209;1.918,13.420;1.855,13.630;1.793,13.841;1.731,14.052;1.668,14.263;1.606,14.474;1.543,14.685;1.512,14.791",0.2500000000000004,19.05,2.0,0.2500000000000004,19.05,2.0,0.2500000000000004,19.05,2.0,2.4661857177802076,0.0,0.0,0,0,6,1,,,0,1,PASS_THROUGH,-1,0.9993543358520577,-0.0005583278008571725,0.03592491731040564,0.9,0,0.9991951507153762,-0.0005170578965764498,0.04010964270606353,4.5,0.9,0,0,0,BYPASS_VISIBLE,1,0,1,1,1
1787562404250082048,1787562404268149248,joint_v2_000006_1f4b2824,1880,150,0.03333333333333333,5.0,18.067121505737305,frame_id_exact,1,,2.2140655517578125,12.420597076416016,1.7183825969696045,0.12788727743456033,0.018793833645429053,0.14258219904341224,0.9813062481219756,-0.4843294024467468,1.6301052570343018,-0.03622614964842796,1.6344217735350268,0.0002855409486972286,-0.4709520545285099,0.28863151424568795,-0.0009118932066485286,depth/001880.png,1.0,0.0004161142722599459,-0.25635250106292784,-0.9665832721745675,1.6344217735350268,0.0002855409486972286,-0.4709520545285099,-0.0009118932066485286,0.9991713763644994,-0.000603575509130468,0.04069639235210441,4.5,0.9,1.2666666664,0.0,0.2816174030303955,-0.000839147453301492,1.2666666664,0.0,0.2816174030303955,-0.000839147453301492,direct,SAFE_PROGRESSING,NONE,DIRECT_LOCAL,PASS_THROUGH,0,6,0,0,0,0,1,1.2666666664,6.914227116231113,inf,0.0,0,0,0,CLEAR,none,nan,0.0,0.0,0,0,0,0,0.0,0,0,1,0,2.0,1.0,"2.231,12.365;2.168,12.576;2.105,12.787;2.043,12.998;1.980,13.209;1.918,13.420;1.855,13.630;1.793,13.841;1.731,14.052;1.668,14.263;1.606,14.474;1.543,14.685;1.512,14.791",0.2500000000000004,19.05,2.0,0.2500000000000004,19.05,2.0,0.2500000000000004,19.05,2.0,2.4661857177802076,0.0,0.0,0,0,6,1,,,1,1,PASS_THROUGH,-1,0.9999998175461062,-0.0006040759506161104,0.0,0.9,0,0.9991713763644994,-0.000603575509130468,0.04069639235210441,4.5,0.9,0,0,0,BYPASS_VISIBLE,1,0,1,1,1
1787562404305440000,1787562404323158784,joint_v2_000006_1f4b2824,1881,151,0.03333333333333333,5.033333333333333,17.718791961669922,frame_id_exact,1,,2.1984028816223145,12.473322868347168,1.7176634073257446,0.1514722099223081,0.022409191672686124,0.14209776919756734,0.9779377391935051,-0.4545564353466034,1.5305962562561035,-0.007500696927309036,1.5195269082858658,-4.5177474664975875e-05,-0.4903475155324027,0.2887084519077465,-0.0008019425440579653,depth/001881.png,1.0,0.000781862232309978,-0.30262937333655077,-0.9531079954996581,1.5195269082858658,-4.5177474664975875e-05,-0.4903475155324027,-0.0008019425440579653,0.9991537008895506,-0.0006862781695670801,0.04112676769439175,4.5,0.9,1.1999999998,0.0,0.28233659267425537,-0.001137596085233894,1.1999999998,0.0,0.28233659267425537,-0.001137596085233894,direct,SAFE_PROGRESSING,NONE,DIRECT_LOCAL,PASS_THROUGH,0,6,0,0,0,0,1,1.1999999998,6.8592241458578584,inf,0.0,0,0,0,CLEAR,none,nan,0.0,0.0,0,0,0,0,0.0,0,0,1,0,2.0,1.0,"2.231,12.365;2.168,12.576;2.105,12.787;2.043,12.998;1.980,13.209;1.918,13.420;1.855,13.630;1.793,13.841;1.731,14.052;1.668,14.263;1.606,14.474;1.543,14.685;1.512,14.791",0.2500000000000004,19.05,2.0,0.2500000000000004,19.05,2.0,0.2500000000000004,19.05,2.0,2.4661857177802076,0.0,0.0,0,0,6,1,,,0,1,PASS_THROUGH,-1,0.9991713763644994,-0.000603575509130468,0.04069639235210441,0.9,0,0.9991537008895506,-0.0006862781695670801,0.04112676769439175,4.5,0.9,0,0,0,BYPASS_VISIBLE,1,0,1,1,1
1787562404350965504,1787562404368653056,joint_v2_000006_1f4b2824,1882,152,0.03333333333333333,5.066666666666666,17.687559127807617,frame_id_exact,1,,2.1838014125823975,12.522505760192871,1.7178544998168945,0.15948272129236563,0.02366153394864751,0.14191028458720978,0.9766610796733716,-0.42118528485298157,1.4193365573883057,0.01877622678875923,1.409516548311999,-0.0003796852920326595,-0.45335285361592703,0.28873920053219687,-0.0006543337949551642,depth/001882.png,1.0,0.0009541218553438882,-0.3182367635661434,-0.9480107868407572,1.409516548311999,-0.0003796852920326595,-0.45335285361592703,-0.0006543337949551642,0.9991420534579434,-0.0007212943477673078,0.041408172457959885,4.5,0.9,1.2666666664,0.0,0.28214550018310547,-0.001387096610905858,1.2666666664,0.0,0.28214550018310547,-0.001387096610905858,direct,SAFE_PROGRESSING,NONE,DIRECT_LOCAL,PASS_THROUGH,0,6,0,0,0,0,1,1.2666666664,6.807919576054122,inf,0.0,0,0,0,CLEAR,none,nan,0.0,0.0,0,0,0,0,0.04136260163541697,0,0,1,0,2.0,2.0,"2.184,12.523;2.139,12.674;2.088,12.845;2.032,13.035;1.972,13.236;1.913,13.437;1.853,13.639;1.793,13.840;1.734,14.041;1.674,14.243;1.614,14.444;1.555,14.645;1.495,14.847;1.436,15.048;1.376,15.250;1.332,15.399",0.2500000000000004,19.05,2.0,0.2500000000000004,19.05,2.0,0.2500000000000004,19.05,2.0,2.4661857177802076,0.0,0.0,0,0,6,1,,,0,1,PASS_THROUGH,-1,0.9991713763644994,-0.000603575509130468,0.04069639235210441,0.9,0,0.9991420534579434,-0.0007212943477673078,0.041408172457959885,4.5,0.9,0,0,0,BYPASS_VISIBLE,1,0,1,1,1
1787562404397907712,1787562404415024384,joint_v2_000006_1f4b2824,1883,153,0.03333333333333333,5.1,17.116546630859375,frame_id_exact,1,,2.170325756072998,12.567937850952148,1.7189199924468994,0.1506528882586863,0.022356057968558458,0.14210513362921273,0.9780644380242265,-0.3876263499259949,1.3075381517410278,0.045604854822158813,1.3142462108979596,-0.0006465303526751422,-0.36707831226797116,0.2887060680624705,-0.0005057187518104911,depth/001883.png,1.0,0.0009142329116553702,-0.3010502861930061,-0.9536078278628445,1.3142462108979596,-0.0006465303526751422,-0.36707831226797116,-0.0005057187518104911,0.99913657283012,-0.0006904795587738494,0.04154072786147859,4.5,0.9,1.333333333,0.0,0.2810800075531006,-0.0013386393687242482,1.333333333,0.0,0.2810800075531006,-0.0013386393687242482,direct,SAFE_PROGRESSING,NONE,DIRECT_LOCAL,PASS_THROUGH,0,6,0,0,0,0,1,1.333333333,6.760531097003859,inf,0.0,0,0,0,CLEAR,none,nan,0.0,0.0,0,0,0,0,0.0,0,0,1,0,2.0,2.0,"2.184,12.523;2.139,12.674;2.088,12.845;2.032,13.035;1.972,13.236;1.913,13.437;1.853,13.639;1.793,13.840;1.734,14.041;1.674,14.243;1.614,14.444;1.555,14.645;1.495,14.847;1.436,15.048;1.376,15.250;1.332,15.399",0.2500000000000004,19.05,2.0,0.2500000000000004,19.05,2.0,0.2500000000000004,19.05,2.0,2.4661857177802076,0.0,0.0,0,0,6,1,,,0,1,PASS_THROUGH,-1,0.9991713763644994,-0.000603575509130468,0.04069639235210441,0.9,0,0.99913657283012,-0.0006904795587738494,0.04154072786147859,4.5,0.9,0,0,0,BYPASS_VISIBLE,1,0,1,1,1
1787562404441147136,1787562404459922432,joint_v2_000006_1f4b2824,1884,154,0.03333333333333333,5.133333333333334,18.775224685668945,frame_id_exact,1,,2.157918691635132,12.609808921813965,1.7209420204162598,0.1229814797757911,0.018218049148699775,0.14265498467186927,0.9819334059220315,-0.357768177986145,1.20802903175354,0.07625024020671844,1.239759410095791,-0.0008271590931657626,-0.23694351807398029,0.2886271416931404,-0.0003653150633908808,depth/001884.png,1.0,0.0006899798749969085,-0.2467170376472662,-0.9690873166347445,1.239759410095791,-0.0008271590931657626,-0.23694351807398029,-0.0003653150633908808,0.9991378975047462,-0.0006120020359664829,0.04151008580216611,4.5,0.9,1.3999999995999999,0.0,0.27905797958374023,-0.0012017076404197136,1.3999999995999999,0.0,0.27905797958374023,-0.0012017076404197136,direct,SAFE_PROGRESSING,NONE,DIRECT_LOCAL,PASS_THROUGH,0,6,0,0,0,0,1,1.3999999995999999,6.716860491140018,inf,0.0,0,0,0,CLEAR,none,nan,0.0,0.0,0,0,0,0,0.0,0,0,1,0,2.0,2.0,"2.184,12.523;2.139,12.674;2.088,12.845;2.032,13.035;1.972,13.236;1.913,13.437;1.853,13.639;1.793,13.840;1.734,14.041;1.674,14.243;1.614,14.444;1.555,14.645;1.495,14.847;1.436,15.048;1.376,15.250;1.332,15.399",0.2500000000000004,19.05,2.0,0.2500000000000004,19.05,2.0,0.2500000000000004,19.05,2.0,2.4661857177802076,0.0,0.0,0,0,6,1,,,0,1,PASS_THROUGH,-1,0.9991713763644994,-0.000603575509130468,0.04069639235210441,0.9,0,0.9991378975047462,-0.0006120020359664829,0.04151008580216611,4.5,0.9,0,0,0,BYPASS_VISIBLE,1,0,1,1,1
1787562404492256512,1787562404508801792,joint_v2_000006_1f4b2824,1885,155,0.03333333333333333,5.166666666666667,16.54529571533203,frame_id_exact,1,,2.146388530731201,12.64875602722168,1.7240477800369263,0.0796494393699257,0.011741522756418954,0.14329161222612072,0.9864003331898547,-0.3356166481971741,1.1340917348861694,0.11009230464696884,1.1850467011195,-0.0009336574531360354,-0.08115637791485666,0.2885434745648293,-0.00023556141240987927,depth/001885.png,1.0,0.00033749075772922243,-0.16049739051727357,-0.987036206902834,1.1850467011195,-0.0009336574531360354,-0.08115637791485666,-0.00023556141240987927,0.9991467263101336,-0.0005272648635182684,0.041298199664232,4.5,0.9,1.4666666661999999,0.0,0.27595221996307373,-0.0015389068600646372,1.4666666661999999,0.0,0.27595221996307373,-0.0015389068600646372,direct,SAFE_PROGRESSING,NONE,DIRECT_LOCAL,PASS_THROUGH,0,6,0,0,0,0,1,1.4666666661999999,6.676242495484988,inf,0.0,0,0,0,CLEAR,none,nan,0.0,0.0,0,0,0,0,0.030235848014410937,0,0,1,0,2.0,2.0,"2.146,12.649;2.068,12.914;1.967,13.256;1.848,13.657;1.728,14.060;1.609,14.462;1.490,14.865;1.371,15.268;1.294,15.525",0.2500000000000004,19.05,2.0,0.2500000000000004,19.05,2.0,0.2500000000000004,19.05,2.0,2.4661857177802076,0.0,0.0,0,0,6,1,,,0,1,PASS_THROUGH,-1,0.9991713763644994,-0.000603575509130468,0.04069639235210441,0.9,0,0.9991467263101336,-0.0005272648635182684,0.041298199664232,4.5,0.9,0,0,0,BYPASS_VISIBLE,1,0,1,1,1
1787562404534722048,1787562404551335168,joint_v2_000006_1f4b2824,1886,156,0.03333333333333333,5.2,16.613006591796875,frame_id_exact,1,,2.135427713394165,12.68580150604248,1.7282899618148804,0.027240633959833085,0.003921814486851315,0.1436931313715216,0.9892395317764267,-0.32390838861465454,1.0948346853256226,0.14365242421627045,1.1479181786385126,-0.0009761735382104018,0.08061360695733186,0.28849267734554407,-0.00015337776858359575,depth/001886.png,1.0,-6.935613509405098e-05,-0.05502209957598434,-0.9984851344651943,1.1479181786385126,-0.0009761735382104018,0.08061360695733186,-0.00015337776858359575,0.9991631048307159,-0.000474495056990323,0.04090066991486225,4.5,0.9,1.5333333327999998,0.0,0.27171003818511963,-0.0013671562894790323,1.5333333327999998,0.0,0.27171003818511963,-0.0013671562894790323,direct,SAFE_PROGRESSING,NONE,DIRECT_LOCAL,PASS_THROUGH,0,6,0,0,0,0,1,1.5333333327999998,6.637609519467525,inf,0.0,0,0,0,CLEAR,none,nan,0.0,0.0,0,0,0,0,0.0,0,0,1,0,2.0,2.0,"2.146,12.649;2.068,12.914;1.967,13.256;1.848,13.657;1.728,14.060;1.609,14.462;1.490,14.865;1.371,15.268;1.294,15.525",0.2500000000000004,19.05,2.0,0.2500000000000004,19.05,2.0,0.2500000000000004,19.05,2.0,2.4661857177802076,0.0,0.0,0,0,6,1,,,1,1,PASS_THROUGH,-1,0.9999998872385795,-0.000474892438673408,0.0,0.9,0,0.9991631048307159,-0.000474495056990323,0.04090066991486225,4.5,0.9,0,0,0,BYPASS_VISIBLE,1,0,1,1,1
1787562404578259456,1787562404595989504,joint_v2_000006_1f4b2824,1887,157,0.03333333333333333,5.233333333333333,17.729997634887695,frame_id_exact,1,,2.124667167663574,12.72217082977295,1.7334988117218018,-0.02720773353840062,-0.004179398134559364,0.14368357169110565,0.9892407710426331,-0.3235678970813751,1.093380331993103,0.1663699895143509,1.1293692151338734,-0.0009480902846668697,0.22886674038559562,0.2884877008147151,-0.0001223393192049116,depth/001887.png,1.0,-0.00045025340141672393,0.05503102031068514,-0.9984845437338724,1.1293692151338734,-0.0009480902846668697,0.22886674038559562,-0.0001223393192049116,0.9991855772219762,-0.00046749223133851265,0.04034803245016863,4.5,0.9,1.5999999993999998,0.0,0.26650118827819824,-0.0012819556425824885,1.5999999993999998,0.0,0.26650118827819824,-0.0012819556425824885,direct,SAFE_PROGRESSING,NONE,DIRECT_LOCAL,PASS_THROUGH,0,6,0,0,0,0,1,1.5999999993999998,6.599681734530245,inf,0.0,0,0,0,CLEAR,none,nan,0.0,0.0,0,0,0,0,0.0,0,0,1,0,2.0,2.0,"2.146,12.649;2.068,12.914;1.967,13.256;1.848,13.657;1.728,14.060;1.609,14.462;1.490,14.865;1.371,15.268;1.294,15.525",0.2500000000000004,19.05,2.0,0.2500000000000004,19.05,2.0,0.2500000000000004,19.05,2.0,2.4661857177802076,0.0,0.0,0,0,6,1,,,0,1,PASS_THROUGH,-1,0.9991631048307159,-0.000474495056990323,0.04090066991486225,0.9,0,0.9991855772219762,-0.00046749223133851265,0.04034803245016863,4.5,0.9,0,0,0,BYPASS_VISIBLE,1,0,1,1,1
1787562404620795136,1787562404637349376,joint_v2_000006_1f4b2824,1888,158,0.03333333333333333,5.266666666666667,16.55411720275879,frame_id_exact,1,,2.1137421131134033,12.759077072143555,1.7391471862792969,-0.07804345533473718,-0.011706035316910796,0.14327981033331574,0.986530832649149,-0.3334687054157257,1.1260576248168945,0.16896869242191315,1.1331834760342716,-0.0008319697735069401,0.35164198894309884,0.2885131414302999,-0.0001168446324300021,depth/001888.png,1.0,-0.0007326265801892197,0.157339026988314,-0.9875443756331482,1.1331834760342716,-0.0008319697735069401,0.35164198894309884,-0.0001168446324300021,0.9992105082720337,-0.0004916543102676331,0.03972553882306813,4.5,0.9,1.6666666659999998,0.0,0.2608528137207031,-0.0013127335214052627,1.6666666659999998,0.0,0.2608528137207031,-0.0013127335214052627,direct,SAFE_PROGRESSING,NONE,DIRECT_LOCAL,PASS_THROUGH,0,6,0,0,0,0,1,1.6666666659999998,6.561192418183019,inf,0.0,0,0,0,CLEAR,none,nan,0.0,0.0,0,0,0,0,0.028191972013102654,0,0,1,0,2.0,2.0,"2.114,12.759;2.036,13.023;1.935,13.363;1.816,13.763;1.697,14.166;1.578,14.569;1.458,14.971;1.339,15.374;1.262,15.636",0.2500000000000004,19.05,2.0,0.2500000000000004,19.05,2.0,0.2500000000000004,19.05,2.0,2.4661857177802076,0.0,0.0,0,0,6,1,,,0,1,PASS_THROUGH,-1,0.9991631048307159,-0.000474495056990323,0.04090066991486225,0.9,0,0.9992105082720337,-0.0004916543102676331,0.03972553882306813,4.5,0.9,0,0,0,BYPASS_VISIBLE,1,0,1,1,1
1787562404665467136,1787562404683232512,joint_v2_000006_1f4b2824,1889,159,0.03333333333333333,5.3,17.765522003173828,frame_id_exact,1,,2.1023480892181396,12.797538757324219,1.7444874048233032,-0.12143843559052406,-0.018075915886496825,0.14262744216747128,0.9821320585170588,-0.35132327675819397,1.1853463649749756,0.1476157158613205,1.1630696907902682,-0.0006157975737450998,0.4444468072549633,0.2885352124027562,-0.00011575037206057459,depth/001889.png,1.0,-0.0008649660601813547,0.2436934047546761,-0.9698519352523809,1.1630696907902682,-0.0006157975737450998,0.4444468072549633,-0.00011575037206057459,0.9992331139859226,-0.000513632228305678,0.03915252349376947,4.5,0.9,1.7333333325999998,0.0,0.2555125951766968,-0.0013712881786298592,1.7333333325999998,0.0,0.2555125951766968,-0.0013712881786298592,direct,SAFE_PROGRESSING,NONE,DIRECT_LOCAL,PASS_THROUGH,0,6,0,0,0,0,1,1.7333333325999998,6.521078517760147,inf,0.0,0,0,0,CLEAR,none,nan,0.0,0.0,0,0,0,0,0.0,0,0,1,0,2.0,2.0,"2.114,12.759;2.036,13.023;1.935,13.363;1.816,13.763;1.697,14.166;1.578,14.569;1.458,14.971;1.339,15.374;1.262,15.636",0.2500000000000004,19.05,2.0,0.2500000000000004,19.05,2.0,0.2500000000000004,19.05,2.0,2.4661857177802076,0.0,0.0,0,0,6,1,,,0,1,PASS_THROUGH,-1,0.9991631048307159,-0.000474495056990323,0.04090066991486225,0.9,0,0.9992331139859226,-0.000513632228305678,0.03915252349376947,4.5,0.9,0,0,0,BYPASS_VISIBLE,1,0,1,1,1
1787562404708292864,1787562404727371008,joint_v2_000006_1f4b2824,1890,160,0.03333333333333333,5.333333333333333,19.07801628112793,frame_id_exact,1,,2.090261936187744,12.838300704956055,1.748720645904541,-0.1544775562908152,-0.02285260332555758,0.1419321946240355,0.9774813017407892,-0.37457171082496643,1.262818694114685,0.10297929495573044,1.2211913027117403,-0.00030885546043060914,0.5042930326059909,0.28851890133142344,-9.877949196379632e-05,depth/001890.png,1.0,-0.000825307724637063,0.30848488591150197,-0.9512288862473255,1.2211913027117403,-0.00030885546043060914,0.5042930326059909,-9.877949196379632e-05,0.9992485352619617,-0.0004988287804342044,0.038757140589468386,4.5,0.9,1.7999999991999998,0.0,0.251279354095459,-0.0013576308563717499,1.7999999991999998,0.0,0.251279354095459,-0.0013576308563717499,direct,SAFE_PROGRESSING,NONE,DIRECT_LOCAL,PASS_THROUGH,0,6,0,0,0,0,1,1.7999999991999998,6.478562504586255,inf,0.0,0,0,0,CLEAR,none,nan,0.0,0.0,0,0,0,0,0.0,0,0,1,0,2.0,2.0,"2.114,12.759;2.036,13.023;1.935,13.363;1.816,13.763;1.697,14.166;1.578,14.569;1.458,14.971;1.339,15.374;1.262,15.636",0.2500000000000004,19.05,2.0,0.2500000000000004,19.05,2.0,0.2500000000000004,19.05,2.0,2.4661857177802076,0.0,0.0,0,0,6,1,,,0,1,PASS_THROUGH,-1,0.9991631048307159,-0.000474495056990323,0.04090066991486225,0.9,0,0.9992485352619617,-0.0004988287804342044,0.038757140589468386,4.5,0.9,0,0,0,BYPASS_VISIBLE,1,0,1,1,1
1787562404758715648,1787562404774278400,joint_v2_000006_1f4b2824,1891,161,0.03333333333333333,5.366666666666666,15.562772750854492,frame_id_exact,1,,2.077343463897705,12.88183879852295,1.7511385679244995,-0.17503951937212311,-0.025732045457080903,0.1414013076589778,0.9740147322740565,-0.40089842677116394,1.350839376449585,0.03980446979403496,1.3070002088173684,4.8560618351386326e-05,0.5280354317307733,0.288445425801182,-5.479390165419318e-05,depth/001891.png,1.0,-0.0006251488710506473,0.34825923094997907,-0.9373980569891417,1.3070002088173684,4.8560618351386326e-05,0.5280354317307733,-5.479390165419318e-05,0.9992525118181483,-0.00042838718925704115,0.0386553244655527,4.5,0.9,1.8666666657999997,0.0,0.2488614320755005,-0.0006491675725073254,1.8666666657999997,0.0,0.2488614320755005,-0.0006491675725073254,direct,SAFE_PROGRESSING,NONE,DIRECT_LOCAL,PASS_THROUGH,0,6,0,0,0,0,1,1.8666666657999997,6.433148276113064,inf,0.0,0,0,0,CLEAR,none,nan,0.0,0.0,0,0,0,0,0.02456313709288681,0,0,1,0,2.0,2.0,"2.077,12.882;2.034,13.027;1.986,13.190;1.932,13.373;1.872,13.575;1.812,13.776;1.753,13.977;1.693,14.179;1.633,14.380;1.574,14.582;1.514,14.783;1.454,14.984;1.395,15.186;1.335,15.387;1.276,15.588;1.225,15.758",0.2500000000000004,19.05,2.0,0.2500000000000004,19.05,2.0,0.2500000000000004,19.05,2.0,2.4661857177802076,0.0,0.0,0,0,6,1,,,0,1,PASS_THROUGH,-1,0.9991631048307159,-0.000474495056990323,0.04090066991486225,0.9,0,0.9992525118181483,-0.00042838718925704115,0.0386553244655527,4.5,0.9,0,0,0,BYPASS_VISIBLE,1,0,1,1,1
1787562404799163904,1787562404815973888,joint_v2_000006_1f4b2824,1892,162,0.03333333333333333,5.4,16.810178756713867,frame_id_exact,1,,2.063521385192871,12.928403854370117,1.7512526512145996,-0.18247414437208925,-0.026642344779965677,0.14117083010062453,0.9726583001388515,-0.4285491406917572,1.4436125755310059,-0.03374818339943886,1.4156927236148031,0.00038578796932197713,0.5144166964372491,0.28832321078767403,2.5592486053938046e-05,depth/001892.png,1.0,-0.00030774270497115064,0.362492226025325,-0.9319867442005987,1.4156927236148031,0.00038578796932197713,0.5144166964372491,2.5592486053938046e-05,0.9992418477145368,-0.0003103099439259532,0.038931137714901434,4.5,0.9,1.9333333323999997,0.0,0.2487473487854004,-0.000423714934261743,1.9333333323999997,0.0,0.2487473487854004,-0.000423714934261743,direct,SAFE_PROGRESSING,NONE,DIRECT_LOCAL,PASS_THROUGH,0,6,0,0,0,0,1,1.9333333323999997,6.384575098214643,inf,0.0,0,0,0,CLEAR,none,nan,0.0,0.0,0,0,0,0,0.0,0,0,1,0,2.0,2.0,"2.077,12.882;2.034,13.027;1.986,13.190;1.932,13.373;1.872,13.575;1.812,13.776;1.753,13.977;1.693,14.179;1.633,14.380;1.574,14.582;1.514,14.783;1.454,14.984;1.395,15.186;1.335,15.387;1.276,15.588;1.225,15.758",0.2500000000000004,19.05,2.0,0.2500000000000004,19.05,2.0,0.2500000000000004,19.05,2.0,2.4661857177802076,0.0,0.0,0,0,6,1,,,1,1,PASS_THROUGH,-1,0.9999999517807853,-0.00031054536964481,0.0,0.9,0,0.9992418477145368,-0.0003103099439259532,0.038931137714901434,4.5,0.9,0,0,0,BYPASS_VISIBLE,1,0,1,1,1
1787562404844515072,1787562404863881472,joint_v2_000006_1f4b2824,1893,163,0.03333333333333333,5.433333333333334,19.36650276184082,frame_id_exact,1,,2.0487723350524902,12.9780855178833,1.7488796710968018,-0.17771651553587536,-0.025755671480584216,0.14126489850577112,0.9735490300660391,-0.45632392168045044,1.5371602773666382,-0.1078168973326683,1.5381432096323389,0.0006214015381559864,0.46565309371269475,0.2881834191400125,0.00011015938071068376,depth/001893.png,1.0,6.139308270484284e-05,0.3533082272886407,-0.9355069709847423,1.5381432096323389,0.0006214015381559864,0.46565309371269475,0.00011015938071068376,0.9992146817371523,-0.00017528972645889038,0.03962308764386038,4.5,0.9,1.9999999989999997,0.0,0.25112032890319824,-0.00022582663735337682,1.9999999989999997,0.0,0.25112032890319824,-0.00022582663735337682,direct,SAFE_PROGRESSING,NONE,DIRECT_LOCAL,PASS_THROUGH,0,6,0,0,0,0,1,1.9999999989999997,6.3327503812710555,inf,0.0,0,0,0,CLEAR,none,nan,0.0,0.0,0,0,0,0,0.0,0,0,1,0,2.0,2.0,"2.077,12.882;2.034,13.027;1.986,13.190;1.932,13.373;1.872,13.575;1.812,13.776;1.753,13.977;1.693,14.179;1.633,14.380;1.574,14.582;1.514,14.783;1.454,14.984;1.395,15.186;1.335,15.387;1.276,15.588;1.225,15.758",0.2500000000000004,19.05,2.0,0.2500000000000004,19.05,2.0,0.2500000000000004,19.05,2.0,2.4661857177802076,0.0,0.0,0,0,6,1,,,0,1,PASS_THROUGH,-1,0.9992418477145368,-0.0003103099439259532,0.038931137714901434,0.9,0,0.9992146817371523,-0.00017528972645889038,0.03962308764386038,4.5,0.9,0,0,0,BYPASS_VISIBLE,1,0,1,1,1
1787562404897259776,1787562404914269696,joint_v2_000006_1f4b2824,1894,164,0.03333333333333333,5.466666666666667,17.009973526000977,frame_id_exact,1,,2.033109188079834,13.030855178833008,1.7441627979278564,-0.16306814933386482,-0.02344728799539424,0.1416057844234907,0.9761182331952915,-0.48328348994255066,1.6283360719680786,-0.173051118850708,1.6625803748267807,0.0006975575920371735,0.3883477762434232,0.288062416089223,0.00014524497964885086,depth/001894.png,1.0,0.0004081357392469176,0.32498813085477873,-0.9457180067169788,1.6625803748267807,0.0006975575920371735,0.3883477762434232,0.00014524497964885086,0.9991706154941024,-5.902095341147001e-05,0.0407194996244246,4.5,0.9,1.9333333323999997,0.0,0.25583720207214355,0.00038968974406583534,1.9333333323999997,0.0,0.25583720207214355,0.00038968974406583534,direct,SAFE_PROGRESSING,NONE,DIRECT_LOCAL,PASS_THROUGH,0,6,0,0,0,0,1,1.9333333323999997,6.277705214072747,inf,0.0,0,0,0,CLEAR,none,nan,0.0,0.0,0,0,0,0,0.0033844585468624983,0,0,1,0,2.0,1.0,"2.033,13.031;1.971,13.242;1.908,13.453;1.846,13.664;1.783,13.875;1.721,14.086;1.658,14.296;1.596,14.507;1.533,14.718;1.471,14.929;1.408,15.140;1.346,15.351;1.314,15.457",0.2500000000000004,19.05,2.0,0.2500000000000004,19.05,2.0,0.2500000000000004,19.05,2.0,2.4661857177802076,0.0,0.0,0,0,6,1,,,0,1,PASS_THROUGH,-1,0.9992418477145368,-0.0003103099439259532,0.038931137714901434,0.9,0,0.9991706154941024,-5.902095341147001e-05,0.0407194996244246,4.5,0.9,0,0,0,BYPASS_VISIBLE,1,0,1,1,1
1787562404945005568,1787562404962717952,joint_v2_000006_1f4b2824,1895,165,0.03333333333333333,5.5,17.71235466003418,frame_id_exact,1,,2.0165722370147705,13.086584091186523,1.737533688545227,-0.13956794940557363,-0.01990426078096059,0.14210884705616098,0.9797600132123456,-0.5085099935531616,1.7140132188796997,-0.22151289880275726,1.7786201019791845,0.0006051855448784259,0.2863596671317353,0.2879854210946939,0.00016886636149138212,depth/001895.png,1.0,0.0006648831405655087,0.27914333500942456,-0.9602492158029735,1.7786201019791845,0.0006051855448784259,0.2863596671317353,0.00016886636149138212,0.9991107656017264,1.3621232507849114e-05,0.042162517396310675,4.5,0.9,1.8666666657999997,0.0,0.26246631145477295,0.00045398084916048465,1.8666666657999997,0.0,0.26246631145477295,0.00045398084916048465,direct,SAFE_PROGRESSING,NONE,DIRECT_LOCAL,PASS_THROUGH,0,6,0,0,0,0,1,1.8666666657999997,6.219574484647727,inf,0.0,0,0,0,CLEAR,none,nan,0.0,0.0,0,0,0,0,0.0,0,0,1,0,2.0,1.0,"2.033,13.031;1.971,13.242;1.908,13.453;1.846,13.664;1.783,13.875;1.721,14.086;1.658,14.296;1.596,14.507;1.533,14.718;1.471,14.929;1.408,15.140;1.346,15.351;1.314,15.457",0.2500000000000004,19.05,2.0,0.2500000000000004,19.05,2.0,0.2500000000000004,19.05,2.0,2.4661857177802076,0.0,0.0,0,0,6,1,,,0,1,PASS_THROUGH,-1,0.9992418477145368,-0.0003103099439259532,0.038931137714901434,0.9,0,0.9991107656017264,1.3621232507849114e-05,0.042162517396310675,4.5,0.9,0,0,0,BYPASS_VISIBLE,1,0,1,1,1
1787562404990373376,1787562405010814208,joint_v2_000006_1f4b2824,1896,166,0.03333333333333333,5.533333333333333,20.44081687927246,frame_id_exact,1,,1.9992458820343018,13.144998550415039,1.7296549081802368,-0.1044728482084649,-0.014751433184789001,0.14272313654725233,0.9841229219464002,-0.5302761197090149,1.788276195526123,-0.24716922640800476,1.875579051571977,0.00038337040463947954,0.14973381526449406,0.2879597317618254,0.00019478509784676135,depth/001896.png,1.0,0.0007869381032509191,0.20983899091135505,-0.9777356384124115,1.875579051571977,0.00038337040463947954,0.14973381526449406,0.00019478509784676135,0.9990379228506772,3.5870786169016294e-05,0.04385461685490905,4.5,0.9,1.7999999991999998,0.0,0.2703450918197632,0.0004724610118372885,1.7999999991999998,0.0,0.2703450918197632,0.0004724610118372885,direct,SAFE_PROGRESSING,NONE,DIRECT_LOCAL,PASS_THROUGH,0,6,0,0,0,0,1,1.7999999991999998,6.158644597264439,inf,0.0,0,0,0,CLEAR,none,nan,0.0,0.0,0,0,0,0,0.0,0,0,1,0,2.0,1.0,"2.033,13.031;1.971,13.242;1.908,13.453;1.846,13.664;1.783,13.875;1.721,14.086;1.658,14.296;1.596,14.507;1.533,14.718;1.471,14.929;1.408,15.140;1.346,15.351;1.314,15.457",0.2500000000000004,19.05,2.0,0.2500000000000004,19.05,2.0,0.2500000000000004,19.05,2.0,2.4661857177802076,0.0,0.0,0,0,6,1,,,0,1,PASS_THROUGH,-1,0.9992418477145368,-0.0003103099439259532,0.038931137714901434,0.9,0,0.9990379228506772,3.5870786169016294e-05,0.04385461685490905,4.5,0.9,0,0,0,BYPASS_VISIBLE,1,0,1,1,1
1787562405038245888,1787562405056436480,joint_v2_000006_1f4b2824,1897,167,0.03333333333333333,5.566666666666666,18.190622329711914,frame_id_exact,1,,1.981286644935608,13.205577850341797,1.7213726043701172,-0.05924794403770791,-0.00820680404194927,0.14325355926268526,0.9878768887130086,-0.5460337996482849,1.842387318611145,-0.24537308514118195,1.9371503372017094,0.0001132438710486375,-0.014158082650502612,0.2879699095617132,0.00020841651712544262,depth/001897.png,1.0,0.0007603336383197219,0.11941065701558792,-0.9928446589894434,1.9371503372017094,0.0001132438710486375,-0.014158082650502612,0.00020841651712544262,0.998956902384209,2.35391076052261e-05,0.045662967762251344,4.5,0.9,1.7333333325999998,0.0,0.2786273956298828,0.00021395435632676207,1.7333333325999998,0.0,0.2786273956298828,0.00021395435632676207,direct,SAFE_PROGRESSING,NONE,DIRECT_LOCAL,PASS_THROUGH,0,6,0,0,0,0,1,1.7333333325999998,6.095459269845695,inf,0.0,0,0,0,CLEAR,none,nan,0.0,0.0,0,0,0,0,0.001350099804922644,0,0,1,0,2.0,1.0,"1.981,13.206;1.919,13.417;1.856,13.627;1.794,13.838;1.731,14.049;1.669,14.260;1.606,14.471;1.544,14.682;1.481,14.893;1.419,15.104;1.356,15.315;1.294,15.526;1.263,15.631",0.2500000000000004,19.05,2.0,0.2500000000000004,19.05,2.0,0.2500000000000004,19.05,2.0,2.4661857177802076,0.0,0.0,0,0,6,1,,,0,1,PASS_THROUGH,-1,0.9992418477145368,-0.0003103099439259532,0.038931137714901434,0.9,0,0.998956902384209,2.35391076052261e-05,0.045662967762251344,4.5,0.9,0,0,0,BYPASS_VISIBLE,1,0,1,1,1
1787562405094371584,1787562405113427968,joint_v2_000006_1f4b2824,1898,168,0.03333333333333333,5.6,19.056320190429688,frame_id_exact,1,,1.9629415273666382,13.26749324798584,1.7135462760925293,-0.008971635445999295,-0.000997009178104805,0.14349320847942956,0.9896101327545116,-0.5530465245246887,1.866920828819275,-0.22154173254966736,1.9507945386360386,-0.00011023224145553356,-0.18637391047528967,0.2879869009586171,0.0002047197485808283,depth/001898.png,1.0,0.0006014367407049083,0.018042970781180282,-0.9998370314602457,1.9507945386360386,-0.00011023224145553356,-0.18637391047528967,0.0002047197485808283,0.9988738842573077,5.931496069004432e-06,0.04744431803215149,4.5,0.9,1.6666666659999998,0.0,0.2864537239074707,0.0001518890482149482,1.6666666659999998,0.0,0.2864537239074707,0.0001518890482149482,direct,SAFE_PROGRESSING,NONE,DIRECT_LOCAL,PASS_THROUGH,0,6,0,0,0,0,1,1.6666666659999998,6.0308832697430415,inf,0.0,0,0,0,CLEAR,none,nan,0.0,0.0,0,0,0,0,0.0,0,0,1,0,2.0,1.0,"1.981,13.206;1.919,13.417;1.856,13.627;1.794,13.838;1.731,14.049;1.669,14.260;1.606,14.471;1.544,14.682;1.481,14.893;1.419,15.104;1.356,15.315;1.294,15.526;1.263,15.631",0.2500000000000004,19.05,2.0,0.2500000000000004,19.05,2.0,0.2500000000000004,19.05,2.0,2.4661857177802076,0.0,0.0,0,0,6,1,,,1,1,PASS_THROUGH,-1,0.9999999999823689,5.938183150456738e-06,0.0,0.9,0,0.9988738842573077,5.931496069004432e-06,0.04744431803215149,4.5,0.9,0,0,0,BYPASS_VISIBLE,1,0,1,1,1
1787562405146843648,1787562405163752448,joint_v2_000006_1f4b2824,1899,169,0.03333333333333333,5.633333333333334,16.908884048461914,frame_id_exact,1,,1.9445304870605469,13.329655647277832,1.7067245244979858,0.04029667240480197,0.006020565345764194,0.14336909846985893,0.988830234463913,-0.5499106645584106,1.8569599390029907,-0.18672767281532288,1.9150397384204056,-0.00021633778534150823,-0.34379053407672205,0.287984842640387,0.0001913233718369156,depth/001899.png,1.0,0.00035203889689123385,-0.08141946209611382,-0.996679861972035,1.9150397384204056,-0.00021633778534150823,-0.34379053407672205,0.0001913233718369156,0.9987939612330897,8.502910542921094e-06,0.04909809499373505,4.5,0.9,1.5999999993999998,0.0,0.29327547550201416,0.00018561090255331258,1.5999999993999998,0.0,0.29327547550201416,0.00018561090255331258,direct,SAFE_PROGRESSING,NONE,DIRECT_LOCAL,PASS_THROUGH,0,6,0,0,0,0,1,1.5999999993999998,5.9660517166127605,inf,0.0,0,0,0,CLEAR,none,nan,0.0,0.0,0,0,0,0,0.0,0,0,1,0,2.0,1.0,"1.981,13.206;1.919,13.417;1.856,13.627;1.794,13.838;1.731,14.049;1.669,14.260;1.606,14.471;1.544,14.682;1.481,14.893;1.419,15.104;1.356,15.315;1.294,15.526;1.263,15.631",0.2500000000000004,19.05,2.0,0.2500000000000004,19.05,2.0,0.2500000000000004,19.05,2.0,2.4661857177802076,0.0,0.0,0,0,6,1,,,0,1,PASS_THROUGH,-1,0.9988738842573077,5.931496069004432e-06,0.04744431803215149,0.9,0,0.9987939612330897,8.502910542921094e-06,0.04909809499373505,4.5,0.9,0,0,0,BYPASS_VISIBLE,1,0,1,1,1
1787562405203611904,1787562405221296896,joint_v2_000006_1f4b2824,1900,170,0.03333333333333333,5.666666666666667,17.6849365234375,frame_id_exact,1,,1.9263900518417358,13.390918731689453,1.7011291980743408,0.08370992031243303,0.012170674204750386,0.14296341628580483,0.9861064777875561,-0.5369696617126465,1.8135539293289185,-0.14905056357383728,1.8391854923930082,-0.00018399025613464486,-0.4657542628946143,0.2879548904425606,0.0001807431981433183,depth/001900.png,1.0,6.824897493671114e-05,-0.16857371167596594,-0.9856890478613759,1.8391854923930082,-0.00018399025613464486,-0.4657542628946143,0.0001807431981433183,0.9987203795431119,3.962519828704799e-05,0.05057273885312322,4.5,0.9,1.5333333327999998,0.0,0.2988708019256592,-5.274827707735241e-05,1.5333333327999998,0.0,0.2988708019256592,-5.274827707735241e-05,direct,SAFE_PROGRESSING,NONE,DIRECT_LOCAL,PASS_THROUGH,0,6,0,0,0,0,1,1.5333333327999998,5.90215930039653,inf,0.0,0,0,0,CLEAR,none,nan,0.0,0.0,0,0,0,0,0.0022732655401140308,0,0,1,0,2.0,1.0,"1.926,13.391;1.864,13.602;1.801,13.813;1.739,14.024;1.676,14.235;1.614,14.446;1.552,14.657;1.489,14.868;1.427,15.078;1.364,15.289;1.302,15.500;1.239,15.711;1.208,15.817",0.2500000000000004,19.05,2.0,0.2500000000000004,19.05,2.0,0.2500000000000004,19.05,2.0,2.4661857177802076,0.0,0.0,0,0,6,1,,,0,1,PASS_THROUGH,-1,0.9988738842573077,5.931496069004432e-06,0.04744431803215149,0.9,0,0.9987203795431119,3.962519828704799e-05,0.05057273885312322,4.5,0.9,0,0,0,BYPASS_VISIBLE,1,0,1,1,1
1787562405252892672,1787562405269625856,joint_v2_000006_1f4b2824,1901,171,0.03333333333333333,5.7,16.733169555664062,frame_id_exact,1,,1.9088239669799805,13.45024585723877,1.6967651844024658,0.11722956659309482,0.016897038302566118,0.14245824043267785,0.9826888462508476,-0.5158040523529053,1.7420156002044678,-0.11334171146154404,1.7391431459871092,-4.279466871818594e-05,-0.5374938430076384,0.287906918874876,0.0001605232391739264,depth/001901.png,1.0,-0.00019157341786528448,-0.23521461977392477,-0.9719434376259936,1.7391431459871092,-4.279466871818594e-05,-0.5374938430076384,0.0001605232391739264,0.9986548084157966,8.890581483009636e-05,0.05185138111723748,4.5,0.9,1.4666666661999999,0.0,0.3032348155975342,0.00010367607887029617,1.4666666661999999,0.0,0.3032348155975342,0.00010367607887029617,direct,SAFE_PROGRESSING,NONE,DIRECT_LOCAL,PASS_THROUGH,0,6,0,0,0,0,1,1.4666666661999999,5.840286244080744,inf,0.0,0,0,0,CLEAR,none,nan,0.0,0.0,0,0,0,0,0.0,0,0,1,0,2.0,1.0,"1.926,13.391;1.864,13.602;1.801,13.813;1.739,14.024;1.676,14.235;1.614,14.446;1.552,14.657;1.489,14.868;1.427,15.078;1.364,15.289;1.302,15.500;1.239,15.711;1.208,15.817",0.2500000000000004,19.05,2.0,0.2500000000000004,19.05,2.0,0.2500000000000004,19.05,2.0,2.4661857177802076,0.0,0.0,0,0,6,1,,,0,1,PASS_THROUGH,-1,0.9988738842573077,5.931496069004432e-06,0.04744431803215149,0.9,0,0.9986548084157966,8.890581483009636e-05,0.05185138111723748,4.5,0.9,0,0,0,BYPASS_VISIBLE,1,0,1,1,1
1787562405298959104,1787562405314971648,joint_v2_000006_1f4b2824,1902,172,0.03333333333333333,5.733333333333333,16.01266860961914,frame_id_exact,1,,1.8920674324035645,13.506832122802734,1.6935352087020874,0.1375017854885759,0.019739813700690095,0.14207017735934355,0.9800610508777504,-0.48887258768081665,1.6507035493850708,-0.08096081763505936,1.6328595189491133,0.00014703234761274426,-0.5514916487936203,0.2878626115689072,0.00011855088087031618,depth/001902.png,1.0,-0.00037736098391807915,-0.27512916643399626,-0.9614071974850315,1.6328595189491133,0.00014703234761274426,-0.5514916487936203,0.00011855088087031618,0.9985979187451636,0.00013415681579603093,0.05293560880708032,4.5,0.9,1.3999999995999999,0.0,0.3064647912979126,0.00022737021061203233,1.3999999995999999,0.0,0.3064647912979126,0.00022737021061203233,direct,SAFE_PROGRESSING,NONE,DIRECT_LOCAL,PASS_THROUGH,0,6,0,0,0,0,1,1.3999999995999999,5.781271103083826,inf,0.0,0,0,0,CLEAR,none,nan,0.0,0.0,0,0,0,0,0.0,0,0,1,0,2.0,1.0,"1.926,13.391;1.864,13.602;1.801,13.813;1.739,14.024;1.676,14.235;1.614,14.446;1.552,14.657;1.489,14.868;1.427,15.078;1.364,15.289;1.302,15.500;1.239,15.711;1.208,15.817",0.2500000000000004,19.05,2.0,0.2500000000000004,19.05,2.0,0.2500000000000004,19.05,2.0,2.4661857177802076,0.0,0.0,0,0,6,1,,,0,1,PASS_THROUGH,-1,0.9988738842573077,5.931496069004432e-06,0.04744431803215149,0.9,0,0.9985979187451636,0.00013415681579603093,0.05293560880708032,4.5,0.9,0,0,0,BYPASS_VISIBLE,1,0,1,1,1
1787562405345083392,1787562405362183936,joint_v2_000006_1f4b2824,1903,173,0.03333333333333333,5.766666666666667,17.10057258605957,frame_id_exact,1,,1.8762636184692383,13.560187339782715,1.6913448572158813,0.14291540332560765,0.020483520564257816,0.1419548162360088,0.9792877222884874,-0.45914825797080994,1.5497753620147705,-0.050565361976623535,1.5345286042765023,0.000324811492298157,-0.5102935512939334,0.28784241457390747,5.195807170821354e-05,depth/001903.png,1.0,-0.00045653923712057204,-0.2857260684004811,-0.958311225755145,1.5345286042765023,0.000324811492298157,-0.5102935512939334,5.195807170821354e-05,0.9985501282284539,0.00015460982943763223,0.053829522668686916,4.5,0.9,1.333333333,0.0,0.30865514278411865,0.00041908372575061303,1.333333333,0.0,0.30865514278411865,0.00041908372575061303,direct,SAFE_PROGRESSING,NONE,DIRECT_LOCAL,PASS_THROUGH,0,6,0,0,0,0,1,1.333333333,5.725624542444138,inf,0.0,0,0,0,CLEAR,none,nan,0.0,0.0,0,0,0,0,0.008871352951446252,0,0,1,0,2.0,1.0,"1.876,13.560;1.814,13.771;1.751,13.982;1.689,14.193;1.626,14.404;1.564,14.615;1.501,14.826;1.439,15.037;1.376,15.248;1.314,15.459;1.251,15.670;1.189,15.881;1.158,15.986",0.2500000000000004,19.05,2.0,0.2500000000000004,19.05,2.0,0.2500000000000004,19.05,2.0,2.4661857177802076,0.0,0.0,0,0,6,1,,,0,1,PASS_THROUGH,-1,0.9988738842573077,5.931496069004432e-06,0.04744431803215149,0.9,0,0.9985501282284539,0.00015460982943763223,0.053829522668686916,4.5,0.9,0,0,0,BYPASS_VISIBLE,1,0,1,1,1
1787562405390161152,1787562405408831744,joint_v2_000006_1f4b2824,1904,174,0.03333333333333333,5.8,18.67079734802246,frame_id_exact,1,,1.8614546060562134,13.610162734985352,1.690169334411621,0.13438905075151983,0.019267007145356858,0.14213055091552695,0.980493381910462,-0.4296685457229614,1.4496389627456665,-0.019665176048874855,1.4509485354881255,0.00045345253536392964,-0.4256795066581325,0.2878535064468202,-2.9159127734601498e-05,depth/001904.png,1.0,-0.0004192336501684865,-0.2690120104063147,-0.9631367309475324,1.4509485354881255,0.00045345253536392964,-0.4256795066581325,-2.9159127734601498e-05,0.9985121833133122,0.00014274362702210592,0.054528885915077284,4.5,0.9,1.2666666664,0.0,0.3098306655883789,0.00037404653072614646,1.2666666664,0.0,0.3098306655883789,0.00037404653072614646,direct,SAFE_PROGRESSING,NONE,DIRECT_LOCAL,PASS_THROUGH,0,6,0,0,0,0,1,1.2666666664,5.67350116041425,inf,0.0,0,0,0,CLEAR,none,nan,0.0,0.0,0,0,0,0,0.0,0,0,1,0,2.0,1.0,"1.876,13.560;1.814,13.771;1.751,13.982;1.689,14.193;1.626,14.404;1.564,14.615;1.501,14.826;1.439,15.037;1.376,15.248;1.314,15.459;1.251,15.670;1.189,15.881;1.158,15.986",0.2500000000000004,19.05,2.0,0.2500000000000004,19.05,2.0,0.2500000000000004,19.05,2.0,2.4661857177802076,0.0,0.0,0,0,6,1,,,1,1,PASS_THROUGH,-1,0.9999999897817455,0.00014295631835943318,0.0,0.9,0,0.9985121833133122,0.00014274362702210592,0.054528885915077284,4.5,0.9,0,0,0,BYPASS_VISIBLE,1,0,1,1,1
1787562405439193088,1787562405455907328,joint_v2_000006_1f4b2824,1905,175,0.03333333333333333,5.833333333333333,16.71433448791504,frame_id_exact,1,,1.847586989402771,13.656940460205078,1.6900628805160522,0.11536087725075425,0.016581228770350606,0.14248561192732612,0.9829113801590138,-0.4030308127403259,1.359215259552002,0.013865257613360882,1.382405573545876,0.0005224881367541797,-0.3147169528660202,0.28788731415206936,-0.00010767061030492187,depth/001905.png,1.0,-0.00027877346429842215,-0.23150421120548764,-0.9728338617048035,1.382405573545876,0.0005224881367541797,-0.3147169528660202,-0.00010767061030492187,0.9984852855310563,0.00010718739345176019,0.055019297422155396,4.5,0.9,1.1999999998,0.0,0.30993711948394775,0.00024767429148364606,1.1999999998,0.0,0.30993711948394775,0.00024767429148364606,direct,SAFE_PROGRESSING,NONE,DIRECT_LOCAL,PASS_THROUGH,0,6,0,0,0,0,1,1.1999999998,5.624711138225859,inf,0.0,0,0,0,CLEAR,none,nan,0.0,0.0,0,0,0,0,0.0,0,0,1,0,2.0,1.0,"1.876,13.560;1.814,13.771;1.751,13.982;1.689,14.193;1.626,14.404;1.564,14.615;1.501,14.826;1.439,15.037;1.376,15.248;1.314,15.459;1.251,15.670;1.189,15.881;1.158,15.986",0.2500000000000004,19.05,2.0,0.2500000000000004,19.05,2.0,0.2500000000000004,19.05,2.0,2.4661857177802076,0.0,0.0,0,0,6,1,,,0,1,PASS_THROUGH,-1,0.9985121833133122,0.00014274362702210592,0.054528885915077284,0.9,0,0.9984852855310563,0.00010718739345176019,0.055019297422155396,4.5,0.9,0,0,0,BYPASS_VISIBLE,1,0,1,1,1
1787562405489345024,1787562405507417088,joint_v2_000006_1f4b2824,1906,176,0.03333333333333333,5.866666666666666,18.072128295898438,frame_id_exact,1,,1.8345348834991455,13.700953483581543,1.6911332607269287,0.09107390748260384,0.01316812208500536,0.1428611488013184,0.9854556489765393,-0.38093817234039307,1.2843742370605469,0.05097515136003494,1.3263290327615902,0.0005356122527006517,-0.1953984339760654,0.28792702605939663,-0.0001658867986407131,depth/001906.png,1.0,-6.864550741703113e-05,-0.18326101930343708,-0.983064287873209,1.3263290327615902,0.0005356122527006517,-0.1953984339760654,-0.0001658867986407131,0.9984709075337918,6.511158250499345e-05,0.05527967591374049,4.5,0.9,1.2666666664,0.0,0.3088667392730713,0.000445780189517464,1.2666666664,0.0,0.3088667392730713,0.000445780189517464,direct,SAFE_PROGRESSING,NONE,DIRECT_LOCAL,PASS_THROUGH,0,6,0,0,0,0,1,1.2666666664,5.578803584267337,inf,0.0,0,0,0,CLEAR,none,nan,0.0,0.0,0,0,0,0,0.0037363320668818453,0,0,1,0,2.0,2.0,"1.835,13.701;1.794,13.839;1.747,13.996;1.695,14.173;1.637,14.368;1.577,14.569;1.518,14.771;1.458,14.972;1.398,15.174;1.339,15.375;1.279,15.576;1.219,15.778;1.160,15.979;1.100,16.180;1.040,16.382;0.982,16.577",0.2500000000000004,19.05,2.0,0.2500000000000004,19.05,2.0,0.2500000000000004,19.05,2.0,2.4661857177802076,0.0,0.0,0,0,6,1,,,0,1,PASS_THROUGH,-1,0.9985121833133122,0.00014274362702210592,0.054528885915077284,0.9,0,0.9984709075337918,6.511158250499345e-05,0.05527967591374049,4.5,0.9,0,0,0,BYPASS_VISIBLE,1,0,1,1,1
1787562405541016320,1787562405559888384,joint_v2_000006_1f4b2824,1907,177,0.03333333333333333,5.9,18.87202262878418,frame_id_exact,1,,1.8221334218978882,13.74276351928711,1.6934993267059326,0.06514706001460048,0.009527594229252078,0.14316541304057084,0.9875063291081124,-0.3640754520893097,1.2274894714355469,0.09056500345468521,1.281143502779963,0.0004989965473547458,-0.0784501971765143,0.2879579999810124,-0.0001931083097588271,depth/001907.png,1.0,0.0001635076943824372,-0.13139431210063568,-0.9913301710393135,1.281143502779963,0.0004989965473547458,-0.0784501971765143,-0.0001931083097588271,0.9984704272359325,3.1386973814901575e-05,0.05528837988359077,4.5,0.9,1.333333333,0.0,0.3065006732940674,0.00032081126030425455,1.333333333,0.0,0.3065006732940674,0.00032081126030425455,direct,SAFE_PROGRESSING,NONE,DIRECT_LOCAL,PASS_THROUGH,0,6,0,0,0,0,1,1.333333333,5.5351930913436185,inf,0.0,0,0,0,CLEAR,none,nan,0.0,0.0,0,0,0,0,0.0,0,0,1,0,2.0,2.0,"1.835,13.701;1.794,13.839;1.747,13.996;1.695,14.173;1.637,14.368;1.577,14.569;1.518,14.771;1.458,14.972;1.398,15.174;1.339,15.375;1.279,15.576;1.219,15.778;1.160,15.979;1.100,16.180;1.040,16.382;0.982,16.577",0.2500000000000004,19.05,2.0,0.2500000000000004,19.05,2.0,0.2500000000000004,19.05,2.0,2.4661857177802076,0.0,0.0,0,0,6,1,,,0,1,PASS_THROUGH,-1,0.9985121833133122,0.00014274362702210592,0.054528885915077284,0.9,0,0.9984704272359325,3.1386973814901575e-05,0.05528837988359077,4.5,0.9,0,0,0,BYPASS_VISIBLE,1,0,1,1,1
1787562405590682112,1787562405607287808,joint_v2_000006_1f4b2824,1908,178,0.03333333333333333,5.933333333333334,16.605854034423828,frame_id_exact,1,,1.810198187828064,13.783007621765137,1.6971571445465088,0.03534785950051295,0.0053095152221754975,0.14339102203750553,0.9890204005357408,-0.353103369474411,1.190781831741333,0.12803377211093903,1.2480051836596244,0.00041758310429229774,0.038972994796912463,0.2879723662998817,-0.0001992266479646787,depth/001908.png,1.0,0.00036530634213984177,-0.0714421819510197,-0.997444675753675,1.2480051836596244,0.00041758310429229774,0.038972994796912463,-0.0001992266479646787,0.998483778433849,1.4612452944597797e-05,0.0550467436906175,4.5,0.9,1.3999999995999999,0.0,0.3028428554534912,0.00020559637338879444,1.3999999995999999,0.0,0.3028428554534912,0.00020559637338879444,direct,SAFE_PROGRESSING,NONE,DIRECT_LOCAL,PASS_THROUGH,0,6,0,0,0,0,1,1.3999999995999999,5.493216461936133,inf,0.0,0,0,0,CLEAR,none,nan,0.0,0.0,0,0,0,0,0.0,0,0,1,0,2.0,2.0,"1.835,13.701;1.794,13.839;1.747,13.996;1.695,14.173;1.637,14.368;1.577,14.569;1.518,14.771;1.458,14.972;1.398,15.174;1.339,15.375;1.279,15.576;1.219,15.778;1.160,15.979;1.100,16.180;1.040,16.382;0.982,16.577",0.2500000000000004,19.05,2.0,0.2500000000000004,19.05,2.0,0.2500000000000004,19.05,2.0,2.4661857177802076,0.0,0.0,0,0,6,1,,,0,1,PASS_THROUGH,-1,0.9985121833133122,0.00014274362702210592,0.054528885915077284,0.9,0,0.998483778433849,1.4612452944597797e-05,0.0550467436906175,4.5,0.9,0,0,0,BYPASS_VISIBLE,1,0,1,1,1
1787562405636023808,1787562405651586048,joint_v2_000006_1f4b2824,1909,179,0.03333333333333333,5.966666666666667,15.562295913696289,frame_id_exact,1,,1.7985180616378784,13.822403907775879,1.7019634246826172,0.0008900233925619203,0.0003789065669646819,0.1434882888425367,0.9896515423386228,-0.34887462854385376,1.1770497560501099,0.1587657481431961,1.2279590832615543,0.000296221228725075,0.15646916479335743,0.28797116782958854,-0.00019512942526489496,depth/001909.png,1.0,0.0004945550695405817,-0.0018703633561826406,-0.9999981285763484,1.2279590832615543,0.000296221228725075,0.15646916479335743,-0.00019512942526489496,0.9985092475243942,1.4038460505004333e-05,0.05458280325514421,4.5,0.9,1.4666666661999999,0.0,0.2980365753173828,0.00016163225812659832,1.4666666661999999,0.0,0.2980365753173828,0.00016163225812659832,direct,SAFE_PROGRESSING,NONE,DIRECT_LOCAL,PASS_THROUGH,0,6,0,0,0,0,1,1.4666666661999999,5.4521251902955825,inf,0.0,0,0,0,CLEAR,none,nan,0.0,0.0,0,0,0,0,0.000805545406557194,0,0,1,0,2.0,2.0,"1.799,13.822;1.717,14.096;1.614,14.447;1.494,14.849;1.375,15.252;1.256,15.655;1.136,16.057;1.017,16.460;0.946,16.699",0.2500000000000004,19.05,2.0,0.2500000000000004,19.05,2.0,0.2500000000000004,19.05,2.0,2.4661857177802076,0.0,0.0,0,0,6,1,,,0,1,PASS_THROUGH,-1,0.9985121833133122,0.00014274362702210592,0.054528885915077284,0.9,0,0.9985092475243942,1.4038460505004333e-05,0.05458280325514421,4.5,0.9,0,0,0,BYPASS_VISIBLE,1,0,1,1,1
1787562405677946880,1787562405696135168,joint_v2_000006_1f4b2824,1910,180,0.03333333333333333,6.0,18.1884765625,frame_id_exact,1,,1.786858320236206,13.861753463745117,1.7075836658477783,-0.03695761070838808,-0.005092740783352385,0.14339501456518922,0.9889621169690425,-0.3519236445426941,1.187970757484436,0.1759776473045349,1.2224319310834397,0.000140586799672569,0.2678676140935309,0.28796430813146967,-0.00018588246894069016,depth/001910.png,1.0,0.0005260188390902951,0.07455990112618155,-0.9972163980040817,1.2224319310834397,0.000140586799672569,0.2678676140935309,-0.00018588246894069016,0.998543016140992,2.024824360602266e-05,0.05396150948647576,4.5,0.9,1.5333333327999998,0.0,0.2924163341522217,0.0001725471564256731,1.5333333327999998,0.0,0.2924163341522217,0.0001725471564256731,direct,SAFE_PROGRESSING,NONE,DIRECT_LOCAL,PASS_THROUGH,0,6,0,0,0,0,1,1.5333333327999998,5.411084513980543,inf,0.0,0,0,0,CLEAR,none,nan,0.0,0.0,0,0,0,0,0.0,0,0,1,0,2.0,2.0,"1.799,13.822;1.717,14.096;1.614,14.447;1.494,14.849;1.375,15.252;1.256,15.655;1.136,16.057;1.017,16.460;0.946,16.699",0.2500000000000004,19.05,2.0,0.2500000000000004,19.05,2.0,0.2500000000000004,19.05,2.0,2.4661857177802076,0.0,0.0,0,0,6,1,,,1,1,PASS_THROUGH,-1,0.9999999997944056,2.0277788011696195e-05,0.0,0.9,0,0.998543016140992,2.024824360602266e-05,0.05396150948647576,4.5,0.9,0,0,0,BYPASS_VISIBLE,1,0,1,1,1
1787562405725669888,1787562405740056832,joint_v2_000006_1f4b2824,1911,181,0.03333333333333333,6.033333333333333,14.386892318725586,frame_id_exact,1,,1.774977207183838,13.90186882019043,1.7134931087493896,-0.07538146984263697,-0.010700303623088237,0.1430871844119185,0.9867771760452342,-0.3620634973049164,1.222780704498291,0.1756429821252823,1.2338048429515314,-3.935185288758613e-05,0.3672311159265307,0.2879670504652073,-0.00017411448061466217,depth/001911.png,1.0,0.00045461376919454094,0.15183158051047327,-0.9884062750134747,1.2338048429515314,-3.935185288758613e-05,0.3672311159265307,-0.00017411448061466217,0.998579349523474,1.783622572537339e-05,0.05328491706988211,4.5,0.9,1.5999999993999998,0.0,0.28650689125061035,0.00015789232342133808,1.5999999993999998,0.0,0.28650689125061035,0.00015789232342133808,direct,SAFE_PROGRESSING,NONE,DIRECT_LOCAL,PASS_THROUGH,0,6,0,0,0,0,1,1.5999999993999998,5.369246700139388,inf,0.0,0,0,0,CLEAR,none,nan,0.0,0.0,0,0,0,0,0.0,0,0,1,0,2.0,2.0,"1.799,13.822;1.717,14.096;1.614,14.447;1.494,14.849;1.375,15.252;1.256,15.655;1.136,16.057;1.017,16.460;0.946,16.699",0.2500000000000004,19.05,2.0,0.2500000000000004,19.05,2.0,0.2500000000000004,19.05,2.0,2.4661857177802076,0.0,0.0,0,0,6,1,,,0,1,PASS_THROUGH,-1,0.998543016140992,2.024824360602266e-05,0.05396150948647576,0.9,0,0.998579349523474,1.783622572537339e-05,0.05328491706988211,4.5,0.9,0,0,0,BYPASS_VISIBLE,1,0,1,1,1
1787562405766589184,1787562405784312832,joint_v2_000006_1f4b2824,1912,182,0.03333333333333333,6.066666666666666,17.723560333251953,frame_id_exact,1,,1.7626521587371826,13.943500518798828,1.719069004058838,-0.11049557941697834,-0.01587347419399114,0.14261841645415932,0.9834626312343683,-0.3783649802207947,1.2782334089279175,0.15578052401542664,1.2652717016137986,-0.00022520793748162773,0.4476558365487882,0.28799218759063244,-0.00016612635226920247,depth/001912.png,1.0,0.0002954717279617623,0.2218642460527212,-0.9750775194926379,1.2652717016137986,-0.00022520793748162773,0.4476558365487882,-0.00016612635226920247,0.998611679412022,-5.993389349021988e-06,0.0526755513115933,4.5,0.9,1.6666666659999998,0.0,0.2809309959411621,-0.00017982446818443076,1.6666666659999998,0.0,0.2809309959411621,-0.00017982446818443076,direct,SAFE_PROGRESSING,NONE,DIRECT_LOCAL,PASS_THROUGH,0,6,0,0,0,0,1,1.6666666659999998,5.325828903076037,inf,0.0,0,0,0,CLEAR,none,nan,0.0,0.0,0,0,0,0,0.0003438733210885475,0,0,1,0,2.0,2.0,"1.763,13.944;1.722,14.081;1.676,14.237;1.624,14.413;1.566,14.608;1.506,14.810;1.447,15.011;1.387,15.212;1.327,15.414;1.268,15.615;1.208,15.816;1.148,16.018;1.089,16.219;1.029,16.420;0.969,16.622;0.911,16.820",0.2500000000000004,19.05,2.0,0.2500000000000004,19.05,2.0,0.2500000000000004,19.05,2.0,2.4661857177802076,0.0,0.0,0,0,6,1,,,0,1,PASS_THROUGH,-1,0.998543016140992,2.024824360602266e-05,0.05396150948647576,0.9,0,0.998611679412022,-5.993389349021988e-06,0.0526755513115933,4.5,0.9,0,0,0,BYPASS_VISIBLE,1,0,1,1,1
1787562405813243904,1787562405829916928,joint_v2_000006_1f4b2824,1913,183,0.03333333333333333,6.1,16.67308807373047,frame_id_exact,1,,1.749701738357544,13.987252235412598,1.7236591577529907,-0.1381373640952013,-0.019993084117777764,0.14212435728604786,0.9799586788708579,-0.39930078387260437,1.3491050004959106,0.11683975160121918,1.3198394181700321,-0.0003880241090883336,0.5011992673582674,0.288042149088542,-0.0001795224379748106,depth/001913.png,1.0,8.057558121567915e-05,0.2764208261036824,-0.9610366904565785,1.3198394181700321,-0.0003880241090883336,0.5011992673582674,-0.0001795224379748106,0.9986333140641731,-5.411778110662512e-05,0.05226376481341947,4.5,0.9,1.7333333325999998,0.0,0.2763408422470093,-0.00027611455442888566,1.7333333325999998,0.0,0.2763408422470093,-0.00027611455442888566,direct,SAFE_PROGRESSING,NONE,DIRECT_LOCAL,PASS_THROUGH,0,6,0,0,0,0,1,1.7333333325999998,5.280200775715578,inf,0.0,0,0,1,CLEAR,none,nan,0.0,0.0,0,0,0,0,0.0,0,0,1,0,2.0,2.0,"1.763,13.944;1.722,14.081;1.676,14.237;1.624,14.413;1.566,14.608;1.506,14.810;1.447,15.011;1.387,15.212;1.327,15.414;1.268,15.615;1.208,15.816;1.148,16.018;1.089,16.219;1.029,16.420;0.969,16.622;0.911,16.820",0.2500000000000004,19.05,2.0,0.2500000000000004,19.05,2.0,0.2500000000000004,19.05,2.0,2.4661857177802076,0.0,0.0,0,0,6,1,,,0,1,PASS_THROUGH,-1,0.998543016140992,2.024824360602266e-05,0.05396150948647576,0.9,0,0.9986333140641731,-5.411778110662512e-05,0.05226376481341947,4.5,0.9,0,0,0,BYPASS_VISIBLE,1,0,1,1,1
1787562405857867520,1787562405875726336,joint_v2_000006_1f4b2824,1914,184,0.03333333333333333,6.133333333333334,17.85874366760254,frame_id_exact,1,,1.736000657081604,14.03354263305664,1.7266842126846313,-0.15485833987579528,-0.022537016350472453,0.14177505200258086,0.977451181438028,-0.4231142997741699,1.4294466972351074,0.06285331398248672,1.3983090725686287,-0.0004920685151381249,0.5206011961464959,0.28810566387127884,-0.00020827885600738227,depth/001914.png,1.0,-0.00014756813786646894,0.309123307864398,-0.9510219549298624,1.3983090725686287,-0.0004920685151381249,0.5206011961464959,-0.00020827885600738227,0.9986382709213584,-0.00011549773554787036,0.05216886534584465,4.5,0.9,1.7999999991999998,0.0,0.27331578731536865,-0.0003783089046149879,1.7999999991999998,0.0,0.27331578731536865,-0.0003783089046149879,direct,SAFE_PROGRESSING,NONE,DIRECT_LOCAL,PASS_THROUGH,0,6,0,0,0,0,1,1.7999999991999998,5.231925311700012,inf,0.0,0,0,1,CLEAR,none,nan,0.0,0.0,0,0,0,0,0.0,0,0,1,0,2.0,2.0,"1.763,13.944;1.722,14.081;1.676,14.237;1.624,14.413;1.566,14.608;1.506,14.810;1.447,15.011;1.387,15.212;1.327,15.414;1.268,15.615;1.208,15.816;1.148,16.018;1.089,16.219;1.029,16.420;0.969,16.622;0.911,16.820",0.2500000000000004,19.05,2.0,0.2500000000000004,19.05,2.0,0.2500000000000004,19.05,2.0,2.4661857177802076,0.0,0.0,0,0,6,1,,,0,1,PASS_THROUGH,-1,0.998543016140992,2.024824360602266e-05,0.05396150948647576,0.9,0,0.9986382709213584,-0.00011549773554787036,0.05216886534584465,4.5,0.9,0,0,0,BYPASS_VISIBLE,1,0,1,1,1
1787562405905257984,1787562405924919552,joint_v2_000006_1f4b2824,1915,185,0.03333333333333333,6.166666666666667,19.661664962768555,frame_id_exact,1,,1.7214807271957397,14.082590103149414,1.7277579307556152,-0.1589312639419015,-0.023230471884742643,0.14169200460719952,0.9767930048624607,-0.4481796622276306,1.5137913227081299,0.0011609748471528292,1.4969155185427425,-0.0005071311056482597,0.5016714057702035,0.2881631894349974,-0.00022543518571183085,depth/001915.png,1.0,-0.00034414610797345313,0.3170690380034384,-0.9484023970356836,1.4969155185427425,-0.0005071311056482597,0.5016714057702035,-0.00022543518571183085,0.9986221638927675,-0.00017124878075552567,0.05247613225059101,4.5,0.9,1.7333333325999998,0.0,0.27224206924438477,-0.0005758012700696202,1.7333333325999998,0.0,0.27224206924438477,-0.0005758012700696202,direct,SAFE_PROGRESSING,NONE,DIRECT_LOCAL,PASS_THROUGH,0,6,0,0,0,0,1,1.7333333325999998,5.180773746636468,inf,0.0,0,0,1,CLEAR,none,nan,0.0,0.0,0,0,0,0,0.009825370037481398,0,0,1,0,2.0,1.0,"1.721,14.083;1.659,14.294;1.597,14.504;1.534,14.715;1.472,14.926;1.409,15.137;1.347,15.348;1.284,15.559;1.222,15.770;1.159,15.981;1.097,16.192;1.034,16.403;1.003,16.508",0.2500000000000004,19.05,2.0,0.2500000000000004,19.05,2.0,0.2500000000000004,19.05,2.0,2.4661857177802076,0.0,0.0,0,0,6,1,,,0,1,PASS_THROUGH,-1,0.998543016140992,2.024824360602266e-05,0.05396150948647576,0.9,0,0.9986221638927675,-0.00017124878075552567,0.05247613225059101,4.5,0.9,0,0,0,BYPASS_VISIBLE,1,0,1,1,1
1787562405957570560,1787562405974662656,joint_v2_000006_1f4b2824,1916,186,0.03333333333333333,6.2,17.091989517211914,frame_id_exact,1,,1.7061243057250977,14.13444995880127,1.7267717123031616,-0.14826833370799072,-0.02175021431411242,0.14194363640660138,0.9784658570846592,-0.473026305437088,1.5972249507904053,-0.059132084250450134,1.6085038687408182,-0.00042363666047516167,0.437142033243746,0.2881967120413422,-0.0002486819284968078,depth/001916.png,1.0,-0.00047219128034671487,0.29632561346494285,-0.9550868587934922,1.6085038687408182,-0.00042363666047516167,0.437142033243746,-0.0002486819284968078,0.9985828039461796,-0.0002036216264273106,0.0532197538628172,4.5,0.9,1.6666666659999998,0.0,0.2732282876968384,-0.000648424157401184,1.6666666659999998,0.0,0.2732282876968384,-0.000648424157401184,direct,SAFE_PROGRESSING,NONE,DIRECT_LOCAL,PASS_THROUGH,0,6,0,0,0,0,1,1.6666666659999998,5.126688034321208,inf,0.0,0,0,1,CLEAR,none,nan,0.0,0.0,0,0,0,0,0.0,0,0,1,0,2.0,1.0,"1.721,14.083;1.659,14.294;1.597,14.504;1.534,14.715;1.472,14.926;1.409,15.137;1.347,15.348;1.284,15.559;1.222,15.770;1.159,15.981;1.097,16.192;1.034,16.403;1.003,16.508",0.2500000000000004,19.05,2.0,0.2500000000000004,19.05,2.0,0.2500000000000004,19.05,2.0,2.4661857177802076,0.0,0.0,0,0,6,1,,,1,1,PASS_THROUGH,-1,0.9999999792102325,-0.00020391060349666114,0.0,0.9,0,0.9985828039461796,-0.0002036216264273106,0.0532197538628172,4.5,0.9,0,0,0,BYPASS_VISIBLE,1,0,1,1,1
1787562406005091328,1787562406023276032,joint_v2_000006_1f4b2824,1917,187,0.03333333333333333,6.233333333333333,18.184661865234375,frame_id_exact,1,,1.6899691820144653,14.188990592956543,1.723966360092163,-0.11858061921224228,-0.017463480125294556,0.14253582279913712,0.9825055739425236,-0.4956842362880707,1.673163890838623,-0.10609249025583267,1.7201539427597237,-0.00026180448898348893,0.3122598739287499,0.2881992227203131,-0.0002776059845928103,depth/001917.png,1.0,-0.0005119608721765243,0.23799058169235834,-0.9712673272183093,1.7201539427597237,-0.00026180448898348893,0.3122598739287499,-0.0002776059845928103,0.9985210500892098,-0.0002058615217183889,0.054366075357484785,4.5,0.9,1.5999999993999998,0.0,0.2760336399078369,-0.0006419479527980387,1.5999999993999998,0.0,0.2760336399078369,-0.0006419479527980387,direct,SAFE_PROGRESSING,NONE,DIRECT_LOCAL,PASS_THROUGH,0,6,0,0,0,0,1,1.5999999993999998,5.069805094923906,inf,0.0,0,0,1,CLEAR,none,nan,0.0,0.0,0,0,0,0,0.0,0,0,1,0,2.0,1.0,"1.721,14.083;1.659,14.294;1.597,14.504;1.534,14.715;1.472,14.926;1.409,15.137;1.347,15.348;1.284,15.559;1.222,15.770;1.159,15.981;1.097,16.192;1.034,16.403;1.003,16.508",0.2500000000000004,19.05,2.0,0.2500000000000004,19.05,2.0,0.2500000000000004,19.05,2.0,2.4661857177802076,0.0,0.0,0,0,6,1,,,0,1,PASS_THROUGH,-1,0.9985828039461796,-0.0002036216264273106,0.0532197538628172,0.9,0,0.9985210500892098,-0.0002058615217183889,0.054366075357484785,4.5,0.9,0,0,0,BYPASS_VISIBLE,1,0,1,1,1
1787562406051113984,1787562406066639616,joint_v2_000006_1f4b2824,1918,188,0.03333333333333333,6.266666666666667,15.525579452514648,frame_id_exact,1,,1.67313551902771,14.245803833007812,1.7199749946594238,-0.0721168146853204,-0.010696507502363495,0.14319321743529378,0.9870058015267305,-0.5132046341896057,1.731735348701477,-0.12883710861206055,1.8057154790986374,-7.192563978386429e-05,0.13519215369876256,0.2881801569449492,-0.00029750264366157353,depth/001918.png,1.0,-0.0004617524698621901,0.14542276361324707,-0.98936949953379,1.8057154790986374,-7.192563978386429e-05,0.13519215369876256,-0.00029750264366157353,0.9984419486087192,-0.00018756691414006273,0.05580000069065009,4.5,0.9,1.5333333327999998,0.0,0.28002500534057617,0.0482017343335267,1.5333333327999998,0.0,0.28002500534057617,0.0482017343335267,direct,SAFE_PROGRESSING,NONE,DIRECT_LOCAL,PASS_THROUGH,0,6,0,0,0,0,1,1.5333333327999998,5.010550420508779,inf,0.0,0,0,1,CLEAR,none,nan,0.0,0.0,0,0,0,0,0.010763562613801998,0,0,1,0,2.0,1.0,"1.673,14.246;1.609,14.456;1.541,14.666;1.473,14.875;1.403,15.083;1.333,15.292;1.262,15.500;1.191,15.708;1.120,15.917;1.049,16.125;0.978,16.333;0.907,16.541;0.872,16.645",0.2500000000000004,19.05,2.0,0.2500000000000004,19.05,2.0,0.2500000000000004,19.05,2.0,2.4661857177802076,0.0,0.0,0,0,6,1,,,0,1,PASS_THROUGH,-1,0.9985828039461796,-0.0002036216264273106,0.0532197538628172,0.9,0,0.9984419486087192,-0.00018756691414006273,0.05580000069065009,4.5,0.9,0,0,0,BYPASS_VISIBLE,1,0,1,1,1
1787562406099499008,1787562406119245568,joint_v2_000006_1f4b2824,1919,189,0.03333333333333333,6.3,19.74654197692871,frame_id_exact,1,,1.6558492183685303,14.304122924804688,1.715731143951416,-0.016389159559768388,-0.0025586995336106958,0.14357342463697062,0.9895006418611528,-0.5222811102867126,1.7618688344955444,-0.12154854834079742,1.840670980134961,3.476156348238338e-05,-0.06052883125751052,0.2881884808205507,0.0019732231739908457,depth/001919.png,1.0,-0.00035757413183984486,0.03316889031722635,-0.9994496970112423,1.840670980134961,3.476156348238338e-05,-0.06052883125751052,0.0019732231739908457,0.9983548739711021,-0.00019790602453354417,0.05733678096431573,4.5,0.9,1.4666666661999999,0.0,0.284268856048584,0.057880690550924374,1.4666666661999999,0.0,0.284268856048584,0.057880690550924374,direct,SAFE_PROGRESSING,NONE,DIRECT_LOCAL,PASS_THROUGH,0,6,0,0,0,0,1,1.4666666661999999,4.949723349607716,inf,0.0,0,0,1,CLEAR,none,nan,0.0,0.0,0,0,0,0,0.0,0,0,1,0,2.0,1.0,"1.673,14.246;1.609,14.456;1.541,14.666;1.473,14.875;1.403,15.083;1.333,15.292;1.262,15.500;1.191,15.708;1.120,15.917;1.049,16.125;0.978,16.333;0.907,16.541;0.872,16.645",0.2500000000000004,19.05,2.0,0.2500000000000004,19.05,2.0,0.2500000000000004,19.05,2.0,2.4661857177802076,0.0,0.0,0,0,6,1,,,0,1,PASS_THROUGH,-1,0.9985828039461796,-0.0002036216264273106,0.0532197538628172,0.9,0,0.9983548739711021,-0.00019790602453354417,0.05733678096431573,4.5,0.9,0,0,0,BYPASS_VISIBLE,1,0,1,1,1
1787562406146315520,1787562406162164736,joint_v2_000006_1f4b2824,1920,190,0.03333333333333333,6.333333333333333,15.849113464355469,frame_id_exact,1,,1.6384401321411133,14.362845420837402,1.7120771408081055,0.0397148359929096,0.005617893468399438,0.1435599792244254,0.9888284499548528,-0.5203527212142944,1.7549686431884766,-0.09575042128562927,1.81692207098942,-0.00014093292655911218,-0.24216565469885504,0.28833736737881405,0.0072787790559232235,depth/001920.png,1.0,-0.00029265627934931156,-0.08015532876937691,-0.996782342150068,1.81692207098942,-0.00014093292655911218,-0.24216565469885504,0.0072787790559232235,0.9982699336088614,-0.0003492579461287631,0.05879640866113131,4.5,0.9,1.3999999995999999,0.0,0.28792285919189453,0.06353236098469939,1.3999999995999999,0.0,0.28792285919189453,0.06353236098469939,direct,SAFE_PROGRESSING,NONE,DIRECT_LOCAL,PASS_THROUGH,0,6,0,0,0,0,1,1.3999999995999999,4.888474613773191,inf,0.0,0,0,1,CLEAR,none,nan,0.0,0.0,0,0,0,0,0.0,0,0,1,0,2.0,1.0,"1.673,14.246;1.609,14.456;1.541,14.666;1.473,14.875;1.403,15.083;1.333,15.292;1.262,15.500;1.191,15.708;1.120,15.917;1.049,16.125;0.978,16.333;0.907,16.541;0.872,16.645",0.2500000000000004,19.05,2.0,0.2500000000000004,19.05,2.0,0.2500000000000004,19.05,2.0,2.4661857177802076,0.0,0.0,0,0,6,1,,,0,1,PASS_THROUGH,-1,0.9985828039461796,-0.0002036216264273106,0.0532197538628172,0.9,0,0.9982699336088614,-0.0003492579461287631,0.05879640866113131,4.5,0.9,0,0,0,BYPASS_VISIBLE,1,0,1,1,1
1787562406190001920,1787562406208907520,joint_v2_000006_1f4b2824,1921,191,0.03333333333333333,6.366666666666666,18.9056396484375,frame_id_exact,1,,1.6212838888168335,14.420701026916504,1.7094216346740723,0.08907214014443658,0.0127764703998522,0.14327560539743378,0.9855835918643383,-0.5072644352912903,1.7104864120483398,-0.06319721788167953,1.7438994101340526,-0.0006749135878201246,-0.38195451730164365,0.28868954357390275,0.014264306984841824,depth/001921.png,1.0,-0.0003391704304089721,-0.17923719269995747,-0.9838058313084231,1.7438994101340526,-0.0006749135878201246,-0.38195451730164365,0.014264306984841824,0.9981935716675738,-0.000704362781320326,0.060075763454195685,4.5,0.9,1.333333333,0.0,0.29057836532592773,0.047540022153627626,1.333333333,0.0,0.29057836532592773,0.047540022153627626,direct,SAFE_PROGRESSING,NONE,DIRECT_LOCAL,PASS_THROUGH,0,6,0,0,0,0,1,1.333333333,4.828128880417395,inf,0.0,0,0,1,CLEAR,none,nan,0.0,0.0,0,0,0,0,0.04043004189065883,0,0,1,0,2.0,1.0,"1.621,14.421;1.557,14.631;1.489,14.840;1.421,15.049;1.351,15.258;1.281,15.467;1.210,15.675;1.139,15.883;1.068,16.091;0.997,16.300;0.926,16.508;0.855,16.716;0.820,16.820",0.2500000000000004,19.05,2.0,0.2500000000000004,19.05,2.0,0.2500000000000004,19.05,2.0,2.4661857177802076,0.0,0.0,0,0,6,1,,,0,1,PASS_THROUGH,-1,0.9985828039461796,-0.0002036216264273106,0.0532197538628172,0.9,0,0.9981935716675738,-0.000704362781320326,0.060075763454195685,4.5,0.9,0,0,0,BYPASS_VISIBLE,1,0,1,1,1
1787562406244884736,1787562406260398336,joint_v2_000006_1f4b2824,1922,192,0.03333333333333333,6.4,15.51365852355957,frame_id_exact,1,,1.6047279834747314,14.476521492004395,1.7078579664230347,0.12721355342386254,0.018245595340981014,0.14295880250194956,0.9813493724780874,-0.4847153127193451,1.6340962648391724,-0.031099634245038033,1.6402398857093707,-0.0014911624774118341,-0.4645402223260103,0.28924355161400095,0.020947499200701714,depth/001922.png,1.0,-0.0005619874422646831,-0.2548986185681939,-0.9669676201518544,1.6402398857093707,-0.0014911624774118341,-0.4645402223260103,0.020947499200701714,0.9981288700090527,-0.0012614728474808516,0.061132377188414126,4.5,0.9,1.2666666664,0.0,0.29214203357696533,0.05558578457393104,1.2666666664,0.0,0.29214203357696533,0.05558578457393104,direct,SAFE_PROGRESSING,NONE,DIRECT_LOCAL,PASS_THROUGH,0,6,0,0,0,0,1,1.2666666664,4.7699049856687115,inf,0.0,0,0,1,CLEAR,none,nan,0.0,0.0,0,0,0,0,0.0,0,0,1,0,2.0,1.0,"1.621,14.421;1.557,14.631;1.489,14.840;1.421,15.049;1.351,15.258;1.281,15.467;1.210,15.675;1.139,15.883;1.068,16.091;0.997,16.300;0.926,16.508;0.855,16.716;0.820,16.820",0.2500000000000004,19.05,2.0,0.2500000000000004,19.05,2.0,0.2500000000000004,19.05,2.0,2.4661857177802076,0.0,0.0,0,0,6,1,,,1,1,PASS_THROUGH,-1,0.9999992013581512,-0.0012638366426615843,0.0,0.9,0,0.9981288700090527,-0.0012614728474808516,0.061132377188414126,4.5,0.9,0,0,0,BYPASS_VISIBLE,1,0,1,1,1
1787562406293936128,1787562406309765888,joint_v2_000006_1f4b2824,1923,193,0.03333333333333333,6.433333333333334,15.829801559448242,frame_id_exact,1,,1.5890448093414307,14.529386520385742,1.7073100805282593,0.15132450805581524,0.021588710768855265,0.14284285929047086,0.9778705120713719,-0.4554266631603241,1.534860372543335,-0.0023403761442750692,1.525478584608222,-0.002393278966339038,-0.485926585194918,0.2899429821352606,0.02684609778225422,depth/001923.png,1.0,-0.0010093235138306025,-0.3021191347122135,-0.9532696416580084,1.525478584608222,-0.002393278966339038,-0.485926585194918,0.02684609778225422,0.9980766891060714,-0.00196432830116836,0.06196018138601163,4.5,0.9,1.1999999998,0.0,0.2926899194717407,0.05917041260300071,1.1999999998,0.0,0.2926899194717407,0.05917041260300071,direct,SAFE_PROGRESSING,NONE,DIRECT_LOCAL,PASS_THROUGH,0,6,0,0,0,0,1,1.1999999998,4.7147626911112255,inf,0.0,0,0,1,CLEAR,none,nan,0.0,0.0,0,0,0,0,0.0,0,0,1,0,2.0,1.0,"1.621,14.421;1.557,14.631;1.489,14.840;1.421,15.049;1.351,15.258;1.281,15.467;1.210,15.675;1.139,15.883;1.068,16.091;0.997,16.300;0.926,16.508;0.855,16.716;0.820,16.820",0.2500000000000004,19.05,2.0,0.2500000000000004,19.05,2.0,0.2500000000000004,19.05,2.0,2.4661857177802076,0.0,0.0,0,0,6,1,,,0,1,PASS_THROUGH,-1,0.9981288700090527,-0.0012614728474808516,0.061132377188414126,0.9,0,0.9980766891060714,-0.00196432830116836,0.06196018138601163,4.5,0.9,0,0,0,BYPASS_VISIBLE,1,0,1,1,1
1787562406338787072,1787562406356729600,joint_v2_000006_1f4b2824,1924,194,0.03333333333333333,6.466666666666667,17.942428588867188,frame_id_exact,1,,1.5744054317474365,14.578709602355957,1.7076728343963623,0.1598999993507939,0.02256143910452064,0.14310033163311958,0.9764452195385261,-0.42262908816337585,1.423462152481079,0.023904835805296898,1.4150508244307094,-0.0032210161676887376,-0.45061300049551245,0.2907541815959136,0.032381512224674225,depth/001924.png,1.0,-0.0017034671514309305,-0.31872427877654697,-0.9478459433462982,1.4150508244307094,-0.0032210161676887376,-0.45061300049551245,0.032381512224674225,0.9980370962476194,-0.002779906346245556,0.06256378053095844,4.5,0.9,1.2666666664,0.0,0.2923271656036377,-0.00636880284758834,1.2666666664,0.0,0.2923271656036377,-0.00636880284758834,direct,SAFE_PROGRESSING,NONE,DIRECT_LOCAL,PASS_THROUGH,0,6,0,0,0,0,1,1.2666666664,4.663312939070886,inf,0.0,0,0,1,CLEAR,none,nan,0.0,0.0,0,0,0,0,0.1595897484932086,0,0,1,0,2.0,2.0,"1.574,14.579;1.529,14.731;1.479,14.902;1.422,15.092;1.363,15.293;1.303,15.495;1.243,15.696;1.184,15.898;1.124,16.099;1.064,16.300;1.005,16.502;0.945,16.703;0.886,16.904;0.826,17.106;0.766,17.307;0.722,17.455",0.2500000000000004,19.05,2.0,0.2500000000000004,19.05,2.0,0.2500000000000004,19.05,2.0,2.4661857177802076,0.0,0.0,0,0,6,1,,,0,1,PASS_THROUGH,-1,0.9981288700090527,-0.0012614728474808516,0.061132377188414126,0.9,0,0.9980370962476194,-0.002779906346245556,0.06256378053095844,4.5,0.9,0,0,0,BYPASS_VISIBLE,1,0,1,1,1
1787562406386980864,1787562406403926528,joint_v2_000006_1f4b2824,1925,195,0.03333333333333333,6.5,16.945838928222656,frame_id_exact,1,,1.560870885848999,14.624271392822266,1.708906888961792,0.1516224969930784,0.020985061727267728,0.14379539546932418,0.977697872469664,-0.3897360861301422,1.311116337776184,0.05055593326687813,1.3190113115827384,-0.0038534673164743083,-0.3656097388070835,0.2916589084703326,0.03461267426609993,depth/001925.png,1.0,-0.002571133425543791,-0.30251709595738285,-0.9531404911797734,1.3190113115827384,-0.0038534673164743083,-0.3656097388070835,0.03461267426609993,0.9980105074957255,-0.0036908643793515665,0.06293968897490346,4.5,0.9,1.333333333,0.0,0.291093111038208,-0.00874889335433171,1.333333333,0.0,0.291093111038208,-0.00874889335433171,direct,SAFE_PROGRESSING,NONE,DIRECT_LOCAL,PASS_THROUGH,0,6,0,0,0,0,1,1.333333333,4.6157833770399055,inf,0.0,0,0,1,CLEAR,none,nan,0.0,0.0,0,0,0,0,0.0,0,0,1,0,2.0,2.0,"1.574,14.579;1.529,14.731;1.479,14.902;1.422,15.092;1.363,15.293;1.303,15.495;1.243,15.696;1.184,15.898;1.124,16.099;1.064,16.300;1.005,16.502;0.945,16.703;0.886,16.904;0.826,17.106;0.766,17.307;0.722,17.455",0.2500000000000004,19.05,2.0,0.2500000000000004,19.05,2.0,0.2500000000000004,19.05,2.0,2.4661857177802076,0.0,0.0,0,0,6,1,,,0,1,PASS_THROUGH,-1,0.9981288700090527,-0.0012614728474808516,0.061132377188414126,0.9,0,0.9980105074957255,-0.0036908643793515665,0.06293968897490346,4.5,0.9,0,0,0,BYPASS_VISIBLE,1,0,1,1,1
1787562406432651264,1787562406450955008,joint_v2_000006_1f4b2824,1926,196,0.03333333333333333,6.533333333333333,18.303632736206055,frame_id_exact,1,,1.5483813285827637,14.66624641418457,1.7110906839370728,0.12438297278644993,0.016606624758287357,0.14483341643113237,0.9814664424114709,-0.3606385290622711,1.210646152496338,0.08104678988456726,1.243612207858193,-0.004154547763439276,-0.2360174856825868,0.2925879345941092,0.032852765172719955,depth/001926.png,1.0,-0.003431931945087126,-0.24896581599282477,-0.9685061921898854,1.243612207858193,-0.004154547763439276,-0.2360174856825868,0.032852765172719955,0.9979986589884996,-0.0046299002002189275,0.0630653683196445,4.5,0.9,1.3999999995999999,0.0,0.28890931606292725,-0.011335419271685243,1.3999999995999999,0.0,0.28890931606292725,-0.011335419271685243,direct,SAFE_PROGRESSING,NONE,DIRECT_LOCAL,PASS_THROUGH,0,6,0,0,0,0,1,1.3999999995999999,4.571989673606228,inf,0.0,0,0,1,CLEAR,none,nan,0.0,0.0,0,0,0,0,0.0,0,0,1,0,2.0,2.0,"1.574,14.579;1.529,14.731;1.479,14.902;1.422,15.092;1.363,15.293;1.303,15.495;1.243,15.696;1.184,15.898;1.124,16.099;1.064,16.300;1.005,16.502;0.945,16.703;0.886,16.904;0.826,17.106;0.766,17.307;0.722,17.455",0.2500000000000004,19.05,2.0,0.2500000000000004,19.05,2.0,0.2500000000000004,19.05,2.0,2.4661857177802076,0.0,0.0,0,0,6,1,,,0,1,PASS_THROUGH,-1,0.9981288700090527,-0.0012614728474808516,0.061132377188414126,0.9,0,0.9979986589884996,-0.0046299002002189275,0.0630653683196445,4.5,0.9,0,0,0,BYPASS_VISIBLE,1,0,1,1,1
1787562406488110848,1787562406503696128,joint_v2_000006_1f4b2824,1927,197,0.03333333333333333,6.566666666666666,15.58542251586914,frame_id_exact,1,,1.5367411375045776,14.705260276794434,1.7143582105636597,0.08130024415965328,0.009928486876528354,0.1458964722846903,0.9859036032101749,-0.3393675982952118,1.135408639907837,0.11501961946487427,1.1879161709808914,-0.004090573785217058,-0.07994433776118157,0.29349191218915877,0.028937511146068573,depth/001927.png,1.0,-0.0041457756655663425,-0.16320546973855896,-0.9865833908958467,1.1879161709808914,-0.004090573785217058,-0.07994433776118157,0.028937511146068573,0.9980035862209699,-0.0055500817657299925,0.06291294367995365,4.5,0.9,1.4666666661999999,0.0,0.28564178943634033,-0.012017700120427466,1.4666666661999999,0.0,0.28564178943634033,-0.012017700120427466,direct,SAFE_PROGRESSING,NONE,DIRECT_LOCAL,PASS_THROUGH,0,6,0,0,0,0,1,1.4666666661999999,4.531276422526766,1.8564234270811377,0.0,0,0,1,CLEAR,none,nan,0.0,0.0,0,0,0,0,0.31862909851330906,0,0,1,0,2.0,2.0,"1.537,14.705;1.458,14.971;1.356,15.313;1.237,15.714;1.118,16.117;0.999,16.520;0.880,16.923;0.761,17.325;0.685,17.582",0.2500000000000004,19.05,2.0,0.2500000000000004,19.05,2.0,0.2500000000000004,19.05,2.0,2.4661857177802076,0.0,0.0,0,0,6,1,,,0,1,PASS_THROUGH,-1,0.9981288700090527,-0.0012614728474808516,0.061132377188414126,0.9,0,0.9980035862209699,-0.0055500817657299925,0.06291294367995365,4.5,0.9,0,0,0,BYPASS_VISIBLE,1,0,1,1,1
1787562406534496512,1787562406553336576,joint_v2_000006_1f4b2824,1928,198,0.03333333333333333,6.6,18.84007453918457,frame_id_exact,1,,1.525638222694397,14.742326736450195,1.7187687158584595,0.02896002736311714,0.0019822354550795766,0.14663880177484812,0.988764101983767,-0.328707218170166,1.0947296619415283,0.14884108304977417,1.149705696766355,-0.00369040195719506,0.08245197251489346,0.2943315505755617,0.024060986936092377,depth/001928.png,1.0,-0.00457340090446434,-0.05785061616217266,-0.9983147751154563,1.149705696766355,-0.00369040195719506,0.08245197251489346,0.024060986936092377,0.9980258051243571,-0.006414903790576008,0.06247672618852488,4.49258297872179,0.898516595744358,1.3999999995999999,0.0,0.2812312841415405,-0.009285862396583577,1.3999999995999999,0.0,0.2812312841415405,-0.009285862396583577,goal_capture,TERMINAL_SETTLING,NONE,DIRECT_LOCAL,PASS_THROUGH,0,6,0,0,0,0,1,1.3999999995999999,4.49258297872179,1.862600162429955,0.0,0,0,1,CLEAR,none,nan,0.0,0.0,0,0,0,0,0.3682688862507086,0,0,1,1,0.0,0.6,"1.526,14.742;1.448,15.000;1.349,15.334;1.231,15.731;1.112,16.134;0.994,16.537;0.875,16.939;0.756,17.342;0.636,17.745;0.517,18.148;0.408,18.518;0.324,18.800;0.267,18.991;0.250,19.050",0.2500000000000004,19.05,2.0,0.2500000000000004,19.05,2.0,0.2500000000000004,19.05,2.0,2.4661857177802076,0.0,0.0,0,0,6,1,,,1,1,PASS_THROUGH,-1,0.9999793436634373,-0.006427460341433718,0.0,0.898516595744358,0,0.9980258051243571,-0.006414903790576008,0.06247672618852488,4.5,0.9,0,0,0,BYPASS_VISIBLE,1,0,1,1,1
1787562406595795200,1787562406613435392,joint_v2_000006_1f4b2824,1929,199,0.03333333333333333,6.633333333333334,17.640352249145508,frame_id_exact,1,,1.51469886302948,14.778666496276855,1.7241361141204834,-0.023911421336218937,-0.0058740503577833,0.14688739790294636,0.9888467180505671,-0.32945579290390015,1.0916434526443481,0.1704856902360916,1.1305461539534933,-0.0029936755200431243,0.22616000849472154,0.2950442861589075,0.018941128626465797,depth/001929.png,1.0,-0.004592497915439167,0.04901510896890012,-0.9987874789241521,1.1305461539534933,-0.0029936755200431243,0.22616000849472154,0.018941128626465797,0.9980622789234477,-0.007164768703209939,0.06180900807781768,4.454632769844884,0.8909265539689768,1.333333333,0.0,0.2758638858795166,-0.009168011696639722,1.333333333,0.0,0.2758638858795166,-0.009168011696639722,goal_capture,TERMINAL_SETTLING,NONE,DIRECT_LOCAL,PASS_THROUGH,0,6,0,0,0,0,1,1.333333333,4.454632769844884,1.9064889318228915,0.0,0,0,1,CLEAR,none,nan,0.0,0.0,0,0,1,0,0.41130094292493785,0,0,1,1,0.0,0.6,"1.515,14.779;1.437,15.035;1.338,15.369;1.220,15.766;1.102,16.169;0.983,16.572;0.864,16.974;0.745,17.377;0.626,17.780;0.507,18.183;0.399,18.545;0.318,18.820;0.264,19.003;0.250,19.050",0.2500000000000004,19.05,2.0,0.2500000000000004,19.05,2.0,0.2500000000000004,19.05,2.0,2.4661857177802076,0.0,0.0,0,0,6,1,,,0,1,PASS_THROUGH,-1,0.9980258051243571,-0.006414903790576008,0.06247672618852488,0.898516595744358,0,0.9980622789234477,-0.007164768703209939,0.06180900807781768,4.463166364556495,0.8926332729112991,0,0,0,BYPASS_VISIBLE,1,0,1,1,1
1787562406646781440,1787562406663497728,joint_v2_000006_1f4b2824,1930,200,0.03333333333333333,6.666666666666667,16.71624183654785,frame_id_exact,1,,1.5035701990127563,14.815450668334961,1.729907751083374,-0.06499132540136546,-0.011760890059848242,0.14678119993378697,0.9869615435434006,-0.3395112454891205,1.1196917295455933,0.1727886199951172,1.1370719287393347,-0.002052038205899162,0.32541754752687063,0.29554995300786324,0.01411507185548544,depth/001930.png,1.0,-0.004136082958424856,0.13174043278067388,-0.991275618175148,1.1370719287393347,-0.002052038205899162,0.32541754752687063,0.01411507185548544,0.998105130247045,-0.0077212283951358564,0.06104532419931395,4.416202699849467,0.8832405399698933,1.2666666664,0.0,0.270092248916626,-0.008132196460494123,1.2666666664,0.0,0.270092248916626,-0.008132196460494123,goal_capture,TERMINAL_SETTLING,NONE,DIRECT_LOCAL,PASS_THROUGH,0,6,0,0,0,0,1,1.2666666664,4.416202699849467,1.7616112319131214,0.0,0,0,1,CLEAR,none,nan,0.0,0.0,0,0,1,0,0.44322482847238276,0,0,1,1,0.0,0.6,"1.504,14.815;1.424,15.078;1.323,15.417;1.204,15.817;1.086,16.220;0.968,16.623;0.849,17.026;0.730,17.428;0.611,17.831;0.492,18.234;0.388,18.585;0.309,18.849;0.259,19.019;0.250,19.050",0.2500000000000004,19.05,2.0,0.2500000000000004,19.05,2.0,0.2500000000000004,19.05,2.0,2.4661857177802076,0.0,0.0,0,0,6,1,,,0,1,PASS_THROUGH,-1,0.9980258051243571,-0.006414903790576008,0.06247672618852488,0.898516595744358,0,0.998105130247045,-0.0077212283951358564,0.06104532419931395,4.424454328963353,0.8848908657926706,0,0,0,BYPASS_VISIBLE,1,0,1,1,1
1787562406698697216,1787562406715300608,joint_v2_000006_1f4b2824,1931,201,0.03333333333333333,6.7,16.60323143005371,frame_id_exact,1,,1.4920070171356201,14.853511810302734,1.7354563474655151,-0.08397108760446292,-0.014136899062387603,0.14669507458711292,0.9855097968175176,-0.3547660708427429,1.1657499074935913,0.15812338888645172,1.1740453393653512,-0.0009861700141737327,0.3625622519494433,0.2958097931160555,0.009933573193848133,depth/001931.png,1.0,-0.0032278151266113587,0.16965628589201534,-0.9854980090628469,1.1740453393653512,-0.0009861700141737327,0.3625622519494433,0.009933573193848133,0.9981456197637241,-0.008045607660959577,0.060337301430020175,4.37642486018928,0.8752849720378559,1.1999999998,0.0,0.26454365253448486,-0.006739259423347854,1.1999999998,0.0,0.26454365253448486,-0.006739259423347854,goal_capture,TERMINAL_SETTLING,NONE,DIRECT_LOCAL,PASS_THROUGH,0,6,0,0,0,0,1,1.1999999998,4.37642486018928,1.7074952585680165,0.0,0,0,1,CLEAR,none,nan,0.0,0.0,0,0,1,0,0.4618257799114207,0,0,1,1,0.0,0.6,"1.492,14.854;1.410,15.125;1.305,15.473;1.186,15.876;1.068,16.279;0.950,16.682;0.831,17.085;0.712,17.488;0.593,17.891;0.474,18.293;0.374,18.632;0.300,18.881;0.254,19.036;0.250,19.050",0.2500000000000004,19.05,2.0,0.2500000000000004,19.05,2.0,0.2500000000000004,19.05,2.0,2.4661857177802076,0.0,0.0,0,0,6,1,,,0,1,PASS_THROUGH,-1,0.9980258051243571,-0.006414903790576008,0.06247672618852488,0.898516595744358,0,0.9981456197637241,-0.008045607660959577,0.060337301430020175,4.3844130623127935,0.8768826124625587,0,0,0,BYPASS_VISIBLE,1,0,1,1,1
1787562406744121856,1787562406760251648,joint_v2_000006_1f4b2824,1932,202,0.03333333333333333,6.733333333333333,16.12997055053711,frame_id_exact,1,,1.4799132347106934,14.893199920654297,1.7403568029403687,-0.07618110004798065,-0.01237702772042944,0.14688590147691027,0.9861378104137386,-0.37057051062583923,1.2147935628890991,0.13570117950439453,1.2340465635622941,-2.5019327691466937e-05,0.3295296530439966,0.29588434040663736,0.006530290469527245,depth/001932.png,1.0,-0.002031050919208209,0.15388614814109117,-0.9880864983605746,1.2340465635622941,-2.5019327691466937e-05,0.3295296530439966,0.006530290469527245,0.9981774198085532,-0.008197023866763341,0.0597883549202247,4.33493638529621,0.866987277059242,1.1333333332,0.0,0.25964319705963135,-0.005363819684333082,1.1333333332,0.0,0.25964319705963135,-0.005363819684333082,goal_capture,TERMINAL_SETTLING,NONE,DIRECT_LOCAL,PASS_THROUGH,0,6,0,0,0,0,1,1.1333333332,4.33493638529621,1.6540270075218226,0.0,0,0,1,CLEAR,none,nan,0.0,0.0,0,0,1,0,0.47050184255933375,0,0,1,1,0.0,0.6,"1.480,14.893;1.394,15.174;1.287,15.533;1.168,15.935;1.050,16.339;0.932,16.742;0.814,17.145;0.695,17.547;0.575,17.950;0.458,18.347;0.362,18.673;0.292,18.910;0.250,19.049;0.250,19.050",0.2500000000000004,19.05,2.0,0.2500000000000004,19.05,2.0,0.2500000000000004,19.05,2.0,2.4661857177802076,0.0,0.0,0,0,6,1,,,0,1,PASS_THROUGH,-1,0.9980258051243571,-0.006414903790576008,0.06247672618852488,0.898516595744358,0,0.9981774198085532,-0.008197023866763341,0.0597883549202247,4.3427051539730765,0.8685410307946153,0,0,0,BYPASS_VISIBLE,1,0,1,1,1
1787562406790355456,1787562406807304704,joint_v2_000006_1f4b2824,1933,203,0.03333333333333333,6.766666666666667,16.949176788330078,frame_id_exact,1,,1.4673449993133545,14.934372901916504,1.7445472478866577,-0.04410263601277966,-0.006964155545353625,0.14724610206539201,0.9880916169368166,-0.3825494945049286,1.2525652647018433,0.11726223677396774,1.293998716940815,0.0005856602495994691,0.2336263422955684,0.29589873154956087,0.0038955360651016235,depth/001933.png,1.0,-0.0007745649394347472,0.08920577937454746,-0.9960129160685288,1.293998716940815,0.0005856602495994691,0.2336263422955684,0.0038955360651016235,0.9981988972600931,-0.008297654110351325,0.05941473255850608,4.291889474093248,0.8583778948186496,1.0666666666,0.0,0.2554527521133423,-0.004251147476997397,1.0666666666,0.0,0.2554527521133423,-0.004251147476997397,goal_capture,TERMINAL_SETTLING,NONE,DIRECT_LOCAL,PASS_THROUGH,0,6,0,0,0,0,1,1.0666666666,4.291889474093248,inf,0.0,0,0,1,CLEAR,none,nan,0.0,0.0,0,0,1,0,0.47626741690521784,0,0,1,1,0.0,0.6,"1.467,14.934;1.371,15.250;1.276,15.566;1.182,15.883;1.090,16.199;0.997,16.516;0.905,16.833;0.812,17.149;0.719,17.466;0.625,17.782;0.531,18.099;0.438,18.415;0.344,18.732;0.261,19.013;0.250,19.050",0.2500000000000004,19.05,2.0,0.2500000000000004,19.05,2.0,0.2500000000000004,19.05,2.0,2.4661857177802076,0.0,0.0,0,0,6,1,,,0,1,PASS_THROUGH,-1,0.9980258051243571,-0.006414903790576008,0.06247672618852488,0.898516595744358,0,0.9981988972600931,-0.008297654110351325,0.05941473255850608,4.299485011765327,0.8598970023530654,0,0,0,BYPASS_VISIBLE,1,0,1,1,1
1787562406835812352,1787562406852433408,joint_v2_000006_1f4b2824,1934,204,0.03333333333333333,6.8,16.621112823486328,frame_id_exact,1,,1.4544950723648071,14.976439476013184,1.7483292818069458,0.0042177762666313024,0.000787321710262825,0.14743159091638441,0.9890629486982885,-0.386896550655365,1.2665550708770752,0.11220171302556992,1.3252435805084826,0.0007277368927586091,0.10084064458043034,0.2959460514500587,0.0019307817565277219,depth/001934.png,1.0,0.0003137545344158159,-0.008575444647062143,-0.9999631809757784,1.3252435805084826,0.0007277368927586091,0.10084064458043034,0.0019307817565277219,0.9982139196456707,-0.008436787109049633,0.059142127531084165,4.247905804268129,0.8495811608536258,1.0,0.0,0.2516707181930542,-0.004817603692454098,1.0,0.0,0.2516707181930542,-0.004817603692454098,goal_capture,TERMINAL_SETTLING,NONE,DIRECT_LOCAL,PASS_THROUGH,0,6,0,0,0,0,1,1.0,4.247905804268129,inf,0.0,0,0,1,CLEAR,none,nan,0.0,0.0,0,0,0,0,0.0,0,0,1,1,0.0,0.6,"1.467,14.934;1.371,15.250;1.276,15.566;1.182,15.883;1.090,16.199;0.997,16.516;0.905,16.833;0.812,17.149;0.719,17.466;0.625,17.782;0.531,18.099;0.438,18.415;0.344,18.732;0.261,19.013;0.250,19.050",0.2500000000000004,19.05,2.0,0.2500000000000004,19.05,2.0,0.2500000000000004,19.05,2.0,2.4661857177802076,0.0,0.0,0,0,6,1,,,1,1,PASS_THROUGH,-1,0.9999642847515963,-0.008451580989871386,0.0,0.8495811608536258,0,0.9982139196456707,-0.008436787109049633,0.059142127531084165,4.255354494320145,0.8510708988640291,0,0,0,BYPASS_VISIBLE,1,0,1,1,1
1787562406884820480,1787562406901944576,joint_v2_000006_1f4b2824,1935,205,0.03333333333333333,6.833333333333333,17.124176025390625,frame_id_exact,1,,1.4416686296463013,15.018438339233398,1.752218246459961,0.05825261461498132,0.00922195058587584,0.14718680235867157,0.987348790311377,-0.3807920217514038,1.2473433017730713,0.12321296334266663,1.3096088257911749,0.0004794858621461045,-0.031205835135719784,0.29602873573282845,0.00046603221562691033,depth/001935.png,1.0,0.0010625313621293736,-0.11774599598164277,-0.9930431770358202,1.3096088257911749,0.0004794858621461045,-0.031205835135719784,0.00046603221562691033,0.9982304220221908,-0.008612371868403006,0.0588375016481751,4.203993761585078,0.8407987523170156,0.9333333334,0.0,0.24778175354003906,-0.007308466583169637,0.9333333334,0.0,0.24778175354003906,-0.007308466583169637,goal_capture,TERMINAL_SETTLING,NONE,DIRECT_LOCAL,PASS_THROUGH,0,6,0,0,0,0,1,0.9333333334,4.203993761585078,inf,0.0,0,0,1,CLEAR,none,nan,0.0,0.0,0,0,0,0,0.0,0,0,1,1,0.0,0.6,"1.467,14.934;1.371,15.250;1.276,15.566;1.182,15.883;1.090,16.199;0.997,16.516;0.905,16.833;0.812,17.149;0.719,17.466;0.625,17.782;0.531,18.099;0.438,18.415;0.344,18.732;0.261,19.013;0.250,19.050",0.2500000000000004,19.05,2.0,0.2500000000000004,19.05,2.0,0.2500000000000004,19.05,2.0,2.4661857177802076,0.0,0.0,0,0,6,1,,,0,1,PASS_THROUGH,-1,0.9982139196456707,-0.008436787109049633,0.059142127531084165,0.8495811608536258,0,0.9982304220221908,-0.008612371868403006,0.0588375016481751,4.211289510925797,0.8422579021851593,0,0,0,BYPASS_VISIBLE,1,0,1,1,1
1787562406931396864,1787562406949090816,joint_v2_000006_1f4b2824,1936,206,0.03333333333333333,6.866666666666666,17.693758010864258,frame_id_exact,1,,1.4292361736297607,15.059185981750488,1.756651759147644,0.1084640020574748,0.016877272710132882,0.14653161143489005,0.9830967423269382,-0.3633425533771515,1.1916254758834839,0.14313705265522003,1.247001601036727,5.1178214270367186e-05,-0.13215258644695704,0.29607781585145376,-0.00072666653431952,depth/001936.png,1.0,0.0013971736330719159,-0.21820732209857532,-0.9759014358470878,1.247001601036727,5.1178214270367186e-05,-0.13215258644695704,-0.00072666653431952,0.9982562036073611,-0.008750873067128637,0.05837785693207434,4.161393334143479,0.8322786668286957,0.8666666668,0.0,0.24334824085235596,-0.006377685335931527,0.8666666668,0.0,0.24334824085235596,-0.006377685335931527,goal_capture,TERMINAL_SETTLING,NONE,DIRECT_LOCAL,PASS_THROUGH,0,6,0,0,0,0,1,0.8666666668,4.161393334143479,1.6117168570436624,0.0,0,0,1,CLEAR,none,nan,0.0,0.0,0,0,0,0,0.5022510748576006,0,0,1,1,0.0,0.6,"1.429,15.059;1.345,15.336;1.239,15.689;1.120,16.092;1.003,16.495;0.885,16.899;0.767,17.302;0.648,17.704;0.529,18.107;0.417,18.485;0.331,18.777;0.272,18.977;0.250,19.050",0.2500000000000004,19.05,2.0,0.2500000000000004,19.05,2.0,0.2500000000000004,19.05,2.0,2.4661857177802076,0.0,0.0,0,0,6,1,,,0,1,PASS_THROUGH,-1,0.9982139196456707,-0.008436787109049633,0.059142127531084165,0.8495811608536258,0,0.9982562036073611,-0.008750873067128637,0.05837785693207434,4.168502470645749,0.8337004941291498,0,0,0,BYPASS_VISIBLE,1,0,1,1,1
1787562406981040384,1787562407006259456,joint_v2_000006_1f4b2824,1937,207,0.03333333333333333,6.9,25.218963623046875,frame_id_exact,1,,1.4175552129745483,15.097524642944336,1.7617512941360474,0.14724131947752095,0.022623158189915615,0.14572484662883345,0.9780452216677078,-0.3361646831035614,1.1041827201843262,0.16174200177192688,1.1506445386310828,-0.0003447432658723159,-0.18548227874249537,0.29601762885099214,-0.001661309041082859,depth/001937.png,1.0,0.0013395061367816596,-0.2946108504090461,-0.9556163731040653,1.1506445386310828,-0.0003447432658723159,-0.18548227874249537,-0.001661309041082859,0.9982946950008977,-0.008772980468595936,0.05771253543869238,4.121316127583074,0.8242632255166148,0.8000000002000001,0.0,0.23824870586395264,-0.007633602060532763,0.8000000002000001,0.0,0.23824870586395264,-0.007633602060532763,goal_capture,TERMINAL_SETTLING,NONE,DIRECT_LOCAL,PASS_THROUGH,0,6,0,0,0,0,1,0.8000000002000001,4.121316127583074,inf,0.0,0,0,1,CLEAR,none,nan,0.0,0.0,0,0,1,0,0.5035004372798496,0,0,1,1,0.0,0.6,"1.418,15.098;1.322,15.413;1.227,15.729;1.134,16.046;1.041,16.363;0.949,16.679;0.856,16.996;0.763,17.313;0.670,17.629;0.576,17.946;0.483,18.262;0.389,18.579;0.296,18.895;0.250,19.050",0.2500000000000004,19.05,2.0,0.2500000000000004,19.05,2.0,0.2500000000000004,19.05,2.0,2.4661857177802076,0.0,0.0,0,0,6,1,,,0,1,PASS_THROUGH,-1,0.9982139196456707,-0.008436787109049633,0.059142127531084165,0.8495811608536258,0,0.9982946950008977,-0.008772980468595936,0.05771253543869238,4.128196830254366,0.8256393660508732,0,0,0,BYPASS_VISIBLE,1,0,1,1,1
1787562407039764480,1787562407056256768,joint_v2_000006_1f4b2824,1938,208,0.03333333333333333,6.933333333333334,16.492366790771484,frame_id_exact,1,,1.406896948814392,15.132562637329102,1.7673723697662354,0.16930265480715118,0.025713744033087137,0.14511334261986644,0.9744832129065851,-0.3026459813117981,0.9956340193748474,0.1741618812084198,1.0383523052423795,-0.0005849229638424263,-0.18718493387480162,0.2958238185105758,-0.002369218273088336,depth/001938.png,1.0,0.0009790754954743588,-0.3374280047160002,-0.941350828886103,1.0383523052423795,-0.0005849229638424263,-0.18718493387480162,-0.002369218273088336,0.9983447319818002,-0.008652138065802659,0.05685891865906187,4.084694118367492,0.8169388236734983,0.7333333336000001,0.0,0.23262763023376465,-0.0075283375744217285,0.7333333336000001,0.0,0.23262763023376465,-0.0075283375744217285,goal_capture,TERMINAL_SETTLING,NONE,DIRECT_LOCAL,PASS_THROUGH,0,6,0,0,0,0,1,0.7333333336000001,4.084694118367492,inf,0.0,0,0,1,CLEAR,none,nan,0.0,0.0,0,0,0,0,0.0,0,0,1,1,0.0,0.6,"1.418,15.098;1.322,15.413;1.227,15.729;1.134,16.046;1.041,16.363;0.949,16.679;0.856,16.996;0.763,17.313;0.670,17.629;0.576,17.946;0.483,18.262;0.389,18.579;0.296,18.895;0.250,19.050",0.2500000000000004,19.05,2.0,0.2500000000000004,19.05,2.0,0.2500000000000004,19.05,2.0,2.4661857177802076,0.0,0.0,0,0,6,1,,,0,1,PASS_THROUGH,-1,0.9982139196456707,-0.008436787109049633,0.059142127531084165,0.8495811608536258,0,0.9983447319818002,-0.008652138065802659,0.05685891865906187,4.091312950016676,0.8182625900033352,0,0,0,BYPASS_VISIBLE,1,0,1,1,1
1787562407086691840,1787562407104412928,joint_v2_000006_1f4b2824,1939,209,0.03333333333333333,6.966666666666667,17.721176147460938,frame_id_exact,1,,1.3974049091339111,15.163810729980469,1.7733073234558105,0.1724190681626806,0.025886939330855056,0.14493643959847347,0.9739583973571518,-0.2668653428554535,0.8790253400802612,0.1810447722673416,0.9249549534878099,-0.00064038201242851,-0.14538842187448403,0.2955342265726158,-0.0029512308537960052,depth/001939.png,1.0,0.0004459921695519481,-0.3433619202405075,-0.939203062611987,0.9249549534878099,-0.00064038201242851,-0.14538842187448403,-0.0029512308537960052,0.998403168750381,-0.008425849720405902,0.055858013621030246,4.052037150362709,0.8104074300725419,0.6666666670000001,0.0,0.22669267654418945,-0.009980446776139962,0.6666666670000001,0.0,0.22669267654418945,-0.009980446776139962,goal_capture,TERMINAL_SETTLING,NONE,DIRECT_LOCAL,PASS_THROUGH,0,6,0,0,0,0,1,0.6666666670000001,4.052037150362709,inf,0.0,0,0,1,CLEAR,none,nan,0.0,0.0,0,0,0,0,0.4835262769360043,0,0,1,1,0.0,0.6,"1.397,15.164;1.304,15.472;1.210,15.788;1.117,16.105;1.024,16.421;0.931,16.738;0.839,17.055;0.745,17.371;0.652,17.688;0.559,18.004;0.465,18.321;0.372,18.637;0.281,18.946;0.250,19.050",0.2500000000000004,19.05,2.0,0.2500000000000004,19.05,2.0,0.2500000000000004,19.05,2.0,2.4661857177802076,0.0,0.0,0,0,6,1,,,0,1,PASS_THROUGH,-1,0.9982139196456707,-0.008436787109049633,0.059142127531084165,0.8495811608536258,0,0.998403168750381,-0.008425849720405902,0.055858013621030246,4.058373397990667,0.8116746795981333,0,0,0,BYPASS_VISIBLE,1,0,1,1,1
1787562407135051008,1787562407151898880,joint_v2_000006_1f4b2824,1940,210,0.03333333333333333,7.0,16.847848892211914,frame_id_exact,1,,1.3890851736068726,15.191222190856934,1.7793974876403809,0.15788313248743646,0.02341599855711754,0.14519844145116806,0.9764435570414091,-0.23290282487869263,0.7676196694374084,0.18400360643863678,0.8192874293794413,-0.0005340995563863588,-0.07815902202936445,0.29521980165555417,-0.003607404651120305,depth/001940.png,1.0,-0.00011996769163140353,-0.31512786795677755,-0.9490492149750553,0.8192874293794413,-0.0005340995563863588,-0.07815902202936445,-0.003607404651120305,0.9984668220608146,-0.008166322725380318,0.054747752619830725,4.0233917548588245,0.8046783509717649,0.6000000004000001,0.0,0.22060251235961914,-0.00958728506970985,0.6000000004000001,0.0,0.22060251235961914,-0.00958728506970985,goal_capture,TERMINAL_SETTLING,NONE,DIRECT_LOCAL,PASS_THROUGH,0,6,0,0,0,0,1,0.6000000004000001,4.0233917548588245,inf,0.0,0,0,1,CLEAR,none,nan,0.0,0.0,0,0,0,0,0.0,0,0,1,1,0.0,0.6,"1.397,15.164;1.304,15.472;1.210,15.788;1.117,16.105;1.024,16.421;0.931,16.738;0.839,17.055;0.745,17.371;0.652,17.688;0.559,18.004;0.465,18.321;0.372,18.637;0.281,18.946;0.250,19.050",0.2500000000000004,19.05,2.0,0.2500000000000004,19.05,2.0,0.2500000000000004,19.05,2.0,2.4661857177802076,0.0,0.0,0,0,6,1,,,1,1,PASS_THROUGH,-1,0.9999665547830596,-0.008178588832917487,0.0,0.8046783509717649,0,0.9984668220608146,-0.008166322725380318,0.054747752619830725,4.02943503254803,0.8058870065096061,0,0,0,BYPASS_VISIBLE,1,0,1,1,1
1787562407191200000,1787562407209055488,joint_v2_000006_1f4b2824,1941,211,0.03333333333333333,7.033333333333333,17.855405807495117,frame_id_exact,1,,1.3818227052688599,15.215158462524414,1.7855608463287354,0.1301369453341204,0.019035744030303427,0.1456967479311872,0.980548047548203,-0.2038339525461197,0.6715905666351318,0.18600696325302124,0.7260639400375387,-0.00029515911027311326,-0.003439133720414489,0.29493732419989527,-0.004413866437971592,depth/001941.png,1.0,-0.0005901361566772872,-0.2607579473218494,-0.9654040318166338,0.7260639400375387,-0.00029515911027311326,-0.003439133720414489,-0.004413866437971592,0.9985334216310462,-0.007931888168952055,0.05355456129846179,3.9983787031383407,0.7996757406276681,0.6,0.0,0.21443915367126465,-0.010686965854877495,0.6,0.0,0.21443915367126465,-0.010686965854877495,goal_capture,TERMINAL_SETTLING,NONE,DIRECT_LOCAL,PASS_THROUGH,0,6,0,0,0,0,1,0.6,3.9983787031383407,inf,0.0,0,0,1,CLEAR,none,nan,0.0,0.0,0,0,0,0,0.0,0,0,1,1,0.0,0.6,"1.397,15.164;1.304,15.472;1.210,15.788;1.117,16.105;1.024,16.421;0.931,16.738;0.839,17.055;0.745,17.371;0.652,17.688;0.559,18.004;0.465,18.321;0.372,18.637;0.281,18.946;0.250,19.050",0.2500000000000004,19.05,2.0,0.2500000000000004,19.05,2.0,0.2500000000000004,19.05,2.0,2.4661857177802076,0.0,0.0,0,0,6,1,,,0,1,PASS_THROUGH,-1,0.9984668220608146,-0.008166322725380318,0.054747752619830725,0.8046783509717649,0,0.9985334216310462,-0.007931888168952055,0.05355456129846179,4.004124923667778,0.8008249847335556,0,0,0,BYPASS_VISIBLE,1,0,1,1,1
1787562407237990656,1787562407254521088,joint_v2_000006_1f4b2824,1942,212,0.03333333333333333,7.066666666666666,16.530513763427734,frame_id_exact,1,,1.3754217624664307,15.236236572265625,1.791821002960205,0.09455892455200314,0.013601050524405177,0.14618944179679993,0.9846330627799075,-0.18141447007656097,0.5969268679618835,0.1900351643562317,0.6486403964038311,4.696161138337954e-05,0.06791092171021786,0.29470567340084985,-0.00535023445263505,depth/001942.png,1.0,-0.000862944724587443,-0.19018834695765183,-0.9817472424244023,0.6486403964038311,4.696161138337954e-05,0.06791092171021786,-0.00535023445263505,0.9986022958017717,-0.007744429945388135,0.05228267996432159,3.976350792643589,0.7952701585287179,0.6,0.0,0.20817899703979492,-0.01129662715687374,0.6,0.0,0.20817899703979492,-0.01129662715687374,goal_capture,TERMINAL_SETTLING,NONE,DIRECT_LOCAL,PASS_THROUGH,0,6,0,0,0,0,1,0.6,3.976350792643589,inf,0.0,0,0,1,CLEAR,none,nan,0.0,0.0,0,0,0,0,0.4443353044548457,0,0,1,1,0.0,0.6,"1.375,15.236;1.296,15.499;1.202,15.816;1.109,16.132;1.016,16.449;0.923,16.766;0.830,17.082;0.737,17.399;0.644,17.715;0.550,18.032;0.457,18.348;0.364,18.665;0.274,18.967;0.250,19.050",0.2500000000000004,19.05,2.0,0.2500000000000004,19.05,2.0,0.2500000000000004,19.05,2.0,2.4661857177802076,0.0,0.0,0,0,6,1,,,0,1,PASS_THROUGH,-1,0.9984668220608146,-0.008166322725380318,0.054747752619830725,0.8046783509717649,0,0.9986022958017717,-0.007744429945388135,0.05228267996432159,3.981796594624818,0.7963593189249636,0,0,0,BYPASS_VISIBLE,1,0,1,1,1
1787562407286754560,1787562407302505984,joint_v2_000006_1f4b2824,1943,213,0.03333333333333333,7.1,15.751361846923828,frame_id_exact,1,,1.3696415424346924,15.25523567199707,1.7982369661331177,0.05443262814099582,0.007627389582961555,0.1465221648270507,0.9876791822936275,-0.16672196984291077,0.5474864840507507,0.1950252503156662,0.5902568111203175,0.00045578422686341655,0.13103130501545804,0.29450297026212363,-0.006386789958924055,depth/001943.png,1.0,-0.0008843452122202951,-0.10975911057213335,-0.9939578238436276,0.5902568111203175,0.00045578422686341655,0.13103130501545804,-0.006386789958924055,0.9986734629347758,-0.007584585963410086,0.050929249804279306,3.956492574064694,0.7912985148129388,0.6,0.0,0.20176303386688232,-0.01123076164587511,0.6,0.0,0.20176303386688232,-0.01123076164587511,goal_capture,TERMINAL_SETTLING,NONE,DIRECT_LOCAL,PASS_THROUGH,0,6,0,0,0,0,1,0.6,3.956492574064694,inf,0.0,0,0,1,CLEAR,none,nan,0.0,0.0,0,0,0,0,0.0,0,0,1,1,0.0,0.6,"1.375,15.236;1.296,15.499;1.202,15.816;1.109,16.132;1.016,16.449;0.923,16.766;0.830,17.082;0.737,17.399;0.644,17.715;0.550,18.032;0.457,18.348;0.364,18.665;0.274,18.967;0.250,19.050",0.2500000000000004,19.05,2.0,0.2500000000000004,19.05,2.0,0.2500000000000004,19.05,2.0,2.4661857177802076,0.0,0.0,0,0,6,1,,,0,1,PASS_THROUGH,-1,0.9984668220608146,-0.008166322725380318,0.054747752619830725,0.8046783509717649,0,0.9986734629347758,-0.007584585963410086,0.050929249804279306,3.961633729973562,0.7923267459947124,0,0,0,BYPASS_VISIBLE,1,0,1,1,1
1787562407330681600,1787562407348368128,joint_v2_000006_1f4b2824,1944,214,0.03333333333333333,7.133333333333334,17.68660545349121,frame_id_exact,1,,1.3642168045043945,15.273032188415527,1.8048012256622314,0.014157142574499133,0.0017672011321384932,0.14660250694542207,0.9890925928706581,-0.1600675731897354,0.5246341228485107,0.19844412803649902,0.553945674764975,0.0008823641761688539,0.1827185640231477,0.29428640476551343,-0.007411735597997904,depth/001944.png,1.0,-0.0006550940853890293,-0.028523601945798446,-0.9995929046285678,0.553945674764975,0.0008823641761688539,0.1827185640231477,-0.007411735597997904,0.9987462000315938,-0.007411135370966351,0.049508615361015355,3.9378883855672173,0.7875776771134435,0.6,0.0,0.19519877433776855,-0.012070420941063809,0.6,0.0,0.19519877433776855,-0.012070420941063809,goal_capture,TERMINAL_SETTLING,NONE,DIRECT_LOCAL,PASS_THROUGH,0,6,0,0,0,0,1,0.6,3.9378883855672178,inf,0.0,0,0,1,CLEAR,none,nan,0.0,0.0,0,0,0,0,0.0,0,0,1,1,0.0,0.6,"1.375,15.236;1.296,15.499;1.202,15.816;1.109,16.132;1.016,16.449;0.923,16.766;0.830,17.082;0.737,17.399;0.644,17.715;0.550,18.032;0.457,18.348;0.364,18.665;0.274,18.967;0.250,19.050",0.2500000000000004,19.05,2.0,0.2500000000000004,19.05,2.0,0.2500000000000004,19.05,2.0,2.4661857177802076,0.0,0.0,0,0,6,1,,,0,1,PASS_THROUGH,-1,0.9984668220608146,-0.008166322725380318,0.054747752619830725,0.8046783509717649,0,0.9987462000315938,-0.007411135370966351,0.049508615361015355,3.942723360659248,0.7885446721318496,0,0,0,BYPASS_VISIBLE,1,0,1,1,1
1787562407375703808,1787562407391890432,joint_v2_000006_1f4b2824,1945,215,0.03333333333333333,7.166666666666667,16.18671417236328,frame_id_exact,1,,1.3588883876800537,15.290487289428711,1.811413049697876,-0.02096123731114071,-0.0032184624621478287,0.14644521004189898,0.9889914400466518,-0.1607387214899063,0.5263224840164185,0.1974092423915863,0.5414527518536573,0.0012673603584413178,0.22056748186635877,0.29401896261493027,-0.00834382139146328,depth/001945.png,1.0,-0.00022671804881516534,0.042403625369571735,-0.9991005360595315,0.5414527518536573,0.0012673603584413178,0.22056748186635877,-0.00834382139146328,0.9988186924109739,-0.007188311524789593,0.04805775554325022,3.9196389217986334,0.7839277843597267,0.6,0.0,0.18858695030212402,-0.010020797654214375,0.6,0.0,0.18858695030212402,-0.010020797654214375,goal_capture,TERMINAL_SETTLING,NONE,DIRECT_LOCAL,PASS_THROUGH,0,6,0,0,0,0,1,0.6,3.9196389217986334,inf,0.0,0,0,1,CLEAR,none,nan,0.0,0.0,0,0,0,0,0.41233990203162924,0,0,1,1,0.0,0.6,"1.359,15.290;1.285,15.535;1.192,15.851;1.098,16.168;1.006,16.484;0.913,16.801;0.820,17.118;0.727,17.434;0.633,17.751;0.540,18.067;0.447,18.384;0.353,18.700;0.267,18.994;0.250,19.050",0.2500000000000004,19.05,2.0,0.2500000000000004,19.05,2.0,0.2500000000000004,19.05,2.0,2.4661857177802076,0.0,0.0,0,0,6,1,,,0,1,PASS_THROUGH,-1,0.9984668220608146,-0.008166322725380318,0.054747752619830725,0.8046783509717649,0,0.9988186924109739,-0.007188311524789593,0.04805775554325022,3.924173074050507,0.7848346148101014,0,0,0,BYPASS_VISIBLE,1,0,1,1,1
1787562407420477440,1787562407437186048,joint_v2_000006_1f4b2824,1946,216,0.03333333333333333,7.2,16.7086124420166,frame_id_exact,1,,1.3534382581710815,15.308333396911621,1.8178892135620117,-0.04586084405127965,-0.006626555447620787,0.14616785873265933,0.9881739871193297,-0.16701355576515198,0.5470764636993408,0.19017522037029266,0.5519384095603663,0.0015502430176162546,0.24231052016894505,0.2936901818827135,-0.00901873130351305,depth/001946.png,1.0,0.00031038331421043286,0.09257416507872555,-0.9957057434916077,0.5519384095603663,0.0015502430176162546,0.24231052016894505,-0.00901873130351305,0.9988882369177489,-0.006906144107328203,0.04663255644847198,3.9009799997260384,0.7801959999452077,0.6,0.0,0.18211078643798828,-0.009711544782524673,0.6,0.0,0.18211078643798828,-0.009711544782524673,goal_capture,TERMINAL_SETTLING,NONE,DIRECT_LOCAL,PASS_THROUGH,0,6,0,0,0,0,1,0.6,3.900979999726039,inf,0.0,0,0,1,CLEAR,none,nan,0.0,0.0,0,0,0,0,0.0,0,0,1,1,0.0,0.6,"1.359,15.290;1.285,15.535;1.192,15.851;1.098,16.168;1.006,16.484;0.913,16.801;0.820,17.118;0.727,17.434;0.633,17.751;0.540,18.067;0.447,18.384;0.353,18.700;0.267,18.994;0.250,19.050",0.2500000000000004,19.05,2.0,0.2500000000000004,19.05,2.0,0.2500000000000004,19.05,2.0,2.4661857177802076,0.0,0.0,0,0,6,1,,,1,1,PASS_THROUGH,-1,0.999976100329697,-0.006913665410727643,0.0,0.7801959999452077,0,0.9988882369177489,-0.006906144107328203,0.04663255644847198,3.9052284564157866,0.7810456912831574,0,0,0,BYPASS_VISIBLE,1,0,1,1,1
1787562407467576064,1787562407484487936,joint_v2_000006_1f4b2824,1947,217,0.03333333333333333,7.233333333333333,16.911983489990234,frame_id_exact,1,,1.3477187156677246,15.327082633972168,1.8240270614624023,-0.05698602347302097,-0.00799031425439321,0.14591866732941927,0.9876216332845564,-0.1764763593673706,0.5789967179298401,0.17746581137180328,0.5808945076658381,0.0016805992843208944,0.24583320675744688,0.29332379040372186,-0.009379579685628414,depth/001947.png,1.0,0.0008478347744110618,0.11489313116872273,-0.9933774960136967,0.5808945076658381,0.0016805992843208944,0.24583320675744688,-0.009379579685628414,0.9989521059867483,-0.006587538105101384,0.04529121643712048,3.8813786330373405,0.7762757266074681,0.6,0.0,0.17597293853759766,-0.010212733106095273,0.6,0.0,0.17597293853759766,-0.010212733106095273,goal_capture,TERMINAL_SETTLING,NONE,DIRECT_LOCAL,PASS_THROUGH,0,6,0,0,0,0,1,0.6,3.8813786330373405,inf,0.0,0,0,1,CLEAR,none,nan,0.0,0.0,0,0,0,0,0.0,0,0,1,1,0.0,0.6,"1.359,15.290;1.285,15.535;1.192,15.851;1.098,16.168;1.006,16.484;0.913,16.801;0.820,17.118;0.727,17.434;0.633,17.751;0.540,18.067;0.447,18.384;0.353,18.700;0.267,18.994;0.250,19.050",0.2500000000000004,19.05,2.0,0.2500000000000004,19.05,2.0,0.2500000000000004,19.05,2.0,2.4661857177802076,0.0,0.0,0,0,6,1,,,0,1,PASS_THROUGH,-1,0.9988882369177489,-0.006906144107328203,0.04663255644847198,0.7801959999452077,0,0.9989521059867483,-0.006587538105101384,0.04529121643712048,3.8853656929684717,0.7770731385936943,0,0,0,BYPASS_VISIBLE,1,0,1,1,1
1787562407511553536,1787562407529699072,joint_v2_000006_1f4b2824,1948,218,0.03333333333333333,7.266666666666667,18.14556121826172,frame_id_exact,1,,1.3416675329208374,15.346960067749023,1.829690933227539,-0.05334553803406578,-0.007223599698086336,0.14577731048907586,0.9878517342829487,-0.1864856481552124,0.6133013963699341,0.16235186159610748,0.6198577552657997,0.0016369277855362641,0.2303200174217849,0.2929561338453099,-0.009554969146847725,depth/001948.png,1.0,0.0012814471433568835,0.10750103839849122,-0.9942041463585157,0.6198577552657997,0.0016369277855362641,0.2303200174217849,-0.009554969146847725,0.9990087047891698,-0.006267822931097381,0.04407178407064916,3.860601344645519,0.7721202689291038,0.6,0.0,0.17030906677246094,-0.007580561419865406,0.6,0.0,0.17030906677246094,-0.007580561419865406,goal_capture,TERMINAL_SETTLING,NONE,DIRECT_LOCAL,PASS_THROUGH,0,6,0,0,0,0,1,0.6,3.860601344645519,inf,0.0,0,0,1,CLEAR,none,nan,0.0,0.0,0,0,0,0,0.35947143102285245,0,0,1,1,0.0,0.6,"1.342,15.347;1.261,15.613;1.168,15.930;1.075,16.246;0.982,16.563;0.889,16.880;0.796,17.196;0.703,17.513;0.610,17.830;0.517,18.146;0.423,18.463;0.330,18.779;0.254,19.038;0.250,19.050",0.2500000000000004,19.05,2.0,0.2500000000000004,19.05,2.0,0.2500000000000004,19.05,2.0,2.4661857177802076,0.0,0.0,0,0,6,1,,,0,1,PASS_THROUGH,-1,0.9988882369177489,-0.006906144107328203,0.04663255644847198,0.7801959999452077,0,0.9990087047891698,-0.006267822931097381,0.04407178407064916,3.8643560809666204,0.7728712161933241,0,0,0,BYPASS_VISIBLE,1,0,1,1,1
1787562407563963392,1787562407579932160,joint_v2_000006_1f4b2824,1949,219,0.03333333333333333,7.3,15.968799591064453,frame_id_exact,1,,1.3353078365325928,15.367905616760254,1.8348673582077026,-0.03687877295802737,-0.004659374711044819,0.14571196588487487,0.9886284789193448,-0.19459544122219086,0.6417397856712341,0.14882387220859528,0.657687264464476,0.0014398901416926922,0.19822026151378982,0.2926118143829028,-0.00952649675309658,depth/001949.png,1.0,0.0015345759476812562,0.07427666372569415,-0.9972364926648247,0.657687264464476,0.0014398901416926922,0.19822026151378982,-0.00952649675309658,0.9990581814050858,-0.00597028092250048,0.04297797009246553,3.838712303250238,0.7677424606500476,0.6,0.0,0.16513264179229736,-0.0071797951503499435,0.6,0.0,0.16513264179229736,-0.0071797951503499435,goal_capture,TERMINAL_SETTLING,NONE,DIRECT_LOCAL,PASS_THROUGH,0,6,0,0,0,0,1,0.6,3.838712303250238,inf,0.0,0,0,1,CLEAR,none,nan,0.0,0.0,0,0,0,0,0.0,0,0,1,1,0.0,0.6,"1.342,15.347;1.261,15.613;1.168,15.930;1.075,16.246;0.982,16.563;0.889,16.880;0.796,17.196;0.703,17.513;0.610,17.830;0.517,18.146;0.423,18.463;0.330,18.779;0.254,19.038;0.250,19.050",0.2500000000000004,19.05,2.0,0.2500000000000004,19.05,2.0,0.2500000000000004,19.05,2.0,2.4661857177802076,0.0,0.0,0,0,6,1,,,0,1,PASS_THROUGH,-1,0.9988882369177489,-0.006906144107328203,0.04663255644847198,0.7801959999452077,0,0.9990581814050858,-0.00597028092250048,0.04297797009246553,3.8422624762644797,0.7684524952528959,0,0,0,BYPASS_VISIBLE,1,0,1,1,1
1787562407609905408,1787562407628833792,joint_v2_000006_1f4b2824,1950,220,0.03333333333333333,7.333333333333333,18.92828941345215,frame_id_exact,1,,1.3287371397018433,15.389607429504395,1.8396656513214111,-0.01200644663622729,-0.0009723885390793589,0.14562623895397417,0.9892663434221447,-0.198883056640625,0.6577107310295105,0.13996541500091553,0.683559213316972,0.0011483206141316238,0.1564406487320963,0.29229431115891885,-0.00930644478648901,depth/001950.png,1.0,0.0015730048247894722,0.024038357694123512,-0.999709799399401,0.683559213316972,0.0011483206141316238,0.1564406487320963,-0.00930644478648901,0.9991022557812314,-0.005697020629200489,0.041978880985628554,3.8160382056147633,0.7632076411229527,0.6,0.0,0.16033434867858887,-0.007862865951523412,0.6,0.0,0.16033434867858887,-0.007862865951523412,goal_capture,TERMINAL_SETTLING,NONE,DIRECT_LOCAL,PASS_THROUGH,0,6,0,0,0,0,1,0.6,3.8160382056147633,inf,0.0,0,0,1,CLEAR,none,nan,0.0,0.0,0,0,0,0,0.0,0,0,1,1,0.0,0.6,"1.342,15.347;1.261,15.613;1.168,15.930;1.075,16.246;0.982,16.563;0.889,16.880;0.796,17.196;0.703,17.513;0.610,17.830;0.517,18.146;0.423,18.463;0.330,18.779;0.254,19.038;0.250,19.050",0.2500000000000004,19.05,2.0,0.2500000000000004,19.05,2.0,0.2500000000000004,19.05,2.0,2.4661857177802076,0.0,0.0,0,0,6,1,,,0,1,PASS_THROUGH,-1,0.9988882369177489,-0.006906144107328203,0.04663255644847198,0.7801959999452077,0,0.9991022557812314,-0.005697020629200489,0.041978880985628554,3.8194050178107233,0.7638810035621446,0,0,0,BYPASS_VISIBLE,1,0,1,1,1
1787562407658364416,1787562407675134464,joint_v2_000006_1f4b2824,1951,221,0.03333333333333333,7.366666666666666,16.769886016845703,frame_id_exact,1,,1.3221039772033691,15.41157054901123,1.844262719154358,0.015377296679184575,0.002973853052509136,0.1454467633935387,0.9892421007838306,-0.1982501894235611,0.6573042869567871,0.13665205240249634,0.6904900434444721,0.0008428598895784466,0.11510272010391616,0.29198718755700487,-0.009030736982822418,depth/001951.png,1.0,0.001410565218713875,-0.03128881314517644,-0.9995093898897248,0.6904900434444721,0.0008428598895784466,0.11510272010391616,-0.009030736982822418,0.9991434205722554,-0.005430943324264457,0.041023529611456416,3.793095807880118,0.7586191615760236,0.6,0.0,0.1557372808456421,-0.007006041670852836,0.6,0.0,0.1557372808456421,-0.007006041670852836,goal_capture,TERMINAL_SETTLING,NONE,DIRECT_LOCAL,PASS_THROUGH,0,6,0,0,0,0,1,0.6,3.793095807880118,inf,0.0,0,0,1,CLEAR,none,nan,0.0,0.0,0,0,0,0,0.31143383454125007,0,0,1,1,0.0,0.6,"1.322,15.412;1.240,15.687;1.146,16.003;1.053,16.320;0.960,16.637;0.868,16.953;0.775,17.270;0.681,17.586;0.588,17.903;0.495,18.220;0.401,18.536;0.308,18.853;0.250,19.050",0.2500000000000004,19.05,2.0,0.2500000000000004,19.05,2.0,0.2500000000000004,19.05,2.0,2.4661857177802076,0.0,0.0,0,0,6,1,,,0,1,PASS_THROUGH,-1,0.9988882369177489,-0.006906144107328203,0.04663255644847198,0.7801959999452077,0,0.9991434205722554,-0.005430943324264457,0.041023529611456416,3.796291599495871,0.7592583198991741,0,0,0,BYPASS_VISIBLE,1,0,1,1,1
1787562407703760896,1787562407721500928,joint_v2_000006_1f4b2824,1952,222,0.03333333333333333,7.4,17.74001121520996,frame_id_exact,1,,1.3155757188796997,15.433238983154297,1.8488255739212036,0.03915171479875661,0.006306833207482791,0.14518405481530317,0.9886096081419586,-0.19268853962421417,0.6402442455291748,0.13755765557289124,0.6774093853945305,0.0005964601556915282,0.08414181277540915,0.2916727473695464,-0.00872709695249796,depth/001952.png,1.0,0.0011015823968209167,-0.07924282608678129,-0.9968547341664197,0.6774093853945305,0.0005964601556915282,0.08414181277540915,-0.00872709695249796,0.9991838991167376,-0.005153426790495428,0.040062175904315246,3.770465735905945,0.7540931471811889,0.6,0.0,0.1511744260787964,-0.006557574744092132,0.6,0.0,0.1511744260787964,-0.006557574744092132,goal_capture,TERMINAL_SETTLING,NONE,DIRECT_LOCAL,PASS_THROUGH,0,6,0,0,0,0,1,0.6,3.770465735905945,inf,0.0,0,0,1,CLEAR,none,nan,0.0,0.0,0,0,0,0,0.0,0,0,1,1,0.0,0.6,"1.322,15.412;1.240,15.687;1.146,16.003;1.053,16.320;0.960,16.637;0.868,16.953;0.775,17.270;0.681,17.586;0.588,17.903;0.495,18.220;0.401,18.536;0.308,18.853;0.250,19.050",0.2500000000000004,19.05,2.0,0.2500000000000004,19.05,2.0,0.2500000000000004,19.05,2.0,2.4661857177802076,0.0,0.0,0,0,6,1,,,1,1,PASS_THROUGH,-1,0.9999866996610994,-0.00515756734343707,0.0,0.7540931471811889,0,0.9991838991167376,-0.005153426790495428,0.040062175904315246,3.773495140150708,0.7546990280301415,0,0,0,BYPASS_VISIBLE,1,0,1,1,1
1787562407754662656,1787562407770090752,joint_v2_000006_1f4b2824,1953,223,0.03333333333333333,7.433333333333334,15.42806625366211,frame_id_exact,1,,1.309300422668457,15.454107284545898,1.8534572124481201,0.05421777638889364,0.008319490294133685,0.1449218983848502,0.987921485834386,-0.1833428144454956,0.6101638078689575,0.14040902256965637,0.648660340265502,0.0004512038745528945,0.06977616385711195,0.2913495037524348,-0.008383526466786861,depth/001953.png,1.0,0.000723320264563055,-0.10953716507154498,-0.9939824376093794,0.648660340265502,0.0004512038745528945,0.06977616385711195,-0.008383526466786861,0.9992249525204134,-0.004863122024801052,0.03906205709828137,3.7486746733374248,0.749734934667485,0.6,0.0,0.14654278755187988,-0.0069333835973600655,0.6,0.0,0.14654278755187988,-0.0069333835973600655,goal_capture,TERMINAL_SETTLING,NONE,DIRECT_LOCAL,PASS_THROUGH,0,6,0,0,0,0,1,0.6,3.7486746733374248,inf,0.0,0,0,1,CLEAR,none,nan,0.0,0.0,0,0,0,0,0.0,0,0,1,1,0.0,0.6,"1.322,15.412;1.240,15.687;1.146,16.003;1.053,16.320;0.960,16.637;0.868,16.953;0.775,17.270;0.681,17.586;0.588,17.903;0.495,18.220;0.401,18.536;0.308,18.853;0.250,19.050",0.2500000000000004,19.05,2.0,0.2500000000000004,19.05,2.0,0.2500000000000004,19.05,2.0,2.4661857177802076,0.0,0.0,0,0,6,1,,,0,1,PASS_THROUGH,-1,0.9991838991167376,-0.005153426790495428,0.040062175904315246,0.7540931471811889,0,0.9992249525204134,-0.004863122024801052,0.03906205709828137,3.75153789733023,0.750307579466046,0,0,0,BYPASS_VISIBLE,1,0,1,1,1
1787562407797842176,1787562407818814976,joint_v2_000006_1f4b2824,1954,224,0.03333333333333333,7.466666666666667,20.972728729248047,frame_id_exact,1,,1.3033723831176758,15.473845481872559,1.8581888675689697,0.057535133928420974,0.008612456906805574,0.1447468428219859,0.9877569971622243,-0.17223505675792694,0.5737351775169373,0.14339035749435425,0.6116306084791697,0.0004157879702369678,0.0728394756359554,0.2910314669871156,-0.008062402717769146,depth/001954.png,1.0,0.00035797116995254716,-0.11615471413332805,-0.9932310678997341,0.6116306084791697,0.0004157879702369678,0.0728394756359554,-0.008062402717769146,0.9992668377106892,-0.00457468260444187,0.03801130530181565,3.7280657873806797,0.745613157476136,0.6,0.0,0.14181113243103027,-0.006725387866976518,0.6,0.0,0.14181113243103027,-0.006725387866976518,goal_capture,TERMINAL_SETTLING,NONE,DIRECT_LOCAL,PASS_THROUGH,0,6,0,0,0,0,1,0.6,3.7280657873806797,inf,0.0,0,0,1,CLEAR,none,nan,0.0,0.0,0,0,0,0,0.26230048355338625,0,0,1,1,0.0,0.6,"1.303,15.474;1.226,15.732;1.133,16.049;1.040,16.365;0.947,16.682;0.854,16.999;0.761,17.315;0.668,17.632;0.575,17.948;0.481,18.265;0.388,18.582;0.295,18.898;0.250,19.050",0.2500000000000004,19.05,2.0,0.2500000000000004,19.05,2.0,0.2500000000000004,19.05,2.0,2.4661857177802076,0.0,0.0,0,0,6,1,,,0,1,PASS_THROUGH,-1,0.9991838991167376,-0.005153426790495428,0.040062175904315246,0.7540931471811889,0,0.9992668377106892,-0.00457468260444187,0.03801130530181565,3.7307619747606116,0.7461523949521223,0,0,0,BYPASS_VISIBLE,1,0,1,1,1
1787562407852441088,1787562407868947200,joint_v2_000006_1f4b2824,1955,225,0.03333333333333333,7.5,16.506195068359375,frame_id_exact,1,,1.2978112697601318,15.492374420166016,1.8630082607269287,0.048696926698498566,0.00716734989835104,0.1446783393340722,0.9882537207382985,-0.16173502802848816,0.5389137864112854,0.14563648402690887,0.5742529629251315,0.0004757944090317766,0.08960793573469034,0.2907343882330165,-0.007804326247423887,depth/001955.png,1.0,7.553943893373084e-05,-0.09832375855806211,-0.9951544768511114,0.5742529629251315,0.0004757944090317766,0.08960793573469034,-0.007804326247423887,0.9993092275391401,-0.004304705737258837,0.03691256240960101,3.7087205642007377,0.7417441128401475,0.6,0.0,0.1369917392730713,-0.0062522135110743005,0.6,0.0,0.1369917392730713,-0.0062522135110743005,goal_capture,TERMINAL_SETTLING,NONE,DIRECT_LOCAL,PASS_THROUGH,0,6,0,0,0,0,1,0.6,3.7087205642007377,inf,0.0,0,0,1,CLEAR,none,nan,0.0,0.0,0,0,0,0,0.0,0,0,1,1,0.0,0.6,"1.303,15.474;1.226,15.732;1.133,16.049;1.040,16.365;0.947,16.682;0.854,16.999;0.761,17.315;0.668,17.632;0.575,17.948;0.481,18.265;0.388,18.582;0.295,18.898;0.250,19.050",0.2500000000000004,19.05,2.0,0.2500000000000004,19.05,2.0,0.2500000000000004,19.05,2.0,2.4661857177802076,0.0,0.0,0,0,6,1,,,0,1,PASS_THROUGH,-1,0.9991838991167376,-0.005153426790495428,0.040062175904315246,0.7540931471811889,0,0.9993092275391401,-0.004304705737258837,0.03691256240960101,3.711249784096255,0.742249956819251,0,0,0,BYPASS_VISIBLE,1,0,1,1,1
1787562407896171776,1787562407914049536,joint_v2_000006_1f4b2824,1956,226,0.03333333333333333,7.533333333333333,17.877817153930664,frame_id_exact,1,,1.2925593852996826,15.50987434387207,1.8678841590881348,0.029888509333253196,0.004331955891864386,0.14465720340919097,0.9890208312618188,-0.15399056673049927,0.5130115151405334,0.14674068987369537,0.5435066857221879,0.000603640606580649,0.11413525996235857,0.2904641126703401,-0.007592418231070042,depth/001956.png,1.0,-7.838711411332216e-05,-0.060374013941119554,-0.9981758223359739,0.5435066857221879,0.000603640606580649,0.11413525996235857,-0.007592418231070042,0.9993515694335082,-0.004060165263824165,0.03577646892601911,3.690449800912033,0.7380899601824066,0.6,0.0,0.13211584091186523,-0.0064289220379271095,0.6,0.0,0.13211584091186523,-0.0064289220379271095,goal_capture,TERMINAL_SETTLING,NONE,DIRECT_LOCAL,PASS_THROUGH,0,6,0,0,0,0,1,0.6,3.690449800912033,inf,0.0,0,0,1,CLEAR,none,nan,0.0,0.0,0,0,0,0,0.0,0,0,1,1,0.0,0.6,"1.303,15.474;1.226,15.732;1.133,16.049;1.040,16.365;0.947,16.682;0.854,16.999;0.761,17.315;0.668,17.632;0.575,17.948;0.481,18.265;0.388,18.582;0.295,18.898;0.250,19.050",0.2500000000000004,19.05,2.0,0.2500000000000004,19.05,2.0,0.2500000000000004,19.05,2.0,2.4661857177802076,0.0,0.0,0,0,6,1,,,0,1,PASS_THROUGH,-1,0.9991838991167376,-0.005153426790495428,0.040062175904315246,0.7540931471811889,0,0.9993515694335082,-0.004060165263824165,0.03577646892601911,3.692813876770871,0.7385627753541743,0,0,0,BYPASS_VISIBLE,1,0,1,1,1
1787562407942437120,1787562407959194880,joint_v2_000006_1f4b2824,1957,227,0.03333333333333333,7.566666666666666,16.757726669311523,frame_id_exact,1,,1.2874979972839355,15.5267333984375,1.8727689981460571,0.0053081935536858525,0.0007311741645330375,0.14459591059966115,0.9894762812232503,-0.15047316253185272,0.5011327862739563,0.14600276947021484,0.5247702756237983,0.0007656969366458935,0.14038740094443267,0.2902128818363112,-0.007422917522490025,depth/001957.png,1.0,-8.812717457158041e-05,-0.010716112823283816,-0.9999425769310755,0.5247702756237983,0.0007656969366458935,0.14038740094443267,-0.007422917522490025,0.9993931852412945,-0.0038344232504421674,0.03462020351754607,3.6728476200427846,0.7345695240085569,0.6,0.0,0.12723100185394287,-0.00549268413175652,0.6,0.0,0.12723100185394287,-0.00549268413175652,goal_capture,TERMINAL_SETTLING,NONE,DIRECT_LOCAL,PASS_THROUGH,0,6,0,0,0,0,1,0.6,3.6728476200427846,inf,0.0,0,0,1,CLEAR,none,nan,0.0,0.0,0,0,0,0,0.21982858633244987,0,0,1,1,0.0,0.6,"1.287,15.527;1.217,15.763;1.124,16.080;1.031,16.397;0.938,16.713;0.845,17.030;0.752,17.346;0.659,17.663;0.565,17.980;0.472,18.296;0.379,18.613;0.286,18.926;0.250,19.050",0.2500000000000004,19.05,2.0,0.2500000000000004,19.05,2.0,0.2500000000000004,19.05,2.0,2.4661857177802076,0.0,0.0,0,0,6,1,,,0,1,PASS_THROUGH,-1,0.9991838991167376,-0.005153426790495428,0.040062175904315246,0.7540931471811889,0,0.9993931852412945,-0.0038344232504421674,0.03462020351754607,3.675050661948309,0.7350101323896618,0,0,0,BYPASS_VISIBLE,1,0,1,1,1
1787562407987729664,1787562408010786304,joint_v2_000006_1f4b2824,1958,228,0.03333333333333333,7.6,23.056745529174805,frame_id_exact,1,,1.2824747562408447,15.543461799621582,1.8775821924209595,-0.019741516692587453,-0.002866155396108853,0.14444719043406884,0.9893114104505343,-0.15169455111026764,0.5051779747009277,0.14224505424499512,0.5213672495453818,0.0009261036120690224,0.16317172503292868,0.2899660286117004,-0.0072391945868730545,depth/001958.png,1.0,3.217276731333832e-05,0.03988903163578366,-0.9992041153438433,0.5213672495453818,0.0009261036120690224,0.16317172503292868,-0.0072391945868730545,0.9994331577935506,-0.003613359216911016,0.03347098352276431,3.6553815495769673,0.7310763099153934,0.6,0.0,0.12241780757904053,-0.005152886600013895,0.6,0.0,0.12241780757904053,-0.005152886600013895,goal_capture,TERMINAL_SETTLING,NONE,DIRECT_LOCAL,PASS_THROUGH,0,6,0,0,0,0,1,0.6,3.6553815495769673,inf,0.0,0,0,1,CLEAR,none,nan,0.0,0.0,0,0,0,0,0.0,0,0,1,1,0.0,0.6,"1.287,15.527;1.217,15.763;1.124,16.080;1.031,16.397;0.938,16.713;0.845,17.030;0.752,17.346;0.659,17.663;0.565,17.980;0.472,18.296;0.379,18.613;0.286,18.926;0.250,19.050",0.2500000000000004,19.05,2.0,0.2500000000000004,19.05,2.0,0.2500000000000004,19.05,2.0,2.4661857177802076,0.0,0.0,0,0,6,1,,,1,1,PASS_THROUGH,-1,0.9999934644744588,-0.0036153849544943535,0.0,0.7310763099153934,0,0.9994331577935506,-0.003613359216911016,0.03347098352276431,3.657430845908118,0.7314861691816236,0,0,0,BYPASS_VISIBLE,1,0,1,1,1
1787562408045221888,1787562408061713152,joint_v2_000006_1f4b2824,1959,229,0.03333333333333333,7.633333333333334,16.491413116455078,frame_id_exact,1,,1.2773377895355225,15.56057357788086,1.8822052478790283,-0.03992553722274897,-0.005701032892774387,0.144238796044129,0.9887206983861371,-0.15713398158550262,0.5235559344291687,0.13449692726135254,0.5340088320249878,0.001049379291769161,0.17811455361667922,0.28971488985470306,-0.00699111120775342,depth/001959.png,1.0,0.00024416439431627565,0.08059503033395966,-0.9967468994028608,0.5340088320249878,0.001049379291769161,0.17811455361667922,-0.00699111120775342,0.9994703291969151,-0.0033884549284446687,0.03236633170762689,3.6375155929825134,0.7275031185965026,0.6,0.0,0.11779475212097168,-0.005280744147599936,0.6,0.0,0.11779475212097168,-0.005280744147599936,goal_capture,TERMINAL_SETTLING,NONE,DIRECT_LOCAL,PASS_THROUGH,0,6,0,0,0,0,1,0.6,3.6375155929825134,inf,0.0,0,0,1,CLEAR,none,nan,0.0,0.0,0,0,0,0,0.0,0,0,1,1,0.0,0.6,"1.287,15.527;1.217,15.763;1.124,16.080;1.031,16.397;0.938,16.713;0.845,17.030;0.752,17.346;0.659,17.663;0.565,17.980;0.472,18.296;0.379,18.613;0.286,18.926;0.250,19.050",0.2500000000000004,19.05,2.0,0.2500000000000004,19.05,2.0,0.2500000000000004,19.05,2.0,2.4661857177802076,0.0,0.0,0,0,6,1,,,0,1,PASS_THROUGH,-1,0.9994331577935506,-0.003613359216911016,0.03347098352276431,0.7310763099153934,0,0.9994703291969151,-0.0033884549284446687,0.03236633170762689,3.6394223845025415,0.7278844769005083,0,0,0,BYPASS_VISIBLE,1,0,1,1,1
1787562408088982784,1787562408105104128,joint_v2_000006_1f4b2824,1960,230,0.03333333333333333,7.666666666666667,16.121387481689453,frame_id_exact,1,,1.2719674110412598,15.578475952148438,1.8865044116973877,-0.05099874491876281,-0.007184133035164273,0.14404753732979989,0.9882296409430674,-0.16540959477424622,0.5517255067825317,0.12299582362174988,0.5602787154818283,0.0011060089655750042,0.18159261887096356,0.2894622524203235,-0.006701160687953234,depth/001960.png,1.0,0.0004933408052616179,0.10286665610236226,-0.994695032498488,0.5602787154818283,0.0011060089655750042,0.18159261887096356,-0.006701160687953234,0.9995035547093278,-0.003162458072377498,0.03134713674896316,3.618825307201506,0.7237650614403013,0.6,0.0,0.1134955883026123,-0.0037360353355070375,0.6,0.0,0.1134955883026123,-0.0037360353355070375,goal_capture,TERMINAL_SETTLING,NONE,DIRECT_LOCAL,PASS_THROUGH,0,6,0,0,0,0,1,0.6,3.6188253072015066,inf,0.0,0,0,1,CLEAR,none,nan,0.0,0.0,0,0,0,0,0.18128489381562338,0,0,1,1,0.0,0.6,"1.272,15.578;1.197,15.830;1.104,16.147;1.011,16.463;0.918,16.780;0.825,17.097;0.732,17.413;0.639,17.730;0.545,18.047;0.452,18.363;0.359,18.680;0.271,18.978;0.250,19.050",0.2500000000000004,19.05,2.0,0.2500000000000004,19.05,2.0,0.2500000000000004,19.05,2.0,2.4661857177802076,0.0,0.0,0,0,6,1,,,0,1,PASS_THROUGH,-1,0.9994331577935506,-0.003613359216911016,0.03347098352276431,0.7310763099153934,0,0.9995035547093278,-0.003162458072377498,0.03134713674896316,3.620604625281009,0.7241209250562017,0,0,0,BYPASS_VISIBLE,1,0,1,1,1
1787562408135609856,1787562408152145152,joint_v2_000006_1f4b2824,1961,231,0.03333333333333333,7.7,16.535282135009766,frame_id_exact,1,,1.266299843788147,15.597393989562988,1.8903816938400269,-0.050771611652332085,-0.007029664339596299,0.14393516636854406,0.9882588199211566,-0.17463408410549164,0.5833737254142761,0.10957499593496323,0.5945336049945958,0.0010793231967502215,0.1713396456247335,0.28921955797678234,-0.0063333939760923386,depth/001961.png,1.0,0.000721385170572509,0.10237461784652753,-0.9947456545389948,0.5945336049945958,0.0010793231967502215,0.1713396456247335,-0.0063333939760923386,0.9995321556757524,-0.002946171669520365,0.03044322326359642,3.599076775478622,0.7198153550957244,0.6,0.0,0.10961830615997314,-0.003393794032854891,0.6,0.0,0.10961830615997314,-0.003393794032854891,goal_capture,TERMINAL_SETTLING,NONE,DIRECT_LOCAL,PASS_THROUGH,0,6,0,0,0,0,1,0.6,3.599076775478622,inf,0.0,0,0,1,CLEAR,none,nan,0.0,0.0,0,0,0,0,0.0,0,0,1,1,0.0,0.6,"1.272,15.578;1.197,15.830;1.104,16.147;1.011,16.463;0.918,16.780;0.825,17.097;0.732,17.413;0.639,17.730;0.545,18.047;0.452,18.363;0.359,18.680;0.271,18.978;0.250,19.050",0.2500000000000004,19.05,2.0,0.2500000000000004,19.05,2.0,0.2500000000000004,19.05,2.0,2.4661857177802076,0.0,0.0,0,0,6,1,,,0,1,PASS_THROUGH,-1,0.9994331577935506,-0.003613359216911016,0.03347098352276431,0.7310763099153934,0,0.9995321556757524,-0.002946171669520365,0.03044322326359642,3.600745729544781,0.7201491459089562,0,0,0,BYPASS_VISIBLE,1,0,1,1,1
1787562408177987328,1787562408195814912,joint_v2_000006_1f4b2824,1962,232,0.03333333333333333,7.733333333333333,17.827510833740234,frame_id_exact,1,,1.2603368759155273,15.617329597473145,1.8938186168670654,-0.03960173997059991,-0.00531863365194151,0.14390001839664002,0.988785213801675,-0.18281923234462738,0.6117756366729736,0.09705820679664612,0.6287189993438013,0.0009707016263091132,0.14772973448417043,0.288999944701959,-0.005891845561563969,depth/001962.png,1.0,0.0008794095952810235,0.07984593280821468,-0.9968068286547549,0.6287189993438013,0.0009707016263091132,0.14772973448417043,-0.005891845561563969,0.9995562299832967,-0.0027521225422410507,0.02966089889216742,3.578268672866619,0.7156537345733238,0.6,0.0,0.10618138313293457,-0.003633298375706473,0.6,0.0,0.10618138313293457,-0.003633298375706473,goal_capture,TERMINAL_SETTLING,NONE,DIRECT_LOCAL,PASS_THROUGH,0,6,0,0,0,0,1,0.6,3.5782686728666193,inf,0.0,0,0,1,CLEAR,none,nan,0.0,0.0,0,0,0,0,0.0,0,0,1,1,0.0,0.6,"1.272,15.578;1.197,15.830;1.104,16.147;1.011,16.463;0.918,16.780;0.825,17.097;0.732,17.413;0.639,17.730;0.545,18.047;0.452,18.363;0.359,18.680;0.271,18.978;0.250,19.050",0.2500000000000004,19.05,2.0,0.2500000000000004,19.05,2.0,0.2500000000000004,19.05,2.0,2.4661857177802076,0.0,0.0,0,0,6,1,,,0,1,PASS_THROUGH,-1,0.9994331577935506,-0.003613359216911016,0.03347098352276431,0.7310763099153934,0,0.9995562299832967,-0.0027521225422410507,0.02966089889216742,3.5798437370006333,0.7159687474001266,0,0,0,BYPASS_VISIBLE,1,0,1,1,1
1787562408223835904,1787562408240587776,joint_v2_000006_1f4b2824,1963,233,0.03333333333333333,7.766666666666667,16.751766204833984,frame_id_exact,1,,1.2541428804397583,15.638073921203613,1.896891474723816,-0.02023939940872746,-0.002469828410720126,0.14388154214405058,0.9893848434706514,-0.18823520839214325,0.6310179829597473,0.0880412757396698,0.65435925553032,0.0008025199418423885,0.11480755808934522,0.28880668480439625,-0.005457064602524042,depth/001963.png,1.0,0.0009369304069147847,0.04075983547301883,-0.9991685333183912,0.65435925553032,0.0008025199418423885,0.11480755808934522,-0.005457064602524042,0.999576700461371,-0.002582812942690212,0.02897842252541543,3.5566195314524087,0.7113239062904817,0.6,0.0,0.10310852527618408,-0.0028742608706044948,0.6,0.0,0.10310852527618408,-0.0028742608706044948,goal_capture,TERMINAL_SETTLING,NONE,DIRECT_LOCAL,PASS_THROUGH,0,6,0,0,0,0,1,0.6,3.5566195314524083,inf,0.0,0,0,1,CLEAR,none,nan,0.0,0.0,0,0,0,0,0.14804661961234286,0,0,1,1,0.0,0.6,"1.254,15.638;1.174,15.908;1.081,16.225;0.988,16.541;0.895,16.858;0.802,17.175;0.709,17.491;0.616,17.808;0.522,18.124;0.429,18.441;0.336,18.757;0.257,19.027;0.250,19.050",0.2500000000000004,19.05,2.0,0.2500000000000004,19.05,2.0,0.2500000000000004,19.05,2.0,2.4661857177802076,0.0,0.0,0,0,6,1,,,0,1,PASS_THROUGH,-1,0.9994331577935506,-0.003613359216911016,0.03347098352276431,0.7310763099153934,0,0.999576700461371,-0.002582812942690212,0.02897842252541543,3.5581138064279756,0.7116227612855951,0,0,0,BYPASS_VISIBLE,1,0,1,1,1
1787562408273792512,1787562408291553024,joint_v2_000006_1f4b2824,1964,234,0.03333333333333333,7.8,17.760515213012695,frame_id_exact,1,,1.24783194065094,15.659249305725098,1.8997424840927124,0.002873631424688253,0.0008654661179170756,0.1438137228888194,0.9896002255050732,-0.1897222101688385,0.6370686292648315,0.08375529199838638,0.66520397743654,0.0006123968107038586,0.0798072536503337,0.28863219899365333,-0.005038620438426733,depth/001964.png,1.0,0.000886395664126037,-0.005936424420683497,-0.9999819864216676,0.66520397743654,0.0006123968107038586,0.0798072536503337,-0.005038620438426733,0.999594996684418,-0.002429861683641404,0.028353807075538775,3.534523850889814,0.7069047701779627,0.6,0.0,0.1002575159072876,-0.002628571017841974,0.6,0.0,0.1002575159072876,-0.002628571017841974,goal_capture,TERMINAL_SETTLING,NONE,DIRECT_LOCAL,PASS_THROUGH,0,6,0,0,0,0,1,0.6,3.5345238508898134,inf,0.0,0,0,1,CLEAR,none,nan,0.0,0.0,0,0,0,0,0.0,0,0,1,1,0.0,0.6,"1.254,15.638;1.174,15.908;1.081,16.225;0.988,16.541;0.895,16.858;0.802,17.175;0.709,17.491;0.616,17.808;0.522,18.124;0.429,18.441;0.336,18.757;0.257,19.027;0.250,19.050",0.2500000000000004,19.05,2.0,0.2500000000000004,19.05,2.0,0.2500000000000004,19.05,2.0,2.4661857177802076,0.0,0.0,0,0,6,1,,,1,1,PASS_THROUGH,-1,0.9999970455065075,-0.002430839002486535,0.0,0.7069047701779627,0,0.999594996684418,-0.002429861683641404,0.028353807075538775,3.535945477804325,0.707189095560865,0,0,0,BYPASS_VISIBLE,1,0,1,1,1
1787562408329526272,1787562408347302656,joint_v2_000006_1f4b2824,1965,235,0.03333333333333333,7.833333333333333,17.7764892578125,frame_id_exact,1,,1.2415425777435303,15.680383682250977,1.902524709701538,0.02461951424660334,0.003950724973982708,0.14367992088217668,0.9893100381709127,-0.18695376813411713,0.6286904811859131,0.08369024842977524,0.6592552124080808,0.00043969672862198035,0.05089068495432887,0.28846666876690863,-0.004626080859452486,depth/001965.png,1.0,0.0007423240314080419,-0.049847944861491106,-0.9987565425808825,0.6592552124080808,0.00043969672862198035,0.05089068495432887,-0.004626080859452486,0.9996125499903087,-0.002283528492551283,0.027740501067865717,3.512473603077862,0.7024947206155724,0.6,0.0,0.09747529029846191,-0.002882890890155143,0.6,0.0,0.09747529029846191,-0.002882890890155143,goal_capture,TERMINAL_SETTLING,NONE,DIRECT_LOCAL,PASS_THROUGH,0,6,0,0,0,0,1,0.6,3.512473603077862,inf,0.0,0,0,1,CLEAR,none,nan,0.0,0.0,0,0,0,0,0.0,0,0,1,1,0.0,0.6,"1.254,15.638;1.174,15.908;1.081,16.225;0.988,16.541;0.895,16.858;0.802,17.175;0.709,17.491;0.616,17.808;0.522,18.124;0.429,18.441;0.336,18.757;0.257,19.027;0.250,19.050",0.2500000000000004,19.05,2.0,0.2500000000000004,19.05,2.0,0.2500000000000004,19.05,2.0,2.4661857177802076,0.0,0.0,0,0,6,1,,,0,1,PASS_THROUGH,-1,0.999594996684418,-0.002429861683641404,0.028353807075538775,0.7069047701779627,0,0.9996125499903087,-0.002283528492551283,0.027740501067865717,3.513825869979551,0.7027651739959102,0,0,0,BYPASS_VISIBLE,1,0,1,1,1
1787562408375828224,1787562408392462848,joint_v2_000006_1f4b2824,1966,236,0.03333333333333333,7.866666666666666,16.634464263916016,frame_id_exact,1,,1.235408902168274,15.701022148132324,1.9053525924682617,0.0403120261755575,0.0061228648152260165,0.14352330868092425,0.9888066094729322,-0.1805637776851654,0.6079040169715881,0.08620791137218475,0.6390689768556447,0.00031403464229765764,0.034250837189886855,0.2883046786763512,-0.004251732490956783,depth/001966.png,1.0,0.0005372276437134223,-0.08147914348104872,-0.9966749021441512,0.6390689768556447,0.00031403464229765764,0.034250837189886855,-0.004251732490956783,0.999630377799226,-0.0021382866969616443,0.027102315601771905,3.4909430469104934,0.6981886093820987,0.6,0.0,0.09464740753173828,-0.0028957011322577886,0.6,0.0,0.09464740753173828,-0.0028957011322577886,goal_capture,TERMINAL_SETTLING,NONE,DIRECT_LOCAL,PASS_THROUGH,0,6,0,0,0,0,1,0.6,3.4909430469104934,inf,0.0,0,0,1,CLEAR,none,nan,0.0,0.0,0,0,0,0,0.12255991712998685,0,0,1,1,0.0,0.6,"1.235,15.701;1.157,15.966;1.064,16.283;0.971,16.600;0.878,16.916;0.785,17.233;0.692,17.550;0.598,17.866;0.505,18.183;0.412,18.499;0.319,18.816;0.250,19.050",0.2500000000000004,19.05,2.0,0.2500000000000004,19.05,2.0,0.2500000000000004,19.05,2.0,2.4661857177802076,0.0,0.0,0,0,6,1,,,0,1,PASS_THROUGH,-1,0.999594996684418,-0.002429861683641404,0.028353807075538775,0.7069047701779627,0,0.999630377799226,-0.0021382866969616443,0.027102315601771905,3.4922258644774393,0.6984451728954879,0,0,0,BYPASS_VISIBLE,1,0,1,1,1
1787562408423736320,1787562408440421888,joint_v2_000006_1f4b2824,1967,237,0.03333333333333333,7.9,16.68548583984375,frame_id_exact,1,,1.2295293807983398,15.720826148986816,1.9082823991775513,0.046697364762069,0.006933039770088007,0.14340853970117454,0.9885369390288871,-0.17202287912368774,0.5796005725860596,0.0895969420671463,0.6103448878882408,0.00024975642285912045,0.03217704402667462,0.28814772152653606,-0.003937751054763794,depth/001967.png,1.0,0.00031353004813387125,-0.0943126542634592,-0.9955425781676494,0.6103448878882408,0.00024975642285912045,0.03217704402667462,-0.003937751054763794,0.9996489333486994,-0.001995892805171493,0.02642019051251234,3.470284763260377,0.6940569526520755,0.6,0.0,0.09171760082244873,-0.002632627091333495,0.6,0.0,0.09171760082244873,-0.002632627091333495,goal_capture,TERMINAL_SETTLING,NONE,DIRECT_LOCAL,PASS_THROUGH,0,6,0,0,0,0,1,0.6,3.4702847632603775,inf,0.0,0,0,1,CLEAR,none,nan,0.0,0.0,0,0,0,0,0.0,0,0,1,1,0.0,0.6,"1.235,15.701;1.157,15.966;1.064,16.283;0.971,16.600;0.878,16.916;0.785,17.233;0.692,17.550;0.598,17.866;0.505,18.183;0.412,18.499;0.319,18.816;0.250,19.050",0.2500000000000004,19.05,2.0,0.2500000000000004,19.05,2.0,0.2500000000000004,19.05,2.0,2.4661857177802076,0.0,0.0,0,0,6,1,,,0,1,PASS_THROUGH,-1,0.999594996684418,-0.002429861683641404,0.028353807075538775,0.7069047701779627,0,0.9996489333486994,-0.001995892805171493,0.02642019051251234,3.4714965730096528,0.6942993146019305,0,0,0,BYPASS_VISIBLE,1,0,1,1,1
1787562408468153600,1787562408486148608,joint_v2_000006_1f4b2824,1968,238,0.03333333333333333,7.933333333333334,17.99488067626953,frame_id_exact,1,,1.2239434719085693,15.739651679992676,1.9113224744796753,0.042631252712384764,0.00623914443254063,0.14336813488947772,0.9887311198031724,-0.16326914727687836,0.5503121614456177,0.09272724390029907,0.5798728934664606,0.00024614115509929605,0.0429650798460641,0.2880019537718674,-0.003676080610603094,depth/001968.png,1.0,0.00011374614404606985,-0.08609068146705527,-0.9962872987378454,0.5798728934664606,0.00024614115509929605,0.0429650798460641,-0.003676080610603094,0.9996682127814092,-0.0018632596575668954,0.02569032148244699,3.450648038593423,0.6901296077186846,0.6,0.0,0.08867752552032471,-0.0027201087468131657,0.6,0.0,0.08867752552032471,-0.0027201087468131657,goal_capture,TERMINAL_SETTLING,NONE,DIRECT_LOCAL,PASS_THROUGH,0,6,0,0,0,0,1,0.6,3.450648038593423,inf,0.0,0,0,1,CLEAR,none,nan,0.0,0.0,0,0,0,0,0.0,0,0,1,1,0.0,0.6,"1.235,15.701;1.157,15.966;1.064,16.283;0.971,16.600;0.878,16.916;0.785,17.233;0.692,17.550;0.598,17.866;0.505,18.183;0.412,18.499;0.319,18.816;0.250,19.050",0.2500000000000004,19.05,2.0,0.2500000000000004,19.05,2.0,0.2500000000000004,19.05,2.0,2.4661857177802076,0.0,0.0,0,0,6,1,,,0,1,PASS_THROUGH,-1,0.999594996684418,-0.002429861683641404,0.028353807075538775,0.7069047701779627,0,0.9996682127814092,-0.0018632596575668954,0.02569032148244699,3.451787303670527,0.6903574607341054,0,0,0,BYPASS_VISIBLE,1,0,1,1,1
1787562408520645632,1787562408537393664,joint_v2_000006_1f4b2824,1969,239,0.03333333333333333,7.966666666666667,16.74795150756836,frame_id_exact,1,,1.218625545501709,15.757576942443848,1.9144535064697266,0.029258835709199113,0.004226731343630851,0.14337719337547813,0.9892264835187449,-0.156230166554451,0.5265949964523315,0.09496036916971207,0.5539334164727423,0.00029186521499247997,0.06233226991408444,0.2878719332512164,-0.0034688671585172415,depth/001969.png,1.0,-2.771032316155851e-05,-0.05909926407533135,-0.9982521105501817,0.5539334164727423,0.00029186521499247997,0.06233226991408444,-0.0034688671585172415,0.9996879555591504,-0.0017456404990108389,0.024918752962663552,3.431950616970747,0.6863901233941494,0.6,0.0,0.08554649353027344,-0.0024989410151854408,0.6,0.0,0.08554649353027344,-0.0024989410151854408,goal_capture,TERMINAL_SETTLING,NONE,DIRECT_LOCAL,PASS_THROUGH,0,6,0,0,0,0,1,0.6,3.431950616970747,inf,0.0,0,0,1,CLEAR,none,nan,0.0,0.0,0,0,0,0,0.10004895120275632,0,0,1,1,0.0,0.6,"1.219,15.758;1.146,16.002;1.053,16.318;0.960,16.635;0.867,16.952;0.774,17.268;0.681,17.585;0.588,17.902;0.495,18.218;0.402,18.535;0.308,18.851;0.250,19.050",0.2500000000000004,19.05,2.0,0.2500000000000004,19.05,2.0,0.2500000000000004,19.05,2.0,2.4661857177802076,0.0,0.0,0,0,6,1,,,0,1,PASS_THROUGH,-1,0.999594996684418,-0.002429861683641404,0.028353807075538775,0.7069047701779627,0,0.9996879555591504,-0.0017456404990108389,0.024918752962663552,3.4330166384509724,0.6866033276901945,0,0,0,BYPASS_VISIBLE,1,0,1,1,1
1787562408565832704,1787562408581667072,joint_v2_000006_1f4b2824,1970,240,0.03333333333333333,8.0,15.834569931030273,frame_id_exact,1,,1.2134922742843628,15.77487850189209,1.9176350831985474,0.009685752596834815,0.0013577450945086757,0.1433757984287261,0.989619989263463,-0.1523863822221756,0.513538122177124,0.09566178917884827,0.5374391293836296,0.00036925822300871975,0.08516593321627576,0.2877562161157268,-0.003305970225483179,depth/001970.png,1.0,-9.010165220820756e-05,-0.01955976433575219,-0.9998086854497825,0.5374391293836296,0.00036925822300871975,0.08516593321627576,-0.003305970225483179,0.9997077387686246,-0.0016421220452148666,0.0241192968660334,3.413903658566577,0.6827807317133154,0.6,0.0,0.08236491680145264,-0.002329721721663902,0.6,0.0,0.08236491680145264,-0.002329721721663902,goal_capture,TERMINAL_SETTLING,NONE,DIRECT_LOCAL,PASS_THROUGH,0,6,0,0,0,0,1,0.6,3.413903658566577,inf,0.0,0,0,1,CLEAR,none,nan,0.0,0.0,0,0,0,0,0.0,0,0,1,1,0.0,0.6,"1.219,15.758;1.146,16.002;1.053,16.318;0.960,16.635;0.867,16.952;0.774,17.268;0.681,17.585;0.588,17.902;0.495,18.218;0.402,18.535;0.308,18.851;0.250,19.050",0.2500000000000004,19.05,2.0,0.2500000000000004,19.05,2.0,0.2500000000000004,19.05,2.0,2.4661857177802076,0.0,0.0,0,0,6,1,,,1,1,PASS_THROUGH,-1,0.9999986509318773,-0.0016425998981492054,0.0,0.6827807317133154,0,0.9997077387686246,-0.0016421220452148666,0.0241192968660334,3.4148970950079844,0.6829794190015969,0,0,0,BYPASS_VISIBLE,1,0,1,1,1
1787562408614603520,1787562408632288256,joint_v2_000006_1f4b2824,1971,241,0.03333333333333333,8.033333333333333,17.6846981048584,frame_id_exact,1,,1.2084226608276367,15.791962623596191,1.9208022356033325,-0.011724648331255555,-0.0017329438500493818,0.14331822708485384,0.9896056867825564,-0.15246352553367615,0.5136995911598206,0.09393903613090515,0.5334700518235017,0.0004574841943628418,0.10661347757563526,0.28764805779501873,-0.0031621805392205715,depth/001971.png,1.0,-6.915055370957952e-05,0.023702282208725573,-0.999719059054242,0.5334700518235017,0.0004574841943628418,0.10661347757563526,-0.0031621805392205715,0.9997269961304718,-0.0015463709298555591,0.02331398603609006,3.3960832650028094,0.6792166530005619,0.6,0.0,0.07919776439666748,-0.0024163283953659853,0.6,0.0,0.07919776439666748,-0.0024163283953659853,goal_capture,TERMINAL_SETTLING,NONE,DIRECT_LOCAL,PASS_THROUGH,0,6,0,0,0,0,1,0.6,3.3960832650028094,inf,0.0,0,0,1,CLEAR,none,nan,0.0,0.0,0,0,0,0,0.0,0,0,1,1,0.0,0.6,"1.219,15.758;1.146,16.002;1.053,16.318;0.960,16.635;0.867,16.952;0.774,17.268;0.681,17.585;0.588,17.902;0.495,18.218;0.402,18.535;0.308,18.851;0.250,19.050",0.2500000000000004,19.05,2.0,0.2500000000000004,19.05,2.0,0.2500000000000004,19.05,2.0,2.4661857177802076,0.0,0.0,0,0,6,1,,,0,1,PASS_THROUGH,-1,0.9997077387686246,-0.0016421220452148666,0.0241192968660334,0.6827807317133154,0,0.9997269961304718,-0.0015463709298555591,0.02331398603609006,3.3970065982740705,0.6794013196548141,0,0,0,BYPASS_VISIBLE,1,0,1,1,1
1787562408658584832,1787562408676818944,joint_v2_000006_1f4b2824,1972,242,0.03333333333333333,8.066666666666666,18.2340145111084,frame_id_exact,1,,1.2032859325408936,15.809270858764648,1.9238595962524414,-0.03026885497907201,-0.004370538305863175,0.14320886323586118,0.9892198523603666,-0.15630091726779938,0.5266368985176086,0.08898160606622696,0.5428738665795826,0.0005344587465373237,0.12240018454197049,0.28754062697305316,-0.0030283601954579353,depth/001972.png,1.0,2.269011068548564e-05,0.06113690415205282,-0.9981293896263458,0.5428738665795826,0.0005344587465373237,0.12240018454197049,-0.0030283601954579353,0.9997450192640998,-0.0014518098091878134,0.022534167499660064,3.3780289276488418,0.6756057855297684,0.6,0.0,0.0761404037475586,-0.0017166347727021192,0.6,0.0,0.0761404037475586,-0.0017166347727021192,goal_capture,TERMINAL_SETTLING,NONE,DIRECT_LOCAL,PASS_THROUGH,0,6,0,0,0,0,1,0.6,3.3780289276488418,inf,0.0,0,0,1,CLEAR,none,nan,0.0,0.0,0,0,0,0,0.0832037315983897,0,0,1,1,0.0,0.6,"1.203,15.809;1.131,16.054;1.038,16.370;0.945,16.687;0.852,17.003;0.759,17.320;0.666,17.637;0.573,17.953;0.480,18.270;0.386,18.586;0.293,18.903;0.250,19.050",0.2500000000000004,19.05,2.0,0.2500000000000004,19.05,2.0,0.2500000000000004,19.05,2.0,2.4661857177802076,0.0,0.0,0,0,6,1,,,0,1,PASS_THROUGH,-1,0.9997077387686246,-0.0016421220452148666,0.0241192968660334,0.6827807317133154,0,0.9997450192640998,-0.0014518098091878134,0.022534167499660064,3.378886916887753,0.6757773833775506,0,0,0,BYPASS_VISIBLE,1,0,1,1,1
1787562408717441024,1787562408734137088,joint_v2_000006_1f4b2824,1973,243,0.03333333333333333,8.1,16.69597625732422,frame_id_exact,1,,1.197971224784851,15.827179908752441,1.9266960620880127,-0.0419060837693901,-0.00598400809424313,0.14309656572380874,0.9888030363365055,-0.162927508354187,0.5491423606872559,0.08077992498874664,0.5639165188756116,0.0005798291300084468,0.1289415569095369,0.28743164438338836,-0.0028675657231360674,depth/001973.png,1.0,0.00015922259456826668,0.08458630775938908,-0.9964161435804818,0.5639165188756116,0.0005798291300084468,0.1289415569095369,-0.0028675657231360674,0.9997610896851008,-0.001356186867328055,0.02181568951101015,3.3593479700038538,0.6718695940007707,0.6,0.0,0.0733039379119873,-0.0015750204672931867,0.6,0.0,0.0733039379119873,-0.0015750204672931867,goal_capture,TERMINAL_SETTLING,NONE,DIRECT_LOCAL,PASS_THROUGH,0,6,0,0,0,0,1,0.6,3.3593479700038538,inf,0.0,0,0,1,CLEAR,none,nan,0.0,0.0,0,0,0,0,0.0,0,0,1,1,0.0,0.6,"1.203,15.809;1.131,16.054;1.038,16.370;0.945,16.687;0.852,17.003;0.759,17.320;0.666,17.637;0.573,17.953;0.480,18.270;0.386,18.586;0.293,18.903;0.250,19.050",0.2500000000000004,19.05,2.0,0.2500000000000004,19.05,2.0,0.2500000000000004,19.05,2.0,2.4661857177802076,0.0,0.0,0,0,6,1,,,0,1,PASS_THROUGH,-1,0.9997077387686246,-0.0016421220452148666,0.0241192968660334,0.6827807317133154,0,0.9997610896851008,-0.001356186867328055,0.02181568951101015,3.3601476531370493,0.6720295306274099,0,0,0,BYPASS_VISIBLE,1,0,1,1,1
1787562408762651904,1787562408779680512,joint_v2_000006_1f4b2824,1974,244,0.03333333333333333,8.133333333333333,17.0285701751709,frame_id_exact,1,,1.192409873008728,15.845929145812988,1.9292206764221191,-0.044172052366429584,-0.006235144063842265,0.1430334685317164,0.9887119801276948,-0.17082048952579498,0.5761021375656128,0.07056456804275513,0.592212475538332,0.0005785538126381593,0.12384151123434976,0.287325788968075,-0.0026692005340009928,depth/001974.png,1.0,0.00030664045678421153,0.08913054328752625,-0.9960199055364811,0.592212475538332,0.0005785538126381593,0.12384151123434976,-0.0026692005340009928,0.9997747109014441,-0.0012636955182078738,0.02118798045051403,3.3397913718367223,0.6679582743673445,0.6,0.0,0.07077932357788086,-0.0016896535096816434,0.6,0.0,0.07077932357788086,-0.0016896535096816434,goal_capture,TERMINAL_SETTLING,NONE,DIRECT_LOCAL,PASS_THROUGH,0,6,0,0,0,0,1,0.6,3.3397913718367223,inf,0.0,0,0,1,CLEAR,none,nan,0.0,0.0,0,0,0,0,0.0,0,0,1,1,0.0,0.6,"1.203,15.809;1.131,16.054;1.038,16.370;0.945,16.687;0.852,17.003;0.759,17.320;0.666,17.637;0.573,17.953;0.480,18.270;0.386,18.586;0.293,18.903;0.250,19.050",0.2500000000000004,19.05,2.0,0.2500000000000004,19.05,2.0,0.2500000000000004,19.05,2.0,2.4661857177802076,0.0,0.0,0,0,6,1,,,0,1,PASS_THROUGH,-1,0.9997077387686246,-0.0016421220452148666,0.0241192968660334,0.6827807317133154,0,0.9997747109014441,-0.0012636955182078738,0.02118798045051403,3.340541291473757,0.6681082582947514,0,0,0,BYPASS_VISIBLE,1,0,1,1,1
1787562408809180160,1787562408827127040,joint_v2_000006_1f4b2824,1975,245,0.03333333333333333,8.166666666666666,17.946720123291016,frame_id_exact,1,,1.1865884065628052,15.865569114685059,1.931401252746582,-0.03674655569846468,-0.005096615893589507,0.1430309707196354,0.9890226774779898,-0.17825143039226532,0.6016637086868286,0.060516778379678726,0.621298807192286,0.0005258240313487724,0.10687650323463732,0.2872295242382782,-0.0024693862069398165,depth/001975.png,1.0,0.00043045366999956355,0.0741443016472697,-0.9972474303014657,0.621298807192286,0.0005258240313487724,0.10687650323463732,-0.0024693862069398165,0.9997858176234388,-0.0011804061787586337,0.02066217607816471,3.319306841293158,0.6638613682586316,0.6,0.0,0.06859874725341797,-0.0011457522911978435,0.6,0.0,0.06859874725341797,-0.0011457522911978435,goal_capture,TERMINAL_SETTLING,NONE,DIRECT_LOCAL,PASS_THROUGH,0,6,0,0,0,0,1,0.6,3.319306841293158,inf,0.0,0,0,1,CLEAR,none,nan,0.0,0.0,0,0,0,0,0.06764674947015495,0,0,1,1,0.0,0.6,"1.187,15.866;1.108,16.130;1.015,16.446;0.922,16.763;0.829,17.080;0.736,17.396;0.643,17.713;0.550,18.029;0.457,18.346;0.364,18.663;0.275,18.966;0.250,19.050",0.2500000000000004,19.05,2.0,0.2500000000000004,19.05,2.0,0.2500000000000004,19.05,2.0,2.4661857177802076,0.0,0.0,0,0,6,1,,,0,1,PASS_THROUGH,-1,0.9997077387686246,-0.0016421220452148666,0.0241192968660334,0.6827807317133154,0,0.9997858176234388,-0.0011804061787586337,0.02066217607816471,3.3200156166470514,0.6640031233294102,0,0,0,BYPASS_VISIBLE,1,0,1,1,1
1787562408867499008,1787562408890437888,joint_v2_000006_1f4b2824,1976,246,0.03333333333333333,8.2,22.93872833251953,frame_id_exact,1,,1.1805492639541626,15.885960578918457,1.9332821369171143,-0.021485624552087006,-0.0028521352157524654,0.14305200523206396,0.9894778203989231,-0.18362703919410706,0.6203930377960205,0.052885811775922775,0.6440982755707143,0.0004298878304736073,0.0808736456421514,0.28714592919341964,-0.002268372569233179,depth/001976.png,1.0,0.0005028742781471012,0.043335105227030025,-0.9990604665246356,0.6440982755707143,0.0004298878304736073,0.0808736456421514,-0.002268372569233179,0.9997948304055772,-0.0011089694155328243,0.02022541176635285,3.298039931656932,0.6596079863313864,0.6,0.0,0.06671786308288574,-0.0010432604131221934,0.6,0.0,0.06671786308288574,-0.0010432604131221934,goal_capture,TERMINAL_SETTLING,NONE,DIRECT_LOCAL,PASS_THROUGH,0,6,0,0,0,0,1,0.6,3.298039931656932,inf,0.0,0,0,1,CLEAR,none,nan,0.0,0.0,0,0,0,0,0.0,0,0,1,1,0.0,0.6,"1.187,15.866;1.108,16.130;1.015,16.446;0.922,16.763;0.829,17.080;0.736,17.396;0.643,17.713;0.550,18.029;0.457,18.346;0.364,18.663;0.275,18.966;0.250,19.050",0.2500000000000004,19.05,2.0,0.2500000000000004,19.05,2.0,0.2500000000000004,19.05,2.0,2.4661857177802076,0.0,0.0,0,0,6,1,,,1,1,PASS_THROUGH,-1,0.9999993848415873,-0.0011091963066973257,0.0,0.6596079863313864,0,0.9997948304055772,-0.0011089694155328243,0.02022541176635285,3.298714698796792,0.6597429397593584,0,0,0,BYPASS_VISIBLE,1,0,1,1,1
1787562408929897216,1787562408947130880,joint_v2_000006_1f4b2824,1977,247,0.03333333333333333,8.233333333333333,17.233610153198242,frame_id_exact,1,,1.1743820905685425,15.906805992126465,1.9349700212478638,-0.00193564378962932,-2.298127827094186e-05,0.1430445352645889,0.9897143596441947,-0.18579035997390747,0.6283023953437805,0.04902182146906853,0.655003086403144,0.0003104329656661624,0.05153598032288594,0.28707337788251425,-0.0020649044308811426,depth/001977.png,1.0,0.000508276730435167,0.003838043600044596,-0.999992505509961,0.655003086403144,0.0003104329656661624,0.05153598032288594,-0.0020649044308811426,0.9998025264809309,-0.0010471275226506928,0.01984468609725422,3.2763013934154426,0.6552602786830886,0.6,0.0,0.06502997875213623,-0.00121490180143069,0.6,0.0,0.06502997875213623,-0.00121490180143069,goal_capture,TERMINAL_SETTLING,NONE,DIRECT_LOCAL,PASS_THROUGH,0,6,0,0,0,0,1,0.6,3.2763013934154426,inf,0.0,0,0,1,CLEAR,none,nan,0.0,0.0,0,0,0,0,0.0,0,0,1,1,0.0,0.6,"1.187,15.866;1.108,16.130;1.015,16.446;0.922,16.763;0.829,17.080;0.736,17.396;0.643,17.713;0.550,18.029;0.457,18.346;0.364,18.663;0.275,18.966;0.250,19.050",0.2500000000000004,19.05,2.0,0.2500000000000004,19.05,2.0,0.2500000000000004,19.05,2.0,2.4661857177802076,0.0,0.0,0,0,6,1,,,0,1,PASS_THROUGH,-1,0.9997948304055772,-0.0011089694155328243,0.02022541176635285,0.6596079863313864,0,0.9998025264809309,-0.0010471275226506928,0.01984468609725422,3.2769467067122826,0.6553893413424565,0,0,0,BYPASS_VISIBLE,1,0,1,1,1
1787562408975657984,1787562408992744960,joint_v2_000006_1f4b2824,1978,248,0.03333333333333333,8.266666666666667,17.08698272705078,frame_id_exact,1,,1.168204426765442,15.927706718444824,1.9365941286087036,0.017500530432509015,0.002754106885558358,0.14298484243317053,0.989566309634784,-0.18427102267742157,0.6237146258354187,0.04889174550771713,0.6516895691698926,0.0001927104599388765,0.025822768175177715,0.28700644309213186,-0.001881790696643293,depth/001978.png,1.0,0.000446121601385051,-0.035423461711649694,-0.9993722926596875,0.6516895691698926,0.0001927104599388765,0.025822768175177715,-0.001881790696643293,0.9998097809632832,-0.0009893401307732906,0.01947878580038713,3.2545068298247957,0.6509013659649592,0.6,0.0,0.06340587139129639,-0.0012486104080289273,0.6,0.0,0.06340587139129639,-0.0012486104080289273,goal_capture,TERMINAL_SETTLING,NONE,DIRECT_LOCAL,PASS_THROUGH,0,6,0,0,0,0,1,0.6,3.254506829824796,inf,0.0,0,0,1,CLEAR,none,nan,0.0,0.0,0,0,0,0,0.05669578011156128,0,0,1,1,0.0,0.6,"1.168,15.928;1.120,16.091;1.058,16.302;0.996,16.513;0.934,16.724;0.872,16.935;0.810,17.146;0.748,17.357;0.686,17.568;0.624,17.779;0.562,17.990;0.500,18.202;0.437,18.413;0.375,18.624;0.313,18.835;0.261,19.011;0.250,19.050",0.2500000000000004,19.05,2.0,0.2500000000000004,19.05,2.0,0.2500000000000004,19.05,2.0,2.4661857177802076,0.0,0.0,0,0,6,1,,,0,1,PASS_THROUGH,-1,0.9997948304055772,-0.0011089694155328243,0.02022541176635285,0.6596079863313864,0,0.9998097809632832,-0.0009893401307732906,0.01947878580038713,3.255124423106302,0.6510248846212604,0,0,0,BYPASS_VISIBLE,1,0,1,1,1
1787562409035413504,1787562409052117760,joint_v2_000006_1f4b2824,1979,249,0.03333333333333333,8.3,16.704320907592773,frame_id_exact,1,,1.1621347665786743,15.948259353637695,1.9382610321044922,0.032543796637659286,0.00486816024634983,0.14289556769275358,0.9891906080478061,-0.17942652106285095,0.6077601313591003,0.05136656016111374,0.6356989117640719,9.999270534783526e-05,0.009573965561233438,0.28694011949771003,-0.0017283209599554539,depth/001979.png,1.0,0.0003303481974901955,-0.06577531301242358,-0.9978344046324451,0.6356989117640719,9.999270534783526e-05,0.009573965561233438,-0.0017283209599554539,0.9998172873435666,-0.0009306128676805308,0.019092561081283058,3.233076687877599,0.6466153375755198,0.6,0.0,0.06173896789550781,-0.0011432885523116054,0.6,0.0,0.06173896789550781,-0.0011432885523116054,goal_capture,TERMINAL_SETTLING,NONE,DIRECT_LOCAL,PASS_THROUGH,0,6,0,0,0,0,1,0.6,3.233076687877599,inf,0.0,0,0,1,CLEAR,none,nan,0.0,0.0,0,0,0,0,0.0,0,0,1,1,0.0,0.6,"1.168,15.928;1.120,16.091;1.058,16.302;0.996,16.513;0.934,16.724;0.872,16.935;0.810,17.146;0.748,17.357;0.686,17.568;0.624,17.779;0.562,17.990;0.500,18.202;0.437,18.413;0.375,18.624;0.313,18.835;0.261,19.011;0.250,19.050",0.2500000000000004,19.05,2.0,0.2500000000000004,19.05,2.0,0.2500000000000004,19.05,2.0,2.4661857177802076,0.0,0.0,0,0,6,1,,,0,1,PASS_THROUGH,-1,0.9997948304055772,-0.0011089694155328243,0.02022541176635285,0.6596079863313864,0,0.9998172873435666,-0.0009306128676805308,0.019092561081283058,3.2336661191060507,0.6467332238212101,0,0,0,BYPASS_VISIBLE,1,0,1,1,1
1787562409079992576,1787562409095622144,joint_v2_000006_1f4b2824,1980,250,0.03333333333333333,8.333333333333334,15.62952995300293,frame_id_exact,1,,1.1562671661376953,15.9681396484375,1.9400330781936646,0.039973320855042876,0.005866932629765837,0.14282505057340522,0.9889230089597683,-0.1723857969045639,0.5842061638832092,0.05499938502907753,0.6115609539267869,4.708366644117514e-05,0.005642221408283354,0.2868736262045717,-0.0015965600032359362,depth/001980.png,1.0,0.0001855061937676497,-0.08073696337528065,-0.9967354254426751,0.6115609539267869,4.708366644117514e-05,0.005642221408283354,-0.0015965600032359362,0.9998254264294325,-0.0008705181270300031,0.018664374176331013,3.212348580548535,0.642469716109707,0.6,0.0,0.05996692180633545,-0.0012065315469944604,0.6,0.0,0.05996692180633545,-0.0012065315469944604,goal_capture,TERMINAL_SETTLING,NONE,DIRECT_LOCAL,PASS_THROUGH,0,6,0,0,0,0,1,0.6,3.2123485805485354,inf,0.0,0,0,1,CLEAR,none,nan,0.0,0.0,0,0,0,0,0.0,0,0,1,1,0.0,0.6,"1.168,15.928;1.120,16.091;1.058,16.302;0.996,16.513;0.934,16.724;0.872,16.935;0.810,17.146;0.748,17.357;0.686,17.568;0.624,17.779;0.562,17.990;0.500,18.202;0.437,18.413;0.375,18.624;0.313,18.835;0.261,19.011;0.250,19.050",0.2500000000000004,19.05,2.0,0.2500000000000004,19.05,2.0,0.2500000000000004,19.05,2.0,2.4661857177802076,0.0,0.0,0,0,6,1,,,0,1,PASS_THROUGH,-1,0.9997948304055772,-0.0011089694155328243,0.02022541176635285,0.6596079863313864,0,0.9998254264294325,-0.0008705181270300031,0.018664374176331013,3.2129082518277916,0.6425816503655584,0,0,0,BYPASS_VISIBLE,1,0,1,1,1
1787562409126009856,1787562409142845952,joint_v2_000006_1f4b2824,1981,251,0.03333333333333333,8.366666666666667,16.835927963256836,frame_id_exact,1,,1.1506487131118774,15.987181663513184,1.9419283866882324,0.038317493320494715,0.005553637430606417,0.142806264338521,0.9889930726160825,-0.16477471590042114,0.5585411787033081,0.05865690857172012,0.5851320052225253,3.807116563651879e-05,0.013421000163525904,0.28681045675222305,-0.0014882920077070594,depth/001981.png,1.0,4.106173355008895e-05,-0.07737765933787555,-0.9970018536338464,0.5851320052225253,3.807116563651879e-05,0.013421000163525904,-0.0014882920077070594,0.9998342716889135,-0.0008130345406328544,0.01818703194960034,3.1924949908731195,0.6384989981746239,0.6,0.0,0.05807161331176758,-0.0012576687172360934,0.6,0.0,0.05807161331176758,-0.0012576687172360934,goal_capture,TERMINAL_SETTLING,NONE,DIRECT_LOCAL,PASS_THROUGH,0,6,0,0,0,0,1,0.6,3.192494990873119,inf,0.0,0,0,1,CLEAR,none,nan,0.0,0.0,0,0,0,0,0.04659115898303144,0,0,1,1,0.0,0.6,"1.151,15.987;1.106,16.137;1.045,16.347;0.983,16.558;0.921,16.769;0.859,16.980;0.797,17.191;0.735,17.402;0.673,17.613;0.610,17.824;0.548,18.035;0.486,18.246;0.424,18.457;0.362,18.668;0.300,18.879;0.254,19.035;0.250,19.050",0.2500000000000004,19.05,2.0,0.2500000000000004,19.05,2.0,0.2500000000000004,19.05,2.0,2.4661857177802076,0.0,0.0,0,0,6,1,,,0,1,PASS_THROUGH,-1,0.9997948304055772,-0.0011089694155328243,0.02022541176635285,0.6596079863313864,0,0.9998342716889135,-0.0008130345406328544,0.01818703194960034,3.1930231096912824,0.6386046219382565,0,0,0,BYPASS_VISIBLE,1,0,1,1,1
1787562409172937984,1787562409191085312,joint_v2_000006_1f4b2824,1982,252,0.03333333333333333,8.4,18.14746856689453,frame_id_exact,1,,1.145269513130188,16.00541877746582,1.9439353942871094,0.02813244876891803,0.004023647240166886,0.14282963971700957,0.9893392085667384,-0.15831302106380463,0.5366122722625732,0.06161191314458847,0.5620748475390285,6.843440145936728e-05,0.02972595336061709,0.28675405405458837,-0.0014110356569290161,depth/001982.png,1.0,-7.479109176668566e-05,-0.05681446137149411,-0.9983847511783018,0.5620748475390285,6.843440145936728e-05,0.02972595336061709,-0.0014110356569290161,0.9998436921584304,-0.0007616102527560215,0.017663838790605752,3.173481104677967,0.6346962209355934,0.6,0.0,0.056064605712890625,-0.0011590594004556865,0.6,0.0,0.056064605712890625,-0.0011590594004556865,goal_capture,TERMINAL_SETTLING,NONE,DIRECT_LOCAL,PASS_THROUGH,0,6,0,0,0,0,1,0.6,3.173481104677967,inf,0.0,0,0,1,CLEAR,none,nan,0.0,0.0,0,0,0,0,0.0,0,0,1,1,0.0,0.6,"1.151,15.987;1.106,16.137;1.045,16.347;0.983,16.558;0.921,16.769;0.859,16.980;0.797,17.191;0.735,17.402;0.673,17.613;0.610,17.824;0.548,18.035;0.486,18.246;0.424,18.457;0.362,18.668;0.300,18.879;0.254,19.035;0.250,19.050",0.2500000000000004,19.05,2.0,0.2500000000000004,19.05,2.0,0.2500000000000004,19.05,2.0,2.4661857177802076,0.0,0.0,0,0,6,1,,,1,1,PASS_THROUGH,-1,0.9999997098843499,-0.0007617290960318336,0.0,0.6346962209355934,0,0.9998436921584304,-0.0007616102527560215,0.017663838790605752,3.173976301386296,0.6347952602772592,0,0,0,BYPASS_VISIBLE,1,0,1,1,1
1787562409222855424,1787562409239998464,joint_v2_000006_1f4b2824,1983,253,0.03333333333333333,8.433333333333334,17.14324951171875,frame_id_exact,1,,1.1400660276412964,16.023052215576172,1.9460200071334839,0.011819182574335214,0.0016349147966389218,0.1428527290439427,0.9896720324337656,-0.15441226959228516,0.5232551693916321,0.0632416307926178,0.5469168022738181,0.00012730968214870572,0.05020577998439987,0.2867050896000475,-0.0013584676198661327,depth/001983.png,1.0,-0.00014074607233343804,-0.023861332961004535,-0.9997152679537645,0.5469168022738181,0.00012730968214870572,0.05020577998439987,-0.0013584676198661327,0.9998534181663516,-0.0007182279730076721,0.017106324258625863,3.1550959451638683,0.6310191890327737,0.6,0.0,0.05397999286651611,-0.0011941469775295088,0.6,0.0,0.05397999286651611,-0.0011941469775295088,goal_capture,TERMINAL_SETTLING,NONE,DIRECT_LOCAL,PASS_THROUGH,0,6,0,0,0,0,1,0.6,3.1550959451638683,inf,0.0,0,0,1,CLEAR,none,nan,0.0,0.0,0,0,0,0,0.0,0,0,1,1,0.0,0.6,"1.151,15.987;1.106,16.137;1.045,16.347;0.983,16.558;0.921,16.769;0.859,16.980;0.797,17.191;0.735,17.402;0.673,17.613;0.610,17.824;0.548,18.035;0.486,18.246;0.424,18.457;0.362,18.668;0.300,18.879;0.254,19.035;0.250,19.050",0.2500000000000004,19.05,2.0,0.2500000000000004,19.05,2.0,0.2500000000000004,19.05,2.0,2.4661857177802076,0.0,0.0,0,0,6,1,,,0,1,PASS_THROUGH,-1,0.9998436921584304,-0.0007616102527560215,0.017663838790605752,0.6346962209355934,0,0.9998534181663516,-0.0007182279730076721,0.017106324258625863,3.1555576785759047,0.631111535715181,0,0,0,BYPASS_VISIBLE,1,0,1,1,1
1787562409272448000,1787562409289246976,joint_v2_000006_1f4b2824,1984,254,0.03333333333333333,8.466666666666667,16.798973083496094,frame_id_exact,1,,1.1349376440048218,16.04042625427246,1.9481267929077148,-0.006934797230880846,-0.0010747372485689149,0.14283584122697845,0.9897215143605774,-0.15386876463890076,0.5212403535842896,0.06279389560222626,0.5425420485072339,0.00019986226413229474,0.07041492681051083,0.2866602271030876,-0.001322453492321074,depth/001984.png,1.0,-0.00014630596196392063,0.014034058032256479,-0.9999015070544263,0.5425420485072339,0.00019986226413229474,0.07041492681051083,-0.001322453492321074,0.9998630770959626,-0.0006793699405380833,0.01653376897978431,3.136980835891303,0.6273961671782606,0.6,0.0,0.051873207092285156,-0.0008793787109528939,0.6,0.0,0.051873207092285156,-0.0008793787109528939,goal_capture,TERMINAL_SETTLING,NONE,DIRECT_LOCAL,PASS_THROUGH,0,6,0,0,0,0,1,0.6,3.136980835891303,inf,0.0,0,0,1,CLEAR,none,nan,0.0,0.0,0,0,0,0,0.03893035478793911,0,0,1,1,0.0,0.6,"1.135,16.040;1.093,16.183;1.032,16.389;0.970,16.600;0.908,16.811;0.846,17.022;0.784,17.233;0.722,17.444;0.660,17.655;0.598,17.866;0.536,18.077;0.474,18.288;0.412,18.499;0.350,18.710;0.288,18.920;0.250,19.050",0.2500000000000004,19.05,2.0,0.2500000000000004,19.05,2.0,0.2500000000000004,19.05,2.0,2.4661857177802076,0.0,0.0,0,0,6,1,,,0,1,PASS_THROUGH,-1,0.9998436921584304,-0.0007616102527560215,0.017663838790605752,0.6346962209355934,0,0.9998630770959626,-0.0006793699405380833,0.01653376897978431,3.1374096950132824,0.6274819390026565,0,0,0,BYPASS_VISIBLE,1,0,1,1,1
1787562409320679936,1787562409336094208,joint_v2_000006_1f4b2824,1985,255,0.03333333333333333,8.5,15.414237976074219,frame_id_exact,1,,1.1297701597213745,16.05792999267578,1.9501737356185913,-0.023951266988270884,-0.0035034021272244823,0.14277448546666316,0.9894592004134992,-0.1567068248987198,0.5307244062423706,0.059575919061899185,0.549844476349103,0.0002691591072811184,0.08628843413216192,0.28661493954270706,-0.0012795499060302973,depth/001985.png,1.0,-9.368729401087669e-05,0.048397995838404075,-0.998828125966383,0.549844476349103,0.0002691591072811184,0.08628843413216192,-0.0012795499060302973,0.9998721956991088,-0.0006404520625339559,0.01597441983292692,3.11873026449312,0.6237460528986241,0.6,0.0,0.04982626438140869,-0.0008256769065678737,0.6,0.0,0.04982626438140869,-0.0008256769065678737,goal_capture,TERMINAL_SETTLING,NONE,DIRECT_LOCAL,PASS_THROUGH,0,6,0,0,0,0,1,0.6,3.11873026449312,inf,0.0,0,0,1,CLEAR,none,nan,0.0,0.0,0,0,0,0,0.0,0,0,1,1,0.0,0.6,"1.135,16.040;1.093,16.183;1.032,16.389;0.970,16.600;0.908,16.811;0.846,17.022;0.784,17.233;0.722,17.444;0.660,17.655;0.598,17.866;0.536,18.077;0.474,18.288;0.412,18.499;0.350,18.710;0.288,18.920;0.250,19.050",0.2500000000000004,19.05,2.0,0.2500000000000004,19.05,2.0,0.2500000000000004,19.05,2.0,2.4661857177802076,0.0,0.0,0,0,6,1,,,0,1,PASS_THROUGH,-1,0.9998436921584304,-0.0007616102527560215,0.017663838790605752,0.6346962209355934,0,0.9998721956991088,-0.0006404520625339559,0.01597441983292692,3.1191282627182124,0.6238256525436425,0,0,0,BYPASS_VISIBLE,1,0,1,1,1
1787562409362257664,1787562409379128576,joint_v2_000006_1f4b2824,1986,256,0.03333333333333333,8.533333333333333,16.870975494384766,frame_id_exact,1,,1.1244609355926514,16.075908660888672,1.952064871788025,-0.03546380921846078,-0.005115037460980893,0.1427022323358239,0.989116892745171,-0.162203848361969,0.5493181943893433,0.0534902960062027,0.5674642066256872,0.0003183691011080626,0.09437187990724194,0.2865672912761845,-0.0012165725929662585,depth/001986.png,1.0,2.789565851110329e-06,0.07161556008646963,-0.9974323092549787,0.5674642066256872,0.0003183691011080626,0.09437187990724194,-0.0012165725929662585,0.9998802889191156,-0.0005998963994031489,0.015461175742350435,3.099984067903349,0.6199968135806697,0.6,0.0,0.0479351282119751,-0.0008873745111392939,0.6,0.0,0.0479351282119751,-0.0008873745111392939,goal_capture,TERMINAL_SETTLING,NONE,DIRECT_LOCAL,PASS_THROUGH,0,6,0,0,0,0,1,0.6,3.0999840679033484,inf,0.0,0,0,1,CLEAR,none,nan,0.0,0.0,0,0,0,0,0.0,0,0,1,1,0.0,0.6,"1.135,16.040;1.093,16.183;1.032,16.389;0.970,16.600;0.908,16.811;0.846,17.022;0.784,17.233;0.722,17.444;0.660,17.655;0.598,17.866;0.536,18.077;0.474,18.288;0.412,18.499;0.350,18.710;0.288,18.920;0.250,19.050",0.2500000000000004,19.05,2.0,0.2500000000000004,19.05,2.0,0.2500000000000004,19.05,2.0,2.4661857177802076,0.0,0.0,0,0,6,1,,,0,1,PASS_THROUGH,-1,0.9998436921584304,-0.0007616102527560215,0.017663838790605752,0.6346962209355934,0,0.9998802889191156,-0.0005998963994031489,0.015461175742350435,3.100354656772559,0.6200709313545117,0,0,0,BYPASS_VISIBLE,1,0,1,1,1
1787562409407968000,1787562409424692224,joint_v2_000006_1f4b2824,1987,257,0.03333333333333333,8.566666666666666,16.724109649658203,frame_id_exact,1,,1.1189414262771606,16.094602584838867,1.9537162780761719,-0.03896876065047597,-0.0055608049188023995,0.1426615934533305,0.9889884644905509,-0.1690865159034729,0.5727401971817017,0.04544144123792648,0.5917526011595425,0.0003340623615704492,0.09227814114482222,0.2865188805863047,-0.0011449321173131466,depth/001987.png,1.0,0.0001195471426409158,0.078665936098827,-0.9969010262840419,0.5917526011595425,0.0003340623615704492,0.09227814114482222,-0.0011449321173131466,0.9998869910214186,-0.0005586590239405591,0.015023085110198524,3.0804923443893992,0.6160984688778799,0.6,0.0,0.046283721923828125,-0.00046739358145420073,0.6,0.0,0.046283721923828125,-0.00046739358145420073,goal_capture,TERMINAL_SETTLING,NONE,DIRECT_LOCAL,PASS_THROUGH,0,6,0,0,0,0,1,0.6,3.0804923443893992,inf,0.0,0,0,1,CLEAR,none,nan,0.0,0.0,0,0,0,0,0.03201241861869354,0,0,1,1,0.0,0.6,"1.119,16.095;1.074,16.248;1.012,16.458;0.950,16.669;0.888,16.880;0.826,17.092;0.764,17.303;0.702,17.514;0.640,17.725;0.578,17.936;0.516,18.147;0.453,18.358;0.391,18.569;0.329,18.780;0.272,18.975;0.250,19.050",0.2500000000000004,19.05,2.0,0.2500000000000004,19.05,2.0,0.2500000000000004,19.05,2.0,2.4661857177802076,0.0,0.0,0,0,6,1,,,0,1,PASS_THROUGH,-1,0.9998436921584304,-0.0007616102527560215,0.017663838790605752,0.6346962209355934,0,0.9998869910214186,-0.0005586590239405591,0.015023085110198524,3.080840026154688,0.6161680052309376,0,0,0,BYPASS_VISIBLE,1,0,1,1,1
1787562409452893952,1787562409469457920,joint_v2_000006_1f4b2824,1988,258,0.03333333333333333,8.6,16.563892364501953,frame_id_exact,1,,1.1131901741027832,16.114086151123047,1.9550909996032715,-0.03380590540126286,-0.004759937904553837,0.14266822995033376,0.9891816212981237,-0.17582818865776062,0.5958182215690613,0.03719591721892357,0.6172341888530102,0.0003098577939149822,0.07950032350411666,0.2864737193986028,-0.001057163579389453,depth/001988.png,1.0,0.0002291711835232836,0.06823854445957678,-0.9976690075022914,0.6172341888530102,0.0003098577939149822,0.07950032350411666,-0.001057163579389453,0.999892199753225,-0.0005206289447361964,0.014673711805754424,3.060177675347476,0.6120355350694953,0.6,0.0,0.044909000396728516,-0.00041594103247277747,0.6,0.0,0.044909000396728516,-0.00041594103247277747,goal_capture,TERMINAL_SETTLING,NONE,DIRECT_LOCAL,PASS_THROUGH,0,6,0,0,0,0,1,0.6,3.060177675347476,inf,0.0,0,0,1,CLEAR,none,nan,0.0,0.0,0,0,0,0,0.0,0,0,1,1,0.0,0.6,"1.119,16.095;1.074,16.248;1.012,16.458;0.950,16.669;0.888,16.880;0.826,17.092;0.764,17.303;0.702,17.514;0.640,17.725;0.578,17.936;0.516,18.147;0.453,18.358;0.391,18.569;0.329,18.780;0.272,18.975;0.250,19.050",0.2500000000000004,19.05,2.0,0.2500000000000004,19.05,2.0,0.2500000000000004,19.05,2.0,2.4661857177802076,0.0,0.0,0,0,6,1,,,1,1,PASS_THROUGH,-1,0.9999998644435539,-0.0005206850041335768,0.0,0.6120355350694953,0,0.999892199753225,-0.0005206289447361964,0.014673711805754424,3.0605071839503526,0.6121014367900706,0,0,0,BYPASS_VISIBLE,1,0,1,1,1
1787562409499873536,1787562409518732288,joint_v2_000006_1f4b2824,1989,259,0.03333333333333333,8.633333333333333,18.858671188354492,frame_id_exact,1,,1.1072373390197754,16.134265899658203,1.9562156200408936,-0.021286196632399564,-0.002914683442141715,0.1426989845632767,0.9895329212603129,-0.1809643656015396,0.6135598421096802,0.03071257658302784,0.6377804386353665,0.0002487656144458715,0.0581643708582877,0.286435530240952,-0.000956074392888695,depth/001989.png,1.0,0.0003066868472122045,0.04295862940739359,-0.9990768049067179,0.6377804386353665,0.0002487656144458715,0.0581643708582877,-0.000956074392888695,0.9998961182048934,-0.0004886869033305109,0.014405345670825614,3.0391382330038392,0.6078276466007678,0.6,0.0,0.043784379959106445,-0.0005159149361405602,0.6,0.0,0.043784379959106445,-0.0005159149361405602,goal_capture,TERMINAL_SETTLING,NONE,DIRECT_LOCAL,PASS_THROUGH,0,6,0,0,0,0,1,0.6,3.0391382330038392,inf,0.0,0,0,1,CLEAR,none,nan,0.0,0.0,0,0,0,0,0.0,0,0,1,1,0.0,0.6,"1.119,16.095;1.074,16.248;1.012,16.458;0.950,16.669;0.888,16.880;0.826,17.092;0.764,17.303;0.702,17.514;0.640,17.725;0.578,17.936;0.516,18.147;0.453,18.358;0.391,18.569;0.329,18.780;0.272,18.975;0.250,19.050",0.2500000000000004,19.05,2.0,0.2500000000000004,19.05,2.0,0.2500000000000004,19.05,2.0,2.4661857177802076,0.0,0.0,0,0,6,1,,,0,1,PASS_THROUGH,-1,0.999892199753225,-0.0005206289447361964,0.014673711805754424,0.6120355350694953,0,0.9998961182048934,-0.0004886869033305109,0.014405345670825614,3.039453613930323,0.6078907227860646,0,0,0,BYPASS_VISIBLE,1,0,1,1,1
1787562409546269952,1787562409563223296,joint_v2_000006_1f4b2824,1990,260,0.03333333333333333,8.666666666666666,16.953468322753906,frame_id_exact,1,,1.1011561155319214,16.154890060424805,1.9571739435195923,-0.0043434904623617454,-0.0004570845629511267,0.14271259846539064,0.9897545349244742,-0.18337948620319366,0.6221312880516052,0.027321211993694305,0.6483317271849411,0.00016371388174098303,0.032981341404755046,0.28640434492322747,-0.0008631637319922447,depth/001990.png,1.0,0.00033493858253687357,0.008728442216441822,-0.9999618503286114,0.6483317271849411,0.00016371388174098303,0.032981341404755046,-0.0008631637319922447,0.9998992026426836,-0.0004631135516044299,0.014190492604695527,3.0176362098892047,0.6035272419778409,0.6,0.0,0.042826056480407715,-0.000490778837351491,0.6,0.0,0.042826056480407715,-0.000490778837351491,goal_capture,TERMINAL_SETTLING,NONE,DIRECT_LOCAL,PASS_THROUGH,0,6,0,0,0,0,1,0.6,3.0176362098892047,inf,0.0,0,0,1,CLEAR,none,nan,0.0,0.0,0,0,0,0,0.0265371249169412,0,0,1,1,0.0,0.6,"1.101,16.155;1.053,16.318;0.991,16.529;0.929,16.740;0.867,16.951;0.805,17.162;0.743,17.373;0.681,17.584;0.619,17.795;0.557,18.006;0.495,18.217;0.433,18.428;0.371,18.639;0.309,18.851;0.259,19.020;0.250,19.050",0.2500000000000004,19.05,2.0,0.2500000000000004,19.05,2.0,0.2500000000000004,19.05,2.0,2.4661857177802076,0.0,0.0,0,0,6,1,,,0,1,PASS_THROUGH,-1,0.999892199753225,-0.0005206289447361964,0.014673711805754424,0.6120355350694953,0,0.9998992026426836,-0.0004631135516044299,0.014190492604695527,3.0179400866067816,0.6035880173213564,0,0,0,BYPASS_VISIBLE,1,0,1,1,1
1787562409593358080,1787562409610025472,joint_v2_000006_1f4b2824,1991,261,0.03333333333333333,8.7,16.66736602783203,frame_id_exact,1,,1.095048189163208,16.175621032714844,1.9580755233764648,0.013165499563945091,0.0020537394085632177,0.14268476437544952,0.9896784880913579,-0.18254497647285461,0.6196756362915039,0.027226869016885757,0.6464996326876247,7.414465837664383e-05,0.010004223235911946,0.28637651604739456,-0.0007846002699807286,depth/001991.png,1.0,0.0003080510192677924,-0.026645298054024054,-0.9996449035513469,0.6464996326876247,7.414465837664383e-05,0.010004223235911946,-0.0007846002699807286,0.9999020105890151,-0.00043947199234178484,0.013992000729457256,2.9960241804063106,0.5992048360812621,0.6,0.0,0.041924476623535156,-0.00045045750068195556,0.6,0.0,0.041924476623535156,-0.00045045750068195556,goal_capture,TERMINAL_SETTLING,NONE,DIRECT_LOCAL,PASS_THROUGH,0,6,0,0,0,0,1,0.6,2.99602418040631,inf,0.0,0,0,1,CLEAR,none,nan,0.0,0.0,0,0,0,0,0.0,0,0,1,1,0.0,0.6,"1.101,16.155;1.053,16.318;0.991,16.529;0.929,16.740;0.867,16.951;0.805,17.162;0.743,17.373;0.681,17.584;0.619,17.795;0.557,18.006;0.495,18.217;0.433,18.428;0.371,18.639;0.309,18.851;0.259,19.020;0.250,19.050",0.2500000000000004,19.05,2.0,0.2500000000000004,19.05,2.0,0.2500000000000004,19.05,2.0,2.4661857177802076,0.0,0.0,0,0,6,1,,,0,1,PASS_THROUGH,-1,0.999892199753225,-0.0005206289447361964,0.014673711805754424,0.6120355350694953,0,0.9999020105890151,-0.00043947199234178484,0.013992000729457256,2.996317498416925,0.599263499683385,0,0,0,BYPASS_VISIBLE,1,0,1,1,1
1787562409637906688,1787562409654054400,joint_v2_000006_1f4b2824,1992,262,0.03333333333333333,8.733333333333333,16.147613525390625,frame_id_exact,1,,1.0890207290649414,16.196088790893555,1.9590190649032593,0.02733453498520578,0.004057854585220857,0.1426278371333097,0.9893905483114249,-0.17866231501102448,0.606812059879303,0.029629047960042953,0.6332378806658507,-3.725264345067978e-07,-0.005363375127924428,0.2863483078991255,-0.0007144313422031701,depth/001992.png,1.0,0.0002322747381100134,-0.05524658715948422,-0.9984727140266155,0.6332378806658507,-3.725264345067978e-07,-0.005363375127924428,-0.0007144313422031701,0.9999050308938904,-0.0004145172884768847,0.013775244771162614,2.9746873740385027,0.5949374748077005,0.6,0.0,0.04098093509674072,-0.0005078672957897767,0.6,0.0,0.04098093509674072,-0.0005078672957897767,goal_capture,TERMINAL_SETTLING,NONE,DIRECT_LOCAL,PASS_THROUGH,0,6,0,0,0,0,1,0.6,2.9746873740385027,inf,0.0,0,0,1,CLEAR,none,nan,0.0,0.0,0,0,0,0,0.0,0,0,1,1,0.0,0.6,"1.101,16.155;1.053,16.318;0.991,16.529;0.929,16.740;0.867,16.951;0.805,17.162;0.743,17.373;0.681,17.584;0.619,17.795;0.557,18.006;0.495,18.217;0.433,18.428;0.371,18.639;0.309,18.851;0.259,19.020;0.250,19.050",0.2500000000000004,19.05,2.0,0.2500000000000004,19.05,2.0,0.2500000000000004,19.05,2.0,2.4661857177802076,0.0,0.0,0,0,6,1,,,0,1,PASS_THROUGH,-1,0.999892199753225,-0.0005206289447361964,0.014673711805754424,0.6120355350694953,0,0.9999050308938904,-0.0004145172884768847,0.013775244771162614,2.9749696486360135,0.5949939297272027,0,0,0,BYPASS_VISIBLE,1,0,1,1,1
1787562409682347520,1787562409701495296,joint_v2_000006_1f4b2824,1993,263,0.03333333333333333,8.766666666666667,19.147872924804688,frame_id_exact,1,,1.0831613540649414,16.215991973876953,1.9600669145584106,0.035073163596275096,0.005118413562731918,0.14257892140729433,0.9891485865168501,-0.17264032363891602,0.5865740180015564,0.03330739960074425,0.6122754635586006,-4.541311355108939e-05,-0.010094427698160942,0.2863184966857803,-0.0006527804071083665,depth/001993.png,1.0,0.00012435540977293567,-0.07084469616204109,-0.9974873500758995,0.6122754635586006,-4.541311355108939e-05,-0.010094427698160942,-0.0006527804071083665,0.9999085614294336,-0.00038732214965133766,0.01351735039395746,2.953939629382628,0.5907879258765256,0.6,0.0,0.039933085441589355,-0.0006667909075014355,0.6,0.0,0.039933085441589355,-0.0006667909075014355,goal_capture,TERMINAL_SETTLING,NONE,DIRECT_LOCAL,PASS_THROUGH,0,6,0,0,0,0,1,0.6,2.9539396293826283,inf,0.0,0,0,1,CLEAR,none,nan,0.0,0.0,0,0,0,0,0.022193952760338156,0,0,1,1,0.0,0.6,"1.083,16.216;1.037,16.372;0.975,16.583;0.913,16.794;0.851,17.005;0.789,17.216;0.727,17.427;0.665,17.638;0.603,17.849;0.541,18.060;0.479,18.271;0.417,18.482;0.355,18.693;0.293,18.905;0.251,19.047;0.250,19.050",0.2500000000000004,19.05,2.0,0.2500000000000004,19.05,2.0,0.2500000000000004,19.05,2.0,2.4661857177802076,0.0,0.0,0,0,6,1,,,0,1,PASS_THROUGH,-1,0.999892199753225,-0.0005206289447361964,0.014673711805754424,0.6120355350694953,0,0.9999085614294336,-0.00038732214965133766,0.01351735039395746,2.954209536466576,0.5908419072933152,0,0,0,BYPASS_VISIBLE,1,0,1,1,1
1787562409734230528,1787562409751051520,joint_v2_000006_1f4b2824,1994,264,0.03333333333333333,8.8,16.820907592773438,frame_id_exact,1,,1.0775195360183716,16.23516273498535,1.9612425565719604,0.03478054757245459,0.005016758651125372,0.14256793006085483,0.9891610237779084,-0.16587956249713898,0.5636908411979675,0.03718781843781471,0.5887519799178029,-5.4765959009790825e-05,-0.00417500759700986,0.28628903054232846,-0.0006099171005189419,depth/001994.png,1.0,7.582899211822092e-06,-0.07023758188166253,-0.9975302912863931,0.5887519799178029,-5.4765959009790825e-05,-0.00417500759700986,-0.0006099171005189419,0.9999126951571623,-0.00035977772678145575,0.01320880855818265,2.9339559320152055,0.5867911864030411,0.6,0.0,0.03875744342803955,-0.0006069856910922988,0.6,0.0,0.03875744342803955,-0.0006069856910922988,goal_capture,TERMINAL_SETTLING,NONE,DIRECT_LOCAL,PASS_THROUGH,0,6,0,0,0,0,1,0.6,2.933955932015205,inf,0.0,0,0,1,CLEAR,none,nan,0.0,0.0,0,0,0,0,0.0,0,0,1,1,0.0,0.6,"1.083,16.216;1.037,16.372;0.975,16.583;0.913,16.794;0.851,17.005;0.789,17.216;0.727,17.427;0.665,17.638;0.603,17.849;0.541,18.060;0.479,18.271;0.417,18.482;0.355,18.693;0.293,18.905;0.251,19.047;0.250,19.050",0.2500000000000004,19.05,2.0,0.2500000000000004,19.05,2.0,0.2500000000000004,19.05,2.0,2.4661857177802076,0.0,0.0,0,0,6,1,,,1,1,PASS_THROUGH,-1,0.9999999352686977,-0.00035980911657099184,0.0,0.5867911864030411,0,0.9999126951571623,-0.00035977772678145575,0.01320880855818265,2.934211913006334,0.5868423826012668,0,0,0,BYPASS_VISIBLE,1,0,1,1,1
1787562409788034816,1787562409804756992,joint_v2_000006_1f4b2824,1995,265,0.03333333333333333,8.833333333333334,16.72196388244629,frame_id_exact,1,,1.0720939636230469,16.253599166870117,1.9625396728515625,0.02666789448263008,0.003796106710071603,0.14259261173978416,0.9894148574055962,-0.15992632508277893,0.5434181690216064,0.04051453620195389,0.567822303713369,-2.994901700632795e-05,0.009949574344476277,0.28626267414847933,-0.000585875241085887,depth/001995.png,1.0,-9.34406892745621e-05,-0.053853815574141914,-0.9985488259554182,0.567822303713369,-2.994901700632795e-05,0.009949574344476277,-0.000585875241085887,0.9999173665581987,-0.00033524874337381575,0.012850979090985837,2.9147377419855394,0.5829475483971078,0.6,0.0,0.0374603271484375,-0.0005982933355380693,0.6,0.0,0.0374603271484375,-0.0005982933355380693,goal_capture,TERMINAL_SETTLING,NONE,DIRECT_LOCAL,PASS_THROUGH,0,6,0,0,0,0,1,0.6,2.914737741985539,inf,0.0,0,0,1,CLEAR,none,nan,0.0,0.0,0,0,0,0,0.0,0,0,1,1,0.0,0.6,"1.083,16.216;1.037,16.372;0.975,16.583;0.913,16.794;0.851,17.005;0.789,17.216;0.727,17.427;0.665,17.638;0.603,17.849;0.541,18.060;0.479,18.271;0.417,18.482;0.355,18.693;0.293,18.905;0.251,19.047;0.250,19.050",0.2500000000000004,19.05,2.0,0.2500000000000004,19.05,2.0,0.2500000000000004,19.05,2.0,2.4661857177802076,0.0,0.0,0,0,6,1,,,0,1,PASS_THROUGH,-1,0.9999126951571623,-0.00035977772678145575,0.01320880855818265,0.5867911864030411,0,0.9999173665581987,-0.00033524874337381575,0.012850979090985837,2.914978452864622,0.5829956905729243,0,0,0,BYPASS_VISIBLE,1,0,1,1,1
1787562409831907840,1787562409847587584,joint_v2_000006_1f4b2824,1996,266,0.03333333333333333,8.866666666666667,15.67983627319336,frame_id_exact,1,,1.0668342113494873,16.27147102355957,1.9639296531677246,0.012664357395928586,0.001745172006560136,0.1426215541141986,0.9896947310804814,-0.1561058610677719,0.5302901864051819,0.04266861826181412,0.5537001074653278,2.1227029498821282e-05,0.028522327815645843,0.2862406176249704,-0.0005753595032729208,depth/001996.png,1.0,-0.00015804558788652407,-0.0255654938620857,-0.9996731368528314,0.5537001074653278,2.1227029498821282e-05,0.028522327815645843,-0.0005753595032729208,0.999922398779445,-0.0003150944605407669,0.012453800008085438,2.8961079748086127,0.5792215949617225,0.6,0.0,0.03607034683227539,-0.0004977636701647414,0.6,0.0,0.03607034683227539,-0.0004977636701647414,goal_capture,TERMINAL_SETTLING,NONE,DIRECT_LOCAL,PASS_THROUGH,0,6,0,0,0,0,1,0.6,2.8961079748086127,inf,0.0,0,0,1,CLEAR,none,nan,0.0,0.0,0,0,0,0,0.01805498322810066,0,0,1,1,0.0,0.6,"1.067,16.271;1.024,16.416;0.964,16.622;0.902,16.834;0.839,17.045;0.777,17.256;0.715,17.467;0.653,17.678;0.591,17.889;0.529,18.100;0.467,18.311;0.405,18.522;0.343,18.733;0.283,18.938;0.250,19.050",0.2500000000000004,19.05,2.0,0.2500000000000004,19.05,2.0,0.2500000000000004,19.05,2.0,2.4661857177802076,0.0,0.0,0,0,6,1,,,0,1,PASS_THROUGH,-1,0.9999126951571623,-0.00035977772678145575,0.01320880855818265,0.5867911864030411,0,0.999922398779445,-0.0003150944605407669,0.012453800008085438,2.896332589961078,0.5792665179922156,0,0,0,BYPASS_VISIBLE,1,0,1,1,1
1787562409877489152,1787562409894383872,joint_v2_000006_1f4b2824,1997,267,0.03333333333333333,8.9,16.894817352294922,frame_id_exact,1,,1.0616540908813477,16.2890682220459,1.965362548828125,-0.004038981548277308,-0.0006697184977949944,0.14262105038243492,0.9897688993361012,-0.15522664785385132,0.5271062850952148,0.04297890514135361,0.5491170890490635,8.670827550823531e-05,0.04747577565378677,0.2862211939239232,-0.0005694403662346303,depth/001997.png,1.0,-0.0001736454990739916,0.008186348554186644,-0.9999664762103728,0.5491170890490635,8.670827550823531e-05,0.04747577565378677,-0.0005694403662346303,0.9999275279751482,-0.0002979678740747564,0.012035365081926552,2.8777641747998093,0.5755528349599619,0.6,0.0,0.034637451171875,-0.0004684348822270312,0.6,0.0,0.034637451171875,-0.0004684348822270312,goal_capture,TERMINAL_SETTLING,NONE,DIRECT_LOCAL,PASS_THROUGH,0,6,0,0,0,0,1,0.6,2.8777641747998093,inf,0.0,0,0,1,CLEAR,none,nan,0.0,0.0,0,0,0,0,0.0,0,0,1,1,0.0,0.6,"1.067,16.271;1.024,16.416;0.964,16.622;0.902,16.834;0.839,17.045;0.777,17.256;0.715,17.467;0.653,17.678;0.591,17.889;0.529,18.100;0.467,18.311;0.405,18.522;0.343,18.733;0.283,18.938;0.250,19.050",0.2500000000000004,19.05,2.0,0.2500000000000004,19.05,2.0,0.2500000000000004,19.05,2.0,2.4661857177802076,0.0,0.0,0,0,6,1,,,0,1,PASS_THROUGH,-1,0.9999126951571623,-0.00035977772678145575,0.01320880855818265,0.5867911864030411,0,0.9999275279751482,-0.0002979678740747564,0.012035365081926552,2.8779726195335686,0.5755945239067137,0,0,0,BYPASS_VISIBLE,1,0,1,1,1
1787562409920633856,1787562409937638144,joint_v2_000006_1f4b2824,1998,268,0.03333333333333333,8.933333333333334,17.00425148010254,frame_id_exact,1,,1.0564515590667725,16.30672836303711,1.9667662382125854,-0.01968947203739752,-0.0029068261478261115,0.14258314899781113,0.9895827002704236,-0.1574142724275589,0.5343543291091919,0.04084004834294319,0.5549914826476903,0.00015188780115022664,0.06297732027405331,0.2862013166286504,-0.0005594274844042957,depth/001998.png,1.0,-0.00013831588677190067,0.03979765066282612,-0.9992077501052697,0.5549914826476903,0.00015188780115022664,0.06297732027405331,-0.0005594274844042957,0.9999324221465463,-0.0002817280081276653,0.011622038094515943,2.8593536667027197,0.571870733340544,0.6,0.0,0.03323376178741455,-0.000495944196331477,0.6,0.0,0.03323376178741455,-0.000495944196331477,goal_capture,TERMINAL_SETTLING,NONE,DIRECT_LOCAL,PASS_THROUGH,0,6,0,0,0,0,1,0.6,2.8593536667027197,inf,0.0,0,0,1,CLEAR,none,nan,0.0,0.0,0,0,0,0,0.0,0,0,1,1,0.0,0.6,"1.067,16.271;1.024,16.416;0.964,16.622;0.902,16.834;0.839,17.045;0.777,17.256;0.715,17.467;0.653,17.678;0.591,17.889;0.529,18.100;0.467,18.311;0.405,18.522;0.343,18.733;0.283,18.938;0.250,19.050",0.2500000000000004,19.05,2.0,0.2500000000000004,19.05,2.0,0.2500000000000004,19.05,2.0,2.4661857177802076,0.0,0.0,0,0,6,1,,,0,1,PASS_THROUGH,-1,0.9999126951571623,-0.00035977772678145575,0.01320880855818265,0.5867911864030411,0,0.9999324221465463,-0.0002817280081276653,0.011622038094515943,2.8595467952472524,0.5719093590494505,0,0,0,BYPASS_VISIBLE,1,0,1,1,1
1787562409966082816,1787562409983176704,joint_v2_000006_1f4b2824,1999,269,0.03333333333333333,8.966666666666667,17.093896865844727,frame_id_exact,1,,1.0511318445205688,16.324785232543945,1.9680551290512085,-0.030791754224479537,-0.004467250003088079,0.14253162399543412,0.9893010905232105,-0.16210776567459106,0.5501835346221924,0.03612669184803963,0.5702109449887196,0.00020207664423913413,0.07173161580057869,0.28617878615573783,-0.0005437427316792309,depth/001999.png,1.0,-6.131312882302897e-05,0.06219808086226806,-0.9980638230983783,0.5702109449887196,0.00020207664423913413,0.07173161580057869,-0.0005437427316792309,0.999936734040658,-0.00026306980889484607,0.011245386181808271,2.840529486040497,0.5681058972080993,0.6,0.0,0.031944870948791504,-0.00018274689713604353,0.6,0.0,0.031944870948791504,-0.00018274689713604353,goal_capture,TERMINAL_SETTLING,NONE,DIRECT_LOCAL,PASS_THROUGH,0,6,0,0,0,0,1,0.6,2.840529486040497,inf,0.0,0,0,1,CLEAR,none,nan,0.0,0.0,0,0,0,0,0.015073743074053994,0,0,1,1,0.0,0.6,"1.051,16.325;1.007,16.473;0.946,16.682;0.884,16.893;0.822,17.104;0.760,17.315;0.698,17.526;0.636,17.737;0.574,17.948;0.512,18.159;0.450,18.370;0.388,18.581;0.326,18.792;0.269,18.984;0.250,19.050",0.2500000000000004,19.05,2.0,0.2500000000000004,19.05,2.0,0.2500000000000004,19.05,2.0,2.4661857177802076,0.0,0.0,0,0,6,1,,,0,1,PASS_THROUGH,-1,0.9999126951571623,-0.00035977772678145575,0.01320880855818265,0.5867911864030411,0,0.999936734040658,-0.00026306980889484607,0.011245386181808271,2.840709107924538,0.5681418215849077,0,0,0,BYPASS_VISIBLE,1,0,1,1,1
1787562410018524416,1787562410034721792,joint_v2_000006_1f4b2824,2000,270,0.03333333333333333,9.0,16.19744300842285,frame_id_exact,1,,1.0456287860870361,16.343461990356445,1.969152569770813,-0.034897692955474104,-0.005007739279474947,0.14250154574681825,0.9891665092558795,-0.16821405291557312,0.5709179043769836,0.029550926759839058,0.5916214219786058,0.00022486691063071076,0.071417931219969,0.2861543305035117,-0.0005088805337436497,depth/002000.png,1.0,3.897441362224821e-05,0.0704664794197441,-0.9975141471473885,0.5916214219786058,0.00022486691063071076,0.071417931219969,-0.0005088805337436497,0.9999401920308753,-0.00024291795261631655,0.010934045551616233,2.821058872639072,0.5642117745278143,0.6,0.0,0.03084743022918701,-0.0001579372011806246,0.6,0.0,0.03084743022918701,-0.0001579372011806246,goal_capture,TERMINAL_SETTLING,NONE,DIRECT_LOCAL,PASS_THROUGH,0,6,0,0,0,0,1,0.6,2.8210588726390715,inf,0.0,0,0,1,CLEAR,none,nan,0.0,0.0,0,0,0,0,0.0,0,0,1,1,0.0,0.6,"1.051,16.325;1.007,16.473;0.946,16.682;0.884,16.893;0.822,17.104;0.760,17.315;0.698,17.526;0.636,17.737;0.574,17.948;0.512,18.159;0.450,18.370;0.388,18.581;0.326,18.792;0.269,18.984;0.250,19.050",0.2500000000000004,19.05,2.0,0.2500000000000004,19.05,2.0,0.2500000000000004,19.05,2.0,2.4661857177802076,0.0,0.0,0,0,6,1,,,1,1,PASS_THROUGH,-1,0.9999999704919059,-0.00024293247474623713,0.0,0.5642117745278143,0,0.9999401920308753,-0.00024291795261631655,0.010934045551616233,2.821227521283488,0.5642455042566976,0,0,0,BYPASS_VISIBLE,1,0,1,1,1
1787562410066728448,1787562410084979712,joint_v2_000006_1f4b2824,2001,271,0.03333333333333333,9.033333333333333,18.251419067382812,frame_id_exact,1,,1.0399171113967896,16.36284828186035,1.9700199365615845,-0.031174712744432176,-0.004420367372278851,0.14250958785840737,0.9892924820324994,-0.1743667870759964,0.5919281244277954,0.022595979273319244,0.6144301134017897,0.00021316565335926512,0.06139095624440141,0.2861313015675538,-0.0004557296051643789,depth/002001.png,1.0,0.00013931851119209325,0.06294170735999143,-0.9980171952751925,0.6144301134017897,0.00021316565335926512,0.06139095624440141,-0.0004557296051643789,0.9999426928095713,-0.00022426627760314426,0.01070330796438225,2.8008486926605505,0.56016973853211,0.6,0.0,0.029980063438415527,-0.00021547137373456593,0.6,0.0,0.029980063438415527,-0.00021547137373456593,goal_capture,TERMINAL_SETTLING,NONE,DIRECT_LOCAL,PASS_THROUGH,0,6,0,0,0,0,1,0.6,2.8008486926605505,inf,0.0,0,0,1,CLEAR,none,nan,0.0,0.0,0,0,0,0,0.0,0,0,1,1,0.0,0.6,"1.051,16.325;1.007,16.473;0.946,16.682;0.884,16.893;0.822,17.104;0.760,17.315;0.698,17.526;0.636,17.737;0.574,17.948;0.512,18.159;0.450,18.370;0.388,18.581;0.326,18.792;0.269,18.984;0.250,19.050",0.2500000000000004,19.05,2.0,0.2500000000000004,19.05,2.0,0.2500000000000004,19.05,2.0,2.4661857177802076,0.0,0.0,0,0,6,1,,,0,1,PASS_THROUGH,-1,0.9999401920308753,-0.00024291795261631655,0.010934045551616233,0.5642117745278143,0,0.9999426928095713,-0.00022426627760314426,0.01070330796438225,2.801009140181818,0.5602018280363635,0,0,0,BYPASS_VISIBLE,1,0,1,1,1
1787562410110627328,1787562410128666368,joint_v2_000006_1f4b2824,2002,272,0.03333333333333333,9.066666666666666,18.03898811340332,frame_id_exact,1,,1.034019112586975,16.382877349853516,1.97067391872406,-0.020582526075638423,-0.00285518980801905,0.1425403598188424,0.9895708430093425,-0.17921654880046844,0.6086158156394958,0.016987226903438568,0.6332002007057225,0.00016809432839616522,0.043333888111706825,0.28611271687165085,-0.00040264613926410675,depth/002002.png,1.0,0.00021685617505822537,0.04154969492503483,-0.9991364150230116,0.6332002007057225,0.00016809432839616522,0.043333888111706825,-0.00040264613926410675,0.9999443413527458,-0.0002092164561078359,0.01054847975292573,2.7799692803745293,0.5559938560749058,0.6,0.0,0.02932608127593994,-0.00010473449591541506,0.6,0.0,0.02932608127593994,-0.00010473449591541506,goal_capture,TERMINAL_SETTLING,NONE,DIRECT_LOCAL,PASS_THROUGH,0,6,0,0,0,0,1,0.6,2.7799692803745293,inf,0.0,0,0,1,CLEAR,none,nan,0.0,0.0,0,0,0,0,0.011987886994317274,0,0,1,1,0.0,0.6,"1.034,16.383;0.987,16.543;0.925,16.754;0.863,16.965;0.801,17.176;0.739,17.387;0.677,17.598;0.615,17.809;0.553,18.020;0.491,18.232;0.429,18.443;0.366,18.654;0.304,18.865;0.257,19.027;0.250,19.050",0.2500000000000004,19.05,2.0,0.2500000000000004,19.05,2.0,0.2500000000000004,19.05,2.0,2.4661857177802076,0.0,0.0,0,0,6,1,,,0,1,PASS_THROUGH,-1,0.9999401920308753,-0.00024291795261631655,0.010934045551616233,0.5642117745278143,0,0.9999443413527458,-0.0002092164561078359,0.01054847975292573,2.780123957464681,0.5560247914929362,0,0,0,BYPASS_VISIBLE,1,0,1,1,1
1787562410158241792,1787562410175962880,joint_v2_000006_1f4b2824,2003,273,0.03333333333333333,9.1,17.721176147460938,frame_id_exact,1,,1.027996301651001,16.403337478637695,1.9711824655532837,-0.00561544165261954,-0.0006803965453859974,0.14256053585465625,0.9897699214930814,-0.18170210719108582,0.6173381805419922,0.013987692072987556,0.6433238141288536,9.966463759840975e-05,0.021265010786998145,0.28609896027147513,-0.00035378712345846,depth/002003.png,1.0,0.0002542086714942711,0.01130998587953221,-0.9999360077511741,0.6433238141288536,9.966463759840975e-05,0.021265010786998145,-0.00035378712345846,0.9999454224136372,-0.0001983872127054484,0.010445709000681432,2.758641105212222,0.5517282210424443,0.6,0.0,0.02881753444671631,-8.980280824300024e-05,0.6,0.0,0.02881753444671631,-8.980280824300024e-05,goal_capture,TERMINAL_SETTLING,NONE,DIRECT_LOCAL,PASS_THROUGH,0,6,0,0,0,0,1,0.6,2.758641105212222,inf,0.0,0,0,1,CLEAR,none,nan,0.0,0.0,0,0,0,0,0.0,0,0,1,1,0.0,0.6,"1.034,16.383;0.987,16.543;0.925,16.754;0.863,16.965;0.801,17.176;0.739,17.387;0.677,17.598;0.615,17.809;0.553,18.020;0.491,18.232;0.429,18.443;0.366,18.654;0.304,18.865;0.257,19.027;0.250,19.050",0.2500000000000004,19.05,2.0,0.2500000000000004,19.05,2.0,0.2500000000000004,19.05,2.0,2.4661857177802076,0.0,0.0,0,0,6,1,,,0,1,PASS_THROUGH,-1,0.9999401920308753,-0.00024291795261631655,0.010934045551616233,0.5642117745278143,0,0.9999454224136372,-0.0001983872127054484,0.010445709000681432,2.758791619107557,0.5517583238215115,0,0,0,BYPASS_VISIBLE,1,0,1,1,1
1787562410202629376,1787562410219888384,joint_v2_000006_1f4b2824,2004,274,0.03333333333333333,9.133333333333333,17.25912094116211,frame_id_exact,1,,1.0219383239746094,16.42392349243164,1.971640706062317,0.010297322221926076,0.0016059511943248158,0.14254754227800115,0.9897330873858471,-0.18127645552158356,0.6161842942237854,0.013923725113272667,0.6424467460834181,2.40103932718066e-05,0.0005345707551717288,0.2860877123255985,-0.0003073700063396245,depth/002004.png,1.0,0.0002432101179397606,-0.020841049820566417,-0.9997827721516386,0.6424467460834181,2.40103932718066e-05,0.0005345707551717288,-0.0003073700063396245,0.9999463136752348,-0.0001894681037203197,0.010360206037839752,2.7371822371963406,0.5474364474392681,0.6,0.0,0.028359293937683105,-0.00014965248891940508,0.6,0.0,0.028359293937683105,-0.00014965248891940508,goal_capture,TERMINAL_SETTLING,NONE,DIRECT_LOCAL,PASS_THROUGH,0,6,0,0,0,0,1,0.6,2.7371822371963406,inf,0.0,0,0,1,CLEAR,none,nan,0.0,0.0,0,0,0,0,0.0,0,0,1,1,0.0,0.6,"1.034,16.383;0.987,16.543;0.925,16.754;0.863,16.965;0.801,17.176;0.739,17.387;0.677,17.598;0.615,17.809;0.553,18.020;0.491,18.232;0.429,18.443;0.366,18.654;0.304,18.865;0.257,19.027;0.250,19.050",0.2500000000000004,19.05,2.0,0.2500000000000004,19.05,2.0,0.2500000000000004,19.05,2.0,2.4661857177802076,0.0,0.0,0,0,6,1,,,0,1,PASS_THROUGH,-1,0.9999401920308753,-0.00024291795261631655,0.010934045551616233,0.5642117745278143,0,0.9999463136752348,-0.0001894681037203197,0.010360206037839752,2.7373291452026387,0.5474658290405278,0,0,0,BYPASS_VISIBLE,1,0,1,1,1
1787562410256116480,1787562410273940224,joint_v2_000006_1f4b2824,2005,275,0.03333333333333333,9.166666666666666,17.82393455505371,frame_id_exact,1,,1.0159425735473633,16.444307327270508,1.972138524055481,0.023576418059370875,0.0034897760363646955,0.14250812239467356,0.9895066493087606,-0.17804697155952454,0.6054624319076538,0.016212625429034233,0.6311542538871489,-4.1553123724631675e-05,-0.013879331030169972,0.28607614890941313,-0.00026607810286805034,depth/002005.png,1.0,0.00018665104429684172,-0.04765268773430178,-0.9988639479494116,0.6311542538871489,-4.1553123724631675e-05,-0.013879331030169972,-0.00026607810286805034,0.9999473694510894,-0.000179282344059467,0.01025798156009491,2.715934890730727,0.5431869781461454,0.6,0.0,0.027861475944519043,-0.000321654284464179,0.6,0.0,0.027861475944519043,-0.000321654284464179,goal_capture,TERMINAL_SETTLING,NONE,DIRECT_LOCAL,PASS_THROUGH,0,6,0,0,0,0,1,0.6,2.715934890730727,inf,0.0,0,0,1,CLEAR,none,nan,0.0,0.0,0,0,0,0,0.010272662201605045,0,0,1,1,0.0,0.6,"1.016,16.444;0.969,16.604;0.907,16.815;0.845,17.026;0.783,17.237;0.721,17.448;0.659,17.659;0.597,17.870;0.535,18.081;0.473,18.292;0.411,18.503;0.349,18.714;0.287,18.924;0.250,19.050",0.2500000000000004,19.05,2.0,0.2500000000000004,19.05,2.0,0.2500000000000004,19.05,2.0,2.4661857177802076,0.0,0.0,0,0,6,1,,,0,1,PASS_THROUGH,-1,0.9999401920308753,-0.00024291795261631655,0.010934045551616233,0.5642117745278143,0,0.9999473694510894,-0.000179282344059467,0.01025798156009491,2.7160777957434012,0.5432155591486802,0,0,0,BYPASS_VISIBLE,1,0,1,1,1
1787562410303234048,1787562410321723648,joint_v2_000006_1f4b2824,2006,276,0.03333333333333333,9.2,18.489599227905273,frame_id_exact,1,,1.0100916624069214,16.464208602905273,1.9727373123168945,0.031292846338508463,0.004555831001386508,0.1424713266453214,0.9892936486482886,-0.1727709323167801,0.5876976847648621,0.01981496252119541,0.612594472767643,-8.296552962786034e-05,-0.01894733550025882,0.2860626619813427,-0.00023796332243364304,depth/002006.png,1.0,9.744268326231272e-05,-0.06321377883510539,-0.9980000043438426,0.612594472767643,-8.296552962786034e-05,-0.01894733550025882,-0.00023796332243364304,0.999948830408926,-0.0001661299602555779,0.010114789402509098,2.6951913632522677,0.5390382726504536,0.6,0.0,0.02726268768310547,-0.000287284816930522,0.6,0.0,0.02726268768310547,-0.000287284816930522,goal_capture,TERMINAL_SETTLING,NONE,DIRECT_LOCAL,PASS_THROUGH,0,6,0,0,0,0,1,0.6,2.6951913632522677,inf,0.0,0,0,1,CLEAR,none,nan,0.0,0.0,0,0,0,0,0.0,0,0,1,1,0.0,0.6,"1.016,16.444;0.969,16.604;0.907,16.815;0.845,17.026;0.783,17.237;0.721,17.448;0.659,17.659;0.597,17.870;0.535,18.081;0.473,18.292;0.411,18.503;0.349,18.714;0.287,18.924;0.250,19.050",0.2500000000000004,19.05,2.0,0.2500000000000004,19.05,2.0,0.2500000000000004,19.05,2.0,2.4661857177802076,0.0,0.0,0,0,6,1,,,1,1,PASS_THROUGH,-1,0.9999999861990061,-0.00016613845919987417,0.0,0.5390382726504536,0,0.999948830408926,-0.0001661299602555779,0.010114789402509098,2.695329244951222,0.5390658489902445,0,0,0,BYPASS_VISIBLE,1,0,1,1,1
1787562410355363328,1787562410375251712,joint_v2_000006_1f4b2824,2007,277,0.03333333333333333,9.233333333333333,19.88840103149414,frame_id_exact,1,,1.0044337511062622,16.48345184326172,1.9734636545181274,0.031812847377112076,0.004579005019571802,0.14246351690290834,0.9892780811311075,-0.16667911410331726,0.5670448541641235,0.02373146452009678,0.5913381013885776,-9.308323632474672e-05,-0.014290461931331013,0.286048406017253,-0.00022202692343853414,depth/002007.png,1.0,-4.521641574295812e-06,-0.06424818753510098,-0.9979339509095826,0.5913381013885776,-9.308323632474672e-05,-0.014290461931331013,-0.00022202692343853414,0.9999507924550867,-0.00015236762257756558,0.009919145757152015,2.675133590246464,0.5350267180492928,0.6,0.0,0.02653634548187256,-0.00027207194132128354,0.6,0.0,0.02653634548187256,-0.00027207194132128354,goal_capture,TERMINAL_SETTLING,NONE,DIRECT_LOCAL,PASS_THROUGH,0,6,0,0,0,0,1,0.6,2.675133590246464,inf,0.0,0,0,1,CLEAR,none,nan,0.0,0.0,0,0,0,0,0.0,0,0,1,1,0.0,0.6,"1.016,16.444;0.969,16.604;0.907,16.815;0.845,17.026;0.783,17.237;0.721,17.448;0.659,17.659;0.597,17.870;0.535,18.081;0.473,18.292;0.411,18.503;0.349,18.714;0.287,18.924;0.250,19.050",0.2500000000000004,19.05,2.0,0.2500000000000004,19.05,2.0,0.2500000000000004,19.05,2.0,2.4661857177802076,0.0,0.0,0,0,6,1,,,0,1,PASS_THROUGH,-1,0.999948830408926,-0.0001661299602555779,0.010114789402509098,0.5390382726504536,0,0.9999507924550867,-0.00015236762257756558,0.009919145757152015,2.675265202423205,0.535053040484641,0,0,0,BYPASS_VISIBLE,1,0,1,1,1
1787562410404402688,1787562410422183680,joint_v2_000006_1f4b2824,2008,278,0.03333333333333333,9.266666666666667,17.78101921081543,frame_id_exact,1,,0.9989730715751648,16.50202751159668,1.9743144512176514,0.025137067393277944,0.0035708011486718493,0.14248607863943272,0.9894711186366077,-0.16117362678050995,0.5482681393623352,0.02720738761126995,0.5721116619599587,-7.204065781466565e-05,-0.001836738851242841,0.2860357183571972,-0.00021394086070358753,depth/002008.png,1.0,-9.695510871620544e-05,-0.050762383292291914,-0.9987107544440449,0.5721116619599587,-7.204065781466565e-05,-0.001836738851242841,-0.00021394086070358753,0.9999532236365157,-0.00013981968211951008,0.009671142093728838,2.6557719148309684,0.5311543829661937,0.6,0.0,0.025685548782348633,-0.00031655015339915327,0.6,0.0,0.025685548782348633,-0.00031655015339915327,goal_capture,TERMINAL_SETTLING,NONE,DIRECT_LOCAL,PASS_THROUGH,0,6,0,0,0,0,1,0.6,2.6557719148309684,inf,0.0,0,0,1,CLEAR,none,nan,0.0,0.0,0,0,0,0,0.008011452372706762,0,0,1,1,0.0,0.6,"0.999,16.502;0.955,16.650;0.894,16.858;0.832,17.069;0.770,17.281;0.708,17.492;0.646,17.703;0.584,17.914;0.522,18.125;0.460,18.336;0.398,18.547;0.336,18.758;0.277,18.958;0.250,19.050",0.2500000000000004,19.05,2.0,0.2500000000000004,19.05,2.0,0.2500000000000004,19.05,2.0,2.4661857177802076,0.0,0.0,0,0,6,1,,,0,1,PASS_THROUGH,-1,0.999948830408926,-0.0001661299602555779,0.010114789402509098,0.5390382726504536,0,0.9999532236365157,-0.00013981968211951008,0.009671142093728838,2.6558961220313564,0.5311792244062713,0,0,0,BYPASS_VISIBLE,1,0,1,1,1
1787562410455751168,1787562410472310784,joint_v2_000006_1f4b2824,2009,279,0.03333333333333333,9.3,16.559600830078125,frame_id_exact,1,,0.9936684966087341,16.52007293701172,1.9752651453018188,0.012862345778820238,0.001771283900586707,0.1425150329258586,0.9897074759768925,-0.15749295055866241,0.5356019735336304,0.029630286619067192,0.5588583889657736,-2.609877701369978e-05,0.01512474182771677,0.2860260421139223,-0.00021566668874584138,depth/002009.png,1.0,-0.00016004942736833972,-0.025964788718622744,-0.9996628452288192,0.5588583889657736,-2.609877701369978e-05,0.01512474182771677,-0.00021566668874584138,0.9999560017219487,-0.00013019756580007435,0.009379641189741956,2.636962983602312,0.5273925967204625,0.6,0.0,0.024734854698181152,-0.00029189582801236735,0.6,0.0,0.024734854698181152,-0.00029189582801236735,goal_capture,TERMINAL_SETTLING,NONE,DIRECT_LOCAL,PASS_THROUGH,0,6,0,0,0,0,1,0.6,2.636962983602312,inf,0.0,0,0,1,CLEAR,none,nan,0.0,0.0,0,0,0,0,0.0,0,0,1,1,0.0,0.6,"0.999,16.502;0.955,16.650;0.894,16.858;0.832,17.069;0.770,17.281;0.708,17.492;0.646,17.703;0.584,17.914;0.522,18.125;0.460,18.336;0.398,18.547;0.336,18.758;0.277,18.958;0.250,19.050",0.2500000000000004,19.05,2.0,0.2500000000000004,19.05,2.0,0.2500000000000004,19.05,2.0,2.4661857177802076,0.0,0.0,0,0,6,1,,,0,1,PASS_THROUGH,-1,0.999948830408926,-0.0001661299602555779,0.010114789402509098,0.5390382726504536,0,0.9999560017219487,-0.00013019756580007435,0.009379641189741956,2.637078988184796,0.5274157976369592,0,0,0,BYPASS_VISIBLE,1,0,1,1,1
1787562410498739712,1787562410515846144,joint_v2_000006_1f4b2824,2010,280,0.03333333333333333,9.333333333333334,17.10653305053711,frame_id_exact,1,,0.9884442090988159,16.5378360748291,1.976270318031311,-0.0021996617860767093,-0.00040798026956167973,0.1425216690094877,0.9897891537609799,-0.15643148124217987,0.5317912101745605,0.030383551493287086,0.5541804607962035,3.423525122853382e-05,0.032861458329575446,0.2860183781201596,-0.00022455252474173903,depth/002010.png,1.0,-0.00018062995350517626,0.004470694813484205,-0.999989990080253,0.5541804607962035,3.423525122853382e-05,0.032861458329575446,-0.00022455252474173903,0.9999589304361057,-0.00012357414149548738,0.009062128365404286,2.6184475241794773,0.5236895048358955,0.6,0.0,0.023729681968688965,-0.00028533475329273195,0.6,0.0,0.023729681968688965,-0.00028533475329273195,goal_capture,TERMINAL_SETTLING,NONE,DIRECT_LOCAL,PASS_THROUGH,0,6,0,0,0,0,1,0.6,2.6184475241794773,inf,0.0,0,0,1,CLEAR,none,nan,0.0,0.0,0,0,0,0,0.0,0,0,1,1,0.0,0.6,"0.999,16.502;0.955,16.650;0.894,16.858;0.832,17.069;0.770,17.281;0.708,17.492;0.646,17.703;0.584,17.914;0.522,18.125;0.460,18.336;0.398,18.547;0.336,18.758;0.277,18.958;0.250,19.050",0.2500000000000004,19.05,2.0,0.2500000000000004,19.05,2.0,0.2500000000000004,19.05,2.0,2.4661857177802076,0.0,0.0,0,0,6,1,,,0,1,PASS_THROUGH,-1,0.999948830408926,-0.0001661299602555779,0.010114789402509098,0.5390382726504536,0,0.9999589304361057,-0.00012357414149548738,0.009062128365404286,2.6185550470990617,0.5237110094198123,0,0,0,BYPASS_VISIBLE,1,0,1,1,1
1787562410547889152,1787562410564488192,joint_v2_000006_1f4b2824,2011,281,0.03333333333333333,9.366666666666667,16.598939895629883,frame_id_exact,1,,0.9832082986831665,16.555633544921875,1.9772650003433228,-0.016646678748707105,-0.0024751703768298773,0.1424966893139731,0.9896521889799468,-0.15817216038703918,0.53751140832901,0.02892843820154667,0.5590097991482319,9.593751747655668e-05,0.0477685691052801,0.2860101721184076,-0.00023410629364661872,depth/002011.png,1.0,-0.00015492234352794572,0.03365425129418045,-0.999433523236486,0.5590097991482319,9.593751747655668e-05,0.0477685691052801,-0.00023410629364661872,0.9999617615013603,-0.00011698845871243269,0.008744246611173455,2.5998958481979386,0.5199791696395877,0.6,0.0,0.022734999656677246,-8.59997836305526e-05,0.6,0.0,0.022734999656677246,-8.59997836305526e-05,goal_capture,TERMINAL_SETTLING,NONE,DIRECT_LOCAL,PASS_THROUGH,0,6,0,0,0,0,1,0.6,2.5998958481979386,inf,0.0,0,0,1,CLEAR,none,nan,0.0,0.0,0,0,0,0,0.0067032012257338906,0,0,1,1,0.0,0.6,"0.983,16.556;0.940,16.702;0.879,16.909;0.817,17.120;0.755,17.331;0.693,17.542;0.631,17.753;0.569,17.964;0.507,18.175;0.445,18.386;0.383,18.597;0.321,18.808;0.266,18.996;0.250,19.050",0.2500000000000004,19.05,2.0,0.2500000000000004,19.05,2.0,0.2500000000000004,19.05,2.0,2.4661857177802076,0.0,0.0,0,0,6,1,,,0,1,PASS_THROUGH,-1,0.999948830408926,-0.0001661299602555779,0.010114789402509098,0.5390382726504536,0,0.9999617615013603,-0.00011698845871243269,0.008744246611173455,2.5999952503199437,0.5199990500639887,0,0,0,BYPASS_VISIBLE,1,0,1,1,1
1787562410592648448,1787562410607156480,joint_v2_000006_1f4b2824,2012,282,0.03333333333333333,9.4,14.50800895690918,frame_id_exact,1,,0.9778730869293213,16.573762893676758,1.978171467781067,-0.027233986770869634,-0.003966361220265254,0.14245758569632289,0.9894182200772378,-0.16226547956466675,0.5512851476669312,0.025135569274425507,0.5724162642629702,0.0001455155137213269,0.05671680502030737,0.28599930197480855,-0.00023004526156000793,depth/002012.png,1.0,-8.940410894908799e-05,0.055021681919758765,-0.9984851558864689,0.5724162642629702,0.0001455155137213269,0.05671680502030737,-0.00023004526156000793,0.9999642322285632,-0.00010841153780526662,0.008457098230414076,2.580997760054845,0.516199552010969,0.6,0.0,0.021828532218933105,-7.756646796142075e-05,0.6,0.0,0.021828532218933105,-7.756646796142075e-05,goal_capture,TERMINAL_SETTLING,NONE,DIRECT_LOCAL,PASS_THROUGH,0,6,0,0,0,0,1,0.6,2.580997760054845,inf,0.0,0,0,1,CLEAR,none,nan,0.0,0.0,0,0,0,0,0.0,0,0,1,1,0.0,0.6,"0.983,16.556;0.940,16.702;0.879,16.909;0.817,17.120;0.755,17.331;0.693,17.542;0.631,17.753;0.569,17.964;0.507,18.175;0.445,18.386;0.383,18.597;0.321,18.808;0.266,18.996;0.250,19.050",0.2500000000000004,19.05,2.0,0.2500000000000004,19.05,2.0,0.2500000000000004,19.05,2.0,2.4661857177802076,0.0,0.0,0,0,6,1,,,1,1,PASS_THROUGH,-1,0.9999999941230489,-0.00010841541494592222,0.0,0.516199552010969,0,0.9999642322285632,-0.00010841153780526662,0.008457098230414076,2.5810900647259403,0.5162180129451881,0,0,0,BYPASS_VISIBLE,1,0,1,1,1
1787562410637795072,1787562410654571264,joint_v2_000006_1f4b2824,2013,283,0.03333333333333333,9.433333333333334,16.776323318481445,frame_id_exact,1,,0.9723749160766602,16.59244155883789,1.9789196252822876,-0.03160813427914638,-0.0045505034343188795,0.14243376133259297,0.9892890590714808,-0.167754665017128,0.5698965787887573,0.019593944773077965,0.5916113854370749,0.00017102701986083935,0.057476953580481396,0.28598646742838385,-0.00020949945610482246,depth/002013.png,1.0,6.043864912413238e-07,0.06383545348025733,-0.9979604375317714,0.5916113854370749,0.00017102701986083935,0.057476953580481396,-0.00020949945610482246,0.99996613360301,-9.846305264611747e-05,0.008229334850051869,2.5615266953720983,0.5123053390744197,0.6,0.0,0.021080374717712402,-0.00010778567740954426,0.6,0.0,0.021080374717712402,-0.00010778567740954426,goal_capture,TERMINAL_SETTLING,NONE,DIRECT_LOCAL,PASS_THROUGH,0,6,0,0,0,0,1,0.6,2.5615266953720983,inf,0.0,0,0,1,CLEAR,none,nan,0.0,0.0,0,0,0,0,0.0,0,0,1,1,0.0,0.6,"0.983,16.556;0.940,16.702;0.879,16.909;0.817,17.120;0.755,17.331;0.693,17.542;0.631,17.753;0.569,17.964;0.507,18.175;0.445,18.386;0.383,18.597;0.321,18.808;0.266,18.996;0.250,19.050",0.2500000000000004,19.05,2.0,0.2500000000000004,19.05,2.0,0.2500000000000004,19.05,2.0,2.4661857177802076,0.0,0.0,0,0,6,1,,,0,1,PASS_THROUGH,-1,0.9999642322285632,-0.00010841153780526662,0.008457098230414076,0.516199552010969,0,0.99996613360301,-9.846305264611747e-05,0.008229334850051869,2.5616134355718354,0.5123226871143671,0,0,0,BYPASS_VISIBLE,1,0,1,1,1
1787562410680880640,1787562410698187520,joint_v2_000006_1f4b2824,2014,284,0.03333333333333333,9.466666666666667,17.307043075561523,frame_id_exact,1,,0.9666876792907715,16.611764907836914,1.9794716835021973,-0.028852624271724893,-0.004106279133674334,0.1424411470024448,0.9893741376167758,-0.1734040379524231,0.5891602635383606,0.013582171872258186,0.6123142447966242,0.0001654431517918533,0.04934055280665968,0.2859741051007462,-0.00018339893722441047,depth/002014.png,1.0,9.430903720453535e-05,0.0582618867330629,-0.998301329088622,0.6123142447966242,0.0001654431517918533,0.04934055280665968,-0.00018339893722441047,0.9999673737261265,-8.88683874178856e-05,0.00807735016469541,2.541383795160174,0.5082767590320347,0.6,0.0,0.020528316497802734,5.887648329427897e-05,0.6,0.0,0.020528316497802734,5.887648329427897e-05,goal_capture,TERMINAL_SETTLING,NONE,DIRECT_LOCAL,PASS_THROUGH,0,6,0,0,0,0,1,0.6,2.5413837951601734,inf,0.0,0,0,1,CLEAR,none,nan,0.0,0.0,0,0,0,0,0.005091949649116795,0,0,1,1,0.0,0.6,"0.967,16.612;0.921,16.768;0.859,16.979;0.797,17.190;0.735,17.401;0.673,17.612;0.611,17.823;0.549,18.034;0.486,18.245;0.424,18.457;0.362,18.668;0.300,18.879;0.255,19.035;0.250,19.050",0.2500000000000004,19.05,2.0,0.2500000000000004,19.05,2.0,0.2500000000000004,19.05,2.0,2.4661857177802076,0.0,0.0,0,0,6,1,,,0,1,PASS_THROUGH,-1,0.9999642322285632,-0.00010841153780526662,0.008457098230414076,0.516199552010969,0,0.9999673737261265,-8.88683874178856e-05,0.00807735016469541,2.5414667037128305,0.508293340742566,0,0,0,BYPASS_VISIBLE,1,0,1,1,1
1787562410735479552,1787562410751039232,joint_v2_000006_1f4b2824,2015,285,0.03333333333333333,9.5,15.559673309326172,frame_id_exact,1,,0.9608268737792969,16.631681442260742,1.97983717918396,-0.019689092636651015,-0.002748533815569738,0.14246914028200244,0.9895995802648246,-0.17796598374843597,0.604826033115387,0.008636181242763996,0.629623597225674,0.00012908888774943258,0.033691460116221476,0.2859646304682245,-0.00015227703261189163,depth/002015.png,1.0,0.0001702803812897698,0.03975179811753066,-0.9992095703860201,0.629623597225674,0.00012908888774943258,0.033691460116221476,-0.00015227703261189163,0.9999680050419848,-8.190529772624567e-05,0.007998886414704079,2.5206228379495683,0.5041245675899136,0.6,0.0,0.02016282081604004,6.531645644902717e-05,0.6,0.0,0.02016282081604004,6.531645644902717e-05,goal_capture,TERMINAL_SETTLING,NONE,DIRECT_LOCAL,PASS_THROUGH,0,6,0,0,0,0,1,0.6,2.5206228379495683,inf,0.0,0,0,1,CLEAR,none,nan,0.0,0.0,0,0,0,0,0.0,0,0,1,1,0.0,0.6,"0.967,16.612;0.921,16.768;0.859,16.979;0.797,17.190;0.735,17.401;0.673,17.612;0.611,17.823;0.549,18.034;0.486,18.245;0.424,18.457;0.362,18.668;0.300,18.879;0.255,19.035;0.250,19.050",0.2500000000000004,19.05,2.0,0.2500000000000004,19.05,2.0,0.2500000000000004,19.05,2.0,2.4661857177802076,0.0,0.0,0,0,6,1,,,0,1,PASS_THROUGH,-1,0.9999642322285632,-0.00010841153780526662,0.008457098230414076,0.516199552010969,0,0.9999680050419848,-8.190529772624567e-05,0.007998886414704079,2.520703479296245,0.504140695859249,0,0,0,BYPASS_VISIBLE,1,0,1,1,1
1787562410776728064,1787562410793426688,joint_v2_000006_1f4b2824,2016,286,0.03333333333333333,9.533333333333333,16.698598861694336,frame_id_exact,1,,0.9548466205596924,16.65201187133789,1.9800732135772705,-0.006281717343996973,-0.0007975511288968583,0.14249058474292345,0.9897759025148202,-0.18043673038482666,0.6134507656097412,0.005939241964370012,0.6393101991222847,7.007081058055096e-05,0.014035472295645952,0.2859588781719743,-0.00011818963685072958,depth/002016.png,1.0,0.00021137737826058215,0.01266227196043299,-0.9999198078788138,0.6393101991222847,7.007081058055096e-05,0.014035472295645952,-0.00011818963685072958,0.99996821787617,-7.785819315358365e-05,0.007972275437966922,2.4994311000143266,0.4998862200028653,0.6,0.0,0.019926786422729492,1.2612081461416125e-05,0.6,0.0,0.019926786422729492,1.2612081461416125e-05,goal_capture,TERMINAL_SETTLING,NONE,DIRECT_LOCAL,PASS_THROUGH,0,6,0,0,0,0,1,0.6,2.4994311000143266,inf,0.0,0,0,1,CLEAR,none,nan,0.0,0.0,0,0,0,0,0.0,0,0,1,1,0.0,0.6,"0.967,16.612;0.921,16.768;0.859,16.979;0.797,17.190;0.735,17.401;0.673,17.612;0.611,17.823;0.549,18.034;0.486,18.245;0.424,18.457;0.362,18.668;0.300,18.879;0.255,19.035;0.250,19.050",0.2500000000000004,19.05,2.0,0.2500000000000004,19.05,2.0,0.2500000000000004,19.05,2.0,2.4661857177802076,0.0,0.0,0,0,6,1,,,0,1,PASS_THROUGH,-1,0.9999642322285632,-0.00010841153780526662,0.008457098230414076,0.516199552010969,0,0.99996821787617,-7.785819315358365e-05,0.007972275437966922,2.4995105321914455,0.4999021064382891,0,0,0,BYPASS_VISIBLE,1,0,1,1,1
1787562410824274432,1787562410842006784,joint_v2_000006_1f4b2824,2017,287,0.03333333333333333,9.566666666666666,17.73214340209961,frame_id_exact,1,,0.9488272666931152,16.67247772216797,1.9802637100219727,0.008285095366147816,0.0012980866285171682,0.14248516809110423,0.9897614101589981,-0.18027044832706451,0.6131329536437988,0.00587912043556571,0.6390935746608754,2.3999285807572902e-06,-0.004839448577066886,0.285955372787382,-8.83927641552873e-05,depth/002017.png,1.0,0.00020858569210658326,-0.016770451528722655,-0.9998593443317574,0.6390935746608754,2.3999285807572902e-06,-0.004839448577066886,-8.83927641552873e-05,0.9999682836912301,-7.581454448891097e-05,0.007964035645982106,2.478098410124461,0.49561968202489226,0.6,0.0,0.019736289978027344,-0.0001037007627113784,0.6,0.0,0.019736289978027344,-0.0001037007627113784,goal_capture,TERMINAL_SETTLING,NONE,DIRECT_LOCAL,PASS_THROUGH,0,6,0,0,0,0,1,0.6,2.478098410124461,inf,0.0,0,0,1,CLEAR,none,nan,0.0,0.0,0,0,0,0,0.004343991191963894,0,0,1,1,0.0,0.6,"0.949,16.672;0.901,16.833;0.839,17.045;0.777,17.256;0.715,17.467;0.653,17.678;0.591,17.889;0.529,18.100;0.467,18.311;0.405,18.522;0.343,18.733;0.283,18.938;0.250,19.050",0.2500000000000004,19.05,2.0,0.2500000000000004,19.05,2.0,0.2500000000000004,19.05,2.0,2.4661857177802076,0.0,0.0,0,0,6,1,,,0,1,PASS_THROUGH,-1,0.9999642322285632,-0.00010841153780526662,0.008457098230414076,0.516199552010969,0,0.9999682836912301,-7.581454448891097e-05,0.007964035645982106,2.478177001629117,0.49563540032582337,0,0,0,BYPASS_VISIBLE,1,0,1,1,1
1787562410875622912,1787562410893384448,joint_v2_000006_1f4b2824,2018,288,0.03333333333333333,9.6,17.7614688873291,frame_id_exact,1,,0.9428576231002808,16.692785263061523,1.9804915189743042,0.020717424039576018,0.003064721721718719,0.1424561097575628,0.9895795332436268,-0.17751464247703552,0.6039823293685913,0.008023636415600777,0.6293122544925867,-5.772731430971021e-05,-0.0183456871663054,0.28595134289980717,-6.85942213749513e-05,depth/002018.png,1.0,0.00016292451604840632,-0.04187625429011895,-0.9991227916438656,0.6293122544925867,-5.772731430971021e-05,-0.0183456871663054,-6.85942213749513e-05,0.9999684756615265,-7.203071867537718e-05,0.007939930398864627,2.456931623372556,0.49138632467451127,0.6,0.0,0.0195084810256958,-9.309666725465515e-05,0.6,0.0,0.0195084810256958,-9.309666725465515e-05,goal_capture,TERMINAL_SETTLING,NONE,DIRECT_LOCAL,PASS_THROUGH,0,6,0,0,0,0,1,0.6,2.456931623372556,inf,0.0,0,0,1,CLEAR,none,nan,0.0,0.0,0,0,0,0,0.0,0,0,1,1,0.0,0.6,"0.949,16.672;0.901,16.833;0.839,17.045;0.777,17.256;0.715,17.467;0.653,17.678;0.591,17.889;0.529,18.100;0.467,18.311;0.405,18.522;0.343,18.733;0.283,18.938;0.250,19.050",0.2500000000000004,19.05,2.0,0.2500000000000004,19.05,2.0,0.2500000000000004,19.05,2.0,2.4661857177802076,0.0,0.0,0,0,6,1,,,1,1,PASS_THROUGH,-1,0.9999999974056243,-7.203298928080821e-05,0.0,0.49138632467451127,0,0.9999684756615265,-7.203071867537718e-05,0.007939930398864627,2.4570090725839893,0.4914018145167979,0,0,0,BYPASS_VISIBLE,1,0,1,1,1
1787562410926107392,1787562410941662976,joint_v2_000006_1f4b2824,2019,289,0.03333333333333333,9.633333333333333,15.555620193481445,frame_id_exact,1,,0.9370146989822388,16.71266746520996,1.980815052986145,0.02825328987036681,0.004110128220270584,0.14242678125217276,0.9893934861518241,-0.17281612753868103,0.5881521701812744,0.011477318592369556,0.6126715230979073,-9.687273550869787e-05,-0.023531117037715717,0.28594531652700667,-5.6117019994417205e-05,depth/002019.png,1.0,8.501790472708638e-05,-0.0570780265860942,-0.998369716915028,0.6126715230979073,-9.687273550869787e-05,-0.023531117037715717,-5.6117019994417205e-05,0.9999689921126399,-6.558549617900034e-05,0.007874675344033012,2.4362086476337956,0.48724172952675915,0.6,0.0,0.01918494701385498,-8.695474534803349e-05,0.6,0.0,0.01918494701385498,-8.695474534803349e-05,goal_capture,TERMINAL_SETTLING,NONE,DIRECT_LOCAL,PASS_THROUGH,0,6,0,0,0,0,1,0.6,2.4362086476337956,inf,0.0,0,0,1,CLEAR,none,nan,0.0,0.0,0,0,0,0,0.0,0,0,1,1,0.0,0.6,"0.949,16.672;0.901,16.833;0.839,17.045;0.777,17.256;0.715,17.467;0.653,17.678;0.591,17.889;0.529,18.100;0.467,18.311;0.405,18.522;0.343,18.733;0.283,18.938;0.250,19.050",0.2500000000000004,19.05,2.0,0.2500000000000004,19.05,2.0,0.2500000000000004,19.05,2.0,2.4661857177802076,0.0,0.0,0,0,6,1,,,0,1,PASS_THROUGH,-1,0.9999684756615265,-7.203071867537718e-05,0.007939930398864627,0.49138632467451127,0,0.9999689921126399,-6.558549617900034e-05,0.007874675344033012,2.436284186419477,0.48725683728389535,0,0,0,BYPASS_VISIBLE,1,0,1,1,1
1787562410968808960,1787562410984542208,joint_v2_000006_1f4b2824,2020,290,0.03333333333333333,9.666666666666666,15.73324203491211,frame_id_exact,1,,0.9313459396362305,16.731962203979492,1.981261968612671,0.029274659885665903,0.004210329683539619,0.14242031723173507,0.9893643012824682,-0.16727226972579956,0.5693452954292297,0.015316545963287354,0.5932763084683114,-0.00010773146339777419,-0.01979607110029425,0.28593818463004905,-4.6619956265203655e-05,depth/002020.png,1.0,-7.512924487354175e-06,-0.0591258798244873,-0.998250534825069,0.5932763084683114,-0.00010773146339777419,-0.01979607110029425,-4.6619956265203655e-05,0.9999699258805698,-5.743566321282503e-05,0.007755258574180223,2.4160984071925533,0.4832196814385107,0.6,0.0,0.0187380313873291,-0.0002126500711657764,0.6,0.0,0.0187380313873291,-0.0002126500711657764,goal_capture,TERMINAL_SETTLING,NONE,DIRECT_LOCAL,PASS_THROUGH,0,6,0,0,0,0,1,0.6,2.4160984071925533,inf,0.0,0,0,1,CLEAR,none,nan,0.0,0.0,0,0,0,0,0.003290920063536819,0,0,1,1,0.0,0.6,"0.931,16.732;0.887,16.884;0.825,17.095;0.763,17.306;0.701,17.517;0.639,17.728;0.577,17.939;0.515,18.150;0.452,18.361;0.390,18.572;0.328,18.783;0.271,18.977;0.250,19.050",0.2500000000000004,19.05,2.0,0.2500000000000004,19.05,2.0,0.2500000000000004,19.05,2.0,2.4661857177802076,0.0,0.0,0,0,6,1,,,0,1,PASS_THROUGH,-1,0.9999684756615265,-7.203071867537718e-05,0.007939930398864627,0.49138632467451127,0,0.9999699258805698,-5.743566321282503e-05,0.007755258574180223,2.4161710674243797,0.48323421348487594,0,0,0,BYPASS_VISIBLE,1,0,1,1,1
1787562411023054592,1787562411040724992,joint_v2_000006_1f4b2824,2021,291,0.03333333333333333,9.7,17.670392990112305,frame_id_exact,1,,0.9258582592010498,16.750638961791992,1.9818322658538818,0.023649213632861685,0.003356752276941433,0.14243990009294616,0.9895151953205217,-0.16216342151165009,0.551910400390625,0.018803324550390244,0.5754824843674156,-8.955436472761834e-05,-0.008690944492721061,0.2859319247019536,-4.6656656195409596e-05,depth/002021.png,1.0,-9.40684843625016e-05,-0.04775878341212437,-0.998858893817397,0.5754824843674156,-8.955436472761834e-05,-0.008690944492721061,-4.6656656195409596e-05,0.9999712677763402,-5.036737341731901e-05,0.007580309024489063,2.396632130836788,0.4793264261673576,0.6,0.0,0.018167734146118164,-0.00019096999341772225,0.6,0.0,0.018167734146118164,-0.00019096999341772225,goal_capture,TERMINAL_SETTLING,NONE,DIRECT_LOCAL,PASS_THROUGH,0,6,0,0,0,0,1,0.6,2.396632130836788,inf,0.0,0,0,1,CLEAR,none,nan,0.0,0.0,0,0,0,0,0.0,0,0,1,1,0.0,0.6,"0.931,16.732;0.887,16.884;0.825,17.095;0.763,17.306;0.701,17.517;0.639,17.728;0.577,17.939;0.515,18.150;0.452,18.361;0.390,18.572;0.328,18.783;0.271,18.977;0.250,19.050",0.2500000000000004,19.05,2.0,0.2500000000000004,19.05,2.0,0.2500000000000004,19.05,2.0,2.4661857177802076,0.0,0.0,0,0,6,1,,,0,1,PASS_THROUGH,-1,0.9999684756615265,-7.203071867537718e-05,0.007939930398864627,0.49138632467451127,0,0.9999712677763402,-5.036737341731901e-05,0.007580309024489063,2.396700990345539,0.47934019806910777,0,0,0,BYPASS_VISIBLE,1,0,1,1,1
1787562411072673536,1787562411090941952,joint_v2_000006_1f4b2824,2022,292,0.03333333333333333,9.733333333333333,18.268346786499023,frame_id_exact,1,,0.9205172061920166,16.768814086914062,1.9825042486190796,0.012728517006150013,0.0017535935444792186,0.14246665913361994,0.9897162021508034,-0.15864603221416473,0.5397995114326477,0.021335609257221222,0.562992060110532,-4.7506561678724116e-05,0.0068718482394004785,0.28592786471981624,-5.754702215199359e-05,depth/002022.png,1.0,-0.0001556587012670409,-0.025694896248197884,-0.9996698195290098,0.562992060110532,-4.7506561678724116e-05,0.0068718482394004785,-5.754702215199359e-05,0.9999729277408981,-4.581637039944769e-05,0.007358103434782185,2.3776884770426236,0.47553769540852475,0.6,0.0,0.01749575138092041,-0.00015875179251612082,0.6,0.0,0.01749575138092041,-0.00015875179251612082,goal_capture,TERMINAL_SETTLING,NONE,DIRECT_LOCAL,PASS_THROUGH,0,6,0,0,0,0,1,0.6,2.3776884770426236,inf,0.0,0,0,1,CLEAR,none,nan,0.0,0.0,0,0,0,0,0.0,0,0,1,1,0.0,0.6,"0.931,16.732;0.887,16.884;0.825,17.095;0.763,17.306;0.701,17.517;0.639,17.728;0.577,17.939;0.515,18.150;0.452,18.361;0.390,18.572;0.328,18.783;0.271,18.977;0.250,19.050",0.2500000000000004,19.05,2.0,0.2500000000000004,19.05,2.0,0.2500000000000004,19.05,2.0,2.4661857177802076,0.0,0.0,0,0,6,1,,,0,1,PASS_THROUGH,-1,0.9999684756615265,-7.203071867537718e-05,0.007939930398864627,0.49138632467451127,0,0.9999729277408981,-4.581637039944769e-05,0.007358103434782185,2.3777528456880574,0.4755505691376115,0,0,0,BYPASS_VISIBLE,1,0,1,1,1
1787562411126890240,1787562411143633920,joint_v2_000006_1f4b2824,2023,293,0.03333333333333333,9.766666666666667,16.74365997314453,frame_id_exact,1,,0.9152554869651794,16.786710739135742,1.9832366704940796,-0.0009771098472746915,-0.00023105141065382637,0.1424760490262147,0.9897977406144508,-0.15748845040798187,0.5356643199920654,0.022337615489959717,0.5582900142091086,8.931870453142533e-06,0.023454311860755996,0.2859253970836935,-7.284190360223874e-05,depth/002023.png,1.0,-0.0001789588274532658,0.0020001208225530224,-0.9999979837431839,0.5582900142091086,8.931870453142533e-06,0.023454311860755996,-7.284190360223874e-05,0.999974752281353,-4.3874184317909324e-05,0.007105833863995734,2.359034366278024,0.47180687325560483,0.6,0.0,0.01676332950592041,-7.068764981188469e-05,0.6,0.0,0.01676332950592041,-7.068764981188469e-05,goal_capture,TERMINAL_SETTLING,NONE,DIRECT_LOCAL,PASS_THROUGH,0,6,0,0,0,0,1,0.6,2.359034366278024,inf,0.0,0,0,1,CLEAR,none,nan,0.0,0.0,0,0,0,0,0.002513869058845353,0,0,1,1,0.0,0.6,"0.915,16.787;0.872,16.932;0.812,17.139;0.750,17.350;0.688,17.561;0.625,17.773;0.563,17.984;0.501,18.195;0.439,18.406;0.377,18.617;0.315,18.828;0.263,19.007;0.250,19.050",0.2500000000000004,19.05,2.0,0.2500000000000004,19.05,2.0,0.2500000000000004,19.05,2.0,2.4661857177802076,0.0,0.0,0,0,6,1,,,0,1,PASS_THROUGH,-1,0.9999684756615265,-7.203071867537718e-05,0.007939930398864627,0.49138632467451127,0,0.999974752281353,-4.3874184317909324e-05,0.007105833863995734,2.359093925747104,0.47181878514942077,0,0,0,BYPASS_VISIBLE,1,0,1,1,1
1787562411172809728,1787562411190245376,joint_v2_000006_1f4b2824,2024,294,0.03333333333333333,9.8,17.435550689697266,frame_id_exact,1,,0.9099892377853394,16.80461883544922,1.983970046043396,-0.014360336798014142,-0.002147472127292556,0.14245854795574575,0.9896942614791957,-0.1589062362909317,0.5402868390083313,0.02132340334355831,0.5623139198567134,6.77047035975552e-05,0.03766694597875994,0.2859223705746459,-8.325671660713851e-05,depth/002024.png,1.0,-0.0001591762253348103,0.029036537365865315,-0.9995783381810202,0.5623139198567134,6.77047035975552e-05,0.03766694597875994,-8.325671660713851e-05,0.999976543284882,-4.185955105953617e-05,0.006849169861869842,2.3403679984378307,0.4680735996875661,0.6,0.0,0.016029953956604004,-7.20519956276533e-05,0.6,0.0,0.016029953956604004,-7.20519956276533e-05,goal_capture,TERMINAL_SETTLING,NONE,DIRECT_LOCAL,PASS_THROUGH,0,6,0,0,0,0,1,0.6,2.3403679984378307,inf,0.0,0,0,1,CLEAR,none,nan,0.0,0.0,0,0,0,0,0.0,0,0,1,1,0.0,0.6,"0.915,16.787;0.872,16.932;0.812,17.139;0.750,17.350;0.688,17.561;0.625,17.773;0.563,17.984;0.501,18.195;0.439,18.406;0.377,18.617;0.315,18.828;0.263,19.007;0.250,19.050",0.2500000000000004,19.05,2.0,0.2500000000000004,19.05,2.0,0.2500000000000004,19.05,2.0,2.4661857177802076,0.0,0.0,0,0,6,1,,,1,1,PASS_THROUGH,-1,0.9999999991238478,-4.186053293349101e-05,0.0,0.4680735996875661,0,0.999976543284882,-4.185955105953617e-05,0.006849169861869842,2.3404228950204167,0.46808457900408335,0,0,0,BYPASS_VISIBLE,1,0,1,1,1
1787562411222690816,1787562411239842816,joint_v2_000006_1f4b2824,2025,295,0.03333333333333333,9.833333333333334,17.152070999145508,frame_id_exact,1,,0.9046371579170227,16.82281494140625,1.9846333265304565,-0.024404283035572367,-0.003563853242297064,0.14242756676921572,0.9894979121472605,-0.16253060102462769,0.5524606108665466,0.018168974667787552,0.5742758000701887,0.0001159558765423464,0.046543812445077645,0.28591717220498153,-8.47623377921991e-05,depth/002025.png,1.0,-0.000101165381896735,0.04931115611354523,-0.998783459839174,0.5742758000701887,0.0001159558765423464,0.046543812445077645,-8.47623377921991e-05,0.9999780906482204,-3.817528379647149e-05,0.006619423402903147,2.3214011057438837,0.46428022114877676,0.6,0.0,0.015366673469543457,-8.033928648176758e-05,0.6,0.0,0.015366673469543457,-8.033928648176758e-05,goal_capture,TERMINAL_SETTLING,NONE,DIRECT_LOCAL,PASS_THROUGH,0,6,0,0,0,0,1,0.6,2.3214011057438837,inf,0.0,0,0,1,CLEAR,none,nan,0.0,0.0,0,0,0,0,0.0,0,0,1,1,0.0,0.6,"0.915,16.787;0.872,16.932;0.812,17.139;0.750,17.350;0.688,17.561;0.625,17.773;0.563,17.984;0.501,18.195;0.439,18.406;0.377,18.617;0.315,18.828;0.263,19.007;0.250,19.050",0.2500000000000004,19.05,2.0,0.2500000000000004,19.05,2.0,0.2500000000000004,19.05,2.0,2.4661857177802076,0.0,0.0,0,0,6,1,,,0,1,PASS_THROUGH,-1,0.999976543284882,-4.185955105953617e-05,0.006849169861869842,0.4680735996875661,0,0.9999780906482204,-3.817528379647149e-05,0.006619423402903147,2.3214519655600125,0.4642903931120025,0,0,0,BYPASS_VISIBLE,1,0,1,1,1
1787562411270604288,1787562411289462016,joint_v2_000006_1f4b2824,2026,296,0.03333333333333333,9.866666666666667,18.857717514038086,frame_id_exact,1,,0.8991387486457825,16.84150505065918,1.9851621389389038,-0.028865067352591537,-0.004164065816223507,0.14240766844656033,0.9893783525073828,-0.1675122082233429,0.5693333745002747,0.013379039242863655,0.5916755292636977,0.00014248754791803959,0.04795703996927504,0.28590988956414687,-7.95737505541183e-05,depth/002026.png,1.0,-1.845927150406941e-05,0.05830293537293614,-0.998298936885217,0.5916755292636977,0.00014248754791803959,0.04795703996927504,-7.95737505541183e-05,0.999979225512729,-3.290170690211543e-05,0.006445731955381125,2.301918994286577,0.46038379885731545,0.5333333334,0.0,0.014837861061096191,0.00010038490689812107,0.5333333334,0.0,0.014837861061096191,0.00010038490689812107,goal_capture,TERMINAL_SETTLING,NONE,DIRECT_LOCAL,PASS_THROUGH,0,6,0,0,0,0,1,0.5333333334,2.301918994286577,inf,0.0,0,0,1,CLEAR,none,nan,0.0,0.0,0,0,0,0,0.001885168106994432,0,0,1,1,0.0,0.5,"0.899,16.842;0.848,17.014;0.798,17.187;0.747,17.360;0.696,17.532;0.645,17.705;0.595,17.878;0.544,18.050;0.493,18.223;0.442,18.396;0.392,18.568;0.341,18.741;0.290,18.914;0.250,19.050",0.2500000000000004,19.05,2.0,0.2500000000000004,19.05,2.0,0.2500000000000004,19.05,2.0,2.4661857177802076,0.0,0.0,0,0,6,1,,,0,1,PASS_THROUGH,-1,0.999976543284882,-4.185955105953617e-05,0.006849169861869842,0.4680735996875661,0,0.999979225512729,-3.290170690211543e-05,0.006445731955381125,2.3019668152208874,0.4603933630441775,0,0,0,BYPASS_VISIBLE,1,0,1,1,1
1787562411324061696,1787562411340609536,joint_v2_000006_1f4b2824,2027,297,0.03333333333333333,9.9,16.54791831970215,frame_id_exact,1,,0.8934676051139832,16.86077880859375,1.9855132102966309,-0.025426878241175614,-0.0036245186885979267,0.14241881096940534,0.9894732027747114,-0.17265984416007996,0.5868707299232483,0.007711760234087706,0.6105392205059414,0.00014034029059094424,0.03911505081854688,0.28590258735741736,-5.883423000341281e-05,depth/002027.png,1.0,6.980330089657611e-05,0.051350828583650324,-0.9986806734543688,0.6105392205059414,0.00014034029059094424,0.03911505081854688,-5.883423000341281e-05,0.9999798468085739,-2.8140982935082884e-05,0.0063486364509442094,2.281828210828617,0.45636564216572345,0.5,0.0,0.01448678970336914,9.996852636584563e-05,0.5,0.0,0.01448678970336914,9.996852636584563e-05,goal_capture,TERMINAL_SETTLING,NONE,DIRECT_LOCAL,PASS_THROUGH,0,6,0,0,0,0,1,0.5,2.281828210828617,inf,0.0,0,0,1,CLEAR,none,nan,0.0,0.0,0,0,0,0,0.0,0,0,1,1,0.0,0.5,"0.899,16.842;0.848,17.014;0.798,17.187;0.747,17.360;0.696,17.532;0.645,17.705;0.595,17.878;0.544,18.050;0.493,18.223;0.442,18.396;0.392,18.568;0.341,18.741;0.290,18.914;0.250,19.050",0.2500000000000004,19.05,2.0,0.2500000000000004,19.05,2.0,0.2500000000000004,19.05,2.0,2.4661857177802076,0.0,0.0,0,0,6,1,,,0,1,PASS_THROUGH,-1,0.999976543284882,-4.185955105953617e-05,0.006849169861869842,0.4680735996875661,0,0.9999798468085739,-2.8140982935082884e-05,0.0063486364509442094,2.2818741969725758,0.4563748393945152,0,0,0,BYPASS_VISIBLE,1,0,1,1,1
1787562411367710464,1787562411386601472,joint_v2_000006_1f4b2824,2028,298,0.03333333333333333,9.933333333333334,18.891096115112305,frame_id_exact,1,,0.8876456618309021,16.880571365356445,1.9856932163238525,-0.010723243465075076,-0.001471012041161998,0.14245521061827238,0.98974206798583,-0.17621970176696777,0.5991020798683167,0.003496793797239661,0.6242591218919391,0.00010882017179383163,0.017013225829272675,0.2858982777355827,-2.5561043003108352e-05,depth/002028.png,1.0,0.0001433188133531005,0.02164559698556938,-0.999765696346327,0.6242591218919391,0.00010882017179383163,0.017013225829272675,-2.5561043003108352e-05,0.9999799842765859,-2.5702177520230628e-05,0.006326957056669563,2.2611971587774407,0.45223943175548814,0.5,0.0,0.014306783676147461,6.071847076682957e-05,0.5,0.0,0.014306783676147461,6.071847076682957e-05,goal_capture,TERMINAL_SETTLING,NONE,DIRECT_LOCAL,PASS_THROUGH,0,6,0,0,0,0,1,0.5,2.2611971587774407,inf,0.0,0,0,1,CLEAR,none,nan,0.0,0.0,0,0,0,0,0.0,0,0,1,1,0.0,0.5,"0.899,16.842;0.848,17.014;0.798,17.187;0.747,17.360;0.696,17.532;0.645,17.705;0.595,17.878;0.544,18.050;0.493,18.223;0.442,18.396;0.392,18.568;0.341,18.741;0.290,18.914;0.250,19.050",0.2500000000000004,19.05,2.0,0.2500000000000004,19.05,2.0,0.2500000000000004,19.05,2.0,2.4661857177802076,0.0,0.0,0,0,6,1,,,0,1,PASS_THROUGH,-1,0.999976543284882,-4.185955105953617e-05,0.006849169861869842,0.4680735996875661,0,0.9999799842765859,-2.5702177520230628e-05,0.006326957056669563,2.2612424184333544,0.45224848368667087,0,0,0,BYPASS_VISIBLE,1,0,1,1,1
1787562411416612608,1787562411434287360,joint_v2_000006_1f4b2824,2029,299,0.03333333333333333,9.966666666666667,17.674684524536133,frame_id_exact,1,,0.8817595839500427,16.90058708190918,1.9857739210128784,0.01273383026101294,0.0019265645259616815,0.14244956968795583,0.9897182720409518,-0.17622122168540955,0.5992986559867859,0.0017580740386620164,0.6245082199635157,5.4943092459706455e-05,-0.014330702824686035,0.2858978331267827,4.3720674511860125e-06,depth/002029.png,1.0,0.0001856549448988544,-0.025754685540183665,-0.999668275832022,0.6245082199635157,5.4943092459706455e-05,-0.014330702824686035,4.3720674511860125e-06,0.9999798391248457,-2.6538890688060876e-05,0.006349853505010905,2.2403339180507063,0.44806678361014124,0.5666666666,0.0,0.014226078987121582,2.9834484525093075e-05,0.5666666666,0.0,0.014226078987121582,2.9834484525093075e-05,goal_capture,TERMINAL_SETTLING,NONE,DIRECT_LOCAL,PASS_THROUGH,0,6,0,0,0,0,1,0.5666666666,2.2403339180507063,0.9996255824296973,0.0,0,0,1,CLEAR,none,nan,0.0,0.0,0,0,0,0,0.0015205970855991602,0,0,1,1,0.0,0.6,"0.882,16.901;0.835,17.059;0.773,17.270;0.711,17.481;0.649,17.692;0.587,17.903;0.525,18.114;0.463,18.325;0.401,18.536;0.339,18.747;0.280,18.949;0.250,19.050",0.2500000000000004,19.05,2.0,0.2500000000000004,19.05,2.0,0.2500000000000004,19.05,2.0,2.4661857177802076,0.0,0.0,0,0,6,1,,,0,1,PASS_THROUGH,-1,0.999976543284882,-4.185955105953617e-05,0.006849169861869842,0.4680735996875661,0,0.9999798391248457,-2.6538890688060876e-05,0.006349853505010905,2.240379085264763,0.44807581705295263,0,0,0,BYPASS_VISIBLE,1,0,1,1,1
1787562411467435264,1787562411484238080,joint_v2_000006_1f4b2824,2030,300,0.03333333333333333,10.0,16.80278778076172,frame_id_exact,1,,0.8759492039680481,16.920347213745117,1.9858227968215942,0.03645224645050942,0.005341422865613455,0.14236264756631364,0.9891286971412727,-0.1716470718383789,0.5839579105377197,0.0013437628513202071,0.6071087905555337,-7.499333967787791e-06,-0.04347735758790783,0.2858982761468955,2.4635517547721975e-05,depth/002030.png,1.0,0.00018783265102112132,-0.0736327642807699,-0.997285405860964,0.6071087905555337,-7.499333967787791e-06,-0.04347735758790783,2.4635517547721975e-05,0.9999796040903307,-2.8038213194548558e-05,0.006386753259999864,2.2197372357897276,0.44394744715794554,0.6,0.0,0.014177203178405762,2.2028772725390944e-05,0.6,0.0,0.014177203178405762,2.2028772725390944e-05,goal_capture,TERMINAL_SETTLING,NONE,DIRECT_LOCAL,PASS_THROUGH,0,6,0,0,0,0,1,0.6,2.2197372357897276,0.9996255824296973,0.0,0,0,1,CLEAR,none,nan,0.0,0.0,0,0,0,0,0.0,0,0,1,1,0.0,0.6,"0.882,16.901;0.835,17.059;0.773,17.270;0.711,17.481;0.649,17.692;0.587,17.903;0.525,18.114;0.463,18.325;0.401,18.536;0.339,18.747;0.280,18.949;0.250,19.050",0.2500000000000004,19.05,2.0,0.2500000000000004,19.05,2.0,0.2500000000000004,19.05,2.0,2.4661857177802076,0.0,0.0,0,0,6,1,,,1,1,PASS_THROUGH,-1,0.9999999996069133,-2.8038785060079226e-05,0.0,0.44394744715794554,0,0.9999796040903307,-2.8038213194548558e-05,0.006386753259999864,2.2197825094007255,0.4439565018801451,0,0,0,BYPASS_VISIBLE,1,0,1,1,1
1787562411516626176,1787562411533315072,joint_v2_000006_1f4b2824,2031,301,0.03333333333333333,10.033333333333333,16.689062118530273,frame_id_exact,1,,0.8703582882881165,16.939367294311523,1.985905408859253,0.049304511876722565,0.0071722997873883455,0.14228102383453772,0.9885715621445691,-0.16337090730667114,0.5560058355331421,0.004102771636098623,0.5770418030044632,-6.30185708480064e-05,-0.053592246176367736,0.2858960099038197,4.3241449020570144e-05,depth/002031.png,1.0,0.000150470351010892,-0.09952304096748987,-0.9950352464487159,0.5770418030044632,-6.30185708480064e-05,-0.053592246176367736,4.3241449020570144e-05,0.9999794761915811,-2.5998265625770105e-05,0.006406755785970662,2.199912458296835,0.439982491659367,0.6,0.0,0.01409459114074707,5.75859667728551e-06,0.6,0.0,0.01409459114074707,5.75859667728551e-06,goal_capture,TERMINAL_SETTLING,NONE,DIRECT_LOCAL,PASS_THROUGH,0,6,0,0,0,0,1,0.6,2.199912458296835,0.9996255824296973,0.0,0,0,1,CLEAR,none,nan,0.0,0.0,0,0,0,0,0.0,0,0,1,1,0.0,0.6,"0.882,16.901;0.835,17.059;0.773,17.270;0.711,17.481;0.649,17.692;0.587,17.903;0.525,18.114;0.463,18.325;0.401,18.536;0.339,18.747;0.280,18.949;0.250,19.050",0.2500000000000004,19.05,2.0,0.2500000000000004,19.05,2.0,0.2500000000000004,19.05,2.0,2.4661857177802076,0.0,0.0,0,0,6,1,,,0,1,PASS_THROUGH,-1,0.9999796040903307,-2.8038213194548558e-05,0.006386753259999864,0.44394744715794554,0,0.9999794761915811,-2.5998265625770105e-05,0.006406755785970662,2.199957609061831,0.4399915218123662,0,0,0,BYPASS_VISIBLE,1,0,1,1,1
1787562411566594816,1787562411582337024,joint_v2_000006_1f4b2824,2032,302,0.03333333333333333,10.066666666666666,15.742301940917969,frame_id_exact,1,,0.8650705218315125,16.957368850708008,1.9861177206039429,0.04682145298508339,0.006780649772934511,0.14229773677724605,0.9886926359779848,-0.15396304428577423,0.5241426825523376,0.008672652766108513,0.5446618750343551,-0.00010022207492838326,-0.04299787697667877,0.2858910120277177,6.31270813755691e-05,depth/002032.png,1.0,8.278341049309731e-05,-0.09451379377741823,-0.9955235486580448,0.5446618750343551,-0.00010022207492838326,-0.04299787697667877,6.31270813755691e-05,0.9999797459784561,-1.9566303824542607e-05,0.006364530620721138,2.1811503556181577,0.43623007112363155,0.6,0.0,0.013882279396057129,-0.00012661256147794564,0.6,0.0,0.013882279396057129,-0.00012661256147794564,goal_capture,TERMINAL_SETTLING,NONE,DIRECT_LOCAL,PASS_THROUGH,0,6,0,0,0,0,1,0.6,2.1811503556181577,0.9821334888540109,0.0,0,0,1,CLEAR,none,nan,0.0,0.0,0,0,0,0,0.0011210893362392205,0,0,1,1,0.0,0.6,"0.865,16.957;0.823,17.101;0.762,17.306;0.700,17.518;0.638,17.729;0.576,17.940;0.514,18.151;0.452,18.362;0.390,18.573;0.328,18.784;0.271,18.978;0.250,19.050",0.2500000000000004,19.05,2.0,0.2500000000000004,19.05,2.0,0.2500000000000004,19.05,2.0,2.4661857177802076,0.0,0.0,0,0,6,1,,,0,1,PASS_THROUGH,-1,0.9999796040903307,-2.8038213194548558e-05,0.006386753259999864,0.44394744715794554,0,0.9999797459784561,-1.9566303824542607e-05,0.006364530620721138,2.181194533161691,0.43623890663233816,0,0,0,BYPASS_VISIBLE,1,0,1,1,1
1787562411614951936,1787562411631925504,joint_v2_000006_1f4b2824,2033,303,0.03333333333333333,10.1,16.97373390197754,frame_id_exact,1,,0.8600744009017944,16.974382400512695,1.986478328704834,0.030940291878129213,0.004452963792500151,0.142387448770685,0.9893172817072058,-0.14630435407161713,0.4981401264667511,0.012843816541135311,0.5189686048343808,-0.00011349427099577563,-0.0196236478584643,0.28588670718146364,7.463461224688217e-05,depth/002033.png,1.0,-2.303800206073653e-07,-0.06248762321996132,-0.9980457389039177,0.5189686048343808,-0.00011349427099577563,-0.0196236478584643,7.463461224688217e-05,0.999980468349667,-1.3249474949623966e-05,0.006250019490550882,2.1634184047329184,0.43268368094658366,0.6,0.0,0.013521671295166016,-9.952644170141411e-05,0.6,0.0,0.013521671295166016,-9.952644170141411e-05,goal_capture,TERMINAL_SETTLING,NONE,DIRECT_LOCAL,PASS_THROUGH,0,6,0,0,0,0,1,0.6,2.1634184047329184,0.9821334888540109,0.0,0,0,1,CLEAR,none,nan,0.0,0.0,0,0,0,0,0.0,0,0,1,1,0.0,0.6,"0.865,16.957;0.823,17.101;0.762,17.306;0.700,17.518;0.638,17.729;0.576,17.940;0.514,18.151;0.452,18.362;0.390,18.573;0.328,18.784;0.271,18.978;0.250,19.050",0.2500000000000004,19.05,2.0,0.2500000000000004,19.05,2.0,0.2500000000000004,19.05,2.0,2.4661857177802076,0.0,0.0,0,0,6,1,,,0,1,PASS_THROUGH,-1,0.9999796040903307,-2.8038213194548558e-05,0.006386753259999864,0.44394744715794554,0,0.999980468349667,-1.3249474949623966e-05,0.006250019490550882,2.163460660500149,0.43269213210002977,0,0,0,BYPASS_VISIBLE,1,0,1,1,1
1787562411659402240,1787562411675313152,joint_v2_000006_1f4b2824,2034,304,0.03333333333333333,10.133333333333333,15.911102294921875,frame_id_exact,1,,0.8552730679512024,16.990732192993164,1.9869567155838013,0.006419393045624704,0.0008831909245532654,0.14245398021916295,0.9897802154450427,-0.1425446718931198,0.48530465364456177,0.015571536496281624,0.5059651921522696,-0.00010176401379936124,0.009015378940602583,0.28588600148590126,7.405081851175055e-05,depth/002034.png,1.0,-8.060637271403281e-05,-0.012959204588441768,-0.9999160227334332,0.5059651921522696,-0.00010176401379936124,0.009015378940602583,7.405081851175055e-05,0.9999815362148862,-1.0636088536629437e-05,0.006076768564793346,2.1463782024055793,0.4292756404811159,0.6,0.0,0.01304328441619873,-6.189034825188067e-05,0.6,0.0,0.01304328441619873,-6.189034825188067e-05,goal_capture,TERMINAL_SETTLING,NONE,DIRECT_LOCAL,PASS_THROUGH,0,6,0,0,0,0,1,0.6,2.1463782024055793,0.9821334888540109,0.0,0,0,1,CLEAR,none,nan,0.0,0.0,0,0,0,0,0.0,0,0,1,1,0.0,0.6,"0.865,16.957;0.823,17.101;0.762,17.306;0.700,17.518;0.638,17.729;0.576,17.940;0.514,18.151;0.452,18.362;0.390,18.573;0.328,18.784;0.271,18.978;0.250,19.050",0.2500000000000004,19.05,2.0,0.2500000000000004,19.05,2.0,0.2500000000000004,19.05,2.0,2.4661857177802076,0.0,0.0,0,0,6,1,,,0,1,PASS_THROUGH,-1,0.9999796040903307,-2.8038213194548558e-05,0.006386753259999864,0.44394744715794554,0,0.9999815362148862,-1.0636088536629437e-05,0.006076768564793346,2.146417833281807,0.4292835666563614,0,0,0,BYPASS_VISIBLE,1,0,1,1,1
1787562411703148800,1787562411722339072,joint_v2_000006_1f4b2824,2035,305,0.03333333333333333,10.166666666666666,19.190311431884766,frame_id_exact,1,,0.8505160212516785,17.00692367553711,1.9874839782714844,-0.020568888698049407,-0.003031561991100422,0.14242598571205808,0.9895870699658369,-0.1437225490808487,0.4891834259033203,0.015514707192778587,0.5087736032973562,-6.803074100960559e-05,0.03669764831329801,0.28588906567307515,6.613738514715806e-05,depth/002035.png,1.0,-0.00014090060074313515,0.04157295900797164,-0.9991354608992428,0.5087736032973562,-6.803074100960559e-05,0.03669764831329801,6.613738514715806e-05,0.9999827282173552,-1.277365967776453e-05,0.005877338156757024,2.1295023736452476,0.4259004747290495,0.5333333334,0.0,0.012516021728515625,-9.174944169354493e-05,0.5333333334,0.0,0.012516021728515625,-9.174944169354493e-05,goal_capture,TERMINAL_SETTLING,NONE,DIRECT_LOCAL,PASS_THROUGH,0,6,0,0,0,0,1,0.5333333334,2.1295023736452476,0.9201970658119889,0.0,0,0,1,CLEAR,none,nan,0.0,0.0,0,0,0,0,0.0007318894294732187,0,0,1,1,0.0,0.5,"0.851,17.007;0.800,17.180;0.749,17.352;0.698,17.525;0.647,17.698;0.597,17.870;0.546,18.043;0.495,18.216;0.444,18.388;0.394,18.561;0.343,18.734;0.292,18.907;0.250,19.050",0.2500000000000004,19.05,2.0,0.2500000000000004,19.05,2.0,0.2500000000000004,19.05,2.0,2.4661857177802076,0.0,0.0,0,0,6,1,,,0,1,PASS_THROUGH,-1,0.9999796040903307,-2.8038213194548558e-05,0.006386753259999864,0.44394744715794554,0,0.9999827282173552,-1.277365967776453e-05,0.005877338156757024,2.1295391544089184,0.4259078308817837,0,0,0,BYPASS_VISIBLE,1,0,1,1,1
1787562411751167488,1787562411766948096,joint_v2_000006_1f4b2824,2036,306,0.03333333333333333,10.2,15.780448913574219,frame_id_exact,1,,0.8456395268440247,17.02351951599121,1.987922191619873,-0.04214570820037846,-0.006150809175257738,0.14232724283607084,0.9889028581076406,-0.1495388299226761,0.508791983127594,0.009892599657177925,0.527546315035137,-1.9088197746871247e-05,0.05498993004195151,0.28589277269923735,5.2134881116217e-05,depth/002036.png,1.0,-0.00016814065510725902,0.08510687801490024,-0.9963718136535562,0.527546315035137,-1.9088197746871247e-05,0.05498993004195151,5.2134881116217e-05,0.9999836519164957,-1.5809717632175365e-05,0.005718011000512552,2.11220491382997,0.422440982765994,0.5,0.0,0.012077808380126953,-9.67125587220119e-05,0.5,0.0,0.012077808380126953,-9.67125587220119e-05,goal_capture,TERMINAL_SETTLING,NONE,DIRECT_LOCAL,PASS_THROUGH,0,6,0,0,0,0,1,0.5,2.11220491382997,0.9201970658119889,0.0,0,0,1,CLEAR,none,nan,0.0,0.0,0,0,0,0,0.0,0,0,1,1,0.0,0.5,"0.851,17.007;0.800,17.180;0.749,17.352;0.698,17.525;0.647,17.698;0.597,17.870;0.546,18.043;0.495,18.216;0.444,18.388;0.394,18.561;0.343,18.734;0.292,18.907;0.250,19.050",0.2500000000000004,19.05,2.0,0.2500000000000004,19.05,2.0,0.2500000000000004,19.05,2.0,2.4661857177802076,0.0,0.0,0,0,6,1,,,1,1,PASS_THROUGH,-1,0.9999999998750223,-1.5809976093004608e-05,0.0,0.422440982765994,0,0.9999836519164957,-1.5809717632175365e-05,0.005718011000512552,2.112239444632814,0.42244788892656276,0,0,0,BYPASS_VISIBLE,1,0,1,1,1
1787562411802618112,1787562411819053824,joint_v2_000006_1f4b2824,2037,307,0.03333333333333333,10.233333333333333,16.435861587524414,frame_id_exact,1,,0.8405160903930664,17.04094696044922,1.9881114959716797,-0.04883576551561441,-0.007108241477307851,0.142282854103229,0.98859502848125,-0.15809211134910583,0.5377023816108704,0.0013585217529907823,0.557597507621971,3.508091314460798e-05,0.056602391338784544,0.28589321241798166,4.023557630716823e-05,depth/002037.png,1.0,-0.00015736017166618176,0.09858035177171758,-0.9951290818192084,0.557597507621971,3.508091314460798e-05,0.056602391338784544,4.023557630716823e-05,0.9999838843525225,-1.671725007952494e-05,0.00567721373338208,2.094039963501496,0.41880799270029917,0.5,0.0,0.011888504028320312,-8.809815298327361e-05,0.5,0.0,0.011888504028320312,-8.809815298327361e-05,goal_capture,TERMINAL_SETTLING,NONE,DIRECT_LOCAL,PASS_THROUGH,0,6,0,0,0,0,1,0.5,2.094039963501496,0.9201970658119889,0.0,0,0,1,CLEAR,none,nan,0.0,0.0,0,0,0,0,0.0,0,0,1,1,0.0,0.5,"0.851,17.007;0.800,17.180;0.749,17.352;0.698,17.525;0.647,17.698;0.597,17.870;0.546,18.043;0.495,18.216;0.444,18.388;0.394,18.561;0.343,18.734;0.292,18.907;0.250,19.050",0.2500000000000004,19.05,2.0,0.2500000000000004,19.05,2.0,0.2500000000000004,19.05,2.0,2.4661857177802076,0.0,0.0,0,0,6,1,,,0,1,PASS_THROUGH,-1,0.9999836519164957,-1.5809717632175365e-05,0.005718011000512552,0.422440982765994,0,0.9999838843525225,-1.671725007952494e-05,0.00567721373338208,2.094073710562591,0.4188147421125182,0,0,0,BYPASS_VISIBLE,1,0,1,1,1
1787562411844822272,1787562411861797120,joint_v2_000006_1f4b2824,2038,308,0.03333333333333333,10.266666666666667,16.974925994873047,frame_id_exact,1,,0.8351031541824341,17.059350967407227,1.9880092144012451,-0.038364610918944685,-0.005578300213531463,0.14234963682266685,0.9890569347071081,-0.16637581586837769,0.5657268166542053,-0.0072755878791213036,0.5884755918198596,8.194830717597917e-05,0.0384336894312377,0.28589038837540925,3.549036773620173e-05,depth/002038.png,1.0,-0.00011213615783348119,0.07747770697241257,-0.9969940783915314,0.5884755918198596,8.194830717597917e-05,0.0384336894312377,3.549036773620173e-05,0.9999833013477778,-1.550748289692168e-05,0.00577899516502602,2.0748564461178467,0.41497128922356935,0.5666666666,0.0,0.011990785598754883,4.173523258987899e-05,0.5666666666,0.0,0.011990785598754883,4.173523258987899e-05,goal_capture,TERMINAL_SETTLING,NONE,DIRECT_LOCAL,PASS_THROUGH,0,6,0,0,0,0,1,0.5666666666,2.0748564461178467,0.9241919774885171,0.0,0,0,1,CLEAR,none,nan,0.0,0.0,0,0,0,0,0.0008885281580121722,0,0,1,1,0.0,0.6,"0.835,17.059;0.791,17.211;0.729,17.421;0.667,17.632;0.605,17.843;0.543,18.054;0.481,18.265;0.419,18.476;0.357,18.687;0.295,18.898;0.252,19.044;0.250,19.050",0.2500000000000004,19.05,2.0,0.2500000000000004,19.05,2.0,0.2500000000000004,19.05,2.0,2.4661857177802076,0.0,0.0,0,0,6,1,,,0,1,PASS_THROUGH,-1,0.9999836519164957,-1.5809717632175365e-05,0.005718011000512552,0.422440982765994,0,0.9999833013477778,-1.550748289692168e-05,0.00577899516502602,2.074891093753129,0.4149782187506258,0,0,0,BYPASS_VISIBLE,1,0,1,1,1
1787562411897932800,1787562411916996352,joint_v2_000006_1f4b2824,2039,309,0.03333333333333333,10.3,19.063472747802734,frame_id_exact,1,,0.8294586539268494,17.078540802001953,1.987633466720581,-0.016516231546690914,-0.002398875785336025,0.14243739384514342,0.9896630983951389,-0.171632319688797,0.58351731300354,-0.01480531319975853,0.6083905131275412,0.00010937592734707786,0.005502418457844112,0.28588777715472125,3.819139237748459e-05,depth/002039.png,1.0,-4.3099729454252646e-05,0.033374389002662305,-0.9994429189809252,0.6083905131275412,0.00010937592734707786,0.005502418457844112,3.819139237748459e-05,0.9999818909790911,-1.4816312167316009e-05,0.006018097237346942,2.054853693327537,0.41097073866550743,0.6,0.0,0.012366533279418945,3.403340798624477e-05,0.6,0.0,0.012366533279418945,3.403340798624477e-05,goal_capture,TERMINAL_SETTLING,NONE,DIRECT_LOCAL,PASS_THROUGH,0,6,0,0,0,0,1,0.6,2.054853693327537,0.9241919774885171,0.0,0,0,1,CLEAR,none,nan,0.0,0.0,0,0,0,0,0.0,0,0,1,1,0.0,0.6,"0.835,17.059;0.791,17.211;0.729,17.421;0.667,17.632;0.605,17.843;0.543,18.054;0.481,18.265;0.419,18.476;0.357,18.687;0.295,18.898;0.252,19.044;0.250,19.050",0.2500000000000004,19.05,2.0,0.2500000000000004,19.05,2.0,0.2500000000000004,19.05,2.0,2.4661857177802076,0.0,0.0,0,0,6,1,,,0,1,PASS_THROUGH,-1,0.9999836519164957,-1.5809717632175365e-05,0.005718011000512552,0.422440982765994,0,0.9999818909790911,-1.4816312167316009e-05,0.006018097237346942,2.0548909051643522,0.4109781810328704,0,0,0,BYPASS_VISIBLE,1,0,1,1,1
1787562411946850304,1787562411963435264,joint_v2_000006_1f4b2824,2040,310,0.03333333333333333,10.333333333333334,16.58487319946289,frame_id_exact,1,,0.8237077593803406,17.09809112548828,1.9870917797088623,0.005685803318831835,0.0008355960503111054,0.14245542732934494,0.9897845344539761,-0.17272034287452698,0.5872105360031128,-0.016650265082716942,0.6118535848492719,0.00011015440785160811,-0.023684179027005647,0.285888354378824,4.1117644286714494e-05,depth/002040.png,1.0,3.417301230792397e-05,-0.011493510766697242,-0.9999339468397205,0.6118535848492719,0.00011015440785160811,-0.023684179027005647,4.1117644286714494e-05,0.9999798725754834,-1.7558195569749543e-05,0.006344614695140345,2.0344750791225774,0.4068950158245155,0.6,0.0,0.012908220291137695,-7.245751506013143e-06,0.6,0.0,0.012908220291137695,-7.245751506013143e-06,goal_capture,TERMINAL_SETTLING,NONE,DIRECT_LOCAL,PASS_THROUGH,0,6,0,0,0,0,1,0.6,2.0344750791225774,0.9241919774885171,0.0,0,0,1,CLEAR,none,nan,0.0,0.0,0,0,0,0,0.0,0,0,1,1,0.0,0.6,"0.835,17.059;0.791,17.211;0.729,17.421;0.667,17.632;0.605,17.843;0.543,18.054;0.481,18.265;0.419,18.476;0.357,18.687;0.295,18.898;0.252,19.044;0.250,19.050",0.2500000000000004,19.05,2.0,0.2500000000000004,19.05,2.0,0.2500000000000004,19.05,2.0,2.4661857177802076,0.0,0.0,0,0,6,1,,,0,1,PASS_THROUGH,-1,0.9999836519164957,-1.5809717632175365e-05,0.005718011000512552,0.422440982765994,0,0.9999798725754834,-1.7558195569749543e-05,0.006344614695140345,2.0345160283767494,0.4069032056753499,0,0,0,BYPASS_VISIBLE,1,0,1,1,1
1787562411999661056,1787562412018707968,joint_v2_000006_1f4b2824,2041,311,0.03333333333333333,10.366666666666667,19.047021865844727,frame_id_exact,1,,0.8179851174354553,17.117549896240234,1.9865871667861938,0.02140894910320213,0.003132999990738631,0.14242505342925643,0.9895690705377912,-0.17012736201286316,0.5784680247306824,-0.01312998216599226,0.6018338559261445,8.514201574484906e-05,-0.03920425977949777,0.2858916330187826,4.032167271361686e-05,depth/002041.png,1.0,0.00010229833788468097,-0.04326370311264284,-0.999063682418709,0.6018338559261445,8.514201574484906e-05,-0.03920425977949777,4.032167271361686e-05,0.9999778282651438,-2.2405287962964942e-05,0.0066590146515535,2.0141922691613376,0.4028384538322675,0.6,0.0,0.013412833213806152,4.552556689518816e-05,0.6,0.0,0.013412833213806152,4.552556689518816e-05,goal_capture,TERMINAL_SETTLING,NONE,DIRECT_LOCAL,PASS_THROUGH,0,6,0,0,0,0,1,0.6,2.0141922691613376,0.8702016572764281,0.0,0,0,1,CLEAR,none,nan,0.0,0.0,0,0,0,0,0.001283756901962473,0,0,1,1,0.0,0.6,"0.818,17.118;0.773,17.272;0.711,17.483;0.649,17.694;0.587,17.905;0.525,18.116;0.463,18.327;0.400,18.538;0.338,18.749;0.279,18.951;0.250,19.050",0.2500000000000004,19.05,2.0,0.2500000000000004,19.05,2.0,0.2500000000000004,19.05,2.0,2.4661857177802076,0.0,0.0,0,0,6,1,,,0,1,PASS_THROUGH,-1,0.9999836519164957,-1.5809717632175365e-05,0.005718011000512552,0.422440982765994,0,0.9999778282651438,-2.2405287962964942e-05,0.0066590146515535,2.0142369277828567,0.40284738555657135,0,0,0,BYPASS_VISIBLE,1,0,1,1,1
1787562412049902336,1787562412066731776,joint_v2_000006_1f4b2824,2042,312,0.03333333333333333,10.4,16.829252243041992,frame_id_exact,1,,0.8123913407325745,17.136573791503906,1.9862409830093384,0.028494453173909137,0.004175012001587993,0.14240010891541688,0.9893901376069927,-0.16526056826114655,0.5620589256286621,-0.00755554623901844,0.584444150740113,4.1597533288109624e-05,-0.04127239410461143,0.28589523278857637,3.9853093767305836e-05,depth/002042.png,1.0,0.00014620492662416676,-0.057573306221038546,-0.998341270826213,0.584444150740113,4.1597533288109624e-05,-0.04127239410461143,3.9853093767305836e-05,0.9999762027052174,-2.7101486857417727e-05,0.006898788934539766,1.9943630250008955,0.39887260500017907,0.6,0.0,0.013759016990661621,3.0572772812265114e-05,0.6,0.0,0.013759016990661621,3.0572772812265114e-05,goal_capture,TERMINAL_SETTLING,NONE,DIRECT_LOCAL,PASS_THROUGH,0,6,0,0,0,0,1,0.6,1.9943630250008952,0.8702016572764281,0.0,0,0,1,CLEAR,none,nan,0.0,0.0,0,0,0,0,0.0,0,0,1,1,0.0,0.6,"0.818,17.118;0.773,17.272;0.711,17.483;0.649,17.694;0.587,17.905;0.525,18.116;0.463,18.327;0.400,18.538;0.338,18.749;0.279,18.951;0.250,19.050",0.2500000000000004,19.05,2.0,0.2500000000000004,19.05,2.0,0.2500000000000004,19.05,2.0,2.4661857177802076,0.0,0.0,0,0,6,1,,,1,1,PASS_THROUGH,-1,0.9999999996327372,-2.7102131804818083e-05,0.0,0.39887260500017907,0,0.9999762027052174,-2.7101486857417727e-05,0.006898788934539766,1.994410485842689,0.3988820971685378,0,0,0,BYPASS_VISIBLE,1,0,1,1,1
1787562412105028864,1787562412121979904,joint_v2_000006_1f4b2824,2043,313,0.03333333333333333,10.433333333333334,16.95108413696289,frame_id_exact,1,,0.8069741129875183,17.15500259399414,1.9860856533050537,0.02667307184121326,0.003918069967660366,0.1424084046765466,0.989440772478961,-0.15982720255851746,0.5437564849853516,-0.0018339804373681545,0.5658363875321655,-9.95376198164604e-06,-0.03237893715090845,0.285897236254936,4.2945895984303206e-05,depth/002043.png,1.0,0.00015645713339678367,-0.053898781800924944,-0.998546391932564,0.5658363875321655,-9.95376198164604e-06,-0.03237893715090845,4.2945895984303206e-05,0.9999751866780966,-2.9426408457136867e-05,0.00704451291378116,1.9751545082112363,0.39503090164224725,0.6,0.0,0.013914346694946289,-6.203724566278268e-06,0.6,0.0,0.013914346694946289,-6.203724566278268e-06,goal_capture,TERMINAL_SETTLING,NONE,DIRECT_LOCAL,PASS_THROUGH,0,6,0,0,0,0,1,0.6,1.9751545082112363,0.8702016572764281,0.0,0,0,1,CLEAR,none,nan,0.0,0.0,0,0,0,0,0.0,0,0,1,1,0.0,0.6,"0.818,17.118;0.773,17.272;0.711,17.483;0.649,17.694;0.587,17.905;0.525,18.116;0.463,18.327;0.400,18.538;0.338,18.749;0.279,18.951;0.250,19.050",0.2500000000000004,19.05,2.0,0.2500000000000004,19.05,2.0,0.2500000000000004,19.05,2.0,2.45875818449186,0.0,0.0,0,0,6,1,,,0,1,PASS_THROUGH,-1,0.9999762027052174,-2.7101486857417727e-05,0.006898788934539766,0.39887260500017907,0,0.9999751866780966,-2.9426408457136867e-05,0.00704451291378116,1.975203518716772,0.3950407037433544,0,0,0,BYPASS_VISIBLE,1,0,1,1,1
1787562412150178304,1787562412172306176,joint_v2_000006_1f4b2824,2044,314,0.03333333333333333,10.466666666666667,22.127866744995117,frame_id_exact,1,,0.8017242550849915,17.17286491394043,1.986109733581543,0.01723525154961554,0.0025469527579985887,0.1424397224300516,0.9896501324254546,-0.1554550677537918,0.5290565490722656,0.0031124032102525234,0.5511964824483843,-5.8499539703083e-05,-0.016100670006732872,0.28589764928563244,4.7405344957951456e-05,depth/002044.png,1.0,0.00013121537499065188,-0.034839312444709634,-0.99939291827134,0.5511964824483843,-5.8499539703083e-05,-0.016100670006732872,4.7405344957951456e-05,0.9999747996616399,-2.974038905016433e-05,0.007099236379516906,1.9565366812214284,0.3913073362442857,0.6,0.0,0.013890266418457031,-9.691436391123798e-05,0.6,0.0,0.013890266418457031,-9.691436391123798e-05,goal_capture,TERMINAL_SETTLING,NONE,DIRECT_LOCAL,PASS_THROUGH,0,6,0,0,0,0,1,0.6,1.9565366812214284,0.8602325267042626,0.0,0,0,1,CLEAR,none,nan,0.0,0.0,0,0,0,0,0.001704041715577548,0,0,1,1,0.0,0.6,"0.802,17.173;0.759,17.317;0.699,17.523;0.637,17.735;0.575,17.946;0.513,18.157;0.451,18.368;0.388,18.579;0.326,18.790;0.270,18.982;0.250,19.050",0.2500000000000004,19.05,2.0,0.2500000000000004,19.05,2.0,0.2500000000000004,19.05,2.0,2.4425794395720715,0.0,0.0,0,0,6,1,,,0,1,PASS_THROUGH,-1,0.9999762027052174,-2.7101486857417727e-05,0.006898788934539766,0.39887260500017907,0,0.9999747996616399,-2.974038905016433e-05,0.007099236379516906,1.956585986985018,0.3913171973970036,0,0,0,BYPASS_VISIBLE,1,0,1,1,1
1787562412208494080,1787562412225743872,joint_v2_000006_1f4b2824,2045,315,0.03333333333333333,10.5,17.249584197998047,frame_id_exact,1,,0.7965846657752991,17.19036102294922,1.9862760305404663,0.0028772260191536458,0.0004527451522272109,0.14246198530407622,0.9897959887448944,-0.1533748358488083,0.5221061110496521,0.006566240452229977,0.5441968410834672,-9.4289747952686e-05,0.0033965048117228745,0.2858980993836279,4.6527115046046674e-05,depth/002045.png,1.0,7.646000948203504e-05,-0.005824731491387608,-0.9999830331845236,0.5441968410834672,-9.4289747952686e-05,0.0033965048117228745,4.6527115046046674e-05,0.9999749344194767,-2.878656280923049e-05,0.007080233336334967,1.9383012979996617,0.38766025959993233,0.6,0.0,0.013723969459533691,-8.705271213826915e-05,0.6,0.0,0.013723969459533691,-8.705271213826915e-05,goal_capture,TERMINAL_SETTLING,NONE,DIRECT_LOCAL,PASS_THROUGH,0,6,0,0,0,0,1,0.6,1.9383012979996617,0.8602325267042626,0.0,0,0,1,CLEAR,none,nan,0.0,0.0,0,0,0,0,0.0,0,0,1,1,0.0,0.6,"0.802,17.173;0.759,17.317;0.699,17.523;0.637,17.735;0.575,17.946;0.513,18.157;0.451,18.368;0.388,18.579;0.326,18.790;0.270,18.982;0.250,19.050",0.2500000000000004,19.05,2.0,0.2500000000000004,19.05,2.0,0.2500000000000004,19.05,2.0,2.4264965042999505,0.0,0.0,0,0,6,1,,,0,1,PASS_THROUGH,-1,0.9999762027052174,-2.7101486857417727e-05,0.006898788934539766,0.39887260500017907,0,0.9999749344194767,-2.878656280923049e-05,0.007080233336334967,1.9383498830615953,0.38766997661231906,0,0,0,BYPASS_VISIBLE,1,0,1,1,1
1787562412252261632,1787562412268249600,joint_v2_000006_1f4b2824,2046,316,0.03333333333333333,10.533333333333333,15.987873077392578,frame_id_exact,1,,0.7914668321609497,17.207782745361328,1.9865223169326782,-0.012810118608845093,-0.0018414431820742972,0.14245187399865236,0.9897171179395184,-0.15418894588947296,0.5249266624450684,0.007838700897991657,0.5467173362921243,-0.00011032995205837028,0.02199589136497328,0.28590027285040315,3.82660873583518e-05,depth/002046.png,1.0,4.635125926087495e-06,0.02588142140431617,-0.999665019896469,0.5467173362921243,-0.00011032995205837028,0.02199589136497328,3.82660873583518e-05,0.9999753665740955,-2.958342186309621e-05,0.0070189293930624065,1.9201434174610137,0.38402868349220276,0.6,0.0,0.013477683067321777,-7.349123205657726e-05,0.6,0.0,0.013477683067321777,-7.349123205657726e-05,goal_capture,TERMINAL_SETTLING,NONE,DIRECT_LOCAL,PASS_THROUGH,0,6,0,0,0,0,1,0.6,1.920143417461014,0.8602325267042626,0.0,0,0,1,CLEAR,none,nan,0.0,0.0,0,0,0,0,0.0,0,0,1,1,0.0,0.6,"0.802,17.173;0.759,17.317;0.699,17.523;0.637,17.735;0.575,17.946;0.513,18.157;0.451,18.368;0.388,18.579;0.326,18.790;0.270,18.982;0.250,19.050",0.2500000000000004,19.05,2.0,0.2500000000000004,19.05,2.0,0.2500000000000004,19.05,2.0,2.4102074509237355,0.0,0.0,0,0,6,1,,,0,1,PASS_THROUGH,-1,0.9999762027052174,-2.7101486857417727e-05,0.006898788934539766,0.39887260500017907,0,0.9999753665740955,-2.958342186309621e-05,0.0070189293930624065,1.9201907174965003,0.38403814349930004,0,0,0,BYPASS_VISIBLE,1,0,1,1,1
1787562412298612224,1787562412314332672,joint_v2_000006_1f4b2824,2047,317,0.03333333333333333,10.566666666666666,15.720605850219727,frame_id_exact,1,,0.7862744331359863,17.2254581451416,1.986768126487732,-0.026069183807349138,-0.0037865728652928246,0.1424153765624213,0.9894563760167188,-0.1577797681093216,0.5371079444885254,0.006496418733149767,0.5586839046924871,-0.00010330508131101115,0.035970636348176044,0.2859041675170059,2.560912435001228e-05,depth/002047.png,1.0,-6.799207243455598e-05,0.05266717267245026,-0.998612119043109,0.5586839046924871,-0.00010330508131101115,0.035970636348176044,2.560912435001228e-05,0.9999757945876501,-3.20770983765252e-05,0.006957672732864024,1.9017211277591284,0.3803442255518257,0.6,0.0,0.013231873512268066,-0.00014832760620309138,0.6,0.0,0.013231873512268066,-0.00014832760620309138,goal_capture,TERMINAL_SETTLING,NONE,DIRECT_LOCAL,PASS_THROUGH,0,6,0,0,0,0,1,0.6,1.9017211277591284,0.8602325267042626,0.0,0,0,1,CLEAR,none,nan,0.0,0.0,0,0,0,0,0.0018379268431488432,0,0,1,1,0.0,0.6,"0.786,17.225;0.743,17.371;0.683,17.578;0.620,17.790;0.558,18.001;0.496,18.212;0.434,18.423;0.372,18.634;0.310,18.845;0.260,19.017;0.250,19.050",0.2500000000000004,19.05,2.0,0.2500000000000004,19.05,2.0,0.2500000000000004,19.05,2.0,2.3934617999829797,0.0,0.0,0,0,6,1,,,0,1,PASS_THROUGH,-1,0.9999762027052174,-2.7101486857417727e-05,0.006898788934539766,0.39887260500017907,0,0.9999757945876501,-3.20770983765252e-05,0.006957672732864024,1.9017671598389998,0.38035343196779997,0,0,0,BYPASS_VISIBLE,1,0,1,1,1
1787562412343174912,1787562412360940544,joint_v2_000006_1f4b2824,2048,318,0.03333333333333333,10.6,17.765522003173828,frame_id_exact,1,,0.7809258699417114,17.243661880493164,1.9869276285171509,-0.03377660391970473,-0.004924781972711313,0.14238257182439468,0.9892229732425566,-0.16337986290454865,0.5560480952262878,0.002767621073871851,0.5780143582869807,-7.43781394174978e-05,0.042302714048661615,0.2859082095526756,8.391470146307256e-06,depth/002048.png,1.0,-0.00012501546407067687,0.06822759135687112,-0.9976697751003453,0.5780143582869807,-7.43781394174978e-05,0.042302714048661615,8.391470146307256e-06,0.9999758959600265,-3.5135825703657596e-05,0.0069430731248039295,1.8827479070116788,0.37654958140233574,0.6,0.0,0.013072371482849121,-0.00015269238905990523,0.6,0.0,0.013072371482849121,-0.00015269238905990523,goal_capture,TERMINAL_SETTLING,NONE,DIRECT_LOCAL,PASS_THROUGH,0,6,0,0,0,0,1,0.6,1.8827479070116788,0.8602325267042626,0.0,0,0,1,CLEAR,none,nan,0.0,0.0,0,0,0,0,0.0,0,0,1,1,0.0,0.6,"0.786,17.225;0.743,17.371;0.683,17.578;0.620,17.790;0.558,18.001;0.496,18.212;0.434,18.423;0.372,18.634;0.310,18.845;0.260,19.017;0.250,19.050",0.2500000000000004,19.05,2.0,0.2500000000000004,19.05,2.0,0.2500000000000004,19.05,2.0,2.3761159760883444,0.0,0.0,0,0,6,1,,,1,1,PASS_THROUGH,-1,0.9999999993827072,-3.513667261776252e-05,0.0,0.37654958140233574,0,0.9999758959600265,-3.5135825703657596e-05,0.0069430731248039295,1.8827932887741667,0.3765586577548333,0,0,0,BYPASS_VISIBLE,1,0,1,1,1
1787562412394132992,1787562412411479296,joint_v2_000006_1f4b2824,2049,319,0.03333333333333333,10.633333333333333,17.34614372253418,frame_id_exact,1,,0.775373637676239,17.262554168701172,1.986937165260315,-0.03414153582219371,-0.004991836149513902,0.1423812572315982,0.9892102985173111,-0.1697806417942047,0.5776612162590027,-0.002274127444252372,0.6008178182029763,-2.9495028134155475e-05,0.03925642894321459,0.2859102567328951,-1.0386802387074567e-05,depth/002049.png,1.0,-0.0001537218668571285,0.06896780549874729,-0.9976188742071166,0.6008178182029763,-2.9495028134155475e-05,0.03925642894321459,-1.0386802387074567e-05,0.9999754196122378,-3.6842047472411185e-05,0.007011334679824951,1.8630566440644591,0.37261132881289183,0.6,0.0,0.013062834739685059,-0.0001325021210552002,0.6,0.0,0.013062834739685059,-0.0001325021210552002,goal_capture,TERMINAL_SETTLING,NONE,DIRECT_LOCAL,PASS_THROUGH,0,6,0,0,0,0,1,0.6,1.8630566440644591,0.8602325267042626,0.0,0,0,1,CLEAR,none,nan,0.0,0.0,0,0,0,0,0.0,0,0,1,1,0.0,0.6,"0.786,17.225;0.743,17.371;0.683,17.578;0.620,17.790;0.558,18.001;0.496,18.212;0.434,18.423;0.372,18.634;0.310,18.845;0.260,19.017;0.250,19.050",0.2500000000000004,19.05,2.0,0.2500000000000004,19.05,2.0,0.2500000000000004,19.05,2.0,2.358165925063181,0.0,0.0,0,0,6,1,,,0,1,PASS_THROUGH,-1,0.9999758959600265,-3.5135825703657596e-05,0.0069430731248039295,0.37654958140233574,0,0.9999754196122378,-3.6842047472411185e-05,0.007011334679824951,1.8631024385803807,0.37262048771607614,0,0,0,BYPASS_VISIBLE,1,0,1,1,1
1787562412438850048,1787562412456464896,joint_v2_000006_1f4b2824,2050,320,0.03333333333333333,10.666666666666666,17.61484146118164,frame_id_exact,1,,0.7696136832237244,17.28214454650879,1.9867790937423706,-0.027104317955373332,-0.003976016805276215,0.14241278717528755,0.9894281910717445,-0.17561352252960205,0.5973273515701294,-0.006994602736085653,0.6220560919333478,2.1402804600615954e-05,0.027114880176870196,0.2859093365368883,-2.519540248613339e-05,depth/002050.png,1.0,-0.00014796330161079112,0.05476802383982722,-0.9984990944770764,0.6220560919333478,2.1402804600615954e-05,0.027114880176870196,-2.519540248613339e-05,0.9999742600573391,-3.689430476470968e-05,0.007174807425112403,1.8426370462551604,0.3685274092510321,0.6,0.0,0.013220906257629395,-6.668321835046065e-05,0.6,0.0,0.013220906257629395,-6.668321835046065e-05,goal_capture,TERMINAL_SETTLING,NONE,DIRECT_LOCAL,PASS_THROUGH,0,6,0,0,0,0,1,0.6,1.8426370462551604,0.8602325267042626,0.0,0,0,1,CLEAR,none,nan,0.0,0.0,0,0,0,0,0.0021139423628788834,0,0,1,1,0.0,0.6,"0.770,17.282;0.723,17.440;0.661,17.651;0.599,17.862;0.537,18.073;0.475,18.284;0.413,18.495;0.351,18.706;0.289,18.917;0.250,19.050",0.2500000000000004,19.05,2.0,0.2500000000000004,19.05,2.0,0.2500000000000004,19.05,2.0,2.339734411248215,0.0,0.0,0,0,6,1,,,0,1,PASS_THROUGH,-1,0.9999758959600265,-3.5135825703657596e-05,0.0069430731248039295,0.37654958140233574,0,0.9999742600573391,-3.689430476470968e-05,0.007174807425112403,1.8426844755937504,0.3685368951187501,0,0,0,BYPASS_VISIBLE,1,0,1,1,1
1787562412488577024,1787562412507233792,joint_v2_000006_1f4b2824,2051,321,0.03333333333333333,10.7,18.65673065185547,frame_id_exact,1,,0.7636864185333252,17.302303314208984,1.9864919185638428,-0.014314350877305084,-0.002115615884781245,0.1424512814482546,0.9896960421978759,-0.17963804304599762,0.6108655333518982,-0.00983574241399765,0.6367491044273691,6.606596457437301e-05,0.008593126425280704,0.28590674910296127,-3.219903010176495e-05,depth/002051.png,1.0,-0.00010943808481379737,0.02893645720747981,-0.9995812470567789,0.6367491044273691,6.606596457437301e-05,0.008593126425280704,-3.219903010176495e-05,0.9999725064120051,-3.5431699008683936e-05,0.00741519822304397,1.8216249455116977,0.36432498910233957,0.6,0.0,0.013508081436157227,-6.813481058465243e-05,0.6,0.0,0.013508081436157227,-6.813481058465243e-05,goal_capture,TERMINAL_SETTLING,NONE,DIRECT_LOCAL,PASS_THROUGH,0,6,0,0,0,0,1,0.6,1.821624945511698,0.8602325267042626,0.0,0,0,1,CLEAR,none,nan,0.0,0.0,0,0,0,0,0.0,0,0,1,1,0.0,0.6,"0.770,17.282;0.723,17.440;0.661,17.651;0.599,17.862;0.537,18.073;0.475,18.284;0.413,18.495;0.351,18.706;0.289,18.917;0.250,19.050",0.2500000000000004,19.05,2.0,0.2500000000000004,19.05,2.0,0.2500000000000004,19.05,2.0,2.321064060083367,0.0,0.0,0,0,6,1,,,0,1,PASS_THROUGH,-1,0.9999758959600265,-3.5135825703657596e-05,0.0069430731248039295,0.37654958140233574,0,0.9999725064120051,-3.5431699008683936e-05,0.00741519822304397,1.8216750287508974,0.36433500575017946,0,0,0,BYPASS_VISIBLE,1,0,1,1,1
1787562412533436672,1787562412549499904,joint_v2_000006_1f4b2824,2052,322,0.03333333333333333,10.733333333333333,16.063213348388672,frame_id_exact,1,,0.7576676607131958,17.322769165039062,1.9861549139022827,0.0012916194999110597,0.00016206565475566063,0.14246595092388709,0.9897988473832164,-0.1809995323419571,0.6154018640518188,-0.009947014041244984,0.6414392179230856,9.352793127594403e-05,-0.011616756756668773,0.2859048511217395,-3.40531587426085e-05,depth/002052.png,1.0,-4.719880401821087e-05,-0.002603064659773042,-0.999996610907582,0.6414392179230856,9.352793127594403e-05,-0.011616756756668773,-3.40531587426085e-05,0.9999704290601655,-3.534293371113415e-05,0.007690237714492489,1.8002924237395068,0.36005848474790136,0.6,0.0,0.013845086097717285,-8.712519202869196e-05,0.6,0.0,0.013845086097717285,-8.712519202869196e-05,goal_capture,TERMINAL_SETTLING,NONE,DIRECT_LOCAL,PASS_THROUGH,0,6,0,0,0,0,1,0.6,1.8002924237395068,0.8602325267042626,0.0,0,0,1,CLEAR,none,nan,0.0,0.0,0,0,0,0,0.0,0,0,1,1,0.0,0.6,"0.770,17.282;0.723,17.440;0.661,17.651;0.599,17.862;0.537,18.073;0.475,18.284;0.413,18.495;0.351,18.706;0.289,18.917;0.250,19.050",0.2500000000000004,19.05,2.0,0.2500000000000004,19.05,2.0,0.2500000000000004,19.05,2.0,2.302450669929899,0.0,0.0,0,0,6,1,,,0,1,PASS_THROUGH,-1,0.9999758959600265,-3.5135825703657596e-05,0.0069430731248039295,0.37654958140233574,0,0.9999704290601655,-3.534293371113415e-05,0.007690237714492489,1.8003456605282557,0.36006913210565117,0,0,0,BYPASS_VISIBLE,1,0,1,1,1
1787562412582619136,1787562412598555904,joint_v2_000006_1f4b2824,2053,323,0.03333333333333333,10.766666666666667,15.936613082885742,frame_id_exact,1,,0.751652717590332,17.343219757080078,1.9858598709106445,0.016183918947792322,0.002341795813045662,0.14244684214168868,0.9896673652918552,-0.17942632734775543,0.6100335121154785,-0.007442287635058165,0.635289730138028,9.748337397364554e-05,-0.028231715726036333,0.28590494895806673,-3.662628660094924e-05,depth/002053.png,1.0,2.450148951668122e-05,-0.03270055568733509,-0.9994651935197226,0.635289730138028,9.748337397364554e-05,-0.028231715726036333,-3.662628660094924e-05,0.9999684117234826,-3.76547147924984e-05,0.007948215984609399,1.778975617226823,0.35579512344536457,0.6,0.0,0.014140129089355469,-2.422990696970828e-09,0.6,0.0,0.014140129089355469,-2.422990696970828e-09,goal_capture,TERMINAL_SETTLING,NONE,DIRECT_LOCAL,PASS_THROUGH,0,6,0,0,0,0,1,0.6,1.7789756172268227,0.8602325267042626,0.0,0,0,1,CLEAR,none,nan,0.0,0.0,0,0,0,0,0.0021575243878386176,0,0,1,1,0.0,0.6,"0.752,17.343;0.704,17.504;0.642,17.715;0.580,17.926;0.518,18.137;0.456,18.348;0.394,18.559;0.332,18.770;0.274,18.967;0.250,19.050",0.2500000000000004,19.05,2.0,0.2500000000000004,19.05,2.0,0.2500000000000004,19.05,2.0,2.2841767834195985,0.0,0.0,0,0,6,1,,,0,1,PASS_THROUGH,-1,0.9999758959600265,-3.5135825703657596e-05,0.0069430731248039295,0.37654958140233574,0,0.9999684117234826,-3.76547147924984e-05,0.007948215984609399,1.7790318125143851,0.355806362502877,0,0,0,BYPASS_VISIBLE,1,0,1,1,1
1787562412630743040,1787562412654507264,joint_v2_000006_1f4b2824,2054,324,0.03333333333333333,10.8,23.76413345336914,frame_id_exact,1,,0.7457343935966492,17.363344192504883,1.9856805801391602,0.027043921332118626,0.003937755325572709,0.14241247688078298,0.9894300414029578,-0.17531493306159973,0.5961126685142517,-0.003155539510771632,0.6202573262065489,7.790310328630899e-05,-0.03710040384401066,0.2859065861654873,-3.738301165867597e-05,depth/002054.png,1.0,8.948318668013013e-05,-0.054637707385203536,-0.9985062408039562,0.6202573262065489,7.790310328630899e-05,-0.03710040384401066,-3.738301165867597e-05,0.9999668278906239,-4.1146537807376604e-05,0.008145024574912972,1.7579989766639925,0.3515997953327985,0.6,0.0,0.014319419860839844,-1.4763606875356494e-05,0.6,0.0,0.014319419860839844,-1.4763606875356494e-05,goal_capture,TERMINAL_SETTLING,NONE,DIRECT_LOCAL,PASS_THROUGH,0,6,0,0,0,0,1,0.6,1.7579989766639925,0.8602325267042626,0.0,0,0,1,CLEAR,none,nan,0.0,0.0,0,0,0,0,0.0,0,0,1,1,0.0,0.6,"0.752,17.343;0.704,17.504;0.642,17.715;0.580,17.926;0.518,18.137;0.456,18.348;0.394,18.559;0.332,18.770;0.274,18.967;0.250,19.050",0.2500000000000004,19.05,2.0,0.2500000000000004,19.05,2.0,0.2500000000000004,19.05,2.0,2.2664570619173445,0.0,0.0,0,0,6,1,,,1,1,PASS_THROUGH,-1,0.9999999991534252,-4.11479027353093e-05,0.0,0.3515997953327985,0,0.9999668278906239,-4.1146537807376604e-05,0.008145024574912972,1.758057293644549,0.3516114587289098,0,0,0,BYPASS_VISIBLE,1,0,1,1,1
1787562412690699776,1787562412707511808,joint_v2_000006_1f4b2824,2055,325,0.03333333333333333,10.833333333333334,16.81208610534668,frame_id_exact,1,,0.7399824857711792,17.382904052734375,1.985658884048462,0.03150796417363705,0.004602421932992103,0.14239324698610306,0.9892978465147583,-0.16965124011039734,0.5769777297973633,0.0018694736063480377,0.6003018327222557,4.038645341417026e-05,-0.03641492666359698,0.2859079849335319,-3.426952025620267e-05,depth/002055.png,1.0,0.00013328956491078132,-0.06365222981616418,-0.9979721318119671,0.6003018327222557,4.038645341417026e-05,-0.03641492666359698,-3.426952025620267e-05,0.9999659418480128,-4.4179781107351656e-05,0.008253071680492226,1.737610927035157,0.3475221854070314,0.6,0.0,0.014341115951538086,-6.812091555563615e-05,0.6,0.0,0.014341115951538086,-6.812091555563615e-05,goal_capture,TERMINAL_SETTLING,NONE,DIRECT_LOCAL,PASS_THROUGH,0,6,0,0,0,0,1,0.6,1.737610927035157,0.8602325267042626,0.0,0,0,1,CLEAR,none,nan,0.0,0.0,0,0,0,0,0.0,0,0,1,1,0.0,0.6,"0.752,17.343;0.704,17.504;0.642,17.715;0.580,17.926;0.518,18.137;0.456,18.348;0.394,18.559;0.332,18.770;0.274,18.967;0.250,19.050",0.2500000000000004,19.05,2.0,0.2500000000000004,19.05,2.0,0.2500000000000004,19.05,2.0,2.24938003809338,0.0,0.0,0,0,6,1,,,0,1,PASS_THROUGH,-1,0.9999668278906239,-4.1146537807376604e-05,0.008145024574912972,0.3515997953327985,0,0.9999659418480128,-4.4179781107351656e-05,0.008253071680492226,1.7376701071718743,0.34753402143437484,0,0,0,BYPASS_VISIBLE,1,0,1,1,1
1787562412734536448,1787562412750322688,joint_v2_000006_1f4b2824,2056,326,0.03333333333333333,10.866666666666667,15.786170959472656,frame_id_exact,1,,0.7344268560409546,17.401798248291016,1.9858040809631348,0.028684686082266136,0.004202702305208902,0.14240549732275049,0.9893837477995866,-0.1637721210718155,0.557145357131958,0.006757490802556276,0.5801325165308361,-5.9067324262428505e-06,-0.02691065819921146,0.285907760956418,-3.0189932658686303e-05,depth/002056.png,1.0,0.00014645674104291594,-0.057957300264799706,-0.9983190521553913,0.5801325165308361,-5.9067324262428505e-06,-0.02691065819921146,-3.0189932658686303e-05,0.9999658584261142,-4.527663666754971e-05,0.008263167198532548,1.7179168761003223,0.34358337522006444,0.6,0.0,0.014195919036865234,-8.557122888053215e-05,0.6,0.0,0.014195919036865234,-8.557122888053215e-05,goal_capture,TERMINAL_SETTLING,NONE,DIRECT_LOCAL,PASS_THROUGH,0,6,0,0,0,0,1,0.6,1.7179168761003223,0.8602325267042626,0.0,0,0,1,CLEAR,none,nan,0.0,0.0,0,0,0,0,0.002594248761565544,0,0,1,1,0.0,0.6,"0.734,17.402;0.690,17.552;0.629,17.761;0.567,17.972;0.505,18.183;0.443,18.394;0.381,18.605;0.319,18.816;0.265,19.001;0.250,19.050",0.2500000000000004,19.05,2.0,0.2500000000000004,19.05,2.0,0.2500000000000004,19.05,2.0,2.2328850342718005,0.0,0.0,0,0,6,1,,,0,1,PASS_THROUGH,-1,0.9999668278906239,-4.1146537807376604e-05,0.008145024574912972,0.3515997953327985,0,0.9999658584261142,-4.527663666754971e-05,0.008263167198532548,1.717975528727808,0.3435951057455616,0,0,0,BYPASS_VISIBLE,1,0,1,1,1
1787562412782088192,1787562412798089472,joint_v2_000006_1f4b2824,2057,327,0.03333333333333333,10.9,16.001224517822266,frame_id_exact,1,,0.7290516495704651,17.420089721679688,1.9861003160476685,0.019324572656869776,0.002845355470500558,0.14243815095797446,0.9896109528474052,-0.15903924405574799,0.5412091016769409,0.01084810309112072,0.5640861432438283,-5.074050637717268e-05,-0.011192616055455138,0.28590588759078667,-2.6721196263679303e-05,depth/002057.png,1.0,0.00012647708210814304,-0.03905819186474014,-0.9992369296877517,0.5640861432438283,-5.074050637717268e-05,-0.011192616055455138,-2.6721196263679303e-05,0.9999665297527071,-4.290441481085678e-05,0.008181536135693104,1.6988519648075238,0.33977039296150474,0.6,0.0,0.013899683952331543,-7.633338694301717e-05,0.6,0.0,0.013899683952331543,-7.633338694301717e-05,goal_capture,TERMINAL_SETTLING,NONE,DIRECT_LOCAL,PASS_THROUGH,0,6,0,0,0,0,1,0.6,1.6988519648075238,0.8602325267042626,0.0,0,0,1,CLEAR,none,nan,0.0,0.0,0,0,0,0,0.0,0,0,1,1,0.0,0.6,"0.734,17.402;0.690,17.552;0.629,17.761;0.567,17.972;0.505,18.183;0.443,18.394;0.381,18.605;0.319,18.816;0.265,19.001;0.250,19.050",0.2500000000000004,19.05,2.0,0.2500000000000004,19.05,2.0,0.2500000000000004,19.05,2.0,2.216801680110765,0.0,0.0,0,0,6,1,,,0,1,PASS_THROUGH,-1,0.9999668278906239,-4.1146537807376604e-05,0.008145024574912972,0.3515997953327985,0,0.9999665297527071,-4.290441481085678e-05,0.008181536135693104,1.6989088261423444,0.33978176522846887,0,0,0,BYPASS_VISIBLE,1,0,1,1,1
1787562412825883136,1787562412842689536,joint_v2_000006_1f4b2824,2058,328,0.03333333333333333,10.933333333333334,16.806364059448242,frame_id_exact,1,,0.7237994074821472,17.437965393066406,1.98651123046875,0.005618912709092957,0.0008482426245906923,0.14246301349608298,0.9897838138149322,-0.15652011334896088,0.5327634215354919,0.013542496599256992,0.5553976172714596,-8.487209757017724e-05,0.007231040660174744,0.285903825400373,-2.409748049103655e-05,depth/002058.png,1.0,7.81791657978822e-05,-0.011364704102348473,-0.9999354166088349,0.5553976172714596,-8.487209757017724e-05,0.007231040660174744,-2.409748049103655e-05,0.9999677765696031,-3.990121100135196e-05,0.008027716383721763,1.6802206558907617,0.33604413117815235,0.6,0.0,0.01348876953125,-7.467863923582563e-05,0.6,0.0,0.01348876953125,-7.467863923582563e-05,goal_capture,TERMINAL_SETTLING,NONE,DIRECT_LOCAL,PASS_THROUGH,0,6,0,0,0,0,1,0.6,1.6802206558907617,0.8602325267042626,0.0,0,0,1,CLEAR,none,nan,0.0,0.0,0,0,0,0,0.0,0,0,1,1,0.0,0.6,"0.734,17.402;0.690,17.552;0.629,17.761;0.567,17.972;0.505,18.183;0.443,18.394;0.381,18.605;0.319,18.816;0.265,19.001;0.250,19.050",0.2500000000000004,19.05,2.0,0.2500000000000004,19.05,2.0,0.2500000000000004,19.05,2.0,2.2008716329619102,0.0,0.0,0,0,6,1,,,0,1,PASS_THROUGH,-1,0.9999668278906239,-4.1146537807376604e-05,0.008145024574912972,0.3515997953327985,0,0.9999677765696031,-3.990121100135196e-05,0.008027716383721763,1.6802747987711562,0.3360549597542312,0,0,0,BYPASS_VISIBLE,1,0,1,1,1
1787562412871617024,1787562412888315648,joint_v2_000006_1f4b2824,2059,329,0.03333333333333333,10.966666666666667,16.698598861694336,frame_id_exact,1,,0.7185859680175781,17.455711364746094,1.9869801998138428,-0.009301554463539235,-0.0013324249181903424,0.14245904081351352,0.9897560949137383,-0.15675176680088043,0.5336081385612488,0.01424561720341444,0.555789413734157,-0.00010143764466732973,0.024694469724028466,0.28590329610899157,-2.371601112827193e-05,depth/002059.png,1.0,1.2629686313248532e-05,0.01879217239652293,-0.9998234114567984,0.555789413734157,-0.00010143764466732973,0.024694469724028466,-2.371601112827193e-05,0.9999693061964802,-3.801604212735888e-05,0.007834872028997504,1.6617247250741427,0.33234494501482853,0.6,0.0,0.013019800186157227,-0.0001348663280692497,0.6,0.0,0.013019800186157227,-0.0001348663280692497,goal_capture,TERMINAL_SETTLING,NONE,DIRECT_LOCAL,PASS_THROUGH,0,6,0,0,0,0,1,0.6,1.6617247250741427,0.8602325267042626,0.0,0,0,1,CLEAR,none,nan,0.0,0.0,0,0,0,0,0.0021782256246677036,0,0,1,1,0.0,0.6,"0.719,17.456;0.700,17.519;0.676,17.601;0.646,17.702;0.611,17.823;0.570,17.962;0.523,18.121;0.471,18.299;0.418,18.479;0.372,18.636;0.332,18.772;0.299,18.885;0.272,18.974;0.254,19.038;0.250,19.050",0.2500000000000004,19.05,2.0,0.2500000000000004,19.05,2.0,0.2500000000000004,19.05,2.0,2.184818648882373,0.0,0.0,0,0,6,1,,,0,1,PASS_THROUGH,-1,0.9999668278906239,-4.1146537807376604e-05,0.008145024574912972,0.3515997953327985,0,0.9999693061964802,-3.801604212735888e-05,0.007834872028997504,1.661775730091044,0.3323551460182088,0,0,0,BYPASS_VISIBLE,1,0,1,1,1
1787562412918045952,1787562412935568384,joint_v2_000006_1f4b2824,2060,330,0.03333333333333333,11.0,17.522335052490234,frame_id_exact,1,,0.7133196592330933,17.473636627197266,1.9874333143234253,-0.02205704262936208,-0.00320269192386333,0.1424298943061591,0.9895539170974079,-0.15963488817214966,0.5433937311172485,0.012578320689499378,0.5652335515304426,-9.671301396114681e-05,0.037805840309437004,0.2859045560443422,-2.9447421184158884e-05,depth/002060.png,1.0,-5.5308176217410895e-05,0.0445655840113616,-0.9990064592697746,0.5652335515304426,-9.671301396114681e-05,0.037805840309437004,-2.9447421184158884e-05,0.999970751344382,-3.7990374349949646e-05,0.007648203219311384,1.6430418709655223,0.32860837419310446,0.6,0.0,0.012566685676574707,-0.0001566982674183759,0.6,0.0,0.012566685676574707,-0.0001566982674183759,goal_capture,TERMINAL_SETTLING,NONE,DIRECT_LOCAL,PASS_THROUGH,0,6,0,0,0,0,1,0.6,1.6430418709655223,0.8602325267042626,0.0,0,0,1,CLEAR,none,nan,0.0,0.0,0,0,1,0,0.0021767517783883627,0,0,1,1,0.0,0.6,"0.713,17.474;0.695,17.538;0.670,17.621;0.640,17.723;0.604,17.845;0.563,17.985;0.516,18.145;0.463,18.324;0.411,18.501;0.366,18.655;0.327,18.788;0.295,18.898;0.269,18.984;0.252,19.044;0.250,19.050",0.2500000000000004,19.05,2.0,0.2500000000000004,19.05,2.0,0.2500000000000004,19.05,2.0,2.168406458687248,0.0,0.0,0,0,6,1,,,1,1,PASS_THROUGH,-1,0.9999999992783235,-3.799148552242803e-05,0.0,0.32860837419310446,0,0.999970751344382,-3.7990374349949646e-05,0.007648203219311384,1.6430899279512299,0.32861798559024596,0,0,0,BYPASS_VISIBLE,1,0,1,1,1
1787562412968308224,1787562412986631168,joint_v2_000006_1f4b2824,2061,331,0.03333333333333333,11.033333333333333,18.32294464111328,frame_id_exact,1,,0.7079218626022339,17.492008209228516,1.987793207168579,-0.029773100443667815,-0.004341074891589812,0.14240061011021607,0.9893516987396319,-0.1644788533449173,0.5597777366638184,0.008733183145523071,0.5818602158806642,-7.136398859984447e-05,0.043810503677397146,0.2859062897825687,-4.1320326999993995e-05,depth/002061.png,1.0,-0.00011028430059860546,0.06014847842756994,-0.9981894351175138,0.5818602158806642,-7.136398859984447e-05,0.043810503677397146,-4.1320326999993995e-05,0.9999717478838315,-3.858992010340852e-05,0.007516777565753484,1.6238937318557634,0.32477874637115267,0.6,0.0,0.012206792831420898,-0.00014823092950699834,0.6,0.0,0.012206792831420898,-0.00014823092950699834,goal_capture,TERMINAL_SETTLING,NONE,DIRECT_LOCAL,PASS_THROUGH,0,6,0,0,0,0,1,0.6,1.6238937318557634,0.8602325267042626,0.0,1,0,1,CLEAR,none,nan,0.0,0.0,0,0,1,0,0.002211102020886266,0,0,1,1,0.0,0.6,"0.708,17.492;0.689,17.558;0.664,17.642;0.633,17.746;0.597,17.869;0.555,18.012;0.508,18.173;0.455,18.354;0.404,18.527;0.359,18.678;0.321,18.807;0.290,18.913;0.266,18.995;0.250,19.050",0.2500000000000004,19.05,2.0,0.2500000000000004,19.05,2.0,0.2500000000000004,19.05,2.0,2.1514965165305378,0.0,0.0,0,0,6,1,,,0,1,PASS_THROUGH,-1,0.999970751344382,-3.7990374349949646e-05,0.007648203219311384,0.32860837419310446,0,0.9999717478838315,-3.858992010340852e-05,0.007516777565753484,1.6239396103770813,0.3247879220754163,0,0,0,BYPASS_VISIBLE,1,0,1,1,1
1787562413018235904,1787562413037031680,joint_v2_000006_1f4b2824,2062,332,0.03333333333333333,11.066666666666666,18.79572868347168,frame_id_exact,1,,0.7023449540138245,17.510986328125,1.988000750541687,-0.03074305550484033,-0.004495669601080328,0.14239592905465892,0.989322016778018,-0.1701788306236267,0.5790237784385681,0.0036465665325522423,0.6021225010279316,-3.0354446830356987e-05,0.041123723951673616,0.2859065109278164,-5.4122207075124606e-05,depth/002062.png,1.0,-0.00013995793183546427,0.062109893447071615,-0.9980693069861285,0.6021225010279316,-3.0354446830356987e-05,0.041123723951673616,-5.4122207075124606e-05,0.9999720229939804,-3.8151658308162575e-05,0.007480091829490637,1.6041131629782048,0.320822632595641,0.6,0.0,0.011999249458312988,-0.00011857079307397989,0.6,0.0,0.011999249458312988,-0.00011857079307397989,goal_capture,TERMINAL_SETTLING,NONE,DIRECT_LOCAL,PASS_THROUGH,0,6,0,0,0,0,1,0.6,1.6041131629782048,0.8602325267042626,0.0,1,0,1,CLEAR,none,nan,0.0,0.0,0,0,1,0,0.002185990158885436,0,0,1,1,0.0,0.6,"0.702,17.511;0.657,17.665;0.595,17.876;0.533,18.087;0.471,18.298;0.409,18.509;0.347,18.721;0.286,18.928;0.250,19.050",0.2500000000000004,19.05,2.0,0.2500000000000004,19.05,2.0,0.2500000000000004,19.05,2.0,2.134074030906064,0.0,0.0,0,0,6,1,,,0,1,PASS_THROUGH,-1,0.999970751344382,-3.7990374349949646e-05,0.007648203219311384,0.32860837419310446,0,0.9999720229939804,-3.8151658308162575e-05,0.007480091829490637,1.6041580413498864,0.32083160826997725,0,0,0,BYPASS_VISIBLE,1,0,1,1,1
1787562413076148480,1787562413093614592,joint_v2_000006_1f4b2824,2063,333,0.03333333333333333,11.1,17.466068267822266,frame_id_exact,1,,0.6965814232826233,17.530593872070312,1.9880383014678955,-0.024823103469561025,-0.0036424934677603614,0.14241931219972684,0.9894883957318719,-0.17546753585338593,0.5968533158302307,-0.0012293054023757577,0.6213900030929226,1.717670712951087e-05,0.029978520792578473,0.28590450211732776,-6.248499994399026e-05,depth/002063.png,1.0,-0.00013783139016097703,0.050161868487105264,-0.9987410915509536,0.6213900030929226,1.717670712951087e-05,0.029978520792578473,-6.248499994399026e-05,0.9999714757309419,-3.644953218047604e-05,0.007552906454747692,1.583676087213361,0.3167352174426722,0.6,0.0,0.011961698532104492,-0.00011646135324283602,0.6,0.0,0.011961698532104492,-0.00011646135324283602,goal_capture,TERMINAL_SETTLING,NONE,DIRECT_LOCAL,PASS_THROUGH,0,6,0,0,0,0,1,0.6,1.583676087213361,0.8602325267042626,0.0,1,0,1,CLEAR,none,nan,0.0,0.0,0,0,0,0,0.0,0,0,1,1,0.0,0.6,"0.702,17.511;0.657,17.665;0.595,17.876;0.533,18.087;0.471,18.298;0.409,18.509;0.347,18.721;0.286,18.928;0.250,19.050",0.2500000000000004,19.05,2.0,0.2500000000000004,19.05,2.0,0.2500000000000004,19.05,2.0,2.116246117690804,0.0,0.0,0,0,6,1,,,0,1,PASS_THROUGH,-1,0.999970751344382,-3.7990374349949646e-05,0.007648203219311384,0.32860837419310446,0,0.9999714757309419,-3.644953218047604e-05,0.007552906454747692,1.583721260652642,0.3167442521305284,0,0,0,BYPASS_VISIBLE,1,0,1,1,1
1787562413122667520,1787562413140765184,joint_v2_000006_1f4b2824,2064,334,0.03333333333333333,11.133333333333333,18.097639083862305,frame_id_exact,1,,0.6906648874282837,17.550716400146484,1.987937331199646,-0.013445519993339667,-0.00198812689595913,0.14245034994899217,0.9897086253756527,-0.17918157577514648,0.6093447804450989,-0.004472834058105946,0.6350302778620672,5.996515262562253e-05,0.012792474352829774,0.28590115864436766,-6.59488869132474e-05,depth/002064.png,1.0,-0.00010469461794933473,0.02718071296428288,-0.9996305306871085,0.6350302778620672,5.996515262562253e-05,0.012792474352829774,-6.59488869132474e-05,0.9999702083998503,-3.442884157498762e-05,0.007718881228195235,1.562701780827647,0.31254035616552944,0.6,0.0,0.012062668800354004,-0.00011151546051801908,0.6,0.0,0.012062668800354004,-0.00011151546051801908,goal_capture,TERMINAL_SETTLING,NONE,DIRECT_LOCAL,PASS_THROUGH,0,6,0,0,0,0,1,0.6,1.5627017808276473,0.8602325267042626,0.0,1,0,1,CLEAR,none,nan,0.0,0.0,0,0,0,0,0.0,0,0,1,1,0.0,0.6,"0.702,17.511;0.657,17.665;0.595,17.876;0.533,18.087;0.471,18.298;0.409,18.509;0.347,18.721;0.286,18.928;0.250,19.050",0.2500000000000004,19.05,2.0,0.2500000000000004,19.05,2.0,0.2500000000000004,19.05,2.0,2.0982217395387135,0.0,0.0,0,0,6,1,,,0,1,PASS_THROUGH,-1,0.999970751344382,-3.7990374349949646e-05,0.007648203219311384,0.32860837419310446,0,0.9999702083998503,-3.442884157498762e-05,0.007718881228195235,1.5627483366750026,0.3125496673350005,0,0,0,BYPASS_VISIBLE,1,0,1,1,1
1787562413170502912,1787562413188279040,joint_v2_000006_1f4b2824,2065,335,0.03333333333333333,11.166666666666666,17.7762508392334,frame_id_exact,1,,0.6846628189086914,17.571123123168945,1.9877688884735107,0.0007412472407304582,8.227556675157561e-05,0.14246273359257944,0.9897998854923095,-0.180502787232399,0.6137466430664062,-0.005255899392068386,0.6397306116143021,8.77941134570456e-05,-0.00620962222293249,0.2858982117093494,-6.746206781826913e-05,depth/002065.png,1.0,-4.8327523265786956e-05,-0.0014908152722876123,-0.9999988875665184,0.6397306116143021,8.77941134570456e-05,-0.00620962222293249,-6.746206781826913e-05,0.9999685195190146,-3.4087555885822264e-05,0.007934658719091945,1.5414306935335191,0.30828613870670385,0.6,0.0,0.012231111526489258,-4.482835832986254e-05,0.6,0.0,0.012231111526489258,-4.482835832986254e-05,goal_capture,TERMINAL_SETTLING,NONE,DIRECT_LOCAL,PASS_THROUGH,0,6,0,0,0,0,1,0.6,1.5414306935335194,0.8602325267042626,0.0,1,0,1,CLEAR,none,nan,0.0,0.0,0,0,0,0,0.001953134571036743,0,0,1,1,0.0,0.6,"0.685,17.571;0.637,17.732;0.575,17.943;0.513,18.154;0.451,18.365;0.389,18.577;0.327,18.788;0.270,18.980;0.250,19.050",0.2500000000000004,19.05,2.0,0.2500000000000004,19.05,2.0,0.2500000000000004,19.05,2.0,2.080257363875457,0.0,0.0,0,0,6,1,,,0,1,PASS_THROUGH,-1,0.999970751344382,-3.7990374349949646e-05,0.007648203219311384,0.32860837419310446,0,0.9999685195190146,-3.4087555885822264e-05,0.007934658719091945,1.541479219145169,0.3082958438290338,0,0,0,BYPASS_VISIBLE,1,0,1,1,1
1787562413216005376,1787562413231550976,joint_v2_000006_1f4b2824,2066,336,0.03333333333333333,11.2,15.54560661315918,frame_id_exact,1,,0.6786613464355469,17.59152603149414,1.9876161813735962,0.014496957107254944,0.002095818654363099,0.14244675813356217,0.9896940774178842,-0.17914313077926636,0.6091006994247437,-0.0036001300904899836,0.6345204538541459,9.399832530796526e-05,-0.0221961502702893,0.2858970387808409,-6.669214781140909e-05,depth/002066.png,1.0,1.8349533670617216e-05,-0.02929219032516238,-0.9995708915575968,0.6345204538541459,9.399832530796526e-05,-0.0221961502702893,-6.669214781140909e-05,0.999966819308162,-3.592455494375603e-05,0.008146102880764197,1.5201634342192183,0.30403268684384366,0.6,0.0,0.012383818626403809,-6.017797075208442e-05,0.6,0.0,0.012383818626403809,-6.017797075208442e-05,goal_capture,TERMINAL_SETTLING,NONE,DIRECT_LOCAL,PASS_THROUGH,0,6,0,0,0,0,1,0.6,1.5201634342192183,0.8602325267042626,0.0,1,0,1,CLEAR,none,nan,0.0,0.0,0,0,0,0,0.0,0,0,1,1,0.0,0.6,"0.685,17.571;0.637,17.732;0.575,17.943;0.513,18.154;0.451,18.365;0.389,18.577;0.327,18.788;0.270,18.980;0.250,19.050",0.2500000000000004,19.05,2.0,0.2500000000000004,19.05,2.0,0.2500000000000004,19.05,2.0,2.0626045428753925,0.0,0.0,0,0,6,1,,,1,1,PASS_THROUGH,-1,0.9999999993546704,-3.592574696170454e-05,0.0,0.30403268684384366,0,0.999966819308162,-3.592455494375603e-05,0.008146102880764197,1.5202138749863257,0.3040427749972651,0,0,0,BYPASS_VISIBLE,1,0,1,1,1
1787562413262239488,1787562413279959808,joint_v2_000006_1f4b2824,2067,337,0.03333333333333333,11.233333333333333,17.720460891723633,frame_id_exact,1,,0.6727463006973267,17.61163902282715,1.9875500202178955,0.024728383375511653,0.003599680466916063,0.14241684809820304,0.9894912787558783,-0.17542773485183716,0.5965175628662109,-0.00019927468383684754,0.6209916712364738,7.794549985776207e-05,-0.03126453026866678,0.2858973472716946,-6.48048153379932e-05,depth/002067.png,1.0,8.022801883391956e-05,-0.04996234966811896,-0.9987510987123397,0.6209916712364738,7.794549985776207e-05,-0.03126453026866678,-6.48048153379932e-05,0.9999655193216871,-3.8548934682268186e-05,0.008304136420404683,1.4991986977738865,0.2998397395547773,0.6,0.0,0.012449979782104492,-0.00010219945502765171,0.6,0.0,0.012449979782104492,-0.00010219945502765171,goal_capture,TERMINAL_SETTLING,NONE,DIRECT_LOCAL,PASS_THROUGH,0,6,0,0,0,0,1,0.6,1.4991986977738863,0.8602325267042626,0.0,1,0,1,CLEAR,none,nan,0.0,0.0,0,0,0,0,0.0,0,0,1,1,0.0,0.6,"0.685,17.571;0.637,17.732;0.575,17.943;0.513,18.154;0.451,18.365;0.389,18.577;0.327,18.788;0.270,18.980;0.250,19.050",0.2500000000000004,19.05,2.0,0.2500000000000004,19.05,2.0,0.2500000000000004,19.05,2.0,2.0454571916104767,0.0,0.0,0,0,6,1,,,0,1,PASS_THROUGH,-1,0.999966819308162,-3.592455494375603e-05,0.008146102880764197,0.30403268684384366,0,0.9999655193216871,-3.8548934682268186e-05,0.008304136420404683,1.499250391830361,0.2998500783660722,0,0,0,BYPASS_VISIBLE,1,0,1,1,1
1787562413306705664,1787562413323604224,joint_v2_000006_1f4b2824,2068,338,0.03333333333333333,11.266666666666667,16.898393630981445,frame_id_exact,1,,0.6669828295707703,17.63123893737793,1.9876130819320679,0.029183073764020198,0.004262707887781752,0.14239864217012255,0.9893699026326062,-0.17023064196109772,0.5789574980735779,0.004010725766420364,0.602651865718808,4.447303926661209e-05,-0.031576395092955185,0.2858975283414477,-6.451258377637714e-05,depth/002068.png,1.0,0.00012352961907774115,-0.05895971732723364,-0.9982603550542944,0.602651865718808,4.447303926661209e-05,-0.031576395092955185,-6.451258377637714e-05,0.999964918089508,-4.060661195553239e-05,0.008376212828390595,1.4787689586170498,0.29575379172341,0.6,0.0,0.012386918067932129,-6.703583928902024e-05,0.6,0.0,0.012386918067932129,-6.703583928902024e-05,goal_capture,TERMINAL_SETTLING,NONE,DIRECT_LOCAL,PASS_THROUGH,0,6,0,0,0,0,1,0.6,1.4787689586170498,0.8602325267042626,0.0,1,0,1,CLEAR,none,nan,0.0,0.0,0,0,0,0,0.00232666910809585,0,0,1,1,0.0,0.6,"0.667,17.631;0.647,17.699;0.622,17.785;0.591,17.891;0.554,18.016;0.511,18.161;0.463,18.324;0.411,18.501;0.366,18.655;0.327,18.788;0.295,18.898;0.269,18.984;0.252,19.044;0.250,19.050",0.2500000000000004,19.05,2.0,0.2500000000000004,19.05,2.0,0.2500000000000004,19.05,2.0,2.028898436048582,0.0,0.0,0,0,6,1,,,0,1,PASS_THROUGH,-1,0.999966819308162,-3.592455494375603e-05,0.008146102880764197,0.30403268684384366,0,0.999964918089508,-4.060661195553239e-05,0.008376212828390595,1.4788208372580418,0.2957641674516084,0,0,0,BYPASS_VISIBLE,1,0,1,1,1
1787562413354504192,1787562413370075392,joint_v2_000006_1f4b2824,2069,339,0.03333333333333333,11.3,15.571355819702148,frame_id_exact,1,,0.6614006161689758,17.650226593017578,1.9878177642822266,0.02694317670377018,0.003948040908156194,0.1424071090139284,0.9894335215184455,-0.16476485133171082,0.5605195760726929,0.008198591880500317,0.5838141473704679,1.7434073006579544e-06,-0.023620110731095663,0.285896299982259,-6.287301948759705e-05,depth/002069.png,1.0,0.00013884823364105833,-0.054441422597808646,-0.9985169564041939,0.5838141473704679,1.7434073006579544e-06,-0.023620110731095663,-6.287301948759705e-05,0.9999651410622303,-4.044461823308745e-05,0.008349552360833542,1.4589777441343619,0.29179554882687236,0.5333333334,0.0,0.012182235717773438,-7.566707757311608e-05,0.5333333334,0.0,0.012182235717773438,-7.566707757311608e-05,goal_capture,TERMINAL_SETTLING,NONE,DIRECT_LOCAL,PASS_THROUGH,0,6,0,0,0,0,1,0.5333333334,1.4589777441343619,0.8602325267042626,0.0,1,0,1,CLEAR,none,nan,0.0,0.0,0,0,1,0,0.0023173867091545405,0,0,1,1,0.0,0.5,"0.661,17.650;0.628,17.765;0.594,17.880;0.560,17.996;0.526,18.111;0.492,18.226;0.458,18.341;0.425,18.456;0.391,18.571;0.357,18.686;0.323,18.802;0.289,18.917;0.255,19.032;0.250,19.050",0.2500000000000004,19.05,2.0,0.2500000000000004,19.05,2.0,0.2500000000000004,19.05,2.0,2.0128896322301104,0.0,0.0,0,0,6,1,,,0,1,PASS_THROUGH,-1,0.999966819308162,-3.592455494375603e-05,0.008146102880764197,0.30403268684384366,0,0.9999651410622303,-4.044461823308745e-05,0.008349552360833542,1.459028603128285,0.291805720625657,0,0,0,BYPASS_VISIBLE,1,0,1,1,1
1787562413403462144,1787562413420317696,joint_v2_000006_1f4b2824,2070,340,0.03333333333333333,11.333333333333334,16.855478286743164,frame_id_exact,1,,0.6559876203536987,17.668642044067383,1.9881395101547241,0.020031843187362494,0.0029453346842229318,0.14243003788733596,0.9895977640281566,-0.16023562848567963,0.5452679991722107,0.010847380384802818,0.568297621532799,-4.069469202301996e-05,-0.012170658272459025,0.28589360476452413,-5.8030062064062804e-05,depth/002070.png,1.0,0.0001231208673847543,-0.04048594271648269,-0.9991801005242297,0.568297621532799,-4.069469202301996e-05,-0.012170658272459025,-5.8030062064062804e-05,0.9999660712197481,-3.814924976078238e-05,0.008237411849387397,1.4397832303158693,0.28795664606317384,0.5,0.0,0.011860489845275879,-7.05653178306731e-05,0.5,0.0,0.011860489845275879,-7.05653178306731e-05,goal_capture,TERMINAL_SETTLING,NONE,DIRECT_LOCAL,PASS_THROUGH,0,6,0,0,0,0,1,0.5,1.439783230315869,0.8602325267042626,0.0,1,0,1,CLEAR,none,nan,0.0,0.0,0,0,0,0,0.0,0,0,1,1,0.0,0.5,"0.661,17.650;0.628,17.765;0.594,17.880;0.560,17.996;0.526,18.111;0.492,18.226;0.458,18.341;0.425,18.456;0.391,18.571;0.357,18.686;0.323,18.802;0.289,18.917;0.255,19.032;0.250,19.050",0.2500000000000004,19.05,2.0,0.2500000000000004,19.05,2.0,0.2500000000000004,19.05,2.0,1.9973081832781807,0.0,0.0,0,0,6,1,,,0,1,PASS_THROUGH,-1,0.999966819308162,-3.592455494375603e-05,0.008146102880764197,0.30403268684384366,0,0.9999660712197481,-3.814924976078238e-05,0.008237411849387397,1.4398320810143692,0.28796641620287383,0,0,0,BYPASS_VISIBLE,1,0,1,1,1
1787562413454543616,1787562413470845440,joint_v2_000006_1f4b2824,2071,341,0.03333333333333333,11.366666666666667,16.301870346069336,frame_id_exact,1,,0.6507039070129395,17.686622619628906,1.9885355234146118,0.014611469458203467,0.0021434734328366943,0.14244271812406273,0.9896928728324478,-0.15696904063224792,0.5342777967453003,0.012891272082924843,0.5569969045468502,-7.375213786144675e-05,-0.0035597182171960076,0.28589029875299626,-5.498868995346129e-05,depth/002071.png,1.0,8.016590834189832e-05,-0.029532378732785865,-0.9995638209638295,0.5569969045468502,-7.375213786144675e-05,-0.0035597182171960076,-5.498868995346129e-05,0.9999674574913883,-3.426099890790654e-05,0.008067390184727685,1.4210423999314665,0.2842084799862933,0.5,0.0,0.011464476585388184,-9.247378513321802e-05,0.5,0.0,0.011464476585388184,-9.247378513321802e-05,goal_capture,TERMINAL_SETTLING,NONE,DIRECT_LOCAL,PASS_THROUGH,0,6,0,0,0,0,1,0.5,1.4210423999314665,0.8602325267042626,0.0,1,0,1,CLEAR,none,nan,0.0,0.0,0,0,0,0,0.0019630745219240083,0,0,1,1,0.0,0.5,"0.651,17.687;0.617,17.802;0.583,17.917;0.549,18.032;0.515,18.147;0.482,18.262;0.448,18.377;0.414,18.493;0.380,18.608;0.346,18.723;0.312,18.838;0.278,18.953;0.250,19.050",0.2500000000000004,19.05,2.0,0.2500000000000004,19.05,2.0,0.2500000000000004,19.05,2.0,1.9820512307210143,0.0,0.0,0,0,6,1,,,0,1,PASS_THROUGH,-1,0.999966819308162,-3.592455494375603e-05,0.008146102880764197,0.30403268684384366,0,0.9999674574913883,-3.426099890790654e-05,0.008067390184727685,1.4210886448868554,0.2842177289773711,0,0,0,BYPASS_VISIBLE,1,0,1,1,1
1787562413503543552,1787562413523488512,joint_v2_000006_1f4b2824,2072,342,0.03333333333333333,11.4,19.94490623474121,frame_id_exact,1,,0.6455151438713074,17.70428466796875,1.9889925718307495,0.012875722016242833,0.0018631927939061195,0.14244492619197652,0.9897172259273532,-0.15441547334194183,0.5256523489952087,0.014402185566723347,0.5480528484750111,-9.002839279380052e-05,0.0001432969293711471,0.28588680601712346,-5.487842281581834e-05,depth/002072.png,1.0,1.9905462160963762e-05,-0.026017452471473967,-0.9996614885903463,0.5480528484750111,-9.002839279380052e-05,0.0001432969293711471,-5.487842281581834e-05,0.9999692079209966,-2.9258607117114686e-05,0.007847442499848414,1.4026339450817238,0.28052678901634476,0.5,0.0,0.011007428169250488,-7.485431799791886e-05,0.5,0.0,0.011007428169250488,-7.485431799791886e-05,goal_capture,TERMINAL_SETTLING,NONE,DIRECT_LOCAL,PASS_THROUGH,0,6,0,0,0,0,1,0.5,1.4026339450817238,0.8602325267042626,0.0,1,0,1,CLEAR,none,nan,0.0,0.0,0,0,0,0,0.0,0,0,1,1,0.0,0.5,"0.651,17.687;0.617,17.802;0.583,17.917;0.549,18.032;0.515,18.147;0.482,18.262;0.448,18.377;0.414,18.493;0.380,18.608;0.346,18.723;0.312,18.838;0.278,18.953;0.250,19.050",0.2500000000000004,19.05,2.0,0.2500000000000004,19.05,2.0,0.2500000000000004,19.05,2.0,1.9670795174187277,0.0,0.0,0,0,6,1,,,1,1,PASS_THROUGH,-1,0.9999999995719405,-2.9259508065660034e-05,0.0,0.28052678901634476,0,0.9999692079209966,-2.9258607117114686e-05,0.007847442499848414,1.4026771358264956,0.2805354271652991,0,0,0,BYPASS_VISIBLE,1,0,1,1,1
1787562413559324160,1787562413577069312,joint_v2_000006_1f4b2824,2073,343,0.03333333333333333,11.433333333333334,17.745018005371094,frame_id_exact,1,,0.6404081583023071,17.72167205810547,1.9894888401031494,0.013301101078264469,0.0018921748050298992,0.14244280242314328,0.9897118512084487,-0.15199460089206696,0.5174047946929932,0.015321437269449234,0.5394850649315297,-8.582277422641039e-05,0.0008270803547974614,0.2858832843680437,-5.619091461994685e-05,depth/002073.png,1.0,-4.387656761071319e-05,-0.02686756810636549,-0.999639000769226,0.5394850649315297,-8.582277422641039e-05,0.0008270803547974614,-5.619091461994685e-05,0.999971182043936,-2.345736127562611e-05,0.0075917409996437086,1.3845120625284426,0.27690241250568853,0.5,0.0,0.010511159896850586,-4.481616038554126e-05,0.5,0.0,0.010511159896850586,-4.481616038554126e-05,goal_capture,TERMINAL_SETTLING,NONE,DIRECT_LOCAL,PASS_THROUGH,0,6,0,0,0,0,1,0.5,1.3845120625284426,0.8602325267042626,0.0,1,0,1,CLEAR,none,nan,0.0,0.0,0,0,0,0,0.0,0,0,1,1,0.0,0.5,"0.651,17.687;0.617,17.802;0.583,17.917;0.549,18.032;0.515,18.147;0.482,18.262;0.448,18.377;0.414,18.493;0.380,18.608;0.346,18.723;0.312,18.838;0.278,18.953;0.250,19.050",0.2500000000000004,19.05,2.0,0.2500000000000004,19.05,2.0,0.2500000000000004,19.05,2.0,1.9524024197034302,0.0,0.0,0,0,6,1,,,0,1,PASS_THROUGH,-1,0.9999692079209966,-2.9258607117114686e-05,0.007847442499848414,0.28052678901634476,0,0.999971182043936,-2.345736127562611e-05,0.0075917409996437086,1.3845519621051205,0.2769103924210241,0,0,0,BYPASS_VISIBLE,1,0,1,1,1
1787562413607483648,1787562413624300032,joint_v2_000006_1f4b2824,2074,344,0.03333333333333333,11.466666666666667,16.816377639770508,frame_id_exact,1,,0.6353835463523865,17.738773345947266,1.99001145362854,0.014169856310234442,0.0019905133866195794,0.14243981329956,0.9897000316337227,-0.149454265832901,0.508681058883667,0.016018468886613846,0.5304233005586995,-6.201950824341646e-05,0.0008408127780181358,0.28587994035502745,-5.692524791811593e-05,depth/002074.png,1.0,-9.668105121327965e-05,-0.0286148711872894,-0.99959050605721,0.5304233005586995,-6.201950824341646e-05,0.0008408127780181358,-5.692524791811593e-05,0.9999732932269377,-1.897735564523015e-05,0.0073083837291410885,1.3666879000333152,0.27333758000666303,0.5666666666,0.0,0.009988546371459961,-5.942698314831407e-05,0.5666666666,0.0,0.009988546371459961,-5.942698314831407e-05,goal_capture,TERMINAL_SETTLING,NONE,DIRECT_LOCAL,PASS_THROUGH,0,6,0,0,0,0,1,0.5666666666,1.3666879000333152,0.8602325267042626,0.0,1,0,1,CLEAR,none,nan,0.0,0.0,0,0,0,0,0.0010873514243063675,0,0,1,1,0.0,0.6,"0.635,17.739;0.618,17.799;0.594,17.879;0.565,17.978;0.530,18.096;0.490,18.233;0.444,18.389;0.395,18.558;0.351,18.705;0.315,18.830;0.285,18.931;0.262,19.008;0.250,19.050",0.2500000000000004,19.05,2.0,0.2500000000000004,19.05,2.0,0.2500000000000004,19.05,2.0,1.9380263660974888,0.0,0.0,0,0,6,1,,,0,1,PASS_THROUGH,-1,0.9999692079209966,-2.9258607117114686e-05,0.007847442499848414,0.28052678901634476,0,0.9999732932269377,-1.897735564523015e-05,0.0073083837291410885,1.3667244005856074,0.2733448801171215,0,0,0,BYPASS_VISIBLE,1,0,1,1,1
1787562413662996992,1787562413680037632,joint_v2_000006_1f4b2824,2075,345,0.03333333333333333,11.5,17.040729522705078,frame_id_exact,1,,0.630445122718811,17.755578994750977,1.9905472993850708,0.0128592624670905,0.0017867245132251403,0.14244117350566607,0.9897181210196392,-0.14688527584075928,0.499810129404068,0.016042035073041916,0.5211875763247903,-2.4191289062237453e-05,0.002511235250689029,0.2858772178863988,-5.5854994570836425e-05,depth/002075.png,1.0,-0.00012666961644164408,-0.025963096446044616,-0.9996628939686326,0.5211875763247903,-2.4191289062237453e-05,0.002511235250689029,-5.5854994570836425e-05,0.9999754566671467,-1.5589118489389283e-05,0.007006127340463001,1.349171683007921,0.2698343366015842,0.6,0.0,0.0094527006149292,-5.0804395089754095e-05,0.6,0.0,0.0094527006149292,-5.0804395089754095e-05,goal_capture,TERMINAL_SETTLING,NONE,DIRECT_LOCAL,PASS_THROUGH,0,6,0,0,0,0,1,0.6,1.3491716830079208,0.8602325267042626,0.0,1,0,1,CLEAR,none,nan,0.0,0.0,0,0,1,0,0.0008932126181153823,0,0,1,1,0.0,0.6,"0.630,17.756;0.613,17.815;0.590,17.894;0.561,17.992;0.527,18.109;0.487,18.245;0.441,18.401;0.392,18.568;0.349,18.714;0.313,18.837;0.283,18.937;0.261,19.012;0.250,19.050",0.2500000000000004,19.05,2.0,0.2500000000000004,19.05,2.0,0.2500000000000004,19.05,2.0,1.92392070223234,0.0,0.0,0,0,6,1,,,0,1,PASS_THROUGH,-1,0.9999692079209966,-2.9258607117114686e-05,0.007847442499848414,0.28052678901634476,0,0.9999754566671467,-1.5589118489389283e-05,0.007006127340463001,1.34920479682639,0.269840959365278,0,0,0,BYPASS_VISIBLE,1,0,1,1,1
1787562413713508864,1787562413730132992,joint_v2_000006_1f4b2824,2076,346,0.03333333333333333,11.533333333333333,16.62421226501465,frame_id_exact,1,,0.6255825161933899,17.772123336791992,1.991084098815918,0.00461253102981647,0.000599404603921564,0.14245015692731705,0.9897910476777423,-0.14512288570404053,0.4936637580394745,0.016213925555348396,0.514681330389401,1.9180935455231065e-05,0.011427034581517082,0.2858752756559389,-5.589774445979856e-05,depth/002076.png,1.0,-0.0001275409162621768,-0.009301654400679446,-0.9999567305432395,0.514681330389401,1.9180935455231065e-05,0.011427034581517082,-5.589774445979856e-05,0.9999775959511289,-1.3672444955108958e-05,0.006693833644870209,1.3319275478950767,0.26638550957901536,0.5333333334,0.0,0.008915901184082031,-3.437257641680791e-05,0.5333333334,0.0,0.008915901184082031,-3.437257641680791e-05,goal_capture,TERMINAL_SETTLING,NONE,DIRECT_LOCAL,PASS_THROUGH,0,6,0,0,0,0,1,0.5333333334,1.3319275478950767,0.8602325267042626,0.0,1,0,1,CLEAR,none,nan,0.0,0.0,0,0,1,0,0.0007833909426285451,0,0,1,1,0.0,0.5,"0.626,17.772;0.592,17.887;0.558,18.002;0.524,18.118;0.490,18.233;0.456,18.348;0.423,18.463;0.389,18.578;0.355,18.693;0.321,18.808;0.287,18.923;0.253,19.039;0.250,19.050",0.2500000000000004,19.05,2.0,0.2500000000000004,19.05,2.0,0.2500000000000004,19.05,2.0,1.9099470909713772,0.0,0.0,0,0,6,1,,,0,1,PASS_THROUGH,-1,0.9999692079209966,-2.9258607117114686e-05,0.007847442499848414,0.28052678901634476,0,0.9999775959511289,-1.3672444955108958e-05,0.006693833644870209,1.3319573890090164,0.2663914778018033,0,0,0,BYPASS_VISIBLE,1,0,1,1,1
1787562413761273856,1787562413777829888,joint_v2_000006_1f4b2824,2077,347,0.03333333333333333,11.566666666666666,16.5560245513916,frame_id_exact,1,,0.6207466721534729,17.7885684967041,1.9915969371795654,-0.008632334039533581,-0.0012925892286877688,0.14244453477927704,0.9897642984739504,-0.145436093211174,0.49459484219551086,0.014089870266616344,0.5152098859591531,5.883585540187601e-05,0.023086999098199452,0.2858732281813221,-5.595828406512737e-05,depth/002077.png,1.0,-9.945972965291153e-05,0.017456196632345784,-0.9998476240442316,0.5152098859591531,5.883585540187601e-05,0.023086999098199452,-5.595828406512737e-05,0.9999795768085407,-1.3393908318619943e-05,0.006391070834789439,1.3147861166061294,0.2629572233212259,0.6,0.0,0.00840306282043457,-1.4716264825631598e-05,0.6,0.0,0.00840306282043457,-1.4716264825631598e-05,goal_capture,TERMINAL_SETTLING,NONE,DIRECT_LOCAL,PASS_THROUGH,0,6,0,0,0,0,1,0.6,1.3147861166061294,0.8602325267042626,0.0,1,0,1,CLEAR,none,nan,0.0,0.0,0,0,0,0,0.0007674300911731888,0,0,1,1,0.0,0.6,"0.621,17.789;0.603,17.848;0.580,17.926;0.552,18.023;0.517,18.140;0.478,18.276;0.432,18.431;0.384,18.594;0.342,18.736;0.307,18.856;0.279,18.952;0.258,19.023;0.250,19.050",0.2500000000000004,19.05,2.0,0.2500000000000004,19.05,2.0,0.2500000000000004,19.05,2.0,1.8958738645881767,0.0,0.0,0,0,6,1,,,0,1,PASS_THROUGH,-1,0.9999692079209966,-2.9258607117114686e-05,0.007847442499848414,0.28052678901634476,0,0.9999795768085407,-1.3393908318619943e-05,0.006391070834789439,1.3148129691651929,0.26296259383303855,0,0,0,BYPASS_VISIBLE,1,0,1,1,1
1787562413806963200,1787562413825916416,joint_v2_000006_1f4b2824,2078,348,0.03333333333333333,11.6,18.953323364257812,frame_id_exact,1,,0.6158610582351685,17.805187225341797,1.9920129776000977,-0.019942901768268014,-0.0028948138256181762,0.14241933266177748,0.9896012502044196,-0.14804352819919586,0.5033770799636841,0.010901609435677528,0.5238300524682407,8.651043376784582e-05,0.03203567713947034,0.28586990744360946,-5.237698132987134e-05,depth/002078.png,1.0,-4.8913239529346265e-05,0.04029559595161317,-0.9991878014439525,0.5238300524682407,8.651043376784582e-05,0.03203567713947034,-5.237698132987134e-05,0.9999810531015236,-1.096952716478412e-05,0.0061557548389296925,1.297464125856747,0.2594928251713494,0.6,0.0,0.007987022399902344,9.800118420666415e-06,0.6,0.0,0.007987022399902344,9.800118420666415e-06,goal_capture,TERMINAL_SETTLING,NONE,DIRECT_LOCAL,PASS_THROUGH,0,6,0,0,0,0,1,0.6,1.2974641258567472,0.8602325267042626,0.0,1,0,1,CLEAR,none,nan,0.0,0.0,0,0,1,0,0.0006285195182668389,0,0,1,1,0.0,0.6,"0.616,17.805;0.598,17.865;0.575,17.944;0.546,18.043;0.512,18.160;0.471,18.297;0.426,18.453;0.378,18.614;0.337,18.753;0.303,18.869;0.276,18.962;0.256,19.030;0.250,19.050",0.2500000000000004,19.05,2.0,0.2500000000000004,19.05,2.0,0.2500000000000004,19.05,2.0,1.8815118606573848,0.0,0.0,0,0,6,1,,,1,1,PASS_THROUGH,-1,0.9999999999398325,-1.0969735006584008e-05,0.0,0.2594928251713494,0,0.9999810531015236,-1.096952716478412e-05,0.0061557548389296925,1.2974887091655287,0.25949774183310576,0,0,0,BYPASS_VISIBLE,1,0,1,1,1
1787562413859714560,1787562413875491328,joint_v2_000006_1f4b2824,2079,349,0.03333333333333333,11.633333333333333,15.776872634887695,frame_id_exact,1,,0.6108551025390625,17.822208404541016,1.992315411567688,-0.03025778200020467,-0.0043482103790358825,0.1423799625064301,0.9893399344874315,-0.15263356268405914,0.5189699530601501,0.0070039574056863785,0.5395109389152777,9.644729656913594e-05,0.040047590999937106,0.2858650486185543,-4.7461973736062646e-05,depth/002079.png,1.0,1.2487390367892787e-05,0.06110866018510935,-0.9981311193898554,0.5395109389152777,9.644729656913594e-05,0.040047590999937106,-4.7461973736062646e-05,0.9999819711077683,-8.574608455753222e-06,0.006004780253971478,1.2797220819022375,0.2559444163804475,0.6,0.0,0.007684588432312012,9.54343445047634e-06,0.6,0.0,0.007684588432312012,9.54343445047634e-06,goal_capture,TERMINAL_SETTLING,NONE,DIRECT_LOCAL,PASS_THROUGH,0,6,0,0,0,0,1,0.6,1.2797220819022375,0.8602325267042626,0.0,1,0,1,CLEAR,none,nan,0.0,0.0,0,0,0,0,0.0,0,0,1,1,0.0,0.6,"0.616,17.805;0.598,17.865;0.575,17.944;0.546,18.043;0.512,18.160;0.471,18.297;0.426,18.453;0.378,18.614;0.337,18.753;0.303,18.869;0.276,18.962;0.256,19.030;0.250,19.050",0.2500000000000004,19.05,2.0,0.2500000000000004,19.05,2.0,0.2500000000000004,19.05,2.0,1.8666843799337405,0.0,0.0,0,0,6,1,,,0,1,PASS_THROUGH,-1,0.9999810531015236,-1.096952716478412e-05,0.0061557548389296925,0.2594928251713494,0,0.9999819711077683,-8.574608455753222e-06,0.006004780253971478,1.2797451542426606,0.2559490308485321,0,0,0,BYPASS_VISIBLE,1,0,1,1,1
1787562413901567232,1787562413917571328,joint_v2_000006_1f4b2824,2080,350,0.03333333333333333,11.666666666666666,16.004085540771484,frame_id_exact,1,,0.6056675314903259,17.839847564697266,1.9924620389938354,-0.036892492275449024,-0.005273393346206954,0.14234601311680803,0.9891151337867962,-0.15881642699241638,0.5400524139404297,0.0015803334536030889,0.5612389496180576,8.649052246286542e-05,0.043504007750506876,0.28585961782187025,-3.907849531969987e-05,depth/002080.png,1.0,7.101204841782754e-05,0.07448313790237675,-0.9972222706726442,0.5612389496180576,8.649052246286542e-05,0.043504007750506876,-3.907849531969987e-05,0.9999821431435963,-5.668515132973286e-06,0.005976065746623352,1.261335922593804,0.2522671845187608,0.6,0.0,0.007537961006164551,2.1836728402169214e-05,0.6,0.0,0.007537961006164551,2.1836728402169214e-05,goal_capture,TERMINAL_SETTLING,NONE,DIRECT_LOCAL,PASS_THROUGH,0,6,0,0,0,0,1,0.6,1.261335922593804,0.8602325267042626,0.0,1,0,1,CLEAR,none,nan,0.0,0.0,0,0,0,0,0.00032478779290831544,0,0,1,1,0.0,0.6,"0.606,17.840;0.587,17.903;0.563,17.986;0.533,18.088;0.497,18.209;0.456,18.350;0.409,18.509;0.364,18.663;0.325,18.794;0.293,18.903;0.268,18.988;0.251,19.046;0.250,19.050",0.2500000000000004,19.05,2.0,0.2500000000000004,19.05,2.0,0.2500000000000004,19.05,2.0,1.85128703694557,0.0,0.0,0,0,6,1,,,0,1,PASS_THROUGH,-1,0.9999810531015236,-1.096952716478412e-05,0.0061557548389296925,0.2594928251713494,0,0.9999821431435963,-5.668515132973286e-06,0.005976065746623352,1.2613584464701906,0.2522716892940381,0,0,0,BYPASS_VISIBLE,1,0,1,1,1
1787562413948049408,1787562413965366528,joint_v2_000006_1f4b2824,2081,351,0.03333333333333333,11.7,17.31729507446289,frame_id_exact,1,,0.6002594828605652,17.858238220214844,1.9924108982086182,-0.037351350143220594,-0.005317831334379134,0.14234218009372004,0.9890982262033153,-0.1656852811574936,0.5635285377502441,-0.004662814550101757,0.5860600771204548,5.870390832622563e-05,0.03964025290172061,0.28585520296431405,-3.0378600058611482e-05,depth/002081.png,1.0,0.00011363013749418269,0.07540221175692932,-0.9971531946247553,0.5860600771204548,5.870390832622563e-05,0.03964025290172061,-3.0378600058611482e-05,0.9999813371030053,-3.5540458167659303e-06,0.006109454399088806,1.2421665931309034,0.24843331862618068,0.6,0.0,0.007589101791381836,2.1763403812991022e-05,0.6,0.0,0.007589101791381836,2.1763403812991022e-05,goal_capture,TERMINAL_SETTLING,NONE,DIRECT_LOCAL,PASS_THROUGH,0,6,0,0,0,0,1,0.6,1.2421665931309034,0.8602325267042626,0.0,1,0,1,CLEAR,none,nan,0.0,0.0,0,0,0,0,0.0,0,0,1,1,0.0,0.6,"0.606,17.840;0.587,17.903;0.563,17.986;0.533,18.088;0.497,18.209;0.456,18.350;0.409,18.509;0.364,18.663;0.325,18.794;0.293,18.903;0.268,18.988;0.251,19.046;0.250,19.050",0.2500000000000004,19.05,2.0,0.2500000000000004,19.05,2.0,0.2500000000000004,19.05,2.0,1.835312504118342,0.0,0.0,0,0,6,1,,,0,1,PASS_THROUGH,-1,0.9999810531015236,-1.096952716478412e-05,0.0061557548389296925,0.2594928251713494,0,0.9999813371030053,-3.5540458167659303e-06,0.006109454399088806,1.242189775982895,0.24843795519657902,0,0,0,BYPASS_VISIBLE,1,0,1,1,1
1787562413997014528,1787562414014031360,joint_v2_000006_1f4b2824,2082,352,0.03333333333333333,11.733333333333333,17.016887664794922,frame_id_exact,1,,0.5946274995803833,17.877399444580078,1.9921566247940063,-0.030951643295716796,-0.004388034285922426,0.14237281388809545,0.9893193229680628,-0.17205052077770233,0.5853272676467896,-0.010381191037595272,0.6095459698316031,1.9367668236014116e-05,0.027764570319704546,0.2858530495654186,-2.412462345091626e-05,depth/002082.png,1.0,0.00013101088312476687,0.06249159115758347,-0.9980454818648006,0.6095459698316031,1.9367668236014116e-05,0.027764570319704546,-2.412462345091626e-05,0.9999794087965864,-1.783954233168599e-06,0.006417318727233512,1.222194819183152,0.24443896383663039,0.6,0.0,0.007843375205993652,4.826783785993882e-06,0.6,0.0,0.007843375205993652,4.826783785993882e-06,goal_capture,TERMINAL_SETTLING,NONE,DIRECT_LOCAL,PASS_THROUGH,0,6,0,0,0,0,1,0.6,1.222194819183152,0.8602325267042626,0.0,1,0,1,CLEAR,none,nan,0.0,0.0,0,0,0,0,0.0,0,0,1,1,0.0,0.6,"0.606,17.840;0.587,17.903;0.563,17.986;0.533,18.088;0.497,18.209;0.456,18.350;0.409,18.509;0.364,18.663;0.325,18.794;0.293,18.903;0.268,18.988;0.251,19.046;0.250,19.050",0.2500000000000004,19.05,2.0,0.2500000000000004,19.05,2.0,0.2500000000000004,19.05,2.0,1.8188807339542425,0.0,0.0,0,0,6,1,,,0,1,PASS_THROUGH,-1,0.9999810531015236,-1.096952716478412e-05,0.0061557548389296925,0.2594928251713494,0,0.9999794087965864,-1.783954233168599e-06,0.006417318727233512,1.2222199861615584,0.24444399723231167,0,0,0,BYPASS_VISIBLE,1,0,1,1,1
1787562414051241472,1787562414066835456,joint_v2_000006_1f4b2824,2083,353,0.03333333333333333,11.766666666666667,15.594005584716797,frame_id_exact,1,,0.5888081192970276,17.897199630737305,1.9917411804199219,-0.01881338055003185,-0.002646969891487829,0.14241570315759608,0.9896245842524329,-0.17674769461154938,0.6014562249183655,-0.01415328960865736,0.6269737582565605,-2.222645229719901e-05,0.00967262187435941,0.28585281309438354,-2.1944539184914902e-05,depth/002083.png,1.0,0.00011962868282375423,0.03799030796708261,-0.9992781005253465,0.6269737582565605,-2.222645229719901e-05,0.00967262187435941,-2.1944539184914902e-05,0.9999763788129101,-1.6291313337792494e-06,0.0068732680411051844,1.2015571701229188,0.24031143402458377,0.6,0.0,0.008258819580078125,1.2852492491943757e-05,0.6,0.0,0.008258819580078125,1.2852492491943757e-05,goal_capture,TERMINAL_SETTLING,NONE,DIRECT_LOCAL,PASS_THROUGH,0,6,0,0,0,0,1,0.6,1.2015571701229188,0.8602325267042626,0.0,1,0,1,CLEAR,none,nan,0.0,0.0,0,0,0,0,9.334455461447507e-05,0,0,1,1,0.0,0.6,"0.589,17.897;0.568,17.967;0.542,18.056;0.510,18.164;0.473,18.291;0.430,18.438;0.382,18.601;0.341,18.742;0.306,18.860;0.278,18.955;0.257,19.025;0.250,19.050",0.2500000000000004,19.05,2.0,0.2500000000000004,19.05,2.0,0.2500000000000004,19.05,2.0,1.8021971038186748,0.0,0.0,0,0,6,1,,,0,1,PASS_THROUGH,-1,0.9999810531015236,-1.096952716478412e-05,0.0061557548389296925,0.2594928251713494,0,0.9999763788129101,-1.6291313337792494e-06,0.0068732680411051844,1.201585552998476,0.2403171105996952,0,0,0,BYPASS_VISIBLE,1,0,1,1,1
1787562414095009536,1787562414111553280,joint_v2_000006_1f4b2824,2084,354,0.03333333333333333,11.8,16.54362678527832,frame_id_exact,1,,0.5828726887702942,17.917400360107422,1.991245985031128,-0.0034792398850195423,-0.0004590317579626117,0.1424395921208877,0.9897972755954135,-0.17891213297843933,0.6089411973953247,-0.015101772733032703,0.6347705364616322,-5.580007888436026e-05,-0.010647050220118973,0.28585289082896936,-2.1837335225427523e-05,depth/002084.png,1.0,8.246625333948286e-05,0.007018252911419943,-0.9999753683593353,0.6347705364616322,-5.580007888436026e-05,-0.010647050220118973,-2.1837335225427523e-05,0.9999725063223358,-4.3463435742135606e-07,0.007415294952828199,1.1805025079236233,0.23610050158472468,0.5333333334,0.0,0.00875401496887207,5.324823075247842e-06,0.5333333334,0.0,0.00875401496887207,5.324823075247842e-06,goal_capture,TERMINAL_SETTLING,NONE,DIRECT_LOCAL,PASS_THROUGH,0,6,0,0,0,0,1,0.5333333334,1.1805025079236233,0.8602325267042626,0.0,1,0,1,CLEAR,none,nan,0.0,0.0,0,0,1,0,2.4903398994398364e-05,0,0,1,1,0.0,0.5,"0.583,17.917;0.549,18.033;0.515,18.148;0.481,18.263;0.448,18.378;0.414,18.493;0.380,18.608;0.346,18.723;0.312,18.838;0.278,18.954;0.250,19.050",0.2500000000000004,19.05,2.0,0.2500000000000004,19.05,2.0,0.2500000000000004,19.05,2.0,1.785528406688433,0.0,0.0,0,0,6,1,,,1,1,PASS_THROUGH,-1,0.9999999999999054,-4.3464630752780173e-07,0.0,0.23610050158472468,0,0.9999725063223358,-4.3463435742135606e-07,0.007415294952828199,1.1805349651713155,0.2361069930342631,0,0,0,BYPASS_VISIBLE,1,0,1,1,1
1787562414145346304,1787562414160922624,joint_v2_000006_1f4b2824,2085,355,0.03333333333333333,11.833333333333334,15.57612419128418,frame_id_exact,1,,0.5769134163856506,17.937685012817383,1.9907678365707397,0.013105426407847825,0.0019002881888681646,0.14242704027101055,0.9897167144709176,-0.17813366651535034,0.6063603162765503,-0.01320598740130663,0.6314131353286578,-7.328159092312348e-05,-0.0299379619995427,0.28585165823928477,-2.2397105567506514e-05,depth/002085.png,1.0,2.8359776150366136e-05,-0.026482623977036,-0.9996492734069354,0.6314131353286578,-7.328159092312348e-05,-0.0299379619995427,-2.2397105567506514e-05,0.9999682956178846,2.7977635333193537e-06,0.007962898419273605,1.1593606050422816,0.2318721210084563,0.5,0.0,0.009232163429260254,1.8654212836644035e-05,0.5,0.0,0.009232163429260254,1.8654212836644035e-05,goal_capture,TERMINAL_SETTLING,NONE,DIRECT_LOCAL,PASS_THROUGH,0,6,0,0,0,0,1,0.5,1.1593606050422816,0.8602325267042626,0.0,1,0,1,CLEAR,none,nan,0.0,0.0,0,0,0,0,0.0,0,0,1,1,0.0,0.5,"0.583,17.917;0.549,18.033;0.515,18.148;0.481,18.263;0.448,18.378;0.414,18.493;0.380,18.608;0.346,18.723;0.312,18.838;0.278,18.954;0.250,19.050",0.2500000000000004,19.05,2.0,0.2500000000000004,19.05,2.0,0.2500000000000004,19.05,2.0,1.7691708581361953,0.0,0.0,0,0,6,1,,,0,1,PASS_THROUGH,-1,0.9999725063223358,-4.3463435742135606e-07,0.007415294952828199,0.23610050158472468,0,0.9999682956178846,2.7977635333193537e-06,0.007962898419273605,1.1593973630147645,0.23187947260295289,0,0,0,BYPASS_VISIBLE,1,0,1,1,1
1787562414188196096,1787562414203875840,joint_v2_000006_1f4b2824,2086,356,0.03333333333333333,11.866666666666667,15.679597854614258,frame_id_exact,1,,0.5710339546203613,17.95769500732422,1.990391492843628,0.03169974694294902,0.0045466336607037985,0.14236547854262044,0.9892959742591897,-0.1740531623363495,0.5924775004386902,-0.009204117581248283,0.6156586584231873,-7.088855560336452e-05,-0.0487156946905718,0.28584831352440565,-2.364173451496754e-05,depth/002086.png,1.0,-2.996653249463105e-05,-0.0640154314251172,-0.9979489083322167,0.6156586584231873,-7.088855560336452e-05,-0.0487156946905718,-2.364173451496754e-05,0.999964388578609,7.4470818386805645e-06,0.008439284279465156,1.1385047198161402,0.22770094396322804,0.5,0.0,0.00960850715637207,2.012211690882726e-05,0.5,0.0,0.00960850715637207,2.012211690882726e-05,goal_capture,TERMINAL_SETTLING,NONE,DIRECT_LOCAL,PASS_THROUGH,0,6,0,0,0,0,1,0.5,1.1385047198161402,0.8602325267042626,0.0,1,0,1,CLEAR,none,nan,0.0,0.0,0,0,0,0,0.0004267015544797687,0,0,1,1,0.0,0.5,"0.571,17.958;0.537,18.073;0.503,18.188;0.470,18.303;0.436,18.418;0.402,18.533;0.368,18.648;0.334,18.764;0.300,18.879;0.266,18.994;0.250,19.050",0.2500000000000004,19.05,2.0,0.2500000000000004,19.05,2.0,0.2500000000000004,19.05,2.0,1.753434944503884,0.0,0.0,0,0,6,1,,,0,1,PASS_THROUGH,-1,0.9999725063223358,-4.3463435742135606e-07,0.007415294952828199,0.23610050158472468,0,0.999964388578609,7.4470818386805645e-06,0.008439284279465156,1.1385452649997725,0.2277090529999545,0,0,0,BYPASS_VISIBLE,1,0,1,1,1
1787562414236032768,1787562414253854208,joint_v2_000006_1f4b2824,2087,357,0.03333333333333333,11.9,17.821550369262695,frame_id_exact,1,,0.5653491616249084,17.9770450592041,1.9901621341705322,0.049222888113719554,0.007043264090881058,0.1422614342441648,0.9885793767035016,-0.1664697676897049,0.5666108131408691,-0.004629958420991898,0.5871788665609246,-4.996542006662171e-05,-0.06326460152001344,0.2858434944701535,-2.2881096811033785e-05,depth/002087.png,1.0,-7.938607155288761e-05,-0.09932543380467247,-0.9950549994333807,0.5871788665609246,-4.996542006662171e-05,-0.06326460152001344,-2.2881096811033785e-05,0.9999613096708748,1.4226142616584358e-05,0.0087965310734027,1.1183368896338277,0.22366737792676555,0.5,0.0,0.009837865829467773,4.167421626954937e-05,0.5,0.0,0.009837865829467773,4.167421626954937e-05,goal_capture,TERMINAL_SETTLING,NONE,DIRECT_LOCAL,PASS_THROUGH,0,6,0,0,0,0,1,0.5,1.1183368896338277,0.8602325267042626,0.0,1,0,1,CLEAR,none,nan,0.0,0.0,0,0,0,0,0.0,0,0,1,1,0.0,0.5,"0.571,17.958;0.537,18.073;0.503,18.188;0.470,18.303;0.436,18.418;0.402,18.533;0.368,18.648;0.334,18.764;0.300,18.879;0.266,18.994;0.250,19.050",0.2500000000000004,19.05,2.0,0.2500000000000004,19.05,2.0,0.2500000000000004,19.05,2.0,1.7386181574056918,0.0,0.0,0,0,6,1,,,0,1,PASS_THROUGH,-1,0.9999725063223358,-4.3463435742135606e-07,0.007415294952828199,0.23610050158472468,0,0.9999613096708748,1.4226142616584358e-05,0.0087965310734027,1.1183801600171306,0.22367603200342612,0,0,0,BYPASS_VISIBLE,1,0,1,1,1
1787562414281958400,1787562414298706688,joint_v2_000006_1f4b2824,2088,358,0.03333333333333333,11.933333333333334,16.748428344726562,frame_id_exact,1,,0.5599676370620728,17.995359420776367,1.9900848865509033,0.06006829734872672,0.008588846523701302,0.14217450544575733,0.9879799802477132,-0.15606558322906494,0.5310972929000854,-7.06781429471448e-05,0.549468001370596,-1.64932387128776e-05,-0.06712466750459992,0.28583947762561235,-2.0951905753463507e-05,depth/002088.png,1.0,-0.00010914409937372999,-0.12113478046993106,-0.9926360627380345,0.549468001370596,-1.64932387128776e-05,-0.06712466750459992,-2.0951905753463507e-05,0.9999593229629535,1.928819964379508e-05,0.009019536985735446,1.0992482373745276,0.2198496474749055,0.5,0.0,0.00991511344909668,5.963954494203616e-05,0.5,0.0,0.00991511344909668,5.963954494203616e-05,goal_capture,TERMINAL_SETTLING,NONE,DIRECT_LOCAL,PASS_THROUGH,0,6,0,0,0,0,1,0.5,1.0992482373745276,0.8602325267042626,0.0,1,0,1,CLEAR,none,nan,0.0,0.0,0,0,0,0,0.0,0,0,1,1,0.0,0.5,"0.571,17.958;0.537,18.073;0.503,18.188;0.470,18.303;0.436,18.418;0.402,18.533;0.368,18.648;0.334,18.764;0.300,18.879;0.266,18.994;0.250,19.050",0.2500000000000004,19.05,2.0,0.2500000000000004,19.05,2.0,0.2500000000000004,19.05,2.0,1.7248962340862593,0.0,0.0,0,0,6,1,,,0,1,PASS_THROUGH,-1,0.9999725063223358,-4.3463435742135606e-07,0.007415294952828199,0.23610050158472468,0,0.9999593229629535,1.928819964379508e-05,0.009019536985735446,1.099292953150212,0.2198585906300424,0,0,0,BYPASS_VISIBLE,1,0,1,1,1
1787562414329125632,1787562414345809664,joint_v2_000006_1f4b2824,2089,359,0.03333333333333333,11.966666666666667,16.68405532836914,frame_id_exact,1,,0.5549580454826355,18.012405395507812,1.9901553392410278,0.060477496584718175,0.008645669220886663,0.14217043694679127,0.9879551060999314,-0.14448831975460052,0.4915706217288971,0.0041915541514754295,0.5090522524954582,2.1208874315203116e-05,-0.058326011333973575,0.2858382167518908,-2.0147586837993003e-05,depth/002089.png,1.0,-0.00011315812494292962,-0.12195642025168874,-0.9925354496211368,0.5090522524954582,2.1208874315203116e-05,-0.058326011333973575,-2.0147586837993003e-05,0.9999585705930697,2.0870274104572016e-05,0.009102563479387921,1.081481378839178,0.21629627576783558,0.5666666666,0.0,0.009844660758972168,4.8431435321072414e-05,0.5666666666,0.0,0.009844660758972168,4.8431435321072414e-05,goal_capture,TERMINAL_SETTLING,NONE,DIRECT_LOCAL,PASS_THROUGH,0,6,0,0,0,0,1,0.5666666666,1.081481378839178,0.8602325267042626,0.0,1,0,1,CLEAR,none,nan,0.0,0.0,0,0,0,0,0.0011958281657461023,0,0,1,1,0.0,0.6,"0.555,18.012;0.538,18.071;0.515,18.149;0.486,18.246;0.452,18.363;0.412,18.498;0.367,18.653;0.328,18.786;0.295,18.896;0.270,18.983;0.252,19.043;0.250,19.050",0.2500000000000004,19.05,2.0,0.2500000000000004,19.05,2.0,0.2500000000000004,19.05,2.0,1.7122682332985406,0.0,0.0,0,0,6,1,,,0,1,PASS_THROUGH,-1,0.9999725063223358,-4.3463435742135606e-07,0.007415294952828199,0.23610050158472468,0,0.9999585705930697,2.0870274104572016e-05,0.009102563479387921,1.0815261855920775,0.21630523711841548,0,0,0,BYPASS_VISIBLE,1,0,1,1,1
1787562414376252416,1787562414393976320,joint_v2_000006_1f4b2824,2090,360,0.03333333333333333,12.0,17.723798751831055,frame_id_exact,1,,0.5503241419792175,18.028167724609375,1.9903579950332642,0.048466635533436477,0.006928259324073672,0.14226531830479405,0.9886169954388014,-0.13390879333019257,0.455448716878891,0.007936796173453331,0.4732267152323879,5.486959469208997e-05,-0.03853004478283699,0.285839932560738,-2.1713696696679108e-05,depth/002090.png,1.0,-9.145282948041372e-05,-0.09780118123626184,-0.9952059689256149,0.4732267152323879,5.486959469208997e-05,-0.03853004478283699,-2.1713696696679108e-05,0.9999590231938911,1.8057037814966883e-05,0.009052712690808649,1.0650520124789853,0.21301040249579706,0.6,0.0,0.00964200496673584,3.9028690627107565e-05,0.6,0.0,0.00964200496673584,3.9028690627107565e-05,goal_capture,TERMINAL_SETTLING,NONE,DIRECT_LOCAL,PASS_THROUGH,0,6,0,0,0,0,1,0.6,1.0650520124789853,0.8602325267042626,0.0,1,0,1,CLEAR,none,nan,0.0,0.0,0,0,0,0,0.0,0,0,1,1,0.0,0.6,"0.555,18.012;0.538,18.071;0.515,18.149;0.486,18.246;0.452,18.363;0.412,18.498;0.367,18.653;0.328,18.786;0.295,18.896;0.270,18.983;0.252,19.043;0.250,19.050",0.2500000000000004,19.05,2.0,0.2500000000000004,19.05,2.0,0.2500000000000004,19.05,2.0,1.7005191196456892,0.0,0.0,0,0,6,1,,,1,1,PASS_THROUGH,-1,0.9999999998369583,1.8057777762116118e-05,0.0,0.21301040249579706,0,0.9999590231938911,1.8057037814966883e-05,0.009052712690808649,1.065095656523542,0.21301913130470843,0,0,0,BYPASS_VISIBLE,1,0,1,1,1
1787562414426049792,1787562414442720512,joint_v2_000006_1f4b2824,2091,361,0.03333333333333333,12.033333333333333,16.670703887939453,frame_id_exact,1,,0.5459916591644287,18.04290008544922,1.9906795024871826,0.02292506048438032,0.003273699534219059,0.1423973771738799,0.9895386356616638,-0.12682916224002838,0.4312731623649597,0.011276761069893837,0.44957550213256325,7.828828462597514e-05,-0.009550081895244625,0.2858421312113102,-2.7003439754480496e-05,depth/002091.png,1.0,-5.003262774192548e-05,-0.04630279860300594,-0.9989274489862943,0.44957550213256325,7.828828462597514e-05,-0.009550081895244625,-2.7003439754480496e-05,0.999960581817521,1.3544470752037772e-05,0.008878886625706767,1.0496958131683214,0.20993916263366427,0.6,0.0,0.009320497512817383,2.6702080785367954e-05,0.6,0.0,0.009320497512817383,2.6702080785367954e-05,goal_capture,TERMINAL_SETTLING,NONE,DIRECT_LOCAL,PASS_THROUGH,0,6,0,0,0,0,1,0.6,1.0496958131683214,0.8602325267042626,0.0,1,0,1,CLEAR,none,nan,0.0,0.0,0,0,0,0,0.0,0,0,1,1,0.0,0.6,"0.555,18.012;0.538,18.071;0.515,18.149;0.486,18.246;0.452,18.363;0.412,18.498;0.367,18.653;0.328,18.786;0.295,18.896;0.270,18.983;0.252,19.043;0.250,19.050",0.2500000000000004,19.05,2.0,0.2500000000000004,19.05,2.0,0.2500000000000004,19.05,2.0,1.6892154168474571,0.0,0.0,0,0,6,1,,,0,1,PASS_THROUGH,-1,0.9999590231938911,1.8057037814966883e-05,0.009052712690808649,0.21301040249579706,0,0.999960581817521,1.3544470752037772e-05,0.008878886625706767,1.0497371918042104,0.2099474383608421,0,0,0,BYPASS_VISIBLE,1,0,1,1,1
1787562414470300160,1787562414486982400,joint_v2_000006_1f4b2824,2092,362,0.03333333333333333,12.066666666666666,16.682147979736328,frame_id_exact,1,,0.5418046116828918,18.05713653564453,1.9910815954208374,-0.011786416978116407,-0.0016953302652788409,0.14242470445459104,0.9897340096162868,-0.1254728138446808,0.42662715911865234,0.012318539433181286,0.44427611178498816,8.775568840220564e-05,0.022904914792953958,0.28584171306716327,-3.285955244791694e-05,depth/002092.png,1.0,1.5018672170656264e-06,0.023813749293491785,-0.9997164124602193,0.44427611178498816,8.775568840220564e-05,0.022904914792953958,-3.285955244791694e-05,0.9999628669424553,1.1288801090026235e-05,0.008617691615993968,1.0348564104509126,0.2069712820901825,0.5333333334,0.0,0.008918404579162598,1.7760555033330405e-05,0.5333333334,0.0,0.008918404579162598,1.7760555033330405e-05,goal_capture,TERMINAL_SETTLING,NONE,DIRECT_LOCAL,PASS_THROUGH,0,6,0,0,0,0,1,0.5333333334,1.0348564104509126,0.8602325267042626,0.0,1,0,1,CLEAR,none,nan,0.0,0.0,0,0,0,0,0.0006468246767714239,0,0,1,1,0.0,0.5,"0.542,18.057;0.510,18.167;0.476,18.282;0.442,18.397;0.408,18.512;0.374,18.627;0.340,18.743;0.307,18.858;0.273,18.973;0.250,19.050",0.2500000000000004,19.05,2.0,0.2500000000000004,19.05,2.0,0.2500000000000004,19.05,2.0,1.6777899612528993,0.0,0.0,0,0,6,1,,,0,1,PASS_THROUGH,-1,0.9999590231938911,1.8057037814966883e-05,0.009052712690808649,0.21301040249579706,0,0.9999628669424553,1.1288801090026235e-05,0.008617691615993968,1.0348948391945847,0.20697896783891695,0,0,0,BYPASS_VISIBLE,1,0,1,1,1
1787562414518126848,1787562414533629696,joint_v2_000006_1f4b2824,2093,363,0.03333333333333333,12.1,15.502691268920898,frame_id_exact,1,,0.5375537872314453,18.071590423583984,1.9914201498031616,-0.045509839393093256,-0.006522598199296287,0.14228335405193385,0.9887576838593354,-0.1306055635213852,0.44412118196487427,0.006835570093244314,0.460342193854515,8.176059797658734e-05,0.049327683743836476,0.28583764086598057,-3.239114084863104e-05,depth/002093.png,1.0,5.204700586573102e-05,0.09185252108010841,-0.9957726204622908,0.460342193854515,8.176059797658734e-05,0.049327683743836476,-3.239114084863104e-05,0.9999646095971042,1.2729456391433834e-05,0.00841304886899703,1.0197904097282517,0.20395808194565035,0.5,0.0,0.008579850196838379,1.62019364480237e-05,0.5,0.0,0.008579850196838379,1.62019364480237e-05,goal_capture,TERMINAL_SETTLING,NONE,DIRECT_LOCAL,PASS_THROUGH,0,6,0,0,0,0,1,0.5,1.0197904097282517,0.8602325267042626,0.0,1,0,1,CLEAR,none,nan,0.0,0.0,0,0,0,0,0.0,0,0,1,1,0.0,0.5,"0.542,18.057;0.510,18.167;0.476,18.282;0.442,18.397;0.408,18.512;0.374,18.627;0.340,18.743;0.307,18.858;0.273,18.973;0.250,19.050",0.2500000000000004,19.05,2.0,0.2500000000000004,19.05,2.0,0.2500000000000004,19.05,2.0,1.6657159507004373,0.0,0.0,0,0,6,1,,,0,1,PASS_THROUGH,-1,0.9999590231938911,1.8057037814966883e-05,0.009052712690808649,0.21301040249579706,0,0.9999646095971042,1.2729456391433834e-05,0.00841304886899703,1.0198265017164025,0.2039653003432805,0,0,0,BYPASS_VISIBLE,1,0,1,1,1
1787562414560586752,1787562414577205504,joint_v2_000006_1f4b2824,2094,364,0.03333333333333333,12.133333333333333,16.618728637695312,frame_id_exact,1,,0.5330409407615662,18.086936950683594,1.9914886951446533,-0.0652679708002442,-0.009346092379818824,0.14212313985324176,0.9876506242913545,-0.1407768279314041,0.4788113832473755,-0.003138537984341383,0.49515133693520613,6.110039139993009e-05,0.06255762326361577,0.28583223488025217,-2.6332500056014396e-05,depth/002094.png,1.0,9.082993673534615e-05,0.13158049620293877,-0.9913054850896927,0.49515133693520613,6.110039139993009e-05,0.06255762326361577,-2.6332500056014396e-05,0.9999640539569157,1.573197479762484e-05,0.008478829315165904,1.0037941079254293,0.20075882158508587,0.5,0.0,0.00851130485534668,2.2285360700702306e-05,0.5,0.0,0.00851130485534668,2.2285360700702306e-05,goal_capture,TERMINAL_SETTLING,NONE,DIRECT_LOCAL,PASS_THROUGH,0,6,0,0,0,0,1,0.5,1.0037941079254293,0.8602325267042626,0.0,1,0,1,CLEAR,none,nan,0.0,0.0,0,0,0,0,0.0,0,0,1,1,0.0,0.5,"0.542,18.057;0.510,18.167;0.476,18.282;0.442,18.397;0.408,18.512;0.374,18.627;0.340,18.743;0.307,18.858;0.273,18.973;0.250,19.050",0.2500000000000004,19.05,2.0,0.2500000000000004,19.05,2.0,0.2500000000000004,19.05,2.0,1.652683902402067,0.0,0.0,0,0,6,1,,,0,1,PASS_THROUGH,-1,0.9999590231938911,1.8057037814966883e-05,0.009052712690808649,0.21301040249579706,0,0.9999640539569157,1.573197479762484e-05,0.008478829315165904,1.0038301915245171,0.20076603830490342,0,0,0,BYPASS_VISIBLE,1,0,1,1,1
1787562414605824000,1787562414621766144,joint_v2_000006_1f4b2824,2095,365,0.03333333333333333,12.166666666666666,15.942096710205078,frame_id_exact,1,,0.5281476974487305,18.103586196899414,1.9911834001541138,-0.06543512651651666,-0.009360473212826603,0.14212050669810103,0.9876398064754551,-0.15283656120300293,0.519961416721344,-0.015321413986384869,0.5392434464907466,2.9488019579453892e-05,0.05630399269151974,0.2858288275614426,-2.1731450033257715e-05,depth/002095.png,1.0,0.00010979476789389417,0.1319133017708207,-0.9912612515179988,0.5392434464907466,2.9488019579453892e-05,0.05630399269151974,-2.1731450033257715e-05,0.999960060165022,1.905475609093095e-05,0.008937433170774976,0.9864406866585271,0.19728813733170542,0.5666666666,0.0,0.00881659984588623,4.5248346556281405e-05,0.5666666666,0.0,0.00881659984588623,4.5248346556281405e-05,goal_capture,TERMINAL_SETTLING,NONE,DIRECT_LOCAL,PASS_THROUGH,0,6,0,0,0,0,1,0.5666666666,0.986440686658527,0.8602325267042626,0.0,1,0,1,CLEAR,none,nan,0.0,0.0,0,0,0,0,0.0010918007098708758,0,0,1,1,0.0,0.6,"0.528,18.104;0.510,18.165;0.486,18.246;0.457,18.346;0.422,18.465;0.381,18.603;0.340,18.744;0.305,18.862;0.277,18.956;0.257,19.026;0.250,19.050",0.2500000000000004,19.05,2.0,0.2500000000000004,19.05,2.0,0.2500000000000004,19.05,2.0,1.6387073122912061,0.0,0.0,0,0,6,1,,,0,1,PASS_THROUGH,-1,0.9999590231938911,1.8057037814966883e-05,0.009052712690808649,0.21301040249579706,0,0.999960060165022,1.905475609093095e-05,0.008937433170774976,0.9864800863312897,0.19729601726625795,0,0,0,BYPASS_VISIBLE,1,0,1,1,1
1787562414657471232,1787562414673001216,joint_v2_000006_1f4b2824,2096,366,0.03333333333333333,12.2,15.530109405517578,frame_id_exact,1,,0.5228691697120667,18.121545791625977,1.990454912185669,-0.049262930974079425,-0.00703558916025375,0.1422544067475998,0.9885784480140662,-0.1634017378091812,0.5560349822044373,-0.028034206479787827,0.5794636208524717,-6.124528970985001e-06,0.029712929140926315,0.28582853747181686,-2.160756048397161e-05,depth/002096.png,1.0,0.0001052744149147751,0.0994022308181825,-0.9950473282340224,0.5794636208524717,-6.124528970985001e-06,0.029712929140926315,-2.160756048397161e-05,0.9999513593840565,1.9081123450862453e-05,0.009862986458877433,0.9677214479522444,0.19354428959044886,0.6,0.0,0.009545087814331055,4.47996674463047e-05,0.6,0.0,0.009545087814331055,4.47996674463047e-05,goal_capture,TERMINAL_SETTLING,NONE,DIRECT_LOCAL,PASS_THROUGH,0,6,0,0,0,0,1,0.6,0.9677214479522444,0.8602325267042626,0.0,1,0,1,CLEAR,none,nan,0.0,0.0,0,0,0,0,0.0,0,0,1,1,0.0,0.6,"0.528,18.104;0.510,18.165;0.486,18.246;0.457,18.346;0.422,18.465;0.381,18.603;0.340,18.744;0.305,18.862;0.277,18.956;0.257,19.026;0.250,19.050",0.2500000000000004,19.05,2.0,0.2500000000000004,19.05,2.0,0.2500000000000004,19.05,2.0,1.6240374684564205,0.0,0.0,0,0,6,1,,,1,1,PASS_THROUGH,-1,0.9999999998179376,1.908205161014953e-05,0.0,0.19354428959044886,0,0.9999513593840565,1.9081123450862453e-05,0.009862986458877433,0.9677685206329929,0.19355370412659859,0,0,0,CORRIDOR_CLEAR,1,0,0,0,1
1787562414703606272,1787562414720372480,joint_v2_000006_1f4b2824,2097,367,0.03333333333333333,12.233333333333333,16.766071319580078,frame_id_exact,1,,0.5172935724258423,18.14051628112793,1.989382028579712,-0.02638898961742906,-0.003757651945603726,0.1423793073850344,0.9894531995538671,-0.17046532034873962,0.580177903175354,-0.03512140363454819,0.6057146491638179,-3.682336397316362e-05,-0.0028460850659235565,0.2858297614181599,-2.2215615899767727e-05,depth/002097.png,1.0,7.845064786598643e-05,0.053291364182736105,-0.9985790025576539,0.6057146491638179,-3.682336397316362e-05,-0.0028460850659235565,-2.2215615899767727e-05,0.9999372745524625,1.7611679603265202e-05,0.011200296889897156,0.9479485686225498,0.18958971372450997,0.6,0.0,0.010617971420288086,3.940469544938541e-05,0.6,0.0,0.010617971420288086,3.940469544938541e-05,goal_capture,TERMINAL_SETTLING,NONE,DIRECT_LOCAL,PASS_THROUGH,0,6,0,0,0,0,1,0.6,0.9479485686225498,0.8602325267042626,0.0,1,0,1,CLEAR,none,nan,0.0,0.0,0,0,0,0,0.0,0,0,1,1,0.0,0.6,"0.528,18.104;0.510,18.165;0.486,18.246;0.457,18.346;0.422,18.465;0.381,18.603;0.340,18.744;0.305,18.862;0.277,18.956;0.257,19.026;0.250,19.050",0.2500000000000004,19.05,2.0,0.2500000000000004,19.05,2.0,0.2500000000000004,19.05,2.0,1.6090255705480778,0.0,0.0,0,0,6,1,,,0,1,PASS_THROUGH,-1,0.9999513593840565,1.9081123450862453e-05,0.009862986458877433,0.19354428959044886,0,0.9999372745524625,1.7611679603265202e-05,0.011200296889897156,0.9480080327036386,0.18960160654072772,0,0,0,CORRIDOR_CLEAR,1,0,0,0,1
1787562414747331072,1787562414763923456,joint_v2_000006_1f4b2824,2098,368,0.03333333333333333,12.266666666666667,16.59226417541504,frame_id_exact,1,,0.5115514397621155,18.16006088256836,1.9881980419158936,-0.003745242627179408,-0.0005209200896387322,0.14242818640010776,0.9897979154952288,-0.17336846888065338,0.5901257991790771,-0.03497519716620445,0.6153120138872525,-5.511972342370821e-05,-0.030322793463187447,0.2858302841335783,-2.099831726809498e-05,depth/002098.png,1.0,3.56449923070662e-05,0.007562454098065358,-0.9999714035998475,0.6153120138872525,-5.511972342370821e-05,-0.030322793463187447,-2.099831726809498e-05,0.99991906700839,1.910169144545834e-05,0.01272238453264181,0.9275779149897025,0.18551558299794052,0.6,0.0,0.011801958084106445,5.251470962586158e-05,0.6,0.0,0.011801958084106445,5.251470962586158e-05,goal_capture,TERMINAL_SETTLING,NONE,DIRECT_LOCAL,PASS_THROUGH,0,6,0,0,0,0,1,0.6,0.9275779149897027,0.8602325267042626,0.0,1,0,1,CLEAR,none,nan,0.0,0.0,0,0,0,0,0.0010945348852291262,0,0,1,1,0.0,0.6,"0.512,18.160;0.491,18.229;0.466,18.316;0.434,18.423;0.397,18.550;0.354,18.695;0.317,18.821;0.287,18.925;0.264,19.004;0.250,19.050",0.2500000000000004,19.05,2.0,0.2500000000000004,19.05,2.0,0.2500000000000004,19.05,2.0,1.594042141498269,0.0,0.0,0,0,6,1,,,0,1,PASS_THROUGH,-1,0.9999513593840565,1.9081123450862453e-05,0.009862986458877433,0.19354428959044886,0,0.99991906700839,1.910169144545834e-05,0.01272238453264181,0.9276529925523137,0.18553059851046275,0,0,0,CORRIDOR_CLEAR,1,0,0,0,1
1787562414795845888,1787562414811334912,joint_v2_000006_1f4b2824,2099,369,0.03333333333333333,12.3,15.488862991333008,frame_id_exact,1,,0.5057796835899353,18.17970848083496,1.9871041774749756,0.014985557309060838,0.002149675489329447,0.14241230213066497,0.9896916429723309,-0.17234428226947784,0.5866560935974121,-0.030189378187060356,0.61025315856579,-5.7052404311284974e-05,-0.04868676973037184,0.28582904653053487,-1.627328856557142e-05,depth/002099.png,1.0,-1.3223696405114706e-05,-0.030274442138659426,-0.9995416239348549,0.61025315856579,-5.7052404311284974e-05,-0.04868676973037184,-1.627328856557142e-05,0.9998989600778396,2.3126718300745908e-05,0.01421510113962315,0.9071000908763928,0.18142001817527856,0.6,0.0,0.012895822525024414,6.668746436511164e-05,0.6,0.0,0.012895822525024414,6.668746436511164e-05,goal_capture,TERMINAL_SETTLING,NONE,DIRECT_LOCAL,PASS_THROUGH,0,6,0,0,0,0,1,0.6,0.9071000908763928,0.8602325267042626,0.0,1,0,1,CLEAR,none,nan,0.0,0.0,0,0,0,0,0.0,0,0,1,1,0.0,0.6,"0.512,18.160;0.491,18.229;0.466,18.316;0.434,18.423;0.397,18.550;0.354,18.695;0.317,18.821;0.287,18.925;0.264,19.004;0.250,19.050",0.2500000000000004,19.05,2.0,0.2500000000000004,19.05,2.0,0.2500000000000004,19.05,2.0,1.57939902299437,0.0,0.0,0,0,6,1,,,0,1,PASS_THROUGH,-1,0.9999513593840565,1.9081123450862453e-05,0.009862986458877433,0.19354428959044886,0,0.9998989600778396,2.3126718300745908e-05,0.01421510113962315,0.9071917532178944,0.18143835064357888,0,0,0,CORRIDOR_CLEAR,1,0,0,0,1
1787562414841194496,1787562414856891136,joint_v2_000006_1f4b2824,2100,370,0.03333333333333333,12.333333333333334,15.69676399230957,frame_id_exact,1,,0.5000954866409302,18.199052810668945,1.986212134361267,0.02697738290508862,0.0038530413233596765,0.14237525775221646,0.9894375477331263,-0.1683206409215927,0.5729237198829651,-0.023171933367848396,0.59498834152707,-4.325979568301438e-05,-0.055670791589941926,0.28582673623183497,-7.5567040767055005e-06,depth/002100.png,1.0,-5.713617258566381e-05,-0.05448202667482344,-0.9985147497683055,0.59498834152707,-4.325979568301438e-05,-0.055670791589941926,-7.5567040767055005e-06,0.9998791907421992,2.6651939609948816e-05,0.015543590653355439,0.8869379186101958,0.17738758372203917,0.6,0.0,0.01378786563873291,7.345794446778076e-05,0.6,0.0,0.01378786563873291,7.345794446778076e-05,goal_capture,TERMINAL_SETTLING,NONE,DIRECT_LOCAL,PASS_THROUGH,0,6,0,0,0,0,1,0.6,0.8869379186101959,0.8602325267042626,0.0,1,0,1,CLEAR,none,nan,0.0,0.0,0,0,0,0,0.0,0,0,1,1,0.0,0.6,"0.512,18.160;0.491,18.229;0.466,18.316;0.434,18.423;0.397,18.550;0.354,18.695;0.317,18.821;0.287,18.925;0.264,19.004;0.250,19.050",0.2500000000000004,19.05,2.0,0.2500000000000004,19.05,2.0,0.2500000000000004,19.05,2.0,1.5652843404510255,0.0,0.0,0,0,6,1,,,0,1,PASS_THROUGH,-1,0.9999513593840565,1.9081123450862453e-05,0.009862986458877433,0.19354428959044886,0,0.9998791907421992,2.6651939609948816e-05,0.015543590653355439,0.8870450815530506,0.17740901631061012,0,0,0,CORRIDOR_CLEAR,1,0,0,0,1
1787562414897619968,1787562414914729472,joint_v2_000006_1f4b2824,2101,371,0.03333333333333333,12.366666666666667,17.109394073486328,frame_id_exact,1,,0.4945756793022156,18.217838287353516,1.985567331314087,0.03050897884479797,0.004346395726272446,0.14236019065030697,0.989335073254783,-0.1627449095249176,0.5538648366928101,-0.015563647262752056,0.5752247041409994,-1.8082818953818335e-05,-0.0510972546821998,0.28582499181557397,2.787170842566411e-06,depth/002101.png,1.0,-8.644462129119013e-05,-0.0616047130891613,-0.9981006221080766,0.5752247041409994,-1.8082818953818335e-05,-0.0510972546821998,2.787170842566411e-06,0.9998615868170951,2.982324264316287e-05,0.016637497353114105,0.8673582759741625,0.17347165519483249,0.6,0.0,0.014432668685913086,7.765378583102223e-05,0.6,0.0,0.014432668685913086,7.765378583102223e-05,goal_capture,TERMINAL_SETTLING,NONE,DIRECT_LOCAL,PASS_THROUGH,0,6,0,0,0,0,1,0.6,0.8673582759741624,0.8602325267042626,0.0,1,0,1,CLEAR,none,nan,0.0,0.0,0,0,0,0,0.001708982480043653,0,0,1,1,0.0,0.6,"0.495,18.218;0.475,18.283;0.451,18.367;0.420,18.470;0.384,18.593;0.343,18.735;0.308,18.854;0.279,18.951;0.258,19.022;0.250,19.050",0.2500000000000004,19.05,2.0,0.2500000000000004,19.05,2.0,0.2500000000000004,19.05,2.0,1.551755458335719,0.0,0.0,0,0,6,1,,,0,1,PASS_THROUGH,-1,0.9999513593840565,1.9081123450862453e-05,0.009862986458877433,0.19354428959044886,0,0.9998615868170951,2.982324264316287e-05,0.016637497353114105,0.8674783460273049,0.17349566920546097,0,0,0,CORRIDOR_CLEAR,1,0,0,0,1
1787562414946779904,1787562414962281984,joint_v2_000006_1f4b2824,2102,372,0.03333333333333333,12.4,15.501976013183594,frame_id_exact,1,,0.4892445504665375,18.235979080200195,1.9851696491241455,0.02549424093169526,0.003620504142489943,0.142380378733558,0.989477015084615,-0.15727797150611877,0.5351524353027344,-0.008438118733465672,0.5566112317971493,1.231510877775755e-05,-0.03714333944174998,0.28582474276895403,1.1967563295911532e-05,depth/002102.png,1.0,-9.494809473382937e-05,-0.051482908339911954,-0.9986738712581418,0.5566112317971493,1.231510877775755e-05,-0.03714333944174998,1.1967563295911532e-05,0.9998472708921053,3.066342449322332e-05,0.017476668714700286,0.8484503596555644,0.16969007193111288,0.6,0.0,0.014830350875854492,8.053660876028435e-05,0.6,0.0,0.014830350875854492,8.053660876028435e-05,goal_capture,TERMINAL_SETTLING,NONE,DIRECT_LOCAL,PASS_THROUGH,0,6,0,0,0,0,1,0.6,0.8484503596555644,0.8602325267042626,0.0,1,0,1,CLEAR,none,nan,0.0,0.0,0,0,0,0,0.0,0,0,1,1,0.0,0.6,"0.495,18.218;0.475,18.283;0.451,18.367;0.420,18.470;0.384,18.593;0.343,18.735;0.308,18.854;0.279,18.951;0.258,19.022;0.250,19.050",0.2500000000000004,19.05,2.0,0.2500000000000004,19.05,2.0,0.2500000000000004,19.05,2.0,1.5387294783150316,0.0,0.0,0,0,6,1,,,1,1,PASS_THROUGH,-1,0.9999999995297337,3.0668108391648506e-05,0.0,0.16969007193111288,0,0.9998472708921053,3.066342449322332e-05,0.017476668714700286,0.8485799621171581,0.16971599242343163,0,0,0,CORRIDOR_CLEAR,1,0,0,0,1
1787562414997639936,1787562415014195200,joint_v2_000006_1f4b2824,2103,373,0.03333333333333333,12.433333333333334,16.555309295654297,frame_id_exact,1,,0.48407238721847534,18.253576278686523,1.9849909543991089,0.013570403229144422,0.0019117032580822898,0.14241407899134192,0.9897122913513298,-0.15342992544174194,0.5219513773918152,-0.0025327547919005156,0.5437611456837927,4.1254866003271117e-05,-0.01744167342294436,0.28582576981978036,1.8956292478833348e-05,depth/002103.png,1.0,-8.116053095861978e-05,-0.027406096666565093,-0.9996243790937029,0.5437611456837927,4.1254866003271117e-05,-0.01744167342294436,1.8956292478833348e-05,0.9998365816599913,2.933065331743268e-05,0.018077862544458957,0.8301088039100434,0.16602176078200867,0.6,0.0,0.015009045600891113,7.242441694921276e-05,0.6,0.0,0.015009045600891113,7.242441694921276e-05,goal_capture,TERMINAL_SETTLING,NONE,DIRECT_LOCAL,PASS_THROUGH,0,6,0,0,0,0,1,0.6,0.8301088039100434,0.8602325267042626,0.0,1,0,1,CLEAR,none,nan,0.0,0.0,0,0,0,0,0.0016807973180772166,0,0,1,1,0.0,0.6,"0.484,18.254;0.466,18.315;0.442,18.396;0.413,18.497;0.378,18.616;0.337,18.754;0.303,18.871;0.276,18.963;0.256,19.030;0.250,19.050",0.2500000000000004,19.05,2.0,0.2500000000000004,19.05,2.0,0.2500000000000004,19.05,2.0,1.5260182414609713,0.0,0.0,0,0,6,1,,,0,1,PASS_THROUGH,-1,0.9998472708921053,3.066342449322332e-05,0.017476668714700286,0.16969007193111288,0,0.9998365816599913,2.933065331743268e-05,0.018077862544458957,0.8302444807277026,0.16604889614554053,0,0,0,CORRIDOR_CLEAR,1,0,0,0,1
1787562415048338176,1787562415063930112,joint_v2_000006_1f4b2824,2104,374,0.03333333333333333,12.466666666666667,15.591859817504883,frame_id_exact,1,,0.47898611426353455,18.270877838134766,1.9849790334701538,-0.002234297379095684,-0.0003460186270888321,0.14242701506592492,0.9898027245697713,-0.15224021673202515,0.5178238749504089,0.0014627458294853568,0.539727291937068,6.270805999688358e-05,0.0039032154194477225,0.28582683993866154,2.4331782697117887e-05,depth/002104.png,1.0,-4.853174674040019e-05,0.004521592067082958,-0.999989776372663,0.539727291937068,6.270805999688358e-05,0.0039032154194477225,2.4331782697117887e-05,0.9998289737208836,2.676083136035777e-05,0.018493852819318958,0.8120751096019813,0.16241502192039625,0.6,0.0,0.015020966529846191,6.529605249327997e-05,0.6,0.0,0.015020966529846191,6.529605249327997e-05,goal_capture,TERMINAL_SETTLING,NONE,DIRECT_LOCAL,PASS_THROUGH,0,6,0,0,0,0,1,0.6,0.8120751096019813,0.8602325267042626,0.0,1,0,1,CLEAR,none,nan,0.0,0.0,0,0,0,0,0.0015335449693359962,0,0,1,1,0.0,0.6,"0.479,18.271;0.461,18.332;0.437,18.413;0.408,18.513;0.373,18.632;0.333,18.768;0.300,18.881;0.273,18.972;0.254,19.036;0.250,19.050",0.2500000000000004,19.05,2.0,0.2500000000000004,19.05,2.0,0.2500000000000004,19.05,2.0,1.513379149357289,0.0,0.0,0,0,6,1,,,0,1,PASS_THROUGH,-1,0.9998472708921053,3.066342449322332e-05,0.017476668714700286,0.16969007193111288,0,0.9998289737208836,2.676083136035777e-05,0.018493852819318958,0.8122140192526601,0.16244280385053203,0,0,0,CORRIDOR_CLEAR,1,0,0,0,1
1787562415094549504,1787562415111165952,joint_v2_000006_1f4b2824,2105,375,0.03333333333333333,12.5,16.6165828704834,frame_id_exact,1,,0.4738891124725342,18.2882137298584,1.9850587844848633,-0.01813721060995794,-0.002612191593898984,0.1424034810383623,0.9896390587656309,-0.1540728509426117,0.5240264534950256,0.002889841329306364,0.5457343647958361,7.222098714252549e-05,0.02290232320270873,0.2858268482170128,2.9373482902883552e-05,depth/002105.png,1.0,-4.649806235508709e-06,0.036642554425566305,-0.9993284360927336,0.5457343647958361,7.222098714252549e-05,0.02290232320270873,2.9373482902883552e-05,0.9998229971295446,2.441318406848478e-05,0.018814191847940295,0.7940054509006806,0.15880109018013613,0.5940054507236033,1.4504131679134673e-05,0.014941215515136719,6.104376508053733e-05,0.5940054507236033,1.4504131679134673e-05,0.014941215515136719,6.104376508053733e-05,goal_capture,TERMINAL_SETTLING,NONE,DIRECT_LOCAL,PASS_THROUGH,0,6,0,0,0,0,1,0.5940054509006807,0.7940054509006806,inf,0.0,1,0,1,CLEAR,none,nan,0.0,0.0,0,0,0,0,0.0013990200418811443,0,0,0,1,0.0,0.5940054509006807,,0.2500000000000004,19.05,2.0,0.2500000000000004,19.05,2.0,0.2500000000000004,19.05,2.0,1.500577095871463,0.0,0.0,0,0,6,1,,,0,1,PASS_THROUGH,-1,0.9998472708921053,3.066342449322332e-05,0.017476668714700286,0.16969007193111288,0,0.9998229971295446,2.441318406848478e-05,0.018814191847940295,0.794146016788514,0.15882920335770281,0,0,0,CORRIDOR_CLEAR,1,0,0,0,1
1787562415144949504,1787562415161971200,joint_v2_000006_1f4b2824,2106,376,0.03333333333333333,12.533333333333333,17.021656036376953,frame_id_exact,1,,0.46868476271629333,18.3059139251709,1.9851375818252563,-0.030274040121411838,-0.004336170193193461,0.1423608444344594,0.9893422411353366,-0.15856248140335083,0.5393228530883789,0.0014247666113078594,0.5610100473943097,6.758890477659432e-05,0.035790396567348254,0.28582569247582623,3.44001964549534e-05,depth/002106.png,1.0,3.976315849725694e-05,0.06113737510450648,-0.9981293602455656,0.5610100473943097,6.758890477659432e-05,0.035790396567348254,3.44001964549534e-05,0.999816429180569,2.2774031297955556e-05,0.01916004754586602,0.7755560019746232,0.15511120039492463,0.5755560018253103,1.3110137037920433e-05,0.014862418174743652,5.694553177282291e-05,0.5755560018253103,1.3110137037920433e-05,0.014862418174743652,5.694553177282291e-05,goal_capture,TERMINAL_SETTLING,NONE,DIRECT_LOCAL,PASS_THROUGH,0,6,0,0,0,0,1,0.5755560019746231,0.7755560019746232,inf,0.0,1,0,1,CLEAR,none,nan,0.0,0.0,0,0,0,0,0.0013050954530843541,0,0,0,1,0.0,0.5755560019746231,,0.2500000000000004,19.05,2.0,0.2500000000000004,19.05,2.0,0.2500000000000004,19.05,2.0,1.4874373295107128,0.0,0.0,0,0,6,1,,,0,1,PASS_THROUGH,-1,0.9998472708921053,3.066342449322332e-05,0.017476668714700286,0.16969007193111288,0,0.999816429180569,2.2774031297955556e-05,0.01916004754586602,0.7756983973638611,0.15513967947277224,0,0,0,CORRIDOR_CLEAR,1,0,0,0,1
1787562415195189760,1787562415211059712,joint_v2_000006_1f4b2824,2107,377,0.03333333333333333,12.566666666666666,15.870094299316406,frame_id_exact,1,,0.46330010890960693,18.324234008789062,1.98512601852417,-0.035070498533674985,-0.005009596244670856,0.1423382496925873,0.9891838993597276,-0.16467298567295074,0.5601806640625,-0.002378071891143918,0.5825859791685993,4.968001403873215e-05,0.038971762006963236,0.28582469998370286,3.9010199543554336e-05,depth/002107.png,1.0,7.292285921676155e-05,0.07080845930632647,-0.9974899281561298,0.5825859791685993,4.968001403873215e-05,0.038971762006963236,3.9010199543554336e-05,0.9998067470569918,2.32160409301014e-05,0.019658789391311098,0.756460977486113,0.1512921954972226,0.556460977336093,1.2921317908571647e-05,0.014873981475830078,5.80513209036404e-05,0.556460977336093,1.2921317908571647e-05,0.014873981475830078,5.80513209036404e-05,goal_capture,TERMINAL_SETTLING,NONE,DIRECT_LOCAL,PASS_THROUGH,0,6,0,0,0,0,1,0.5564609774861129,0.756460977486113,inf,0.0,1,0,1,CLEAR,none,nan,0.0,0.0,0,0,0,0,0.0013304382731752669,0,0,0,1,0.0,0.5564609774861129,,0.2500000000000004,19.05,2.0,0.2500000000000004,19.05,2.0,0.2500000000000004,19.05,2.0,1.4739138202319861,0.0,0.0,0,0,6,1,,,0,1,PASS_THROUGH,-1,0.9998472708921053,3.066342449322332e-05,0.017476668714700286,0.16969007193111288,0,0.9998067470569918,2.32160409301014e-05,0.019658789391311098,0.7566071938490864,0.15132143876981727,0,0,0,CORRIDOR_CLEAR,1,0,0,0,1
1787562415239927552,1787562415255532544,joint_v2_000006_1f4b2824,2108,378,0.03333333333333333,12.6,15.604972839355469,frame_id_exact,1,,0.4577060341835022,18.34326171875,1.984971523284912,-0.03007612856585328,-0.004283323039696262,0.1423621200834508,0.9893483241000478,-0.17083120346069336,0.5812293887138367,-0.006821527145802975,0.6051102916778109,2.2767990009057868e-05,0.0299828284240041,0.2858250271963359,4.2050629417644814e-05,depth/002108.png,1.0,8.800591126938151e-05,0.06073110068195594,-0.9981541592684557,0.6051102916778109,2.2767990009057868e-05,0.0299828284240041,4.2050629417644814e-05,0.9997919496824653,2.0418667227785104e-05,0.0203974736968304,0.7366279894359453,0.14732559788718907,0.5366279893240328,1.0959508468359419e-05,0.01502847671508789,5.1057290548217615e-05,0.5366279893240328,1.0959508468359419e-05,0.01502847671508789,5.1057290548217615e-05,goal_capture,TERMINAL_SETTLING,NONE,DIRECT_LOCAL,PASS_THROUGH,0,6,0,0,0,0,1,0.5366279894359454,0.7366279894359453,inf,0.0,1,0,1,CLEAR,none,nan,0.0,0.0,0,0,0,0,0.0011701469047144233,0,0,0,1,0.0,0.5366279894359454,,0.2500000000000004,19.05,2.0,0.2500000000000004,19.05,2.0,0.2500000000000004,19.05,2.0,1.4600823443340183,0.0,0.0,0,0,6,1,,,1,1,PASS_THROUGH,-1,0.9999999997914523,2.042291621774483e-05,0.0,0.14732559788718907,0,0.9997919496824653,2.0418667227785104e-05,0.0203974736968304,0.7367812768609278,0.14735625537218555,0,0,0,CORRIDOR_CLEAR,1,0,0,0,1
1787562415283460096,1787562415299070464,joint_v2_000006_1f4b2824,2109,379,0.03333333333333333,12.633333333333333,15.610218048095703,frame_id_exact,1,,0.4519309103488922,18.362911224365234,1.9846874475479126,-0.015414320751922206,-0.002176341220598815,0.1424107008161621,0.9896852300341246,-0.17523637413978577,0.5963196158409119,-0.009836847893893719,0.6215392737436014,-6.6584340512762535e-06,0.009516605736347153,0.28582661826373074,4.222595089231618e-05,depth/002109.png,1.0,8.254291869053305e-05,0.031130519715252974,-0.9995153245092968,0.6215392737436014,-6.6584340512762535e-06,0.009516605736347153,4.222595089231618e-05,0.9997714865310967,1.848601941330467e-05,0.02137695903697302,0.7161473857786639,0.14322947715573278,0.5161473856904312,9.543691454052042e-06,0.015312552452087402,4.6225611702865876e-05,0.5161473856904312,9.543691454052042e-06,0.015312552452087402,4.6225611702865876e-05,goal_capture,TERMINAL_SETTLING,NONE,DIRECT_LOCAL,PASS_THROUGH,0,6,0,0,0,0,1,0.5161473857786638,0.7161473857786639,inf,0.0,1,0,1,CLEAR,none,nan,0.0,0.0,0,0,0,0,0.0010594129823939045,0,0,0,1,0.0,0.5161473857786638,,0.2500000000000004,19.05,2.0,0.2500000000000004,19.05,2.0,0.2500000000000004,19.05,2.0,1.4461614881278086,0.0,0.0,0,0,6,1,,,0,1,PASS_THROUGH,-1,0.9997919496824653,2.0418667227785104e-05,0.0203974736968304,0.14732559788718907,0,0.9997714865310967,1.848601941330467e-05,0.02137695903697302,0.7163110723842068,0.14326221447684134,0,0,0,CORRIDOR_CLEAR,1,0,0,0,1
1787562415325251328,1787562415341869312,joint_v2_000006_1f4b2824,2110,380,0.03333333333333333,12.666666666666666,16.618013381958008,frame_id_exact,1,,0.44606101512908936,18.382890701293945,1.9843496084213257,0.006303813948536924,0.0009367345522420597,0.1424250282695086,0.9897850755494905,-0.17628559470176697,0.5999743342399597,-0.009954690001904964,0.6251588838802262,-3.1216561529334974e-05,-0.017924213517715382,0.28582819860118286,4.017453102278523e-05,depth/002110.png,1.0,5.868999946926257e-05,-0.012745670820773302,-0.9999187689161617,0.6251588838802262,-3.1216561529334974e-05,-0.017924213517715382,4.017453102278523e-05,0.9997467893390801,1.9585605121685822e-05,0.02250237371045831,0.6953234772920687,0.13906469545841374,0.49532347719701847,9.703667103817521e-06,0.015650391578674316,4.897641414813858e-05,0.49532347719701847,9.703667103817521e-06,0.015650391578674316,4.897641414813858e-05,goal_capture,TERMINAL_SETTLING,NONE,DIRECT_LOCAL,PASS_THROUGH,0,6,0,0,0,0,1,0.4953234772920686,0.6953234772920687,inf,0.0,1,0,1,CLEAR,none,nan,0.0,0.0,0,0,0,0,0.0011224567305492615,0,0,0,1,0.0,0.4953234772920686,,0.2500000000000004,19.05,2.0,0.2500000000000004,19.05,2.0,0.2500000000000004,19.05,2.0,1.4324746745455064,0.0,0.0,0,0,6,1,,,0,1,PASS_THROUGH,-1,0.9997919496824653,2.0418667227785104e-05,0.0203974736968304,0.14732559788718907,0,0.9997467893390801,1.9585605121685822e-05,0.02250237371045831,0.695499585068244,0.13909991701364882,0,0,0,CORRIDOR_CLEAR,1,0,0,0,1
1787562415371150592,1787562415391656960,joint_v2_000006_1f4b2824,2111,381,0.03333333333333333,12.7,20.50638198852539,frame_id_exact,1,,0.4402273893356323,18.402746200561523,1.984060287475586,0.03075750607533804,0.004437143002014603,0.1423589592898119,0.9893271523070247,-0.17295753955841064,0.5886994004249573,-0.007038758601993322,0.6119583687601943,-4.481173741355906e-05,-0.045141904808401793,0.28582817083184653,3.7930083635728806e-05,depth/002111.png,1.0,2.2358990653920108e-05,-0.06212180591513413,-0.9980685751640105,0.6119583687601943,-4.481173741355906e-05,-0.045141904808401793,3.7930083635728806e-05,0.9997209899232306,2.2220040066259742e-05,0.023620791967798815,0.6746287427474422,0.13492574854948844,0.47462874263020755,1.0549213014575492e-05,0.015939712524414062,5.55656035194918e-05,0.47462874263020755,1.0549213014575492e-05,0.015939712524414062,5.55656035194918e-05,goal_capture,TERMINAL_SETTLING,NONE,DIRECT_LOCAL,PASS_THROUGH,0,6,0,0,0,0,1,0.4746287427474422,0.6746287427474422,inf,0.0,1,0,1,CLEAR,none,nan,0.0,0.0,0,0,0,0,0.0012734698271056615,0,0,0,1,0.0,0.4746287427474422,,0.2500000000000004,19.05,2.0,0.2500000000000004,19.05,2.0,0.2500000000000004,19.05,2.0,1.4193673449170638,0.0,0.0,0,0,6,1,,,0,1,PASS_THROUGH,-1,0.9997919496824653,2.0418667227785104e-05,0.0203974736968304,0.14732559788718907,0,0.9997209899232306,2.2220040066259742e-05,0.023620791967798815,0.6748170233302918,0.13496340466605836,0,0,0,CORRIDOR_CLEAR,1,0,0,0,1
1787562415421939200,1787562415437449984,joint_v2_000006_1f4b2824,2112,382,0.03333333333333333,12.733333333333333,15.510797500610352,frame_id_exact,1,,0.4345811903476715,18.421968460083008,1.9839035272598267,0.05295078626195136,0.007610110740308616,0.14222353152283712,0.9883879640758148,-0.16510584950447083,0.5619857311248779,-0.002307189628481865,0.5821381593302428,-4.4463828320962315e-05,-0.0648720905097337,0.2858259379376028,3.7288227758836e-05,depth/002112.png,1.0,-1.8211916161050418e-05,-0.10683651330886058,-0.9942766008975228,0.5821381593302428,-4.4463828320962315e-05,-0.0648720905097337,3.7288227758836e-05,0.9996978026998854,2.915245185263227e-05,0.02458256347811908,0.6545944018708628,0.13091888037417257,0.4545944016775739,1.3256547500230704e-05,0.01609647274017334,7.290316074937131e-05,0.4545944016775739,1.3256547500230704e-05,0.01609647274017334,7.290316074937131e-05,goal_capture,TERMINAL_SETTLING,NONE,DIRECT_LOCAL,PASS_THROUGH,0,6,0,0,0,0,1,0.45459440187086275,0.6545944018708628,inf,0.0,1,0,1,CLEAR,none,nan,0.0,0.0,0,0,0,0,0.0016708173696411105,0,0,0,1,0.0,0.45459440187086275,,0.2500000000000004,19.05,2.0,0.2500000000000004,19.05,2.0,0.2500000000000004,19.05,2.0,1.4071538322809083,0.0,0.0,0,0,6,1,,,0,1,PASS_THROUGH,-1,0.9997919496824653,2.0418667227785104e-05,0.0203974736968304,0.14732559788718907,0,0.9996978026998854,2.915245185263227e-05,0.02458256347811908,0.654792278051099,0.1309584556102198,0,0,0,CORRIDOR_CLEAR,1,0,0,0,1
1787562415467606016,1787562415483156224,joint_v2_000006_1f4b2824,2113,383,0.03333333333333333,12.766666666666667,15.55013656616211,frame_id_exact,1,,0.42926186323165894,18.440074920654297,1.9839104413986206,0.06832382980569761,0.00980397228815879,0.14208755155089473,0.9874446131820899,-0.15356050431728363,0.5226566195487976,0.0025543272495269775,0.5399094822847895,-3.0975857803819405e-05,-0.07249168925828425,0.28582269514385217,3.8645939639536664e-05,depth/002113.png,1.0,-5.417213188546252e-05,-0.13771804022300665,-0.9904714728161101,0.5399094822847895,-3.0975857803819405e-05,-0.07249168925828425,3.8645939639536664e-05,0.9996798783526074,3.577329986570807e-05,0.02530097897685495,0.6357227524826754,0.12714455049653509,0.4357227522036933,1.5592232083942958e-05,0.016089558601379395,8.946188831349122e-05,0.4357227522036933,1.5592232083942958e-05,0.016089558601379395,8.946188831349122e-05,goal_capture,TERMINAL_SETTLING,NONE,DIRECT_LOCAL,PASS_THROUGH,0,6,0,0,0,0,1,0.4357227524826754,0.6357227524826754,inf,0.0,1,0,1,CLEAR,none,nan,0.0,0.0,0,0,0,0,0.0020503154510535158,0,0,0,1,0.0,0.4357227524826754,,0.2500000000000004,19.05,2.0,0.2500000000000004,19.05,2.0,0.2500000000000004,19.05,2.0,1.396033445085975,0.0,0.0,0,0,6,1,,,0,1,PASS_THROUGH,-1,0.9997919496824653,2.0418667227785104e-05,0.0203974736968304,0.14732559788718907,0,0.9996798783526074,3.577329986570807e-05,0.02530097897685495,0.6359263258586927,0.12718526517173853,0,0,0,CORRIDOR_CLEAR,1,0,0,0,1
1787562415513645312,1787562415529370112,joint_v2_000006_1f4b2824,2114,384,0.03333333333333333,12.8,15.724658966064453,frame_id_exact,1,,0.4243670403957367,18.45673370361328,1.9840645790100098,0.07376805561237265,0.01057524108369933,0.14203117589916267,0.9870529789833435,-0.13995260000228882,0.476272314786911,0.006473666988313198,0.4918576585038693,-8.208165221846684e-06,-0.0673795232090267,0.2858205650503006,4.073248419445008e-05,depth/002114.png,1.0,-7.808093457529683e-05,-0.14862998594507268,-0.9888928764943831,0.4918576585038693,-8.208165221846684e-06,-0.0673795232090267,4.073248419445008e-05,0.9996681059437426,3.996023061048855e-05,0.02576191689354911,0.6183597360798836,0.12367194721597671,0.41835973574563906,1.672330188303721e-05,0.015935420989990234,9.993374388839182e-05,0.41835973574563906,1.672330188303721e-05,0.015935420989990234,9.993374388839182e-05,goal_capture,TERMINAL_SETTLING,NONE,DIRECT_LOCAL,PASS_THROUGH,0,6,0,0,0,0,1,0.41835973607988347,0.6183597360798836,inf,0.0,1,0,1,CLEAR,none,nan,0.0,0.0,0,0,0,0,0.0022903127022984543,0,0,0,1,0.0,0.41835973607988347,,0.2500000000000004,19.05,2.0,0.2500000000000004,19.05,2.0,0.2500000000000004,19.05,2.0,1.3860583148102121,0.0,0.0,0,0,6,1,,,1,1,PASS_THROUGH,-1,0.9999999992010595,3.997349754476309e-05,0.0,0.12367194721597671,0,0.9996681059437426,3.996023061048855e-05,0.02576191689354911,0.6185650336439261,0.12371300672878523,0,0,0,CORRIDOR_CLEAR,1,0,0,0,1
1787562415561728768,1787562415578371072,joint_v2_000006_1f4b2824,2115,385,0.03333333333333333,12.833333333333334,16.642332077026367,frame_id_exact,1,,0.4199320077896118,18.471824645996094,1.9843312501907349,0.06831586658223766,0.00978716119305377,0.14208783768147437,0.9874452897411088,-0.12631721794605255,0.4297754764556885,0.009403710253536701,0.4449820342468266,1.86736770838562e-05,-0.05236810410666888,0.28582092833944855,4.157984585617669e-05,depth/002115.png,1.0,-8.513508397665556e-05,-0.1376976344843473,-0.9904743076977982,0.4449820342468266,1.86736770838562e-05,-0.05236810410666888,4.157984585617669e-05,0.9996621551844236,4.015371759293725e-05,0.025991804087291206,0.6026305893737487,0.12052611787474973,0.40263058904894433,1.617257878882948e-05,0.015668749809265137,0.00010041821970341314,0.40263058904894433,1.617257878882948e-05,0.015668749809265137,0.00010041821970341314,goal_capture,TERMINAL_SETTLING,NONE,DIRECT_LOCAL,PASS_THROUGH,0,6,0,0,0,0,1,0.4026305893737486,0.6026305893737487,inf,0.0,1,0,1,CLEAR,none,nan,0.0,0.0,0,0,0,0,0.002301416070089207,0,0,0,1,0.0,0.4026305893737486,,0.2500000000000004,19.05,2.0,0.2500000000000004,19.05,2.0,0.2500000000000004,19.05,2.0,1.3771288763287128,0.0,0.0,0,0,6,1,,,0,1,PASS_THROUGH,-1,0.9996681059437426,3.996023061048855e-05,0.02576191689354911,0.12367194721597671,0,0.9996621551844236,4.015371759293725e-05,0.025991804087291206,0.6028342533147375,0.1205668506629475,0,0,0,CORRIDOR_CLEAR,1,0,0,0,1
1787562415604816640,1787562415621806592,joint_v2_000006_1f4b2824,2116,386,0.03333333333333333,12.866666666666667,16.989946365356445,frame_id_exact,1,,0.4159240424633026,18.485458374023438,1.9846858978271484,0.053314362769040155,0.007634230505977455,0.14222111583755973,0.988368580771886,-0.11463046818971634,0.3899117112159729,0.011872385628521442,0.405331932620493,4.425600828223942e-05,-0.03191022972051407,0.28582366325345787,4.030724448966794e-05,depth/002116.png,1.0,-7.398918540593366e-05,-0.1075599796918299,-0.9941985944942255,0.405331932620493,4.425600828223942e-05,-0.03191022972051407,4.030724448966794e-05,0.9996615000676722,3.6010157122385173e-05,0.026016994171497693,0.5884199481047745,0.1176839896209549,0.3884199478527657,1.3991799574844045e-05,0.015314102172851562,9.005587667532122e-05,0.3884199478527657,1.3991799574844045e-05,0.015314102172851562,9.005587667532122e-05,goal_capture,TERMINAL_SETTLING,NONE,DIRECT_LOCAL,PASS_THROUGH,0,6,0,0,0,0,1,0.3884199481047744,0.5884199481047745,inf,0.0,1,0,1,CLEAR,none,nan,0.0,0.0,0,0,0,0,0.002063928661538615,0,0,0,1,0.0,0.3884199481047744,,0.2500000000000004,19.05,2.0,0.2500000000000004,19.05,2.0,0.2500000000000004,19.05,2.0,1.3690159657222474,0.0,0.0,0,0,6,1,,,0,1,PASS_THROUGH,-1,0.9996681059437426,3.996023061048855e-05,0.02576191689354911,0.12367194721597671,0,0.9996615000676722,3.6010157122385173e-05,0.026016994171497693,0.5886191952807741,0.11772383905615483,0,0,0,CORRIDOR_CLEAR,1,0,0,0,1
1787562415651001344,1787562415667883776,joint_v2_000006_1f4b2824,2117,387,0.03333333333333333,12.9,16.88241958618164,frame_id_exact,1,,0.41225117444992065,18.49795150756836,1.9851199388504028,0.03207527875879431,0.004591741972171019,0.14235362216301317,0.9892853676544887,-0.10640701651573181,0.3618554472923279,0.01417296938598156,0.37730209538676923,6.367804438351966e-05,-0.010286676916566817,0.2858272905373273,3.775922959903255e-05,depth/002117.png,1.0,-4.697793617794779e-05,-0.06477051008258104,-0.9979001847964133,0.37730209538676923,6.367804438351966e-05,-0.010286676916566817,3.775922959903255e-05,0.9996657853929656,3.0684569700350676e-05,0.025851819532149226,0.5753981070584316,0.11507962141168633,0.37539810688158676,1.1522780457535561e-05,0.014880061149597168,7.673707087707538e-05,0.37539810688158676,1.1522780457535561e-05,0.014880061149597168,7.673707087707538e-05,goal_capture,TERMINAL_SETTLING,NONE,DIRECT_LOCAL,PASS_THROUGH,0,6,0,0,0,0,1,0.37539810705843163,0.5753981070584316,inf,0.0,1,0,1,CLEAR,none,nan,0.0,0.0,0,0,0,0,0.0017586841173810727,0,0,0,1,0.0,0.37539810705843163,,0.2500000000000004,19.05,2.0,0.2500000000000004,19.05,2.0,0.2500000000000004,19.05,2.0,1.3614185885555785,0.0,0.0,0,0,6,1,,,0,1,PASS_THROUGH,-1,0.9996681059437426,3.996023061048855e-05,0.02576191689354911,0.12367194721597671,0,0.9996657853929656,3.0684569700350676e-05,0.025851819532149226,0.5755904775326309,0.11511809550652619,0,0,0,CORRIDOR_CLEAR,1,0,0,0,1
1787562415692481280,1787562415709534976,joint_v2_000006_1f4b2824,2118,388,0.03333333333333333,12.933333333333334,17.053604125976562,frame_id_exact,1,,0.408782958984375,18.509746551513672,1.9856235980987549,0.009150993481175217,0.0013118972894469256,0.14242293729180647,0.9897627216545305,-0.10240716487169266,0.3482094705104828,0.01589149981737137,0.36318776859556684,7.314773443828151e-05,0.009178340191791576,0.2858299634046474,3.6023626307724044e-05,depth/002118.png,1.0,-9.688677985914256e-06,-0.01848831295831808,-0.9998290764876189,0.36318776859556684,7.314773443828151e-05,0.009178340191791576,3.6023626307724044e-05,0.999674251982723,2.5349000787082473e-05,0.0255223290514708,0.5631037352612784,0.11262074705225569,0.3631037351445423,9.20731613294277e-06,0.014376401901245117,6.339315214765051e-05,0.3631037351445423,9.20731613294277e-06,0.014376401901245117,6.339315214765051e-05,goal_capture,TERMINAL_SETTLING,NONE,DIRECT_LOCAL,PASS_THROUGH,0,6,0,0,0,0,1,0.3631037352612784,0.5631037352612784,inf,0.0,1,0,1,CLEAR,none,nan,0.0,0.0,0,0,0,0,0.001452864027236426,0,0,0,1,0.0,0.3631037352612784,,0.2500000000000004,19.05,2.0,0.2500000000000004,19.05,2.0,0.2500000000000004,19.05,2.0,1.354019207941793,0.0,0.0,0,0,6,1,,,0,1,PASS_THROUGH,-1,0.9996681059437426,3.996023061048855e-05,0.02576191689354911,0.12367194721597671,0,0.999674251982723,2.5349000787082473e-05,0.0255223290514708,0.5632872247768718,0.11265744495537436,0,0,0,CORRIDOR_CLEAR,1,0,0,0,1
1787562415736427008,1787562415753515776,joint_v2_000006_1f4b2824,2119,389,0.03333333333333333,12.966666666666667,17.088651657104492,frame_id_exact,1,,0.40537840127944946,18.521326065063477,1.986162543296814,-0.010596258920593703,-0.001509639187157898,0.14242154299991774,0.9897482227192606,-0.10248646140098572,0.3484894931316376,0.016180267557501793,0.3628174491430504,7.049831212707403e-05,0.023951957731921943,0.285831102504181,3.668736826512031e-05,depth/002119.png,1.0,2.9945686121438716e-05,0.021405267153077792,-0.9997708805728247,0.3628174491430504,7.049831212707403e-05,0.023951957731921943,3.668736826512031e-05,0.9996848476146777,2.197262842357785e-05,0.025103883500807795,0.5510340979153883,0.11020681958307765,0.3510340978305958,7.715573376995609e-06,0.013837456703186035,5.4948888323358425e-05,0.3510340978305958,7.715573376995609e-06,0.013837456703186035,5.4948888323358425e-05,goal_capture,TERMINAL_SETTLING,NONE,DIRECT_LOCAL,PASS_THROUGH,0,6,0,0,0,0,1,0.35103409791538825,0.5510340979153883,inf,0.0,1,0,1,CLEAR,none,nan,0.0,0.0,0,0,0,0,0.0012593357559456512,0,0,0,1,0.0,0.35103409791538825,,0.2500000000000004,19.05,2.0,0.2500000000000004,19.05,2.0,0.2500000000000004,19.05,2.0,1.3465585039472294,0.0,0.0,0,0,6,1,,,0,1,PASS_THROUGH,-1,0.9996681059437426,3.996023061048855e-05,0.02576191689354911,0.12367194721597671,0,0.9996848476146777,2.197262842357785e-05,0.025103883500807795,0.5512078122391212,0.11024156244782424,0,0,0,CORRIDOR_CLEAR,1,0,0,0,1
1787562415785216256,1787562415800872704,joint_v2_000006_1f4b2824,2120,390,0.03333333333333333,13.0,15.656471252441406,frame_id_exact,1,,0.40191614627838135,18.533098220825195,1.9866795539855957,-0.02300553936758382,-0.00327847134023665,0.1423918613083029,0.9895375458350405,-0.10563859343528748,0.35926884412765503,0.014550002291798592,0.3733973061257938,5.5846196648878286e-05,0.03193377537500315,0.28583120802015466,3.930034290533513e-05,depth/002120.png,1.0,6.326217368681376e-05,0.04646334520558505,-0.9989199935681556,0.3733973061257938,5.5846196648878286e-05,0.03193377537500315,3.930034290533513e-05,0.9996944990315848,1.7606848824095007e-05,0.02471655914538852,0.5387633662510414,0.10775267325020828,0.3387633661985007,5.966378110085477e-06,0.013320446014404297,4.403057343838057e-05,0.3387633661985007,5.966378110085477e-06,0.013320446014404297,4.403057343838057e-05,goal_capture,TERMINAL_SETTLING,NONE,DIRECT_LOCAL,PASS_THROUGH,0,6,0,0,0,0,1,0.3387633662510413,0.5387633662510414,inf,0.0,1,0,1,CLEAR,none,nan,0.0,0.0,0,0,0,0,0.0010091064110240129,0,0,0,1,0.0,0.3387633662510413,,0.2500000000000004,19.05,2.0,0.2500000000000004,19.05,2.0,0.2500000000000004,19.05,2.0,1.3388691594330175,0.0,0.0,0,0,6,1,,,1,1,PASS_THROUGH,-1,0.9999999998449046,1.7612229374448505e-05,0.0,0.10775267325020828,0,0.9996944990315848,1.7606848824095007e-05,0.02471655914538852,0.5389280091961972,0.10778560183923944,0,0,0,CORRIDOR_CLEAR,1,0,0,0,1
1787562415828018176,1787562415845491200,joint_v2_000006_1f4b2824,2121,391,0.03333333333333333,13.033333333333333,17.47298240661621,frame_id_exact,1,,0.39831963181495667,18.545333862304688,1.9871153831481934,-0.025541683951572768,-0.003633515059573275,0.14238342536322016,0.9894753054680375,-0.11024004966020584,0.3750112056732178,0.011463755741715431,0.3897672192797124,3.1860499445906267e-05,0.03161019432303311,0.28583156992934283,4.161742617725395e-05,depth/002121.png,1.0,8.287805415147734e-05,0.051580435700882846,-0.9986688398984597,0.3897672192797124,3.1860499445906267e-05,0.03161019432303311,4.161742617725395e-05,0.9997001323123289,1.6351877360952583e-05,0.024487653773450056,0.5260100984943435,0.1052020196988687,0.3260100984507324,5.332476185610522e-06,0.01288461685180664,4.0891955574995364e-05,0.3260100984507324,5.332476185610522e-06,0.01288461685180664,4.0891955574995364e-05,goal_capture,TERMINAL_SETTLING,NONE,DIRECT_LOCAL,PASS_THROUGH,0,6,0,0,0,0,1,0.3260100984943435,0.5260100984943435,inf,0.0,1,0,1,CLEAR,none,nan,0.0,0.0,0,0,0,0,0.0009371745881934767,0,0,0,1,0.0,0.3260100984943435,,0.2500000000000004,19.05,2.0,0.2500000000000004,19.05,2.0,0.2500000000000004,19.05,2.0,1.3309308154882762,0.0,0.0,0,0,6,1,,,0,1,PASS_THROUGH,-1,0.9996944990315848,1.7606848824095007e-05,0.02471655914538852,0.10775267325020828,0,0.9997001323123289,1.6351877360952583e-05,0.024487653773450056,0.5261678791692314,0.10523357583384627,0,0,0,CORRIDOR_CLEAR,1,0,0,0,1
1787562415888990208,1787562415905672704,joint_v2_000006_1f4b2824,2122,392,0.03333333333333333,13.066666666666666,16.68262481689453,frame_id_exact,1,,0.39457157254219055,18.558082580566406,1.9874416589736938,-0.017877241170578914,-0.002529777899591496,0.14240795053635913,0.9896433600524694,-0.11441777646541595,0.38932478427886963,0.008206834085285664,0.40522874432129896,3.516611860813279e-06,0.022852398434265703,0.2858328597370743,4.169534076936543e-05,depth/002122.png,1.0,8.456675121631691e-05,0.03610470701302612,-0.9993480089438154,0.40522874432129896,3.516611860813279e-06,0.022852398434265703,4.169534076936543e-05,0.9997001695942384,1.271460455550787e-05,0.024486133863678653,0.5127218418689891,0.10254436837379781,0.3127218418436964,3.9773270784986815e-06,0.012558341026306152,3.179604480818554e-05,0.3127218418436964,3.9773270784986815e-06,0.012558341026306152,3.179604480818554e-05,goal_capture,TERMINAL_SETTLING,NONE,DIRECT_LOCAL,PASS_THROUGH,0,6,0,0,0,0,1,0.31272184186898905,0.5127218418689891,inf,0.0,1,0,1,CLEAR,none,nan,0.0,0.0,0,0,0,0,0.0007287116690871539,0,0,0,1,0.0,0.31272184186898905,,0.2500000000000004,19.05,2.0,0.2500000000000004,19.05,2.0,0.2500000000000004,19.05,2.0,1.322837280665676,0.0,0.0,0,0,6,1,,,0,1,PASS_THROUGH,-1,0.9996944990315848,1.7606848824095007e-05,0.02471655914538852,0.10775267325020828,0,0.9997001695942384,1.271460455550787e-05,0.024486133863678653,0.5128756175320305,0.1025751235064061,0,0,0,CORRIDOR_CLEAR,1,0,0,0,1
1787562415932973824,1787562415952123904,joint_v2_000006_1f4b2824,2123,393,0.03333333333333333,13.1,19.1500186920166,frame_id_exact,1,,0.39071598649024963,18.571205139160156,1.9876761436462402,-0.0019348204925615003,-0.00024400369759472096,0.14243103935294818,0.989802806603768,-0.11643604934215546,0.39628270268440247,0.006134140770882368,0.4130072387374913,-2.28990853965375e-05,0.007744800986797951,0.2858345405505217,3.9244481740752235e-05,depth/002123.png,1.0,6.812589803193147e-05,0.0038996889081324725,-0.9999923938637143,0.4130072387374913,-2.28990853965375e-05,0.007744800986797951,3.9244481740752235e-05,0.9996952202647974,1.3061950860039875e-05,0.02468737347519324,0.499044594821515,0.099808918964303,0.2990445947959887,3.907296667008294e-06,0.012323856353759766,3.266483272756915e-05,0.2990445947959887,3.907296667008294e-06,0.012323856353759766,3.266483272756915e-05,goal_capture,TERMINAL_SETTLING,NONE,DIRECT_LOCAL,PASS_THROUGH,0,6,0,0,0,0,1,0.29904459482151496,0.499044594821515,inf,0.0,1,0,1,CLEAR,none,nan,0.0,0.0,0,0,0,0,0.000748622821516207,0,0,0,1,0.0,0.29904459482151496,,0.2500000000000004,19.05,2.0,0.2500000000000004,19.05,2.0,0.2500000000000004,19.05,2.0,1.3147985750708988,0.0,0.0,0,0,6,1,,,0,1,PASS_THROUGH,-1,0.9996944990315848,1.7606848824095007e-05,0.02471655914538852,0.10775267325020828,0,0.9996952202647974,1.3061950860039875e-05,0.02468737347519324,0.49919673982909596,0.0998393479658192,0,0,0,CORRIDOR_CLEAR,1,0,0,0,1
1787562415980999936,1787562416007616512,joint_v2_000006_1f4b2824,2124,394,0.03333333333333333,13.133333333333333,26.616573333740234,frame_id_exact,1,,0.38684746623039246,18.58437156677246,1.9878714084625244,0.018593461206545522,0.0026944917425494484,0.14240611531537878,0.9896299920856244,-0.11504309624433517,0.3916064202785492,0.005834882613271475,0.40808606657428115,-4.1314472995831654e-05,-0.0095030949179431,0.28583526571185636,3.574057700461708e-05,depth/002124.png,1.0,3.745452232529513e-05,-0.037568717936967685,-0.99929404582922,0.40808606657428115,-4.1314472995831654e-05,-0.0095030949179431,3.574057700461708e-05,0.999687875213262,1.4397533609001889e-05,0.024983033128603015,0.4853216117623568,0.09706432235247135,0.28532161173276627,4.109210080630042e-06,0.012128591537475586,3.6005072095446344e-05,0.28532161173276627,4.109210080630042e-06,0.012128591537475586,3.6005072095446344e-05,goal_capture,TERMINAL_SETTLING,NONE,DIRECT_LOCAL,PASS_THROUGH,0,6,0,0,0,0,1,0.28532161176235676,0.4853216117623568,inf,0.0,1,0,1,CLEAR,none,nan,0.0,0.0,0,0,0,0,0.0008251754688533307,0,0,0,1,0.0,0.28532161176235676,,0.2500000000000004,19.05,2.0,0.2500000000000004,19.05,2.0,0.2500000000000004,19.05,2.0,1.3070699535692807,0.0,0.0,0,0,6,1,,,0,1,PASS_THROUGH,-1,0.9996944990315848,1.7606848824095007e-05,0.02471655914538852,0.10775267325020828,0,0.999687875213262,1.4397533609001889e-05,0.024983033128603015,0.4854731399122867,0.09709462798245734,0,0,0,CORRIDOR_CLEAR,1,0,0,0,1
1787562416036797696,1787562416056208896,joint_v2_000006_1f4b2824,2125,395,0.03333333333333333,13.166666666666666,19.411087036132812,frame_id_exact,1,,0.3830903172492981,18.59716033935547,1.9880810976028442,0.039080675813009905,0.005623349655923773,0.142320012867908,0.9890329077709823,-0.10974454134702682,0.37360039353370667,0.006819352973252535,0.3887095989565232,-4.7726816115372795e-05,-0.02392629056484734,0.2858341768669173,3.318617746117525e-05,depth/002125.png,1.0,-5.688459657361006e-07,-0.0789047792647762,-0.9968821574332913,0.3887095989565232,-4.7726816115372795e-05,-0.02392629056484734,3.318617746117525e-05,0.9996813123935224,1.8434908892213136e-05,0.025244272841953706,0.471992363071876,0.0943984726143752,0.2719923630256288,5.015752890040516e-06,0.011918902397155762,4.610196434995384e-05,0.2719923630256288,5.015752890040516e-06,0.011918902397155762,4.610196434995384e-05,goal_capture,TERMINAL_SETTLING,NONE,DIRECT_LOCAL,PASS_THROUGH,0,6,0,0,0,0,1,0.271992363071876,0.471992363071876,inf,0.0,1,0,1,CLEAR,none,nan,0.0,0.0,0,0,0,0,0.0010565791938059747,0,0,0,1,0.0,0.271992363071876,,0.2500000000000004,19.05,2.0,0.2500000000000004,19.05,2.0,0.2500000000000004,19.05,2.0,1.2999025830037263,0.0,0.0,0,0,6,1,,,0,1,PASS_THROUGH,-1,0.9996944990315848,1.7606848824095007e-05,0.02471655914538852,0.10775267325020828,0,0.9996813123935224,1.8434908892213136e-05,0.025244272841953706,0.47214282905973115,0.09442856581194622,0,0,0,CORRIDOR_CLEAR,1,0,0,0,1
1787562416083086080,1787562416099053312,joint_v2_000006_1f4b2824,2126,396,0.03333333333333333,13.2,15.967369079589844,frame_id_exact,1,,0.3795705735683441,18.609140396118164,1.9883298873901367,0.05496194260414869,0.0078899177041446,0.14221114218336958,0.9882777570615974,-0.10093726217746735,0.34361037611961365,0.007991550490260124,0.35680688209578243,-4.115490937345224e-05,-0.03176686241263656,0.28583170344059206,3.2495521736564115e-05,depth/002126.png,1.0,-3.7540924600350245e-05,-0.11087939913803102,-0.9938338681276002,0.35680688209578243,-4.115490937345224e-05,-0.03176686241263656,3.2495521736564115e-05,0.999677649650154,2.3442676478237983e-05,0.02538889994436484,0.45950595629401747,0.0919011912588035,0.25950595622266454,6.085475831175987e-06,0.011670112609863281,5.862558916380767e-05,0.25950595622266454,6.085475831175987e-06,0.011670112609863281,5.862558916380767e-05,goal_capture,TERMINAL_SETTLING,NONE,DIRECT_LOCAL,PASS_THROUGH,0,6,0,0,0,0,1,0.25950595629401746,0.45950595629401747,inf,0.0,1,0,1,CLEAR,none,nan,0.0,0.0,0,0,0,0,0.001343599532221629,0,0,0,1,0.0,0.25950595629401746,,0.2500000000000004,19.05,2.0,0.2500000000000004,19.05,2.0,0.2500000000000004,19.05,2.0,1.2934796608847074,0.0,0.0,0,0,6,1,,,1,1,PASS_THROUGH,-1,0.9999999997250432,2.34502356634881e-05,0.0,0.0919011912588035,0,0.999677649650154,2.3442676478237983e-05,0.02538889994436484,0.45965412583594456,0.09193082516718891,0,0,0,CORRIDOR_CLEAR,1,0,0,0,1
1787562416130400768,1787562416147227648,joint_v2_000006_1f4b2824,2127,397,0.03333333333333333,13.233333333333333,16.827106475830078,frame_id_exact,1,,0.37638697028160095,18.619977951049805,1.98860764503479,0.06272064894815417,0.008992216934229259,0.14214456778690313,0.9878158644599735,-0.08982560783624649,0.30574002861976624,0.008520284667611122,0.3171810736464731,-2.375776313270171e-05,-0.031849115064991024,0.2858294169968054,3.2922678656177595e-05,depth/002127.png,1.0,-6.548998350433197e-05,-0.12646929369954707,-0.9919705204602604,0.3171810736464731,-2.375776313270171e-05,-0.031849115064991024,3.2922678656177595e-05,0.9996771333237747,2.9155795186929227e-05,0.025409216034724773,0.44821047381814605,0.08964209476362921,0.24821047371258095,7.239111002537719e-06,0.011392354965209961,7.291302913436937e-05,0.24821047371258095,7.239111002537719e-06,0.011392354965209961,7.291302913436937e-05,goal_capture,TERMINAL_SETTLING,NONE,DIRECT_LOCAL,PASS_THROUGH,0,6,0,0,0,0,1,0.24821047381814607,0.44821047381814605,inf,0.0,1,0,1,CLEAR,none,nan,0.0,0.0,0,0,0,0,0.00167104353636551,0,0,0,1,0.0,0.24821047381814607,,0.2500000000000004,19.05,2.0,0.2500000000000004,19.05,2.0,0.2500000000000004,19.05,2.0,1.2878860885828765,0.0,0.0,0,0,6,1,,,0,1,PASS_THROUGH,-1,0.999677649650154,2.3442676478237983e-05,0.02538889994436484,0.0919011912588035,0,0.9996771333237747,2.9155795186929227e-05,0.025409216034724773,0.4483552325912349,0.08967104651824698,0,0,0,CORRIDOR_CLEAR,1,0,0,0,1
1787562416173968896,1787562416192837888,joint_v2_000006_1f4b2824,2128,398,0.03333333333333333,13.266666666666667,18.86916160583496,frame_id_exact,1,,0.37358877062797546,18.629499435424805,1.988890290260315,0.06065772918144591,0.00868875582393468,0.14216316380420507,0.9879447253110678,-0.0781259760260582,0.26584410667419434,0.008373859338462353,0.2760296740607358,1.2907430023194505e-07,-0.0255831534716164,0.28582885698843324,3.304530036984943e-05,depth/002128.png,1.0,-7.856840768183035e-05,-0.12232340922321898,-0.9924902908255648,0.2760296740607358,1.2907430023194505e-07,-0.0255831534716164,3.304530036984943e-05,0.9996788921144756,3.024498943537009e-05,0.025339923954412955,0.4382863322457054,0.08765726644914108,0.23828633213664802,7.209282555554501e-06,0.011109709739685059,7.563676112598561e-05,0.23828633213664802,7.209282555554501e-06,0.011109709739685059,7.563676112598561e-05,goal_capture,TERMINAL_SETTLING,NONE,DIRECT_LOCAL,PASS_THROUGH,0,6,0,0,0,0,1,0.23828633224570536,0.4382863322457054,inf,0.0,1,0,1,CLEAR,none,nan,0.0,0.0,0,0,0,0,0.001733466875423259,0,0,0,1,0.0,0.23828633224570536,,0.2500000000000004,19.05,2.0,0.2500000000000004,19.05,2.0,0.2500000000000004,19.05,2.0,1.2830783502382546,0.0,0.0,0,0,6,1,,,0,1,PASS_THROUGH,-1,0.999677649650154,2.3442676478237983e-05,0.02538889994436484,0.0919011912588035,0,0.9996788921144756,3.024498943537009e-05,0.025339923954412955,0.43842711444879057,0.08768542288975811,0,0,0,CORRIDOR_CLEAR,1,0,0,0,1
1787562416220375040,1787562416235849216,joint_v2_000006_1f4b2824,2129,399,0.03333333333333333,13.3,15.474081039428711,frame_id_exact,1,,0.3711647689342499,18.637746810913086,1.9891642332077026,0.04923576274384418,0.007047387524287474,0.14225469901878085,0.9885796753945483,-0.06766538321971893,0.2301584780216217,0.008135435171425343,0.23952033211457716,2.5306728294255925e-05,-0.01573925856644383,0.2858303154012879,3.178832048433833e-05,depth/002129.png,1.0,-7.422907789191545e-05,-0.0993519966844974,-0.9950523479922289,0.23952033211457716,2.5306728294255925e-05,-0.01573925856644383,3.178832048433833e-05,0.99968218669765,2.8728307522474902e-05,0.02520961669858117,0.42969011292234965,0.08593802258446993,0.22969011282750593,6.600705988357915e-06,0.010835766792297363,7.184360163892123e-05,0.22969011282750593,6.600705988357915e-06,0.010835766792297363,7.184360163892123e-05,goal_capture,TERMINAL_SETTLING,NONE,DIRECT_LOCAL,PASS_THROUGH,0,6,0,0,0,0,1,0.22969011292234962,0.42969011292234965,inf,0.0,1,0,1,CLEAR,none,nan,0.0,0.0,0,0,0,0,0.0016465340635717402,0,0,0,1,0.0,0.22969011292234962,,0.2500000000000004,19.05,2.0,0.2500000000000004,19.05,2.0,0.2500000000000004,19.05,2.0,1.2789108342151494,0.0,0.0,0,0,6,1,,,0,1,PASS_THROUGH,-1,0.999677649650154,2.3442676478237983e-05,0.02538889994436484,0.0919011912588035,0,0.99968218669765,2.8728307522474902e-05,0.02520961669858117,0.429826717393415,0.085965343478683,0,0,0,CORRIDOR_CLEAR,1,0,0,0,1
1787562416263361280,1787562416281818368,joint_v2_000006_1f4b2824,2130,400,0.03333333333333333,13.333333333333334,18.45717430114746,frame_id_exact,1,,0.36904650926589966,18.644947052001953,1.9894367456436157,0.03091927605773205,0.0044221535261606566,0.14236182508718961,0.9893217644851958,-0.059992216527462006,0.20397208631038666,0.00833960436284542,0.21271743449373887,4.640278553226577e-05,-0.004951560138170042,0.28583301265731187,2.941495222330559e-05,depth/002130.png,1.0,-5.358368125537617e-05,-0.06243731718568065,-0.9980488858525136,0.21271743449373887,4.640278553226577e-05,-0.004951560138170042,2.941495222330559e-05,0.9996871350837898,2.1382358623002425e-05,0.025012626626542658,0.4221847487182654,0.08443694974365308,0.22218474866744153,4.7523208110274435e-06,0.010563254356384277,5.3472626257988765e-05,0.22218474866744153,4.7523208110274435e-06,0.010563254356384277,5.3472626257988765e-05,goal_capture,TERMINAL_SETTLING,NONE,DIRECT_LOCAL,PASS_THROUGH,0,6,0,0,0,0,1,0.22218474871826535,0.4221847487182654,inf,0.0,1,0,1,CLEAR,none,nan,0.0,0.0,0,0,0,0,0.0012255023216252723,0,0,0,1,0.0,0.22218474871826535,,0.2500000000000004,19.05,2.0,0.2500000000000004,19.05,2.0,0.2500000000000004,19.05,2.0,1.275150846311116,0.0,0.0,0,0,6,1,,,0,1,PASS_THROUGH,-1,0.999677649650154,2.3442676478237983e-05,0.02538889994436484,0.0919011912588035,0,0.9996871350837898,2.1382358623002425e-05,0.025012626626542658,0.42231687675595275,0.08446337535119056,0,0,0,CORRIDOR_CLEAR,1,0,0,0,1
1787562416312864256,1787562416328785152,joint_v2_000006_1f4b2824,2131,401,0.03333333333333333,13.366666666666667,15.920877456665039,frame_id_exact,1,,0.3671233355998993,18.6514835357666,1.9897234439849854,0.009602381266263138,0.0013710883882921705,0.14242498257865346,0.9897580708072651,-0.05606328323483467,0.1905573308467865,0.008900675922632217,0.19876857551422975,5.9078542402136605e-05,0.005045789945136397,0.28583522180584753,2.6970565158990212e-05,depth/002131.png,1.0,-2.1146372917630035e-05,-0.019398623194137467,-0.9998118287812976,0.19876857551422975,5.9078542402136605e-05,0.005045789945136397,2.6970565158990212e-05,0.9996940903178835,1.4376394692231173e-05,0.02473308668198484,0.41537121711444647,0.0830742434228893,0.21537121709217633,3.0972090885086358e-06,0.010276556015014648,3.595198478811845e-05,0.21537121709217633,3.0972090885086358e-06,0.010276556015014648,3.595198478811845e-05,goal_capture,TERMINAL_SETTLING,NONE,DIRECT_LOCAL,PASS_THROUGH,0,6,0,0,0,0,1,0.21537121711444648,0.4153712171144465,inf,0.0,1,0,1,CLEAR,none,nan,0.0,0.0,0,0,0,0,0.0008239587973910899,0,0,0,1,0.0,0.21537121711444648,,0.2500000000000004,19.05,2.0,0.2500000000000004,19.05,2.0,0.2500000000000004,19.05,2.0,1.271539275975871,0.0,0.0,0,0,6,1,,,0,1,PASS_THROUGH,-1,0.999677649650154,2.3442676478237983e-05,0.02538889994436484,0.0919011912588035,0,0.9996940903178835,1.4376394692231173e-05,0.02473308668198484,0.4154983220311081,0.08309966440622162,0,0,0,CORRIDOR_CLEAR,1,0,0,0,1
1787562416355457024,1787562416373124608,joint_v2_000006_1f4b2824,2132,402,0.03333333333333333,13.4,17.667531967163086,frame_id_exact,1,,0.36526528000831604,18.657798767089844,1.9900257587432861,-0.010217966880367444,-0.0014622506666850256,0.1424244957824041,0.9897518466650859,-0.056042782962322235,0.1904829889535904,0.009113145992159843,0.19832575270013658,6.0537299157666284e-05,0.01321000317523395,0.2858360706906485,2.5508714315947145e-05,depth/002132.png,1.0,1.6046966437761444e-05,0.020643023805832928,-0.999786909951639,0.19832575270013658,6.0537299157666284e-05,0.01321000317523395,2.5508714315947145e-05,0.9997024643721505,8.789645019713636e-06,0.02439226621270215,0.4087883215940037,0.08175766431880074,0.20878832158593363,1.8357214235176442e-06,0.009974241256713867,2.198065257585924e-05,0.20878832158593363,1.8357214235176442e-06,0.009974241256713867,2.198065257585924e-05,goal_capture,TERMINAL_SETTLING,NONE,DIRECT_LOCAL,PASS_THROUGH,0,6,0,0,0,0,1,0.2087883215940037,0.4087883215940037,inf,0.0,1,0,1,CLEAR,none,nan,0.0,0.0,0,0,0,0,0.0005037594494160383,0,0,0,1,0.0,0.2087883215940037,,0.2500000000000004,19.05,2.0,0.2500000000000004,19.05,2.0,0.2500000000000004,19.05,2.0,1.2678406773041588,0.0,0.0,0,0,6,1,,,1,1,PASS_THROUGH,-1,0.9999999999613481,8.792261030253566e-06,0.0,0.08175766431880074,0,0.9997024643721505,8.789645019713636e-06,0.02439226621270215,0.40890998686787994,0.08178199737357598,0,0,0,CORRIDOR_CLEAR,1,0,0,0,1
1787562416400519680,1787562416416668160,joint_v2_000006_1f4b2824,2133,403,0.03333333333333333,13.433333333333334,16.14856719970703,frame_id_exact,1,,0.36335089802742004,18.664304733276367,1.9903186559677124,-0.02438124781903004,-0.0034832795754241846,0.14238924442367512,0.9895042822497746,-0.05926399305462837,0.2014811486005783,0.00824361015111208,0.20935564063422427,5.034530968772905e-05,0.018575371395862253,0.2858357476288268,2.505605880287476e-05,depth/002133.png,1.0,4.981479780531359e-05,0.049242661340768545,-0.998786843036373,0.20935564063422427,5.034530968772905e-05,0.018575371395862253,2.505605880287476e-05,0.9997101413882417,3.5710025468825655e-06,0.024075572532136272,0.4020065482758176,0.08040130965516352,0.20200654827452885,7.215750531222629e-07,0.009681344032287598,8.930094831938185e-06,0.20200654827452885,7.215750531222629e-07,0.009681344032287598,8.930094831938185e-06,goal_capture,TERMINAL_SETTLING,NONE,DIRECT_LOCAL,PASS_THROUGH,0,6,0,0,0,0,1,0.2020065482758176,0.4020065482758176,inf,0.0,1,0,1,CLEAR,none,nan,0.0,0.0,0,0,0,0,0.00020466269780865847,0,0,0,1,0.0,0.2020065482758176,,0.2500000000000004,19.05,2.0,0.2500000000000004,19.05,2.0,0.2500000000000004,19.05,2.0,1.2638864365365556,0.0,0.0,0,0,6,1,,,0,1,PASS_THROUGH,-1,0.9997024643721505,8.789645019713636e-06,0.02439226621270215,0.08175766431880074,0,0.9997101413882417,3.5710025468825655e-06,0.024075572532136272,0.4021231071188384,0.08042462142376769,0,0,0,CORRIDOR_CLEAR,1,0,0,0,1
1787562416440410880,1787562416457104384,joint_v2_000006_1f4b2824,2134,404,0.03333333333333333,13.466666666666667,16.693592071533203,frame_id_exact,1,,0.36129310727119446,18.671302795410156,1.990561842918396,-0.02996888049369141,-0.004275789940337385,0.1423674043385316,0.9893508508129207,-0.06438685208559036,0.2189836949110031,0.006201261654496193,0.2274595720017012,3.0498321246448918e-05,0.020003079241202638,0.2858352465780794,2.405580562481191e-05,depth/002134.png,1.0,7.267062289675538e-05,0.06051694105929396,-0.9981671676446819,0.2274595720017012,3.0498321246448918e-05,0.020003079241202638,2.405580562481191e-05,0.9997142428529813,1.277563736335437e-06,0.02390465718762978,0.39471220970504584,0.07894244194100916,0.19471220970488679,2.488283626245339e-07,0.009438157081604004,0.0,0.19471220970488679,2.488283626245339e-07,0.009438157081604004,0.0,goal_capture,TERMINAL_SETTLING,NONE,DIRECT_LOCAL,PASS_THROUGH,0,6,0,0,0,0,1,0.19471220970504577,0.3947122097050458,inf,0.0,1,0,1,CLEAR,none,nan,0.0,0.0,0,0,0,0,7.321993326581054e-05,0,0,0,1,0.0,0.19471220970504577,,0.2500000000000004,19.05,2.0,0.2500000000000004,19.05,2.0,0.2500000000000004,19.05,2.0,1.2596138470271543,0.0,0.0,0,0,6,1,,,0,1,PASS_THROUGH,-1,0.9997024643721505,8.789645019713636e-06,0.02439226621270215,0.08175766431880074,0,0.9997142428529813,1.277563736335437e-06,0.02390465718762978,0.394825033779948,0.0789650067559896,0,0,0,CORRIDOR_CLEAR,1,0,0,0,1
1787562416483327744,1787562416498784000,joint_v2_000006_1f4b2824,2135,405,0.03333333333333333,13.5,15.456438064575195,frame_id_exact,1,,0.3590562343597412,18.67891502380371,1.9907262325286865,-0.025964513220093955,-0.0036960602517953707,0.1423837859590612,0.9894640168736926,-0.0697091817855835,0.23718306422233582,0.003703296184539795,0.24668058122164352,5.1770317837741664e-06,0.01666076838243373,0.28583555097755203,2.081160891975742e-05,depth/002135.png,1.0,7.961413902486669e-05,0.05243442119741537,-0.9986243663837173,0.24668058122164352,5.1770317837741664e-06,0.01666076838243373,2.081160891975742e-05,0.9997126763424893,1.5693641216217698e-06,0.02397008046866488,0.3867781299547942,0.07735562599095884,0.18677812995456408,2.9320714119764267e-07,0.009273767471313477,0.0,0.18677812995456408,2.9320714119764267e-07,0.009273767471313477,0.0,goal_capture,TERMINAL_SETTLING,NONE,DIRECT_LOCAL,PASS_THROUGH,0,6,0,0,0,0,1,0.18677812995479423,0.3867781299547942,inf,0.0,1,0,1,CLEAR,none,nan,0.0,0.0,0,0,0,0,8.994378365747665e-05,0,0,0,1,0.0,0.18677812995479423,,0.2500000000000004,19.05,2.0,0.2500000000000004,19.05,2.0,0.2500000000000004,19.05,2.0,1.2550773698471385,0.0,0.0,0,0,6,1,,,0,1,PASS_THROUGH,-1,0.9997024643721505,8.789645019713636e-06,0.02439226621270215,0.08175766431880074,0,0.9997126763424893,1.5693641216217698e-06,0.02397008046866488,0.38688929240086195,0.0773778584801724,0,0,0,CORRIDOR_CLEAR,1,0,0,0,1
1787562416523073280,1787562416538609664,joint_v2_000006_1f4b2824,2136,406,0.03333333333333333,13.533333333333333,15.53654670715332,frame_id_exact,1,,0.3566626012325287,18.68705940246582,1.9908151626586914,-0.013465684073616034,-0.0019027458222694383,0.14241952940565894,0.9897129546260552,-0.07353468984365463,0.2502879202365875,0.0018099936423823237,0.260720903056549,-1.9992525035641903e-05,0.008903932469470632,0.2858365426357898,1.5273571989382617e-05,depth/002136.png,1.0,6.920839845800646e-05,0.027196300270291473,-0.9996301098215308,0.260720903056549,-1.9992525035641903e-05,0.008903932469470632,1.5273571989382617e-05,0.9997053727693795,2.6352332977878197e-07,0.02427277602513631,0.3782892912047039,0.07565785824094078,0.1782892912046977,4.699723434010663e-08,0.009184837341308594,0.0,0.1782892912046977,4.699723434010663e-08,0.009184837341308594,0.0,goal_capture,TERMINAL_SETTLING,NONE,DIRECT_LOCAL,PASS_THROUGH,0,6,0,0,0,0,1,0.17828929120470388,0.3782892912047039,inf,0.0,1,0,1,CLEAR,none,nan,0.0,0.0,0,0,0,0,1.5103224414441544e-05,0,0,0,1,0.0,0.17828929120470388,,0.2500000000000004,19.05,2.0,0.2500000000000004,19.05,2.0,0.2500000000000004,19.05,2.0,1.2504174544252558,0.0,0.0,0,0,6,1,,,0,1,PASS_THROUGH,-1,0.9997024643721505,8.789645019713636e-06,0.02439226621270215,0.08175766431880074,0,0.9997053727693795,2.6352332977878197e-07,0.02427277602513631,0.3784007783780889,0.07568015567561778,0,0,0,CORRIDOR_CLEAR,1,0,0,0,1
1787562416564813312,1787562416580825344,joint_v2_000006_1f4b2824,2137,407,0.03333333333333333,13.566666666666666,16.011953353881836,frame_id_exact,1,,0.3541858196258545,18.695491790771484,1.9908615350723267,0.004602046678364614,0.0006844162730416995,0.14243090381656967,0.9897938120531622,-0.07451851665973663,0.2537032663822174,0.0011948244646191597,0.2644204621069349,-3.9314013710678904e-05,-0.0012656923948645984,0.28583717163285993,8.997545592137612e-06,depth/002137.png,1.0,4.391464823929464e-05,-0.009305118706762403,-0.9999567054814706,0.2644204621069349,-3.9314013710678904e-05,-0.0012656923948645984,8.997545592137612e-06,0.9996943060526852,3.181217021560977e-06,0.02472436926839843,0.3695006839256465,0.0739001367851293,0.1695006839247883,5.393833470896751e-07,0.00913846492767334,0.0,0.1695006839247883,5.393833470896751e-07,0.00913846492767334,0.0,goal_capture,TERMINAL_SETTLING,NONE,DIRECT_LOCAL,PASS_THROUGH,0,6,0,0,0,0,1,0.1695006839256465,0.3695006839256465,inf,0.0,1,0,1,CLEAR,none,nan,0.0,0.0,0,0,0,0,0.00018232604501596835,0,0,0,1,0.0,0.1695006839256465,,0.2500000000000004,19.05,2.0,0.2500000000000004,19.05,2.0,0.2500000000000004,19.05,2.0,1.2458431607533202,0.0,0.0,0,0,6,1,,,0,1,PASS_THROUGH,-1,0.9997024643721505,8.789645019713636e-06,0.02439226621270215,0.08175766431880074,0,0.9996943060526852,3.181217021560977e-06,0.02472436926839843,0.3696136725863301,0.07392273451726603,0,0,0,CORRIDOR_CLEAR,1,0,0,0,1
1787562416609903616,1787562416641078272,joint_v2_000006_1f4b2824,2138,408,0.03333333333333333,13.6,31.174659729003906,frame_id_exact,1,,0.35173457860946655,18.703838348388672,1.9909080266952515,0.024155139044518086,0.0034807171641707095,0.1423895879759701,0.9895097872693309,-0.07194817811250687,0.2449902445077896,0.0016933090519160032,0.25511503283585024,-4.845192433085831e-05,-0.010767785604057422,0.28583631909522234,3.839956207229989e-06,depth/002138.png,1.0,9.526809224139239e-06,-0.04879472876053871,-0.9988088277315261,0.25511503283585024,-4.845192433085831e-05,-0.010767785604057422,3.839956207229989e-06,0.9996826469982131,8.591702123408192e-06,0.02519137187270154,0.36080162628670154,0.07216032525734031,0.1608016262807628,1.3819982552653413e-06,0.009091973304748535,0.0,0.1608016262807628,1.3819982552653413e-06,0.009091973304748535,0.0,goal_capture,TERMINAL_SETTLING,NONE,DIRECT_LOCAL,PASS_THROUGH,0,6,0,0,0,0,1,0.16080162628670155,0.36080162628670154,inf,0.0,1,0,1,CLEAR,none,nan,0.0,0.0,0,0,0,0,0.0004924245429058624,0,0,0,1,0.0,0.16080162628670155,,0.2500000000000004,19.05,2.0,0.2500000000000004,19.05,2.0,0.2500000000000004,19.05,2.0,1.2415735943173922,0.0,0.0,0,0,6,1,,,1,1,PASS_THROUGH,-1,0.9999999999630679,8.594429591169303e-06,0.0,0.07216032525734031,0,0.9996826469982131,8.591702123408192e-06,0.02519137187270154,0.3609161641014474,0.07218323282028948,0,0,0,CORRIDOR_CLEAR,1,0,0,0,1
1787562416671554560,1787562416692569856,joint_v2_000006_1f4b2824,2139,409,0.03333333333333333,13.633333333333333,21.015405654907227,frame_id_exact,1,,0.3494281470775604,18.711692810058594,1.9909788370132446,0.040836965062453996,0.005863100056036541,0.14231024782927476,0.9889619606966646,-0.06591162830591202,0.22444115579128265,0.002489230828359723,0.2333280978119865,-4.5593859428405235e-05,-0.016803812710823166,0.2858339944988736,6.607299951610912e-07,depth/002139.png,1.0,-2.6271382909281993e-05,-0.08244116851817619,-0.9965959326844416,0.2333280978119865,-4.5593859428405235e-05,-0.016803812710823166,6.607299951610912e-07,0.9996729009806464,1.619730800772582e-05,0.0255751985835093,0.3526155288658288,0.07052310577316576,0.1526155288457961,2.4727695679712437e-06,0.009021162986755371,0.0,0.1526155288457961,2.4727695679712437e-06,0.009021162986755371,0.0,goal_capture,TERMINAL_SETTLING,NONE,DIRECT_LOCAL,PASS_THROUGH,0,6,0,0,0,0,1,0.15261552886582877,0.35261552886582875,inf,0.0,1,0,1,CLEAR,none,nan,0.0,0.0,0,0,0,0,0.0009283410476778103,0,0,0,1,0.0,0.15261552886582877,,0.2500000000000004,19.05,2.0,0.2500000000000004,19.05,2.0,0.2500000000000004,19.05,2.0,1.2377927058846137,0.0,0.0,0,0,6,1,,,0,1,PASS_THROUGH,-1,0.9996826469982131,8.591702123408192e-06,0.02519137187270154,0.07216032525734031,0,0.9996729009806464,1.619730800772582e-05,0.0255751985835093,0.3527309067532383,0.07054618135064766,0,0,0,CORRIDOR_CLEAR,1,0,0,0,1
1787562416718942208,1787562416735603456,joint_v2_000006_1f4b2824,2140,410,0.03333333333333333,13.666666666666666,16.661405563354492,frame_id_exact,1,,0.3473694324493408,18.71870231628418,1.9910691976547241,0.05095437548974853,0.007304108699462723,0.14224218023685986,0.9884925208498144,-0.05728628858923912,0.19504407048225403,0.0027926010079681873,0.2024926679664262,-3.1761389239569195e-05,-0.018122508713160693,0.28583119042484817,-1.348287128166703e-06,depth/002140.png,1.0,-5.56092827529546e-05,-0.10281394284457622,-0.9947006032291122,0.2024926679664262,-3.1761389239569195e-05,-0.018122508713160693,-1.348287128166703e-06,0.9996657162203612,2.2811873026161392e-05,0.025854502378706082,0.3453099500607749,0.06906199001215499,0.14530995002294128,3.3159005811446167e-06,0.008930802345275879,0.0,0.14530995002294128,3.3159005811446167e-06,0.008930802345275879,0.0,goal_capture,TERMINAL_SETTLING,NONE,DIRECT_LOCAL,PASS_THROUGH,0,6,0,0,0,0,1,0.14530995006077488,0.3453099500607749,inf,0.0,1,0,1,CLEAR,none,nan,0.0,0.0,0,0,0,0,0.001307461110001271,0,0,0,1,0.0,0.14530995006077488,,0.2500000000000004,19.05,2.0,0.2500000000000004,19.05,2.0,0.2500000000000004,19.05,2.0,1.2346044912330445,0.0,0.0,0,0,6,1,,,0,1,PASS_THROUGH,-1,0.9996826469982131,8.591702123408192e-06,0.02519137187270154,0.07216032525734031,0,0.9996657162203612,2.2811873026161392e-05,0.025854502378706082,0.34542542008587795,0.06908508401717559,0,0,0,CORRIDOR_CLEAR,1,0,0,0,1
1787562416763441408,1787562416779163904,joint_v2_000006_1f4b2824,2141,411,0.03333333333333333,13.7,15.722513198852539,frame_id_exact,1,,0.34562167525291443,18.724653244018555,1.9911576509475708,0.05228708094627075,0.007487481605554291,0.14223174516820433,0.9884230518617682,-0.0475282296538353,0.16176478564739227,0.0024301381781697273,0.1679179889988501,-1.0364585048796412e-05,-0.015369870666239023,0.2858293700189337,-3.917502453987254e-06,depth/002141.png,1.0,-7.216670683685839e-05,-0.10549342739505811,-0.9944199975706493,0.1679179889988501,-1.0364585048796412e-05,-0.015369870666239023,-3.917502453987254e-06,1.0,0.0,0.0,0.0,0.0,0.13910767665810017,3.915314354771326e-06,0.0088423490524292,0.0,0.13910767665810017,3.915314354771326e-06,0.0088423490524292,0.0,goal_capture,TERMINAL_SETTLING,NONE,GOAL_REACHED,PASS_THROUGH,0,6,0,0,0,0,1,0.13910767671320023,0.33910767671320025,inf,0.0,1,0,1,CLEAR,none,nan,0.0,0.0,0,0,0,0,0.001612642762252209,0,0,0,1,0.0,0.13910767671320023,,0.2500000000000004,19.05,2.0,0.2500000000000004,19.05,2.0,0.2500000000000004,19.05,2.0,1.2320210659150614,0.0,0.0,0,0,6,1,,,0,1,PASS_THROUGH,-1,0.9996826469982131,8.591702123408192e-06,0.02519137187270154,0.07216032525734031,0,1.0,0.0,0.0,0.0,0.0,0,0,0,CORRIDOR_CLEAR,1,0,0,0,1
