timestamp_ns,receive_timestamp_ns,episode_id,frame_id,episode_frame_index,control_dt_s,trajectory_time_s,latency_ms,match_method,frame_valid,frame_invalid_reason,x,y,z,qx,qy,qz,qw,state_vx_world,state_vy_world,state_vz_world,state_vx_flu,state_vy_flu,state_vz_flu,yaw,yaw_rate,depth_file,raw_depth_finite_ratio,gravity_flu_x,gravity_flu_y,gravity_flu_z,velocity_flu_x,velocity_flu_y,velocity_flu_z,yaw_rate_flu,goal_direction_flu_x,goal_direction_flu_y,goal_direction_flu_z,goal_distance_clipped_m,goal_distance_norm,target_velocity_flu_x,target_velocity_flu_y,target_velocity_flu_z,target_yaw_rate,velocity_command_flu_x,velocity_command_flu_y,velocity_command_flu_z,yaw_rate_command,hierarchical_mode,planner_status,planner_failure_reason,fsm_state,effective_target_source,target_correction_active,effective_direction_token,directive_terminal_stop,directive_update_event,mission_revision,reentry_guard_ticks,obstacle_first_observed_event,selected_output_speed_mps,local_target_distance_m,min_observed_clearance_m,obstacle_risk_cost,avoidance_active,local_corridor_blocked,risk_corridor_near_obstacle,corridor_block_reason,corridor_block_source,first_blocking_distance_m,first_block_x,first_block_y,first_block_age_ticks,emergency_brake,immediate_avoidance,local_limit_cycle_detected,target_bearing_error_deg,consecutive_failures_30hz,unknown_recovery_ticks,plan_valid,plan_terminal,plan_end_speed_mps,plan_executed_speed_mps,plan_points_xy,navigation_goal_world_x,navigation_goal_world_y,navigation_goal_world_z,effective_target_world_x,effective_target_world_y,effective_target_world_z,original_navigation_goal_world_x,original_navigation_goal_world_y,original_navigation_goal_world_z,truth_minimum_clearance_m,truth_brake_risk,observed_brake_risk,truth_brake_would_trigger,scene_id,task_id,episode_valid,failure_taxonomy,failure_reason,macro_update_mask,macro_label_valid,macro_correction_type,macro_direction_token,macro_direction_flu_x,macro_direction_flu_y,macro_direction_flu_z,macro_distance_norm,macro_param_valid,navigation_goal_direction_flu_x,navigation_goal_direction_flu_y,navigation_goal_direction_flu_z,navigation_goal_distance_clipped_m,navigation_goal_distance_norm,correction_enter_event,correction_exit_event,correction_update_event,observability_reason,observability_goal_inside_fov,observability_direct_corridor_blocked,observability_left_bypass_visible,observability_right_bypass_visible,observability_local_avoidance_observable
1787562311352832256,1787562311367557632,joint_v2_000000_07a44bf5,7,0,0.03333333333333333,0.0,14.725208282470703,frame_id_exact,1,,6.550000190734863,13.25,2.0,0.0,0.0,0.4597627247369943,0.8880417990964248,0.0,0.0,0.0,0.0,-0.0,0.0,0.9554559814741334,0.0,depth/000007.png,1.0,0.0,0.0,-1.0,0.0,-0.0,0.0,0.0,0.9507655498378835,-0.30991106666504664,0.0,4.5,0.9,0.0666666666,0.0,0.0,-0.2666666664,0.0666666666,0.0,0.0,-0.2666666664,direct,SAFE_PROGRESSING,NONE,DIRECT_LOCAL,PASS_THROUGH,0,9,0,0,0,0,0,0.0666666666,6.36003156042366,inf,0.0,0,0,0,CLEAR,none,nan,0.0,0.0,0,0,0,0,18.05387103866413,0,0,1,0,2.0,2.0,"6.550,13.250;6.526,13.282;6.454,13.378;6.335,13.539;6.168,13.763;5.953,14.052;5.702,14.389;5.451,14.725;5.200,15.062;4.949,15.399;4.758,15.656",2.7500000000000004,18.35,2.0,2.7500000000000004,18.35,2.0,2.7500000000000004,18.35,2.0,6.602921435799027,0.0,0.0,0,0,1,0,unmatched_render_rate,unmatched render attempts 1.1% > 1.0%,1,1,PASS_THROUGH,-1,0.9507655498378835,-0.30991106666504664,0.0,0.9,0,0.9507655498378835,-0.30991106666504664,0.0,4.5,0.9,0,0,0,BYPASS_VISIBLE,1,0,1,1,1
1787562311413353216,1787562311435608832,joint_v2_000000_07a44bf5,8,1,0.03333333333333333,0.03333333333333333,22.255659103393555,frame_id_exact,1,,6.550000190734863,13.25,2.000570297241211,-0.0002902633149385321,-0.0001412675271309836,0.45971831276334923,0.8880647322693956,-4.099700890947133e-05,3.0593240808229893e-05,0.027825262397527695,3.3177562916850493e-05,-8.67306617034856e-07,0.02782528962453921,0.9553560093011958,-0.008826922625303268,depth/000008.png,1.0,1.5969305481404233e-05,0.0006454317645788424,-0.9999997915813875,3.3177562916850493e-05,-8.67306617034856e-07,0.02782528962453921,-0.008826922625303268,0.9507965237469533,-0.3098160137730004,-8.96689322214945e-05,4.5,0.9,0.1333333332,0.0,-0.0005702972412109375,-0.5333333328,0.1333333332,0.0,-0.0005702972412109375,-0.5333333328,direct,SAFE_PROGRESSING,NONE,DIRECT_LOCAL,PASS_THROUGH,0,9,0,0,0,0,0,0.1333333332,6.36003156042366,inf,0.0,0,0,0,CLEAR,none,nan,0.0,0.0,0,0,0,0,0.0,0,0,1,0,2.0,2.0,"6.550,13.250;6.526,13.282;6.454,13.378;6.335,13.539;6.168,13.763;5.953,14.052;5.702,14.389;5.451,14.725;5.200,15.062;4.949,15.399;4.758,15.656",2.7500000000000004,18.35,2.0,2.7500000000000004,18.35,2.0,2.7500000000000004,18.35,2.0,6.6029160265549365,0.0,0.0,0,0,1,0,unmatched_render_rate,unmatched render attempts 1.1% > 1.0%,0,1,PASS_THROUGH,-1,0.9507655498378835,-0.30991106666504664,0.0,0.9,0,0.9507965237469533,-0.3098160137730004,-8.96689322214945e-05,4.5,0.9,0,0,0,BYPASS_VISIBLE,1,0,1,1,1
1787562311465663488,1787562311482447104,joint_v2_000000_07a44bf5,9,2,0.03333333333333333,0.06666666666666667,16.783714294433594,frame_id_exact,1,,6.549991607666016,13.250004768371582,2.001492738723755,-0.0032526561552143596,-0.0015488094441534841,0.4593725440598841,0.8882363914978892,-0.0007374407723546028,0.0005563028389587998,0.025617370381951332,0.000738819875394038,-2.1710678052520795e-05,0.025623361037647327,0.9545831964681714,-0.042098790407180786,depth/000009.png,1.0,0.00023694404236023836,0.007201216201431524,-0.9999740428344833,0.000738819875394038,-2.1710678052520795e-05,0.025623361037647327,-0.042098790407180786,0.951035451193106,-0.3090817294612892,-0.0002347065057030402,4.5,0.9,0.1999999998,0.0,-0.0014927387237548828,-0.785568353902818,0.1999999998,0.0,-0.0014927387237548828,-0.785568353902818,direct,SAFE_PROGRESSING,NONE,DIRECT_LOCAL,PASS_THROUGH,0,9,0,0,0,0,0,0.1999999998,6.3600226085262275,inf,0.0,0,0,0,CLEAR,none,nan,0.0,0.0,0,0,0,0,18.003900479068303,0,0,1,0,2.0,2.0,"6.550,13.250;6.526,13.282;6.454,13.379;6.335,13.539;6.167,13.764;5.952,14.053;5.701,14.389;5.450,14.726;5.199,15.063;4.948,15.400;4.758,15.656",2.7500000000000004,18.35,2.0,2.7500000000000004,18.35,2.0,2.7500000000000004,18.35,2.0,6.6028502276647,0.0,0.0,0,0,1,0,unmatched_render_rate,unmatched render attempts 1.1% > 1.0%,0,1,PASS_THROUGH,-1,0.9507655498378835,-0.30991106666504664,0.0,0.9,0,0.951035451193106,-0.3090817294612892,-0.0002347065057030402,4.5,0.9,0,0,0,BYPASS_VISIBLE,1,0,1,1,1
1787562311510600448,1787562311527991808,joint_v2_000000_07a44bf5,10,3,0.03333333333333333,0.1,17.391204833984375,frame_id_exact,1,,6.549914360046387,13.250064849853516,2.002267837524414,-0.013403564836044582,-0.006533667073321983,0.4582695969609301,0.8886881523602796,-0.00489504961296916,0.003687781048938632,0.02126040682196617,0.005489947486823726,-0.00015151599029773638,0.02143370377490666,0.952199340556129,-0.10542463511228561,depth/000010.png,1.0,0.0006721074714522747,0.02981154049110768,-0.9995553112885218,0.005489947486823726,-0.00015151599029773638,0.02143370377490666,-0.10542463511228561,0.9517682637404146,-0.3068176086629854,-0.00035658222572957667,4.5,0.9,0.2666666664,0.0,-0.0022678375244140625,-0.7797172563290666,0.2666666664,0.0,-0.0022678375244140625,-0.7797172563290666,direct,SAFE_PROGRESSING,NONE,DIRECT_LOCAL,PASS_THROUGH,0,9,0,0,0,0,0,0.2666666664,6.359928276276895,inf,0.0,0,0,0,CLEAR,none,nan,0.0,0.0,0,0,0,0,0.0,0,0,1,0,2.0,2.0,"6.550,13.250;6.526,13.282;6.454,13.379;6.335,13.539;6.167,13.764;5.952,14.053;5.701,14.389;5.450,14.726;5.199,15.063;4.948,15.400;4.758,15.656",2.7500000000000004,18.35,2.0,2.7500000000000004,18.35,2.0,2.7500000000000004,18.35,2.0,6.602570486154237,0.0,0.0,0,0,1,0,unmatched_render_rate,unmatched render attempts 1.1% > 1.0%,0,1,PASS_THROUGH,-1,0.9507655498378835,-0.30991106666504664,0.0,0.9,0,0.9517682637404146,-0.3068176086629854,-0.00035658222572957667,4.5,0.9,0,0,0,BYPASS_VISIBLE,1,0,1,1,1
1787562311566400256,1787562311585413376,joint_v2_000000_07a44bf5,11,4,0.03333333333333333,0.13333333333333333,19.013166427612305,frame_id_exact,1,,6.549575328826904,13.250319480895996,2.0029144287109375,-0.03186815576528467,-0.015978285897057437,0.45585352412983215,0.8893405869329949,-0.017260460183024406,0.012816393747925758,0.01735107973217964,0.020205042766564905,-0.00031569737847799274,0.018838789352572573,0.9472908272321948,-0.19109505414962769,depth/000011.png,1.0,0.000634145910502381,0.07125080457699601,-0.9974582300558229,0.020205042766564905,-0.00031569737847799274,0.018838789352572573,-0.19109505414962769,0.953257082355572,-0.302160098160354,-0.00045827793673748103,4.5,0.9,0.33333333299999995,0.0,-0.0029144287109375,-0.7679453230692312,0.33333333299999995,0.0,-0.0029144287109375,-0.7679453230692312,direct,SAFE_PROGRESSING,NONE,DIRECT_LOCAL,PASS_THROUGH,0,9,0,0,0,0,0,0.33333333299999995,6.359521528885564,inf,0.0,0,0,0,CLEAR,none,nan,0.0,0.0,0,0,0,0,0.0,0,0,1,0,2.0,2.0,"6.550,13.250;6.526,13.282;6.454,13.379;6.335,13.539;6.167,13.764;5.952,14.053;5.701,14.389;5.450,14.726;5.199,15.063;4.948,15.400;4.758,15.656",2.7500000000000004,18.35,2.0,2.7500000000000004,18.35,2.0,2.7500000000000004,18.35,2.0,6.6017950593437345,0.0,0.0,0,0,1,0,unmatched_render_rate,unmatched render attempts 1.1% > 1.0%,0,1,PASS_THROUGH,-1,0.9507655498378835,-0.30991106666504664,0.0,0.9,0,0.953257082355572,-0.302160098160354,-0.00045827793673748103,4.5,0.9,0,0,0,BYPASS_VISIBLE,1,0,1,1,1
1787562311624607488,1787562311641156864,joint_v2_000000_07a44bf5,12,5,0.03333333333333333,0.16666666666666666,16.549348831176758,frame_id_exact,1,,6.548620700836182,13.25102424621582,2.003406286239624,-0.05690813448777783,-0.02901026232699725,0.45171129842708313,0.8898745820519645,-0.0423869863152504,0.031156739220023155,0.011642410419881344,0.05069233403698995,-0.0001352508084418535,0.0182541421381494,0.9394518129955648,-0.2818666100502014,depth/000012.png,1.0,-0.00021889548583466784,0.127490731312213,-0.9918397378176796,0.05069233403698995,-0.0001352508084418535,0.0182541421381494,-0.2818666100502014,0.9555804053635979,-0.2947300491875219,-0.0005357154680823134,4.5,0.9,0.39999999959999993,0.0,-0.0034062862396240234,-0.6670702576436882,0.39999999959999993,0.0,-0.0034062862396240234,-0.6670702576436882,direct,SAFE_PROGRESSING,NONE,DIRECT_LOCAL,PASS_THROUGH,0,8,0,0,0,0,0,0.39999999959999993,6.3583860347182535,inf,0.0,0,0,0,CLEAR,none,nan,0.0,0.0,0,0,0,0,17.141353186012203,0,0,1,0,2.0,2.0,"6.549,13.251;6.513,13.287;6.429,13.387;6.300,13.553;6.126,13.786;5.906,14.084;5.659,14.423;5.411,14.763;5.164,15.102;4.916,15.441;4.756,15.657",2.7500000000000004,18.35,2.0,2.7500000000000004,18.35,2.0,2.7500000000000004,18.35,2.0,6.600144971199489,0.0,0.0,0,0,1,0,unmatched_render_rate,unmatched render attempts 1.1% > 1.0%,0,1,PASS_THROUGH,-1,0.9507655498378835,-0.30991106666504664,0.0,0.9,0,0.9555804053635979,-0.2947300491875219,-0.0005357154680823134,4.5,0.9,0,0,0,BYPASS_VISIBLE,1,0,1,1,1
1787562311667859456,1787562311684448768,joint_v2_000000_07a44bf5,13,6,0.03333333333333333,0.2,16.58916473388672,frame_id_exact,1,,6.546576976776123,13.252523422241211,2.0036404132843018,-0.0846789324866385,-0.043525754920254185,0.44577173211813587,0.8900688455933857,-0.08283311873674393,0.06066528707742691,0.001345441211014986,0.10055075304141035,0.001009428245796007,0.020783164949456916,0.9288102017269289,-0.36279553174972534,depth/000013.png,1.0,-0.0019868880539354733,0.18954526169402752,-0.9818699741030906,0.10055075304141035,0.001009428245796007,0.020783164949456916,-0.36279553174972534,0.9586293407096177,-0.2846567390415753,-0.00057275549791378,4.5,0.9,0.4666666661999999,0.0,-0.003640413284301758,-0.6432489634421634,0.4666666661999999,0.0,-0.003640413284301758,-0.6432489634421634,direct,SAFE_PROGRESSING,NONE,DIRECT_LOCAL,PASS_THROUGH,0,8,0,0,0,0,0,0.4666666661999999,6.3559628854632235,inf,0.0,0,0,0,CLEAR,none,nan,0.0,0.0,0,0,0,0,0.0,0,0,1,0,2.0,2.0,"6.549,13.251;6.513,13.287;6.429,13.387;6.300,13.553;6.126,13.786;5.906,14.084;5.659,14.423;5.411,14.763;5.164,15.102;4.916,15.441;4.756,15.657",2.7500000000000004,18.35,2.0,2.7500000000000004,18.35,2.0,2.7500000000000004,18.35,2.0,6.597204950531326,0.0,0.0,0,0,1,0,unmatched_render_rate,unmatched render attempts 1.1% > 1.0%,1,1,PASS_THROUGH,-1,0.9586294979482878,-0.2846567857322462,0.0,0.9,0,0.9586293407096177,-0.2846567390415753,-0.00057275549791378,4.5,0.9,0,0,0,BYPASS_VISIBLE,1,0,1,1,1
1787562311709721856,1787562311726324224,joint_v2_000000_07a44bf5,14,7,0.03333333333333333,0.23333333333333334,16.602516174316406,frame_id_exact,1,,6.542932033538818,13.255195617675781,2.00341534614563,-0.11034248670606256,-0.05682156884649795,0.4384048251902953,0.890166868733729,-0.13814865052700043,0.10136077553033829,-0.016229063272476196,0.17002004805181298,0.0038403523629560276,0.02647402325738396,0.9158067641902179,-0.42753344774246216,depth/000014.png,1.0,-0.004411998842382497,0.24626815167323216,-0.9691916898826902,0.17002004805181298,0.0038403523629560276,0.02647402325738396,-0.42753344774246216,0.9621928394174719,-0.2723685933455745,-0.0005377106062569693,4.5,0.9,0.5333333328,0.0,-0.003415346145629883,-0.6157643897332765,0.5333333328,0.0,-0.003415346145629883,-0.6157643897332765,direct,SAFE_PROGRESSING,NONE,DIRECT_LOCAL,PASS_THROUGH,0,8,0,0,0,0,0,0.5333333328,6.351642709189095,inf,0.0,0,0,0,CLEAR,none,nan,0.0,0.0,0,0,0,0,0.0,0,0,1,0,2.0,2.0,"6.549,13.251;6.513,13.287;6.429,13.387;6.300,13.553;6.126,13.786;5.906,14.084;5.659,14.423;5.411,14.763;5.164,15.102;4.916,15.441;4.756,15.657",2.7500000000000004,18.35,2.0,2.7500000000000004,18.35,2.0,2.7500000000000004,18.35,2.0,6.592600602616383,0.0,0.0,0,0,1,0,unmatched_render_rate,unmatched render attempts 1.1% > 1.0%,0,1,PASS_THROUGH,-1,0.9586293407096177,-0.2846567390415753,-0.00057275549791378,0.9,0,0.9621928394174719,-0.2723685933455745,-0.0005377106062569693,4.5,0.9,0,0,0,BYPASS_VISIBLE,1,0,1,1,1
1787562311751922176,1787562311767471360,joint_v2_000000_07a44bf5,15,8,0.03333333333333333,0.26666666666666666,15.549182891845703,frame_id_exact,1,,6.537239074707031,13.259385108947754,2.0024654865264893,-0.12918033321705913,-0.06629082072698846,0.4302724210079895,0.8909453475478702,-0.20495694875717163,0.15128129720687866,-0.04206360504031181,0.25592940962756294,0.008980988521636387,0.03289692584869441,0.9008328343686801,-0.47603994607925415,depth/000015.png,1.0,-0.006957527183834911,0.28723145759846075,-0.9578359371945437,0.25592940962756294,0.008980988521636387,0.03289692584869441,-0.47603994607925415,0.9660793294728003,-0.25824519002680874,-0.0003885786949638559,4.5,0.9,0.5999999993999999,0.0,-0.002465486526489258,-0.572516864082071,0.5999999993999999,0.0,-0.002465486526489258,-0.572516864082071,direct,SAFE_PROGRESSING,NONE,DIRECT_LOCAL,PASS_THROUGH,0,8,0,0,0,0,0,0.5999999993999999,6.3448829601491195,inf,0.0,0,0,0,CLEAR,none,nan,0.0,0.0,0,0,0,0,14.965964527053233,0,0,1,0,2.0,2.0,"6.537,13.259;6.475,13.326;6.368,13.459;6.216,13.659;6.019,13.924;5.779,14.252;5.532,14.591;5.285,14.931;5.038,15.270;4.789,15.609;4.747,15.666",2.7500000000000004,18.35,2.0,2.7500000000000004,18.35,2.0,2.7500000000000004,18.35,2.0,6.586059526047501,0.0,0.0,0,0,1,0,unmatched_render_rate,unmatched render attempts 1.1% > 1.0%,0,1,PASS_THROUGH,-1,0.9586293407096177,-0.2846567390415753,-0.00057275549791378,0.9,0,0.9660793294728003,-0.25824519002680874,-0.0003885786949638559,4.5,0.9,0,0,0,BYPASS_VISIBLE,1,0,1,1,1
1787562311799810048,1787562311817574656,joint_v2_000000_07a44bf5,16,9,0.03333333333333333,0.3,17.764806747436523,frame_id_exact,1,,6.52919864654541,13.265347480773926,2.0005359649658203,-0.13780483190948528,-0.07004569236470425,0.4220691476237081,0.8932866639034438,-0.2779669463634491,0.2070448100566864,-0.07446926087141037,0.35238855416143167,0.016739668797655392,0.034941920973590224,0.8841758563125369,-0.5082480907440186,depth/000016.png,1.0,-0.008815429821617524,0.3053266884745643,-0.9522068585670954,0.35238855416143167,0.016739668797655392,0.034941920973590224,-0.5082480907440186,0.9701361382304353,-0.2425610565243662,-8.459976850606454e-05,4.5,0.9,0.6666666659999999,0.0,-0.0005359649658203125,-0.5418186701985117,0.6666666659999999,0.0,-0.0005359649658203125,-0.5418186701985117,direct,SAFE_PROGRESSING,NONE,DIRECT_LOCAL,PASS_THROUGH,0,8,0,0,0,0,0,0.6666666659999999,6.3353005967611935,inf,0.0,0,0,0,CLEAR,none,nan,0.0,0.0,0,0,0,0,0.0,0,0,1,0,2.0,2.0,"6.537,13.259;6.475,13.326;6.368,13.459;6.216,13.659;6.019,13.924;5.779,14.252;5.532,14.591;5.285,14.931;5.038,15.270;4.789,15.609;4.747,15.666",2.7500000000000004,18.35,2.0,2.7500000000000004,18.35,2.0,2.7500000000000004,18.35,2.0,6.577452807784168,0.0,0.0,0,0,1,0,unmatched_render_rate,unmatched render attempts 1.1% > 1.0%,0,1,PASS_THROUGH,-1,0.9586293407096177,-0.2846567390415753,-0.00057275549791378,0.9,0,0.9701361382304353,-0.2425610565243662,-8.459976850606454e-05,4.5,0.9,0,0,0,BYPASS_VISIBLE,1,0,1,1,1
1787562311848338432,1787562311864071168,joint_v2_000000_07a44bf5,17,10,0.03333333333333333,0.3333333333333333,15.732765197753906,frame_id_exact,1,,6.518702507019043,13.273211479187012,1.9974758625030518,-0.13508313680844514,-0.06735198097517583,0.4142226789585376,0.8975721859801153,-0.3513813614845276,0.26478129625320435,-0.1089671179652214,0.45164915744833417,0.026886916018541936,0.027238964097696966,0.8661127736116562,-0.5253784656524658,depth/000017.png,1.0,-0.008997531966125863,0.2982911687738177,-0.9544325136174209,0.45164915744833417,0.026886916018541936,0.027238964097696966,-0.5253784656524658,0.9742259540968988,-0.2255740033563769,0.00039921643812538773,4.5,0.9,0.7333333325999999,0.0,0.002524137496948242,-0.5143106780493534,0.7333333325999999,0.0,0.002524137496948242,-0.5143106780493534,direct,SAFE_PROGRESSING,NONE,DIRECT_LOCAL,PASS_THROUGH,0,8,0,0,0,0,0,0.7333333325999999,6.322728862719811,inf,0.0,0,0,0,CLEAR,none,nan,0.0,0.0,0,0,0,0,0.0,0,0,1,0,2.0,2.0,"6.537,13.259;6.475,13.326;6.368,13.459;6.216,13.659;6.019,13.924;5.779,14.252;5.532,14.591;5.285,14.931;5.038,15.270;4.789,15.609;4.747,15.666",2.7500000000000004,18.35,2.0,2.7500000000000004,18.35,2.0,2.7500000000000004,18.35,2.0,6.566790231897977,0.0,0.0,0,0,1,0,unmatched_render_rate,unmatched render attempts 1.1% > 1.0%,0,1,PASS_THROUGH,-1,0.9586293407096177,-0.2846567390415753,-0.00057275549791378,0.9,0,0.9742259540968988,-0.2255740033563769,0.00039921643812538773,4.5,0.9,0,0,0,BYPASS_VISIBLE,1,0,1,1,1
1787562311889338624,1787562311905939200,joint_v2_000000_07a44bf5,18,11,0.03333333333333333,0.36666666666666664,16.600370407104492,frame_id_exact,1,,6.505828857421875,13.28298282623291,1.9933114051818848,-0.12242761957185953,-0.058751575895887434,0.4067440766463622,0.9033930409344628,-0.4198612570762634,0.32086193561553955,-0.13980522751808167,0.5451988422022798,0.03853819846209311,0.007374841190384007,0.8470063471408903,-0.5302927494049072,depth/000018.png,1.0,-0.006558111459019064,0.2689942300573623,-0.9631194605914356,0.5451988422022798,0.03853819846209311,0.007374841190384007,-0.5302927494049072,0.9782090225758688,-0.20761980531812702,0.0010604672679904237,4.5,0.9,0.7999999991999999,0.0,0.006688594818115234,-0.42821943597098566,0.7999999991999999,0.0,0.006688594818115234,-0.42821943597098566,direct,SAFE_PROGRESSING,NONE,DIRECT_LOCAL,PASS_THROUGH,0,8,0,0,0,0,0,0.7999999991999999,6.30721122569187,inf,0.0,0,0,0,CLEAR,none,nan,0.0,0.0,0,0,0,0,11.982909952835934,0,0,1,0,2.0,1.0,"6.506,13.283;6.408,13.390;6.276,13.558;6.144,13.733;6.013,13.910;5.883,14.088;5.754,14.266;5.625,14.444;5.496,14.623;5.368,14.801;5.239,14.980;5.110,15.158;4.981,15.336",2.7500000000000004,18.35,2.0,2.7500000000000004,18.35,2.0,2.7500000000000004,18.35,2.0,6.554208513138747,0.0,0.0,0,0,1,0,unmatched_render_rate,unmatched render attempts 1.1% > 1.0%,0,1,PASS_THROUGH,-1,0.9586293407096177,-0.2846567390415753,-0.00057275549791378,0.9,0,0.9782090225758688,-0.20761980531812702,0.0010604672679904237,4.5,0.9,0,0,0,BYPASS_VISIBLE,1,0,1,1,1
1787562311930929408,1787562311948602112,joint_v2_000000_07a44bf5,19,12,0.03333333333333333,0.4,17.67277717590332,frame_id_exact,1,,6.490817070007324,13.29455280303955,1.9882515668869019,-0.10340449784077158,-0.04587214861042224,0.39937388529091533,0.9097822572219135,-0.4790222942829132,0.3723677396774292,-0.1620602309703827,0.6256041598759469,0.05021301035383368,-0.0219476461570213,0.8273991155676375,-0.523766040802002,depth/000019.png,1.0,-0.000873221694368001,0.2247914313393245,-0.9744065116163224,0.6256041598759469,0.05021301035383368,-0.0219476461570213,-0.523766040802002,0.9819352028928721,-0.18920826498741927,0.001868095336076088,4.5,0.9,0.8666666657999998,0.0,0.011748433113098145,-0.3984625151629262,0.8666666657999998,0.0,0.011748433113098145,-0.3984625151629262,direct,SAFE_PROGRESSING,NONE,DIRECT_LOCAL,PASS_THROUGH,0,8,0,0,0,0,0,0.8666666657999998,6.288979147088457,inf,0.0,0,0,0,CLEAR,none,nan,0.0,0.0,0,0,0,0,0.0,0,0,1,0,2.0,1.0,"6.506,13.283;6.408,13.390;6.276,13.558;6.144,13.733;6.013,13.910;5.883,14.088;5.754,14.266;5.625,14.444;5.496,14.623;5.368,14.801;5.239,14.980;5.110,15.158;4.981,15.336",2.7500000000000004,18.35,2.0,2.7500000000000004,18.35,2.0,2.7500000000000004,18.35,2.0,6.539928811166835,0.0,0.0,0,0,1,0,unmatched_render_rate,unmatched render attempts 1.1% > 1.0%,1,1,PASS_THROUGH,-1,0.9819369162663634,-0.1892085951359105,0.0,0.9,0,0.9819352028928721,-0.18920826498741927,0.001868095336076088,4.5,0.9,0,0,0,BYPASS_VISIBLE,1,0,1,1,1
1787562311977001472,1787562311996973056,joint_v2_000000_07a44bf5,20,13,0.03333333333333333,0.43333333333333335,19.971609115600586,frame_id_exact,1,,6.4740309715271,13.30773639678955,1.9826353788375854,-0.08285930826591895,-0.03103713812971605,0.39188213855208814,0.9157507415089832,-0.525959312915802,0.4175979793071747,-0.1730484515428543,0.6888652332008496,0.06012826135482937,-0.053069015623640914,0.8079900437597348,-0.5091095566749573,depth/000020.png,1.0,0.008097601331181654,0.17608274610049274,-0.9843420621808207,0.6888652332008496,0.06012826135482937,-0.053069015623640914,-0.5091095566749573,0.9852665389818898,-0.17100343066867882,0.002770173675142613,4.5,0.9,0.9333333323999998,0.0,0.01736462116241455,-0.37760203834398487,0.9333333323999998,0.0,0.01736462116241455,-0.37760203834398487,direct,SAFE_PROGRESSING,NONE,DIRECT_LOCAL,PASS_THROUGH,0,7,0,0,0,0,0,0.9333333323999998,6.268399231155743,inf,0.0,0,0,0,CLEAR,none,nan,0.0,0.0,0,0,0,0,0.0,0,0,1,0,2.0,1.0,"6.506,13.283;6.408,13.390;6.276,13.558;6.144,13.733;6.013,13.910;5.883,14.088;5.754,14.266;5.625,14.444;5.496,14.623;5.368,14.801;5.239,14.980;5.110,15.158;4.981,15.336",2.7500000000000004,18.35,2.0,2.7500000000000004,18.35,2.0,2.7500000000000004,18.35,2.0,6.524200356926356,0.0,0.0,0,0,1,0,unmatched_render_rate,unmatched render attempts 1.1% > 1.0%,0,1,PASS_THROUGH,-1,0.9819352028928721,-0.18920826498741927,0.001868095336076088,0.9,0,0.9852665389818898,-0.17100343066867882,0.002770173675142613,4.5,0.9,0,0,0,BYPASS_VISIBLE,1,0,1,1,1
1787562312023431168,1787562312038927104,joint_v2_000000_07a44bf5,21,14,0.03333333333333333,0.4666666666666667,15.496015548706055,frame_id_exact,1,,6.455898761749268,13.322322845458984,1.976839542388916,-0.06580134706911758,-0.016799089025293024,0.3842102904030477,0.9207444955470631,-0.5598365664482117,0.456587016582489,-0.17319296300411224,0.7359118821917797,0.06678436704478728,-0.07653781578895474,0.7893087596062449,-0.4919432997703552,depth/000021.png,1.0,0.01962777183218754,0.13408122197277272,-0.9907759466636196,0.7359118821917797,0.06678436704478728,-0.07653781578895474,-0.4919432997703552,0.9881409512662516,-0.15350475743825184,0.003708082314529133,4.5,0.9,0.9999999989999998,0.0,0.023160457611083984,-0.2692562943145005,0.9999999989999998,0.0,0.023160457611083984,-0.2692562943145005,direct,SAFE_PROGRESSING,NONE,DIRECT_LOCAL,PASS_THROUGH,0,7,0,0,0,0,0,0.9999999989999998,6.24589650911928,inf,0.0,0,0,0,CLEAR,none,nan,0.0,0.0,0,0,0,0,8.83014857126847,0,0,1,0,2.0,2.0,"6.456,13.322;6.332,13.458;6.169,13.667;5.964,13.944;5.722,14.278;5.478,14.619;5.235,14.962;4.990,15.303;4.744,15.644;4.676,15.737",2.7500000000000004,18.35,2.0,2.7500000000000004,18.35,2.0,2.7500000000000004,18.35,2.0,6.5072389491658775,0.0,0.0,0,0,1,0,unmatched_render_rate,unmatched render attempts 1.1% > 1.0%,0,1,PASS_THROUGH,-1,0.9819352028928721,-0.18920826498741927,0.001868095336076088,0.9,0,0.9881409512662516,-0.15350475743825184,0.003708082314529133,4.5,0.9,0,0,0,BYPASS_VISIBLE,1,0,1,1,1
1787562312067173888,1787562312082740736,joint_v2_000000_07a44bf5,22,15,0.03333333333333333,0.5,15.566825866699219,frame_id_exact,1,,6.436835765838623,13.338130950927734,1.9711804389953613,-0.056267944742147344,-0.00553327341183712,0.3765078482959954,0.9246865098244725,-0.5823943614959717,0.49142420291900635,-0.1654808521270752,0.7720557041053467,0.06943586555152652,-0.0846965304548651,0.7716046367735924,-0.4718083441257477,depth/000022.png,1.0,0.03213755904761528,0.10822706060987348,-0.993606602559689,0.7720557041053467,0.06943586555152652,-0.0846965304548651,-0.4718083441257477,0.9905689670542102,-0.13693672521464204,0.004631932279800403,4.5,0.9,1.0666666656,0.0,0.028819561004638672,-0.2460529280676782,1.0666666656,0.0,0.028819561004638672,-0.2460529280676782,direct,SAFE_PROGRESSING,NONE,DIRECT_LOCAL,PASS_THROUGH,0,7,0,0,0,0,0,1.0666666656,6.2218638147516065,inf,0.0,0,0,0,CLEAR,none,nan,0.0,0.0,0,0,0,0,0.0,0,0,1,0,2.0,2.0,"6.456,13.322;6.332,13.458;6.169,13.667;5.964,13.944;5.722,14.278;5.478,14.619;5.235,14.962;4.990,15.303;4.744,15.644;4.676,15.737",2.7500000000000004,18.35,2.0,2.7500000000000004,18.35,2.0,2.7500000000000004,18.35,2.0,6.4891487627451205,0.0,0.0,0,0,1,0,unmatched_render_rate,unmatched render attempts 1.1% > 1.0%,0,1,PASS_THROUGH,-1,0.9819352028928721,-0.18920826498741927,0.001868095336076088,0.9,0,0.9905689670542102,-0.13693672521464204,0.004631932279800403,4.5,0.9,0,0,0,BYPASS_VISIBLE,1,0,1,1,1
1787562312108867328,1787562312124922880,joint_v2_000000_07a44bf5,23,16,0.03333333333333333,0.5333333333333333,16.055583953857422,frame_id_exact,1,,6.4171528816223145,13.355081558227539,1.96585214138031,-0.05645180689651872,0.0009741083520597992,0.36904577446637366,0.9276947024531029,-0.5978023409843445,0.5259075164794922,-0.1540464609861374,0.8047230768620538,0.06822561815413154,-0.07377466713919618,0.7549627122806933,-0.44942235946655273,depth/000023.png,1.0,0.04347395190794624,0.10402110326121178,-0.9936244892220732,0.8047230768620538,0.06822561815413154,-0.07377466713919618,-0.44942235946655273,0.9925927886463572,-0.12136386646088973,0.005510702760214578,4.5,0.9,1.1333333321999999,0.0,0.03414785861968994,-0.2359453743978257,1.1333333321999999,0.0,0.03414785861968994,-0.2359453743978257,direct,SAFE_PROGRESSING,NONE,DIRECT_LOCAL,PASS_THROUGH,0,7,0,0,0,0,0,1.1333333321999999,6.196549079701498,inf,0.0,0,0,0,CLEAR,none,nan,0.0,0.0,0,0,0,0,0.0,0,0,1,0,2.0,2.0,"6.456,13.322;6.332,13.458;6.169,13.667;5.964,13.944;5.722,14.278;5.478,14.619;5.235,14.962;4.990,15.303;4.744,15.644;4.676,15.737",2.7500000000000004,18.35,2.0,2.7500000000000004,18.35,2.0,2.7500000000000004,18.35,2.0,6.4698810989583055,0.0,0.0,0,0,1,0,unmatched_render_rate,unmatched render attempts 1.1% > 1.0%,0,1,PASS_THROUGH,-1,0.9819352028928721,-0.18920826498741927,0.001868095336076088,0.9,0,0.9925927886463572,-0.12136386646088973,0.005510702760214578,4.5,0.9,0,0,0,BYPASS_VISIBLE,1,0,1,1,1
1787562312154111488,1787562312170739200,joint_v2_000000_07a44bf5,24,17,0.03333333333333333,0.5666666666666667,16.627788543701172,frame_id_exact,1,,6.396999835968018,13.373236656188965,1.9609051942825317,-0.06628289028141288,0.0018801941120373704,0.3619820124098288,0.9298236746920213,-0.6116164922714233,0.5644516348838806,-0.14328953623771667,0.840905337163962,0.0641288432389728,-0.04447446830149174,0.7393438059929222,-0.42788732051849365,depth/000024.png,1.0,0.051482926021589215,0.12190160832454996,-0.9912060866520865,0.840905337163962,0.0641288432389728,-0.04447446830149174,-0.42788732051849365,0.9942675918255897,-0.10673241763239454,0.006336155907694844,4.5,0.9,1.0666666656,0.0,0.03909480571746826,-0.16463307782899395,1.0666666656,0.0,0.03909480571746826,-0.16463307782899395,direct,SAFE_PROGRESSING,NONE,DIRECT_LOCAL,PASS_THROUGH,0,7,0,0,0,0,0,1.0666666656,6.169990371455368,inf,0.0,0,0,0,CLEAR,none,nan,0.0,0.0,0,0,0,0,6.127111213054011,0,0,1,0,2.0,1.0,"6.397,13.373;6.263,13.526;6.129,13.700;5.997,13.877;5.868,14.054;5.739,14.233;5.611,14.412;5.483,14.591;5.356,14.770;5.229,14.950;5.101,15.129;4.974,15.308;4.910,15.398",2.7500000000000004,18.35,2.0,2.7500000000000004,18.35,2.0,2.7500000000000004,18.35,2.0,6.449242560577684,0.0,0.0,0,0,1,0,unmatched_render_rate,unmatched render attempts 1.1% > 1.0%,0,1,PASS_THROUGH,-1,0.9819352028928721,-0.18920826498741927,0.001868095336076088,0.9,0,0.9942675918255897,-0.10673241763239454,0.006336155907694844,4.5,0.9,0,0,0,BYPASS_VISIBLE,1,0,1,1,1
1787562312200588288,1787562312216317952,joint_v2_000000_07a44bf5,25,18,0.03333333333333333,0.6,15.729665756225586,frame_id_exact,1,,6.376338481903076,13.392791748046875,1.95620858669281,-0.08099499436379334,-0.0015118347211223369,0.355370543814461,0.9312085168386292,-0.6288414001464844,0.6100122928619385,-0.1401086300611496,0.8852629191380182,0.05845203569929227,-0.008936202791205577,0.7249361566488269,-0.3991415202617645,depth/000025.png,1.0,0.054750803649897935,0.1519209801997279,-0.9868750504875702,0.8852629191380182,0.05845203569929227,-0.008936202791205577,-0.3991415202617645,0.9956196203822906,-0.09322413706930009,0.007129640769910858,4.5,0.9,1.0,0.0,0.04379141330718994,-0.14590940159063148,1.0,0.0,0.04379141330718994,-0.14590940159063148,direct,SAFE_PROGRESSING,NONE,DIRECT_LOCAL,PASS_THROUGH,0,7,0,0,0,0,0,1.0,6.142006548235135,inf,0.0,0,0,0,CLEAR,none,nan,0.0,0.0,0,0,0,0,0.0,0,0,1,0,2.0,1.0,"6.397,13.373;6.263,13.526;6.129,13.700;5.997,13.877;5.868,14.054;5.739,14.233;5.611,14.412;5.483,14.591;5.356,14.770;5.229,14.950;5.101,15.129;4.974,15.308;4.910,15.398",2.7500000000000004,18.35,2.0,2.7500000000000004,18.35,2.0,2.7500000000000004,18.35,2.0,6.427001694574674,0.0,0.0,0,0,1,0,unmatched_render_rate,unmatched render attempts 1.1% > 1.0%,1,1,PASS_THROUGH,-1,0.9956449259045511,-0.09322650653393055,0.0,0.9,0,0.9956196203822906,-0.09322413706930009,0.007129640769910858,4.5,0.9,0,0,0,BYPASS_VISIBLE,1,0,1,1,1
1787562312244804608,1787562312262516224,joint_v2_000000_07a44bf5,26,19,0.03333333333333333,0.6333333333333333,17.711639404296875,frame_id_exact,1,,6.355024814605713,13.413975715637207,1.9514954090118408,-0.08799232741079407,-0.004428263000837413,0.3494110199267505,0.9328181387373292,-0.6505058407783508,0.661587119102478,-0.1430860161781311,0.9372713170206761,0.05223900764329088,0.011069663299544286,0.7123045953127095,-0.3619469106197357,depth/000026.png,1.0,0.05322944963210718,0.1672562459402582,-0.9844754816072541,0.9372713170206761,0.05223900764329088,0.011069663299544286,-0.3619469106197357,0.996649444901292,-0.08140586716378237,0.007935286337558916,4.5,0.9,1.0,0.0,0.04850459098815918,-0.14065919898921586,1.0,0.0,0.04850459098815918,-0.14065919898921586,direct,SAFE_PROGRESSING,NONE,DIRECT_LOCAL,PASS_THROUGH,0,7,0,0,0,0,0,1.0,6.112326860512467,inf,0.0,0,0,0,CLEAR,none,nan,0.0,0.0,0,0,0,0,0.0,0,0,1,0,2.0,1.0,"6.397,13.373;6.263,13.526;6.129,13.700;5.997,13.877;5.868,14.054;5.739,14.233;5.611,14.412;5.483,14.591;5.356,14.770;5.229,14.950;5.101,15.129;4.974,15.308;4.910,15.398",2.7500000000000004,18.35,2.0,2.7500000000000004,18.35,2.0,2.7500000000000004,18.35,2.0,6.403051249458533,0.0,0.0,0,0,1,0,unmatched_render_rate,unmatched render attempts 1.1% > 1.0%,0,1,PASS_THROUGH,-1,0.9956196203822906,-0.09322413706930009,0.007129640769910858,0.9,0,0.996649444901292,-0.08140586716378237,0.007935286337558916,4.5,0.9,0,0,0,BYPASS_VISIBLE,1,0,1,1,1
1787562312293077504,1787562312310704128,joint_v2_000000_07a44bf5,27,20,0.03333333333333333,0.6666666666666666,17.62676239013672,frame_id_exact,1,,6.332964897155762,13.436897277832031,1.9466618299484253,-0.07978806261711972,-0.0038890292401331282,0.3442683235424747,0.9354667615263677,-0.6727241277694702,0.7129591107368469,-0.14666932821273804,0.9900542355147764,0.04658828055366362,0.0015749154106261265,0.7016217967293611,-0.3241342008113861,depth/000027.png,1.0,0.047660889934298234,0.15195590024321665,-0.9872374810307519,0.9900542355147764,0.04658828055366362,0.0015749154106261265,-0.3241342008113861,0.9974050063156336,-0.07145851255258705,0.008771223419964693,4.5,0.9,1.0,0.0,0.05333817005157471,-0.09976721489221463,1.0,0.0,0.05333817005157471,-0.09976721489221463,direct,SAFE_PROGRESSING,NONE,DIRECT_LOCAL,PASS_THROUGH,0,7,0,0,0,0,0,1.0,6.080807167870455,inf,0.0,0,0,0,CLEAR,none,nan,0.0,0.0,0,0,0,0,4.097921560984858,0,0,1,0,2.0,1.0,"6.333,13.437;6.194,13.605;6.061,13.780;5.930,13.957;5.801,14.135;5.672,14.313;5.544,14.492;5.416,14.671;5.289,14.851;5.161,15.030;5.034,15.209;4.906,15.388;4.842,15.478",2.7500000000000004,18.35,2.0,2.7500000000000004,18.35,2.0,2.7500000000000004,18.35,2.0,6.377542211041689,0.0,0.0,0,0,1,0,unmatched_render_rate,unmatched render attempts 1.1% > 1.0%,0,1,PASS_THROUGH,-1,0.9956196203822906,-0.09322413706930009,0.007129640769910858,0.9,0,0.9974050063156336,-0.07145851255258705,0.008771223419964693,4.5,0.9,0,0,0,BYPASS_VISIBLE,1,0,1,1,1
1787562312340353792,1787562312357271808,joint_v2_000000_07a44bf5,28,21,0.03333333333333333,0.7,16.918182373046875,frame_id_exact,1,,6.310230731964111,13.46141529083252,1.9417585134506226,-0.057826110460595936,8.051947611941847e-05,0.3397770931327548,0.9387266169912667,-0.6901021599769592,0.7561189532279968,-0.14652469754219055,1.0326096033568029,0.042646652243691754,-0.03640082049911576,0.6924218890327806,-0.28738659620285034,depth/000028.png,1.0,0.039447146989788726,0.1085111007458042,-0.9933122689312258,1.0326096033568029,0.042646652243691754,-0.03640082049911576,-0.28738659620285034,0.9979717150788561,-0.0629262888676285,0.009630060846870148,4.5,0.9,1.0,0.0,0.05824148654937744,-0.0894346336787799,1.0,0.0,0.05824148654937744,-0.0894346336787799,direct,SAFE_PROGRESSING,NONE,DIRECT_LOCAL,PASS_THROUGH,0,7,0,0,0,0,0,1.0,6.047603105654985,inf,0.0,0,0,0,CLEAR,none,nan,0.0,0.0,0,0,0,0,0.0,0,0,1,0,2.0,1.0,"6.333,13.437;6.194,13.605;6.061,13.780;5.930,13.957;5.801,14.135;5.672,14.313;5.544,14.492;5.416,14.671;5.289,14.851;5.161,15.030;5.034,15.209;4.906,15.388;4.842,15.478",2.7500000000000004,18.35,2.0,2.7500000000000004,18.35,2.0,2.7500000000000004,18.35,2.0,6.35087848990907,0.0,0.0,0,0,1,0,unmatched_render_rate,unmatched render attempts 1.1% > 1.0%,0,1,PASS_THROUGH,-1,0.9956196203822906,-0.09322413706930009,0.007129640769910858,0.9,0,0.9979717150788561,-0.0629262888676285,0.009630060846870148,4.5,0.9,0,0,0,BYPASS_VISIBLE,1,0,1,1,1
1787562312385018624,1787562312403689728,joint_v2_000000_07a44bf5,29,22,0.03333333333333333,0.7333333333333333,18.671035766601562,frame_id_exact,1,,6.287060260772705,13.487141609191895,1.9369865655899048,-0.027263387827829565,0.006473888291133026,0.33563198230784247,0.9415763213391953,-0.6982863545417786,0.7846506237983704,-0.1383344829082489,1.054801087722785,0.041028908657110924,-0.09015629496128896,0.6841146427933236,-0.25187918543815613,depth/000029.png,1.0,0.03049224964601573,0.0469954329155581,-0.9984295929090866,1.054801087722785,0.041028908657110924,-0.09015629496128896,-0.25187918543815613,0.9984187512397259,-0.05522856814579985,0.010478665634089359,4.5,0.9,1.0,0.0,0.06301343441009521,-0.08943744945435483,1.0,0.0,0.06301343441009521,-0.08943744945435483,direct,SAFE_PROGRESSING,NONE,DIRECT_LOCAL,PASS_THROUGH,0,6,0,0,0,0,0,1.0,6.013167802197963,inf,0.0,0,0,0,CLEAR,none,nan,0.0,0.0,0,0,0,0,0.0,0,0,1,0,2.0,1.0,"6.333,13.437;6.194,13.605;6.061,13.780;5.930,13.957;5.801,14.135;5.672,14.313;5.544,14.492;5.416,14.671;5.289,14.851;5.161,15.030;5.034,15.209;4.906,15.388;4.842,15.478",2.7500000000000004,18.35,2.0,2.7500000000000004,18.35,2.0,2.7500000000000004,18.35,2.0,6.323635348377991,0.0,0.0,0,0,1,0,unmatched_render_rate,unmatched render attempts 1.1% > 1.0%,0,1,PASS_THROUGH,-1,0.9956196203822906,-0.09322413706930009,0.007129640769910858,0.9,0,0.9984187512397259,-0.05522856814579985,0.010478665634089359,4.5,0.9,0,0,0,BYPASS_VISIBLE,1,0,1,1,1
1787562312438820608,1787562312457625600,joint_v2_000000_07a44bf5,30,23,0.03333333333333333,0.7666666666666667,18.80502700805664,frame_id_exact,1,,6.2638115882873535,13.513518333435059,1.9326471090316772,0.005122578427629013,0.013863264056321593,0.33164409828607333,0.9432888005123219,-0.6946398019790649,0.7947594523429871,-0.12075721472501755,1.0521308646420655,0.04144910423556815,-0.14160495018110075,0.6763830320194125,-0.21950989961624146,depth/000030.png,1.0,0.022756377638684933,-0.01885948113557795,-0.9995631381999149,1.0521308646420655,0.04144910423556815,-0.14160495018110075,-0.21950989961624146,0.9987810992515215,-0.04805619788443887,0.011265772180105424,4.5,0.9,1.0666666666,0.0,0.06735289096832275,-0.05960380156825429,1.0666666666,0.0,0.06735289096832275,-0.05960380156825429,direct,SAFE_PROGRESSING,NONE,DIRECT_LOCAL,PASS_THROUGH,0,6,0,0,0,0,0,1.0666666666,5.9781624926896475,inf,0.0,0,0,0,CLEAR,none,nan,0.0,0.0,0,0,0,0,2.7546531579488733,0,0,1,0,2.0,2.0,"6.264,13.514;6.108,13.710;5.910,13.976;5.672,14.304;5.427,14.646;5.183,14.987;4.940,15.329;4.695,15.671;4.500,15.941",2.7500000000000004,18.35,2.0,2.7500000000000004,18.35,2.0,2.7500000000000004,18.35,2.0,6.2964527805727535,0.0,0.0,0,0,1,0,unmatched_render_rate,unmatched render attempts 1.1% > 1.0%,0,1,PASS_THROUGH,-1,0.9956196203822906,-0.09322413706930009,0.007129640769910858,0.9,0,0.9987810992515215,-0.04805619788443887,0.011265772180105424,4.5,0.9,0,0,0,BYPASS_VISIBLE,1,0,1,1,1
1787562312489245184,1787562312505926144,joint_v2_000000_07a44bf5,31,24,0.03333333333333333,0.8,16.68095588684082,frame_id_exact,1,,6.240886211395264,13.53991985321045,1.929004430770874,0.031228029382182,0.020245363777930635,0.32790943504569975,0.9439758142211139,-0.6791542172431946,0.7866519689559937,-0.09731871634721756,1.0285091816700176,0.04282631255994798,-0.17285101615557985,0.6693026772059885,-0.19217826426029205,depth/000031.png,1.0,0.017742336568345816,-0.07223430052256405,-0.9972298708528097,1.0285091816700176,0.04282631255994798,-0.17285101615557985,-0.19217826426029205,0.9990674277933587,-0.04149219180622824,0.011944569539220656,4.5,0.9,1.1333333332,0.0,0.07099556922912598,-0.05156672179489674,1.1333333332,0.0,0.07099556922912598,-0.05156672179489674,direct,SAFE_PROGRESSING,NONE,DIRECT_LOCAL,PASS_THROUGH,0,6,0,0,0,0,0,1.1333333332,5.943328828144088,inf,0.0,0,0,0,CLEAR,none,nan,0.0,0.0,0,0,0,0,0.0,0,0,1,0,2.0,2.0,"6.264,13.514;6.108,13.710;5.910,13.976;5.672,14.304;5.427,14.646;5.183,14.987;4.940,15.329;4.695,15.671;4.500,15.941",2.7500000000000004,18.35,2.0,2.7500000000000004,18.35,2.0,2.7500000000000004,18.35,2.0,6.269859107095449,0.0,0.0,0,0,1,0,unmatched_render_rate,unmatched render attempts 1.1% > 1.0%,1,1,PASS_THROUGH,-1,0.9991387052648855,-0.041495152025366376,0.0,0.9,0,0.9990674277933587,-0.04149219180622824,0.011944569539220656,4.5,0.9,0,0,0,BYPASS_VISIBLE,1,0,1,1,1
1787562312533714176,1787562312550810624,joint_v2_000000_07a44bf5,32,25,0.03333333333333333,0.8333333333333334,17.096281051635742,frame_id_exact,1,,6.218625068664551,13.565825462341309,1.9262065887451172,0.04146395811132366,0.022758032881225475,0.32479794736470025,0.944599971154349,-0.6557964086532593,0.76650071144104,-0.07028206437826157,0.9967630365409715,0.04384583514339876,-0.16453823428493208,0.6631152891320741,-0.17014752328395844,depth/000032.png,1.0,0.016059657437922942,-0.09311723200356371,-0.995525624234239,0.9967630365409715,0.04384583514339876,-0.16453823428493208,-0.17014752328395844,0.9992815653104224,-0.03578316529029996,0.012486725453812558,4.5,0.9,1.1999999998,0.0,0.07379341125488281,-0.052838500848485515,1.1999999998,0.0,0.07379341125488281,-0.052838500848485515,direct,SAFE_PROGRESSING,NONE,DIRECT_LOCAL,PASS_THROUGH,0,6,0,0,0,0,0,1.1999999998,5.909288102110941,inf,0.0,0,0,0,CLEAR,none,nan,0.0,0.0,0,0,0,0,0.0,0,0,1,0,2.0,2.0,"6.264,13.514;6.108,13.710;5.910,13.976;5.672,14.304;5.427,14.646;5.183,14.987;4.940,15.329;4.695,15.671;4.500,15.941",2.7500000000000004,18.35,2.0,2.7500000000000004,18.35,2.0,2.7500000000000004,18.35,2.0,6.24407475205177,0.0,0.0,0,0,1,0,unmatched_render_rate,unmatched render attempts 1.1% > 1.0%,0,1,PASS_THROUGH,-1,0.9990674277933587,-0.04149219180622824,0.011944569539220656,0.9,0,0.9992815653104224,-0.03578316529029996,0.012486725453812558,4.5,0.9,0,0,0,BYPASS_VISIBLE,1,0,1,1,1
1787562312578742272,1787562312594584832,joint_v2_000000_07a44bf5,33,26,0.03333333333333333,0.8666666666666667,15.842676162719727,frame_id_exact,1,,6.197169303894043,13.591012954711914,1.924325704574585,0.031463153885045655,0.0198466587219511,0.3224916658150981,0.9458410572421688,-0.6322197914123535,0.7456429600715637,-0.04297460615634918,0.9708609728939945,0.0436656078382066,-0.11425581532466181,0.6578179199818089,-0.1531350463628769,depth/000033.png,1.0,0.01725035952021918,-0.07231904953382078,-0.9972323601703607,0.9708609728939945,0.0436656078382066,-0.11425581532466181,-0.1531350463628769,0.9994386402832005,-0.03092882358409222,0.012876807856421108,4.5,0.9,1.1333333332,0.0,0.07567429542541504,-0.02959395782522134,1.1333333332,0.0,0.07567429542541504,-0.02959395782522134,direct,SAFE_PROGRESSING,NONE,DIRECT_LOCAL,PASS_THROUGH,0,6,0,0,0,0,0,1.1333333332,5.876302741259097,inf,0.0,0,0,0,CLEAR,none,nan,0.0,0.0,0,0,0,0,1.7725207121696338,0,0,1,0,2.0,1.0,"6.197,13.591;6.063,13.762;5.932,13.939;5.802,14.117;5.673,14.295;5.545,14.474;5.417,14.653;5.289,14.832;5.161,15.011;5.033,15.190;4.905,15.369;4.777,15.548;4.713,15.637",2.7500000000000004,18.35,2.0,2.7500000000000004,18.35,2.0,2.7500000000000004,18.35,2.0,6.21890966786531,0.0,0.0,0,0,1,0,unmatched_render_rate,unmatched render attempts 1.1% > 1.0%,0,1,PASS_THROUGH,-1,0.9990674277933587,-0.04149219180622824,0.011944569539220656,0.9,0,0.9994386402832005,-0.03092882358409222,0.012876807856421108,4.5,0.9,0,0,0,BYPASS_VISIBLE,1,0,1,1,1
1787562312621925376,1787562312639557888,joint_v2_000000_07a44bf5,34,27,0.03333333333333333,0.9,17.632484436035156,frame_id_exact,1,,6.1763834953308105,13.615662574768066,1.923262119293213,0.0051549517148683785,0.012428340670814504,0.32066692995315427,0.9470964485496747,-0.616714596748352,0.7360637187957764,-0.022195367142558098,0.9587726198853133,0.042061656416931686,-0.04006503101533795,0.6531078407919663,-0.13685648143291473,depth/000034.png,1.0,0.020235629540460615,-0.01773518861783782,-0.9996379256419751,0.9587726198853133,0.042061656416931686,-0.04006503101533795,-0.13685648143291473,0.9995592125451755,-0.026626949332784217,0.013129591969972907,4.5,0.9,1.0666666666,0.0,0.07673788070678711,-0.025564801409536653,1.0666666666,0.0,0.07673788070678711,-0.025564801409536653,direct,SAFE_PROGRESSING,NONE,DIRECT_LOCAL,PASS_THROUGH,0,6,0,0,0,0,0,1.0666666666,5.8441470475191775,inf,0.0,0,0,0,CLEAR,none,nan,0.0,0.0,0,0,0,0,0.0,0,0,1,0,2.0,1.0,"6.197,13.591;6.063,13.762;5.932,13.939;5.802,14.117;5.673,14.295;5.545,14.474;5.417,14.653;5.289,14.832;5.161,15.011;5.033,15.190;4.905,15.369;4.777,15.548;4.713,15.637",2.7500000000000004,18.35,2.0,2.7500000000000004,18.35,2.0,2.7500000000000004,18.35,2.0,6.193850766004315,0.0,0.0,0,0,1,0,unmatched_render_rate,unmatched render attempts 1.1% > 1.0%,0,1,PASS_THROUGH,-1,0.9990674277933587,-0.04149219180622824,0.011944569539220656,0.9,0,0.9995592125451755,-0.026626949332784217,0.013129591969972907,4.5,0.9,0,0,0,BYPASS_VISIBLE,1,0,1,1,1
1787562312666198016,1787562312685056512,joint_v2_000000_07a44bf5,35,28,0.03333333333333333,0.9333333333333333,18.85843276977539,frame_id_exact,1,,6.155919551849365,13.640275001525879,1.9227491617202759,-0.024641656189057858,0.004260035266479676,0.31888169258079574,0.9474645676839824,-0.6131296753883362,0.743623673915863,-0.00987304374575615,0.962540615772371,0.038995137210347745,0.0315687583732494,0.6487856559790662,-0.11929944902658463,depth/000035.png,1.0,0.02378801101126899,0.043977297743908225,-0.9987492817595772,0.962540615772371,0.038995137210347745,0.0315687583732494,-0.11929944902658463,0.9996545333949995,-0.022675779907656943,0.0132899536645293,4.5,0.9,1.0,0.0,0.07725083827972412,-0.02730111477584507,1.0,0.0,0.07725083827972412,-0.02730111477584507,direct,SAFE_PROGRESSING,NONE,DIRECT_LOCAL,PASS_THROUGH,0,6,0,0,0,0,0,1.0,5.812211072812295,inf,0.0,0,0,0,CLEAR,none,nan,0.0,0.0,0,0,0,0,0.0,0,0,1,0,2.0,1.0,"6.197,13.591;6.063,13.762;5.932,13.939;5.802,14.117;5.673,14.295;5.545,14.474;5.417,14.653;5.289,14.832;5.161,15.011;5.033,15.190;4.905,15.369;4.777,15.548;4.713,15.637",2.7500000000000004,18.35,2.0,2.7500000000000004,18.35,2.0,2.7500000000000004,18.35,2.0,6.168332227033369,0.0,0.0,0,0,1,0,unmatched_render_rate,unmatched render attempts 1.1% > 1.0%,0,1,PASS_THROUGH,-1,0.9990674277933587,-0.04149219180622824,0.011944569539220656,0.9,0,0.9996545333949995,-0.022675779907656943,0.0132899536645293,4.5,0.9,0,0,0,BYPASS_VISIBLE,1,0,1,1,1
1787562312711726848,1787562312729472256,joint_v2_000000_07a44bf5,36,29,0.03333333333333333,0.9666666666666667,17.745256423950195,frame_id_exact,1,,6.135394096374512,13.665407180786133,1.9225051403045654,-0.045499390780649455,-0.0011960967524338585,0.3171177104272408,0.9472933719416247,-0.619719922542572,0.7661863565444946,-0.006020889151841402,0.9817012705652232,0.03450193279151117,0.07875784698399264,0.6449123788146333,-0.10141052305698395,depth/000036.png,1.0,0.026591216208824736,0.08696114955494474,-0.9958567495822971,0.9817012705652232,0.03450193279151117,0.07875784698399264,-0.10141052305698395,0.999727055698011,-0.01913312184940694,0.013406630959398395,4.5,0.9,1.0,0.0,0.07749485969543457,-0.013601788763712985,1.0,0.0,0.07749485969543457,-0.013601788763712985,direct,SAFE_PROGRESSING,NONE,DIRECT_LOCAL,PASS_THROUGH,0,6,0,0,0,0,0,1.0,5.779818601789985,inf,0.0,0,0,0,CLEAR,none,nan,0.0,0.0,0,0,0,0,1.0964125767489046,0,0,1,0,2.0,1.0,"6.135,13.665;6.003,13.839;5.872,14.016;5.743,14.194;5.614,14.373;5.486,14.551;5.358,14.730;5.230,14.909;5.102,15.088;4.974,15.267;4.846,15.446;4.718,15.625;4.654,15.714",2.7500000000000004,18.35,2.0,2.7500000000000004,18.35,2.0,2.7500000000000004,18.35,2.0,6.14197301382859,0.0,0.0,0,0,1,0,unmatched_render_rate,unmatched render attempts 1.1% > 1.0%,0,1,PASS_THROUGH,-1,0.9990674277933587,-0.04149219180622824,0.011944569539220656,0.9,0,0.999727055698011,-0.01913312184940694,0.013406630959398395,4.5,0.9,0,0,0,BYPASS_VISIBLE,1,0,1,1,1
1787562312757914880,1787562312774521088,joint_v2_000000_07a44bf5,37,30,0.03333333333333333,1.0,16.60633087158203,frame_id_exact,1,,6.114551544189453,13.691437721252441,1.922274112701416,-0.05025522831541125,-0.002186979217461123,0.31560899634186734,0.9475550593907182,-0.6310842633247375,0.796078622341156,-0.008463311940431595,1.0116034461431858,0.028800835228808004,0.08893327642156432,0.6417039034959177,-0.08501194417476654,depth/000037.png,1.0,0.027577437894541396,0.09661965233389408,-0.9949392582977366,1.0116034461431858,0.028800835228808004,0.08893327642156432,-0.08501194417476654,0.9997771073178506,-0.016211825101043256,0.013524511453075415,4.5,0.9,1.0,0.0,0.07772588729858398,-0.010830928205870505,1.0,0.0,0.07772588729858398,-0.010830928205870505,direct,SAFE_PROGRESSING,NONE,DIRECT_LOCAL,PASS_THROUGH,0,6,0,0,0,0,0,1.0,5.74651282070068,inf,0.0,0,0,0,CLEAR,none,nan,0.0,0.0,0,0,0,0,0.0,0,0,1,0,2.0,1.0,"6.135,13.665;6.003,13.839;5.872,14.016;5.743,14.194;5.614,14.373;5.486,14.551;5.358,14.730;5.230,14.909;5.102,15.088;4.974,15.267;4.846,15.446;4.718,15.625;4.654,15.714",2.7500000000000004,18.35,2.0,2.7500000000000004,18.35,2.0,2.7500000000000004,18.35,2.0,6.114679827182435,0.0,0.0,0,0,1,0,unmatched_render_rate,unmatched render attempts 1.1% > 1.0%,1,1,PASS_THROUGH,-1,0.999868555683426,-0.01621330797647388,0.0,0.9,0,0.9997771073178506,-0.016211825101043256,0.013524511453075415,4.5,0.9,0,0,0,BYPASS_VISIBLE,1,0,1,1,1
1787562312804881152,1787562312823889408,joint_v2_000000_07a44bf5,38,31,0.03333333333333333,1.0333333333333334,19.008398056030273,frame_id_exact,1,,6.093334674835205,13.718462944030762,1.9219170808792114,-0.04014939232267232,0.0004995748962790894,0.314416185992331,0.9484356797944071,-0.6413370966911316,0.8244884014129639,-0.012816849164664745,1.042312287932241,0.022501400634988147,0.06585930969988078,0.6392225270335058,-0.07067816704511642,depth/000038.png,1.0,0.02619486692073017,0.07584408353476096,-0.9967755534420863,1.042312287932241,0.022501400634988147,0.06585930969988078,-0.07067816704511642,0.9998089636188067,-0.013971927466033337,0.013668266545964942,4.5,0.9,1.0,0.0,0.07808291912078857,-0.012975442699793005,1.0,0.0,0.07808291912078857,-0.012975442699793005,direct,SAFE_PROGRESSING,NONE,DIRECT_LOCAL,PASS_THROUGH,0,6,0,0,0,0,0,1.0,5.712181916638478,inf,0.0,0,0,0,CLEAR,none,nan,0.0,0.0,0,0,0,0,0.0,0,0,1,0,2.0,1.0,"6.135,13.665;6.003,13.839;5.872,14.016;5.743,14.194;5.614,14.373;5.486,14.551;5.358,14.730;5.230,14.909;5.102,15.088;4.974,15.267;4.846,15.446;4.718,15.625;4.654,15.714",2.7500000000000004,18.35,2.0,2.7500000000000004,18.35,2.0,2.7500000000000004,18.35,2.0,6.0866324465192925,0.0,0.0,0,0,1,0,unmatched_render_rate,unmatched render attempts 1.1% > 1.0%,0,1,PASS_THROUGH,-1,0.9997771073178506,-0.016211825101043256,0.013524511453075415,0.9,0,0.9998089636188067,-0.013971927466033337,0.013668266545964942,4.5,0.9,0,0,0,BYPASS_VISIBLE,1,0,1,1,1
1787562312852519680,1787562312870350592,joint_v2_000000_07a44bf5,39,32,0.03333333333333333,1.0666666666666667,17.830848693847656,frame_id_exact,1,,6.071857929229736,13.746308326721191,1.921455979347229,-0.019627036876147436,0.005362590697307032,0.3133874593790464,0.9494073532201138,-0.6461036801338196,0.8443873524665833,-0.014048630371689796,1.0629652244717216,0.01655339065103949,0.021639023199950473,0.6372714126293639,-0.058610714972019196,depth/000039.png,1.0,0.02248430052417555,0.033906968915635896,-0.999172044088951,1.0629652244717216,0.01655339065103949,0.021639023199950473,-0.058610714972019196,0.9998296591719016,-0.012217653995389335,0.013834072829351155,4.5,0.9,1.0666666666,0.0,0.078544020652771,-0.01147380012036514,1.0666666666,0.0,0.078544020652771,-0.01147380012036514,direct,SAFE_PROGRESSING,NONE,DIRECT_LOCAL,PASS_THROUGH,0,6,0,0,0,0,0,1.0666666666,5.677034183850148,inf,0.0,0,0,0,CLEAR,none,nan,0.0,0.0,0,0,0,0,0.7001044261949749,0,0,1,0,2.0,2.0,"6.072,13.746;5.921,13.949;5.726,14.218;5.488,14.548;5.243,14.889;4.998,15.230;4.753,15.571;4.508,15.913;4.316,16.179",2.7500000000000004,18.35,2.0,2.7500000000000004,18.35,2.0,2.7500000000000004,18.35,2.0,6.058200562503446,0.0,0.0,0,0,1,0,unmatched_render_rate,unmatched render attempts 1.1% > 1.0%,0,1,PASS_THROUGH,-1,0.9997771073178506,-0.016211825101043256,0.013524511453075415,0.9,0,0.9998296591719016,-0.012217653995389335,0.013834072829351155,4.5,0.9,0,0,0,BYPASS_VISIBLE,1,0,1,1,1
1787562312897583360,1787562312914974720,joint_v2_000000_07a44bf5,40,33,0.03333333333333333,1.1,17.391443252563477,frame_id_exact,1,,6.050350189208984,13.774608612060547,1.9210318326950073,0.004078031300737592,0.010315667480898561,0.3123651996919155,0.9498973306029255,-0.642960250377655,0.8512855768203735,-0.010618855245411396,1.0664808949690732,0.011922701700834558,-0.025963952028409447,0.6355250811599517,-0.04929682984948158,depth/000040.png,1.0,0.017049979883776337,-0.014191933158624185,-0.9997539133302674,1.0664808949690732,0.011922701700834558,-0.025963952028409447,-0.04929682984948158,0.999845563562348,-0.010627843932756285,0.013996355169529868,4.5,0.9,1.1333333332,0.0,0.07896816730499268,-0.009812236165021027,1.1333333332,0.0,0.07896816730499268,-0.009812236165021027,direct,SAFE_PROGRESSING,NONE,DIRECT_LOCAL,PASS_THROUGH,0,6,0,0,0,0,0,1.1333333332,5.641499598887011,inf,0.0,0,0,0,CLEAR,none,nan,0.0,0.0,0,0,0,0,0.0,0,0,1,0,2.0,2.0,"6.072,13.746;5.921,13.949;5.726,14.218;5.488,14.548;5.243,14.889;4.998,15.230;4.753,15.571;4.508,15.913;4.316,16.179",2.7500000000000004,18.35,2.0,2.7500000000000004,18.35,2.0,2.7500000000000004,18.35,2.0,6.029830111490986,0.0,0.0,0,0,1,0,unmatched_render_rate,unmatched render attempts 1.1% > 1.0%,0,1,PASS_THROUGH,-1,0.9997771073178506,-0.016211825101043256,0.013524511453075415,0.9,0,0.999845563562348,-0.010627843932756285,0.013996355169529868,4.5,0.9,0,0,0,BYPASS_VISIBLE,1,0,1,1,1
1787562312947134464,1787562312963124736,joint_v2_000000_07a44bf5,41,34,0.03333333333333333,1.1333333333333333,15.990257263183594,frame_id_exact,1,,6.029071807861328,13.802919387817383,1.9208253622055054,0.020235355228922263,0.012361297983974378,0.31141891430508345,0.9499768357828279,-0.6328851580619812,0.8456647992134094,-0.0008699637837707996,1.0550538506756326,0.009138384662862962,-0.04971111405966862,0.6338072573043104,-0.04197714105248451,depth/000041.png,1.0,0.010882548778031928,-0.04614532145776798,-0.9988754574218215,1.0550538506756326,0.009138384662862962,-0.04971111405966862,-0.04197714105248451,0.9998594722625381,-0.009034228973045861,0.014121559182374843,4.5,0.9,1.1999999998,0.0,0.07917463779449463,-0.010107525389992933,1.1999999998,0.0,0.07917463779449463,-0.010107525389992933,direct,SAFE_PROGRESSING,NONE,DIRECT_LOCAL,PASS_THROUGH,0,6,0,0,0,0,0,1.1999999998,5.606090796160727,inf,0.0,0,0,0,CLEAR,none,nan,0.0,0.0,0,0,0,0,0.0,0,0,1,0,2.0,2.0,"6.072,13.746;5.921,13.949;5.726,14.218;5.488,14.548;5.243,14.889;4.998,15.230;4.753,15.571;4.508,15.913;4.316,16.179",2.7500000000000004,18.35,2.0,2.7500000000000004,18.35,2.0,2.7500000000000004,18.35,2.0,6.001845555008037,0.0,0.0,0,0,1,0,unmatched_render_rate,unmatched render attempts 1.1% > 1.0%,0,1,PASS_THROUGH,-1,0.9997771073178506,-0.016211825101043256,0.013524511453075415,0.9,0,0.9998594722625381,-0.009034228973045861,0.014121559182374843,4.5,0.9,0,0,0,BYPASS_VISIBLE,1,0,1,1,1
1787562312990580992,1787562313005993728,joint_v2_000000_07a44bf5,42,35,0.03333333333333333,1.1666666666666667,15.41280746459961,frame_id_exact,1,,6.008182525634766,13.830914497375488,1.9210255146026611,0.02146343259709869,0.009678400179063731,0.3107290580480113,0.9502068733258665,-0.6206815242767334,0.8337084054946899,0.013136358000338078,1.0388248750638196,0.008112203165194688,-0.03556536209497585,0.6322195775475227,-0.036101333796978,depth/000042.png,1.0,0.0050543403591423956,-0.04680412269996361,-0.9988912992622474,1.0388248750638196,0.008112203165194688,-0.03556536209497585,-0.036101333796978,0.999871046248576,-0.0075487930462185444,0.01417415243756172,4.5,0.9,1.1333333332,0.0,0.07897448539733887,-0.008724661685032276,1.1333333332,0.0,0.07897448539733887,-0.008724661685032276,direct,SAFE_PROGRESSING,NONE,DIRECT_LOCAL,PASS_THROUGH,0,6,0,0,0,0,0,1.1333333332,5.571165690444217,inf,0.0,0,0,0,CLEAR,none,nan,0.0,0.0,0,0,0,0,0.432561545063002,0,0,1,0,2.0,1.0,"6.008,13.831;5.878,14.008;5.749,14.186;5.620,14.365;5.492,14.543;5.363,14.722;5.235,14.900;5.106,15.079;4.978,15.258;4.849,15.436;4.721,15.615;4.593,15.794;4.528,15.883",2.7500000000000004,18.35,2.0,2.7500000000000004,18.35,2.0,2.7500000000000004,18.35,2.0,5.974301394045366,0.0,0.0,0,0,1,0,unmatched_render_rate,unmatched render attempts 1.1% > 1.0%,0,1,PASS_THROUGH,-1,0.9997771073178506,-0.016211825101043256,0.013524511453075415,0.9,0,0.999871046248576,-0.0075487930462185444,0.01417415243756172,4.5,0.9,0,0,0,BYPASS_VISIBLE,1,0,1,1,1
1787562313033184512,1787562313047729920,joint_v2_000000_07a44bf5,43,36,0.03333333333333333,1.2,14.545440673828125,frame_id_exact,1,,5.98764181137085,13.858536720275879,1.9216665029525757,0.00790248743823618,0.002837881597401534,0.3102536926022748,0.9506167173719284,-0.6129875183105469,0.8248035311698914,0.024498358368873596,1.0278771190776372,0.008421106495808198,0.007241908564582268,0.6309469033377083,-0.030859937891364098,depth/000043.png,1.0,0.00049192355991237,-0.01678539982474169,-0.9998589942406553,1.0278771190776372,0.008421106495808198,0.007241908564582268,-0.030859937891364098,0.9998796556708485,-0.006367917075243244,0.014146512208607527,4.5,0.9,1.0666666666,0.0,0.07833349704742432,-0.007168303246516405,1.0666666666,0.0,0.07833349704742432,-0.007168303246516405,direct,SAFE_PROGRESSING,NONE,DIRECT_LOCAL,PASS_THROUGH,0,6,0,0,0,0,0,1.0666666666,5.53674695934778,inf,0.0,0,0,0,CLEAR,none,nan,0.0,0.0,0,0,0,0,0.0,0,0,1,0,2.0,1.0,"6.008,13.831;5.878,14.008;5.749,14.186;5.620,14.365;5.492,14.543;5.363,14.722;5.235,14.900;5.106,15.079;4.978,15.258;4.849,15.436;4.721,15.615;4.593,15.794;4.528,15.883",2.7500000000000004,18.35,2.0,2.7500000000000004,18.35,2.0,2.7500000000000004,18.35,2.0,5.946978655000885,0.0,0.0,0,0,1,0,unmatched_render_rate,unmatched render attempts 1.1% > 1.0%,1,1,PASS_THROUGH,-1,0.9999797205520741,-0.006368554356802287,0.0,0.9,0,0.9998796556708485,-0.006367917075243244,0.014146512208607527,4.5,0.9,0,0,0,BYPASS_VISIBLE,1,0,1,1,1
1787562313073713920,1787562313095996416,joint_v2_000000_07a44bf5,44,37,0.03333333333333333,1.2333333333333334,22.28236198425293,frame_id_exact,1,,5.96722412109375,13.886004447937012,1.9226022958755493,-0.009675500381736252,-0.004288184432021841,0.3097879417377517,0.9507467734999302,-0.6134428381919861,0.8249148726463318,0.030965855345129967,1.0270802398683387,0.009618333194219146,0.052623336819030024,0.629999218184385,-0.026045246049761772,depth/000044.png,1.0,-0.002159248328752983,0.021054757197842004,-0.99977599233328,1.0270802398683387,0.009618333194219146,0.052623336819030024,-0.026045246049761772,0.9998859011445425,-0.00551141229816906,0.014064459706870461,4.5,0.9,1.0,0.0,0.07739770412445068,-0.007630468816248737,1.0,0.0,0.07739770412445068,-0.007630468816248737,direct,SAFE_PROGRESSING,NONE,DIRECT_LOCAL,PASS_THROUGH,0,6,0,0,0,0,0,1.0,5.5025255414387315,inf,0.0,0,0,0,CLEAR,none,nan,0.0,0.0,0,0,0,0,0.0,0,0,1,0,2.0,1.0,"6.008,13.831;5.878,14.008;5.749,14.186;5.620,14.365;5.492,14.543;5.363,14.722;5.235,14.900;5.106,15.079;4.978,15.258;4.849,15.436;4.721,15.615;4.593,15.794;4.528,15.883",2.7500000000000004,18.35,2.0,2.7500000000000004,18.35,2.0,2.7500000000000004,18.35,2.0,5.9195711774140385,0.0,0.0,0,0,1,0,unmatched_render_rate,unmatched render attempts 1.1% > 1.0%,0,1,PASS_THROUGH,-1,0.9998796556708485,-0.006367917075243244,0.014146512208607527,0.9,0,0.9998859011445425,-0.00551141229816906,0.014064459706870461,4.5,0.9,0,0,0,BYPASS_VISIBLE,1,0,1,1,1
1787562313124656128,1787562313141428480,joint_v2_000000_07a44bf5,45,38,0.03333333333333333,1.2666666666666666,16.77227020263672,frame_id_exact,1,,5.946667671203613,13.913626670837402,1.9236764907836914,-0.02083136358369584,-0.00815724135718895,0.3093394789982279,0.9506884875908562,-0.6206811666488647,0.8334251642227173,0.03283802047371864,1.0365887291584113,0.011245643584770822,0.07923567796772897,0.6292181713418591,-0.021531328558921814,depth/000045.png,1.0,-0.0026220645819528335,0.04465498866266933,-0.9989990274093689,1.0365887291584113,0.011245643584770822,0.07923567796772897,-0.021531328558921814,0.9998909519760951,-0.004826733398791731,0.013956604208588698,4.5,0.9,1.0,0.0,0.0763235092163086,-0.001627834912504289,1.0,0.0,0.0763235092163086,-0.001627834912504289,direct,SAFE_PROGRESSING,NONE,DIRECT_LOCAL,PASS_THROUGH,0,6,0,0,0,0,0,1.0,5.468097705402087,inf,0.0,0,0,0,CLEAR,none,nan,0.0,0.0,0,0,0,0,0.2765794649521265,0,0,1,0,2.0,1.0,"5.947,13.914;5.817,14.091;5.688,14.269;5.559,14.448;5.430,14.626;5.302,14.805;5.173,14.983;5.045,15.162;4.917,15.341;4.788,15.519;4.660,15.698;4.532,15.877;4.467,15.966",2.7500000000000004,18.35,2.0,2.7500000000000004,18.35,2.0,2.7500000000000004,18.35,2.0,5.891885278300277,0.0,0.0,0,0,1,0,unmatched_render_rate,unmatched render attempts 1.1% > 1.0%,0,1,PASS_THROUGH,-1,0.9998796556708485,-0.006367917075243244,0.014146512208607527,0.9,0,0.9998909519760951,-0.004826733398791731,0.013956604208588698,4.5,0.9,0,0,0,BYPASS_VISIBLE,1,0,1,1,1
1787562313170853376,1787562313188929536,joint_v2_000000_07a44bf5,46,39,0.03333333333333333,1.3,18.076181411743164,frame_id_exact,1,,5.925820827484131,13.941601753234863,1.9247545003890991,-0.020202463099896376,-0.007124464986860655,0.3090220682114425,0.9508135799627974,-0.6300122141838074,0.8451179265975952,0.031584177166223526,1.0517091708191104,0.012716738048490895,0.07670309454679326,0.6285011109393926,-0.017216041684150696,depth/000046.png,1.0,-0.0010620622587625105,0.042820786338436945,-0.9990822049666966,1.0517091708191104,0.012716738048490895,0.07670309454679326,-0.017216041684150696,0.9998952399293518,-0.00421265383030225,0.013847841504365691,4.5,0.9,1.0,0.0,0.07524549961090088,-0.0016642086299845094,1.0,0.0,0.07524549961090088,-0.0016642086299845094,direct,SAFE_PROGRESSING,NONE,DIRECT_LOCAL,PASS_THROUGH,0,6,0,0,0,0,0,1.0,5.433213876736671,inf,0.0,0,0,0,CLEAR,none,nan,0.0,0.0,0,0,0,0,0.0,0,0,1,0,2.0,1.0,"5.947,13.914;5.817,14.091;5.688,14.269;5.559,14.448;5.430,14.626;5.302,14.805;5.173,14.983;5.045,15.162;4.917,15.341;4.788,15.519;4.660,15.698;4.532,15.877;4.467,15.966",2.7500000000000004,18.35,2.0,2.7500000000000004,18.35,2.0,2.7500000000000004,18.35,2.0,5.863916054774608,0.0,0.0,0,0,1,0,unmatched_render_rate,unmatched render attempts 1.1% > 1.0%,0,1,PASS_THROUGH,-1,0.9998796556708485,-0.006367917075243244,0.014146512208607527,0.9,0,0.9998952399293518,-0.00421265383030225,0.013847841504365691,4.5,0.9,0,0,0,BYPASS_VISIBLE,1,0,1,1,1
1787562313217928960,1787562313235830784,joint_v2_000000_07a44bf5,47,40,0.03333333333333333,1.3333333333333333,17.901897430419922,frame_id_exact,1,,5.904699802398682,13.969938278198242,1.9257786273956299,-0.010052331681204011,-0.00222647057430003,0.30880928267896685,0.9510682522237061,-0.6364142298698425,0.8540721535682678,0.030105287209153175,1.064188029541172,0.013368370116159753,0.051901524652213454,0.6278959388872478,-0.013271131552755833,depth/000047.png,1.0,0.0019734557159932454,0.020496016607542217,-0.9997879869131057,1.064188029541172,0.013368370116159753,0.051901524652213454,-0.013271131552755833,0.9998985836489724,-0.003713859640278311,0.013748805888199673,4.5,0.9,1.0,0.0,0.07422137260437012,-0.003264090995273028,1.0,0.0,0.07422137260437012,-0.003264090995273028,direct,SAFE_PROGRESSING,NONE,DIRECT_LOCAL,PASS_THROUGH,0,6,0,0,0,0,0,1.0,5.397876576029436,inf,0.0,0,0,0,CLEAR,none,nan,0.0,0.0,0,0,0,0,0.0,0,0,1,0,2.0,1.0,"5.947,13.914;5.817,14.091;5.688,14.269;5.559,14.448;5.430,14.626;5.302,14.805;5.173,14.983;5.045,15.162;4.917,15.341;4.788,15.519;4.660,15.698;4.532,15.877;4.467,15.966",2.7500000000000004,18.35,2.0,2.7500000000000004,18.35,2.0,2.7500000000000004,18.35,2.0,5.835834520157876,0.0,0.0,0,0,1,0,unmatched_render_rate,unmatched render attempts 1.1% > 1.0%,0,1,PASS_THROUGH,-1,0.9998796556708485,-0.006367917075243244,0.014146512208607527,0.9,0,0.9998985836489724,-0.003713859640278311,0.013748805888199673,4.5,0.9,0,0,0,BYPASS_VISIBLE,1,0,1,1,1
1787562313264124416,1787562313279780864,joint_v2_000000_07a44bf5,48,41,0.03333333333333333,1.3666666666666667,15.656471252441406,frame_id_exact,1,,5.883464813232422,13.998465538024902,1.9267932176589966,0.005272451594232594,0.004671910711904489,0.30860033005463133,0.951165711532254,-0.6364997029304504,0.8562343716621399,0.03129798173904419,1.067137629056329,0.012711974116448784,0.01744766669924202,0.6274948558193217,-0.010017108172178268,depth/000048.png,1.0,0.005633361948653095,-0.01291345671965421,-0.999900749008973,1.067137629056329,0.012711974116448784,0.01744766669924202,-0.010017108172178268,0.9999009849202166,-0.003416995208628114,0.013650805812298931,4.5,0.9,1.0666666666,0.0,0.07320678234100342,0.001792872732373496,1.0666666666,0.0,0.07320678234100342,0.001792872732373496,direct,SAFE_PROGRESSING,NONE,DIRECT_LOCAL,PASS_THROUGH,0,6,0,0,0,0,0,1.0666666666,5.3623179605020255,inf,0.0,0,0,0,CLEAR,none,nan,0.0,0.0,0,0,0,0,0.19579802891863443,0,0,1,0,2.0,2.0,"5.883,13.998;5.734,14.203;5.539,14.473;5.301,14.803;5.056,15.144;4.811,15.486;4.566,15.827;4.321,16.168;4.130,16.433",2.7500000000000004,18.35,2.0,2.7500000000000004,18.35,2.0,2.7500000000000004,18.35,2.0,5.807896131702778,0.0,0.0,0,0,1,0,unmatched_render_rate,unmatched render attempts 1.1% > 1.0%,0,1,PASS_THROUGH,-1,0.9998796556708485,-0.006367917075243244,0.014146512208607527,0.9,0,0.9999009849202166,-0.003416995208628114,0.013650805812298931,4.5,0.9,0,0,0,BYPASS_VISIBLE,1,0,1,1,1
1787562313309178880,1787562313326272512,joint_v2_000000_07a44bf5,49,42,0.03333333333333333,1.4,17.093658447265625,frame_id_exact,1,,5.86235237121582,14.026924133300781,1.927893877029419,0.019753670999144223,0.011112006646771328,0.3083576673310758,0.9510004546731182,-0.6290246248245239,0.8500043749809265,0.03510725870728493,1.0579008760184831,0.010664864082348091,-0.011997205079520026,0.6272977192779237,-0.0077453553676605225,depth/000049.png,1.0,0.008952654925777221,-0.04442444510123032,-0.9989726315806794,1.0579008760184831,0.010664864082348091,-0.011997205079520026,-0.0077453553676605225,0.9999029045791105,-0.003314309990166414,0.013535019894618224,4.5,0.9,1.1333333332,0.0,0.07210612297058105,0.000706812453428185,1.1333333332,0.0,0.07210612297058105,0.000706812453428185,direct,SAFE_PROGRESSING,NONE,DIRECT_LOCAL,PASS_THROUGH,0,6,0,0,0,0,0,1.1333333332,5.3268867297747144,inf,0.0,0,0,0,CLEAR,none,nan,0.0,0.0,0,0,0,0,0.0,0,0,1,0,2.0,2.0,"5.883,13.998;5.734,14.203;5.539,14.473;5.301,14.803;5.056,15.144;4.811,15.486;4.566,15.827;4.321,16.168;4.130,16.433",2.7500000000000004,18.35,2.0,2.7500000000000004,18.35,2.0,2.7500000000000004,18.35,2.0,5.780343610830828,0.0,0.0,0,0,1,0,unmatched_render_rate,unmatched render attempts 1.1% > 1.0%,1,1,PASS_THROUGH,-1,0.9999945066531956,-0.003314613617316532,0.0,0.9,0,0.9999029045791105,-0.003314309990166414,0.013535019894618224,4.5,0.9,0,0,0,BYPASS_VISIBLE,1,0,1,1,1
1787562313355494656,1787562313372700160,joint_v2_000000_07a44bf5,50,43,0.03333333333333333,1.4333333333333333,17.205476760864258,frame_id_exact,1,,5.8415913581848145,14.05506420135498,1.9291759729385376,0.024714703329927677,0.013836782532747473,0.30820273422942057,0.9508989438957035,-0.6161144971847534,0.8379259705543518,0.042297642678022385,1.0407713442497073,0.007584705536597267,-0.015606972075715965,0.6271744418668871,-0.006333509460091591,depth/000050.png,1.0,0.011080485510702828,-0.05553143900930903,-0.9983954537769102,1.0407713442497073,0.007584705536597267,-0.015606972075715965,-0.006333509460091591,0.9999051135074419,-0.0032680096967329167,0.013382230542459149,4.5,0.9,1.1999999998,0.0,0.0708240270614624,-0.0015843671480375576,1.1999999998,0.0,0.0708240270614624,-0.0015843671480375576,direct,SAFE_PROGRESSING,NONE,DIRECT_LOCAL,PASS_THROUGH,0,6,0,0,0,0,0,1.1999999998,5.291919372069605,inf,0.0,0,0,0,CLEAR,none,nan,0.0,0.0,0,0,0,0,0.0,0,0,1,0,2.0,2.0,"5.883,13.998;5.734,14.203;5.539,14.473;5.301,14.803;5.056,15.144;4.811,15.486;4.566,15.827;4.321,16.168;4.130,16.433",2.7500000000000004,18.35,2.0,2.7500000000000004,18.35,2.0,2.7500000000000004,18.35,2.0,5.75326157815792,0.0,0.0,0,0,1,0,unmatched_render_rate,unmatched render attempts 1.1% > 1.0%,0,1,PASS_THROUGH,-1,0.9999029045791105,-0.003314309990166414,0.013535019894618224,0.9,0,0.9999051135074419,-0.0032680096967329167,0.013382230542459149,4.5,0.9,0,0,0,BYPASS_VISIBLE,1,0,1,1,1
1787562313414542592,1787562313431599360,joint_v2_000000_07a44bf5,51,44,0.03333333333333333,1.4666666666666666,17.056703567504883,frame_id_exact,1,,5.821277141571045,14.082795143127441,1.9307334423065186,0.015162463898375653,0.01094495532876278,0.30823884911439736,0.951125186049667,-0.6033389568328857,0.8268293142318726,0.05106145516037941,1.024716367009319,0.004048616683024421,0.014555404309595787,0.6269999465050474,-0.005493558943271637,depth/000051.png,1.0,0.011472724503201767,-0.03559012346092046,-0.9993006152827637,1.024716367009319,0.004048616683024421,0.014555404309595787,-0.005493558943271637,0.9999082695799009,-0.0031480053006976722,0.013173552609495478,4.5,0.9,1.1333333332,0.0,0.06926655769348145,-0.003598970492112441,1.1333333332,0.0,0.06926655769348145,-0.003598970492112441,direct,SAFE_PROGRESSING,NONE,DIRECT_LOCAL,PASS_THROUGH,0,6,0,0,0,0,1,1.1333333332,5.257545108779721,inf,0.0,0,0,0,CLEAR,none,nan,0.0,0.0,0,0,0,0,0.18038336834123553,0,0,1,0,2.0,1.0,"5.821,14.083;5.692,14.261;5.563,14.439;5.435,14.618;5.306,14.796;5.178,14.975;5.049,15.154;4.921,15.332;4.793,15.511;4.664,15.690;4.536,15.868;4.407,16.047;4.343,16.136",2.7500000000000004,18.35,2.0,2.7500000000000004,18.35,2.0,2.7500000000000004,18.35,2.0,5.726478987727971,0.0,0.0,0,0,1,0,unmatched_render_rate,unmatched render attempts 1.1% > 1.0%,0,1,PASS_THROUGH,-1,0.9999029045791105,-0.003314309990166414,0.013535019894618224,0.9,0,0.9999082695799009,-0.0031480053006976722,0.013173552609495478,4.5,0.9,0,0,0,BYPASS_VISIBLE,1,0,1,1,1
1787562313462181888,1787562313480471552,joint_v2_000000_07a44bf5,52,45,0.03333333333333333,1.5,18.289804458618164,frame_id_exact,1,,5.801291465759277,14.110288619995117,1.9325133562088013,-0.006501464147113021,0.0031368827950187593,0.3083198510563181,0.9512553602345083,-0.5974019765853882,0.8247942328453064,0.05456627160310745,1.0177928819591147,0.0005795519549370986,0.06518772670189962,0.6268174958624385,-0.0046802847646176815,depth/000052.png,1.0,0.00997701406134976,0.010434778766344853,-0.9998957818605483,1.0177928819591147,0.0005795519549370986,0.06518772670189962,-0.0046802847646176815,0.9999120622331761,-0.002996270111777487,0.012918597679864684,4.5,0.9,1.0666666666,0.0,0.06748664379119873,-0.0035944316369918017,1.0666666666,0.0,0.06748664379119873,-0.0035944316369918017,direct,SAFE_PROGRESSING,NONE,DIRECT_LOCAL,PASS_THROUGH,0,6,0,0,0,0,1,1.0666666666,5.223555512747836,inf,0.0,0,0,0,CLEAR,none,nan,0.0,0.0,0,0,0,0,0.0,0,0,1,0,2.0,1.0,"5.821,14.083;5.692,14.261;5.563,14.439;5.435,14.618;5.306,14.796;5.178,14.975;5.049,15.154;4.921,15.332;4.793,15.511;4.664,15.690;4.536,15.868;4.407,16.047;4.343,16.136",2.7500000000000004,18.35,2.0,2.7500000000000004,18.35,2.0,2.7500000000000004,18.35,2.0,5.699628730030895,0.0,0.0,0,0,1,0,unmatched_render_rate,unmatched render attempts 1.1% > 1.0%,0,1,PASS_THROUGH,-1,0.9999029045791105,-0.003314309990166414,0.013535019894618224,0.9,0,0.9999120622331761,-0.002996270111777487,0.012918597679864684,4.5,0.9,0,0,0,BYPASS_VISIBLE,1,0,1,1,1
1787562313508576000,1787562313525536512,joint_v2_000000_07a44bf5,53,46,0.03333333333333333,1.5333333333333334,16.960620880126953,frame_id_exact,1,,5.781338214874268,14.137921333312988,1.9342962503433228,-0.027838031009813462,-0.005448722983586468,0.30825515635773565,0.9508807044136572,-0.6013655066490173,0.8350330591201782,0.05158243328332901,1.024497681343101,-0.0023772992783548655,0.10945446178668243,0.6267859590768177,-0.004218318499624729,depth/000053.png,1.0,0.006800262105667913,0.056300486982712186,-0.9983907108946896,1.024497681343101,-0.0023772992783548655,0.10945446178668243,-0.004218318499624729,0.9999154335888579,-0.0029750950297534225,0.012659955780733024,4.5,0.9,1.0,0.0,0.06570374965667725,-0.0041252246227019285,1.0,0.0,0.06570374965667725,-0.0041252246227019285,direct,SAFE_PROGRESSING,NONE,DIRECT_LOCAL,PASS_THROUGH,0,6,0,0,0,0,1,1.0,5.189471848590852,inf,0.0,0,0,0,CLEAR,none,nan,0.0,0.0,0,0,0,0,0.0,0,0,1,0,2.0,1.0,"5.821,14.083;5.692,14.261;5.563,14.439;5.435,14.618;5.306,14.796;5.178,14.975;5.049,15.154;4.921,15.332;4.793,15.511;4.664,15.690;4.536,15.868;4.407,16.047;4.343,16.136",2.7500000000000004,18.35,2.0,2.7500000000000004,18.35,2.0,2.7500000000000004,18.35,2.0,5.672361737598379,0.0,0.0,0,0,1,0,unmatched_render_rate,unmatched render attempts 1.1% > 1.0%,0,1,PASS_THROUGH,-1,0.9999029045791105,-0.003314309990166414,0.013535019894618224,0.9,0,0.9999154335888579,-0.0029750950297534225,0.012659955780733024,4.5,0.9,0,0,0,BYPASS_VISIBLE,1,0,1,1,1
1787562313555108096,1787562313584564736,joint_v2_000000_07a44bf5,54,47,0.03333333333333333,1.5666666666666667,29.456615447998047,frame_id_exact,1,,5.761112689971924,14.166056632995605,1.9358937740325928,-0.037815344118894235,-0.010910362802585186,0.30817199074217744,0.9505161691705666,-0.6130970120429993,0.8538925051689148,0.043686576187610626,1.0445016180078521,-0.004341635890583102,0.12619981646368322,0.6269431746888324,-0.004363898187875748,depth/000054.png,1.0,0.0025663072446916214,0.07861272850470027,-0.9969019274653712,1.0445016180078521,-0.004341635890583102,0.12619981646368322,-0.004363898187875748,0.9999177850078349,-0.003128713755921416,0.012435207085485827,4.5,0.9,1.0666666666,0.0,0.06410622596740723,-0.008566113276072818,1.0666666666,0.0,0.06410622596740723,-0.008566113276072818,direct,SAFE_PROGRESSING,NONE,DIRECT_LOCAL,PASS_THROUGH,0,6,0,0,0,0,1,1.0666666666,5.154821212225506,inf,0.0,0,0,0,CLEAR,none,nan,0.0,0.0,0,0,0,0,0.17927624769813946,0,0,1,0,2.0,2.0,"5.761,14.166;5.615,14.369;5.422,14.637;5.186,14.966;4.940,15.307;4.695,15.648;4.449,15.989;4.204,16.330;4.009,16.601",2.7500000000000004,18.35,2.0,2.7500000000000004,18.35,2.0,2.7500000000000004,18.35,2.0,5.644526556336489,0.0,0.0,0,0,1,0,unmatched_render_rate,unmatched render attempts 1.1% > 1.0%,0,1,PASS_THROUGH,-1,0.9999029045791105,-0.003314309990166414,0.013535019894618224,0.9,0,0.9999177850078349,-0.003128713755921416,0.012435207085485827,4.5,0.9,0,0,0,BYPASS_VISIBLE,1,0,1,1,1
1787562313611846912,1787562313629674240,joint_v2_000000_07a44bf5,55,48,0.03333333333333333,1.6,17.827272415161133,frame_id_exact,1,,5.740440368652344,14.19485855102539,1.9371603727340698,-0.03314112097714304,-0.011709160230176829,0.308227914095815,0.9506629868882166,-0.6271983981132507,0.8736255764961243,0.03212285041809082,1.0705315510717888,-0.004864818008332347,0.10756341259262747,0.6271244896753394,-0.004969289526343346,depth/000055.png,1.0,-0.0018328932975815275,0.07023025418103124,-0.9975291233341649,1.0705315510717888,-0.004864818008332347,0.10756341259262747,-0.004969289526343346,0.9999192229555917,-0.0033011539380366243,0.012273953990590527,4.5,0.9,1.1333333332,0.0,0.06283962726593018,-0.00886508410582465,1.1333333332,0.0,0.06283962726593018,-0.00886508410582465,direct,SAFE_PROGRESSING,NONE,DIRECT_LOCAL,PASS_THROUGH,0,6,0,0,0,0,1,1.1333333332,5.1193685215515,inf,0.0,0,0,0,CLEAR,none,nan,0.0,0.0,0,0,0,0,0.0,0,0,1,0,2.0,2.0,"5.761,14.166;5.615,14.369;5.422,14.637;5.186,14.966;4.940,15.307;4.695,15.648;4.449,15.989;4.204,16.330;4.009,16.601",2.7500000000000004,18.35,2.0,2.7500000000000004,18.35,2.0,2.7500000000000004,18.35,2.0,5.616212376911335,0.0,0.0,0,0,1,0,unmatched_render_rate,unmatched render attempts 1.1% > 1.0%,1,1,PASS_THROUGH,-1,0.999994550355503,-0.0033014026254677207,0.0,0.9,0,0.9999192229555917,-0.0033011539380366243,0.012273953990590527,4.5,0.9,0,0,0,BYPASS_VISIBLE,1,0,1,1,1
1787562313657746176,1787562313673466368,joint_v2_000000_07a44bf5,56,49,0.03333333333333333,1.6333333333333333,15.720367431640625,frame_id_exact,1,,5.719322204589844,14.224244117736816,1.938056230545044,-0.022333062944241863,-0.010130056416537527,0.3083144556597267,0.9509683552504641,-0.6394143104553223,0.8885186314582825,0.02238503284752369,1.0922801621045637,-0.0038271170325552594,0.0756737022167288,0.6271702838293637,-0.005504477769136429,depth/000056.png,1.0,-0.005495513888321519,0.04872255793131572,-0.9987972325130526,1.0922801621045637,-0.0038271170325552594,0.0756737022167288,-0.005504477769136429,0.9999201735266529,-0.0033420747387052753,0.012185118418363542,4.5,0.9,1.1999999998,0.0,0.061943769454956055,-0.008817910407225016,1.1999999998,0.0,0.061943769454956055,-0.008817910407225016,direct,SAFE_PROGRESSING,NONE,DIRECT_LOCAL,PASS_THROUGH,0,6,0,0,0,0,1,1.1999999998,5.083181676342049,inf,0.0,0,0,0,CLEAR,none,nan,0.0,0.0,0,0,0,0,0.0,0,0,1,0,2.0,2.0,"5.761,14.166;5.615,14.369;5.422,14.637;5.186,14.966;4.940,15.307;4.695,15.648;4.449,15.989;4.204,16.330;4.009,16.601",2.7500000000000004,18.35,2.0,2.7500000000000004,18.35,2.0,2.7500000000000004,18.35,2.0,5.587604746657728,0.0,0.0,0,0,1,0,unmatched_render_rate,unmatched render attempts 1.1% > 1.0%,0,1,PASS_THROUGH,-1,0.9999192229555917,-0.0033011539380366243,0.012273953990590527,0.9,0,0.9999201735266529,-0.0033420747387052753,0.012185118418363542,4.5,0.9,0,0,0,BYPASS_VISIBLE,1,0,1,1,1
1787562313709674496,1787562313726325248,joint_v2_000000_07a44bf5,57,50,0.03333333333333333,1.6666666666666667,16.650676727294922,frame_id_exact,1,,5.697846412658691,14.254029273986816,1.9387134313583374,-0.01402260080658109,-0.008579895757764154,0.3083228332389111,0.9511397281992462,-0.6487163305282593,0.897698163986206,0.017847957089543343,1.1064254354256118,-0.0015844699125119183,0.05323218940515666,0.6270692396209437,-0.0058260951191186905,depth/000057.png,1.0,-0.007674383417908685,0.03196566097749285,-0.9994595041108103,1.1064254354256118,-0.0015844699125119183,0.05323218940515666,-0.0058260951191186905,0.9999209910806875,-0.003247360806558837,0.012143568009756724,4.5,0.9,1.2666666664,0.0,0.0612865686416626,-0.006746241628148297,1.2666666664,0.0,0.0612865686416626,-0.006746241628148297,direct,SAFE_PROGRESSING,NONE,DIRECT_LOCAL,PASS_THROUGH,0,6,0,0,0,0,1,1.2666666664,5.0464615980884755,inf,0.0,0,0,0,CLEAR,none,nan,0.0,0.0,0,0,0,0,0.18607411616465672,0,0,1,0,2.0,2.0,"5.698,14.254;5.545,14.466;5.345,14.743;5.105,15.077;4.860,15.418;4.615,15.759;4.370,16.099;4.124,16.440;3.945,16.689",2.7500000000000004,18.35,2.0,2.7500000000000004,18.35,2.0,2.7500000000000004,18.35,2.0,5.558857098825952,0.0,0.0,0,0,1,0,unmatched_render_rate,unmatched render attempts 1.1% > 1.0%,0,1,PASS_THROUGH,-1,0.9999192229555917,-0.0033011539380366243,0.012273953990590527,0.9,0,0.9999209910806875,-0.003247360806558837,0.012143568009756724,4.5,0.9,0,0,0,BYPASS_VISIBLE,1,0,1,1,1
1787562313753112320,1787562313770062848,joint_v2_000000_07a44bf5,58,51,0.03333333333333333,1.7,16.950607299804688,frame_id_exact,1,,5.676091194152832,14.284061431884766,1.939293384552002,-0.013933639773243774,-0.008696016618383592,0.3082313357282548,0.9511696361074707,-0.6566135287284851,0.9041657447814941,0.017322950065135956,1.11631244725312,0.00122501189959046,0.052935094201319116,0.6268807577853815,-0.005966614931821823,depth/000058.png,1.0,-0.007953205127258346,0.031867279781136675,-0.9994604659552846,1.11631244725312,0.00122501189959046,0.052935094201319116,-0.005966614931821823,0.9999218288872245,-0.003081778959549899,0.012117704125489943,4.5,0.9,1.333333333,0.0,0.06070661544799805,-0.00669375601061728,1.333333333,0.0,0.06070661544799805,-0.00669375601061728,direct,SAFE_PROGRESSING,NONE,DIRECT_LOCAL,PASS_THROUGH,0,6,0,0,0,0,1,1.333333333,5.009377817272891,inf,0.0,0,0,0,CLEAR,none,nan,0.0,0.0,0,0,0,0,0.0,0,0,1,0,2.0,2.0,"5.698,14.254;5.545,14.466;5.345,14.743;5.105,15.077;4.860,15.418;4.615,15.759;4.370,16.099;4.124,16.440;3.945,16.689",2.7500000000000004,18.35,2.0,2.7500000000000004,18.35,2.0,2.7500000000000004,18.35,2.0,5.529977385281901,0.0,0.0,0,0,1,0,unmatched_render_rate,unmatched render attempts 1.1% > 1.0%,0,1,PASS_THROUGH,-1,0.9999192229555917,-0.0033011539380366243,0.012273953990590527,0.9,0,0.9999218288872245,-0.003081778959549899,0.012117704125489943,4.5,0.9,0,0,0,BYPASS_VISIBLE,1,0,1,1,1
1787562313799843072,1787562313815505408,joint_v2_000000_07a44bf5,59,52,0.03333333333333333,1.7333333333333334,15.662431716918945,frame_id_exact,1,,5.654052734375,14.314337730407715,1.9398767948150635,-0.02449883428038118,-0.011268838255742751,0.30801179053166977,0.9510002930056033,-0.6662537455558777,0.9133783578872681,0.017458485439419746,1.1279898261779473,0.003960530479193237,0.0779880957280321,0.6266104681619981,-0.006122613325715065,depth/000059.png,1.0,-0.0063414773408104995,0.05353866725460265,-0.9985456408065366,1.1279898261779473,0.003960530479193237,0.0779880957280321,-0.006122613325715065,0.9999228253128919,-0.0028522935208744925,0.01209164339347203,4.5,0.9,1.3999999995999999,0.0,0.06012320518493652,-0.006913814276791053,1.3999999995999999,0.0,0.06012320518493652,-0.006913814276791053,direct,SAFE_PROGRESSING,NONE,DIRECT_LOCAL,PASS_THROUGH,0,6,0,0,0,0,1,1.3999999995999999,4.97193043376933,inf,0.0,0,0,0,CLEAR,none,nan,0.0,0.0,0,0,0,0,0.0,0,0,1,0,2.0,2.0,"5.698,14.254;5.545,14.466;5.345,14.743;5.105,15.077;4.860,15.418;4.615,15.759;4.370,16.099;4.124,16.440;3.945,16.689",2.7500000000000004,18.35,2.0,2.7500000000000004,18.35,2.0,2.7500000000000004,18.35,2.0,5.50078720587396,0.0,0.0,0,0,1,0,unmatched_render_rate,unmatched render attempts 1.1% > 1.0%,0,1,PASS_THROUGH,-1,0.9999192229555917,-0.0033011539380366243,0.012273953990590527,0.9,0,0.9999228253128919,-0.0028522935208744925,0.01209164339347203,4.5,0.9,0,0,0,BYPASS_VISIBLE,1,0,1,1,1
1787562313842385664,1787562313859271936,joint_v2_000000_07a44bf5,60,53,0.03333333333333333,1.7666666666666666,16.886234283447266,frame_id_exact,1,,5.631614685058594,14.345049858093262,1.940416932106018,-0.04500226714959372,-0.016276856389779687,0.3075682211637999,0.950321866120947,-0.6811597347259521,0.931211531162262,0.014039009809494019,1.147109325480745,0.006150511126381279,0.12422946665714954,0.6261700076470101,-0.006486712954938412,depth/000060.png,1.0,-0.0032539705667588917,0.09554576452643693,-0.9954197197949262,1.147109325480745,0.006150511126381279,0.12422946665714954,-0.006486712954938412,0.999924045509136,-0.0024674152076884313,0.0120753912912181,4.5,0.9,1.4666666661999999,0.0,0.059583067893981934,-0.0004235935255891832,1.4666666661999999,0.0,0.059583067893981934,-0.0004235935255891832,direct,SAFE_PROGRESSING,NONE,DIRECT_LOCAL,PASS_THROUGH,0,6,0,0,0,0,1,1.4666666661999999,4.933895908134276,inf,0.0,0,0,0,CLEAR,none,nan,0.0,0.0,0,0,0,0,0.1413829294344473,0,0,1,0,2.0,2.0,"5.632,14.345;5.473,14.564;5.268,14.849;5.025,15.186;4.780,15.527;4.535,15.868;4.290,16.209;4.045,16.550;3.879,16.780",2.7500000000000004,18.35,2.0,2.7500000000000004,18.35,2.0,2.7500000000000004,18.35,2.0,5.470945103296593,0.0,0.0,0,0,1,0,unmatched_render_rate,unmatched render attempts 1.1% > 1.0%,0,1,PASS_THROUGH,-1,0.9999192229555917,-0.0033011539380366243,0.012273953990590527,0.9,0,0.999924045509136,-0.0024674152076884313,0.0120753912912181,4.5,0.9,0,0,0,BYPASS_VISIBLE,1,0,1,1,1
1787562313885765376,1787562313901337344,joint_v2_000000_07a44bf5,61,54,0.03333333333333333,1.8,15.572071075439453,frame_id_exact,1,,5.608552932739258,14.37656307220459,1.9407212734222412,-0.07221022176602501,-0.023035008037977114,0.30679806021311695,0.9487518234642085,-0.7039727568626404,0.9619625806808472,0.002603661734610796,1.1779236472665178,0.0074971786495227205,0.18274600299872887,0.6254686532851758,-0.006774341221898794,depth/000061.png,1.0,0.0005989001716639672,0.15115335071263208,-0.9885101445543837,1.1779236472665178,0.0074971786495227205,0.18274600299872887,-0.006774341221898794,0.9999250014720795,-0.0018303806892481535,0.012109547373632977,4.5,0.9,1.5333333327999998,0.0,0.05927872657775879,0.00032763817005787566,1.5333333327999998,0.0,0.05927872657775879,0.00032763817005787566,direct,SAFE_PROGRESSING,NONE,DIRECT_LOCAL,PASS_THROUGH,0,6,0,0,0,0,1,1.5333333327999998,4.894846870785689,inf,0.0,0,0,0,CLEAR,none,nan,0.0,0.0,0,0,0,0,0.0,0,0,1,0,2.0,2.0,"5.632,14.345;5.473,14.564;5.268,14.849;5.025,15.186;4.780,15.527;4.535,15.868;4.290,16.209;4.045,16.550;3.879,16.780",2.7500000000000004,18.35,2.0,2.7500000000000004,18.35,2.0,2.7500000000000004,18.35,2.0,5.440020922274469,0.0,0.0,0,0,1,0,unmatched_render_rate,unmatched render attempts 1.1% > 1.0%,1,1,PASS_THROUGH,-1,0.9999983246061813,-0.0018305149085630968,0.0,0.9,0,0.9999250014720795,-0.0018303806892481535,0.012109547373632977,4.5,0.9,0,0,0,BYPASS_VISIBLE,1,0,1,1,1
1787562313927127808,1787562313943924480,joint_v2_000000_07a44bf5,62,55,0.03333333333333333,1.8333333333333333,16.796588897705078,frame_id_exact,1,,5.5845842361450195,14.409340858459473,1.9404537677764893,-0.10128929153584915,-0.030413416197722115,0.305719194136276,0.9462300343320412,-0.7356250882148743,1.007063865661621,-0.020775655284523964,1.2235917276229584,0.007811169927010531,0.2419003875606785,0.6245448129952768,-0.0068692914210259914,depth/000062.png,1.0,0.004375985460097737,0.21028186979666688,-0.9776310070706998,1.2235917276229584,0.007811169927010531,0.2419003875606785,-0.0068692914210259914,0.9999242988389897,-0.0009714600271713324,0.012265922581298085,4.5,0.9,1.5999999993999998,0.0,0.05954623222351074,0.0008670041150193875,1.5999999993999998,0.0,0.05954623222351074,0.0008670041150193875,direct,SAFE_PROGRESSING,NONE,DIRECT_LOCAL,PASS_THROUGH,0,6,0,0,0,0,1,1.5999999993999998,4.854241677297163,inf,0.0,0,0,0,CLEAR,none,nan,0.0,0.0,0,0,0,0,0.0,0,0,1,0,2.0,2.0,"5.632,14.345;5.473,14.564;5.268,14.849;5.025,15.186;4.780,15.527;4.535,15.868;4.290,16.209;4.045,16.550;3.879,16.780",2.7500000000000004,18.35,2.0,2.7500000000000004,18.35,2.0,2.7500000000000004,18.35,2.0,5.407595104889346,0.0,0.0,0,0,1,0,unmatched_render_rate,unmatched render attempts 1.1% > 1.0%,0,1,PASS_THROUGH,-1,0.9999250014720795,-0.0018303806892481535,0.012109547373632977,0.9,0,0.9999242988389897,-0.0009714600271713324,0.012265922581298085,4.5,0.9,0,0,0,BYPASS_VISIBLE,1,0,1,1,1
1787562313969989376,1787562313985547776,joint_v2_000000_07a44bf5,63,56,0.03333333333333333,1.8666666666666667,15.558481216430664,frame_id_exact,1,,5.559422969818115,14.443842887878418,1.9391759634017944,-0.12685097431741038,-0.03709793551853072,0.3045411747464097,0.9432853472725331,-0.7752000093460083,1.0649009943008423,-0.05810660123825073,1.2864056247633866,0.007001961781203016,0.28885480845707023,0.6236053897869615,-0.0069974432699382305,depth/000063.png,1.0,0.007274811495319028,0.2619090284486751,-0.9650651469899733,1.2864056247633866,0.007001961781203016,0.28885480845707023,-0.0069974432699382305,0.9999201045219872,-9.003416624684734e-05,0.012640271618407155,4.5,0.9,1.6666666659999998,0.0,0.060824036598205566,0.0045024975989205185,1.6666666659999998,0.0,0.060824036598205566,0.0045024975989205185,direct,SAFE_PROGRESSING,NONE,DIRECT_LOCAL,PASS_THROUGH,0,6,0,0,0,0,1,1.6666666659999998,4.81154037787481,inf,0.0,0,0,0,CLEAR,none,nan,0.0,0.0,0,0,0,0,0.005158989903944817,0,0,1,0,2.0,2.0,"5.559,14.444;5.382,14.690;5.157,15.001;4.912,15.342;4.667,15.683;4.422,16.024;4.177,16.365;3.932,16.706;3.808,16.879",2.7500000000000004,18.35,2.0,2.7500000000000004,18.35,2.0,2.7500000000000004,18.35,2.0,5.373343898169502,0.0,0.0,0,0,1,0,unmatched_render_rate,unmatched render attempts 1.1% > 1.0%,0,1,PASS_THROUGH,-1,0.9999250014720795,-0.0018303806892481535,0.012109547373632977,0.9,0,0.9999201045219872,-9.003416624684734e-05,0.012640271618407155,4.5,0.9,0,0,0,BYPASS_VISIBLE,1,0,1,1,1
1787562314013702144,1787562314030782208,joint_v2_000000_07a44bf5,64,57,0.03333333333333333,1.9,17.080068588256836,frame_id_exact,1,,5.532840728759766,14.480435371398926,1.9364348649978638,-0.14409799804648618,-0.041873954736306056,0.303612282384295,0.9409048415536695,-0.8204832077026367,1.131725788116455,-0.1079956665635109,1.3669854786309137,0.005142871960246787,0.3114213699901297,0.6229462498858639,-0.0072474293410778046,depth/000064.png,1.0,0.008701030655023548,0.29659190198015317,-0.9549646777474733,1.3669854786309137,0.005142871960246787,0.3114213699901297,-0.0072474293410778046,0.999910945593924,0.0005241108835120139,0.013335148639836397,4.5,0.9,1.7333333325999998,0.0,0.06356513500213623,0.0055704932956290865,1.7333333325999998,0.0,0.06356513500213623,0.0055704932956290865,direct,SAFE_PROGRESSING,NONE,DIRECT_LOCAL,PASS_THROUGH,0,6,0,0,0,0,1,1.7333333325999998,4.7663122995209575,inf,0.0,0,0,0,CLEAR,none,nan,0.0,0.0,0,0,0,0,0.0,0,0,1,0,2.0,2.0,"5.559,14.444;5.382,14.690;5.157,15.001;4.912,15.342;4.667,15.683;4.422,16.024;4.177,16.365;3.932,16.706;3.808,16.879",2.7500000000000004,18.35,2.0,2.7500000000000004,18.35,2.0,2.7500000000000004,18.35,2.0,5.33708778975695,0.0,0.0,0,0,1,0,unmatched_render_rate,unmatched render attempts 1.1% > 1.0%,0,1,PASS_THROUGH,-1,0.9999250014720795,-0.0018303806892481535,0.012109547373632977,0.9,0,0.999910945593924,0.0005241108835120139,0.013335148639836397,4.5,0.9,0,0,0,BYPASS_VISIBLE,1,0,1,1,1
1787562314058192128,1787562314074483968,joint_v2_000000_07a44bf5,65,58,0.03333333333333333,1.9333333333333333,16.29185676574707,frame_id_exact,1,,5.504691123962402,14.519339561462402,1.9318891763687134,-0.1499633013564139,-0.0439079437588438,0.303244702164633,0.940013697416287,-0.8688033223152161,1.2030318975448608,-0.16524557769298553,1.46252628714375,0.0025776677826324815,0.30070130589299715,0.6227832098315452,-0.007657213136553764,depth/000065.png,1.0,0.00840301619350739,0.30856481742521513,-0.9511662014423112,1.46252628714375,0.0025776677826324815,0.30070130589299715,-0.007657213136553764,0.999895608426208,0.0006576677230013415,0.014433978077778683,4.5,0.9,1.7999999991999998,0.0,0.06811082363128662,0.004969639312862872,1.7999999991999998,0.0,0.06811082363128662,0.004969639312862872,direct,SAFE_PROGRESSING,NONE,DIRECT_LOCAL,PASS_THROUGH,0,6,0,0,0,0,1,1.7999999991999998,4.718292337680478,inf,0.0,0,0,0,CLEAR,none,nan,0.0,0.0,0,0,0,0,0.0,0,0,1,0,2.0,2.0,"5.559,14.444;5.382,14.690;5.157,15.001;4.912,15.342;4.667,15.683;4.422,16.024;4.177,16.365;3.932,16.706;3.808,16.879",2.7500000000000004,18.35,2.0,2.7500000000000004,18.35,2.0,2.7500000000000004,18.35,2.0,5.298783573965581,0.0,0.0,0,0,1,0,unmatched_render_rate,unmatched render attempts 1.1% > 1.0%,0,1,PASS_THROUGH,-1,0.9999250014720795,-0.0018303806892481535,0.012109547373632977,0.9,0,0.999895608426208,0.0006576677230013415,0.014433978077778683,4.5,0.9,0,0,0,BYPASS_VISIBLE,1,0,1,1,1
1787562314100616192,1787562314118084096,joint_v2_000000_07a44bf5,66,59,0.03333333333333333,1.9666666666666666,17.467975616455078,frame_id_exact,1,,5.474915981292725,14.560637474060059,1.9254206418991089,-0.14387912920199822,-0.04295137497370524,0.3035284470119252,0.9409168174830717,-0.9176059365272522,1.2745133638381958,-0.22201265394687653,1.565591085957048,-4.523565775785949e-05,0.25416360359089707,0.6231081919240995,-0.00817139632999897,depth/000066.png,1.0,0.0065154751946597395,0.2968305129875509,-0.9549079511358858,1.565591085957048,-4.523565775785949e-05,0.25416360359089707,-0.00817139632999897,0.9998723116555644,0.000319296533447079,0.015976809264728133,4.5,0.9,1.7333333325999998,0.0,0.07457935810089111,0.001359433382788211,1.7333333325999998,0.0,0.07457935810089111,0.001359433382788211,direct,SAFE_PROGRESSING,NONE,DIRECT_LOCAL,PASS_THROUGH,0,6,0,0,0,0,1,1.7333333325999998,4.667379935049474,inf,0.0,0,0,0,CLEAR,none,nan,0.0,0.0,0,0,0,0,0.01829667943052752,0,0,1,0,2.0,1.0,"5.475,14.561;5.346,14.739;5.218,14.918;5.089,15.096;4.961,15.275;4.833,15.454;4.704,15.632;4.576,15.811;4.447,15.990;4.319,16.168;4.190,16.347;4.062,16.525;3.998,16.615",2.7500000000000004,18.35,2.0,2.7500000000000004,18.35,2.0,2.7500000000000004,18.35,2.0,5.2585275306269335,0.0,0.0,0,0,1,0,unmatched_render_rate,unmatched render attempts 1.1% > 1.0%,0,1,PASS_THROUGH,-1,0.9999250014720795,-0.0018303806892481535,0.012109547373632977,0.9,0,0.9998723116555644,0.000319296533447079,0.015976809264728133,4.5,0.9,0,0,0,BYPASS_VISIBLE,1,0,1,1,1
1787562314150063872,1787562314165950464,joint_v2_000000_07a44bf5,67,60,0.03333333333333333,2.0,15.886783599853516,frame_id_exact,1,,5.443538188934326,14.604267120361328,1.9171924591064453,-0.12549836081363772,-0.03861211006867577,0.30437891053266897,0.9434578661562371,-0.9644432067871094,1.342138409614563,-0.26943379640579224,1.6658778006078825,-0.0019386316774593557,0.17008284885670716,0.6236876820856828,-0.008438659831881523,depth/000067.png,1.0,0.00354031072981649,0.26031025539082236,-0.9655185327782689,1.6658778006078825,-0.0019386316774593557,0.17008284885670716,-0.008438659831881523,0.9998389319479406,-0.0002607939773215124,0.01794553280632334,4.5,0.9,1.6666666659999998,0.0,0.08280754089355469,-4.851564546437537e-05,1.6666666659999998,0.0,0.08280754089355469,-4.851564546437537e-05,direct,SAFE_PROGRESSING,NONE,DIRECT_LOCAL,PASS_THROUGH,0,6,0,0,0,0,1,1.6666666659999998,4.613638778757374,inf,0.0,0,0,0,CLEAR,none,nan,0.0,0.0,0,0,0,0,0.0,0,0,1,0,2.0,1.0,"5.475,14.561;5.346,14.739;5.218,14.918;5.089,15.096;4.961,15.275;4.833,15.454;4.704,15.632;4.576,15.811;4.447,15.990;4.319,16.168;4.190,16.347;4.062,16.525;3.998,16.615",2.7500000000000004,18.35,2.0,2.7500000000000004,18.35,2.0,2.7500000000000004,18.35,2.0,5.216564511066302,0.0,0.0,0,0,1,0,unmatched_render_rate,unmatched render attempts 1.1% > 1.0%,1,1,PASS_THROUGH,-1,0.999999965982295,-0.00026083598079316284,0.0,0.9,0,0.9998389319479406,-0.0002607939773215124,0.01794553280632334,4.5,0.9,0,0,0,BYPASS_VISIBLE,1,0,1,1,1
1787562314192743424,1787562314210449408,joint_v2_000000_07a44bf5,68,61,0.03333333333333333,2.033333333333333,17.705917358398438,frame_id_exact,1,,5.410683631896973,14.650008201599121,1.9076675176620483,-0.09237621782325628,-0.02967800725030348,0.3056090607481122,0.9472005871276569,-1.0053761005401611,1.4000142812728882,-0.298499196767807,1.7488040505563724,-0.0024738792576095114,0.04001417818038411,0.6241765221842117,-0.0084006916731596,depth/000068.png,1.0,0.00023996654432412862,0.19313735135892315,-0.9811717005326425,1.7488040505563724,-0.0024738792576095114,0.04001417818038411,-0.0084006916731596,0.9997945482835483,-0.0007428196983750423,0.02025609640062593,4.5,0.9,1.5999999993999998,0.0,0.09233248233795166,-0.0011802914424774436,1.5999999993999998,0.0,0.09233248233795166,-0.0011802914424774436,direct,SAFE_PROGRESSING,NONE,DIRECT_LOCAL,PASS_THROUGH,0,6,0,0,0,0,1,1.5999999993999998,4.557321219453183,inf,0.0,0,0,0,CLEAR,none,nan,0.0,0.0,0,0,0,0,0.0,0,0,1,0,2.0,1.0,"5.475,14.561;5.346,14.739;5.218,14.918;5.089,15.096;4.961,15.275;4.833,15.454;4.704,15.632;4.576,15.811;4.447,15.990;4.319,16.168;4.190,16.347;4.062,16.525;3.998,16.615",2.7500000000000004,18.35,2.0,2.7500000000000004,18.35,2.0,2.7500000000000004,18.35,2.0,5.1733542286728795,0.0,0.0,0,0,1,0,unmatched_render_rate,unmatched render attempts 1.1% > 1.0%,0,1,PASS_THROUGH,-1,0.9998389319479406,-0.0002607939773215124,0.01794553280632334,0.9,0,0.9997945482835483,-0.0007428196983750423,0.02025609640062593,4.5,0.9,0,0,0,BYPASS_VISIBLE,1,0,1,1,1
1787562314236303104,1787562314253298688,joint_v2_000000_07a44bf5,69,62,0.03333333333333333,2.066666666666667,16.995668411254883,frame_id_exact,1,,5.376642227172852,14.697403907775879,1.8975845575332642,-0.04719929699020622,-0.016618947551933,0.3066753904941183,0.9504978915343141,-1.03458833694458,1.4399150609970093,-0.3022025525569916,1.794377931144337,-0.0015031685976376143,-0.1235328835009935,0.6243369938157499,-0.008038687519729137,depth/000069.png,0.9999967447916667,-0.002642823544224633,0.09991890900236645,-0.9949920738917928,1.794377931144337,-0.0015031685976376143,-0.1235328835009935,-0.008038687519729137,0.9997405946823695,-0.0008957951882331151,0.02275831485684246,4.498967392913454,0.8997934785826909,1.5333333327999998,0.0,0.10241544246673584,-0.0031397814170452953,1.5333333327999998,0.0,0.10241544246673584,-0.0031397814170452953,goal_capture,TERMINAL_SETTLING,NONE,DIRECT_LOCAL,PASS_THROUGH,0,6,0,0,0,0,1,1.5333333327999998,4.498967392913454,inf,0.0,0,0,0,CLEAR,none,nan,0.0,0.0,0,0,0,0,0.05133858736068671,0,0,1,1,0.0,0.6,"5.377,14.697;5.146,15.018;4.901,15.359;4.656,15.700;4.411,16.041;4.166,16.382;3.920,16.723;3.675,17.064;3.430,17.405;3.187,17.742;2.987,18.021;2.840,18.225;2.753,18.346;2.750,18.350",2.7500000000000004,18.35,2.0,2.7500000000000004,18.35,2.0,2.7500000000000004,18.35,2.0,5.129611427123232,0.0,0.0,0,0,1,0,unmatched_render_rate,unmatched render attempts 1.1% > 1.0%,0,1,PASS_THROUGH,-1,0.9998389319479406,-0.0002607939773215124,0.01794553280632334,0.9,0,0.9997405946823695,-0.0008957951882331151,0.02275831485684246,4.5,0.9,0,0,0,BYPASS_VISIBLE,1,0,1,1,1
1787562314282949120,1787562314298532096,joint_v2_000000_07a44bf5,70,63,0.03333333333333333,2.1,15.582799911499023,frame_id_exact,1,,5.341909885406494,14.745707511901855,1.8877933025360107,0.003475853732818502,-0.0012532479440341422,0.30705142537324653,0.9516857516988876,-1.0459461212158203,1.4535311460494995,-0.282326340675354,1.7890604422814784,0.0005153134150954317,-0.2927912429995353,0.6241776637734394,-0.007483620662242174,depth/000070.png,1.0,-0.004519928109468117,-0.005846217809901973,-0.9999726956208377,1.7890604422814784,0.0005153134150954317,-0.2927912429995353,-0.007483620662242174,0.9996804749495943,-0.0007358078815698921,0.025266709150874,4.439473076146383,0.8878946152292766,1.4666666661999999,0.0,0.11220669746398926,-0.002827051608390585,1.4666666661999999,0.0,0.11220669746398926,-0.002827051608390585,goal_capture,TERMINAL_SETTLING,NONE,DIRECT_LOCAL,PASS_THROUGH,0,6,0,0,0,0,1,1.4666666661999999,4.439473076146383,inf,0.0,0,0,0,CLEAR,none,nan,0.0,0.0,0,0,0,0,0.0,0,0,1,1,0.0,0.6,"5.377,14.697;5.146,15.018;4.901,15.359;4.656,15.700;4.411,16.041;4.166,16.382;3.920,16.723;3.675,17.064;3.430,17.405;3.187,17.742;2.987,18.021;2.840,18.225;2.753,18.346;2.750,18.350",2.7500000000000004,18.35,2.0,2.7500000000000004,18.35,2.0,2.7500000000000004,18.35,2.0,5.086222952389823,0.0,0.0,0,0,1,0,unmatched_render_rate,unmatched render attempts 1.1% > 1.0%,0,1,PASS_THROUGH,-1,0.9998389319479406,-0.0002607939773215124,0.01794553280632334,0.9,0,0.9996804749495943,-0.0007358078815698921,0.025266709150874,4.440890849456267,0.8881781698912533,0,0,0,BYPASS_VISIBLE,1,0,1,1,1
1787562314327734528,1787562314344296960,joint_v2_000000_07a44bf5,71,64,0.03333333333333333,2.1333333333333333,16.562461853027344,frame_id_exact,1,,5.3071513175964355,14.793960571289062,1.8788955211639404,0.05250807037016664,0.014277941554840773,0.3065998642112494,0.9502818351397662,-1.035929560661316,1.436617136001587,-0.2504207491874695,1.73351400747021,0.00272387265977774,-0.44119289222659613,0.6239179919330314,-0.006907057948410511,depth/000071.png,1.0,-0.005061797485470809,-0.10855016082588054,-0.9940780858619164,1.73351400747021,0.00272387265977774,-0.44119289222659613,-0.006907057948410511,0.9996178557907813,-0.0004871113306518753,0.027638833310987595,4.380004483973961,0.8760008967947922,1.3999999995999999,0.0,0.12110447883605957,-0.0023224547698064146,1.3999999995999999,0.0,0.12110447883605957,-0.0023224547698064146,goal_capture,TERMINAL_SETTLING,NONE,DIRECT_LOCAL,PASS_THROUGH,0,6,0,0,0,0,1,1.3999999995999999,4.380004483973961,inf,0.0,0,0,0,CLEAR,none,nan,0.0,0.0,0,0,0,0,0.0,0,0,1,1,0.0,0.6,"5.377,14.697;5.146,15.018;4.901,15.359;4.656,15.700;4.411,16.041;4.166,16.382;3.920,16.723;3.675,17.064;3.430,17.405;3.187,17.742;2.987,18.021;2.840,18.225;2.753,18.346;2.750,18.350",2.7500000000000004,18.35,2.0,2.7500000000000004,18.35,2.0,2.7500000000000004,18.35,2.0,5.044094015635061,0.0,0.0,0,0,1,0,unmatched_render_rate,unmatched render attempts 1.1% > 1.0%,0,1,PASS_THROUGH,-1,0.9998389319479406,-0.0002607939773215124,0.01794553280632334,0.9,0,0.9996178557907813,-0.0004871113306518753,0.027638833310987595,4.381678396964587,0.8763356793929175,0,0,0,BYPASS_VISIBLE,1,0,1,1,1
1787562314374222848,1787562314390469632,joint_v2_000000_07a44bf5,72,65,0.03333333333333333,2.1666666666666665,16.246795654296875,frame_id_exact,1,,5.273080825805664,14.841156005859375,1.871131181716919,0.09446788197243938,0.02823695843373717,0.30558551272957496,0.9470459270087462,-1.0050675868988037,1.3907698392868042,-0.21553821861743927,1.6402918000279227,0.0042629236276343395,-0.547980804437992,0.6238290611702293,-0.0064490726217627525,depth/000072.png,1.0,-0.004252639346477606,-0.1961884565520779,-0.9805569869081053,1.6402918000279227,0.0042629236276343395,-0.547980804437992,-0.0064490726217627525,0.9995556398387815,-0.00042301533726628326,0.029805098968270622,4.321796273398936,0.8643592546797872,1.333333333,0.0,0.12886881828308105,0.003943871278809796,1.333333333,0.0,0.12886881828308105,0.003943871278809796,goal_capture,TERMINAL_SETTLING,NONE,DIRECT_LOCAL,PASS_THROUGH,0,6,0,0,0,0,1,1.333333333,4.321796273398936,inf,0.0,0,0,0,CLEAR,none,nan,0.0,0.0,0,0,0,0,0.024247766789265015,0,0,1,1,0.0,0.6,"5.273,14.841;5.049,15.152;4.803,15.492;4.558,15.834;4.313,16.175;4.069,16.516;3.824,16.857;3.578,17.198;3.333,17.539;3.101,17.862;2.922,18.111;2.798,18.284;2.750,18.350",2.7500000000000004,18.35,2.0,2.7500000000000004,18.35,2.0,2.7500000000000004,18.35,2.0,5.003987683611571,0.0,0.0,0,0,1,0,unmatched_render_rate,unmatched render attempts 1.1% > 1.0%,0,1,PASS_THROUGH,-1,0.9998389319479406,-0.0002607939773215124,0.01794553280632334,0.9,0,0.9995556398387815,-0.00042301533726628326,0.029805098968270622,4.323717174040251,0.8647434348080502,0,0,0,BYPASS_VISIBLE,1,0,1,1,1
1787562314421801472,1787562314437593344,joint_v2_000000_07a44bf5,73,66,0.03333333333333333,2.2,15.791893005371094,frame_id_exact,1,,5.240340709686279,14.886415481567383,1.864501953125,0.12510037343534264,0.039122821496513874,0.3044941018156327,0.943452512511351,-0.9568543434143066,1.3216675519943237,-0.18278099596500397,1.528112979066819,0.004621347500112791,-0.6005277773311285,0.6240685433166131,-0.005951214116066694,depth/000073.png,1.0,-0.0023636032171515803,-0.2598778600515132,-0.9656386028089795,1.528112979066819,0.004621347500112791,-0.6005277773311285,-0.005951214116066694,0.999495699120862,-0.0006995763888286267,0.031746779864660776,4.265936540391438,0.8531873080782877,1.2666666664,0.0,0.135498046875,0.003128688082596476,1.2666666664,0.0,0.135498046875,0.003128688082596476,goal_capture,TERMINAL_SETTLING,NONE,DIRECT_LOCAL,PASS_THROUGH,0,6,0,0,0,0,1,1.2666666664,4.265936540391438,inf,0.0,0,0,0,CLEAR,none,nan,0.0,0.0,0,0,0,0,0.0,0,0,1,1,0.0,0.6,"5.273,14.841;5.049,15.152;4.803,15.492;4.558,15.834;4.313,16.175;4.069,16.516;3.824,16.857;3.578,17.198;3.333,17.539;3.101,17.862;2.922,18.111;2.798,18.284;2.750,18.350",2.7500000000000004,18.35,2.0,2.7500000000000004,18.35,2.0,2.7500000000000004,18.35,2.0,4.966433384551749,0.0,0.0,0,0,1,0,unmatched_render_rate,unmatched render attempts 1.1% > 1.0%,1,1,PASS_THROUGH,-1,0.9999997550495329,-0.0006999291923740627,0.0,0.8531873080782877,0,0.999495699120862,-0.0006995763888286267,0.031746779864660776,4.268087895926444,0.8536175791852887,0,0,0,BYPASS_VISIBLE,1,0,1,1,1
1787562314469777408,1787562314486551296,joint_v2_000000_07a44bf5,74,67,0.03333333333333333,2.2333333333333334,16.77393913269043,frame_id_exact,1,,5.209421634674072,14.929098129272461,1.8589107990264893,0.14116993028391692,0.04563986168961258,0.3038371874433915,0.9411009602242878,-0.8968644142150879,1.2376400232315063,-0.1530992090702057,1.416218159461044,0.003784891437164699,-0.594869541847085,0.6245951344573311,-0.0053516654297709465,depth/000074.png,1.0,0.0001180861831062141,-0.2934444883121345,-0.9559761076171741,1.416218159461044,0.003784891437164699,-0.594869541847085,-0.0053516654297709465,0.9994389689290235,-0.0012701233182071542,0.03346840559164641,4.213232059387433,0.8426464118774867,1.1999999998,0.0,0.14108920097351074,0.0007169517503136102,1.1999999998,0.0,0.14108920097351074,0.0007169517503136102,goal_capture,TERMINAL_SETTLING,NONE,DIRECT_LOCAL,PASS_THROUGH,0,6,0,0,0,0,1,1.1999999998,4.213232059387433,inf,0.0,0,0,0,CLEAR,none,nan,0.0,0.0,0,0,0,0,0.0,0,0,1,1,0.0,0.6,"5.273,14.841;5.049,15.152;4.803,15.492;4.558,15.834;4.313,16.175;4.069,16.516;3.824,16.857;3.578,17.198;3.333,17.539;3.101,17.862;2.922,18.111;2.798,18.284;2.750,18.350",2.7500000000000004,18.35,2.0,2.7500000000000004,18.35,2.0,2.7500000000000004,18.35,2.0,4.931680858931548,0.0,0.0,0,0,1,0,unmatched_render_rate,unmatched render attempts 1.1% > 1.0%,0,1,PASS_THROUGH,-1,0.999495699120862,-0.0006995763888286267,0.031746779864660776,0.8531873080782877,0,0.9994389689290235,-0.0012701233182071542,0.03346840559164641,4.21559373622286,0.8431187472445719,0,0,0,BYPASS_VISIBLE,1,0,1,1,1
1787562314517580288,1787562314536308736,joint_v2_000000_07a44bf5,75,68,0.03333333333333333,2.2666666666666666,18.72849464416504,frame_id_exact,1,,5.180605411529541,14.968864440917969,1.8542817831039429,0.14164767082517907,0.04713443187610023,0.3038992862059342,0.9409354422727644,-0.8318569660186768,1.1483014822006226,-0.1245889738202095,1.3179706165088056,0.002138004563949251,-0.5376370534955724,0.6251934876888697,-0.004689259920269251,depth/000075.png,1.0,0.0026076628942176133,-0.2952108679953318,-0.955428565363038,1.3179706165088056,0.002138004563949251,-0.5376370534955724,-0.004689259920269251,0.9993864516166502,-0.001912210457403314,0.03497232872211258,4.164122997156263,0.8328245994312526,1.1333333332,0.0,0.14571821689605713,0.0021532808007040938,1.1333333332,0.0,0.14571821689605713,0.0021532808007040938,goal_capture,TERMINAL_SETTLING,NONE,DIRECT_LOCAL,PASS_THROUGH,0,6,0,0,0,0,1,1.1333333332,4.164122997156263,inf,0.0,0,0,0,CLEAR,none,nan,0.0,0.0,0,0,0,0,0.10962871756959607,0,0,1,1,0.0,0.6,"5.181,14.969;4.991,15.231;4.756,15.557;4.511,15.898;4.266,16.240;4.022,16.581;3.777,16.922;3.532,17.263;3.286,17.604;3.064,17.913;2.895,18.149;2.781,18.306;2.750,18.350",2.7500000000000004,18.35,2.0,2.7500000000000004,18.35,2.0,2.7500000000000004,18.35,2.0,4.8996930389066495,0.0,0.0,0,0,1,0,unmatched_render_rate,unmatched render attempts 1.1% > 1.0%,0,1,PASS_THROUGH,-1,0.999495699120862,-0.0006995763888286267,0.031746779864660776,0.8531873080782877,0,0.9993864516166502,-0.001912210457403314,0.03497232872211258,4.166671829431857,0.8333343658863714,0,0,0,BYPASS_VISIBLE,1,0,1,1,1
1787562314571787520,1787562314589704192,joint_v2_000000_07a44bf5,76,69,0.03333333333333333,2.3,17.91667938232422,frame_id_exact,1,,5.153943061828613,15.005697250366211,1.850622296333313,0.1283203706899725,0.04387074689206871,0.30459864779108664,0.942777229146399,-0.7686769366264343,1.062986969947815,-0.09450069069862366,1.2381666333612351,0.00017075755274347177,-0.4434853668335812,0.6256230333914162,-0.0037041129544377327,depth/000076.png,1.0,0.00454825959854184,-0.26868098740608043,-0.9632184800662402,1.2381666333612351,0.00017075755274347177,-0.4434853668335812,-0.0037041129544377327,0.9993401145990564,-0.0023776871118822117,0.036244750752944276,4.118653071784762,0.8237306143569525,1.0666666666,0.0,0.149377703666687,0.0009737233107065535,1.0666666666,0.0,0.149377703666687,0.0009737233107065535,goal_capture,TERMINAL_SETTLING,NONE,DIRECT_LOCAL,PASS_THROUGH,0,6,0,0,0,0,1,1.0666666666,4.118653071784762,inf,0.0,0,0,0,CLEAR,none,nan,0.0,0.0,0,0,0,0,0.0,0,0,1,1,0.0,0.6,"5.181,14.969;4.991,15.231;4.756,15.557;4.511,15.898;4.266,16.240;4.022,16.581;3.777,16.922;3.532,17.263;3.286,17.604;3.064,17.913;2.895,18.149;2.781,18.306;2.750,18.350",2.7500000000000004,18.35,2.0,2.7500000000000004,18.35,2.0,2.7500000000000004,18.35,2.0,4.870192795799451,0.0,0.0,0,0,1,0,unmatched_render_rate,unmatched render attempts 1.1% > 1.0%,0,1,PASS_THROUGH,-1,0.999495699120862,-0.0006995763888286267,0.031746779864660776,0.8531873080782877,0,0.9993401145990564,-0.0023776871118822117,0.036244750752944276,4.121361040248086,0.8242722080496172,0,0,0,BYPASS_VISIBLE,1,0,1,1,1
1787562314619519744,1787562314637329152,joint_v2_000000_07a44bf5,77,70,0.03333333333333333,2.3333333333333335,17.809391021728516,frame_id_exact,1,,5.129273891448975,15.039860725402832,1.848017930984497,0.10550227620187647,0.03701031080460132,0.30558119768568737,0.9455789962934618,-0.7131357192993164,0.9892479181289673,-0.06150498986244202,1.1753650348077924,-0.0017561193138131456,-0.33086373696321136,0.6257688025871502,-0.002311503514647484,depth/000077.png,1.0,0.005513321245576755,-0.22214078308007107,-0.9749990132207396,1.1753650348077924,-0.0017561193138131456,-0.33086373696321136,-0.002311503514647484,0.9993024942975357,-0.0025455335786867626,0.03725647795382172,4.076513984737623,0.8153027969475246,1.0,0.0,0.15198206901550293,-0.0003465885295306226,1.0,0.0,0.15198206901550293,-0.0003465885295306226,goal_capture,TERMINAL_SETTLING,NONE,DIRECT_LOCAL,PASS_THROUGH,0,6,0,0,0,0,1,1.0,4.076513984737623,inf,0.0,0,0,0,CLEAR,none,nan,0.0,0.0,0,0,0,0,0.0,0,0,1,1,0.0,0.6,"5.181,14.969;4.991,15.231;4.756,15.557;4.511,15.898;4.266,16.240;4.022,16.581;3.777,16.922;3.532,17.263;3.286,17.604;3.064,17.913;2.895,18.149;2.781,18.306;2.750,18.350",2.7500000000000004,18.35,2.0,2.7500000000000004,18.35,2.0,2.7500000000000004,18.35,2.0,4.842734359357365,0.0,0.0,0,0,1,0,unmatched_render_rate,unmatched render attempts 1.1% > 1.0%,0,1,PASS_THROUGH,-1,0.999495699120862,-0.0006995763888286267,0.031746779864660776,0.8531873080782877,0,0.9993024942975357,-0.0025455335786867626,0.03725647795382172,4.079346126165767,0.8158692252331534,0,0,0,BYPASS_VISIBLE,1,0,1,1,1
1787562314667685888,1787562314684649472,joint_v2_000000_07a44bf5,78,71,0.03333333333333333,2.3666666666666667,16.963481903076172,frame_id_exact,1,,5.106272220611572,15.071826934814453,1.846543312072754,0.07899954654206923,0.028316027167075958,0.3064636233846634,0.9481757863358271,-0.6690208911895752,0.9315952658653259,-0.027180157601833344,1.1262497472407205,-0.0034405342292633543,-0.21851115020170378,0.6256753611105877,-0.0007672786014154553,depth/000078.png,1.0,0.005276168092041997,-0.16716657889636186,-0.9859145485032417,1.1262497472407205,-0.0034405342292633543,-0.21851115020170378,-0.0007672786014154553,0.9992753312429085,-0.002457091269107058,0.03798387910510102,4.037132326656361,0.8074264653312723,0.9333333334,0.0,0.1534566879272461,-0.006533056254558467,0.9333333334,0.0,0.1534566879272461,-0.006533056254558467,goal_capture,TERMINAL_SETTLING,NONE,DIRECT_LOCAL,PASS_THROUGH,0,6,0,0,0,0,1,0.9333333334,4.037132326656361,inf,0.0,0,0,0,CLEAR,none,nan,0.0,0.0,0,0,0,0,0.1408827692173461,0,0,1,1,0.0,0.6,"5.106,15.072;4.914,15.340;4.721,15.608;4.528,15.876;4.336,16.144;4.143,16.412;3.951,16.680;3.758,16.948;3.565,17.216;3.373,17.483;3.180,17.751;2.988,18.019;2.803,18.276;2.750,18.350",2.7500000000000004,18.35,2.0,2.7500000000000004,18.35,2.0,2.7500000000000004,18.35,2.0,4.816814733072931,0.0,0.0,0,0,1,0,unmatched_render_rate,unmatched render attempts 1.1% > 1.0%,0,1,PASS_THROUGH,-1,0.999495699120862,-0.0006995763888286267,0.031746779864660776,0.8531873080782877,0,0.9992753312429085,-0.002457091269107058,0.03798387910510102,4.040047818776827,0.8080095637553655,0,0,0,BYPASS_VISIBLE,1,0,1,1,1
1787562314714946560,1787562314731495168,joint_v2_000000_07a44bf5,79,72,0.03333333333333333,2.4,16.548633575439453,frame_id_exact,1,,5.084535598754883,15.102150917053223,1.846203327178955,0.054976704707858946,0.019800484351157582,0.30703029853086766,0.9499041522927304,-0.6371670961380005,0.890398383140564,0.006252284627407789,1.0881451809431104,-0.004743570431658005,-0.12144070113915584,0.6254722673697214,0.0002884480927605182,depth/000079.png,1.0,0.0038580964877490548,-0.1166038974055164,-0.9931710055178489,1.0881451809431104,-0.004743570431658005,-0.12144070113915584,0.0002884480927605182,0.9992590686135001,-0.0022420306380898742,0.03842248159994235,3.9998225119937567,0.7999645023987514,0.8666666668,0.0,0.15379667282104492,-0.0058361436101006525,0.8666666668,0.0,0.15379667282104492,-0.0058361436101006525,goal_capture,TERMINAL_SETTLING,NONE,DIRECT_LOCAL,PASS_THROUGH,0,6,0,0,0,0,1,0.8666666668,3.999822511993757,inf,0.0,0,0,0,CLEAR,none,nan,0.0,0.0,0,0,0,0,0.0,0,0,1,1,0.0,0.6,"5.106,15.072;4.914,15.340;4.721,15.608;4.528,15.876;4.336,16.144;4.143,16.412;3.951,16.680;3.758,16.948;3.565,17.216;3.373,17.483;3.180,17.751;2.988,18.019;2.803,18.276;2.750,18.350",2.7500000000000004,18.35,2.0,2.7500000000000004,18.35,2.0,2.7500000000000004,18.35,2.0,4.791993007909225,0.0,0.0,0,0,1,0,unmatched_render_rate,unmatched render attempts 1.1% > 1.0%,1,1,PASS_THROUGH,-1,0.9999974829302282,-0.0022436874131683154,0.0,0.7999645023987514,0,0.9992590686135001,-0.0022420306380898742,0.03842248159994235,4.002778228183879,0.8005556456367758,0,0,0,BYPASS_VISIBLE,1,0,1,1,1
1787562314766565376,1787562314783757312,joint_v2_000000_07a44bf5,80,73,0.03333333333333333,2.433333333333333,17.19188690185547,frame_id_exact,1,,5.063680171966553,15.131332397460938,1.8469264507293701,0.03885045458444208,0.013365312871349455,0.30727367266229544,0.9507338747930767,-0.6155661344528198,0.8622162342071533,0.036293573677539825,1.0587948956212918,-0.005501238269881186,-0.05078217492028738,0.6252625465310429,0.0005163022433407605,depth/000080.png,1.0,0.0015382676584772374,-0.08208650399359853,-0.9966240211808662,1.0587948956212918,-0.005501238269881186,-0.05078217492028738,0.0005163022433407605,0.9992532034975627,-0.00200787748816171,0.038587611066908924,3.9639547265055564,0.7927909453011113,0.8000000002000001,0.0,0.15307354927062988,-0.004803219373198386,0.8000000002000001,0.0,0.15307354927062988,-0.004803219373198386,goal_capture,TERMINAL_SETTLING,NONE,DIRECT_LOCAL,PASS_THROUGH,0,6,0,0,0,0,1,0.8000000002000001,3.9639547265055564,inf,0.0,0,0,0,CLEAR,none,nan,0.0,0.0,0,0,0,0,0.0,0,0,1,1,0.0,0.6,"5.106,15.072;4.914,15.340;4.721,15.608;4.528,15.876;4.336,16.144;4.143,16.412;3.951,16.680;3.758,16.948;3.565,17.216;3.373,17.483;3.180,17.751;2.988,18.019;2.803,18.276;2.750,18.350",2.7500000000000004,18.35,2.0,2.7500000000000004,18.35,2.0,2.7500000000000004,18.35,2.0,4.767975685887938,0.0,0.0,0,0,1,0,unmatched_render_rate,unmatched render attempts 1.1% > 1.0%,0,1,PASS_THROUGH,-1,0.9992590686135001,-0.0022420306380898742,0.03842248159994235,0.7999645023987514,0,0.9992532034975627,-0.00200787748816171,0.038587611066908924,3.96690919801198,0.7933818396023959,0,0,0,BYPASS_VISIBLE,1,0,1,1,1
1787562314811345408,1787562314830131712,joint_v2_000000_07a44bf5,81,74,0.03333333333333333,2.466666666666667,18.78643035888672,frame_id_exact,1,,5.043429374694824,15.159709930419922,1.8485480546951294,0.03426163076829496,0.010447098394209141,0.30729439648702794,0.950940141481004,-0.600039005279541,0.8408761620521545,0.059961769729852676,1.0346421418847125,-0.0055275991504354395,-0.014143036357336589,0.625069256131583,2.069531547022052e-05,depth/000081.png,1.0,-0.0011876838490987515,-0.07158218961252286,-0.9974339975844775,1.0346421418847125,-0.0055275991504354395,-0.014143036357336589,2.069531547022052e-05,0.9992563257338671,-0.00178419992528904,0.038517685697329926,3.929092646499235,0.785818529299847,0.7333333336000001,0.0,0.1514519453048706,-0.009493506094163662,0.7333333336000001,0.0,0.1514519453048706,-0.009493506094163662,goal_capture,TERMINAL_SETTLING,NONE,DIRECT_LOCAL,PASS_THROUGH,0,6,0,0,0,0,1,0.7333333336000001,3.929092646499235,inf,0.0,0,0,0,CLEAR,none,nan,0.0,0.0,0,0,0,0,0.10230309707036696,0,0,1,1,0.0,0.6,"5.043,15.160;4.852,15.428;4.659,15.696;4.466,15.964;4.273,16.232;4.080,16.500;3.888,16.767;3.695,17.035;3.502,17.303;3.310,17.571;3.117,17.839;2.925,18.107;2.763,18.333;2.750,18.350",2.7500000000000004,18.35,2.0,2.7500000000000004,18.35,2.0,2.7500000000000004,18.35,2.0,4.74467754048149,0.0,0.0,0,0,1,0,unmatched_render_rate,unmatched render attempts 1.1% > 1.0%,0,1,PASS_THROUGH,-1,0.9992590686135001,-0.0022420306380898742,0.03842248159994235,0.7999645023987514,0,0.9992563257338671,-0.00178419992528904,0.038517685697329926,3.9320105183622016,0.7864021036724403,0,0,0,BYPASS_VISIBLE,1,0,1,1,1
1787562314861093120,1787562314878838528,joint_v2_000000_07a44bf5,82,75,0.03333333333333333,2.5,17.745494842529297,frame_id_exact,1,,5.023670196533203,15.187383651733398,1.8508628606796265,0.04222227277859868,0.0116897993855445,0.30715228604645933,0.950651409007618,-0.5851491093635559,0.8188230991363525,0.07825888693332672,1.0093916684037587,-0.004702552316341548,-0.010077053689236393,0.6248562314768644,-0.001214441959746182,depth/000082.png,1.0,-0.003711486698279018,-0.08745842342634663,-0.9961612565434707,1.0093916684037587,-0.004702552316341548,-0.010077053689236393,-0.001214441959746182,0.9992666084107696,-0.0015432588019396332,0.03826047134455814,3.8950890014127424,0.7790178002825485,0.6666666670000001,0.0,0.14913713932037354,-0.008779478641474103,0.6666666670000001,0.0,0.14913713932037354,-0.008779478641474103,goal_capture,TERMINAL_SETTLING,NONE,DIRECT_LOCAL,PASS_THROUGH,0,6,0,0,0,0,1,0.6666666670000001,3.895089001412743,inf,0.0,0,0,0,CLEAR,none,nan,0.0,0.0,0,0,0,0,0.0,0,0,1,1,0.0,0.6,"5.043,15.160;4.852,15.428;4.659,15.696;4.466,15.964;4.273,16.232;4.080,16.500;3.888,16.767;3.695,17.035;3.502,17.303;3.310,17.571;3.117,17.839;2.925,18.107;2.763,18.333;2.750,18.350",2.7500000000000004,18.35,2.0,2.7500000000000004,18.35,2.0,2.7500000000000004,18.35,2.0,4.722216400616638,0.0,0.0,0,0,1,0,unmatched_render_rate,unmatched render attempts 1.1% > 1.0%,0,1,PASS_THROUGH,-1,0.9992590686135001,-0.0022420306380898742,0.03842248159994235,0.7999645023987514,0,0.9992666084107696,-0.0015432588019396332,0.03826047134455814,3.8979430749115846,0.7795886149823169,0,0,0,BYPASS_VISIBLE,1,0,1,1,1
1787562314912354560,1787562314934655232,joint_v2_000000_07a44bf5,83,76,0.03333333333333333,2.533333333333333,22.30072021484375,frame_id_exact,1,,5.004471778869629,15.214211463928223,1.8537310361862183,0.06081730949347422,0.016770494546544494,0.3068025435687171,0.9496800538278167,-0.5655735731124878,0.7889819741249084,0.0933678150177002,0.9747834452038802,-0.003098887315371125,-0.029516145281938508,0.6246052704170243,-0.002936282427981496,depth/000083.png,1.0,-0.00546460216384459,-0.12580443227442148,-0.9920400107572785,0.9747834452038802,-0.003098887315371125,-0.029516145281938508,-0.002936282427981496,0.999282779818864,-0.0012738780799898312,0.03784578169520327,3.86209952547559,0.7724199050951179,0.6000000004000001,0.0,0.14626896381378174,-0.007216062049175687,0.6000000004000001,0.0,0.14626896381378174,-0.007216062049175687,goal_capture,TERMINAL_SETTLING,NONE,DIRECT_LOCAL,PASS_THROUGH,0,6,0,0,0,0,1,0.6000000004000001,3.86209952547559,inf,0.0,0,0,0,CLEAR,none,nan,0.0,0.0,0,0,0,0,0.0,0,0,1,1,0.0,0.6,"5.043,15.160;4.852,15.428;4.659,15.696;4.466,15.964;4.273,16.232;4.080,16.500;3.888,16.767;3.695,17.035;3.502,17.303;3.310,17.571;3.117,17.839;2.925,18.107;2.763,18.333;2.750,18.350",2.7500000000000004,18.35,2.0,2.7500000000000004,18.35,2.0,2.7500000000000004,18.35,2.0,4.700882299348093,0.0,0.0,0,0,1,0,unmatched_render_rate,unmatched render attempts 1.1% > 1.0%,0,1,PASS_THROUGH,-1,0.9992590686135001,-0.0022420306380898742,0.03842248159994235,0.7999645023987514,0,0.999282779818864,-0.0012738780799898312,0.03784578169520327,3.8648683489161613,0.7729736697832322,0,0,0,BYPASS_VISIBLE,1,0,1,1,1
1787562314963968512,1787562314986426368,joint_v2_000000_07a44bf5,84,77,0.03333333333333333,2.566666666666667,22.45783805847168,frame_id_exact,1,,4.9860639572143555,15.239839553833008,1.8570650815963745,0.08574838903532864,0.024503007968127453,0.30618165425458266,0.947786690651587,-0.5372254848480225,0.7462520003318787,0.1061486080288887,0.9237489029974286,-0.001042787456554074,-0.05880198433183255,0.6243903022338553,-0.0047228350304067135,depth/000084.png,1.0,-0.006061917542762904,-0.1775471067727869,-0.9840936327567196,0.9237489029974286,-0.001042787456554074,-0.05880198433183255,-0.0047228350304067135,0.9993039826874075,-0.0010553866835307706,0.03728855513470058,3.8305456558635083,0.7661091311727016,0.6,0.0,0.1429349184036255,-0.0020000193484071005,0.6,0.0,0.1429349184036255,-0.0020000193484071005,goal_capture,TERMINAL_SETTLING,NONE,DIRECT_LOCAL,PASS_THROUGH,0,6,0,0,0,0,1,0.6,3.8305456558635083,inf,0.0,0,0,0,CLEAR,none,nan,0.0,0.0,0,0,0,0,0.06051129714874744,0,0,1,1,0.0,0.6,"4.986,15.240;4.855,15.422;4.678,15.668;4.454,15.980;4.209,16.321;3.963,16.662;3.718,17.003;3.473,17.344;3.228,17.685;3.018,17.977;2.862,18.194;2.763,18.331;2.750,18.350",2.7500000000000004,18.35,2.0,2.7500000000000004,18.35,2.0,2.7500000000000004,18.35,2.0,4.68105272429483,0.0,0.0,0,0,1,0,unmatched_render_rate,unmatched render attempts 1.1% > 1.0%,0,1,PASS_THROUGH,-1,0.9992590686135001,-0.0022420306380898742,0.03842248159994235,0.7999645023987514,0,0.9993039826874075,-0.0010553866835307706,0.03728855513470058,3.8332115011506795,0.7666423002301359,0,0,0,BYPASS_VISIBLE,1,0,1,1,1
1787562315025153792,1787562315041836032,joint_v2_000000_07a44bf5,85,78,0.03333333333333333,2.6,16.682147979736328,frame_id_exact,1,,4.968776226043701,15.263797760009766,1.860763430595398,0.1102921267092364,0.03278014150729522,0.3053842071760443,0.9452521330926339,-0.49835166335105896,0.6889383792877197,0.11469651013612747,0.8539987060167443,0.0009837029973989364,-0.08264988026550991,0.6243492652640819,-0.006147059611976147,depth/000085.png,1.0,-0.005391949980021571,-0.22852881112110532,-0.9735222182174309,0.8539987060167443,0.0009837029973989364,-0.08264988026550991,-0.006147059611976147,0.9993292107422468,-0.0010278246259910286,0.036606995695033444,3.8010014742666796,0.760200294853336,0.6,0.0,0.13923656940460205,-0.002087976060805019,0.6,0.0,0.13923656940460205,-0.002087976060805019,goal_capture,TERMINAL_SETTLING,NONE,DIRECT_LOCAL,PASS_THROUGH,0,6,0,0,0,0,1,0.6,3.80100147426668,inf,0.0,0,0,0,CLEAR,none,nan,0.0,0.0,0,0,0,0,0.0,0,0,1,1,0.0,0.6,"4.986,15.240;4.855,15.422;4.678,15.668;4.454,15.980;4.209,16.321;3.963,16.662;3.718,17.003;3.473,17.344;3.228,17.685;3.018,17.977;2.862,18.194;2.763,18.331;2.750,18.350",2.7500000000000004,18.35,2.0,2.7500000000000004,18.35,2.0,2.7500000000000004,18.35,2.0,4.663077325755829,0.0,0.0,0,0,1,0,unmatched_render_rate,unmatched render attempts 1.1% > 1.0%,1,1,PASS_THROUGH,-1,0.9999994710793376,-0.001028513998495013,0.0,0.760200294853336,0,0.9993292107422468,-0.0010278246259910286,0.036606995695033444,3.8035508448865305,0.7607101689773061,0,0,0,BYPASS_VISIBLE,1,0,1,1,1
1787562315073481984,1787562315091137024,joint_v2_000000_07a44bf5,86,79,0.03333333333333333,2.6333333333333333,17.654895782470703,frame_id_exact,1,,4.952940940856934,15.285636901855469,1.8646693229675293,0.12468691858863215,0.03835708745528373,0.3048319007920307,0.9434296043872787,-0.450682133436203,0.6201481223106384,0.11904096603393555,0.7713143252046791,0.0025398531985959365,-0.08328620220715419,0.6245644626689284,-0.0072707971557974815,depth/000086.png,1.0,-0.003642677107774675,-0.2586515883083647,-0.965963812349639,0.7713143252046791,0.0025398531985959365,-0.08328620220715419,-0.0072707971557974815,0.9993568961933053,-0.0012718043803641862,0.03583540908796054,3.774025700253456,0.7548051400506912,0.6,0.0,0.1353306770324707,-0.0031509177255961696,0.6,0.0,0.1353306770324707,-0.0031509177255961696,goal_capture,TERMINAL_SETTLING,NONE,DIRECT_LOCAL,PASS_THROUGH,0,6,0,0,0,0,1,0.6,3.774025700253456,inf,0.0,0,0,0,CLEAR,none,nan,0.0,0.0,0,0,0,0,0.0,0,0,1,1,0.0,0.6,"4.986,15.240;4.855,15.422;4.678,15.668;4.454,15.980;4.209,16.321;3.963,16.662;3.718,17.003;3.473,17.344;3.228,17.685;3.018,17.977;2.862,18.194;2.763,18.331;2.750,18.350",2.7500000000000004,18.35,2.0,2.7500000000000004,18.35,2.0,2.7500000000000004,18.35,2.0,4.647139322137646,0.0,0.0,0,0,1,0,unmatched_render_rate,unmatched render attempts 1.1% > 1.0%,0,1,PASS_THROUGH,-1,0.9993292107422468,-0.0010278246259910286,0.036606995695033444,0.760200294853336,0,0.9993568961933053,-0.0012718043803641862,0.03583540908796054,3.776451294313175,0.755290258862635,0,0,0,BYPASS_VISIBLE,1,0,1,1,1
1787562315121661696,1787562315138373120,joint_v2_000000_07a44bf5,87,80,0.03333333333333333,2.6666666666666665,16.71147346496582,frame_id_exact,1,,4.938770771026611,15.305099487304688,1.8686716556549072,0.12265667778697593,0.03898636839455007,0.3049317495267053,0.9436376585343811,-0.3995814919471741,0.5478435754776001,0.12075195461511612,0.6864358590357064,0.00339182781734018,-0.056331992474534034,0.6249472338033891,-0.00821551214903593,depth/000087.png,1.0,-0.001225819924247848,-0.25526328350550165,-0.9668708049473328,0.6864358590357064,0.00339182781734018,-0.056331992474534034,-0.00821551214903593,0.9993858821667775,-0.0016930489116451508,0.034999887301456145,3.7499515490620157,0.7499903098124031,0.6,0.0,0.13132834434509277,0.00227574327680391,0.6,0.0,0.13132834434509277,0.00227574327680391,goal_capture,TERMINAL_SETTLING,NONE,DIRECT_LOCAL,PASS_THROUGH,0,6,0,0,0,0,1,0.6,3.7499515490620157,inf,0.0,0,0,0,CLEAR,none,nan,0.0,0.0,0,0,0,0,0.09706407312587584,0,0,1,1,0.0,0.6,"4.939,15.305;4.835,15.447;4.686,15.654;4.490,15.927;4.253,16.258;4.008,16.600;3.763,16.941;3.518,17.282;3.273,17.623;3.053,17.928;2.887,18.160;2.777,18.313;2.750,18.350",2.7500000000000004,18.35,2.0,2.7500000000000004,18.35,2.0,2.7500000000000004,18.35,2.0,4.633166804771189,0.0,0.0,0,0,1,0,unmatched_render_rate,unmatched render attempts 1.1% > 1.0%,0,1,PASS_THROUGH,-1,0.9993292107422468,-0.0010278246259910286,0.036606995695033444,0.760200294853336,0,0.9993858821667775,-0.0016930489116451508,0.034999887301456145,3.7522504919502686,0.7504500983900537,0,0,0,BYPASS_VISIBLE,1,0,1,1,1
1787562315169163008,1787562315190167552,joint_v2_000000_07a44bf5,88,81,0.03333333333333333,2.7,21.004676818847656,frame_id_exact,1,,4.9262614250183105,15.322237014770508,1.8727072477340698,0.10298091372961538,0.03398841573502028,0.30569167400778463,0.945934627469338,-0.3522249758243561,0.48220616579055786,0.12145251035690308,0.6092787369426826,0.0034957659403817465,-0.010155418401635294,0.6252864162058269,-0.00861399807035923,depth/000088.png,1.0,0.001340822935444047,-0.21560637593637327,-0.9764794380064739,0.6092787369426826,0.0034957659403817465,-0.010155418401635294,-0.00861399807035923,0.9994156452839564,-0.0020735118928941277,0.034118448236735,3.7287347029184765,0.7457469405836953,0.6,0.0,0.12729275226593018,0.000998854188988263,0.6,0.0,0.12729275226593018,0.000998854188988263,goal_capture,TERMINAL_SETTLING,NONE,DIRECT_LOCAL,PASS_THROUGH,0,6,0,0,0,0,1,0.6,3.7287347029184765,inf,0.0,0,0,0,CLEAR,none,nan,0.0,0.0,0,0,0,0,0.0,0,0,1,1,0.0,0.6,"4.939,15.305;4.835,15.447;4.686,15.654;4.490,15.927;4.253,16.258;4.008,16.600;3.763,16.941;3.518,17.282;3.273,17.623;3.053,17.928;2.887,18.160;2.777,18.313;2.750,18.350",2.7500000000000004,18.35,2.0,2.7500000000000004,18.35,2.0,2.7500000000000004,18.35,2.0,4.620827356353848,0.0,0.0,0,0,1,0,unmatched_render_rate,unmatched render attempts 1.1% > 1.0%,0,1,PASS_THROUGH,-1,0.9993292107422468,-0.0010278246259910286,0.036606995695033444,0.760200294853336,0,0.9994156452839564,-0.0020735118928941277,0.034118448236735,3.7309068508243377,0.7461813701648675,0,0,0,BYPASS_VISIBLE,1,0,1,1,1
1787562315218501376,1787562315236676352,joint_v2_000000_07a44bf5,89,82,0.03333333333333333,2.7333333333333334,18.175125122070312,frame_id_exact,1,,4.915172100067139,15.337425231933594,1.8767751455307007,0.06882849300588911,0.024107332771654916,0.3066915156137306,0.9490109532074579,-0.3153323233127594,0.4324628710746765,0.1229461133480072,0.5474009790166834,0.0029057668190121625,0.043795895494052745,0.6254096341150245,-0.008325370028614998,depth/000089.png,1.0,0.003538016031064864,-0.14542501636099014,-0.9893629501143499,0.5474009790166834,0.0029057668190121625,0.043795895494052745,-0.008325370028614998,0.9994463441593051,-0.0022344629088648805,0.03319657093900877,3.7099295082386012,0.7419859016477203,0.6,0.0,0.12322485446929932,-0.0007008730956570286,0.6,0.0,0.12322485446929932,-0.0007008730956570286,goal_capture,TERMINAL_SETTLING,NONE,DIRECT_LOCAL,PASS_THROUGH,0,6,0,0,0,0,1,0.6,3.7099295082386012,inf,0.0,0,0,0,CLEAR,none,nan,0.0,0.0,0,0,0,0,0.0,0,0,1,1,0.0,0.6,"4.939,15.305;4.835,15.447;4.686,15.654;4.490,15.927;4.253,16.258;4.008,16.600;3.763,16.941;3.518,17.282;3.273,17.623;3.053,17.928;2.887,18.160;2.777,18.313;2.750,18.350",2.7500000000000004,18.35,2.0,2.7500000000000004,18.35,2.0,2.7500000000000004,18.35,2.0,4.609570826196741,0.0,0.0,0,0,1,0,unmatched_render_rate,unmatched render attempts 1.1% > 1.0%,0,1,PASS_THROUGH,-1,0.9993292107422468,-0.0010278246259910286,0.036606995695033444,0.760200294853336,0,0.9994463441593051,-0.0022344629088648805,0.03319657093900877,3.7119753933530446,0.7423950786706089,0,0,0,BYPASS_VISIBLE,1,0,1,1,1
1787562315266128384,1787562315285906944,joint_v2_000000_07a44bf5,90,83,0.03333333333333333,2.7666666666666666,19.778728485107422,frame_id_exact,1,,4.905066967010498,15.351314544677734,1.8809080123901367,0.026370676507033855,0.011112851791180036,0.3073845861128253,0.9511549864064613,-0.29376962780952454,0.4049968719482422,0.1250825673341751,0.5066373355168255,0.0017441375920414157,0.09635495527780308,0.6252919129082462,-0.0075905658304691315,depth/000090.png,1.0,0.004928209821494119,-0.056997039605884044,-0.9983621838912573,0.5066373355168255,0.0017441375920414157,0.09635495527780308,-0.0075905658304691315,0.9994780688066407,-0.0021438464372886975,0.03223342825392821,3.692753456739447,0.7385506913478894,0.6,0.0,0.11909198760986328,-0.002097334351507385,0.6,0.0,0.11909198760986328,-0.002097334351507385,goal_capture,TERMINAL_SETTLING,NONE,DIRECT_LOCAL,PASS_THROUGH,0,6,0,0,0,0,1,0.6,3.6927534567394473,inf,0.0,0,0,0,CLEAR,none,nan,0.0,0.0,0,0,0,0,0.12289730833965966,0,0,1,1,0.0,0.6,"4.905,15.351;4.764,15.546;4.572,15.814;4.379,16.082;4.187,16.350;3.995,16.618;3.802,16.886;3.610,17.154;3.417,17.422;3.224,17.690;3.032,17.958;2.839,18.226;2.750,18.350",2.7500000000000004,18.35,2.0,2.7500000000000004,18.35,2.0,2.7500000000000004,18.35,2.0,4.598740983979781,0.0,0.0,0,0,1,0,unmatched_render_rate,unmatched render attempts 1.1% > 1.0%,0,1,PASS_THROUGH,-1,0.9993292107422468,-0.0010278246259910286,0.036606995695033444,0.760200294853336,0,0.9994780688066407,-0.0021438464372886975,0.03223342825392821,3.694673327071557,0.7389346654143114,0,0,0,BYPASS_VISIBLE,1,0,1,1,1
1787562315323164160,1787562315339915264,joint_v2_000000_07a44bf5,91,84,0.03333333333333333,2.8,16.75105094909668,frame_id_exact,1,,4.895392417907715,15.364699363708496,1.8850855827331543,-0.016648509605632193,-0.002630623729102761,0.30746761427007085,0.9514092563780207,-0.2895881235599518,0.4020884037017822,0.12495313584804535,0.4910806804608005,0.00020561248249324662,0.14138378569816823,0.625065845410522,-0.006704586558043957,depth/000091.png,1.0,0.005232155527360109,0.03329675549145265,-0.9994318138934141,0.4910806804608005,0.00020561248249324662,0.14138378569816823,-0.006704586558043957,0.9995099410271462,-0.0019301606429643525,0.031243435595384825,3.676238364940225,0.7352476729880449,0.6,0.0,0.1149144172668457,-0.001632063480795365,0.6,0.0,0.1149144172668457,-0.001632063480795365,goal_capture,TERMINAL_SETTLING,NONE,DIRECT_LOCAL,PASS_THROUGH,0,6,0,0,0,0,1,0.6,3.676238364940225,inf,0.0,0,0,0,CLEAR,none,nan,0.0,0.0,0,0,0,0,0.0,0,0,1,1,0.0,0.6,"4.905,15.351;4.764,15.546;4.572,15.814;4.379,16.082;4.187,16.350;3.995,16.618;3.802,16.886;3.610,17.154;3.417,17.422;3.224,17.690;3.032,17.958;2.839,18.226;2.750,18.350",2.7500000000000004,18.35,2.0,2.7500000000000004,18.35,2.0,2.7500000000000004,18.35,2.0,4.587699536830566,0.0,0.0,0,0,1,0,unmatched_render_rate,unmatched render attempts 1.1% > 1.0%,1,1,PASS_THROUGH,-1,0.9999981354180937,-0.0019311033985697837,0.0,0.7352476729880449,0,0.9995099410271462,-0.0019301606429643525,0.031243435595384825,3.6780339638391264,0.7356067927678253,0,0,0,BYPASS_VISIBLE,1,0,1,1,1
1787562315370709248,1787562315387679232,joint_v2_000000_07a44bf5,92,85,0.03333333333333333,2.8333333333333335,16.970157623291016,frame_id_exact,1,,4.885582447052002,15.378366470336914,1.8891667127609253,-0.052286768650482575,-0.014586212290303038,0.30706219355603637,0.9501400662658471,-0.30144786834716797,0.4212324321269989,0.11872165650129318,0.5020722477840389,-0.0014376467277452665,0.1741373081968885,0.6249234130690872,-0.005941818933933973,depth/000092.png,1.0,0.0043926903273958685,0.108317256343862,-0.9941066724702262,0.5020722477840389,-0.0014376467277452665,0.1741373081968885,-0.005941818933933973,0.999540065068751,-0.0017852068206406068,0.030273277968606304,3.659415011005791,0.7318830022011582,0.6,0.0,0.11083328723907471,-0.001539127604123225,0.6,0.0,0.11083328723907471,-0.001539127604123225,goal_capture,TERMINAL_SETTLING,NONE,DIRECT_LOCAL,PASS_THROUGH,0,6,0,0,0,0,1,0.6,3.659415011005791,inf,0.0,0,0,0,CLEAR,none,nan,0.0,0.0,0,0,0,0,0.0,0,0,1,1,0.0,0.6,"4.905,15.351;4.764,15.546;4.572,15.814;4.379,16.082;4.187,16.350;3.995,16.618;3.802,16.886;3.610,17.154;3.417,17.422;3.224,17.690;3.032,17.958;2.839,18.226;2.750,18.350",2.7500000000000004,18.35,2.0,2.7500000000000004,18.35,2.0,2.7500000000000004,18.35,2.0,4.575939059285801,0.0,0.0,0,0,1,0,unmatched_render_rate,unmatched render attempts 1.1% > 1.0%,0,1,PASS_THROUGH,-1,0.9995099410271462,-0.0019301606429643525,0.031243435595384825,0.7352476729880449,0,0.999540065068751,-0.0017852068206406068,0.030273277968606304,3.6610930390164538,0.7322186078032907,0,0,0,BYPASS_VISIBLE,1,0,1,1,1
1787562315413534720,1787562315432438528,joint_v2_000000_07a44bf5,93,86,0.03333333333333333,2.8666666666666667,18.90397071838379,frame_id_exact,1,,4.875166416168213,15.392952919006348,1.8929108381271362,-0.07389788631003363,-0.022509851714926487,0.3066045126491011,0.9486970442653907,-0.3249680995941162,0.455780029296875,0.1048126071691513,0.5369357276661544,-0.0028524806867831556,0.18978216773663278,0.6249767718463946,-0.005504556931555271,depth/000093.png,1.0,0.002604791258167101,0.1540166568692947,-0.9880648179493627,0.5369357276661544,-0.0028524806867831556,0.18978216773663278,-0.005504556931555271,0.9995661998324252,-0.0018237419409138614,0.02939534177207214,3.641491416387293,0.7282982832774586,0.6,0.0,0.10708916187286377,-0.007208254590758134,0.6,0.0,0.10708916187286377,-0.007208254590758134,goal_capture,TERMINAL_SETTLING,NONE,DIRECT_LOCAL,PASS_THROUGH,0,6,0,0,0,0,1,0.6,3.641491416387293,inf,0.0,0,0,0,CLEAR,none,nan,0.0,0.0,0,0,0,0,0.10453794876591914,0,0,1,1,0.0,0.6,"4.875,15.393;4.725,15.603;4.533,15.871;4.340,16.139;4.147,16.406;3.954,16.674;3.762,16.942;3.569,17.210;3.377,17.478;3.184,17.746;2.991,18.014;2.806,18.272;2.750,18.350",2.7500000000000004,18.35,2.0,2.7500000000000004,18.35,2.0,2.7500000000000004,18.35,2.0,4.563178861333693,0.0,0.0,0,0,1,0,unmatched_render_rate,unmatched render attempts 1.1% > 1.0%,0,1,PASS_THROUGH,-1,0.9995099410271462,-0.0019301606429643525,0.031243435595384825,0.7352476729880449,0,0.9995661998324252,-0.0018237419409138614,0.02939534177207214,3.6430657178004577,0.7286131435600915,0,0,0,BYPASS_VISIBLE,1,0,1,1,1
1787562315461522688,1787562315477265408,joint_v2_000000_07a44bf5,94,87,0.03333333333333333,2.9,15.742778778076172,frame_id_exact,1,,4.863856792449951,15.408824920654297,1.896091103553772,-0.07773871866896948,-0.02497710547991627,0.30650392882515204,0.9483607844255784,-0.3539964258670807,0.496825635433197,0.08559532463550568,0.5879630273165878,-0.0036936961338003096,0.18374323461643363,0.6251710899376713,-0.005650501698255539,depth/000094.png,1.0,0.00027983069651706105,0.16275986635483564,-0.9866656716431039,0.5879630273165878,-0.0036936961338003096,0.18374323461643363,-0.005650501698255539,0.9995867528210376,-0.0019962250382160513,0.028676448006872243,3.6220024001028777,0.7244004800205756,0.6,0.0,0.10390889644622803,-0.007442840470242018,0.6,0.0,0.10390889644622803,-0.007442840470242018,goal_capture,TERMINAL_SETTLING,NONE,DIRECT_LOCAL,PASS_THROUGH,0,6,0,0,0,0,1,0.6,3.6220024001028777,inf,0.0,0,0,0,CLEAR,none,nan,0.0,0.0,0,0,0,0,0.0,0,0,1,1,0.0,0.6,"4.875,15.393;4.725,15.603;4.533,15.871;4.340,16.139;4.147,16.406;3.954,16.674;3.762,16.942;3.569,17.210;3.377,17.478;3.184,17.746;2.991,18.014;2.806,18.272;2.750,18.350",2.7500000000000004,18.35,2.0,2.7500000000000004,18.35,2.0,2.7500000000000004,18.35,2.0,4.549388505647801,0.0,0.0,0,0,1,0,unmatched_render_rate,unmatched render attempts 1.1% > 1.0%,0,1,PASS_THROUGH,-1,0.9995099410271462,-0.0019301606429643525,0.031243435595384825,0.7352476729880449,0,0.9995867528210376,-0.0019962250382160513,0.028676448006872243,3.6234925755563068,0.7246985151112614,0,0,0,BYPASS_VISIBLE,1,0,1,1,1
1787562315503510016,1787562315519030016,joint_v2_000000_07a44bf5,95,88,0.03333333333333333,2.933333333333333,15.520095825195312,frame_id_exact,1,,4.851579189300537,15.426043510437012,1.8986139297485352,-0.06397864937730312,-0.021761523306064033,0.3068266318778454,0.9493632531848665,-0.38201186060905457,0.535200834274292,0.0663001537322998,0.6425983217820591,-0.003701114106577883,0.1543450797274335,0.6253309692394401,-0.006201594602316618,depth/000095.png,1.0,-0.002058474119143422,0.13483198721548256,-0.9908663370545114,0.6425983217820591,-0.003701114106577883,0.1543450797274335,-0.006201594602316618,0.9996015742170254,-0.002134070255233026,0.02814495633306901,3.6008549876048357,0.7201709975209671,0.6,0.0,0.10138607025146484,-0.0072171881812777006,0.6,0.0,0.10138607025146484,-0.0072171881812777006,goal_capture,TERMINAL_SETTLING,NONE,DIRECT_LOCAL,PASS_THROUGH,0,6,0,0,0,0,1,0.6,3.6008549876048357,inf,0.0,0,0,0,CLEAR,none,nan,0.0,0.0,0,0,0,0,0.0,0,0,1,1,0.0,0.6,"4.875,15.393;4.725,15.603;4.533,15.871;4.340,16.139;4.147,16.406;3.954,16.674;3.762,16.942;3.569,17.210;3.377,17.478;3.184,17.746;2.991,18.014;2.806,18.272;2.750,18.350",2.7500000000000004,18.35,2.0,2.7500000000000004,18.35,2.0,2.7500000000000004,18.35,2.0,4.534765581235597,0.0,0.0,0,0,1,0,unmatched_render_rate,unmatched render attempts 1.1% > 1.0%,0,1,PASS_THROUGH,-1,0.9995099410271462,-0.0019301606429643525,0.031243435595384825,0.7352476729880449,0,0.9996015742170254,-0.002134070255233026,0.02814495633306901,3.6022820235233746,0.7204564047046749,0,0,0,BYPASS_VISIBLE,1,0,1,1,1
1787562315549014784,1787562315569427200,joint_v2_000000_07a44bf5,96,89,0.03333333333333333,2.966666666666667,20.412445068359375,frame_id_exact,1,,4.838467597961426,15.444384574890137,1.9005717039108276,-0.036543442290236684,-0.013858785698857344,0.3072821921421132,0.9508155264176489,-0.4031122326850891,0.5628352165222168,0.05242181941866875,0.6860993667866253,-0.0028281930140470076,0.10625751958519813,0.625317465842881,-0.0067342715337872505,depth/000096.png,1.0,-0.0038959991288113893,0.07800926073655404,-0.9969450217690666,0.6860993667866253,-0.0028281930140470076,0.10625751958519813,-0.0067342715337872505,0.9996119663772799,-0.0021044981716903774,0.027775668539088333,3.578309364262842,0.7156618728525684,0.6,0.0,0.09942829608917236,-0.006939371711376374,0.6,0.0,0.09942829608917236,-0.006939371711376374,goal_capture,TERMINAL_SETTLING,NONE,DIRECT_LOCAL,PASS_THROUGH,0,6,0,0,0,0,1,0.6,3.578309364262842,inf,0.0,0,0,0,CLEAR,none,nan,0.0,0.0,0,0,0,0,0.12062549182860562,0,0,1,1,0.0,0.6,"4.838,15.444;4.735,15.589;4.584,15.799;4.386,16.074;4.147,16.406;3.902,16.747;3.657,17.088;3.412,17.429;3.171,17.764;2.974,18.038;2.832,18.236;2.750,18.350",2.7500000000000004,18.35,2.0,2.7500000000000004,18.35,2.0,2.7500000000000004,18.35,2.0,4.519698774751909,0.0,0.0,0,0,1,0,unmatched_render_rate,unmatched render attempts 1.1% > 1.0%,0,1,PASS_THROUGH,-1,0.9995099410271462,-0.0019301606429643525,0.031243435595384825,0.7352476729880449,0,0.9996119663772799,-0.0021044981716903774,0.027775668539088333,3.5796904743894187,0.7159380948778837,0,0,0,BYPASS_VISIBLE,1,0,1,1,1
1787562315598858496,1787562315616140544,joint_v2_000000_07a44bf5,97,90,0.03333333333333333,3.0,17.28200912475586,frame_id_exact,1,,4.824833393096924,15.463379859924316,1.902206301689148,-0.0020259800514104134,-0.003196902058050949,0.3074929217076652,0.9515428410333117,-0.41275277733802795,0.5737617611885071,0.0470193475484848,0.7065143372696787,-0.0013006812366386808,0.051127608070254515,0.6251330657914212,-0.0070540281012654305,depth/000097.png,1.0,-0.004838029482986815,0.005821663136478427,-0.999971350444125,0.7065143372696787,-0.0013006812366386808,0.051127608070254515,-0.0070540281012654305,0.9996199968946445,-0.001915840185171455,0.02749893388362304,3.5549274876149948,0.710985497522999,0.6,0.0,0.09779369831085205,-0.006479356022380811,0.6,0.0,0.09779369831085205,-0.006479356022380811,goal_capture,TERMINAL_SETTLING,NONE,DIRECT_LOCAL,PASS_THROUGH,0,6,0,0,0,0,1,0.6,3.5549274876149948,inf,0.0,0,0,0,CLEAR,none,nan,0.0,0.0,0,0,0,0,0.0,0,0,1,1,0.0,0.6,"4.838,15.444;4.735,15.589;4.584,15.799;4.386,16.074;4.147,16.406;3.902,16.747;3.657,17.088;3.412,17.429;3.171,17.764;2.974,18.038;2.832,18.236;2.750,18.350",2.7500000000000004,18.35,2.0,2.7500000000000004,18.35,2.0,2.7500000000000004,18.35,2.0,4.504680366991796,0.0,0.0,0,0,1,0,unmatched_render_rate,unmatched render attempts 1.1% > 1.0%,1,1,PASS_THROUGH,-1,0.9999981633876768,-0.0019165649671549724,0.0,0.710985497522999,0,0.9996199968946445,-0.001915840185171455,0.02749893388362304,3.556272353129042,0.7112544706258084,0,0,0,BYPASS_VISIBLE,1,0,1,1,1
1787562315648460800,1787562315676261632,joint_v2_000000_07a44bf5,98,91,0.03333333333333333,3.033333333333333,27.800798416137695,frame_id_exact,1,,4.811104774475098,15.482418060302734,1.9037976264953613,0.03182891028861432,0.007818254750539527,0.3073016473559911,0.951047576567434,-0.40864890813827515,0.5653373599052429,0.0493498295545578,0.6993011100272355,0.00045584973441349126,0.003662788554420246,0.6249060793275546,-0.007207035087049007,depth/000098.png,1.0,-0.004691088663499581,-0.06534674111811703,-0.99785159072499,0.6993011100272355,0.00045584973441349126,0.003662788554420246,-0.007207035087049007,0.9996277108894578,-0.001699161372565532,0.02723146107965346,3.5314556591074426,0.7062911318214885,0.6,0.0,0.09620237350463867,-0.005828310315504348,0.6,0.0,0.09620237350463867,-0.005828310315504348,goal_capture,TERMINAL_SETTLING,NONE,DIRECT_LOCAL,PASS_THROUGH,0,6,0,0,0,0,1,0.6,3.5314556591074426,inf,0.0,0,0,0,CLEAR,none,nan,0.0,0.0,0,0,0,0,0.0,0,0,1,1,0.0,0.6,"4.838,15.444;4.735,15.589;4.584,15.799;4.386,16.074;4.147,16.406;3.902,16.747;3.657,17.088;3.412,17.429;3.171,17.764;2.974,18.038;2.832,18.236;2.750,18.350",2.7500000000000004,18.35,2.0,2.7500000000000004,18.35,2.0,2.7500000000000004,18.35,2.0,4.490205423258974,0.0,0.0,0,0,1,0,unmatched_render_rate,unmatched render attempts 1.1% > 1.0%,0,1,PASS_THROUGH,-1,0.9996199968946445,-0.001915840185171455,0.02749893388362304,0.710985497522999,0,0.9996277108894578,-0.001699161372565532,0.02723146107965346,3.53276576762597,0.706553153525194,0,0,0,BYPASS_VISIBLE,1,0,1,1,1
1787562315706860800,1787562315724603904,joint_v2_000000_07a44bf5,99,92,0.03333333333333333,3.066666666666667,17.74311065673828,frame_id_exact,1,,4.797735214233398,15.500869750976562,1.9055492877960205,0.05772604010648536,0.016804876333847862,0.3068778400664195,0.9498480361095651,-0.39163804054260254,0.5393454432487488,0.055992379784584045,0.6684392252790703,0.001985184859561486,-0.02437354501440496,0.6247794235183889,-0.007355499546974897,depth/000099.png,1.0,-0.0035055274413924656,-0.11997601995888327,-0.9927706008500571,0.6684392252790703,0.001985184859561486,-0.02437354501440496,-0.007355499546974897,0.9996365978606696,-0.0015973696785268861,0.026909489546559123,3.5086696458218833,0.7017339291643767,0.6,0.0,0.09445071220397949,0.0003703509523822479,0.6,0.0,0.09445071220397949,0.0003703509523822479,goal_capture,TERMINAL_SETTLING,NONE,DIRECT_LOCAL,PASS_THROUGH,0,6,0,0,0,0,1,0.6,3.508669645821884,inf,0.0,0,0,0,CLEAR,none,nan,0.0,0.0,0,0,0,0,0.09155573455242223,0,0,1,1,0.0,0.6,"4.798,15.501;4.632,15.730;4.439,15.998;4.247,16.266;4.054,16.535;3.862,16.803;3.669,17.071;3.477,17.339;3.284,17.607;3.092,17.875;2.899,18.143;2.750,18.350;2.750,18.350",2.7500000000000004,18.35,2.0,2.7500000000000004,18.35,2.0,2.7500000000000004,18.35,2.0,4.476648099525503,0.0,0.0,0,0,1,0,unmatched_render_rate,unmatched render attempts 1.1% > 1.0%,0,1,PASS_THROUGH,-1,0.9996199968946445,-0.001915840185171455,0.02749893388362304,0.710985497522999,0,0.9996365978606696,-0.0015973696785268861,0.026909489546559123,3.5099406861865488,0.7019881372373098,0,0,0,BYPASS_VISIBLE,1,0,1,1,1
1787562315755107328,1787562315771698432,joint_v2_000000_07a44bf5,100,93,0.03333333333333333,3.1,16.59107208251953,frame_id_exact,1,,4.78509521484375,15.518243789672852,1.9075428247451782,0.07032271075423234,0.02189323930368828,0.30656308104764823,0.948996564674257,-0.3656967878341675,0.501856803894043,0.06348320096731186,0.6235449292553896,0.0029569131047372807,-0.028416314272093388,0.6247993240112386,-0.007331626955419779,depth/000100.png,1.0,-0.0015634759752969005,-0.14689533963880014,-0.989150804849936,0.6235449292553896,0.0029569131047372807,-0.028416314272093388,-0.007331626955419779,0.9996473381052805,-0.0016528674405798304,0.0265041024796358,3.4871845044686562,0.6974369008937312,0.6,0.0,0.09245717525482178,-5.3751783015698607e-05,0.6,0.0,0.09245717525482178,-5.3751783015698607e-05,goal_capture,TERMINAL_SETTLING,NONE,DIRECT_LOCAL,PASS_THROUGH,0,6,0,0,0,0,1,0.6,3.4871845044686562,inf,0.0,0,0,0,CLEAR,none,nan,0.0,0.0,0,0,0,0,0.0,0,0,1,1,0.0,0.6,"4.798,15.501;4.632,15.730;4.439,15.998;4.247,16.266;4.054,16.535;3.862,16.803;3.669,17.071;3.477,17.339;3.284,17.607;3.092,17.875;2.899,18.143;2.750,18.350;2.750,18.350",2.7500000000000004,18.35,2.0,2.7500000000000004,18.35,2.0,2.7500000000000004,18.35,2.0,4.464179512186631,0.0,0.0,0,0,1,0,unmatched_render_rate,unmatched render attempts 1.1% > 1.0%,0,1,PASS_THROUGH,-1,0.9996199968946445,-0.001915840185171455,0.02749893388362304,0.710985497522999,0,0.9996473381052805,-0.0016528674405798304,0.0265041024796358,3.4884099669423043,0.6976819933884608,0,0,0,BYPASS_VISIBLE,1,0,1,1,1
1787562315801192704,1787562315818462208,joint_v2_000000_07a44bf5,101,94,0.03333333333333333,3.1333333333333333,17.269372940063477,frame_id_exact,1,,4.773387908935547,15.534297943115234,1.9097723960876465,0.06735173423663199,0.022119145329140458,0.30658991029871313,0.9491981427543217,-0.33683180809020996,0.46153631806373596,0.07009199261665344,0.5755375927177907,0.003225370928716297,-0.01141944013976813,0.6248909237244672,-0.007076589856296778,depth/000101.png,1.0,0.0006921790153225638,-0.14142329566207823,-0.989948974610453,0.5755375927177907,0.003225370928716297,-0.01141944013976813,-0.007076589856296778,0.9996599990124945,-0.001784184011803189,0.02601351690470931,3.4673154894199736,0.6934630978839947,0.6,0.0,0.09022760391235352,-0.0013990911227024228,0.6,0.0,0.09022760391235352,-0.0013990911227024228,goal_capture,TERMINAL_SETTLING,NONE,DIRECT_LOCAL,PASS_THROUGH,0,6,0,0,0,0,1,0.6,3.4673154894199736,inf,0.0,0,0,0,CLEAR,none,nan,0.0,0.0,0,0,0,0,0.0,0,0,1,1,0.0,0.6,"4.798,15.501;4.632,15.730;4.439,15.998;4.247,16.266;4.054,16.535;3.862,16.803;3.669,17.071;3.477,17.339;3.284,17.607;3.092,17.875;2.899,18.143;2.750,18.350;2.750,18.350",2.7500000000000004,18.35,2.0,2.7500000000000004,18.35,2.0,2.7500000000000004,18.35,2.0,4.452740563731355,0.0,0.0,0,0,1,0,unmatched_render_rate,unmatched render attempts 1.1% > 1.0%,0,1,PASS_THROUGH,-1,0.9996199968946445,-0.001915840185171455,0.02749893388362304,0.710985497522999,0,0.9996599990124945,-0.001784184011803189,0.02601351690470931,3.468489256676375,0.6936978513352751,0,0,0,BYPASS_VISIBLE,1,0,1,1,1
1787562315847438336,1787562315864105984,joint_v2_000000_07a44bf5,102,95,0.03333333333333333,3.1666666666666665,16.667604446411133,frame_id_exact,1,,4.762601375579834,15.549084663391113,1.9122028350830078,0.04998265198050232,0.017599255156843928,0.30690058803181086,0.9502652418060177,-0.31143930554389954,0.4272944927215576,0.07559753209352493,0.533771922030313,0.0028065184219710926,0.01922680714221202,0.6249238050335689,-0.006701592821627855,depth/000102.png,1.0,0.002768510346037159,-0.1057959972538307,-0.9943840014378406,0.533771922030313,0.0028065184219710926,0.01922680714221202,-0.006701592821627855,0.9996744392529453,-0.0018548975642974713,0.025447492201301103,3.4490130501111067,0.6898026100222213,0.6,0.0,0.08779716491699219,0.00026789383432812564,0.6,0.0,0.08779716491699219,0.00026789383432812564,goal_capture,TERMINAL_SETTLING,NONE,DIRECT_LOCAL,PASS_THROUGH,0,6,0,0,0,0,1,0.6,3.4490130501111067,inf,0.0,0,0,0,CLEAR,none,nan,0.0,0.0,0,0,0,0,0.10631229100501914,0,0,1,1,0.0,0.6,"4.763,15.549;4.677,15.667;4.545,15.850;4.366,16.098;4.142,16.412;3.897,16.753;3.652,17.095;3.407,17.436;3.167,17.770;2.971,18.042;2.830,18.239;2.750,18.350",2.7500000000000004,18.35,2.0,2.7500000000000004,18.35,2.0,2.7500000000000004,18.35,2.0,4.44205914489917,0.0,0.0,0,0,1,0,unmatched_render_rate,unmatched render attempts 1.1% > 1.0%,0,1,PASS_THROUGH,-1,0.9996199968946445,-0.001915840185171455,0.02749893388362304,0.710985497522999,0,0.9996744392529453,-0.0018548975642974713,0.025447492201301103,3.450130339857348,0.6900260679714696,0,0,0,BYPASS_VISIBLE,1,0,1,1,1
1787562315895395072,1787562315913169152,joint_v2_000000_07a44bf5,103,96,0.03333333333333333,3.2,17.774105072021484,frame_id_exact,1,,4.752526760101318,15.562932968139648,1.9147969484329224,0.022353645940853133,0.009438316994757317,0.307217200577358,0.9513300291459683,-0.2948378324508667,0.406265527009964,0.07984797656536102,0.5052470987234939,0.0018217214413196728,0.0554867173751869,0.6248271318508037,-0.0061063761822879314,depth/000103.png,1.0,0.00422305970613009,-0.04833061593944303,-0.9988224653709149,0.5052470987234939,0.0018217214413196728,0.0554867173751869,-0.0061063761822879314,0.9996903573388839,-0.0017875926843934579,0.02481922553282507,3.4318881195348947,0.686377623906979,0.6,0.0,0.08520305156707764,0.00022218144696162234,0.6,0.0,0.08520305156707764,0.00022218144696162234,goal_capture,TERMINAL_SETTLING,NONE,DIRECT_LOCAL,PASS_THROUGH,0,6,0,0,0,0,1,0.6,3.431888119534895,inf,0.0,0,0,0,CLEAR,none,nan,0.0,0.0,0,0,0,0,0.0,0,0,1,1,0.0,0.6,"4.763,15.549;4.677,15.667;4.545,15.850;4.366,16.098;4.142,16.412;3.897,16.753;3.652,17.095;3.407,17.436;3.167,17.770;2.971,18.042;2.830,18.239;2.750,18.350",2.7500000000000004,18.35,2.0,2.7500000000000004,18.35,2.0,2.7500000000000004,18.35,2.0,4.43172212328019,0.0,0.0,0,0,1,0,unmatched_render_rate,unmatched render attempts 1.1% > 1.0%,1,1,PASS_THROUGH,-1,0.9999984012701122,-0.001788143512031113,0.0,0.686377623906979,0,0.9996903573388839,-0.0017875926843934579,0.02481922553282507,3.4329456192898107,0.6865891238579621,0,0,0,BYPASS_VISIBLE,1,0,1,1,1
1787562315948871424,1787562315966588416,joint_v2_000000_07a44bf5,104,97,0.03333333333333333,3.2333333333333334,17.71712303161621,frame_id_exact,1,,4.7428107261657715,15.576362609863281,1.9174962043762207,-0.009430953774222964,-0.0005499887478835296,0.3072790337824586,0.9515725668707586,-0.2902217507362366,0.40242210030555725,0.08159875869750977,0.49458232824795617,0.0004641406711214711,0.09065690262735122,0.6246502056251443,-0.005298354662954807,depth/000104.png,1.0,0.004749160317633397,0.01828647380403538,-0.9998215092465713,0.49458232824795617,0.0004641406711214711,0.09065690262735122,-0.005298354662954807,0.999707023334269,-0.0016266137550756464,0.024149981859766516,3.415312425282025,0.683062485056405,0.6,0.0,0.0825037956237793,-6.356513730154667e-05,0.6,0.0,0.0825037956237793,-6.356513730154667e-05,goal_capture,TERMINAL_SETTLING,NONE,DIRECT_LOCAL,PASS_THROUGH,0,6,0,0,0,0,1,0.6,3.415312425282025,inf,0.0,0,0,0,CLEAR,none,nan,0.0,0.0,0,0,0,0,0.0,0,0,1,1,0.0,0.6,"4.763,15.549;4.677,15.667;4.545,15.850;4.366,16.098;4.142,16.412;3.897,16.753;3.652,17.095;3.407,17.436;3.167,17.770;2.971,18.042;2.830,18.239;2.750,18.350",2.7500000000000004,18.35,2.0,2.7500000000000004,18.35,2.0,2.7500000000000004,18.35,2.0,4.421277941008714,0.0,0.0,0,0,1,0,unmatched_render_rate,unmatched render attempts 1.1% > 1.0%,0,1,PASS_THROUGH,-1,0.9996903573388839,-0.0017875926843934579,0.02481922553282507,0.686377623906979,0,0.999707023334269,-0.0016266137550756464,0.024149981859766516,3.4163088031643327,0.6832617606328666,0,0,0,BYPASS_VISIBLE,1,0,1,1,1
1787562315993732608,1787562316014109952,joint_v2_000000_07a44bf5,105,98,0.03333333333333333,3.2666666666666666,20.377159118652344,frame_id_exact,1,,4.733038425445557,15.589956283569336,1.920183777809143,-0.03852902577813142,-0.010213603637204397,0.30704523971873854,0.9508598304899586,-0.29805219173431396,0.4158335030078888,0.07880119979381561,0.503726155722259,-0.0010131903174486574,0.1192525630627708,0.6245179222854614,-0.0045029036700725555,depth/000105.png,1.0,0.004236897066024044,0.07954348259502979,-0.9968223929466603,0.503726155722259,-0.0010131903174486574,0.1192525630627708,-0.0045029036700725555,0.99972321708734,-0.0014957022211327562,0.02347875830202605,3.398570686833215,0.679714137366643,0.6,0.0,0.07981622219085693,-0.004220337664190277,0.6,0.0,0.07981622219085693,-0.004220337664190277,goal_capture,TERMINAL_SETTLING,NONE,DIRECT_LOCAL,PASS_THROUGH,0,6,0,0,0,0,1,0.6,3.398570686833215,inf,0.0,0,0,0,CLEAR,none,nan,0.0,0.0,0,0,0,0,0.08572108687076567,0,0,1,1,0.0,0.6,"4.733,15.590;4.650,15.706;4.520,15.886;4.344,16.132;4.121,16.442;3.876,16.783;3.631,17.124;3.386,17.465;3.148,17.796;2.957,18.062;2.820,18.252;2.750,18.350",2.7500000000000004,18.35,2.0,2.7500000000000004,18.35,2.0,2.7500000000000004,18.35,2.0,4.41032773565658,0.0,0.0,0,0,1,0,unmatched_render_rate,unmatched render attempts 1.1% > 1.0%,0,1,PASS_THROUGH,-1,0.9996903573388839,-0.0017875926843934579,0.02481922553282507,0.686377623906979,0,0.99972321708734,-0.0014957022211327562,0.02347875830202605,3.399507808893342,0.6799015617786683,0,0,0,BYPASS_VISIBLE,1,0,1,1,1
1787562316045699072,1787562316063993600,joint_v2_000000_07a44bf5,106,99,0.03333333333333333,3.3,18.294572830200195,frame_id_exact,1,,4.72282600402832,15.604239463806152,1.9226826429367065,-0.058709352061061613,-0.01748274498271586,0.3067177796539602,0.9498272312650257,-0.3160628080368042,0.4428049325942993,0.07025756686925888,0.5313564862176428,-0.002313909367952552,0.13624596520344023,0.6245261069714221,-0.004132822621613741,depth/000106.png,1.0,0.002803229694491885,0.12225202008175359,-0.9924951312168793,0.5313564862176428,-0.002313909367952552,0.13624596520344023,-0.004132822621613741,0.9997375140352123,-0.0014919546736033933,0.022862132489022458,3.3810121804409228,0.6762024360881845,0.6,0.0,0.07731735706329346,-0.004081783042695353,0.6,0.0,0.07731735706329346,-0.004081783042695353,goal_capture,TERMINAL_SETTLING,NONE,DIRECT_LOCAL,PASS_THROUGH,0,6,0,0,0,0,1,0.6,3.3810121804409228,inf,0.0,0,0,0,CLEAR,none,nan,0.0,0.0,0,0,0,0,0.0,0,0,1,1,0.0,0.6,"4.733,15.590;4.650,15.706;4.520,15.886;4.344,16.132;4.121,16.442;3.876,16.783;3.631,17.124;3.386,17.465;3.148,17.796;2.957,18.062;2.820,18.252;2.750,18.350",2.7500000000000004,18.35,2.0,2.7500000000000004,18.35,2.0,2.7500000000000004,18.35,2.0,4.398618114638772,0.0,0.0,0,0,1,0,unmatched_render_rate,unmatched render attempts 1.1% > 1.0%,0,1,PASS_THROUGH,-1,0.9996903573388839,-0.0017875926843934579,0.02481922553282507,0.686377623906979,0,0.9997375140352123,-0.0014919546736033933,0.022862132489022458,3.381896115789652,0.6763792231579304,0,0,0,BYPASS_VISIBLE,1,0,1,1,1
1787562316090217728,1787562316109293056,joint_v2_000000_07a44bf5,107,100,0.03333333333333333,3.3333333333333335,19.07515525817871,frame_id_exact,1,,4.711901664733887,15.619560241699219,1.9248135089874268,-0.06574022906598469,-0.020821864092215425,0.30656956286753856,0.9493470257926148,-0.33998093008995056,0.4770028591156006,0.05711477994918823,0.5723254207117864,-0.0031363921522942193,0.13716644768044906,0.6246577032381007,-0.0042504374869167805,depth/000107.png,1.0,0.0007735570803360445,0.1375872814231111,-0.9904893445161543,0.5723254207117864,-0.0031363921522942193,0.13716644768044906,-0.0042504374869167805,0.999748771409279,-0.0016033414900919424,0.022356729673711006,3.3621956242603184,0.6724391248520637,0.6,0.0,0.07518649101257324,-0.004061810890217954,0.6,0.0,0.07518649101257324,-0.004061810890217954,goal_capture,TERMINAL_SETTLING,NONE,DIRECT_LOCAL,PASS_THROUGH,0,6,0,0,0,0,1,0.6,3.3621956242603184,inf,0.0,0,0,0,CLEAR,none,nan,0.0,0.0,0,0,0,0,0.0,0,0,1,1,0.0,0.6,"4.733,15.590;4.650,15.706;4.520,15.886;4.344,16.132;4.121,16.442;3.876,16.783;3.631,17.124;3.386,17.465;3.148,17.796;2.957,18.062;2.820,18.252;2.750,18.350",2.7500000000000004,18.35,2.0,2.7500000000000004,18.35,2.0,2.7500000000000004,18.35,2.0,4.386074633562009,0.0,0.0,0,0,1,0,unmatched_render_rate,unmatched render attempts 1.1% > 1.0%,0,1,PASS_THROUGH,-1,0.9996903573388839,-0.0017875926843934579,0.02481922553282507,0.686377623906979,0,0.999748771409279,-0.0016033414900919424,0.022356729673711006,3.363036191334553,0.6726072382669106,0,0,0,BYPASS_VISIBLE,1,0,1,1,1
1787562316137874432,1787562316155258624,joint_v2_000000_07a44bf5,108,101,0.03333333333333333,3.3666666666666667,17.38429069519043,frame_id_exact,1,,4.700153350830078,15.636038780212402,1.926475167274475,-0.05842204906132461,-0.019597799626680224,0.30671813058087266,0.9498035474803426,-0.36462077498435974,0.5110466480255127,0.04278875142335892,0.6177497307433488,-0.003251387038998527,0.11967690631663241,0.6247991623753788,-0.004575562197715044,depth/000108.png,1.0,-0.0013899158708725948,0.12300093982902122,-0.9924055808665373,0.6177497307433488,-0.003251387038998527,0.11967690631663241,-0.004575562197715044,0.9997565925227542,-0.0017224276491244342,0.021995202892559504,3.3419580479510467,0.6683916095902094,0.6,0.0,0.0735248327255249,-0.00711600113273092,0.6,0.0,0.0735248327255249,-0.00711600113273092,goal_capture,TERMINAL_SETTLING,NONE,DIRECT_LOCAL,PASS_THROUGH,0,6,0,0,0,0,1,0.6,3.341958047951047,inf,0.0,0,0,0,CLEAR,none,nan,0.0,0.0,0,0,0,0,0.09871176435137045,0,0,1,1,0.0,0.6,"4.700,15.636;4.540,15.860;4.347,16.128;4.155,16.396;3.962,16.664;3.769,16.932;3.576,17.200;3.384,17.468;3.191,17.736;2.999,18.004;2.812,18.264;2.750,18.350",2.7500000000000004,18.35,2.0,2.7500000000000004,18.35,2.0,2.7500000000000004,18.35,2.0,4.372809316402817,0.0,0.0,0,0,1,0,unmatched_render_rate,unmatched render attempts 1.1% > 1.0%,0,1,PASS_THROUGH,-1,0.9996903573388839,-0.0017875926843934579,0.02481922553282507,0.686377623906979,0,0.9997565925227542,-0.0017224276491244342,0.021995202892559504,3.3427667425789807,0.6685533485157962,0,0,0,BYPASS_VISIBLE,1,0,1,1,1
1787562316192960256,1787562316210952704,joint_v2_000000_07a44bf5,109,102,0.03333333333333333,3.4,17.992496490478516,frame_id_exact,1,,4.687643051147461,15.653552055358887,1.927699089050293,-0.03880159251227018,-0.014213873014473648,0.30703289008270473,0.9508013497255365,-0.38489118218421936,0.5379225611686707,0.03145647048950195,0.656584096860483,-0.0025937390507949363,0.08591862278182381,0.6248314957918474,-0.004994687158614397,depth/000109.png,1.0,-0.003202409116270351,0.08251346608613834,-0.9965848044648803,0.656584096860483,-0.0025937390507949363,0.08591862278182381,-0.004994687158614397,0.9997615109437924,-0.0017366434170172935,0.021769366206384096,3.3204355304416517,0.6640871060883303,0.6,0.0,0.07230091094970703,-0.00704128076997379,0.6,0.0,0.07230091094970703,-0.00704128076997379,goal_capture,TERMINAL_SETTLING,NONE,DIRECT_LOCAL,PASS_THROUGH,0,6,0,0,0,0,1,0.6,3.3204355304416517,inf,0.0,0,0,0,CLEAR,none,nan,0.0,0.0,0,0,0,0,0.0,0,0,1,1,0.0,0.6,"4.700,15.636;4.540,15.860;4.347,16.128;4.155,16.396;3.962,16.664;3.769,16.932;3.576,17.200;3.384,17.468;3.191,17.736;2.999,18.004;2.812,18.264;2.750,18.350",2.7500000000000004,18.35,2.0,2.7500000000000004,18.35,2.0,2.7500000000000004,18.35,2.0,4.359095734458778,0.0,0.0,0,0,1,0,unmatched_render_rate,unmatched render attempts 1.1% > 1.0%,1,1,PASS_THROUGH,-1,0.9999984913187114,-0.001737055065598996,0.0,0.6640871060883303,0,0.9997615109437924,-0.0017366434170172935,0.021769366206384096,3.321222596205122,0.6642445192410243,0,0,0,BYPASS_VISIBLE,1,0,1,1,1
1787562316241323264,1787562316259009024,joint_v2_000000_07a44bf5,110,103,0.03333333333333333,3.433333333333333,17.685890197753906,frame_id_exact,1,,4.674590110778809,15.671760559082031,1.9286407232284546,-0.011549127063397495,-0.005970532794878869,0.3072535935370831,0.9515388587234721,-0.3966051936149597,0.5520923733711243,0.026088442653417587,0.6788869300994863,-0.0013169174162084062,0.04350950523294154,0.6247206366679375,-0.005395589396357536,depth/000110.png,1.0,-0.004265366338329683,0.025647821683430307,-0.9996619408044376,0.6788869300994863,-0.0013169174162084062,0.04350950523294154,-0.005395589396357536,0.999764694467747,-0.0016180548917178927,0.021631865249677855,3.2980317762866065,0.6596063552573213,0.6,0.0,0.07135927677154541,-0.0062884301639909435,0.6,0.0,0.07135927677154541,-0.0062884301639909435,goal_capture,TERMINAL_SETTLING,NONE,DIRECT_LOCAL,PASS_THROUGH,0,6,0,0,0,0,1,0.6,3.298031776286606,inf,0.0,0,0,0,CLEAR,none,nan,0.0,0.0,0,0,0,0,0.0,0,0,1,1,0.0,0.6,"4.700,15.636;4.540,15.860;4.347,16.128;4.155,16.396;3.962,16.664;3.769,16.932;3.576,17.200;3.384,17.468;3.191,17.736;2.999,18.004;2.812,18.264;2.750,18.350",2.7500000000000004,18.35,2.0,2.7500000000000004,18.35,2.0,2.7500000000000004,18.35,2.0,4.345304695602257,0.0,0.0,0,0,1,0,unmatched_render_rate,unmatched render attempts 1.1% > 1.0%,0,1,PASS_THROUGH,-1,0.9997615109437924,-0.0017366434170172935,0.021769366206384096,0.6640871060883303,0,0.999764694467747,-0.0016180548917178927,0.021631865249677855,3.298803683728018,0.6597607367456036,0,0,0,BYPASS_VISIBLE,1,0,1,1,1
1787562316284594688,1787562316302277632,joint_v2_000000_07a44bf5,111,104,0.03333333333333333,3.466666666666667,17.682790756225586,frame_id_exact,1,,4.6613264083862305,15.690184593200684,1.9295130968093872,0.017186314254866473,0.003261594736142844,0.30720885533979925,0.9514813249890512,-0.3972613215446472,0.550540030002594,0.027097221463918686,0.6794355809223147,0.00023876807136862793,0.0035179551285095985,0.6245405653257753,-0.0056831794790923595,depth/000111.png,1.0,-0.004352882897250191,-0.03470889568874266,-0.9993879852042202,0.6794355809223147,0.00023876807136862793,0.0035179551285095985,-0.0056831794790923595,0.999767470537622,-0.0014440136871814444,0.021515568300093248,3.275330004387592,0.6550660008775184,0.6,0.0,0.07048690319061279,-0.0019193966705566279,0.6,0.0,0.07048690319061279,-0.0019193966705566279,goal_capture,TERMINAL_SETTLING,NONE,DIRECT_LOCAL,PASS_THROUGH,0,6,0,0,0,0,1,0.6,3.2753300043875924,inf,0.0,0,0,0,CLEAR,none,nan,0.0,0.0,0,0,0,0,0.08275507529482116,0,0,1,1,0.0,0.6,"4.661,15.690;4.559,15.833;4.430,16.011;4.302,16.190;4.173,16.369;4.045,16.547;3.917,16.726;3.788,16.905;3.660,17.084;3.532,17.262;3.403,17.441;3.275,17.620;3.147,17.798;3.018,17.977;2.890,18.155;2.779,18.310;2.750,18.350",2.7500000000000004,18.35,2.0,2.7500000000000004,18.35,2.0,2.7500000000000004,18.35,2.0,4.33183649950716,0.0,0.0,0,0,1,0,unmatched_render_rate,unmatched render attempts 1.1% > 1.0%,0,1,PASS_THROUGH,-1,0.9997615109437924,-0.0017366434170172935,0.021769366206384096,0.6640871060883303,0,0.999767470537622,-0.0014440136871814444,0.021515568300093248,3.2760883750538583,0.6552176750107717,0,0,0,BYPASS_VISIBLE,1,0,1,1,1
1787562316333327360,1787562316352319744,joint_v2_000000_07a44bf5,112,105,0.03333333333333333,3.5,18.99242401123047,frame_id_exact,1,,4.64823055267334,15.708292007446289,1.930500864982605,0.04112538200601506,0.011456875188994237,0.3069468745335268,0.9507686675421433,-0.38676443696022034,0.5336923003196716,0.03254639357328415,0.6594747033893902,0.0016675638032219834,-0.023744550379486938,0.6244076297167863,-0.00574314221739769,depth/000112.png,1.0,-0.0034609390262139474,-0.08523475336640612,-0.9963548859315263,0.6594747033893902,0.0016675638032219834,-0.023744550379486938,-0.00574314221739769,0.9997709646783726,-0.001332074135684697,0.02135986340249352,3.2529832998379646,0.650596659967593,0.6,0.0,0.06949913501739502,-0.0018167851430694881,0.6,0.0,0.06949913501739502,-0.0018167851430694881,goal_capture,TERMINAL_SETTLING,NONE,DIRECT_LOCAL,PASS_THROUGH,0,6,0,0,0,0,1,0.6,3.252983299837965,inf,0.0,0,0,0,CLEAR,none,nan,0.0,0.0,0,0,0,0,0.0,0,0,1,1,0.0,0.6,"4.661,15.690;4.559,15.833;4.430,16.011;4.302,16.190;4.173,16.369;4.045,16.547;3.917,16.726;3.788,16.905;3.660,17.084;3.532,17.262;3.403,17.441;3.275,17.620;3.147,17.798;3.018,17.977;2.890,18.155;2.779,18.310;2.750,18.350",2.7500000000000004,18.35,2.0,2.7500000000000004,18.35,2.0,2.7500000000000004,18.35,2.0,4.319013540987793,0.0,0.0,0,0,1,0,unmatched_render_rate,unmatched render attempts 1.1% > 1.0%,0,1,PASS_THROUGH,-1,0.9997615109437924,-0.0017366434170172935,0.021769366206384096,0.6640871060883303,0,0.9997709646783726,-0.001332074135684697,0.02135986340249352,3.2537256305338444,0.6507451261067689,0,0,0,BYPASS_VISIBLE,1,0,1,1,1
1787562316380211712,1787562316398146816,joint_v2_000000_07a44bf5,113,106,0.03333333333333333,3.533333333333333,17.93503761291504,frame_id_exact,1,,4.635638236999512,15.725637435913086,1.9317054748535156,0.05519349114904074,0.016866044514584944,0.3066850338456876,0.9500597376440506,-0.36764633655548096,0.5055918097496033,0.03973637893795967,0.625539311587781,0.002637942415900341,-0.032549924696404026,0.6243881199539162,-0.005664937198162079,depth/000113.png,1.0,-0.0018065357489715425,-0.11521935430703047,-0.9933384301544256,0.625539311587781,0.002637942415900341,-0.032549924696404026,-0.005664937198162079,0.9997758540320739,-0.0013448733142369382,0.02112896140859429,3.231549230418047,0.6463098460836094,0.6,0.0,0.06829452514648438,-0.002423951697275717,0.6,0.0,0.06829452514648438,-0.002423951697275717,goal_capture,TERMINAL_SETTLING,NONE,DIRECT_LOCAL,PASS_THROUGH,0,6,0,0,0,0,1,0.6,3.231549230418047,inf,0.0,0,0,0,CLEAR,none,nan,0.0,0.0,0,0,0,0,0.0,0,0,1,1,0.0,0.6,"4.661,15.690;4.559,15.833;4.430,16.011;4.302,16.190;4.173,16.369;4.045,16.547;3.917,16.726;3.788,16.905;3.660,17.084;3.532,17.262;3.403,17.441;3.275,17.620;3.147,17.798;3.018,17.977;2.890,18.155;2.779,18.310;2.750,18.350",2.7500000000000004,18.35,2.0,2.7500000000000004,18.35,2.0,2.7500000000000004,18.35,2.0,4.307024012489162,0.0,0.0,0,0,1,0,unmatched_render_rate,unmatched render attempts 1.1% > 1.0%,0,1,PASS_THROUGH,-1,0.9997615109437924,-0.0017366434170172935,0.021769366206384096,0.6640871060883303,0,0.9997758540320739,-0.0013448733142369382,0.02112896140859429,3.2322708071540753,0.646454161430815,0,0,0,BYPASS_VISIBLE,1,0,1,1,1
1787562316429638912,1787562316447520768,joint_v2_000000_07a44bf5,114,107,0.03333333333333333,3.566666666666667,17.88187026977539,frame_id_exact,1,,4.62376594543457,15.741947174072266,1.9331495761871338,0.0566115975118673,0.01839445800801457,0.30662260222531434,0.9499680788038735,-0.3444514870643616,0.4729025363922119,0.04675627872347832,0.5864530919824208,0.002979737481400722,-0.023101461769880975,0.6244437246960034,-0.005611003842204809,depth/000114.png,1.0,0.00023150517858248898,-0.11883873421461684,-0.9929135418834915,0.5864530919824208,0.002979737481400722,-0.023101461769880975,-0.005611003842204809,0.9997823658177555,-0.0014392930479617458,0.020812242439825948,3.2113763966716755,0.6422752793343351,0.6,0.0,0.06685042381286621,0.0014788172836333047,0.6,0.0,0.06685042381286621,0.0014788172836333047,goal_capture,TERMINAL_SETTLING,NONE,DIRECT_LOCAL,PASS_THROUGH,0,6,0,0,0,0,1,0.6,3.211376396671676,inf,0.0,0,0,0,CLEAR,none,nan,0.0,0.0,0,0,0,0,0.08248331134988325,0,0,1,1,0.0,0.6,"4.624,15.742;4.531,15.869;4.404,16.046;4.275,16.225;4.147,16.404;4.019,16.583;3.891,16.761;3.763,16.940;3.635,17.119;3.506,17.298;3.378,17.476;3.249,17.655;3.121,17.834;2.993,18.012;2.864,18.191;2.765,18.330;2.750,18.350",2.7500000000000004,18.35,2.0,2.7500000000000004,18.35,2.0,2.7500000000000004,18.35,2.0,4.295865116595701,0.0,0.0,0,0,1,0,unmatched_render_rate,unmatched render attempts 1.1% > 1.0%,0,1,PASS_THROUGH,-1,0.9997615109437924,-0.0017366434170172935,0.021769366206384096,0.6640871060883303,0,0.9997823658177555,-0.0014392930479617458,0.020812242439825948,3.2120721256322864,0.6424144251264573,0,0,0,BYPASS_VISIBLE,1,0,1,1,1
1787562316478339840,1787562316497722880,joint_v2_000000_07a44bf5,115,108,0.03333333333333333,3.6,19.382953643798828,frame_id_exact,1,,4.612661361694336,15.757198333740234,1.9348121881484985,0.0454446405579144,0.01582470907502715,0.306783048319408,0.9505622149502391,-0.3225191533565521,0.44313448667526245,0.05283529683947563,0.5506098149702084,0.0026777118993605506,-8.759193974351709e-05,0.6244762626596667,-0.005357388406991959,depth/000115.png,1.0,0.0022014502983283522,-0.0961054213503064,-0.9953687264545055,0.5506098149702084,0.0026777118993605506,-8.759193974351709e-05,-0.005357388406991959,0.9997904586210992,-0.001509306106425134,0.0204147212885555,3.192511210459318,0.6385022420918636,0.6,0.0,0.06518781185150146,0.0010475915034113825,0.6,0.0,0.06518781185150146,0.0010475915034113825,goal_capture,TERMINAL_SETTLING,NONE,DIRECT_LOCAL,PASS_THROUGH,0,6,0,0,0,0,1,0.6,3.192511210459318,inf,0.0,0,0,0,CLEAR,none,nan,0.0,0.0,0,0,0,0,0.0,0,0,1,1,0.0,0.6,"4.624,15.742;4.531,15.869;4.404,16.046;4.275,16.225;4.147,16.404;4.019,16.583;3.891,16.761;3.763,16.940;3.635,17.119;3.506,17.298;3.378,17.476;3.249,17.655;3.121,17.834;2.993,18.012;2.864,18.191;2.765,18.330;2.750,18.350",2.7500000000000004,18.35,2.0,2.7500000000000004,18.35,2.0,2.7500000000000004,18.35,2.0,4.285369184881539,0.0,0.0,0,0,1,0,unmatched_render_rate,unmatched render attempts 1.1% > 1.0%,1,1,PASS_THROUGH,-1,0.9999988605219998,-0.0015096207146102572,0.0,0.6385022420918636,0,0.9997904586210992,-0.001509306106425134,0.0204147212885555,3.1931766753066464,0.6386353350613293,0,0,0,BYPASS_VISIBLE,1,0,1,1,1
1787562316532524544,1787562316553748480,joint_v2_000000_07a44bf5,116,109,0.03333333333333333,3.6333333333333333,21.223783493041992,frame_id_exact,1,,4.602197170257568,15.771597862243652,1.9366562366485596,0.02445637276235588,0.00982455601202387,0.30700993062036663,0.9513412986047399,-0.3066851794719696,0.42283132672309875,0.057598214596509933,0.5246456254377371,0.0018275239375137324,0.030055155234655954,0.6244201638564523,-0.004796406254172325,depth/000116.png,1.0,0.003676313139394179,-0.05256518736505717,-0.9986107278609506,0.5246456254377371,0.0018275239375137324,0.030055155234655954,-0.004796406254172325,0.9997999050863405,-0.0014838253657856284,0.019948635332479554,3.1747113162454084,0.6349422632490817,0.6,0.0,0.06334376335144043,0.00012199770449417002,0.6,0.0,0.06334376335144043,0.00012199770449417002,goal_capture,TERMINAL_SETTLING,NONE,DIRECT_LOCAL,PASS_THROUGH,0,6,0,0,0,0,1,0.6,3.1747113162454084,inf,0.0,0,0,0,CLEAR,none,nan,0.0,0.0,0,0,0,0,0.0,0,0,1,1,0.0,0.6,"4.624,15.742;4.531,15.869;4.404,16.046;4.275,16.225;4.147,16.404;4.019,16.583;3.891,16.761;3.763,16.940;3.635,17.119;3.506,17.298;3.378,17.476;3.249,17.655;3.121,17.834;2.993,18.012;2.864,18.191;2.765,18.330;2.750,18.350",2.7500000000000004,18.35,2.0,2.7500000000000004,18.35,2.0,2.7500000000000004,18.35,2.0,4.275235013390484,0.0,0.0,0,0,1,0,unmatched_render_rate,unmatched render attempts 1.1% > 1.0%,0,1,PASS_THROUGH,-1,0.9997904586210992,-0.001509306106425134,0.0204147212885555,0.6385022420918636,0,0.9997999050863405,-0.0014838253657856284,0.019948635332479554,3.175343189932732,0.6350686379865464,0,0,0,BYPASS_VISIBLE,1,0,1,1,1
1787562316581630720,1787562316599304960,joint_v2_000000_07a44bf5,117,110,0.03333333333333333,3.6666666666666665,17.67420768737793,frame_id_exact,1,,4.5921101570129395,15.785540580749512,1.9386262893676758,-0.0015924426257718305,0.0017654669831996806,0.3071032602917836,0.9516732289872254,-0.30024629831314087,0.4161830544471741,0.06017746403813362,0.5130641721907868,0.0006049910252387638,0.06117426614047721,0.6242930060656614,-0.00408928282558918,depth/000117.png,1.0,0.004338383973548227,0.0019466086983341046,-0.9999886945056297,0.5130641721907868,0.0006049910252387638,0.06117426614047721,-0.00408928282558918,0.999810201277055,-0.001375030288393484,0.019433751929074997,3.1575024851221882,0.6315004970244377,0.6,0.0,0.06137371063232422,-0.0018160619646534482,0.6,0.0,0.06137371063232422,-0.0018160619646534482,goal_capture,TERMINAL_SETTLING,NONE,DIRECT_LOCAL,PASS_THROUGH,0,6,0,0,0,0,1,0.6,3.1575024851221882,inf,0.0,0,0,0,CLEAR,none,nan,0.0,0.0,0,0,0,0,0.07879833838063788,0,0,1,1,0.0,0.6,"4.592,15.786;4.509,15.901;4.379,16.082;4.202,16.328;3.979,16.639;3.734,16.980;3.489,17.321;3.244,17.662;3.031,17.959;2.871,18.182;2.768,18.325;2.750,18.350",2.7500000000000004,18.35,2.0,2.7500000000000004,18.35,2.0,2.7500000000000004,18.35,2.0,4.265106151838301,0.0,0.0,0,0,1,0,unmatched_render_rate,unmatched render attempts 1.1% > 1.0%,0,1,PASS_THROUGH,-1,0.9997904586210992,-0.001509306106425134,0.0204147212885555,0.6385022420918636,0,0.999810201277055,-0.001375030288393484,0.019433751929074997,3.158098902173517,0.6316197804347035,0,0,0,BYPASS_VISIBLE,1,0,1,1,1
1787562316627586048,1787562316644147968,joint_v2_000000_07a44bf5,118,111,0.03333333333333333,3.7,16.56174659729004,frame_id_exact,1,,4.582062721252441,15.799509048461914,1.9406262636184692,-0.02695883566135392,-0.006574037003347408,0.3069834098007238,0.9513102487224574,-0.3043035566806793,0.4242035150527954,0.05914463847875595,0.5179892510158123,-0.0007541324637853853,0.0879427778089036,0.6241800946781387,-0.0034957786556333303,depth/000118.png,1.0,0.004043933037629434,0.05532867390742834,-0.9984600064345255,0.5179892510158123,-0.0007541324637853853,0.0879427778089036,-0.0034957786556333303,0.9998205085083898,-0.0012656606715421418,0.018903673428457432,3.140295831363752,0.6280591662727504,0.6,0.0,0.05937373638153076,-0.001533147840560023,0.6,0.0,0.05937373638153076,-0.001533147840560023,goal_capture,TERMINAL_SETTLING,NONE,DIRECT_LOCAL,PASS_THROUGH,0,6,0,0,0,0,1,0.6,3.1402958313637517,inf,0.0,0,0,0,CLEAR,none,nan,0.0,0.0,0,0,0,0,0.0,0,0,1,1,0.0,0.6,"4.592,15.786;4.509,15.901;4.379,16.082;4.202,16.328;3.979,16.639;3.734,16.980;3.489,17.321;3.244,17.662;3.031,17.959;2.871,18.182;2.768,18.325;2.750,18.350",2.7500000000000004,18.35,2.0,2.7500000000000004,18.35,2.0,2.7500000000000004,18.35,2.0,4.254654662622016,0.0,0.0,0,0,1,0,unmatched_render_rate,unmatched render attempts 1.1% > 1.0%,0,1,PASS_THROUGH,-1,0.9997904586210992,-0.001509306106425134,0.0204147212885555,0.6385022420918636,0,0.9998205085083898,-0.0012656606715421418,0.018903673428457432,3.140857072369333,0.6281714144738666,0,0,0,BYPASS_VISIBLE,1,0,1,1,1
1787562316670179584,1787562316688073984,joint_v2_000000_07a44bf5,119,112,0.03333333333333333,3.7333333333333334,17.894268035888672,frame_id_exact,1,,4.571719646453857,15.813961029052734,1.9425157308578491,-0.046089492701352805,-0.013368832605434445,0.3067521553094364,0.9505788490127031,-0.3176001310348511,0.4446236789226532,0.05348510295152664,0.5387620728748789,-0.0019762375200393393,0.10560416017673072,0.6241637946733809,-0.0031633994076400995,depth/000119.png,1.0,0.0028598434250822827,0.09582523027863882,-0.9953940659545997,0.5387620728748789,-0.0019762375200393393,0.10560416017673072,-0.0031633994076400995,0.9998298189618675,-0.001239482959974663,0.018406433567401972,3.1225240002983545,0.6245048000596709,0.6,0.0,0.05748426914215088,-0.001527402171677128,0.6,0.0,0.05748426914215088,-0.001527402171677128,goal_capture,TERMINAL_SETTLING,NONE,DIRECT_LOCAL,PASS_THROUGH,0,6,0,0,0,0,1,0.6,3.1225240002983545,inf,0.0,0,0,0,CLEAR,none,nan,0.0,0.0,0,0,0,0,0.0,0,0,1,1,0.0,0.6,"4.592,15.786;4.509,15.901;4.379,16.082;4.202,16.328;3.979,16.639;3.734,16.980;3.489,17.321;3.244,17.662;3.031,17.959;2.871,18.182;2.768,18.325;2.750,18.350",2.7500000000000004,18.35,2.0,2.7500000000000004,18.35,2.0,2.7500000000000004,18.35,2.0,4.24364705207717,0.0,0.0,0,0,1,0,unmatched_render_rate,unmatched render attempts 1.1% > 1.0%,0,1,PASS_THROUGH,-1,0.9997904586210992,-0.001509306106425134,0.0204147212885555,0.6385022420918636,0,0.9998298189618675,-0.001239482959974663,0.018406433567401972,3.123053085305795,0.624610617061159,0,0,0,BYPASS_VISIBLE,1,0,1,1,1
1787562316713099520,1787562316729794560,joint_v2_000000_07a44bf5,120,113,0.03333333333333333,3.7666666666666666,16.695022583007812,frame_id_exact,1,,4.560822010040283,15.829235076904297,1.944144606590271,-0.05483931781583129,-0.017140426769648602,0.306605544956368,0.9501009918917342,-0.3369443416595459,0.47259974479675293,0.04376747086644173,0.571555556071265,-0.0027885328092980147,0.1100639362971548,0.6242547378556053,-0.0030851897317916155,depth/000120.png,1.0,0.001057804897335285,0.11471648028396039,-0.9933977099832971,0.571555556071265,-0.0027885328092980147,0.1100639362971548,-0.0030851897317916155,0.9998372511629102,-0.0013110046403892609,0.0179931224035363,3.1037609684954837,0.6207521936990967,0.6,0.0,0.055855393409729004,-0.005834791533181338,0.6,0.0,0.055855393409729004,-0.005834791533181338,goal_capture,TERMINAL_SETTLING,NONE,DIRECT_LOCAL,PASS_THROUGH,0,6,0,0,0,0,1,0.6,3.1037609684954837,inf,0.0,0,0,0,CLEAR,none,nan,0.0,0.0,0,0,0,0,0.07512721663530307,0,0,1,1,0.0,0.6,"4.561,15.829;4.470,15.956;4.343,16.133;4.215,16.312;4.086,16.491;3.958,16.669;3.829,16.848;3.701,17.026;3.572,17.205;3.444,17.384;3.316,17.562;3.187,17.741;3.059,17.920;2.931,18.099;2.809,18.269;2.750,18.350",2.7500000000000004,18.35,2.0,2.7500000000000004,18.35,2.0,2.7500000000000004,18.35,2.0,4.231990777944603,0.0,0.0,0,0,1,0,unmatched_render_rate,unmatched render attempts 1.1% > 1.0%,0,1,PASS_THROUGH,-1,0.9997904586210992,-0.001509306106425134,0.0204147212885555,0.6385022420918636,0,0.9998372511629102,-0.0013110046403892609,0.0179931224035363,3.1042635156392535,0.6208527031278507,0,0,0,BYPASS_VISIBLE,1,0,1,1,1
1787562316760988160,1787562316778610688,joint_v2_000000_07a44bf5,121,114,0.03333333333333333,3.8,17.62247085571289,frame_id_exact,1,,4.5492377281188965,15.84548282623291,1.9454131126403809,-0.051459985468612544,-0.017106567432162743,0.3066657123316831,0.9502712118791984,-0.3580474853515625,0.5019596815109253,0.03238680586218834,0.6094322915061087,-0.002978677701255426,0.0989638235510704,0.6243771699266335,-0.0033540872391313314,depth/000121.png,1.0,-0.000949730929088774,0.10829388088335708,-0.9941184704925181,0.6094322915061087,-0.002978677701255426,0.0989638235510704,-0.0033540872391313314,0.9998423768960827,-0.001410387369856095,0.017698366316091806,3.0838065237593524,0.6167613047518705,0.6,0.0,0.05458688735961914,-0.005922590082102497,0.6,0.0,0.05458688735961914,-0.005922590082102497,goal_capture,TERMINAL_SETTLING,NONE,DIRECT_LOCAL,PASS_THROUGH,0,6,0,0,0,0,1,0.6,3.083806523759353,inf,0.0,0,0,0,CLEAR,none,nan,0.0,0.0,0,0,0,0,0.0,0,0,1,1,0.0,0.6,"4.561,15.829;4.470,15.956;4.343,16.133;4.215,16.312;4.086,16.491;3.958,16.669;3.829,16.848;3.701,17.026;3.572,17.205;3.444,17.384;3.316,17.562;3.187,17.741;3.059,17.920;2.931,18.099;2.809,18.269;2.750,18.350",2.7500000000000004,18.35,2.0,2.7500000000000004,18.35,2.0,2.7500000000000004,18.35,2.0,4.219745325524315,0.0,0.0,0,0,1,0,unmatched_render_rate,unmatched render attempts 1.1% > 1.0%,1,1,PASS_THROUGH,-1,0.9999990050916014,-0.001410608311110306,0.0,0.6167613047518705,0,0.9998423768960827,-0.001410387369856095,0.017698366316091806,3.0842896109562017,0.6168579221912404,0,0,0,BYPASS_VISIBLE,1,0,1,1,1
1787562316807343872,1787562316826087680,joint_v2_000000_07a44bf5,122,115,0.03333333333333333,3.8333333333333335,18.74375343322754,frame_id_exact,1,,4.536983013153076,15.86264705657959,1.9463212490081787,-0.036986308485834195,-0.013360839085114717,0.3068772657490604,0.9509362989863795,-0.3764342963695526,0.5264970660209656,0.02263787016272545,0.6434448379354967,-0.002467712472238676,0.07339662190282632,0.6244263230774735,-0.003833463881164789,depth/000122.png,1.0,-0.002710099305334973,0.07854352214248174,-0.9969070019270647,0.6434448379354967,-0.002467712472238676,0.07339662190282632,-0.003833463881164789,0.9998454099257692,-0.0014393825946106126,0.017523824585892172,3.062716597147021,0.6125433194294042,0.6,0.0,0.05367875099182129,-0.005434973568263501,0.6,0.0,0.05367875099182129,-0.005434973568263501,goal_capture,TERMINAL_SETTLING,NONE,DIRECT_LOCAL,PASS_THROUGH,0,6,0,0,0,0,1,0.6,3.062716597147021,inf,0.0,0,0,0,CLEAR,none,nan,0.0,0.0,0,0,0,0,0.0,0,0,1,1,0.0,0.6,"4.561,15.829;4.470,15.956;4.343,16.133;4.215,16.312;4.086,16.491;3.958,16.669;3.829,16.848;3.701,17.026;3.572,17.205;3.444,17.384;3.316,17.562;3.187,17.741;3.059,17.920;2.931,18.099;2.809,18.269;2.750,18.350",2.7500000000000004,18.35,2.0,2.7500000000000004,18.35,2.0,2.7500000000000004,18.35,2.0,4.207108071690461,0.0,0.0,0,0,1,0,unmatched_render_rate,unmatched render attempts 1.1% > 1.0%,0,1,PASS_THROUGH,-1,0.9998423768960827,-0.001410387369856095,0.017698366316091806,0.6167613047518705,0,0.9998454099257692,-0.0014393825946106126,0.017523824585892172,3.063186961768392,0.6126373923536784,0,0,0,BYPASS_VISIBLE,1,0,1,1,1
1787562316852334080,1787562316869987840,joint_v2_000000_07a44bf5,123,116,0.03333333333333333,3.8666666666666667,17.653703689575195,frame_id_exact,1,,4.5242156982421875,15.880475044250488,1.9469720125198364,-0.01489937847193687,-0.006822189125432677,0.3070619131863114,0.9515484473882814,-0.3882407546043396,0.5410683155059814,0.017221111804246902,0.6650329685124193,-0.0013668383838153577,0.038880005354858346,0.6243575648549722,-0.004251057282090187,depth/000123.png,1.0,-0.0038332236224296098,0.03254462979399224,-0.9994629325133736,0.6650329685124193,-0.0013668383838153577,0.038880005354858346,-0.004251057282090187,0.9998470525801691,-0.0013597408790260838,0.01743624247050797,3.040788524537451,0.6081577049074902,0.6,0.0,0.053027987480163574,-0.004021690421756041,0.6,0.0,0.053027987480163574,-0.004021690421756041,goal_capture,TERMINAL_SETTLING,NONE,DIRECT_LOCAL,PASS_THROUGH,0,6,0,0,0,0,1,0.6,3.040788524537451,inf,0.0,0,0,0,CLEAR,none,nan,0.0,0.0,0,0,0,0,0.07791928312405749,0,0,1,1,0.0,0.6,"4.524,15.880;4.423,16.021;4.276,16.227;4.081,16.497;3.844,16.828;3.599,17.169;3.354,17.510;3.119,17.836;2.935,18.092;2.806,18.272;2.750,18.350",2.7500000000000004,18.35,2.0,2.7500000000000004,18.35,2.0,2.7500000000000004,18.35,2.0,4.19436917316688,0.0,0.0,0,0,1,0,unmatched_render_rate,unmatched render attempts 1.1% > 1.0%,0,1,PASS_THROUGH,-1,0.9998423768960827,-0.001410387369856095,0.017698366316091806,0.6167613047518705,0,0.9998470525801691,-0.0013597408790260838,0.01743624247050797,3.0412508641042493,0.6082501728208498,0,0,0,BYPASS_VISIBLE,1,0,1,1,1
1787562316905631744,1787562316921745152,joint_v2_000000_07a44bf5,124,117,0.03333333333333333,3.9,16.11328125,frame_id_exact,1,,4.511201858520508,15.898573875427246,1.9475303888320923,0.00974904331041743,0.0010037720999946224,0.30706988715341915,0.9516365025574047,-0.39093539118766785,0.5425589680671692,0.01703224517405033,0.6689342991742536,3.846911062020554e-05,0.004208704932986244,0.6242171800014674,-0.004474424757063389,depth/000124.png,1.0,-0.004076822917160184,-0.01917154732935881,-0.9998078971922058,0.6689342991742536,3.846911062020554e-05,0.004208704932986244,-0.004474424757063389,0.9998482080442733,-0.0012222949686607617,0.017380070933834365,3.0184966507673794,0.6036993301534759,0.6,0.0,0.052469611167907715,-0.0037328217954835097,0.6,0.0,0.052469611167907715,-0.0037328217954835097,goal_capture,TERMINAL_SETTLING,NONE,DIRECT_LOCAL,PASS_THROUGH,0,6,0,0,0,0,1,0.6,3.0184966507673794,inf,0.0,0,0,0,CLEAR,none,nan,0.0,0.0,0,0,0,0,0.0,0,0,1,1,0.0,0.6,"4.524,15.880;4.423,16.021;4.276,16.227;4.081,16.497;3.844,16.828;3.599,17.169;3.354,17.510;3.119,17.836;2.935,18.092;2.806,18.272;2.750,18.350",2.7500000000000004,18.35,2.0,2.7500000000000004,18.35,2.0,2.7500000000000004,18.35,2.0,4.181848466156872,0.0,0.0,0,0,1,0,unmatched_render_rate,unmatched render attempts 1.1% > 1.0%,0,1,PASS_THROUGH,-1,0.9998423768960827,-0.001410387369856095,0.017698366316091806,0.6167613047518705,0,0.9998482080442733,-0.0012222949686607617,0.017380070933834365,3.0189526479873776,0.6037905295974755,0,0,0,BYPASS_VISIBLE,1,0,1,1,1
1787562316957023488,1787562316974948352,joint_v2_000000_07a44bf5,125,118,0.03333333333333333,3.933333333333333,17.925024032592773,frame_id_exact,1,,4.498261451721191,15.91649341583252,1.9481570720672607,0.031481339163950836,0.00837109637683631,0.3068993825041164,0.9511843244337483,-0.3839530348777771,0.5306925773620605,0.0210055373609066,0.6550008141073412,0.0013838777546371778,-0.021628584325911054,0.6240988111682566,-0.004573293030261993,depth/000125.png,1.0,-0.00339829579569665,-0.06502728126773158,-0.997877700059788,0.6550008141073412,0.0013838777546371778,-0.021628584325911054,-0.004573293030261993,0.9998497284119657,-0.0011219120488169135,0.017299188069765315,2.9963932316638235,0.5992786463327647,0.6,0.0,0.05184292793273926,-0.00355531004203935,0.6,0.0,0.05184292793273926,-0.00355531004203935,goal_capture,TERMINAL_SETTLING,NONE,DIRECT_LOCAL,PASS_THROUGH,0,6,0,0,0,0,1,0.6,2.9963932316638235,inf,0.0,0,0,0,CLEAR,none,nan,0.0,0.0,0,0,0,0,0.0,0,0,1,1,0.0,0.6,"4.524,15.880;4.423,16.021;4.276,16.227;4.081,16.497;3.844,16.828;3.599,17.169;3.354,17.510;3.119,17.836;2.935,18.092;2.806,18.272;2.750,18.350",2.7500000000000004,18.35,2.0,2.7500000000000004,18.35,2.0,2.7500000000000004,18.35,2.0,4.169818592260139,0.0,0.0,0,0,1,0,unmatched_render_rate,unmatched render attempts 1.1% > 1.0%,0,1,PASS_THROUGH,-1,0.9998423768960827,-0.001410387369856095,0.017698366316091806,0.6167613047518705,0,0.9998497284119657,-0.0011219120488169135,0.017299188069765315,2.9968416854978193,0.5993683370995638,0,0,0,BYPASS_VISIBLE,1,0,1,1,1
1787562317005424896,1787562317022301184,joint_v2_000000_07a44bf5,126,119,0.03333333333333333,3.966666666666667,16.876220703125,frame_id_exact,1,,4.485694885253906,15.933833122253418,1.948957085609436,0.04558578117323621,0.013675190832473589,0.30668944822404964,0.9506190130954405,-0.3689720630645752,0.5083014369010925,0.027094241231679916,0.6278280823492965,0.0023520087667822497,-0.032729177412985526,0.6240635053985771,-0.004688701126724482,depth/000126.png,1.0,-0.0019615633236484513,-0.09505749408171285,-0.9954698514210425,0.6278280823492965,0.0023520087667822497,-0.032729177412985526,-0.004688701126724482,0.9998522208473113,-0.0011165039395422934,0.01715487935406793,2.974978842919096,0.5949957685838192,0.6,0.0,0.051042914390563965,0.0011833625249935142,0.6,0.0,0.051042914390563965,0.0011833625249935142,goal_capture,TERMINAL_SETTLING,NONE,DIRECT_LOCAL,PASS_THROUGH,0,6,0,0,0,0,1,0.6,2.974978842919096,inf,0.0,0,0,0,CLEAR,none,nan,0.0,0.0,0,0,0,0,0.0639803919241136,0,0,1,1,0.0,0.6,"4.486,15.934;4.388,16.068;4.260,16.246;4.132,16.425;4.003,16.604;3.875,16.783;3.747,16.962;3.619,17.140;3.491,17.319;3.362,17.498;3.234,17.676;3.106,17.855;2.977,18.034;2.849,18.212;2.757,18.341;2.750,18.350",2.7500000000000004,18.35,2.0,2.7500000000000004,18.35,2.0,2.7500000000000004,18.35,2.0,4.158455655793736,0.0,0.0,0,0,1,0,unmatched_render_rate,unmatched render attempts 1.1% > 1.0%,0,1,PASS_THROUGH,-1,0.9998423768960827,-0.001410387369856095,0.017698366316091806,0.6167613047518705,0,0.9998522208473113,-0.0011165039395422934,0.01715487935406793,2.9754166926542784,0.5950833385308557,0,0,0,BYPASS_VISIBLE,1,0,1,1,1
1787562317056485888,1787562317073252608,joint_v2_000000_07a44bf5,127,120,0.03333333333333333,4.0,16.766786575317383,frame_id_exact,1,,4.473713397979736,15.950321197509766,1.949968695640564,0.04914186512363947,0.015801400309236532,0.30660140395364527,0.9504372530230972,-0.3495520055294037,0.48069489002227783,0.03351861238479614,0.594633973476191,0.002754617388086823,-0.027937947496588587,0.6240958673170144,-0.004640203434973955,depth/000127.png,1.0,-9.74506719588937e-05,-0.10310198163157785,-0.9946707856808745,0.594633973476191,0.002754617388086823,-0.027937947496588587,-0.004640203434973955,0.9998559572324301,-0.0011865175905779333,0.016930946896971086,2.954597474021769,0.5909194948043538,0.6,0.0,0.050031304359436035,0.0007623362153008628,0.6,0.0,0.050031304359436035,0.0007623362153008628,goal_capture,TERMINAL_SETTLING,NONE,DIRECT_LOCAL,PASS_THROUGH,0,6,0,0,0,0,1,0.6,2.954597474021769,inf,0.0,0,0,0,CLEAR,none,nan,0.0,0.0,0,0,0,0,0.0,0,0,1,1,0.0,0.6,"4.486,15.934;4.388,16.068;4.260,16.246;4.132,16.425;4.003,16.604;3.875,16.783;3.747,16.962;3.619,17.140;3.491,17.319;3.362,17.498;3.234,17.676;3.106,17.855;2.977,18.034;2.849,18.212;2.757,18.341;2.750,18.350",2.7500000000000004,18.35,2.0,2.7500000000000004,18.35,2.0,2.7500000000000004,18.35,2.0,4.147786483896111,0.0,0.0,0,0,1,0,unmatched_render_rate,unmatched render attempts 1.1% > 1.0%,1,1,PASS_THROUGH,-1,0.9999992958859166,-0.0011866876889131577,0.0,0.5909194948043538,0,0.9998559572324301,-0.0011865175905779333,0.016930946896971086,2.955021043057346,0.5910042086114692,0,0,0,BYPASS_VISIBLE,1,0,1,1,1
1787562317106908672,1787562317124606208,joint_v2_000000_07a44bf5,128,121,0.03333333333333333,4.033333333333333,17.697572708129883,frame_id_exact,1,,4.462390899658203,15.96589183807373,1.951184630393982,0.04162839942413829,0.014361047640131717,0.306688725485322,0.9507906511594711,-0.3302072584629059,0.4542801082134247,0.03930054232478142,0.5628854481744258,0.0025471634253928068,-0.010259974608707208,0.6241282840472215,-0.004351068753749132,depth/000128.png,1.0,0.001774778147420275,-0.08796852878517798,-0.9961216733441245,0.5628854481744258,0.0025471634253928068,-0.010259974608707208,-0.004351068753749132,0.9998609567322345,-0.001257100316135223,0.016627895275588823,2.9353456902034027,0.5870691380406805,0.6,0.0,0.048815369606018066,-0.00038388335478201085,0.6,0.0,0.048815369606018066,-0.00038388335478201085,goal_capture,TERMINAL_SETTLING,NONE,DIRECT_LOCAL,PASS_THROUGH,0,6,0,0,0,0,1,0.6,2.9353456902034027,inf,0.0,0,0,0,CLEAR,none,nan,0.0,0.0,0,0,0,0,0.0,0,0,1,1,0.0,0.6,"4.486,15.934;4.388,16.068;4.260,16.246;4.132,16.425;4.003,16.604;3.875,16.783;3.747,16.962;3.619,17.140;3.491,17.319;3.362,17.498;3.234,17.676;3.106,17.855;2.977,18.034;2.849,18.212;2.757,18.341;2.750,18.350",2.7500000000000004,18.35,2.0,2.7500000000000004,18.35,2.0,2.7500000000000004,18.35,2.0,4.137695633972191,0.0,0.0,0,0,1,0,unmatched_render_rate,unmatched render attempts 1.1% > 1.0%,0,1,PASS_THROUGH,-1,0.9998559572324301,-0.0011865175905779333,0.016930946896971086,0.5909194948043538,0,0.9998609567322345,-0.001257100316135223,0.016627895275588823,2.935751566687049,0.5871503133374099,0,0,0,BYPASS_VISIBLE,1,0,1,1,1
1787562317150875392,1787562317167473152,joint_v2_000000_07a44bf5,129,122,0.03333333333333333,4.066666666666666,16.597747802734375,frame_id_exact,1,,4.451650142669678,15.980687141418457,1.9525747299194336,0.024950860113494372,0.009752033263179867,0.30685755910867046,0.9513783636622707,-0.3152875006198883,0.434982568025589,0.043907519429922104,0.5388061591986114,0.0018067458646532182,0.01511857383427491,0.6240973281863301,-0.003938297275453806,depth/000129.png,1.0,0.003243026832430657,-0.053460387180456856,-0.9985647048536613,0.5388061591986114,0.0018067458646532182,0.01511857383427491,-0.003938297275453806,0.9998670755565119,-0.0012578928676422589,0.016255735098780574,2.9170630143840883,0.5834126028768176,0.6,0.0,0.047425270080566406,-6.49265269547783e-06,0.6,0.0,0.047425270080566406,-6.49265269547783e-06,goal_capture,TERMINAL_SETTLING,NONE,DIRECT_LOCAL,PASS_THROUGH,0,6,0,0,0,0,1,0.6,2.9170630143840883,inf,0.0,0,0,0,CLEAR,none,nan,0.0,0.0,0,0,0,0,0.07208149576512424,0,0,1,1,0.0,0.6,"4.452,15.981;4.365,16.100;4.240,16.274;4.112,16.452;3.984,16.631;3.856,16.810;3.728,16.989;3.599,17.168;3.471,17.346;3.343,17.525;3.214,17.704;3.086,17.882;2.958,18.061;2.830,18.239;2.750,18.350",2.7500000000000004,18.35,2.0,2.7500000000000004,18.35,2.0,2.7500000000000004,18.35,2.0,4.12795642153892,0.0,0.0,0,0,1,0,unmatched_render_rate,unmatched render attempts 1.1% > 1.0%,0,1,PASS_THROUGH,-1,0.9998559572324301,-0.0011865175905779333,0.016930946896971086,0.5909194948043538,0,0.9998670755565119,-0.0012578928676422589,0.016255735098780574,2.9174485061659268,0.5834897012331853,0,0,0,BYPASS_VISIBLE,1,0,1,1,1
1787562317197525248,1787562317216508672,joint_v2_000000_07a44bf5,130,123,0.03333333333333333,4.1,18.98336410522461,frame_id_exact,1,,4.441286087036133,15.99501895904541,1.9540892839431763,0.0029407171636779777,0.0030432568787114546,0.3069531176312734,0.9517152275479126,-0.30800101161003113,0.4269261956214905,0.04660773277282715,0.5267649783197902,0.0006960909948033115,0.042673803298309734,0.624000540173983,-0.0034309052862226963,depth/000130.png,1.0,0.003987303222693743,-0.007465724982514276,-0.9999641815402669,0.5267649783197902,0.0006960909948033115,0.042673803298309734,-0.0034309052862226963,0.9998739574909259,-0.0011809809151095466,0.01583270082810322,2.8993765418547426,0.5798753083709485,0.6,0.0,0.04591071605682373,8.362357724278624e-05,0.6,0.0,0.04591071605682373,8.362357724278624e-05,goal_capture,TERMINAL_SETTLING,NONE,DIRECT_LOCAL,PASS_THROUGH,0,6,0,0,0,0,1,0.6,2.899376541854742,inf,0.0,0,0,0,CLEAR,none,nan,0.0,0.0,0,0,0,0,0.0,0,0,1,1,0.0,0.6,"4.452,15.981;4.365,16.100;4.240,16.274;4.112,16.452;3.984,16.631;3.856,16.810;3.728,16.989;3.599,17.168;3.471,17.346;3.343,17.525;3.214,17.704;3.086,17.882;2.958,18.061;2.830,18.239;2.750,18.350",2.7500000000000004,18.35,2.0,2.7500000000000004,18.35,2.0,2.7500000000000004,18.35,2.0,4.11828517533978,0.0,0.0,0,0,1,0,unmatched_render_rate,unmatched render attempts 1.1% > 1.0%,0,1,PASS_THROUGH,-1,0.9998559572324301,-0.0011865175905779333,0.016930946896971086,0.5909194948043538,0,0.9998739574909259,-0.0011809809151095466,0.01583270082810322,2.8997400099502735,0.5799480019900547,0,0,0,BYPASS_VISIBLE,1,0,1,1,1
1787562317245269760,1787562317261854464,joint_v2_000000_07a44bf5,131,124,0.03333333333333333,4.133333333333334,16.58463478088379,frame_id_exact,1,,4.431015968322754,16.009294509887695,1.9556469917297363,-0.01948927535103281,-0.00426444214606301,0.30689090867122026,0.9515355762421221,-0.3097474277019501,0.4315868616104126,0.04630154371261597,0.5289769809808267,-0.0005646897129684272,0.06736138174658889,0.6239011328735257,-0.0028911393601447344,depth/000131.png,1.0,0.0038466260140336325,0.039706914753735036,-0.9992039653589491,0.5289769809808267,-0.0005646897129684272,0.06736138174658889,-0.0028911393601447344,0.9998809925357368,-0.0010866070813434234,0.01538895873022368,2.881790567893159,0.5763581135786318,0.6,0.0,0.04435300827026367,-0.0001494217469699688,0.6,0.0,0.04435300827026367,-0.0001494217469699688,goal_capture,TERMINAL_SETTLING,NONE,DIRECT_LOCAL,PASS_THROUGH,0,6,0,0,0,0,1,0.6,2.881790567893159,inf,0.0,0,0,0,CLEAR,none,nan,0.0,0.0,0,0,0,0,0.0,0,0,1,1,0.0,0.6,"4.452,15.981;4.365,16.100;4.240,16.274;4.112,16.452;3.984,16.631;3.856,16.810;3.728,16.989;3.599,17.168;3.471,17.346;3.343,17.525;3.214,17.704;3.086,17.882;2.958,18.061;2.830,18.239;2.750,18.350",2.7500000000000004,18.35,2.0,2.7500000000000004,18.35,2.0,2.7500000000000004,18.35,2.0,4.108411514260174,0.0,0.0,0,0,1,0,unmatched_render_rate,unmatched render attempts 1.1% > 1.0%,0,1,PASS_THROUGH,-1,0.9998559572324301,-0.0011865175905779333,0.016930946896971086,0.5909194948043538,0,0.9998809925357368,-0.0010866070813434234,0.01538895873022368,2.8821318614075584,0.5764263722815117,0,0,0,BYPASS_VISIBLE,1,0,1,1,1
1787562317288304128,1787562317305373952,joint_v2_000000_07a44bf5,132,125,0.03333333333333333,4.166666666666667,17.06981658935547,frame_id_exact,1,,4.4205427169799805,16.02391815185547,1.9571309089660645,-0.03737294251680036,-0.01055224246615264,0.30672397338656926,0.9510059502950162,-0.3198694586753845,0.44755685329437256,0.042135074734687805,0.5451840054718481,-0.0017222049864623454,0.08467825124905573,0.6238740108779076,-0.0024631319101899862,depth/000132.png,1.0,0.0028558641032678765,0.07755703290173514,-0.9969838266931429,0.5451840054718481,-0.0017222049864623454,0.08467825124905573,-0.0024631319101899862,0.9998874264071737,-0.001051283278026911,0.0149676089041678,2.8638033685157813,0.5727606737031563,0.6,0.0,0.04286909103393555,-0.003957948382732335,0.6,0.0,0.04286909103393555,-0.003957948382732335,goal_capture,TERMINAL_SETTLING,NONE,DIRECT_LOCAL,PASS_THROUGH,0,6,0,0,0,0,1,0.6,2.8638033685157818,inf,0.0,0,0,0,CLEAR,none,nan,0.0,0.0,0,0,0,0,0.060240854237858354,0,0,1,1,0.0,0.6,"4.421,16.024;4.333,16.146;4.199,16.333;4.018,16.585;3.791,16.901;3.545,17.242;3.300,17.583;3.075,17.897;2.903,18.137;2.786,18.299;2.750,18.350",2.7500000000000004,18.35,2.0,2.7500000000000004,18.35,2.0,2.7500000000000004,18.35,2.0,4.098126159809674,0.0,0.0,0,0,1,0,unmatched_render_rate,unmatched render attempts 1.1% > 1.0%,0,1,PASS_THROUGH,-1,0.9998559572324301,-0.0011865175905779333,0.016930946896971086,0.5909194948043538,0,0.9998874264071737,-0.001051283278026911,0.0149676089041678,2.864124210380621,0.5728248420761242,0,0,0,BYPASS_VISIBLE,1,0,1,1,1
1787562317334686720,1787562317355546880,joint_v2_000000_07a44bf5,133,126,0.03333333333333333,4.2,20.86019515991211,frame_id_exact,1,,4.4096245765686035,16.039213180541992,1.95841383934021,-0.046776859361452476,-0.014433969806124214,0.3065947811096921,0.950580467998483,-0.33590415120124817,0.47100627422332764,0.034405555576086044,0.5723715944952159,-0.002522308040289193,0.09081105210063722,0.6239393833582997,-0.002407943829894066,depth/000133.png,1.0,0.001241782367083697,0.09778109735312254,-0.9952071718878296,0.5723715944952159,-0.002522308040289193,0.09081105210063722,-0.002407943829894066,0.9998925830061333,-0.0010976922048850759,0.014615660133785376,2.8450113286472827,0.5690022657294566,0.6,0.0,0.04158616065979004,-0.003932291764775497,0.6,0.0,0.04158616065979004,-0.003932291764775497,goal_capture,TERMINAL_SETTLING,NONE,DIRECT_LOCAL,PASS_THROUGH,0,6,0,0,0,0,1,0.6,2.8450113286472827,inf,0.0,0,0,0,CLEAR,none,nan,0.0,0.0,0,0,0,0,0.0,0,0,1,1,0.0,0.6,"4.421,16.024;4.333,16.146;4.199,16.333;4.018,16.585;3.791,16.901;3.545,17.242;3.300,17.583;3.075,17.897;2.903,18.137;2.786,18.299;2.750,18.350",2.7500000000000004,18.35,2.0,2.7500000000000004,18.35,2.0,2.7500000000000004,18.35,2.0,4.08733690577092,0.0,0.0,0,0,1,0,unmatched_render_rate,unmatched render attempts 1.1% > 1.0%,1,1,PASS_THROUGH,-1,0.9999993974070057,-0.0010978094668161722,0.0,0.5690022657294566,0,0.9998925830061333,-0.0010976922048850759,0.014615660133785376,2.845315249474089,0.5690630498948178,0,0,0,BYPASS_VISIBLE,1,0,1,1,1
1787562317388243200,1787562317404020992,joint_v2_000000_07a44bf5,134,127,0.03333333333333333,4.233333333333333,15.777826309204102,frame_id_exact,1,,4.398122787475586,16.055341720581055,1.9594029188156128,-0.04572424166383161,-0.01507813140738144,0.30661138441057734,0.9506163277723345,-0.3542369604110718,0.49667662382125854,0.024896809831261635,0.6048298917140478,-0.0027610746480130205,0.08345371452185096,0.6240401049651177,-0.0026938191149383783,depth/000134.png,1.0,-0.0006278897409648758,0.09617867489157642,-0.9953638873550585,0.6048298917140478,-0.0027610746480130205,0.08345371452185096,-0.0026938191149383783,0.9998960827321789,-0.001174878365780767,0.014368138281248928,2.825201823215859,0.5650403646431718,0.6,0.0,0.04059708118438721,-0.0037052601636777815,0.6,0.0,0.04059708118438721,-0.0037052601636777815,goal_capture,TERMINAL_SETTLING,NONE,DIRECT_LOCAL,PASS_THROUGH,0,6,0,0,0,0,1,0.6,2.825201823215859,inf,0.0,0,0,0,CLEAR,none,nan,0.0,0.0,0,0,0,0,0.0,0,0,1,1,0.0,0.6,"4.421,16.024;4.333,16.146;4.199,16.333;4.018,16.585;3.791,16.901;3.545,17.242;3.300,17.583;3.075,17.897;2.903,18.137;2.786,18.299;2.750,18.350",2.7500000000000004,18.35,2.0,2.7500000000000004,18.35,2.0,2.7500000000000004,18.35,2.0,4.0760720392204295,0.0,0.0,0,0,1,0,unmatched_render_rate,unmatched render attempts 1.1% > 1.0%,0,1,PASS_THROUGH,-1,0.9998925830061333,-0.0010976922048850759,0.014615660133785376,0.5690022657294566,0,0.9998960827321789,-0.001174878365780767,0.014368138281248928,2.825493490507969,0.5650986981015939,0,0,0,BYPASS_VISIBLE,1,0,1,1,1
1787562317429146624,1787562317445620736,joint_v2_000000_07a44bf5,135,128,0.03333333333333333,4.266666666666667,16.474246978759766,frame_id_exact,1,,4.386026382446289,16.072288513183594,1.9600828886032104,-0.03465132055444936,-0.012400806780198628,0.3067577035643705,0.951075820993756,-0.37090349197387695,0.5190333724021912,0.01628500036895275,0.6350106023521905,-0.0023546268314545977,0.06313662879357039,0.6240919825568199,-0.0030554209370166063,depth/000135.png,1.0,-0.00232909594141318,0.07352015231015989,-0.997291011950066,0.6350106023521905,-0.0023546268314545977,0.06313662879357039,-0.0030554209370166063,0.9998979883266669,-0.0012048846261427252,0.014232399422533954,2.8043808481081345,0.5608761696216269,0.6,0.0,0.03991711139678955,-0.005017636440358686,0.6,0.0,0.03991711139678955,-0.005017636440358686,goal_capture,TERMINAL_SETTLING,NONE,DIRECT_LOCAL,PASS_THROUGH,0,6,0,0,0,0,1,0.6,2.8043808481081345,inf,0.0,0,0,0,CLEAR,none,nan,0.0,0.0,0,0,0,0,0.06904181353529895,0,0,1,1,0.0,0.6,"4.386,16.072;4.289,16.209;4.160,16.387;4.032,16.566;3.903,16.745;3.775,16.923;3.647,17.102;3.518,17.280;3.390,17.459;3.261,17.638;3.133,17.817;3.005,17.995;2.876,18.174;2.771,18.321;2.750,18.350",2.7500000000000004,18.35,2.0,2.7500000000000004,18.35,2.0,2.7500000000000004,18.35,2.0,4.064483611524588,0.0,0.0,0,0,1,0,unmatched_render_rate,unmatched render attempts 1.1% > 1.0%,0,1,PASS_THROUGH,-1,0.9998925830061333,-0.0010976922048850759,0.014615660133785376,0.5690022657294566,0,0.9998979883266669,-0.0012048846261427252,0.014232399422533954,2.8046649206309766,0.5609329841261953,0,0,0,BYPASS_VISIBLE,1,0,1,1,1
1787562317474609152,1787562317492486656,joint_v2_000000_07a44bf5,136,129,0.03333333333333333,4.3,17.877578735351562,frame_id_exact,1,,4.373453140258789,16.089853286743164,1.9605262279510498,-0.016242595884816576,-0.007067694682717196,0.30690924552856796,0.9515739281736757,-0.3823449909687042,0.5333141088485718,0.010975445620715618,0.6554141103926755,-0.0013879155004876671,0.034095583454744234,0.6240502637652411,-0.003387662349268794,depth/000136.png,1.0,-0.0034808622878618484,0.035250343225102995,-0.9993724515415888,0.6554141103926755,-0.0013879155004876671,0.034095583454744234,-0.003387662349268794,0.999898745866888,-0.0011505869435552176,0.014183587822182073,2.7827797728282064,0.5565559545656413,0.6,0.0,0.039473772048950195,-0.00483684889602265,0.6,0.0,0.039473772048950195,-0.00483684889602265,goal_capture,TERMINAL_SETTLING,NONE,DIRECT_LOCAL,PASS_THROUGH,0,6,0,0,0,0,1,0.6,2.782779772828207,inf,0.0,0,0,0,CLEAR,none,nan,0.0,0.0,0,0,0,0,0.0,0,0,1,1,0.0,0.6,"4.386,16.072;4.289,16.209;4.160,16.387;4.032,16.566;3.903,16.745;3.775,16.923;3.647,17.102;3.518,17.280;3.390,17.459;3.261,17.638;3.133,17.817;3.005,17.995;2.876,18.174;2.771,18.321;2.750,18.350",2.7500000000000004,18.35,2.0,2.7500000000000004,18.35,2.0,2.7500000000000004,18.35,2.0,4.052795469195905,0.0,0.0,0,0,1,0,unmatched_render_rate,unmatched render attempts 1.1% > 1.0%,0,1,PASS_THROUGH,-1,0.9998925830061333,-0.0010976922048850759,0.014615660133785376,0.5690022657294566,0,0.999898745866888,-0.0011505869435552176,0.014183587822182073,2.7830597267650545,0.556611945353011,0,0,0,BYPASS_VISIBLE,1,0,1,1,1
1787562317524504832,1787562317542169856,joint_v2_000000_07a44bf5,137,130,0.03333333333333333,4.333333333333333,17.66490936279297,frame_id_exact,1,,4.360622406005859,16.10771369934082,1.9608656167984009,0.005252716274913882,-0.0003180827912006723,0.306939029781817,0.9517146314897498,-0.3860867917537689,0.5364381670951843,0.010044342838227749,0.6609970427378428,-0.00010452872513298045,0.003564445508485812,0.6239404327043698,-0.003663190407678485,depth/000137.png,1.0,-0.0038299753671040106,-0.0098029098211569,-0.9999446155901464,0.6609970427378428,-0.00010452872513298045,0.003564445508485812,-0.003663190407678485,0.9998990065890515,-0.0010412615745406177,0.014173651490055898,2.76078836364759,0.552157672729518,0.6,0.0,0.03913438320159912,-0.004232441102933748,0.6,0.0,0.03913438320159912,-0.004232441102933748,goal_capture,TERMINAL_SETTLING,NONE,DIRECT_LOCAL,PASS_THROUGH,0,6,0,0,0,0,1,0.6,2.76078836364759,inf,0.0,0,0,0,CLEAR,none,nan,0.0,0.0,0,0,0,0,0.0,0,0,1,1,0.0,0.6,"4.386,16.072;4.289,16.209;4.160,16.387;4.032,16.566;3.903,16.745;3.775,16.923;3.647,17.102;3.518,17.280;3.390,17.459;3.261,17.638;3.133,17.817;3.005,17.995;2.876,18.174;2.771,18.321;2.750,18.350",2.7500000000000004,18.35,2.0,2.7500000000000004,18.35,2.0,2.7500000000000004,18.35,2.0,4.041264652637491,0.0,0.0,0,0,1,0,unmatched_render_rate,unmatched render attempts 1.1% > 1.0%,0,1,PASS_THROUGH,-1,0.9998925830061333,-0.0010976922048850759,0.014615660133785376,0.5690022657294566,0,0.9998990065890515,-0.0010412615745406177,0.014173651490055898,2.7610657161321797,0.5522131432264359,0,0,0,BYPASS_VISIBLE,1,0,1,1,1
1787562317569377280,1787562317585853184,joint_v2_000000_07a44bf5,138,131,0.03333333333333333,4.366666666666666,16.475915908813477,frame_id_exact,1,,4.347809314727783,16.1254825592041,1.9612412452697754,0.02500339672712734,0.006325417815383756,0.3068220299835475,0.951417395866999,-0.38131624460220337,0.5277456641197205,0.012932268902659416,0.6508914550087327,0.001167379998561988,-0.020585407312383522,0.623833814091513,-0.0038857341278344393,depth/000138.png,1.0,-0.003306960789236129,-0.05145888827312617,-0.9986696384831334,0.6508914550087327,0.001167379998561988,-0.020585407312383522,-0.0038857341278344393,0.999899434541678,-0.0009494241754235542,0.014149890351794342,2.738881605808474,0.5477763211616948,0.6,0.0,0.03875875473022461,-0.00020715760403855477,0.6,0.0,0.03875875473022461,-0.00020715760403855477,goal_capture,TERMINAL_SETTLING,NONE,DIRECT_LOCAL,PASS_THROUGH,0,6,0,0,0,0,1,0.6,2.738881605808474,inf,0.0,0,0,0,CLEAR,none,nan,0.0,0.0,0,0,0,0,0.05440345297945999,0,0,1,1,0.0,0.6,"4.348,16.125;4.248,16.263;4.102,16.467;3.910,16.735;3.674,17.064;3.429,17.405;3.186,17.743;2.986,18.021;2.840,18.225;2.753,18.347;2.750,18.350",2.7500000000000004,18.35,2.0,2.7500000000000004,18.35,2.0,2.7500000000000004,18.35,2.0,4.030130927458158,0.0,0.0,0,0,1,0,unmatched_render_rate,unmatched render attempts 1.1% > 1.0%,0,1,PASS_THROUGH,-1,0.9998925830061333,-0.0010976922048850759,0.014615660133785376,0.5690022657294566,0,0.999899434541678,-0.0009494241754235542,0.014149890351794342,2.739155835600495,0.5478311671200989,0,0,0,BYPASS_VISIBLE,1,0,1,1,1
1787562317614680576,1787562317631445760,joint_v2_000000_07a44bf5,139,132,0.03333333333333333,4.4,16.765117645263672,frame_id_exact,1,,4.335284233093262,16.142786026000977,1.9617552757263184,0.03866539217599471,0.011395240165676095,0.30665219542591887,0.9509677002874005,-0.36917611956596375,0.5093010663986206,0.018067743629217148,0.6284386219315895,0.0021221843049290205,-0.032640797338709435,0.6237893910277966,-0.003938368055969477,depth/000139.png,1.0,-0.0020406441263946216,-0.08052782898505266,-0.9967502718988862,0.6284386219315895,0.0021221843049290205,-0.032640797338709435,-0.003938368055969477,0.9999005485181409,-0.0009338392619165179,0.014071994078811883,2.7175208604002767,0.5435041720800553,0.6,0.0,0.03824472427368164,-0.0003546756503003401,0.6,0.0,0.03824472427368164,-0.0003546756503003401,goal_capture,TERMINAL_SETTLING,NONE,DIRECT_LOCAL,PASS_THROUGH,0,6,0,0,0,0,1,0.6,2.7175208604002763,inf,0.0,0,0,0,CLEAR,none,nan,0.0,0.0,0,0,0,0,0.0,0,0,1,1,0.0,0.6,"4.348,16.125;4.248,16.263;4.102,16.467;3.910,16.735;3.674,17.064;3.429,17.405;3.186,17.743;2.986,18.021;2.840,18.225;2.753,18.347;2.750,18.350",2.7500000000000004,18.35,2.0,2.7500000000000004,18.35,2.0,2.7500000000000004,18.35,2.0,4.019543976541714,0.0,0.0,0,0,1,0,unmatched_render_rate,unmatched render attempts 1.1% > 1.0%,1,1,PASS_THROUGH,-1,0.9999995638856616,-0.0009339317355508686,0.0,0.5435041720800553,0,0.9999005485181409,-0.0009338392619165179,0.014071994078811883,2.7177899634897154,0.543557992697943,0,0,0,BYPASS_VISIBLE,1,0,1,1,1
1787562317661388032,1787562317679476992,joint_v2_000000_07a44bf5,140,133,0.03333333333333333,4.433333333333334,18.08905601501465,frame_id_exact,1,,4.323248386383057,16.15937042236328,1.9624545574188232,0.04333575347129732,0.013801590567979255,0.30656172240377677,0.9507636083305347,-0.3525431752204895,0.4854661226272583,0.02386035956442356,0.5996507283657029,0.00256087541025338,-0.030754012087005875,0.6238098542051183,-0.003839631797745824,depth/000140.png,1.0,-0.0003260663534274469,-0.09086619343304915,-0.9958630571377376,0.5996507283657029,0.00256087541025338,-0.030754012087005875,-0.003839631797745824,0.9999026246138043,-0.000991779783644122,0.013919686177719758,2.6970295570634226,0.5394059114126846,0.6,0.0,0.03754544258117676,-0.0012060666091939787,0.6,0.0,0.03754544258117676,-0.0012060666091939787,goal_capture,TERMINAL_SETTLING,NONE,DIRECT_LOCAL,PASS_THROUGH,0,6,0,0,0,0,1,0.6,2.697029557063423,inf,0.0,0,0,0,CLEAR,none,nan,0.0,0.0,0,0,0,0,0.0,0,0,1,1,0.0,0.6,"4.348,16.125;4.248,16.263;4.102,16.467;3.910,16.735;3.674,17.064;3.429,17.405;3.186,17.743;2.986,18.021;2.840,18.225;2.753,18.347;2.750,18.350",2.7500000000000004,18.35,2.0,2.7500000000000004,18.35,2.0,2.7500000000000004,18.35,2.0,4.009541803729814,0.0,0.0,0,0,1,0,unmatched_render_rate,unmatched render attempts 1.1% > 1.0%,0,1,PASS_THROUGH,-1,0.9999005485181409,-0.0009338392619165179,0.014071994078811883,0.5435041720800553,0,0.9999026246138043,-0.000991779783644122,0.013919686177719758,2.697290880111439,0.5394581760222878,0,0,0,BYPASS_VISIBLE,1,0,1,1,1
1787562317706137344,1787562317722879744,joint_v2_000000_07a44bf5,141,134,0.03333333333333333,4.466666666666667,16.742229461669922,frame_id_exact,1,,4.311788558959961,16.175148010253906,1.9633421897888184,0.03817131972109206,0.013068937692184306,0.3066085755132894,0.9509801967654529,-0.3352992534637451,0.46179506182670593,0.029267964884638786,0.5711808451952627,0.0024250284720318278,-0.016835782972573946,0.623839427528039,-0.0037072119303047657,depth/000141.png,1.0,0.0014492939457650122,-0.08061443501686741,-0.996744306436696,0.5711808451952627,0.0024250284720318278,-0.016835782972573946,-0.0037072119303047657,0.9999057303946932,-0.00106042436340523,0.013689624685304954,2.677529585308215,0.535505917061643,0.6,0.0,0.03665781021118164,0.0010781500445655734,0.6,0.0,0.03665781021118164,0.0010781500445655734,goal_capture,TERMINAL_SETTLING,NONE,DIRECT_LOCAL,PASS_THROUGH,0,6,0,0,0,0,1,0.6,2.6775295853082146,inf,0.0,0,0,0,CLEAR,none,nan,0.0,0.0,0,0,0,0,0.060763545893114036,0,0,1,1,0.0,0.6,"4.312,16.175;4.221,16.300;4.094,16.476;3.966,16.655;3.838,16.834;3.710,17.013;3.582,17.191;3.454,17.370;3.325,17.549;3.197,17.728;3.069,17.906;2.940,18.085;2.816,18.258;2.750,18.350",2.7500000000000004,18.35,2.0,2.7500000000000004,18.35,2.0,2.7500000000000004,18.35,2.0,4.000044434327629,0.0,0.0,0,0,1,0,unmatched_render_rate,unmatched render attempts 1.1% > 1.0%,0,1,PASS_THROUGH,-1,0.9999005485181409,-0.0009338392619165179,0.014071994078811883,0.5435041720800553,0,0.9999057303946932,-0.00106042436340523,0.013689624685304954,2.6777805128968764,0.5355561025793752,0,0,0,BYPASS_VISIBLE,1,0,1,1,1
1787562317751526400,1787562317769089792,joint_v2_000000_07a44bf5,142,135,0.03333333333333333,4.5,17.563343048095703,frame_id_exact,1,,4.300858020782471,16.190216064453125,1.964393973350525,0.024513582899556675,0.009422900234946808,0.3067345321436081,0.9514327196366703,-0.3213639259338379,0.44365763664245605,0.033662401139736176,0.5488287126464673,0.0017758484658293855,0.00489072901715322,0.6238188074885139,-0.003415530314669013,depth/000142.png,1.0,0.0028921864310827855,-0.05242670748233297,-0.9986205864091776,0.5488287126464673,0.0017758484658293855,0.00489072901715322,-0.003415530314669013,0.9999097739468505,-0.001073404479286535,0.013389987616957524,2.6589146749889654,0.531782934997793,0.6,0.0,0.0356060266494751,0.0008649777718372498,0.6,0.0,0.0356060266494751,0.0008649777718372498,goal_capture,TERMINAL_SETTLING,NONE,DIRECT_LOCAL,PASS_THROUGH,0,6,0,0,0,0,1,0.6,2.6589146749889654,inf,0.0,0,0,0,CLEAR,none,nan,0.0,0.0,0,0,0,0,0.0,0,0,1,1,0.0,0.6,"4.312,16.175;4.221,16.300;4.094,16.476;3.966,16.655;3.838,16.834;3.710,17.013;3.582,17.191;3.454,17.370;3.325,17.549;3.197,17.728;3.069,17.906;2.940,18.085;2.816,18.258;2.750,18.350",2.7500000000000004,18.35,2.0,2.7500000000000004,18.35,2.0,2.7500000000000004,18.35,2.0,3.990877475759991,0.0,0.0,0,0,1,0,unmatched_render_rate,unmatched render attempts 1.1% > 1.0%,0,1,PASS_THROUGH,-1,0.9999005485181409,-0.0009338392619165179,0.014071994078811883,0.5435041720800553,0,0.9999097739468505,-0.001073404479286535,0.013389987616957524,2.6591530678028743,0.5318306135605748,0,0,0,BYPASS_VISIBLE,1,0,1,1,1
1787562317802167808,1787562317821025792,joint_v2_000000_07a44bf5,143,136,0.03333333333333333,4.533333333333333,18.857955932617188,frame_id_exact,1,,4.290292263031006,16.2048282623291,1.9655663967132568,0.0055258882014310355,0.0037184112401869884,0.3068217120935909,0.9517437023513168,-0.3137900233268738,0.4350087344646454,0.036368485540151596,0.5367949178834138,0.0007587482260918762,0.02949720285323628,0.6237416438378376,-0.002925504930317402,depth/000143.png,1.0,0.003687024003598944,-0.012800237197183314,-0.9999112759548683,0.5367949178834138,0.0007587482260918762,0.02949720285323628,-0.002925504930317402,0.9999144883440362,-0.0010187956782655356,0.013037563232843353,2.6408828144495855,0.5281765628899171,0.6,0.0,0.034433603286743164,0.00020464113748230872,0.6,0.0,0.034433603286743164,0.00020464113748230872,goal_capture,TERMINAL_SETTLING,NONE,DIRECT_LOCAL,PASS_THROUGH,0,6,0,0,0,0,1,0.6,2.6408828144495855,inf,0.0,0,0,0,CLEAR,none,nan,0.0,0.0,0,0,0,0,0.0,0,0,1,1,0.0,0.6,"4.312,16.175;4.221,16.300;4.094,16.476;3.966,16.655;3.838,16.834;3.710,17.013;3.582,17.191;3.454,17.370;3.325,17.549;3.197,17.728;3.069,17.906;2.940,18.085;2.816,18.258;2.750,18.350",2.7500000000000004,18.35,2.0,2.7500000000000004,18.35,2.0,2.7500000000000004,18.35,2.0,3.981805693383943,0.0,0.0,0,0,1,0,unmatched_render_rate,unmatched render attempts 1.1% > 1.0%,0,1,PASS_THROUGH,-1,0.9999005485181409,-0.0009338392619165179,0.014071994078811883,0.5435041720800553,0,0.9999144883440362,-0.0010187956782655356,0.013037563232843353,2.641107289129026,0.5282214578258052,0,0,0,BYPASS_VISIBLE,1,0,1,1,1
1787562317850536960,1787562317877072128,joint_v2_000000_07a44bf5,144,137,0.03333333333333333,4.566666666666666,26.5350341796875,frame_id_exact,1,,4.279849529266357,16.219343185424805,1.966788411140442,-0.014518379247780572,-0.002757129597867305,0.3067911877579536,0.9516621154666515,-0.31410929560661316,0.437549889087677,0.0364801399409771,0.5373210629717396,-0.00042091879399295976,0.05226139829284099,0.6236563226045971,-0.0023949192836880684,depth/000144.png,1.0,0.00366051005604982,0.029324909144444623,-0.9995632298007964,0.5373210629717396,-0.00042091879399295976,0.05226139829284099,-0.0023949192836880684,0.999919408946734,-0.0009398713854922943,0.01266065769984843,2.623001723920939,0.5246003447841878,0.6,0.0,0.033211588859558105,-0.002119489318823664,0.6,0.0,0.033211588859558105,-0.002119489318823664,goal_capture,TERMINAL_SETTLING,NONE,DIRECT_LOCAL,PASS_THROUGH,0,6,0,0,0,0,1,0.6,2.623001723920939,inf,0.0,0,0,0,CLEAR,none,nan,0.0,0.0,0,0,0,0,0.05385498804500575,0,0,1,1,0.0,0.6,"4.280,16.219;4.194,16.339;4.061,16.524;3.881,16.774;3.655,17.089;3.410,17.430;3.170,17.765;2.974,18.039;2.831,18.237;2.750,18.350",2.7500000000000004,18.35,2.0,2.7500000000000004,18.35,2.0,2.7500000000000004,18.35,2.0,3.972608664330514,0.0,0.0,0,0,1,0,unmatched_render_rate,unmatched render attempts 1.1% > 1.0%,0,1,PASS_THROUGH,-1,0.9999005485181409,-0.0009338392619165179,0.014071994078811883,0.5435041720800553,0,0.999919408946734,-0.0009398713854922943,0.01266065769984843,2.623211972625696,0.5246423945251392,0,0,0,BYPASS_VISIBLE,1,0,1,1,1
1787562317912163584,1787562317931386880,joint_v2_000000_07a44bf5,145,138,0.03333333333333333,4.6,19.223451614379883,frame_id_exact,1,,4.2692646980285645,16.234119415283203,1.9679598808288574,-0.031147029325105085,-0.00855869909276488,0.30666746845812015,0.9512684558123162,-0.32204070687294006,0.45042285323143005,0.033270981162786484,0.5504044186048155,-0.0015228716393370922,0.06892444142802295,0.6236250136695879,-0.002076021395623684,depth/000145.png,1.0,0.002820320326768176,0.06450772214661332,-0.9979132224681211,0.5504044186048155,-0.0015228716393370922,0.06892444142802295,-0.002076021395623684,0.999923954174653,-0.0009008468945458884,0.012299363503827262,2.604825497314037,0.5209650994628074,0.6,0.0,0.03204011917114258,-0.0019475829135628953,0.6,0.0,0.03204011917114258,-0.0019475829135628953,goal_capture,TERMINAL_SETTLING,NONE,DIRECT_LOCAL,PASS_THROUGH,0,6,0,0,0,0,1,0.6,2.6048254973140375,inf,0.0,0,0,0,CLEAR,none,nan,0.0,0.0,0,0,0,0,0.0,0,0,1,1,0.0,0.6,"4.280,16.219;4.194,16.339;4.061,16.524;3.881,16.774;3.655,17.089;3.410,17.430;3.170,17.765;2.974,18.039;2.831,18.237;2.750,18.350",2.7500000000000004,18.35,2.0,2.7500000000000004,18.35,2.0,2.7500000000000004,18.35,2.0,3.963113307579168,0.0,0.0,0,0,1,0,unmatched_render_rate,unmatched render attempts 1.1% > 1.0%,1,1,PASS_THROUGH,-1,0.9999995941759634,-0.0009009150397882683,0.0,0.5209650994628074,0,0.999923954174653,-0.0009008468945458884,0.012299363503827262,2.60502254130244,0.521004508260488,0,0,0,BYPASS_VISIBLE,1,0,1,1,1
1787562317965143808,1787562317981763584,joint_v2_000000_07a44bf5,146,139,0.03333333333333333,4.633333333333334,16.61968231201172,frame_id_exact,1,,4.258315086364746,16.24945068359375,1.9689695835113525,-0.040669389855498596,-0.012397123650518349,0.30655546450061766,0.9509027601383782,-0.3356337547302246,0.4705156087875366,0.026904355734586716,0.5735781522882865,-0.00230531040786357,0.07590512858816963,0.6236695136427637,-0.002039173850789666,depth/000146.png,1.0,0.0013579292021088304,0.08494608213178723,-0.9963846241079505,0.5735781522882865,-0.00230531040786357,0.07590512858816963,-0.002039173850789666,0.999927584708641,-0.0009269125205226064,0.011998590413994223,2.5859856593589727,0.5171971318717945,0.6,0.0,0.03103041648864746,-0.0018704445646311463,0.6,0.0,0.03103041648864746,-0.0018704445646311463,goal_capture,TERMINAL_SETTLING,NONE,DIRECT_LOCAL,PASS_THROUGH,0,6,0,0,0,0,1,0.6,2.5859856593589727,inf,0.0,0,0,0,CLEAR,none,nan,0.0,0.0,0,0,0,0,0.0,0,0,1,1,0.0,0.6,"4.280,16.219;4.194,16.339;4.061,16.524;3.881,16.774;3.655,17.089;3.410,17.430;3.170,17.765;2.974,18.039;2.831,18.237;2.750,18.350",2.7500000000000004,18.35,2.0,2.7500000000000004,18.35,2.0,2.7500000000000004,18.35,2.0,3.953226732889329,0.0,0.0,0,0,1,0,unmatched_render_rate,unmatched render attempts 1.1% > 1.0%,0,1,PASS_THROUGH,-1,0.999923954174653,-0.0009008468945458884,0.012299363503827262,0.5209650994628074,0,0.999927584708641,-0.0009269125205226064,0.011998590413994223,2.5861718266885747,0.5172343653377149,0,0,0,BYPASS_VISIBLE,1,0,1,1,1
1787562318007142144,1787562318024847872,joint_v2_000000_07a44bf5,147,140,0.03333333333333333,4.666666666666667,17.705917358398438,frame_id_exact,1,,4.246860504150391,16.26551055908203,1.9697322845458984,-0.041034775481850666,-0.013434776409758674,0.3065507398553132,0.9508744911281057,-0.35179033875465393,0.49327343702316284,0.018775925040245056,0.6019829811265326,-0.002575519729875041,0.07097547891355839,0.6237525577001621,-0.002169302199035883,depth/000147.png,1.0,-0.0003910907965823385,0.08627472380612611,-0.9962713079679478,0.6019829811265326,-0.002575519729875041,0.07097547891355839,-0.002169302199035883,0.9999299666696179,-0.0009854776353480136,0.011793667365470103,2.5662594565210806,0.5132518913042161,0.6,0.0,0.030267715454101562,-0.004731515959787158,0.6,0.0,0.030267715454101562,-0.004731515959787158,goal_capture,TERMINAL_SETTLING,NONE,DIRECT_LOCAL,PASS_THROUGH,0,6,0,0,0,0,1,0.6,2.5662594565210806,inf,0.0,0,0,0,CLEAR,none,nan,0.0,0.0,0,0,0,0,0.056467645646158665,0,0,1,1,0.0,0.6,"4.247,16.266;4.153,16.397;4.013,16.593;3.825,16.853;3.591,17.179;3.346,17.520;3.113,17.845;2.930,18.099;2.803,18.276;2.750,18.350",2.7500000000000004,18.35,2.0,2.7500000000000004,18.35,2.0,2.7500000000000004,18.35,2.0,3.9429666491973783,0.0,0.0,0,0,1,0,unmatched_render_rate,unmatched render attempts 1.1% > 1.0%,0,1,PASS_THROUGH,-1,0.999923954174653,-0.0009008468945458884,0.012299363503827262,0.5209650994628074,0,0.9999299666696179,-0.0009854776353480136,0.011793667365470103,2.5664379464118516,0.5132875892823703,0,0,0,BYPASS_VISIBLE,1,0,1,1,1
1787562318060125440,1787562318078358016,joint_v2_000000_07a44bf5,148,141,0.03333333333333333,4.7,18.23258399963379,frame_id_exact,1,,4.234873294830322,16.282302856445312,1.9702256917953491,-0.032310710617307815,-0.01148244346938886,0.30665658878810964,0.9512023486221096,-0.3669685125350952,0.5137224197387695,0.011116744950413704,0.6290806517109558,-0.002248067431971165,0.05433852766233035,0.623805484312174,-0.002462307456880808,depth/000148.png,1.0,-0.002027669793559835,0.06851038154021524,-0.9976483429427537,0.6290806517109558,-0.002248067431971165,0.05433852766233035,-0.002462307456880808,0.9999310900086433,-0.001015669287560323,0.011695454246190434,2.54562765917651,0.509125531835302,0.6,0.0,0.02977430820465088,-0.004694863591069298,0.6,0.0,0.02977430820465088,-0.004694863591069298,goal_capture,TERMINAL_SETTLING,NONE,DIRECT_LOCAL,PASS_THROUGH,0,6,0,0,0,0,1,0.6,2.54562765917651,inf,0.0,0,0,0,CLEAR,none,nan,0.0,0.0,0,0,0,0,0.0,0,0,1,1,0.0,0.6,"4.247,16.266;4.153,16.397;4.013,16.593;3.825,16.853;3.591,17.179;3.346,17.520;3.113,17.845;2.930,18.099;2.803,18.276;2.750,18.350",2.7500000000000004,18.35,2.0,2.7500000000000004,18.35,2.0,2.7500000000000004,18.35,2.0,3.9324390829385893,0.0,0.0,0,0,1,0,unmatched_render_rate,unmatched render attempts 1.1% > 1.0%,0,1,PASS_THROUGH,-1,0.999923954174653,-0.0009008468945458884,0.012299363503827262,0.5209650994628074,0,0.9999310900086433,-0.001015669287560323,0.011695454246190434,2.5458017771604964,0.5091603554320993,0,0,0,BYPASS_VISIBLE,1,0,1,1,1
1787562318106379520,1787562318126469120,joint_v2_000000_07a44bf5,149,142,0.03333333333333333,4.733333333333333,20.08962631225586,frame_id_exact,1,,4.222442150115967,16.299680709838867,1.9705027341842651,-0.016624435214856823,-0.007031853644510235,0.30678093538143925,0.9516089737253419,-0.37788769602775574,0.5274532437324524,0.006065343506634235,0.648210889866754,-0.001386398715173164,0.029386113755619236,0.6237803444703237,-0.0028278918471187353,depth/000149.png,1.0,-0.003183030489274553,0.035954400744203134,-0.9993483623762184,0.648210889866754,-0.001386398715173164,0.029386113755619236,-0.0028278918471187353,0.9999312561822482,-0.0009749595957745964,0.011684706396730525,2.52426129333811,0.504852258667622,0.6,0.0,0.029497265815734863,-0.004044531656984818,0.6,0.0,0.029497265815734863,-0.004044531656984818,goal_capture,TERMINAL_SETTLING,NONE,DIRECT_LOCAL,PASS_THROUGH,0,6,0,0,0,0,1,0.6,2.52426129333811,inf,0.0,0,0,0,CLEAR,none,nan,0.0,0.0,0,0,0,0,0.0,0,0,1,1,0.0,0.6,"4.247,16.266;4.153,16.397;4.013,16.593;3.825,16.853;3.591,17.179;3.346,17.520;3.113,17.845;2.930,18.099;2.803,18.276;2.750,18.350",2.7500000000000004,18.35,2.0,2.7500000000000004,18.35,2.0,2.7500000000000004,18.35,2.0,3.9218285395440486,0.0,0.0,0,0,1,0,unmatched_render_rate,unmatched render attempts 1.1% > 1.0%,0,1,PASS_THROUGH,-1,0.999923954174653,-0.0009008468945458884,0.012299363503827262,0.5209650994628074,0,0.9999312561822482,-0.0009749595957745964,0.011684706396730525,2.5244336326660664,0.5048867265332133,0,0,0,BYPASS_VISIBLE,1,0,1,1,1
1787562318154115072,1787562318170878464,joint_v2_000000_07a44bf5,150,143,0.03333333333333333,4.766666666666667,16.76344871520996,frame_id_exact,1,,4.20975399017334,16.31736183166504,1.970672845840454,0.002382012497967906,-0.001124324634419105,0.3068175835772808,0.9517646937759219,-0.3821685314178467,0.5314818620681763,0.0047460515052080154,0.6546321656421552,-0.00020379668126051405,0.0022287422448989415,0.6236903814385277,-0.0031204242259263992,depth/000150.png,1.0,-0.0036018716201200404,-0.0038443056564199263,-0.9999861238211519,0.6546321656421552,-0.00020379668126051405,0.0022287422448989415,-0.0031204242259263992,0.9999309489556548,-0.0008818919454724742,0.011718344048544166,2.5024986783611087,0.5004997356722217,0.6,0.0,0.0293271541595459,-0.0018831836538002467,0.6,0.0,0.0293271541595459,-0.0018831836538002467,goal_capture,TERMINAL_SETTLING,NONE,DIRECT_LOCAL,PASS_THROUGH,0,6,0,0,0,0,1,0.6,2.5024986783611087,inf,0.0,0,0,0,CLEAR,none,nan,0.0,0.0,0,0,0,0,0.050532162659687054,0,0,1,1,0.0,0.6,"4.210,16.317;4.110,16.456;3.982,16.635;3.853,16.814;3.725,16.992;3.597,17.171;3.468,17.350;3.340,17.528;3.212,17.707;3.083,17.886;2.955,18.064;2.828,18.242;2.750,18.350",2.7500000000000004,18.35,2.0,2.7500000000000004,18.35,2.0,2.7500000000000004,18.35,2.0,3.911351597582786,0.0,0.0,0,0,1,0,unmatched_render_rate,unmatched render attempts 1.1% > 1.0%,0,1,PASS_THROUGH,-1,0.999923954174653,-0.0009008468945458884,0.012299363503827262,0.5209650994628074,0,0.9999309489556548,-0.0008818919454724742,0.011718344048544166,2.5026705171017207,0.5005341034203441,0,0,0,BYPASS_VISIBLE,1,0,1,1,1
1787562318199004672,1787562318216763392,joint_v2_000000_07a44bf5,151,144,0.03333333333333333,4.8,17.758846282958984,frame_id_exact,1,,4.197049617767334,16.334997177124023,1.970860242843628,0.020404365628796228,0.0048966792453836935,0.3067345536771137,0.9515637645350711,-0.3788701891899109,0.524935245513916,0.006905995775014162,0.647100506923807,0.0009986487747540211,-0.02018072488230679,0.6235956095408731,-0.0032477094791829586,depth/000151.png,1.0,-0.0031984428955107846,-0.04183607138704021,-0.9991193687913085,0.647100506923807,0.0009986487747540211,-0.02018072488230679,-0.0032477094791829586,0.9999306994908315,-0.0008000321699773445,0.011745474205139316,2.4807637881262994,0.4961527576252599,0.6,0.0,0.02913975715637207,-0.0017725874626173255,0.6,0.0,0.02913975715637207,-0.0017725874626173255,goal_capture,TERMINAL_SETTLING,NONE,DIRECT_LOCAL,PASS_THROUGH,0,6,0,0,0,0,1,0.6,2.4807637881262994,inf,0.0,0,0,0,CLEAR,none,nan,0.0,0.0,0,0,0,0,0.0,0,0,1,1,0.0,0.6,"4.210,16.317;4.110,16.456;3.982,16.635;3.853,16.814;3.725,16.992;3.597,17.171;3.468,17.350;3.340,17.528;3.212,17.707;3.083,17.886;2.955,18.064;2.828,18.242;2.750,18.350",2.7500000000000004,18.35,2.0,2.7500000000000004,18.35,2.0,2.7500000000000004,18.35,2.0,3.901201583015664,0.0,0.0,0,0,1,0,unmatched_render_rate,unmatched render attempts 1.1% > 1.0%,1,1,PASS_THROUGH,-1,0.9999996799300567,-0.0008000873603725853,0.0,0.4961527576252599,0,0.9999306994908315,-0.0008000321699773445,0.011745474205139316,2.480934924161833,0.49618698483236656,0,0,0,BYPASS_VISIBLE,1,0,1,1,1
1787562318247556096,1787562318269753088,joint_v2_000000_07a44bf5,152,145,0.03333333333333333,4.833333333333333,22.19676971435547,frame_id_exact,1,,4.184572696685791,16.35225486755371,1.9711607694625854,0.033440375946414753,0.009688502831877407,0.3065979412878975,0.9512021743916811,-0.36878350377082825,0.5093644857406616,0.011319020763039589,0.6281123414674903,0.0019290632972480167,-0.03244591545007441,0.6235521253367468,-0.0032743022311478853,depth/000152.png,1.0,-0.002074050921564683,-0.06955806667024111,-0.9975757483388783,0.6281123414674903,0.0019290632972480167,-0.03244591545007441,-0.0032743022311478853,0.9999309524573051,-0.000784132755839392,0.011724992692871632,2.459468323904414,0.4918936647808828,0.6,0.0,0.02883923053741455,-0.0020102967928459226,0.6,0.0,0.02883923053741455,-0.0020102967928459226,goal_capture,TERMINAL_SETTLING,NONE,DIRECT_LOCAL,PASS_THROUGH,0,6,0,0,0,0,1,0.6,2.459468323904414,inf,0.0,0,0,0,CLEAR,none,nan,0.0,0.0,0,0,0,0,0.0,0,0,1,1,0.0,0.6,"4.210,16.317;4.110,16.456;3.982,16.635;3.853,16.814;3.725,16.992;3.597,17.171;3.468,17.350;3.340,17.528;3.212,17.707;3.083,17.886;2.955,18.064;2.828,18.242;2.750,18.350",2.7500000000000004,18.35,2.0,2.7500000000000004,18.35,2.0,2.7500000000000004,18.35,2.0,3.8915054995640443,0.0,0.0,0,0,1,0,unmatched_render_rate,unmatched render attempts 1.1% > 1.0%,0,1,PASS_THROUGH,-1,0.9999306994908315,-0.0008000321699773445,0.011745474205139316,0.4961527576252599,0,0.9999309524573051,-0.000784132755839392,0.011724992692871632,2.4596373995992127,0.49192747991984254,0,0,0,BYPASS_VISIBLE,1,0,1,1,1
1787562318298579456,1787562318315198976,joint_v2_000000_07a44bf5,153,146,0.03333333333333333,4.866666666666666,16.619443893432617,frame_id_exact,1,,4.172512054443359,16.368896484375,1.9716259241104126,0.03867512086341536,0.012207621756783327,0.3065124977706599,0.9510022595702046,-0.35429272055625916,0.48844242095947266,0.016580652445554733,0.6027606606908572,0.002390097149668718,-0.032374709675347335,0.6235644452450693,-0.0033150985836982727,depth/000153.png,1.0,-0.0004898640454965401,-0.08104383193353976,-0.996710417994487,0.6027606606908572,0.002390097149668718,-0.032374709675347335,-0.0033150985836982727,0.9999319860572106,-0.0008332064470382325,0.011633100476619897,2.4389160880724057,0.4877832176144811,0.6,0.0,0.028374075889587402,0.0012014110532754252,0.6,0.0,0.028374075889587402,0.0012014110532754252,goal_capture,TERMINAL_SETTLING,NONE,DIRECT_LOCAL,PASS_THROUGH,0,6,0,0,0,0,1,0.6,2.4389160880724057,inf,0.0,0,0,0,CLEAR,none,nan,0.0,0.0,0,0,0,0,0.04774244898170369,0,0,1,1,0.0,0.6,"4.173,16.369;4.078,16.499;3.938,16.694;3.751,16.955;3.518,17.281;3.273,17.622;3.053,17.927;2.887,18.159;2.777,18.312;2.750,18.350",2.7500000000000004,18.35,2.0,2.7500000000000004,18.35,2.0,2.7500000000000004,18.35,2.0,3.8823089243349576,0.0,0.0,0,0,1,0,unmatched_render_rate,unmatched render attempts 1.1% > 1.0%,0,1,PASS_THROUGH,-1,0.9999306994908315,-0.0008000321699773445,0.011745474205139316,0.4961527576252599,0,0.9999319860572106,-0.0008332064470382325,0.011633100476619897,2.4390811328943105,0.4878162265788621,0,0,0,BYPASS_VISIBLE,1,0,1,1,1
1787562318343342848,1787562318361021696,joint_v2_000000_07a44bf5,154,147,0.03333333333333333,4.9,17.67897605895996,frame_id_exact,1,,4.160963535308838,16.384815216064453,1.9722648859024048,0.035089679245619135,0.011936887076647586,0.30653484171329004,0.9511375378740802,-0.3387851119041443,0.4670531153678894,0.02165277861058712,0.5770011514296075,0.002311213334235395,-0.021145613874857392,0.6235881466073154,-0.003215319011360407,depth/000154.png,1.0,0.0011948242212750614,-0.07406836582611796,-0.9972524502747179,0.5770011514296075,0.002311213334235395,-0.021145613874857392,-0.003215319011360407,0.9999338888982134,-0.0008966019218808583,0.011463591840638963,2.4192497458887994,0.48384994917775986,0.6,0.0,0.027735114097595215,0.0008397536820903273,0.6,0.0,0.027735114097595215,0.0008397536820903273,goal_capture,TERMINAL_SETTLING,NONE,DIRECT_LOCAL,PASS_THROUGH,0,6,0,0,0,0,1,0.6,2.4192497458887994,inf,0.0,0,0,0,CLEAR,none,nan,0.0,0.0,0,0,0,0,0.0,0,0,1,1,0.0,0.6,"4.173,16.369;4.078,16.499;3.938,16.694;3.751,16.955;3.518,17.281;3.273,17.622;3.053,17.927;2.887,18.159;2.777,18.312;2.750,18.350",2.7500000000000004,18.35,2.0,2.7500000000000004,18.35,2.0,2.7500000000000004,18.35,2.0,3.8735522968552254,0.0,0.0,0,0,1,0,unmatched_render_rate,unmatched render attempts 1.1% > 1.0%,0,1,PASS_THROUGH,-1,0.9999306994908315,-0.0008000321699773445,0.011745474205139316,0.4961527576252599,0,0.9999338888982134,-0.0008966019218808583,0.011463591840638963,2.4194087231257617,0.4838817446251523,0,0,0,BYPASS_VISIBLE,1,0,1,1,1
1787562318391834112,1787562318410756608,joint_v2_000000_07a44bf5,155,148,0.03333333333333333,4.933333333333334,18.92256736755371,frame_id_exact,1,,4.149898529052734,16.400081634521484,1.9730595350265503,0.023641259728547255,0.00898716172950716,0.3066314476455523,0.9514922370031654,-0.32580843567848206,0.4500821530818939,0.025856858119368553,0.556224441013443,0.0017353763569355964,-0.002240107604725195,0.6235759151571224,-0.002905647037550807,depth/000155.png,1.0,0.0026041218471781254,-0.050500443032063524,-0.9987206435249901,0.556224441013443,0.0017353763569355964,-0.002240107604725195,-0.002905647037550807,0.9999366013761476,-0.0009195732386445675,0.011222638432128123,2.400395284880059,0.48007905697601183,0.6,0.0,0.026940464973449707,-0.0001335454535089653,0.6,0.0,0.026940464973449707,-0.0001335454535089653,goal_capture,TERMINAL_SETTLING,NONE,DIRECT_LOCAL,PASS_THROUGH,0,6,0,0,0,0,1,0.6,2.400395284880059,inf,0.0,0,0,0,CLEAR,none,nan,0.0,0.0,0,0,0,0,0.0,0,0,1,1,0.0,0.6,"4.173,16.369;4.078,16.499;3.938,16.694;3.751,16.955;3.518,17.281;3.273,17.622;3.053,17.927;2.887,18.159;2.777,18.312;2.750,18.350",2.7500000000000004,18.35,2.0,2.7500000000000004,18.35,2.0,2.7500000000000004,18.35,2.0,3.8650938895542377,0.0,0.0,0,0,1,0,unmatched_render_rate,unmatched render attempts 1.1% > 1.0%,0,1,PASS_THROUGH,-1,0.9999306994908315,-0.0008000321699773445,0.011745474205139316,0.4961527576252599,0,0.9999366013761476,-0.0009195732386445675,0.011222638432128123,2.400546461189078,0.48010929223781557,0,0,0,BYPASS_VISIBLE,1,0,1,1,1
1787562318438484992,1787562318455767296,joint_v2_000000_07a44bf5,156,149,0.03333333333333333,4.966666666666667,17.282485961914062,frame_id_exact,1,,4.139182090759277,16.414913177490234,1.9739711284637451,0.00699698907376612,0.004054969709458766,0.30670911852161586,0.9517689404368322,-0.3182401657104492,0.4412780702114105,0.028546113520860672,0.5444444607008175,0.0007960204999204309,0.019940272857366305,0.6235153089267091,-0.0025045620277523994,depth/000156.png,1.0,0.0034267077455096707,-0.015806426124412847,-0.999869198729114,0.5444444607008175,0.0007960204999204309,0.019940272857366305,-0.0025045620277523994,0.999939917815387,-0.0008823240032197992,0.010926219094927447,2.382097372471844,0.4764194744943688,0.5333333334,0.0,0.026028871536254883,-0.0006560322609616698,0.5333333334,0.0,0.026028871536254883,-0.0006560322609616698,goal_capture,TERMINAL_SETTLING,NONE,DIRECT_LOCAL,PASS_THROUGH,0,6,0,0,0,0,1,0.5333333334,2.382097372471844,inf,0.0,0,0,0,CLEAR,none,nan,0.0,0.0,0,0,0,0,0.05055646597040214,0,0,1,1,0.0,0.5,"4.139,16.415;4.034,16.561;3.929,16.707;3.824,16.853;3.719,17.000;3.614,17.146;3.509,17.292;3.404,17.438;3.299,17.585;3.194,17.731;3.089,17.877;2.985,18.023;2.880,18.170;2.775,18.316;2.750,18.350",2.7500000000000004,18.35,2.0,2.7500000000000004,18.35,2.0,2.7500000000000004,18.35,2.0,3.856754416663168,0.0,0.0,0,0,1,0,unmatched_render_rate,unmatched render attempts 1.1% > 1.0%,0,1,PASS_THROUGH,-1,0.9999306994908315,-0.0008000321699773445,0.011745474205139316,0.4961527576252599,0,0.999939917815387,-0.0008823240032197992,0.010926219094927447,2.3822395752926937,0.47644791505853873,0,0,0,BYPASS_VISIBLE,1,0,1,1,1
1787562318483472384,1787562318499678208,joint_v2_000000_07a44bf5,157,150,0.03333333333333333,5.0,16.205787658691406,frame_id_exact,1,,4.128604888916016,16.429611206054688,1.974918007850647,-0.009678773503784393,-0.0012895729836325683,0.30669802324931084,0.9517567866214286,-0.3175262212753296,0.4422507584095001,0.027699600905179977,0.5438012988018094,-0.0003124827272193156,0.03815694140630581,0.6234411008814632,-0.0020938690286129713,depth/000157.png,1.0,0.0034822017241450762,0.01921469570662857,-0.9998093166899646,0.5438012988018094,-0.0003124827272193156,0.03815694140630581,-0.0020938690286129713,0.9999433846967118,-0.0008169245968525325,0.010609431440306676,2.36398912003712,0.472797824007424,0.5,0.0,0.025081992149353027,-0.0005116761230583577,0.5,0.0,0.025081992149353027,-0.0005116761230583577,goal_capture,TERMINAL_SETTLING,NONE,DIRECT_LOCAL,PASS_THROUGH,0,6,0,0,0,0,1,0.5,2.36398912003712,inf,0.0,0,0,0,CLEAR,none,nan,0.0,0.0,0,0,0,0,0.0,0,0,1,1,0.0,0.5,"4.139,16.415;4.034,16.561;3.929,16.707;3.824,16.853;3.719,17.000;3.614,17.146;3.509,17.292;3.404,17.438;3.299,17.585;3.194,17.731;3.089,17.877;2.985,18.023;2.880,18.170;2.775,18.316;2.750,18.350",2.7500000000000004,18.35,2.0,2.7500000000000004,18.35,2.0,2.7500000000000004,18.35,2.0,3.848358597747588,0.0,0.0,0,0,1,0,unmatched_render_rate,unmatched render attempts 1.1% > 1.0%,1,1,PASS_THROUGH,-1,0.9999996662794821,-0.0008169705772650124,0.0,0.472797824007424,0,0.9999433846967118,-0.0008169245968525325,0.010609431440306676,2.364122176619486,0.47282443532389723,0,0,0,BYPASS_VISIBLE,1,0,1,1,1
1787562318533615616,1787562318553579520,joint_v2_000000_07a44bf5,158,151,0.03333333333333333,5.033333333333333,19.963979721069336,frame_id_exact,1,,4.117952346801758,16.444480895996094,1.975798487663269,-0.018255005019013736,-0.004429232485037072,0.3066471801217185,0.9516378742014988,-0.32226771116256714,0.4506274163722992,0.025038016960024834,0.552676220779927,-0.0013573766028535273,0.045777733133033724,0.62339889352989,-0.0018265086691826582,depth/000158.png,1.0,0.002765640851566959,0.037460731642944105,-0.9992942733826986,0.552676220779927,-0.0013573766028535273,0.045777733133033724,-0.0018265086691826582,0.9999464856017743,-0.0007670753112587036,0.010316856504158776,2.3456974823800896,0.46913949647601794,0.5,0.0,0.024201512336730957,-0.0005866040814039852,0.5,0.0,0.024201512336730957,-0.0005866040814039852,goal_capture,TERMINAL_SETTLING,NONE,DIRECT_LOCAL,PASS_THROUGH,0,6,0,0,0,0,1,0.5,2.3456974823800896,inf,0.0,0,0,0,CLEAR,none,nan,0.0,0.0,0,0,0,0,0.0,0,0,1,1,0.0,0.5,"4.139,16.415;4.034,16.561;3.929,16.707;3.824,16.853;3.719,17.000;3.614,17.146;3.509,17.292;3.404,17.438;3.299,17.585;3.194,17.731;3.089,17.877;2.985,18.023;2.880,18.170;2.775,18.316;2.750,18.350",2.7500000000000004,18.35,2.0,2.7500000000000004,18.35,2.0,2.7500000000000004,18.35,2.0,3.8398364265937333,0.0,0.0,0,0,1,0,unmatched_render_rate,unmatched render attempts 1.1% > 1.0%,0,1,PASS_THROUGH,-1,0.9999433846967118,-0.0008169245968525325,0.010609431440306676,0.472797824007424,0,0.9999464856017743,-0.0007670753112587036,0.010316856504158776,2.3458223274672094,0.4691644654934419,0,0,0,BYPASS_VISIBLE,1,0,1,1,1
1787562318587236096,1787562318608011008,joint_v2_000000_07a44bf5,159,152,0.03333333333333333,5.066666666666666,20.77484130859375,frame_id_exact,1,,4.1071014404296875,16.459667205810547,1.9765777587890625,-0.015986129921034493,-0.004389790711562316,0.30664111329529975,0.9516808293880232,-0.3287220597267151,0.46081992983818054,0.02165372297167778,0.5650187168460286,-0.0020996436417630208,0.0403921417582548,0.623388814614449,-0.0017162914155051112,depth/000159.png,1.0,0.0014486500220997067,0.03311956738576327,-0.999450346775313,0.5650187168460286,-0.0020996436417630208,0.0403921417582548,-0.0017162914155051112,0.9999490757342764,-0.0007391306891206242,0.01006477143261322,2.3270329590283936,0.4654065918056787,0.5666666666,0.0,0.0234222412109375,-0.003513161258195119,0.5666666666,0.0,0.0234222412109375,-0.003513161258195119,goal_capture,TERMINAL_SETTLING,NONE,DIRECT_LOCAL,PASS_THROUGH,0,6,0,0,0,0,1,0.5666666666,2.3270329590283936,inf,0.0,0,0,0,CLEAR,none,nan,0.0,0.0,0,0,0,0,0.04235121798713269,0,0,1,1,0.0,0.6,"4.107,16.460;4.018,16.584;3.882,16.774;3.699,17.028;3.470,17.347;3.225,17.689;3.016,17.980;2.860,18.196;2.763,18.333;2.750,18.350",2.7500000000000004,18.35,2.0,2.7500000000000004,18.35,2.0,2.7500000000000004,18.35,2.0,3.8312067612064022,0.0,0.0,0,0,1,0,unmatched_render_rate,unmatched render attempts 1.1% > 1.0%,0,1,PASS_THROUGH,-1,0.9999433846967118,-0.0008169245968525325,0.010609431440306676,0.472797824007424,0,0.9999490757342764,-0.0007391306891206242,0.01006477143261322,2.327150831765699,0.46543016635313983,0,0,0,BYPASS_VISIBLE,1,0,1,1,1
1787562318644476416,1787562318661109504,joint_v2_000000_07a44bf5,160,153,0.03333333333333333,5.1,16.633033752441406,frame_id_exact,1,,4.096060752868652,16.475149154663086,1.9772284030914307,-0.0067252841028713735,-0.002253694708131089,0.30665459500705633,0.9517944372473273,-0.333209753036499,0.46745407581329346,0.017410291358828545,0.573748025351543,-0.0023524410651892995,0.025550737455975685,0.623369963619178,-0.0017575772944837809,depth/000160.png,1.0,-0.00016542962715898873,0.01418438767202468,-0.9998993828277964,0.573748025351543,-0.0023524410651892995,0.025550737455975685,-0.0017575772944837809,0.9999510906231228,-0.0006942163911033045,0.009865821062118129,2.3080176001655337,0.46160352003310673,0.6,0.0,0.022771596908569336,-0.0032616523293338417,0.6,0.0,0.022771596908569336,-0.0032616523293338417,goal_capture,TERMINAL_SETTLING,NONE,DIRECT_LOCAL,PASS_THROUGH,0,6,0,0,0,0,1,0.6,2.3080176001655337,inf,0.0,0,0,0,CLEAR,none,nan,0.0,0.0,0,0,0,0,0.0,0,0,1,1,0.0,0.6,"4.107,16.460;4.018,16.584;3.882,16.774;3.699,17.028;3.470,17.347;3.225,17.689;3.016,17.980;2.860,18.196;2.763,18.333;2.750,18.350",2.7500000000000004,18.35,2.0,2.7500000000000004,18.35,2.0,2.7500000000000004,18.35,2.0,3.8225685524113646,0.0,0.0,0,0,1,0,unmatched_render_rate,unmatched render attempts 1.1% > 1.0%,0,1,PASS_THROUGH,-1,0.9999433846967118,-0.0008169245968525325,0.010609431440306676,0.472797824007424,0,0.9999510906231228,-0.0006942163911033045,0.009865821062118129,2.308129933149266,0.4616259866298532,0,0,0,BYPASS_VISIBLE,1,0,1,1,1
1787562318687597568,1787562318704513024,joint_v2_000000_07a44bf5,161,154,0.03333333333333333,5.133333333333334,16.915559768676758,frame_id_exact,1,,4.084923267364502,16.49077033996582,1.977768063545227,0.0014121547036845708,-0.00044213746602499924,0.3066388270558236,0.9518247948416676,-0.3345479369163513,0.46881285309791565,0.015473546460270882,0.5759729524635812,-0.0020528340336337914,0.014077921283650822,0.6233180908710957,-0.0018575242720544338,depth/000161.png,1.0,-0.0017077177297005212,-0.0024170946942798453,-0.999995620667108,0.5759729524635812,-0.0020528340336337914,0.014077921283650822,-0.0018575242720544338,0.9999526410612889,-0.0006147221847780431,0.009712762284156622,2.2888326846892793,0.45776653693785585,0.6,0.0,0.02223193645477295,-0.0025094438049888534,0.6,0.0,0.02223193645477295,-0.0025094438049888534,goal_capture,TERMINAL_SETTLING,NONE,DIRECT_LOCAL,PASS_THROUGH,0,6,0,0,0,0,1,0.6,2.2888326846892793,inf,0.0,0,0,0,CLEAR,none,nan,0.0,0.0,0,0,0,0,0.0,0,0,1,1,0.0,0.6,"4.107,16.460;4.018,16.584;3.882,16.774;3.699,17.028;3.470,17.347;3.225,17.689;3.016,17.980;2.860,18.196;2.763,18.333;2.750,18.350",2.7500000000000004,18.35,2.0,2.7500000000000004,18.35,2.0,2.7500000000000004,18.35,2.0,3.814026780297929,0.0,0.0,0,0,1,0,unmatched_render_rate,unmatched render attempts 1.1% > 1.0%,0,1,PASS_THROUGH,-1,0.9999433846967118,-0.0008169245968525325,0.010609431440306676,0.472797824007424,0,0.9999526410612889,-0.0006147221847780431,0.009712762284156622,2.2889406539926855,0.4577881307985371,0,0,0,BYPASS_VISIBLE,1,0,1,1,1
1787562318738447104,1787562318755164672,joint_v2_000000_07a44bf5,162,155,0.03333333333333333,5.166666666666667,16.71743392944336,frame_id_exact,1,,4.07377815246582,16.506366729736328,1.9782873392105103,0.004693168028039612,2.3640723217438618e-05,0.30660717145253363,0.9518245720871329,-0.3339504599571228,0.4667053520679474,0.015880141407251358,0.5739964836445889,-0.0012857024617362002,0.010740483154032277,0.623247353744292,-0.0019622533582150936,depth/000162.png,1.0,-0.002832914305936843,-0.008948642130597215,-0.9999559472299536,0.5739964836445889,-0.0012857024617362002,0.010740483154032277,-0.0019622533582150936,0.9999541066759959,-0.0005249991549114388,0.009566029359070152,2.2696634623152714,0.4539326924630543,0.6,0.0,0.021712660789489746,-0.0023991611135198987,0.6,0.0,0.021712660789489746,-0.0023991611135198987,goal_capture,TERMINAL_SETTLING,NONE,DIRECT_LOCAL,PASS_THROUGH,0,6,0,0,0,0,1,0.6,2.2696634623152714,inf,0.0,0,0,0,CLEAR,none,nan,0.0,0.0,0,0,0,0,0.030081613605726108,0,0,1,1,0.0,0.6,"4.074,16.506;3.984,16.632;3.847,16.823;3.663,17.079;3.433,17.399;3.190,17.737;2.989,18.017;2.842,18.222;2.753,18.345;2.750,18.350",2.7500000000000004,18.35,2.0,2.7500000000000004,18.35,2.0,2.7500000000000004,18.35,2.0,3.805620240021104,0.0,0.0,0,0,1,0,unmatched_render_rate,unmatched render attempts 1.1% > 1.0%,0,1,PASS_THROUGH,-1,0.9999433846967118,-0.0008169245968525325,0.010609431440306676,0.472797824007424,0,0.9999541066759959,-0.0005249991549114388,0.009566029359070152,2.2697673166665133,0.45395346333330266,0,0,0,BYPASS_VISIBLE,1,0,1,1,1
1787562318792150528,1787562318809032704,joint_v2_000000_07a44bf5,163,156,0.03333333333333333,5.2,16.88218116760254,frame_id_exact,1,,4.062661170959473,16.521875381469727,1.978833556175232,0.003598550100242844,-0.0005711654248854695,0.30657383816037254,0.951839905636894,-0.3331621587276459,0.46386224031448364,0.01689448393881321,0.571206468332717,-0.00023651787503973926,0.013181053802909517,0.6231764651361555,-0.0020562561694532633,depth/000163.png,1.0,-0.003293758720339768,-0.006500278422626291,-0.9999734484144669,0.571206468332717,-0.00023651787503973926,0.013181053802909517,-0.0020562561694532633,0.9999556770065694,-0.0004473847733289849,0.009404460069470101,2.25058191822052,0.450116383644104,0.6,0.0,0.021166443824768066,-0.0021924482096336018,0.6,0.0,0.021166443824768066,-0.0021924482096336018,goal_capture,TERMINAL_SETTLING,NONE,DIRECT_LOCAL,PASS_THROUGH,0,6,0,0,0,0,1,0.6,2.25058191822052,inf,0.0,0,0,0,CLEAR,none,nan,0.0,0.0,0,0,0,0,0.0,0,0,1,1,0.0,0.6,"4.074,16.506;3.984,16.632;3.847,16.823;3.663,17.079;3.433,17.399;3.190,17.737;2.989,18.017;2.842,18.222;2.753,18.345;2.750,18.350",2.7500000000000004,18.35,2.0,2.7500000000000004,18.35,2.0,2.7500000000000004,18.35,2.0,3.7973483791060105,0.0,0.0,0,0,1,0,unmatched_render_rate,unmatched render attempts 1.1% > 1.0%,1,1,PASS_THROUGH,-1,0.9999998999145755,-0.0004474045588616307,0.0,0.450116383644104,0,0.9999556770065694,-0.0004473847733289849,0.009404460069470101,2.250681449909192,0.45013628998183836,0,0,0,BYPASS_VISIBLE,1,0,1,1,1
1787562318837630464,1787562318855474688,joint_v2_000000_07a44bf5,164,157,0.03333333333333333,5.233333333333333,17.844200134277344,frame_id_exact,1,,4.051555156707764,16.53730583190918,1.9794104099273682,-0.00046675350173170597,-0.0017226132374504105,0.30653578265396775,0.9518574623847429,-0.3334546685218811,0.46246299147605896,0.017639020457863808,0.5701077556488273,0.0008601578093599372,0.018750375045209374,0.62310686984504,-0.002134613925591111,depth/000164.png,1.0,-0.0029932112298202114,0.0019446508013389622,-0.9999936294896056,0.5701077556488273,0.0008601578093599372,0.018750375045209374,-0.002134613925591111,0.9999573634976883,-0.000387394882854867,0.00922611033735901,2.2315702930858006,0.4463140586171601,0.6,0.0,0.020589590072631836,-0.0018712460659742192,0.6,0.0,0.020589590072631836,-0.0018712460659742192,goal_capture,TERMINAL_SETTLING,NONE,DIRECT_LOCAL,PASS_THROUGH,0,6,0,0,0,0,1,0.6,2.2315702930858006,inf,0.0,0,0,0,CLEAR,none,nan,0.0,0.0,0,0,0,0,0.0,0,0,1,1,0.0,0.6,"4.074,16.506;3.984,16.632;3.847,16.823;3.663,17.079;3.433,17.399;3.190,17.737;2.989,18.017;2.842,18.222;2.753,18.345;2.750,18.350",2.7500000000000004,18.35,2.0,2.7500000000000004,18.35,2.0,2.7500000000000004,18.35,2.0,3.789167646071071,0.0,0.0,0,0,1,0,unmatched_render_rate,unmatched render attempts 1.1% > 1.0%,0,1,PASS_THROUGH,-1,0.9999556770065694,-0.0004473847733289849,0.009404460069470101,0.450116383644104,0,0.9999573634976883,-0.000387394882854867,0.00922611033735901,2.2316652760220124,0.4463330552044025,0,0,0,BYPASS_VISIBLE,1,0,1,1,1
1787562318884139520,1787562318901017856,joint_v2_000000_07a44bf5,165,158,0.03333333333333333,5.266666666666667,16.878366470336914,frame_id_exact,1,,4.040411472320557,16.552734375,1.9800010919570923,-0.005852919267043693,-0.0029378944042863938,0.3064869636016647,0.9518523274409507,-0.33547157049179077,0.4638214409351349,0.017675871029496193,0.5721463627818756,0.001768274385042971,0.025086906090516108,0.6230271452017704,-0.002171842148527503,depth/000165.png,1.0,-0.0020051963442676932,0.012943082324023164,-0.9999142242250455,0.5721463627818756,0.001768274385042971,0.025086906090516108,-0.002171842148527503,0.9999590966234684,-0.0003317731192916797,0.009038529005016926,2.2125382470599577,0.44250764941199155,0.6,0.0,0.019998908042907715,0.0011096166384783057,0.6,0.0,0.019998908042907715,0.0011096166384783057,goal_capture,TERMINAL_SETTLING,NONE,DIRECT_LOCAL,PASS_THROUGH,0,6,0,0,0,0,1,0.6,2.2125382470599577,inf,0.0,0,0,0,CLEAR,none,nan,0.0,0.0,0,0,0,0,0.019009976365987898,0,0,1,1,0.0,0.6,"4.040,16.553;3.950,16.678;3.813,16.868;3.630,17.124;3.400,17.445;3.161,17.778;2.967,18.048;2.827,18.243;2.750,18.350",2.7500000000000004,18.35,2.0,2.7500000000000004,18.35,2.0,2.7500000000000004,18.35,2.0,3.781020902466939,0.0,0.0,0,0,1,0,unmatched_render_rate,unmatched render attempts 1.1% > 1.0%,0,1,PASS_THROUGH,-1,0.9999556770065694,-0.0004473847733289849,0.009404460069470101,0.450116383644104,0,0.9999590966234684,-0.0003317731192916797,0.009038529005016926,2.2126286292611463,0.44252572585222927,0,0,0,BYPASS_VISIBLE,1,0,1,1,1
1787562318929302784,1787562318946075392,joint_v2_000000_07a44bf5,166,159,0.03333333333333333,5.3,16.772747039794922,frame_id_exact,1,,4.029170989990234,16.568260192871094,1.9805784225463867,-0.010880731444502887,-0.0037956240211037737,0.30643002556708143,0.951823430239286,-0.33922359347343445,0.46828386187553406,0.01682174764573574,0.5776951353999166,0.0022938515974677913,0.03014069733884706,0.6229298991257542,-0.002015568781644106,depth/000166.png,1.0,-0.0005571621218761185,0.023039256585698113,-0.9997344058430461,0.5776951353999166,0.0022938515974677913,0.03014069733884706,-0.002015568781644106,0.9999607635100529,-0.00026903280935704785,0.008854324465466345,2.1933707306199635,0.4386741461239927,0.6,0.0,0.01942157745361328,0.0010909935554592742,0.6,0.0,0.01942157745361328,0.0010909935554592742,goal_capture,TERMINAL_SETTLING,NONE,DIRECT_LOCAL,PASS_THROUGH,0,6,0,0,0,0,1,0.6,2.1933707306199635,inf,0.0,0,0,0,CLEAR,none,nan,0.0,0.0,0,0,0,0,0.0,0,0,1,1,0.0,0.6,"4.040,16.553;3.950,16.678;3.813,16.868;3.630,17.124;3.400,17.445;3.161,17.778;2.967,18.048;2.827,18.243;2.750,18.350",2.7500000000000004,18.35,2.0,2.7500000000000004,18.35,2.0,2.7500000000000004,18.35,2.0,3.772848981064041,0.0,0.0,0,0,1,0,unmatched_render_rate,unmatched render attempts 1.1% > 1.0%,0,1,PASS_THROUGH,-1,0.9999556770065694,-0.0004473847733289849,0.009404460069470101,0.450116383644104,0,0.9999607635100529,-0.00026903280935704785,0.008854324465466345,2.1934567147794684,0.4386913429558937,0,0,0,BYPASS_VISIBLE,1,0,1,1,1
1787562318971695872,1787562318987239680,joint_v2_000000_07a44bf5,167,160,0.03333333333333333,5.333333333333333,15.543699264526367,frame_id_exact,1,,4.017782211303711,16.583982467651367,1.981113076210022,-0.014123893343696844,-0.004009701461801362,0.30637825196266494,0.9517966193758544,-0.34418147802352905,0.4752858281135559,0.015165753662586212,0.5861176712636681,0.0023210744219045116,0.032375860609205206,0.6228263456255407,-0.001663901493884623,depth/000167.png,1.0,0.0010216669150000012,0.02934311852342926,-0.9995688758620062,0.5861176712636681,0.0023210744219045116,0.032375860609205206,-0.001663901493884623,0.9999622424584113,-0.00020330756793067293,0.008687480853433823,2.173957143059836,0.43479142861196723,0.6,0.0,0.018886923789978027,0.0005705509857034663,0.6,0.0,0.018886923789978027,0.0005705509857034663,goal_capture,TERMINAL_SETTLING,NONE,DIRECT_LOCAL,PASS_THROUGH,0,6,0,0,0,0,1,0.6,2.173957143059836,inf,0.0,0,0,0,CLEAR,none,nan,0.0,0.0,0,0,0,0,0.0,0,0,1,1,0.0,0.6,"4.040,16.553;3.950,16.678;3.813,16.868;3.630,17.124;3.400,17.445;3.161,17.778;2.967,18.048;2.827,18.243;2.750,18.350",2.7500000000000004,18.35,2.0,2.7500000000000004,18.35,2.0,2.7500000000000004,18.35,2.0,3.764615570965302,0.0,0.0,0,0,1,0,unmatched_render_rate,unmatched render attempts 1.1% > 1.0%,0,1,PASS_THROUGH,-1,0.9999556770065694,-0.0004473847733289849,0.009404460069470101,0.450116383644104,0,0.9999622424584113,-0.00020330756793067293,0.008687480853433823,2.1740391845022327,0.43480783690044655,0,0,0,BYPASS_VISIBLE,1,0,1,1,1
1787562319012742656,1787562319029684992,joint_v2_000000_07a44bf5,168,161,0.03333333333333333,5.366666666666666,16.942262649536133,frame_id_exact,1,,4.006221294403076,16.599960327148438,1.981583833694458,-0.014671843542167756,-0.003475205884788164,0.30634358086847324,0.9518015919359527,-0.3494579493999481,0.4835693836212158,0.013060997240245342,0.5959591969617059,0.0018437820760670365,0.030984396846537164,0.6227365910857517,-0.001272936468012631,depth/000168.png,1.0,0.002373837190406179,0.030058582110143388,-0.9995453199022649,0.5959591969617059,0.0018437820760670365,0.030984396846537164,-0.001272936468012631,0.999963449941845,-0.0001477915822857296,0.008548505018514436,2.1542355481855155,0.4308471096371031,0.6,0.0,0.018416166305541992,0.001731003552172261,0.6,0.0,0.018416166305541992,0.001731003552172261,goal_capture,TERMINAL_SETTLING,NONE,DIRECT_LOCAL,PASS_THROUGH,0,6,0,0,0,0,1,0.6,2.1542355481855155,inf,0.0,0,0,0,CLEAR,none,nan,0.0,0.0,0,0,0,0,0.008468143361998666,0,0,1,1,0.0,0.6,"4.006,16.600;3.913,16.729;3.773,16.923;3.587,17.183;3.355,17.508;3.120,17.834;2.936,18.091;2.807,18.271;2.750,18.350",2.7500000000000004,18.35,2.0,2.7500000000000004,18.35,2.0,2.7500000000000004,18.35,2.0,3.7563041946418214,0.0,0.0,0,0,1,0,unmatched_render_rate,unmatched render attempts 1.1% > 1.0%,0,1,PASS_THROUGH,-1,0.9999556770065694,-0.0004473847733289849,0.009404460069470101,0.450116383644104,0,0.999963449941845,-0.0001477915822857296,0.008548505018514436,2.1543142649686793,0.43086285299373583,0,0,0,BYPASS_VISIBLE,1,0,1,1,1
1787562319061159936,1787562319078944000,joint_v2_000000_07a44bf5,169,162,0.03333333333333333,5.4,17.78411865234375,frame_id_exact,1,,3.994493007659912,16.616214752197266,1.9819841384887695,-0.01229759464565414,-0.0022791169703036828,0.3063281936484602,0.9518437963068511,-0.3540428876876831,0.49151939153671265,0.011028890497982502,0.6052931482506586,0.0009711847690469172,0.02604950067507416,0.6226774749622292,-0.0008779024356044829,depth/000169.png,1.0,0.0031954732095659643,0.024807093915177842,-0.9996871495835337,0.6052931482506586,0.0009711847690469172,0.02604950067507416,-0.0008779024356044829,0.9999643658791723,-0.00011169178659587192,0.00844123787187826,2.134191681085091,0.42683833621701817,0.6,0.0,0.01801586151123047,0.0017396565267091546,0.6,0.0,0.01801586151123047,0.0017396565267091546,goal_capture,TERMINAL_SETTLING,NONE,DIRECT_LOCAL,PASS_THROUGH,0,6,0,0,0,0,1,0.6,2.134191681085091,inf,0.0,0,0,0,CLEAR,none,nan,0.0,0.0,0,0,0,0,0.0,0,0,1,1,0.0,0.6,"4.006,16.600;3.913,16.729;3.773,16.923;3.587,17.183;3.355,17.508;3.120,17.834;2.936,18.091;2.807,18.271;2.750,18.350",2.7500000000000004,18.35,2.0,2.7500000000000004,18.35,2.0,2.7500000000000004,18.35,2.0,3.7479329077795813,0.0,0.0,0,0,1,0,unmatched_render_rate,unmatched render attempts 1.1% > 1.0%,1,1,PASS_THROUGH,-1,0.999999993762028,-0.00011169576607958737,0.0,0.42683833621701817,0,0.9999643658791723,-0.00011169178659587192,0.00844123787187826,2.134267720525895,0.42685354410517895,0,0,0,BYPASS_VISIBLE,1,0,1,1,1
1787562319109243136,1787562319129486080,joint_v2_000000_07a44bf5,170,163,0.03333333333333333,5.433333333333334,20.242929458618164,frame_id_exact,1,,3.982635736465454,16.632707595825195,1.9823256731033325,-0.007480607409694394,-0.0006710110564346935,0.306323975893701,0.9518976899066515,-0.3570469915866852,0.497550368309021,0.00959083717316389,0.6121979197536566,-9.370048014704498e-05,0.018563556575790202,0.6226518459240775,-0.0004947757115587592,depth/000170.png,1.0,0.0033055110586309197,0.014652639374124763,-0.9998871805138884,0.6121979197536566,-9.370048014704498e-05,0.018563556575790202,-0.0004947757115587592,0.9999650435847467,-9.331911621179071e-05,0.008360795422583157,2.1138789133363853,0.42277578266727706,0.6,0.0,0.01767432689666748,0.0012427222148292394,0.6,0.0,0.01767432689666748,0.0012427222148292394,goal_capture,TERMINAL_SETTLING,NONE,DIRECT_LOCAL,PASS_THROUGH,0,6,0,0,0,0,1,0.6,2.1138789133363853,inf,0.0,0,0,0,CLEAR,none,nan,0.0,0.0,0,0,0,0,0.0,0,0,1,1,0.0,0.6,"4.006,16.600;3.913,16.729;3.773,16.923;3.587,17.183;3.355,17.508;3.120,17.834;2.936,18.091;2.807,18.271;2.750,18.350",2.7500000000000004,18.35,2.0,2.7500000000000004,18.35,2.0,2.7500000000000004,18.35,2.0,3.739547170511765,0.0,0.0,0,0,1,0,unmatched_render_rate,unmatched render attempts 1.1% > 1.0%,0,1,PASS_THROUGH,-1,0.9999643658791723,-0.00011169178659587192,0.00844123787187826,0.42683833621701817,0,0.9999650435847467,-9.331911621179071e-05,0.008360795422583157,2.1139528003433443,0.4227905600686689,0,0,0,BYPASS_VISIBLE,1,0,1,1,1
1787562319158938368,1787562319176825344,joint_v2_000000_07a44bf5,171,164,0.03333333333333333,5.466666666666667,17.886877059936523,frame_id_exact,1,,3.9707133769989014,16.64935302734375,1.9826346635818481,-0.0012749310740645622,0.0010003576920248369,0.3063187895531524,0.951927609118433,-0.35790932178497314,0.5004726052284241,0.00909444596618414,0.6152634286729962,-0.0011007467673902602,0.01021380664788766,0.6226454237111178,-0.0001742021122481674,depth/000171.png,1.0,0.0026856068988071876,0.0018144274635676825,-0.9999947476704888,0.6152634286729962,-0.0011007467673902602,0.01021380664788766,-0.0001742021122481674,0.9999655931218264,-7.705019503716318e-05,0.008294976538931836,2.093404231004832,0.41868084620096646,0.6,0.0,0.017365336418151855,-0.0009896589897084862,0.6,0.0,0.017365336418151855,-0.0009896589897084862,goal_capture,TERMINAL_SETTLING,NONE,DIRECT_LOCAL,PASS_THROUGH,0,6,0,0,0,0,1,0.6,2.093404231004832,inf,0.0,0,0,0,CLEAR,none,nan,0.0,0.0,0,0,0,0,0.004414802877136104,0,0,1,1,0.0,0.6,"3.971,16.649;3.876,16.782;3.748,16.961;3.619,17.139;3.491,17.318;3.362,17.497;3.234,17.675;3.106,17.854;2.978,18.033;2.849,18.212;2.757,18.340;2.750,18.350",2.7500000000000004,18.35,2.0,2.7500000000000004,18.35,2.0,2.7500000000000004,18.35,2.0,3.731215017165668,0.0,0.0,0,0,1,0,unmatched_render_rate,unmatched render attempts 1.1% > 1.0%,0,1,PASS_THROUGH,-1,0.9999643658791723,-0.00011169178659587192,0.00844123787187826,0.42683833621701817,0,0.9999655931218264,-7.705019503716318e-05,0.008294976538931836,2.0934762547728716,0.4186952509545743,0,0,0,BYPASS_VISIBLE,1,0,1,1,1
1787562319205919232,1787562319221416192,joint_v2_000000_07a44bf5,172,165,0.03333333333333333,5.5,15.496969223022461,frame_id_exact,1,,3.9588000774383545,16.666030883789062,1.982944130897522,0.004946597341238569,0.002370477700272245,0.3063054124687129,0.9519174892303366,-0.35653138160705566,0.4997696876525879,0.00961444340646267,0.6139746293196177,-0.0018149537541053624,0.0029436004698188325,0.622636649893565,-1.6654941646265797e-05,depth/000172.png,1.0,0.001482659283589879,-0.010869685342070107,-0.9999398240204324,0.6139746293196177,-0.0018149537541053624,0.0029436004698188325,-1.6654941646265797e-05,0.9999661507757409,-4.5563556527376176e-05,0.00822771090343443,2.0729084908811632,0.41458169817623264,0.6,0.0,0.017055869102478027,-0.000792791949646432,0.6,0.0,0.017055869102478027,-0.000792791949646432,goal_capture,TERMINAL_SETTLING,NONE,DIRECT_LOCAL,PASS_THROUGH,0,6,0,0,0,0,1,0.6,2.0729084908811632,inf,0.0,0,0,0,CLEAR,none,nan,0.0,0.0,0,0,0,0,0.0,0,0,1,1,0.0,0.6,"3.971,16.649;3.876,16.782;3.748,16.961;3.619,17.139;3.491,17.318;3.362,17.497;3.234,17.675;3.106,17.854;2.978,18.033;2.849,18.212;2.757,18.340;2.750,18.350",2.7500000000000004,18.35,2.0,2.7500000000000004,18.35,2.0,2.7500000000000004,18.35,2.0,3.7229946940435217,0.0,0.0,0,0,1,0,unmatched_render_rate,unmatched render attempts 1.1% > 1.0%,0,1,PASS_THROUGH,-1,0.9999643658791723,-0.00011169178659587192,0.00844123787187826,0.42683833621701817,0,0.9999661507757409,-4.5563556527376176e-05,0.00822771090343443,2.07297865744876,0.414595731489752,0,0,0,BYPASS_VISIBLE,1,0,1,1,1
1787562319247746816,1787562319264460288,joint_v2_000000_07a44bf5,173,166,0.03333333333333333,5.533333333333333,16.713619232177734,frame_id_exact,1,,3.946965456008911,16.682632446289062,1.9832857847213745,0.009812942424042874,0.0031436726824528665,0.3062860340338031,0.9518837580497379,-0.3533080518245697,0.49572721123695374,0.01096433587372303,0.6088394302133124,-0.0020755125205542814,-0.0015825837412709667,0.622612090117236,2.706354280235246e-06,depth/000173.png,1.0,-2.631250042122238e-05,-0.02060728710066506,-0.999787646966096,0.6088394302133124,-0.0020755125205542814,-0.0015825837412709667,2.706354280235246e-06,0.9999668452147209,1.1624902300941592e-05,0.008142993072559829,2.0525206118445243,0.4105041223689049,0.6,0.0,0.01671421527862549,-0.00019704825446442698,0.6,0.0,0.01671421527862549,-0.00019704825446442698,goal_capture,TERMINAL_SETTLING,NONE,DIRECT_LOCAL,PASS_THROUGH,0,6,0,0,0,0,1,0.6,2.0525206118445243,inf,0.0,0,0,0,CLEAR,none,nan,0.0,0.0,0,0,0,0,0.0,0,0,1,1,0.0,0.6,"3.971,16.649;3.876,16.782;3.748,16.961;3.619,17.139;3.491,17.318;3.362,17.497;3.234,17.675;3.106,17.854;2.978,18.033;2.849,18.212;2.757,18.340;2.750,18.350",2.7500000000000004,18.35,2.0,2.7500000000000004,18.35,2.0,2.7500000000000004,18.35,2.0,3.7149482653973336,0.0,0.0,0,0,1,0,unmatched_render_rate,unmatched render attempts 1.1% > 1.0%,0,1,PASS_THROUGH,-1,0.9999643658791723,-0.00011169178659587192,0.00844123787187826,0.42683833621701817,0,0.9999668452147209,1.1624902300941592e-05,0.008142993072559829,2.052588664842277,0.4105177329684554,0,0,0,BYPASS_VISIBLE,1,0,1,1,1
1787562319292418048,1787562319311270400,joint_v2_000000_07a44bf5,174,167,0.03333333333333333,5.566666666666666,18.85247230529785,frame_id_exact,1,,3.935258150100708,16.699054718017578,1.9836809635162354,0.012268105692754884,0.0031600903919198273,0.3062702221191398,0.9518603145706408,-0.3490425646305084,0.4893758296966553,0.012790062464773655,0.6012268973576306,-0.001834933498492443,-0.0024189307055953995,0.6225776620687116,-7.04292369846371e-06,depth/000174.png,1.0,-0.0014987816419533102,-0.025290729060282756,-0.9996790148228526,0.6012268973576306,-0.001834933498492443,-0.0024189307055953995,-7.04292369846371e-06,0.9999677609893826,7.877565196975525e-05,0.008029369606510529,2.03235262847769,0.406470525695538,0.6,0.0,0.01631903648376465,-0.0015658436138388243,0.6,0.0,0.01631903648376465,-0.0015658436138388243,goal_capture,TERMINAL_SETTLING,NONE,DIRECT_LOCAL,PASS_THROUGH,0,6,0,0,0,0,1,0.6,2.03235262847769,inf,0.0,0,0,0,CLEAR,none,nan,0.0,0.0,0,0,0,0,0.004513657892782062,0,0,1,1,0.0,0.6,"3.935,16.699;3.895,16.756;3.842,16.829;3.778,16.919;3.702,17.025;3.615,17.147;3.515,17.285;3.404,17.439;3.282,17.609;3.164,17.773;3.060,17.918;2.969,18.044;2.892,18.152;2.829,18.240;2.780,18.308;2.750,18.350",2.7500000000000004,18.35,2.0,2.7500000000000004,18.35,2.0,2.7500000000000004,18.35,2.0,3.707106363224496,0.0,0.0,0,0,1,0,unmatched_render_rate,unmatched render attempts 1.1% > 1.0%,0,1,PASS_THROUGH,-1,0.9999643658791723,-0.00011169178659587192,0.00844123787187826,0.42683833621701817,0,0.9999677609893826,7.877565196975525e-05,0.008029369606510529,2.0324181453214623,0.4064836290642925,0,0,0,BYPASS_VISIBLE,1,0,1,1,1
1787562319341954560,1787562319359599872,joint_v2_000000_07a44bf5,175,168,0.03333333333333333,5.6,17.64535903930664,frame_id_exact,1,,3.923696279525757,16.715248107910156,1.9841392040252686,0.011807180455498067,0.002430974734509051,0.30626458205686147,0.9518700996612235,-0.3447616994380951,0.48225414752960205,0.014681030064821243,0.5929954961299218,-0.001161616165295218,0.0004659079558011932,0.6225486712990499,-8.782151417108253e-05,depth/000175.png,1.0,-0.0026042980493240237,-0.0239668469958964,-0.999709361703063,0.5929954961299218,-0.001161616165295218,0.0004659079558011932,-8.782151417108253e-05,0.9999689349655616,0.00013351815932003387,0.00788107078649245,2.0124553921177806,0.40249107842355614,0.6,0.0,0.015860795974731445,-0.0013304746789832844,0.6,0.0,0.015860795974731445,-0.0013304746789832844,goal_capture,TERMINAL_SETTLING,NONE,DIRECT_LOCAL,PASS_THROUGH,0,6,0,0,0,0,1,0.6,2.0124553921177806,inf,0.0,0,0,0,CLEAR,none,nan,0.0,0.0,0,0,0,0,0.0,0,0,1,1,0.0,0.6,"3.935,16.699;3.895,16.756;3.842,16.829;3.778,16.919;3.702,17.025;3.615,17.147;3.515,17.285;3.404,17.439;3.282,17.609;3.164,17.773;3.060,17.918;2.969,18.044;2.892,18.152;2.829,18.240;2.780,18.308;2.750,18.350",2.7500000000000004,18.35,2.0,2.7500000000000004,18.35,2.0,2.7500000000000004,18.35,2.0,3.699475171414934,0.0,0.0,0,0,1,0,unmatched_render_rate,unmatched render attempts 1.1% > 1.0%,1,1,PASS_THROUGH,-1,0.999999991085897,0.00013352230600488337,0.0,0.40249107842355614,0,0.9999689349655616,0.00013351815932003387,0.00788107078649245,2.0125178931162035,0.4025035786232407,0,0,0,BYPASS_VISIBLE,1,0,1,1,1
1787562319389451264,1787562319405582080,joint_v2_000000_07a44bf5,176,169,0.03333333333333333,5.633333333333334,16.130924224853516,frame_id_exact,1,,3.9122626781463623,16.731212615966797,1.9846558570861816,0.008584096878174007,0.0011344141660755177,0.3062652984628883,0.951906819674449,-0.3414771258831024,0.4760495722293854,0.016246367245912552,0.5860499210213286,-0.00021460055104018826,0.006261883690409184,0.6225323581472519,-0.00025313583319075406,depth/000176.png,1.0,-0.0030983088228114432,-0.017037384104467267,-0.9998500527705718,0.5860499210213286,-0.00021460055104018826,0.006261883690409184,-0.00025313583319075406,0.9999703454667976,0.00016139598812463035,0.0076994894862127145,1.9928188898434844,0.3985637779686969,0.6,0.0,0.01534414291381836,-0.0006785466840586452,0.6,0.0,0.01534414291381836,-0.0006785466840586452,goal_capture,TERMINAL_SETTLING,NONE,DIRECT_LOCAL,PASS_THROUGH,0,6,0,0,0,0,1,0.6,1.9928188898434847,inf,0.0,0,0,0,CLEAR,none,nan,0.0,0.0,0,0,0,0,0.0,0,0,1,1,0.0,0.6,"3.935,16.699;3.895,16.756;3.842,16.829;3.778,16.919;3.702,17.025;3.615,17.147;3.515,17.285;3.404,17.439;3.282,17.609;3.164,17.773;3.060,17.918;2.969,18.044;2.892,18.152;2.829,18.240;2.780,18.308;2.750,18.350",2.7500000000000004,18.35,2.0,2.7500000000000004,18.35,2.0,2.7500000000000004,18.35,2.0,3.6920263155206583,0.0,0.0,0,0,1,0,unmatched_render_rate,unmatched render attempts 1.1% > 1.0%,0,1,PASS_THROUGH,-1,0.9999689349655616,0.00013351815932003387,0.00788107078649245,0.40249107842355614,0,0.9999703454667976,0.00016139598812463035,0.0076994894862127145,1.992877961752495,0.398575592350499,0,0,0,BYPASS_VISIBLE,1,0,1,1,1
1787562319430996992,1787562319447647232,joint_v2_000000_07a44bf5,177,170,0.03333333333333333,5.666666666666667,16.65043830871582,frame_id_exact,1,,3.9009110927581787,16.747007369995117,1.9852144718170166,0.0033698943710514318,-0.0004262998989964313,0.30626219455160864,0.951941138027324,-0.3399524986743927,0.4722079634666443,0.017155654728412628,0.5819428040576782,0.0007932632134625485,0.013576529173544852,0.6225229723449551,-0.0004220393020659685,depth/000177.png,1.0,-0.0028757673129538412,-0.0061547630800135944,-0.9999769241606481,0.5819428040576782,0.0007932632134625485,0.013576529173544852,-0.0004220393020659685,0.9999719183409639,0.00016616657761453154,0.007492323949288601,1.9733681144894888,0.39467362289789776,0.6,0.0,0.014785528182983398,0.0008906814190312584,0.6,0.0,0.014785528182983398,0.0008906814190312584,goal_capture,TERMINAL_SETTLING,NONE,DIRECT_LOCAL,PASS_THROUGH,0,6,0,0,0,0,1,0.6,1.9733681144894888,inf,0.0,0,0,0,CLEAR,none,nan,0.0,0.0,0,0,0,0,0.00952091086878546,0,0,1,1,0.0,0.6,"3.901,16.747;3.861,16.802;3.810,16.874;3.746,16.962;3.672,17.066;3.585,17.186;3.487,17.323;3.378,17.476;3.256,17.645;3.142,17.804;3.040,17.946;2.952,18.068;2.878,18.172;2.817,18.256;2.772,18.320;2.750,18.350",2.7500000000000004,18.35,2.0,2.7500000000000004,18.35,2.0,2.7500000000000004,18.35,2.0,3.68471240313317,0.0,0.0,0,0,1,0,unmatched_render_rate,unmatched render attempts 1.1% > 1.0%,0,1,PASS_THROUGH,-1,0.9999689349655616,0.00013351815932003387,0.00788107078649245,0.40249107842355614,0,0.9999719183409639,0.00016616657761453154,0.007492323949288601,1.9734235042502786,0.3946847008500557,0,0,0,BYPASS_VISIBLE,1,0,1,1,1
1787562319475490816,1787562319494551296,joint_v2_000000_07a44bf5,178,171,0.03333333333333333,5.7,19.060373306274414,frame_id_exact,1,,3.889575719833374,16.762727737426758,1.9857890605926514,-0.0026257751575998823,-0.0018916282675842588,0.3062475949830357,0.951946394296667,-0.3405338227748871,0.4716075360774994,0.017176106572151184,0.581582546823359,0.0016400626399623846,0.02076108380452248,0.6225069434169942,-0.00047621779958717525,depth/000178.png,1.0,-0.001993182763390641,0.006157807602121153,-0.999979054094638,0.581582546823359,0.0016400626399623846,0.02076108380452248,-0.00047621779958717525,0.9999735411827805,0.00016202594516455222,0.007272598020200355,1.9539872202161752,0.390797444043235,0.6,0.0,0.014210939407348633,0.0007769201947505078,0.6,0.0,0.014210939407348633,0.0007769201947505078,goal_capture,TERMINAL_SETTLING,NONE,DIRECT_LOCAL,PASS_THROUGH,0,6,0,0,0,0,1,0.6,1.953987220216175,inf,0.0,0,0,0,CLEAR,none,nan,0.0,0.0,0,0,0,0,0.0,0,0,1,1,0.0,0.6,"3.901,16.747;3.861,16.802;3.810,16.874;3.746,16.962;3.672,17.066;3.585,17.186;3.487,17.323;3.378,17.476;3.256,17.645;3.142,17.804;3.040,17.946;2.952,18.068;2.878,18.172;2.817,18.256;2.772,18.320;2.750,18.350",2.7500000000000004,18.35,2.0,2.7500000000000004,18.35,2.0,2.7500000000000004,18.35,2.0,3.67747710037035,0.0,0.0,0,0,1,0,unmatched_render_rate,unmatched render attempts 1.1% > 1.0%,0,1,PASS_THROUGH,-1,0.9999689349655616,0.00013351815932003387,0.00788107078649245,0.40249107842355614,0,0.9999735411827805,0.00016202594516455222,0.007272598020200355,1.954038896124377,0.3908077792248754,0,0,0,BYPASS_VISIBLE,1,0,1,1,1
1787562319521515776,1787562319538144256,joint_v2_000000_07a44bf5,179,172,0.03333333333333333,5.733333333333333,16.628503799438477,frame_id_exact,1,,3.8781869411468506,16.778484344482422,1.986348271369934,-0.008028940902946185,-0.0029270275822062403,0.30622346495103897,0.9519212982862029,-0.34307941794395447,0.47437191009521484,0.016229478642344475,0.5850668142362517,0.0021381360796271023,0.02622676752281407,0.6224758316111129,-0.00040099667967297137,depth/000179.png,1.0,-0.0006552995859719704,0.017078488752852374,-0.99985393723502,0.5850668142362517,0.0021381360796271023,0.02622676752281407,-0.00040099667967297137,0.9999750886501215,0.00016106310636618282,0.0070566378578982535,1.9345457424706023,0.38690914849412045,0.6,0.0,0.013651728630065918,0.00044428629225712335,0.6,0.0,0.013651728630065918,0.00044428629225712335,goal_capture,TERMINAL_SETTLING,NONE,DIRECT_LOCAL,PASS_THROUGH,0,6,0,0,0,0,1,0.6,1.9345457424706023,inf,0.0,0,0,0,CLEAR,none,nan,0.0,0.0,0,0,0,0,0.0,0,0,1,1,0.0,0.6,"3.901,16.747;3.861,16.802;3.810,16.874;3.746,16.962;3.672,17.066;3.585,17.186;3.487,17.323;3.378,17.476;3.256,17.645;3.142,17.804;3.040,17.946;2.952,18.068;2.878,18.172;2.817,18.256;2.772,18.320;2.750,18.350",2.7500000000000004,18.35,2.0,2.7500000000000004,18.35,2.0,2.7500000000000004,18.35,2.0,3.670265542854281,0.0,0.0,0,0,1,0,unmatched_render_rate,unmatched render attempts 1.1% > 1.0%,0,1,PASS_THROUGH,-1,0.9999689349655616,0.00013351815932003387,0.00788107078649245,0.40249107842355614,0,0.9999750886501215,0.00016106310636618282,0.0070566378578982535,1.9345939107227963,0.38691878214455927,0,0,0,BYPASS_VISIBLE,1,0,1,1,1
1787562319563948544,1787562319580536064,joint_v2_000000_07a44bf5,180,173,0.03333333333333333,5.766666666666667,16.587495803833008,frame_id_exact,1,,3.8666882514953613,16.79438018798828,1.9868614673614502,-0.011611835011020415,-0.003298796571745674,0.3061995463648907,0.9518908136098333,-0.3470037579536438,0.4798598289489746,0.014450008980929852,0.5916550149530648,0.002174497693606211,0.02873118642013046,0.622433340804834,-0.00026912090834230185,depth/000180.png,1.0,0.0008308889204521764,0.024126578179923905,-0.9997085664577101,0.5916550149530648,0.002174497693606211,0.02873118642013046,-0.00026912090834230185,0.9999764495106475,0.00016660239500911468,0.006860952391727578,1.914927061418044,0.38298541228360883,0.6,0.0,0.013138532638549805,0.002199738959082209,0.6,0.0,0.013138532638549805,0.002199738959082209,goal_capture,TERMINAL_SETTLING,NONE,DIRECT_LOCAL,PASS_THROUGH,0,6,0,0,0,0,1,0.6,1.9149270614180443,inf,0.0,0,0,0,CLEAR,none,nan,0.0,0.0,0,0,0,0,0.009545838811662335,0,0,1,1,0.0,0.6,"3.867,16.794;3.826,16.850;3.774,16.923;3.710,17.011;3.635,17.116;3.548,17.238;3.449,17.375;3.339,17.529;3.217,17.699;3.107,17.853;3.010,17.988;2.926,18.105;2.856,18.202;2.801,18.279;2.760,18.335;2.750,18.350",2.7500000000000004,18.35,2.0,2.7500000000000004,18.35,2.0,2.7500000000000004,18.35,2.0,3.6630338313995536,0.0,0.0,0,0,1,0,unmatched_render_rate,unmatched render attempts 1.1% > 1.0%,0,1,PASS_THROUGH,-1,0.9999689349655616,0.00013351815932003387,0.00788107078649245,0.40249107842355614,0,0.9999764495106475,0.00016660239500911468,0.006860952391727578,1.9149721333719298,0.382994426674386,0,0,0,BYPASS_VISIBLE,1,0,1,1,1
1787562319607555840,1787562319625253120,joint_v2_000000_07a44bf5,181,174,0.03333333333333333,5.8,17.69733428955078,frame_id_exact,1,,3.8550477027893066,16.81049156188965,1.987305998802185,-0.01257119140280674,-0.0029266990910975857,0.3061862318271393,0.9518841268865879,-0.35141873359680176,0.48682576417922974,0.012193980626761913,0.599897167214626,0.0017373511884418804,0.027631766749734808,0.6223947526606886,-4.803378396900371e-05,depth/000181.png,1.0,0.002126494632427858,0.025724865037559913,-0.9996667991582884,0.599897167214626,0.0017373511884418804,0.027631766749734808,-4.803378396900371e-05,0.9999775508248039,0.00017298060789431213,0.0066983523448653345,1.8950505683102237,0.37901011366204473,0.6,0.0,0.012694001197814941,0.0020942613663188503,0.6,0.0,0.012694001197814941,0.0020942613663188503,goal_capture,TERMINAL_SETTLING,NONE,DIRECT_LOCAL,PASS_THROUGH,0,6,0,0,0,0,1,0.6,1.8950505683102237,inf,0.0,0,0,0,CLEAR,none,nan,0.0,0.0,0,0,0,0,0.0,0,0,1,1,0.0,0.6,"3.867,16.794;3.826,16.850;3.774,16.923;3.710,17.011;3.635,17.116;3.548,17.238;3.449,17.375;3.339,17.529;3.217,17.699;3.107,17.853;3.010,17.988;2.926,18.105;2.856,18.202;2.801,18.279;2.760,18.335;2.750,18.350",2.7500000000000004,18.35,2.0,2.7500000000000004,18.35,2.0,2.7500000000000004,18.35,2.0,3.655769503895851,0.0,0.0,0,0,1,0,unmatched_render_rate,unmatched render attempts 1.1% > 1.0%,1,1,PASS_THROUGH,-1,0.9999999850381831,0.00017298448866535362,0.0,0.37901011366204473,0,0.9999775508248039,0.00017298060789431213,0.0066983523448653345,1.8950930832334627,0.37901861664669256,0,0,0,BYPASS_VISIBLE,1,0,1,1,1
1787562319654979072,1787562319672023040,joint_v2_000000_07a44bf5,182,175,0.03333333333333333,5.833333333333333,17.0440673828125,frame_id_exact,1,,3.8432657718658447,16.82683753967285,1.9876744747161865,-0.010709181330153951,-0.0019011583421799196,0.30618772460504656,0.9519090168358423,-0.3553364872932434,0.493707537651062,0.009964258410036564,0.6079287703683443,0.0009220308779023956,0.023069425622047744,0.622378036551486,0.00023601230350323021,depth/000182.png,1.0,0.0029385801910178744,0.021552555236019157,-0.9997633980643916,0.6079287703683443,0.0009220308779023956,0.023069425622047744,0.00023601230350323021,0.9999783780252638,0.0001685046713322108,0.006573818383416855,1.874901044984315,0.374980208996863,0.6,0.0,0.012325525283813477,0.0014016725663279495,0.6,0.0,0.012325525283813477,0.0014016725663279495,goal_capture,TERMINAL_SETTLING,NONE,DIRECT_LOCAL,PASS_THROUGH,0,6,0,0,0,0,1,0.6,1.874901044984315,inf,0.0,0,0,0,CLEAR,none,nan,0.0,0.0,0,0,0,0,0.0,0,0,1,1,0.0,0.6,"3.867,16.794;3.826,16.850;3.774,16.923;3.710,17.011;3.635,17.116;3.548,17.238;3.449,17.375;3.339,17.529;3.217,17.699;3.107,17.853;3.010,17.988;2.926,18.105;2.856,18.202;2.801,18.279;2.760,18.335;2.750,18.350",2.7500000000000004,18.35,2.0,2.7500000000000004,18.35,2.0,2.7500000000000004,18.35,2.0,3.6484846208405863,0.0,0.0,0,0,1,0,unmatched_render_rate,unmatched render attempts 1.1% > 1.0%,0,1,PASS_THROUGH,-1,0.9999775508248039,0.00017298060789431213,0.0066983523448653345,0.37901011366204473,0,0.9999783780252638,0.0001685046713322108,0.006573818383416855,1.8749415583043645,0.3749883116608729,0,0,0,BYPASS_VISIBLE,1,0,1,1,1
1787562319701402112,1787562319718160128,joint_v2_000000_07a44bf5,183,176,0.03333333333333333,5.866666666666666,16.757965087890625,frame_id_exact,1,,3.831373929977417,16.843387603759766,1.9879765510559082,-0.00647322709183456,-0.0004610498768197697,0.30619783455098154,0.9519457814814447,-0.35788846015930176,0.49897459149360657,0.008262896910309792,0.6138989672654173,-8.430317799069298e-05,0.016003725197168188,0.6223869854189867,0.00047521264059469104,depth/000183.png,1.0,0.003086387265570741,0.012606667393091039,-0.9999157695280573,0.6138989672654173,-8.430317799069298e-05,0.016003725197168188,0.00047521264059469104,0.9999789721259462,0.0001539225290935204,0.006483179296527689,1.8545216334514807,0.37090432669029616,0.6,0.0,0.012023448944091797,0.00044729732047055215,0.6,0.0,0.012023448944091797,0.00044729732047055215,goal_capture,TERMINAL_SETTLING,NONE,DIRECT_LOCAL,PASS_THROUGH,0,6,0,0,0,0,1,0.6,1.8545216334514807,inf,0.0,0,0,0,CLEAR,none,nan,0.0,0.0,0,0,0,0,0.008819296670447722,0,0,1,1,0.0,0.6,"3.831,16.843;3.790,16.901;3.736,16.976;3.672,17.066;3.595,17.173;3.507,17.296;3.407,17.435;3.295,17.591;3.176,17.756;3.071,17.903;2.979,18.032;2.900,18.141;2.835,18.232;2.784,18.302;2.750,18.350;2.750,18.350",2.7500000000000004,18.35,2.0,2.7500000000000004,18.35,2.0,2.7500000000000004,18.35,2.0,3.6412103989022664,0.0,0.0,0,0,1,0,unmatched_render_rate,unmatched render attempts 1.1% > 1.0%,0,1,PASS_THROUGH,-1,0.9999775508248039,0.00017298060789431213,0.0066983523448653345,0.37901011366204473,0,0.9999789721259462,0.0001539225290935204,0.006483179296527689,1.8545606089486693,0.3709121217897339,0,0,0,BYPASS_VISIBLE,1,0,1,1,1
1787562319745783552,1787562319762484480,joint_v2_000000_07a44bf5,184,177,0.03333333333333333,5.9,16.70098304748535,frame_id_exact,1,,3.819427728652954,16.860071182250977,1.9882358312606812,-0.0008463957976367104,0.001062681011269637,0.30620551244465183,0.9519644628197684,-0.35851627588272095,0.5014650225639343,0.00743427500128746,0.6164339349274626,-0.0010458756590883242,0.008029158524268068,0.6224083975924366,0.0006011069053784013,depth/000184.png,1.0,0.002541611233976834,0.0009606798744182409,-0.9999963086464441,0.6164339349274626,-0.0010458756590883242,0.008029158524268068,0.0006011069053784013,0.9999794173304066,0.0001451214130653807,0.0064143476141953785,1.834002058006158,0.3668004116012316,0.6,0.0,0.011764168739318848,0.0004957595353782818,0.6,0.0,0.011764168739318848,0.0004957595353782818,goal_capture,TERMINAL_SETTLING,NONE,DIRECT_LOCAL,PASS_THROUGH,0,6,0,0,0,0,1,0.6,1.834002058006158,inf,0.0,0,0,0,CLEAR,none,nan,0.0,0.0,0,0,0,0,0.0,0,0,1,1,0.0,0.6,"3.831,16.843;3.790,16.901;3.736,16.976;3.672,17.066;3.595,17.173;3.507,17.296;3.407,17.435;3.295,17.591;3.176,17.756;3.071,17.903;2.979,18.032;2.900,18.141;2.835,18.232;2.784,18.302;2.750,18.350;2.750,18.350",2.7500000000000004,18.35,2.0,2.7500000000000004,18.35,2.0,2.7500000000000004,18.35,2.0,3.6340025581086763,0.0,0.0,0,0,1,0,unmatched_render_rate,unmatched render attempts 1.1% > 1.0%,0,1,PASS_THROUGH,-1,0.9999775508248039,0.00017298060789431213,0.0066983523448653345,0.37901011366204473,0,0.9999794173304066,0.0001451214130653807,0.0064143476141953785,1.8340397881280956,0.36680795762561913,0,0,0,BYPASS_VISIBLE,1,0,1,1,1
1787562319788758528,1787562319805340928,joint_v2_000000_07a44bf5,185,178,0.03333333333333333,5.933333333333334,16.582489013671875,frame_id_exact,1,,3.807495355606079,16.87677764892578,1.9884835481643677,0.004883344874165432,0.0023236244060514145,0.3062041849640797,0.9519504980948029,-0.3570970296859741,0.5006459951400757,0.007571735884994268,0.6149943464568189,-0.0017387166786786371,0.0009812925740211968,0.6224233265341352,0.0006439306307584047,depth/000185.png,1.0,0.0014333495472670845,-0.010720412205496205,-0.9999415074249192,0.6149943464568189,-0.0017387166786786371,0.0009812925740211968,0.0006439306307584047,0.9999798239223198,0.00015664286628524986,0.006350370957569005,1.8134719525906873,0.36269439051813746,0.6,0.0,0.011516451835632324,0.0006596075086995334,0.6,0.0,0.011516451835632324,0.0006596075086995334,goal_capture,TERMINAL_SETTLING,NONE,DIRECT_LOCAL,PASS_THROUGH,0,6,0,0,0,0,1,0.6,1.8134719525906873,inf,0.0,0,0,0,CLEAR,none,nan,0.0,0.0,0,0,0,0,0.0,0,0,1,1,0.0,0.6,"3.831,16.843;3.790,16.901;3.736,16.976;3.672,17.066;3.595,17.173;3.507,17.296;3.407,17.435;3.295,17.591;3.176,17.756;3.071,17.903;2.979,18.032;2.900,18.141;2.835,18.232;2.784,18.302;2.750,18.350;2.750,18.350",2.7500000000000004,18.35,2.0,2.7500000000000004,18.35,2.0,2.7500000000000004,18.35,2.0,3.620103096650908,0.0,0.0,0,0,1,0,unmatched_render_rate,unmatched render attempts 1.1% > 1.0%,0,1,PASS_THROUGH,-1,0.9999775508248039,0.00017298060789431213,0.0066983523448653345,0.37901011366204473,0,0.9999798239223198,0.00015664286628524986,0.006350370957569005,1.8135085198299903,0.36270170396599805,0,0,0,BYPASS_VISIBLE,1,0,1,1,1
1787562319836598528,1787562319854796800,joint_v2_000000_07a44bf5,186,179,0.03333333333333333,5.966666666666667,18.198251724243164,frame_id_exact,1,,3.795640468597412,16.893409729003906,1.9887499809265137,0.00941949511914298,0.0030388451058768816,0.3061970972510262,0.9519166855177866,-0.3539735674858093,0.4967372715473175,0.008521621115505695,0.6100009521487063,-0.0020081473382809393,-0.0035534731291913257,0.6224230248839546,0.0006691186572425067,depth/000186.png,1.0,1.701059587295821e-05,-0.019794120246961085,-0.9998040770642459,0.6100009521487063,-0.0020081473382809393,-0.0035534731291913257,0.0006691186572425067,0.9999802985100301,0.0001949132556743803,0.006274121501365584,1.7930474637134104,0.35860949274268206,0.6,0.0,0.011250019073486328,-0.0010721896148213617,0.6,0.0,0.011250019073486328,-0.0010721896148213617,goal_capture,TERMINAL_SETTLING,NONE,DIRECT_LOCAL,PASS_THROUGH,0,6,0,0,0,0,1,0.6,1.7930474637134102,inf,0.0,0,0,0,CLEAR,none,nan,0.0,0.0,0,0,0,0,0.011167926804660548,0,0,1,1,0.0,0.6,"3.796,16.893;3.754,16.951;3.702,17.025;3.637,17.116;3.561,17.222;3.472,17.345;3.372,17.483;3.261,17.638;3.146,17.798;3.044,17.940;2.955,18.064;2.880,18.169;2.819,18.253;2.773,18.318;2.750,18.350",2.7500000000000004,18.35,2.0,2.7500000000000004,18.35,2.0,2.7500000000000004,18.35,2.0,3.5999827675807374,0.0,0.0,0,0,1,0,unmatched_render_rate,unmatched render attempts 1.1% > 1.0%,0,1,PASS_THROUGH,-1,0.9999775508248039,0.00017298060789431213,0.0066983523448653345,0.37901011366204473,0,0.9999802985100301,0.0001949132556743803,0.006274121501365584,1.7930827560540106,0.3586165512108021,0,0,0,BYPASS_VISIBLE,1,0,1,1,1
1787562319882769408,1787562319898630400,joint_v2_000000_07a44bf5,187,180,0.03333333333333333,6.0,15.861034393310547,frame_id_exact,1,,3.7839081287384033,16.909870147705078,1.9890576601028442,0.011750695889067228,0.0030523808850846526,0.30619309259770183,0.9518920076156278,-0.34987708926200867,0.4906638264656067,0.009965159930288792,0.602693466799379,-0.0018037929171845907,-0.00464801174920154,0.6224135584709111,0.0006141361081972718,depth/000187.png,1.0,-0.0013848898914755985,-0.024240022887430174,-0.99970520823411,0.602693466799379,-0.0018037929171845907,-0.00464801174920154,0.0006141361081972718,0.9999809228257786,0.00024290561063923286,0.006172113201235102,1.7728338924282623,0.35456677848565243,0.6,0.0,0.010942339897155762,-0.0008083812212456021,0.6,0.0,0.010942339897155762,-0.0008083812212456021,goal_capture,TERMINAL_SETTLING,NONE,DIRECT_LOCAL,PASS_THROUGH,0,6,0,0,0,0,1,0.6,1.7728338924282623,inf,0.0,0,0,0,CLEAR,none,nan,0.0,0.0,0,0,0,0,0.0,0,0,1,1,0.0,0.6,"3.796,16.893;3.754,16.951;3.702,17.025;3.637,17.116;3.561,17.222;3.472,17.345;3.372,17.483;3.261,17.638;3.146,17.798;3.044,17.940;2.955,18.064;2.880,18.169;2.819,18.253;2.773,18.318;2.750,18.350",2.7500000000000004,18.35,2.0,2.7500000000000004,18.35,2.0,2.7500000000000004,18.35,2.0,3.5801220594378775,0.0,0.0,0,0,1,0,unmatched_render_rate,unmatched render attempts 1.1% > 1.0%,1,1,PASS_THROUGH,-1,0.9999999704973078,0.00024291023751382346,0.0,0.35456677848565243,0,0.9999809228257786,0.00024290561063923286,0.006172113201235102,1.7728676614301384,0.35457353228602767,0,0,0,BYPASS_VISIBLE,1,0,1,1,1
1787562319933251328,1787562319951506688,joint_v2_000000_07a44bf5,188,181,0.03333333333333333,6.033333333333333,18.255233764648438,frame_id_exact,1,,3.772315502166748,16.926109313964844,1.9894158840179443,0.01137556814094919,0.002368980143470656,0.30619684295593713,0.9518973042016495,-0.3457569479942322,0.4838401675224304,0.011519858613610268,0.5947903155204066,-0.0011830363658892101,-0.0022277623278522275,0.6224058596175532,0.00046832687803544104,depth/000188.png,1.0,-0.0024562744786236533,-0.023107493776175447,-0.9997299687651009,0.5947903155204066,-0.0011830363658892101,-0.0022277623278522275,0.00046832687803544104,0.999981731505112,0.00028114824017047747,0.006038013887449531,1.7528815338602097,0.35057630677204193,0.6,0.0,0.010584115982055664,4.688888926240864e-05,0.6,0.0,0.010584115982055664,4.688888926240864e-05,goal_capture,TERMINAL_SETTLING,NONE,DIRECT_LOCAL,PASS_THROUGH,0,6,0,0,0,0,1,0.6,1.7528815338602097,inf,0.0,0,0,0,CLEAR,none,nan,0.0,0.0,0,0,0,0,0.0,0,0,1,1,0.0,0.6,"3.796,16.893;3.754,16.951;3.702,17.025;3.637,17.116;3.561,17.222;3.472,17.345;3.372,17.483;3.261,17.638;3.146,17.798;3.044,17.940;2.955,18.064;2.880,18.169;2.819,18.253;2.773,18.318;2.750,18.350",2.7500000000000004,18.35,2.0,2.7500000000000004,18.35,2.0,2.7500000000000004,18.35,2.0,3.5605067461994815,0.0,0.0,0,0,1,0,unmatched_render_rate,unmatched render attempts 1.1% > 1.0%,0,1,PASS_THROUGH,-1,0.9999809228257786,0.00024290561063923286,0.006172113201235102,0.35456677848565243,0,0.999981731505112,0.00028114824017047747,0.006038013887449531,1.7529134876710952,0.35058269753421906,0,0,0,BYPASS_VISIBLE,1,0,1,1,1
1787562319978147072,1787562320004474368,joint_v2_000000_07a44bf5,189,182,0.03333333333333333,6.066666666666666,26.32737159729004,frame_id_exact,1,,3.760847568511963,16.9421329498291,1.989822506904602,0.008409336098670067,0.0011509454472185038,0.30620592122320617,0.9519274616265699,-0.3425579071044922,0.47783762216567993,0.012814650312066078,0.5880730687416027,-0.0002938270589271822,0.0029845646039696715,0.6224083279216699,0.0003181529464200139,depth/000189.png,1.0,-0.0029587438578549258,-0.016715008554629755,-0.9998559167819142,0.5880730687416027,-0.0002938270589271822,0.0029845646039696715,0.0003181529464200139,0.9999827155515512,0.0002958381235747948,0.005872059089461712,1.7331769781887416,0.3466353956377483,0.5333333334,0.0,0.01017749309539795,0.00021788597759475614,0.5333333334,0.0,0.01017749309539795,0.00021788597759475614,goal_capture,TERMINAL_SETTLING,NONE,DIRECT_LOCAL,PASS_THROUGH,0,6,0,0,0,0,1,0.5333333334,1.7331769781887416,inf,0.0,0,0,0,CLEAR,none,nan,0.0,0.0,0,0,0,0,0.016950568386621838,0,0,1,1,0.0,0.5,"3.761,16.942;3.691,17.040;3.621,17.137;3.551,17.235;3.481,17.332;3.411,17.430;3.341,17.527;3.271,17.624;3.201,17.722;3.131,17.819;3.061,17.917;2.991,18.014;2.921,18.112;2.851,18.209;2.781,18.307;2.750,18.350",2.7500000000000004,18.35,2.0,2.7500000000000004,18.35,2.0,2.7500000000000004,18.35,2.0,3.5410726273545783,0.0,0.0,0,0,1,0,unmatched_render_rate,unmatched render attempts 1.1% > 1.0%,0,1,PASS_THROUGH,-1,0.9999809228257786,0.00024290561063923286,0.006172113201235102,0.35456677848565243,0,0.9999827155515512,0.0002958381235747948,0.005872059089461712,1.7332068598667514,0.34664137197335027,0,0,0,BYPASS_VISIBLE,1,0,1,1,1
1787562320035765504,1787562320054943744,joint_v2_000000_07a44bf5,190,183,0.03333333333333333,6.1,19.178390502929688,frame_id_exact,1,,3.7494614124298096,16.957988739013672,1.9902527332305908,0.0049263091165523435,0.00012184690556811469,0.30621253025192746,0.9519504204256292,-0.3408752977848053,0.4738471210002899,0.012810396030545235,0.5838129308783373,0.0006618747886594515,0.007293327609009963,0.6224184149717703,0.00019094260642305017,depth/000190.png,1.0,-0.002785010732799004,-0.009453826167811987,-0.9999514332636396,0.5838129308783373,0.0006618747886594515,0.007293327609009963,0.00019094260642305017,0.9999837831613354,0.00028494079899653947,0.005687901465791379,1.713656460802147,0.3427312921604294,0.5,0.0,0.00974726676940918,0.00016914000519840933,0.5,0.0,0.00974726676940918,0.00016914000519840933,goal_capture,TERMINAL_SETTLING,NONE,DIRECT_LOCAL,PASS_THROUGH,0,6,0,0,0,0,1,0.5,1.713656460802147,inf,0.0,0,0,0,CLEAR,none,nan,0.0,0.0,0,0,0,0,0.0,0,0,1,1,0.0,0.5,"3.761,16.942;3.691,17.040;3.621,17.137;3.551,17.235;3.481,17.332;3.411,17.430;3.341,17.527;3.271,17.624;3.201,17.722;3.131,17.819;3.061,17.917;2.991,18.014;2.921,18.112;2.851,18.209;2.781,18.307;2.750,18.350",2.7500000000000004,18.35,2.0,2.7500000000000004,18.35,2.0,2.7500000000000004,18.35,2.0,3.521750354259819,0.0,0.0,0,0,1,0,unmatched_render_rate,unmatched render attempts 1.1% > 1.0%,0,1,PASS_THROUGH,-1,0.9999809228257786,0.00024290561063923286,0.006172113201235102,0.35456677848565243,0,0.9999837831613354,0.00028494079899653947,0.005687901465791379,1.71368418177283,0.34273683635456603,0,0,0,BYPASS_VISIBLE,1,0,1,1,1
1787562320082712576,1787562320099358464,joint_v2_000000_07a44bf5,191,184,0.03333333333333333,6.133333333333334,16.64590835571289,frame_id_exact,1,,3.738117218017578,16.97373390197754,1.9906758069992065,0.006087451901729248,0.0009158723676605909,0.30621634328040265,0.9519420440421408,-0.3396885097026825,0.47081446647644043,0.012649756856262684,0.5806729488151744,0.0014684245952668392,0.005597504760626265,0.6224319131074433,0.00015543295012321323,depth/000191.png,1.0,-0.0019844396949806513,-0.012150712987353898,-0.9999242082143006,0.5806729488151744,0.0014684245952668392,0.005597504760626265,0.00015543295012321323,0.9999848245397185,0.00025265022244908426,0.005503349719378813,1.694250279359213,0.3388500558718426,0.5,0.0,0.009324193000793457,0.00016909269501930169,0.5,0.0,0.009324193000793457,0.00016909269501930169,goal_capture,TERMINAL_SETTLING,NONE,DIRECT_LOCAL,PASS_THROUGH,0,6,0,0,0,0,1,0.5,1.694250279359213,inf,0.0,0,0,0,CLEAR,none,nan,0.0,0.0,0,0,0,0,0.0,0,0,1,1,0.0,0.5,"3.761,16.942;3.691,17.040;3.621,17.137;3.551,17.235;3.481,17.332;3.411,17.430;3.341,17.527;3.271,17.624;3.201,17.722;3.131,17.819;3.061,17.917;2.991,18.014;2.921,18.112;2.851,18.209;2.781,18.307;2.750,18.350",2.7500000000000004,18.35,2.0,2.7500000000000004,18.35,2.0,2.7500000000000004,18.35,2.0,3.5025658033868057,0.0,0.0,0,0,1,0,unmatched_render_rate,unmatched render attempts 1.1% > 1.0%,0,1,PASS_THROUGH,-1,0.9999809228257786,0.00024290561063923286,0.006172113201235102,0.35456677848565243,0,0.9999848245397185,0.00025265022244908426,0.005503349719378813,1.6942759367009517,0.3388551873401903,0,0,0,BYPASS_VISIBLE,1,0,1,1,1
1787562320125767424,1787562320142482432,joint_v2_000000_07a44bf5,192,185,0.03333333333333333,6.166666666666667,16.715049743652344,frame_id_exact,1,,3.726836919784546,16.98935317993164,1.9910969734191895,0.012536687124142935,0.003641249316317568,0.306208538885816,0.9518749410992925,-0.33665239810943604,0.46577829122543335,0.01264575868844986,0.5748346467562352,0.0019371095179088887,-0.0023548753417743425,0.6224604786734436,0.00017353540170006454,depth/000192.png,1.0,-0.0007456533365096133,-0.02609667990148479,-0.9996591455587356,0.5748346467562352,0.0019371095179088887,-0.0023548753417743425,0.00017353540170006454,0.9999858557013321,0.0001920140173773764,0.005315216636399766,1.674983622850176,0.3349967245700352,0.5666666666,0.0,0.008903026580810547,0.0014899868370232827,0.5666666666,0.0,0.008903026580810547,0.0014899868370232827,goal_capture,TERMINAL_SETTLING,NONE,DIRECT_LOCAL,PASS_THROUGH,0,6,0,0,0,0,1,0.5666666666,1.674983622850176,inf,0.0,0,0,0,CLEAR,none,nan,0.0,0.0,0,0,0,0,0.011001748279877025,0,0,1,1,0.0,0.6,"3.727,16.989;3.687,17.044;3.636,17.115;3.573,17.202;3.499,17.306;3.413,17.426;3.316,17.562;3.206,17.714;3.097,17.866;3.002,18.000;2.919,18.114;2.850,18.210;2.796,18.286;2.758,18.339;2.750,18.350",2.7500000000000004,18.35,2.0,2.7500000000000004,18.35,2.0,2.7500000000000004,18.35,2.0,3.483657052531348,0.0,0.0,0,0,1,0,unmatched_render_rate,unmatched render attempts 1.1% > 1.0%,0,1,PASS_THROUGH,-1,0.9999809228257786,0.00024290561063923286,0.006172113201235102,0.35456677848565243,0,0.9999858557013321,0.0001920140173773764,0.005315216636399766,1.6750072837747898,0.33500145675495796,0,0,0,BYPASS_VISIBLE,1,0,1,1,1
1787562320171227648,1787562320188973056,joint_v2_000000_07a44bf5,193,186,0.03333333333333333,6.2,17.745256423950195,frame_id_exact,1,,3.715712547302246,17.004743576049805,1.9915090799331665,0.019620207946413448,0.006651409630678375,0.3061836394082075,0.9517470174099887,-0.3302399516105652,0.4567870795726776,0.012046181596815586,0.5636720510401115,0.001956277255706738,-0.011312119645770531,0.6225145468598823,0.0001965708943316713,depth/000193.png,1.0,0.000646145205183031,-0.041420054403757324,-0.9991416123801288,0.5636720510401115,0.001956277255706738,-0.011312119645770531,0.0001965708943316713,0.9999868501117923,0.00010101726907606092,0.005127318890710953,1.6559938315695089,0.33119876631390177,0.6,0.0,0.008490920066833496,0.0011246810301146493,0.6,0.0,0.008490920066833496,0.0011246810301146493,goal_capture,TERMINAL_SETTLING,NONE,DIRECT_LOCAL,PASS_THROUGH,0,6,0,0,0,0,1,0.6,1.6559938315695089,inf,0.0,0,0,0,CLEAR,none,nan,0.0,0.0,0,0,0,0,0.0,0,0,1,1,0.0,0.6,"3.727,16.989;3.687,17.044;3.636,17.115;3.573,17.202;3.499,17.306;3.413,17.426;3.316,17.562;3.206,17.714;3.097,17.866;3.002,18.000;2.919,18.114;2.850,18.210;2.796,18.286;2.758,18.339;2.750,18.350",2.7500000000000004,18.35,2.0,2.7500000000000004,18.35,2.0,2.7500000000000004,18.35,2.0,3.4651832863693808,0.0,0.0,0,0,1,0,unmatched_render_rate,unmatched render attempts 1.1% > 1.0%,1,1,PASS_THROUGH,-1,0.9999999948976216,0.0001010185969439178,0.0,0.33119876631390177,0,0.9999868501117923,0.00010101726907606092,0.005127318890710953,1.6560155995400057,0.3312031199080011,0,0,0,BYPASS_VISIBLE,1,0,1,1,1
1787562320218653952,1787562320237965824,joint_v2_000000_07a44bf5,194,187,0.03333333333333333,6.233333333333333,19.311904907226562,frame_id_exact,1,,3.7048463821411133,17.01978302001953,1.9919184446334839,0.01995764987625888,0.00740384643583821,0.3061959144747244,0.9517304961113511,-0.3215949833393097,0.4454396665096283,0.012797381728887558,0.549444574249815,0.001532669493587091,-0.010578919604456758,0.6225744555403282,0.00020137384126428515,depth/000194.png,1.0,0.0018710311737702,-0.042522663096000834,-0.9990937505387424,0.549444574249815,0.001532669493587091,-0.010578919604456758,0.00020137384126428515,0.9999878207070898,6.444295730894284e-06,0.004935422571217273,1.6374397171549047,0.3274879434309809,0.6,0.0,0.008081555366516113,0.0002640934823905372,0.6,0.0,0.008081555366516113,0.0002640934823905372,goal_capture,TERMINAL_SETTLING,NONE,DIRECT_LOCAL,PASS_THROUGH,0,6,0,0,0,0,1,0.6,1.6374397171549047,inf,0.0,0,0,0,CLEAR,none,nan,0.0,0.0,0,0,0,0,0.0,0,0,1,1,0.0,0.6,"3.727,16.989;3.687,17.044;3.636,17.115;3.573,17.202;3.499,17.306;3.413,17.426;3.316,17.562;3.206,17.714;3.097,17.866;3.002,18.000;2.919,18.114;2.850,18.210;2.796,18.286;2.758,18.339;2.750,18.350",2.7500000000000004,18.35,2.0,2.7500000000000004,18.35,2.0,2.7500000000000004,18.35,2.0,3.447165779134398,0.0,0.0,0,0,1,0,unmatched_render_rate,unmatched render attempts 1.1% > 1.0%,0,1,PASS_THROUGH,-1,0.9999868501117923,0.00010101726907606092,0.005127318890710953,0.33119876631390177,0,0.9999878207070898,6.444295730894284e-06,0.004935422571217273,1.637459660221734,0.3274919320443468,0,0,0,BYPASS_VISIBLE,1,0,1,1,1
1787562320265971968,1787562320283998464,joint_v2_000000_07a44bf5,195,188,0.03333333333333333,6.266666666666667,18.02659034729004,frame_id_exact,1,,3.6942598819732666,17.034461975097656,1.9923696517944336,0.011661613192886687,0.005147411850831705,0.30626020691194883,0.9518624882782322,-0.3141079246997833,0.43629324436187744,0.01421829592436552,0.5377888049962982,0.0007786441782953567,0.0005816424225143155,0.6226098952969105,0.00021065348119009286,depth/000195.png,1.0,0.0026562803662898765,-0.025353399139232236,-0.9996750218579549,0.5377888049962982,0.0007786441782953567,0.0005816424225143155,0.00021065348119009286,0.9999888972254031,-5.3959248984669324e-05,0.004711954405698017,1.6193415389188686,0.32386830778377373,0.6,0.0,0.007630348205566406,0.00041099246943732126,0.6,0.0,0.007630348205566406,0.00041099246943732126,goal_capture,TERMINAL_SETTLING,NONE,DIRECT_LOCAL,PASS_THROUGH,0,6,0,0,0,0,1,0.6,1.6193415389188688,inf,0.0,0,0,0,CLEAR,none,nan,0.0,0.0,0,0,0,0,0.0030916715556568238,0,0,1,1,0.0,0.6,"3.694,17.034;3.657,17.086;3.608,17.154;3.548,17.238;3.475,17.339;3.392,17.456;3.296,17.589;3.189,17.738;3.082,17.887;2.988,18.018;2.908,18.130;2.841,18.223;2.789,18.295;2.753,18.346;2.750,18.350",2.7500000000000004,18.35,2.0,2.7500000000000004,18.35,2.0,2.7500000000000004,18.35,2.0,3.42942387916735,0.0,0.0,0,0,1,0,unmatched_render_rate,unmatched render attempts 1.1% > 1.0%,0,1,PASS_THROUGH,-1,0.9999868501117923,0.00010101726907606092,0.005127318890710953,0.33119876631390177,0,0.9999888972254031,-5.3959248984669324e-05,0.004711954405698017,1.6193595159450753,0.32387190318901504,0,0,0,BYPASS_VISIBLE,1,0,1,1,1
1787562320312682240,1787562320329439232,joint_v2_000000_07a44bf5,196,189,0.03333333333333333,6.3,16.75701141357422,frame_id_exact,1,,3.6838574409484863,17.04893684387207,1.9928544759750366,-0.002245557126286231,0.0007642321684048715,0.3063080883265861,0.9519294766147846,-0.31098052859306335,0.43350356817245483,0.01464904472231865,0.5334515625211931,-0.00013730294223851275,0.016680494151778438,0.6226209541080906,0.000240298017160967,depth/000196.png,1.0,0.002830654877325418,0.003807043050784947,-0.9999887468447707,0.5334515625211931,-0.00013730294223851275,0.016680494151778438,0.000240298017160967,0.9999900441045249,-7.14839094531587e-05,0.0044616792669676456,1.6015164864116849,0.320303297282337,0.6,0.0,0.007145524024963379,0.00035559122267270205,0.6,0.0,0.007145524024963379,0.00035559122267270205,goal_capture,TERMINAL_SETTLING,NONE,DIRECT_LOCAL,PASS_THROUGH,0,6,0,0,0,0,1,0.6,1.6015164864116849,inf,0.0,0,0,0,CLEAR,none,nan,0.0,0.0,0,0,0,0,0.0,0,0,1,1,0.0,0.6,"3.694,17.034;3.657,17.086;3.608,17.154;3.548,17.238;3.475,17.339;3.392,17.456;3.296,17.589;3.189,17.738;3.082,17.887;2.988,18.018;2.908,18.130;2.841,18.223;2.789,18.295;2.753,18.346;2.750,18.350",2.7500000000000004,18.35,2.0,2.7500000000000004,18.35,2.0,2.7500000000000004,18.35,2.0,3.4116536115273157,0.0,0.0,0,0,1,0,unmatched_render_rate,unmatched render attempts 1.1% > 1.0%,0,1,PASS_THROUGH,-1,0.9999868501117923,0.00010101726907606092,0.005127318890710953,0.33119876631390177,0,0.9999900441045249,-7.14839094531587e-05,0.0044616792669676456,1.6015324270092128,0.3203064854018426,0,0,0,BYPASS_VISIBLE,1,0,1,1,1
1787562320355637760,1787562320373444864,joint_v2_000000_07a44bf5,197,190,0.03333333333333333,6.333333333333333,17.8070068359375,frame_id_exact,1,,3.6734607219696045,17.06345558166504,1.9933239221572876,-0.017554041519392407,-0.004409670477070641,0.3062858754707223,0.9517674994029542,-0.31385910511016846,0.4389997720718384,0.01316976360976696,0.5388269264275887,-0.001025121934170084,0.03265383430528645,0.6226406760391114,0.00026977004017680883,depth/000197.png,1.0,0.00235914786332791,0.036115971967869455,-0.9993448208652382,0.5388269264275887,-0.001025121934170084,0.03265383430528645,0.00026977004017680883,0.9999911113658271,-7.872946575139134e-05,0.004215565325024032,1.583659131685057,0.3167318263370114,0.6,0.0,0.006676077842712402,0.00013714843432044432,0.6,0.0,0.006676077842712402,0.00013714843432044432,goal_capture,TERMINAL_SETTLING,NONE,DIRECT_LOCAL,PASS_THROUGH,0,6,0,0,0,0,1,0.6,1.583659131685057,inf,0.0,0,0,0,CLEAR,none,nan,0.0,0.0,0,0,0,0,0.0,0,0,1,1,0.0,0.6,"3.694,17.034;3.657,17.086;3.608,17.154;3.548,17.238;3.475,17.339;3.392,17.456;3.296,17.589;3.189,17.738;3.082,17.887;2.988,18.018;2.908,18.130;2.841,18.223;2.789,18.295;2.753,18.346;2.750,18.350",2.7500000000000004,18.35,2.0,2.7500000000000004,18.35,2.0,2.7500000000000004,18.35,2.0,3.3935136737784095,0.0,0.0,0,0,1,0,unmatched_render_rate,unmatched render attempts 1.1% > 1.0%,0,1,PASS_THROUGH,-1,0.9999868501117923,0.00010101726907606092,0.005127318890710953,0.33119876631390177,0,0.9999911113658271,-7.872946575139134e-05,0.004215565325024032,1.583673203468705,0.316734640693741,0,0,0,BYPASS_VISIBLE,1,0,1,1,1
1787562320399089920,1787562320415843328,joint_v2_000000_07a44bf5,198,191,0.03333333333333333,6.366666666666666,16.753435134887695,frame_id_exact,1,,3.662867307662964,17.07829475402832,1.9937039613723755,-0.03014399915724574,-0.008991299046611265,0.30621317964498634,0.9514431062696128,-0.3226478397846222,0.4523099660873413,0.009256349876523018,0.5539113962415168,-0.001700093210102076,0.04416886629179085,0.6227011398863408,0.00023847584088798612,depth/000198.png,1.0,0.0013515606696983505,0.0628671089275205,-0.9980209917125248,0.5539113962415168,-0.001700093210102076,0.04416886629179085,0.00023847584088798612,0.9999919061768735,-0.0001091440372833286,0.004021898596689522,1.5654267641865975,0.31308535283731953,0.6,0.0,0.006296038627624512,-0.0009347514295465764,0.6,0.0,0.006296038627624512,-0.0009347514295465764,goal_capture,TERMINAL_SETTLING,NONE,DIRECT_LOCAL,PASS_THROUGH,0,6,0,0,0,0,1,0.6,1.5654267641865975,inf,0.0,0,0,0,CLEAR,none,nan,0.0,0.0,0,0,0,0,0.006253543285600638,0,0,1,1,0.0,0.6,"3.663,17.078;3.625,17.132;3.575,17.201;3.514,17.287;3.440,17.389;3.355,17.507;3.259,17.642;3.150,17.792;3.048,17.935;2.959,18.059;2.883,18.165;2.822,18.250;2.775,18.315;2.750,18.350",2.7500000000000004,18.35,2.0,2.7500000000000004,18.35,2.0,2.7500000000000004,18.35,2.0,3.3747227848889545,0.0,0.0,0,0,1,0,unmatched_render_rate,unmatched render attempts 1.1% > 1.0%,0,1,PASS_THROUGH,-1,0.9999868501117923,0.00010101726907606092,0.005127318890710953,0.33119876631390177,0,0.9999919061768735,-0.0001091440372833286,0.004021898596689522,1.5654394252522588,0.31308788505045176,0,0,0,BYPASS_VISIBLE,1,0,1,1,1
1787562320445343488,1787562320466527488,joint_v2_000000_07a44bf5,199,192,0.03333333333333333,6.4,21.18396759033203,frame_id_exact,1,,3.651902675628662,17.09367561340332,1.993915319442749,-0.03676800337480878,-0.011814114743912713,0.3061641566221134,0.9511950640223686,-0.33572015166282654,0.4709314703941345,0.0031717857345938683,0.5763728656233356,-0.002012078761165401,0.04779959808452651,0.6228008529451289,8.0132856965065e-05,depth/000199.png,1.0,3.9034227447373726e-05,0.07718120360176564,-0.9970170812412954,0.5763728656233356,-0.002012078761165401,0.04779959808452651,8.0132856965065e-05,0.9999922461321804,-0.00016883026180454142,0.003934357871320965,1.5465378755994519,0.3093075751198904,0.6,0.0,0.0060846805572509766,-0.0009392379330852574,0.6,0.0,0.0060846805572509766,-0.0009392379330852574,goal_capture,TERMINAL_SETTLING,NONE,DIRECT_LOCAL,PASS_THROUGH,0,6,0,0,0,0,1,0.6,1.5465378755994519,inf,0.0,0,0,0,CLEAR,none,nan,0.0,0.0,0,0,0,0,0.0,0,0,1,1,0.0,0.6,"3.663,17.078;3.625,17.132;3.575,17.201;3.514,17.287;3.440,17.389;3.355,17.507;3.259,17.642;3.150,17.792;3.048,17.935;2.959,18.059;2.883,18.165;2.822,18.250;2.775,18.315;2.750,18.350",2.7500000000000004,18.35,2.0,2.7500000000000004,18.35,2.0,2.7500000000000004,18.35,2.0,3.355135222451407,0.0,0.0,0,0,1,0,unmatched_render_rate,unmatched render attempts 1.1% > 1.0%,1,1,PASS_THROUGH,-1,0.9999999857479507,-0.00016883156849600533,0.0,0.3093075751198904,0,0.9999922461321804,-0.00016883026180454142,0.003934357871320965,1.5465498453011948,0.30930996906023894,0,0,0,BYPASS_VISIBLE,1,0,1,1,1
1787562320495464960,1787562320513947392,joint_v2_000000_07a44bf5,200,193,0.03333333333333333,6.433333333333334,18.482446670532227,frame_id_exact,1,,3.640467405319214,17.109704971313477,1.9939037561416626,-0.03571722838665992,-0.012169672549212572,0.3061991000047588,0.951219369978711,-0.35042282938957214,0.49108225107192993,-0.003865046426653862,0.6018604825539897,-0.0018804504116825245,0.04163290411772001,0.6229023141443594,-0.00016163915279321373,depth/000200.png,1.0,-0.0012788901368990108,0.07540252453053178,-0.9971523573328402,0.6018604825539897,-0.0018804504116825245,0.04163290411772001,-0.00016163915279321373,0.9999920023684116,-0.00023196001336577568,0.003992667500187774,1.526847719361836,0.3053695438723672,0.6,0.0,0.006096243858337402,-0.0005613655907321657,0.6,0.0,0.006096243858337402,-0.0005613655907321657,goal_capture,TERMINAL_SETTLING,NONE,DIRECT_LOCAL,PASS_THROUGH,0,6,0,0,0,0,1,0.6,1.526847719361836,inf,0.0,0,0,0,CLEAR,none,nan,0.0,0.0,0,0,0,0,0.0,0,0,1,1,0.0,0.6,"3.663,17.078;3.625,17.132;3.575,17.201;3.514,17.287;3.440,17.389;3.355,17.507;3.259,17.642;3.150,17.792;3.048,17.935;2.959,18.059;2.883,18.165;2.822,18.250;2.775,18.315;2.750,18.350",2.7500000000000004,18.35,2.0,2.7500000000000004,18.35,2.0,2.7500000000000004,18.35,2.0,3.3347508405713033,0.0,0.0,0,0,1,0,unmatched_render_rate,unmatched render attempts 1.1% > 1.0%,0,1,PASS_THROUGH,-1,0.9999922461321804,-0.00016883026180454142,0.003934357871320965,0.3093075751198904,0,0.9999920023684116,-0.00023196001336577568,0.003992667500187774,1.5268598895477017,0.30537197790954035,0,0,0,BYPASS_VISIBLE,1,0,1,1,1
1787562320549258752,1787562320565939712,joint_v2_000000_07a44bf5,201,194,0.03333333333333333,6.466666666666667,16.68095588684082,frame_id_exact,1,,3.628556728363037,17.126379013061523,1.993666648864746,-0.027157672488233118,-0.009953448326815911,0.3063095246378498,0.9514924407516655,-0.36372441053390503,0.5086154341697693,-0.010057298466563225,0.62482325145193,-0.0013258791919934872,0.026084524833542712,0.62296354131783,-0.0003625124227255583,depth/000201.png,1.0,-0.002303954184473111,0.057778312212915336,-0.9983267793828545,0.62482325145193,-0.0013258791919934872,0.026084524833542712,-0.0003625124227255583,0.9999911275988446,-0.00026060498422432834,0.004204379696605954,1.5063566127010755,0.3012713225402151,0.6,0.0,0.006333351135253906,-0.0012941608416361383,0.6,0.0,0.006333351135253906,-0.0012941608416361383,goal_capture,TERMINAL_SETTLING,NONE,DIRECT_LOCAL,PASS_THROUGH,0,6,0,0,0,0,1,0.6,1.5063566127010755,inf,0.0,0,0,0,CLEAR,none,nan,0.0,0.0,0,0,0,0,0.014931697858103787,0,0,1,1,0.0,0.6,"3.629,17.126;3.586,17.185;3.533,17.261;3.467,17.352;3.390,17.460;3.301,17.584;3.200,17.724;3.091,17.874;2.996,18.007;2.915,18.121;2.847,18.215;2.794,18.289;2.756,18.342;2.750,18.350",2.7500000000000004,18.35,2.0,2.7500000000000004,18.35,2.0,2.7500000000000004,18.35,2.0,3.313751419387084,0.0,0.0,0,0,1,0,unmatched_render_rate,unmatched render attempts 1.1% > 1.0%,0,1,PASS_THROUGH,-1,0.9999922461321804,-0.00016883026180454142,0.003934357871320965,0.3093075751198904,0,0.9999911275988446,-0.00026060498422432834,0.004204379696605954,1.506369926666375,0.301273985333275,0,0,0,BYPASS_VISIBLE,1,0,1,1,1
1787562320595653120,1787562320611250688,joint_v2_000000_07a44bf5,202,195,0.03333333333333333,6.5,15.59758186340332,frame_id_exact,1,,3.6162657737731934,17.143539428710938,1.9932612180709839,-0.013023158884056541,-0.00566776190443154,0.30642395366958897,0.9517891754087,-0.3728657364845276,0.5199066400527954,-0.013777046464383602,0.6399240351087048,-0.00047980522841251257,0.0043102089919081765,0.6229726045086934,-0.0004981615929864347,depth/000202.png,1.0,-0.002807813189823802,0.028264079333372907,-0.9995965476153506,0.6399240351087048,-0.00047980522841251257,0.0043102089919081765,-0.0004981615929864347,0.999989675290476,-0.0002531620793941502,0.004537093938829768,1.4852486326827583,0.29704972653655165,0.6,0.0,0.006738781929016113,-0.0012343800123026938,0.6,0.0,0.006738781929016113,-0.0012343800123026938,goal_capture,TERMINAL_SETTLING,NONE,DIRECT_LOCAL,PASS_THROUGH,0,6,0,0,0,0,1,0.6,1.4852486326827583,inf,0.0,0,0,0,CLEAR,none,nan,0.0,0.0,0,0,0,0,0.0,0,0,1,1,0.0,0.6,"3.629,17.126;3.586,17.185;3.533,17.261;3.467,17.352;3.390,17.460;3.301,17.584;3.200,17.724;3.091,17.874;2.996,18.007;2.915,18.121;2.847,18.215;2.794,18.289;2.756,18.342;2.750,18.350",2.7500000000000004,18.35,2.0,2.7500000000000004,18.35,2.0,2.7500000000000004,18.35,2.0,3.2924374641074623,0.0,0.0,0,0,1,0,unmatched_render_rate,unmatched render attempts 1.1% > 1.0%,0,1,PASS_THROUGH,-1,0.9999922461321804,-0.00016883026180454142,0.003934357871320965,0.3093075751198904,0,0.999989675290476,-0.0002531620793941502,0.004537093938829768,1.4852639200047546,0.2970527840009509,0,0,0,BYPASS_VISIBLE,1,0,1,1,1
1787562320641042688,1787562320657776128,joint_v2_000000_07a44bf5,203,196,0.03333333333333333,6.533333333333333,16.733407974243164,frame_id_exact,1,,3.6037676334381104,17.160938262939453,1.992785930633545,0.0034900748285067833,-0.0002854292107286668,0.30646746058751717,0.951874694226554,-0.3759446144104004,0.5226244926452637,-0.01425530482083559,0.6436881834459265,0.0004460743938534049,-0.01841875788855627,0.6229546509734236,-0.0005955409724265337,depth/000203.png,1.0,-0.0026825744252771296,-0.006469278289646347,-0.9999754758157142,0.6436881834459265,0.0004460743938534049,-0.01841875788855627,-0.0005955409724265337,0.9999878281350034,-0.00023819744688730683,0.0049281684036803445,1.4638261462509679,0.29276522925019355,0.6,0.0,0.007214069366455078,-0.0008370147317893206,0.6,0.0,0.007214069366455078,-0.0008370147317893206,goal_capture,TERMINAL_SETTLING,NONE,DIRECT_LOCAL,PASS_THROUGH,0,6,0,0,0,0,1,0.6,1.4638261462509676,inf,0.0,0,0,0,CLEAR,none,nan,0.0,0.0,0,0,0,0,0.0,0,0,1,1,0.0,0.6,"3.629,17.126;3.586,17.185;3.533,17.261;3.467,17.352;3.390,17.460;3.301,17.584;3.200,17.724;3.091,17.874;2.996,18.007;2.915,18.121;2.847,18.215;2.794,18.289;2.756,18.342;2.750,18.350",2.7500000000000004,18.35,2.0,2.7500000000000004,18.35,2.0,2.7500000000000004,18.35,2.0,3.271174659029112,0.0,0.0,0,0,1,0,unmatched_render_rate,unmatched render attempts 1.1% > 1.0%,0,1,PASS_THROUGH,-1,0.9999922461321804,-0.00016883026180454142,0.003934357871320965,0.3093075751198904,0,0.9999878281350034,-0.00023819744688730683,0.0049281684036803445,1.4638439224332571,0.29276878448665145,0,0,0,BYPASS_VISIBLE,1,0,1,1,1
1787562320683966720,1787562320699562496,joint_v2_000000_07a44bf5,204,197,0.03333333333333333,6.566666666666666,15.59591293334961,frame_id_exact,1,,3.591277837753296,17.17827796936035,1.9923458099365234,0.018683033639118708,0.004983614537215263,0.3064245012646291,0.951698551467274,-0.37237271666526794,0.5163012742996216,-0.011803199537098408,0.6356439461981005,0.0012212274994580477,-0.03637366828488023,0.6229515774114078,-0.0006753591587767005,depth/000204.png,1.0,-0.001964081057676448,-0.03861543530084994,-0.999252215680368,0.6356439461981005,0.0012212274994580477,-0.03637366828488023,-0.0006753591587767005,0.9999858884524024,-0.00025740963726104146,0.005306282723122649,1.4424565564969936,0.2884913112993987,0.6,0.0,0.0076541900634765625,-0.00042934396214056036,0.6,0.0,0.0076541900634765625,-0.00042934396214056036,goal_capture,TERMINAL_SETTLING,NONE,DIRECT_LOCAL,PASS_THROUGH,0,6,0,0,0,0,1,0.6,1.4424565564969936,inf,0.0,0,0,0,CLEAR,none,nan,0.0,0.0,0,0,0,0,0.014748693622179034,0,0,1,1,0.0,0.6,"3.591,17.178;3.548,17.238;3.493,17.314;3.429,17.403;3.365,17.493;3.301,17.582;3.237,17.672;3.173,17.761;3.109,17.850;3.045,17.940;2.980,18.029;2.916,18.118;2.852,18.208;2.797,18.284;2.758,18.338;2.750,18.350",2.7500000000000004,18.35,2.0,2.7500000000000004,18.35,2.0,2.7500000000000004,18.35,2.0,3.2503125910922672,0.0,0.0,0,0,1,0,unmatched_render_rate,unmatched render attempts 1.1% > 1.0%,0,1,PASS_THROUGH,-1,0.9999922461321804,-0.00016883026180454142,0.003934357871320965,0.3093075751198904,0,0.9999858884524024,-0.00025740963726104146,0.005306282723122649,1.442476864288191,0.2884953728576382,0,0,0,BYPASS_VISIBLE,1,0,1,1,1
1787562320727448832,1787562320743049984,joint_v2_000000_07a44bf5,205,198,0.03333333333333333,6.6,15.601158142089844,frame_id_exact,1,,3.579007148742676,17.19527816772461,1.9920220375061035,0.02919812981586756,0.008969407874324316,0.3063493626547959,0.951428971042316,-0.36307665705680847,0.5025323033332825,-0.007460528519004583,0.6183561905108939,0.001665877955978353,-0.045297690738882075,0.6229865998387821,-0.0007566731655970216,depth/000205.png,1.0,-0.0008221479101515779,-0.06105543798552201,-0.9981340378752795,0.6183561905108939,0.001665877955978353,-0.045297690738882075,-0.0007566731655970216,0.9999841966227321,-0.00032946966113869315,0.005612303852381042,1.4214905425643531,0.28429810851287063,0.6,0.0,0.007977962493896484,-0.0007364666009346266,0.6,0.0,0.007977962493896484,-0.0007364666009346266,goal_capture,TERMINAL_SETTLING,NONE,DIRECT_LOCAL,PASS_THROUGH,0,6,0,0,0,0,1,0.6,1.4214905425643531,inf,0.0,0,0,0,CLEAR,none,nan,0.0,0.0,0,0,0,0,0.0,0,0,1,1,0.0,0.6,"3.591,17.178;3.548,17.238;3.493,17.314;3.429,17.403;3.365,17.493;3.301,17.582;3.237,17.672;3.173,17.761;3.109,17.850;3.045,17.940;2.980,18.029;2.916,18.118;2.852,18.208;2.797,18.284;2.758,18.338;2.750,18.350",2.7500000000000004,18.35,2.0,2.7500000000000004,18.35,2.0,2.7500000000000004,18.35,2.0,3.230104463053257,0.0,0.0,0,0,1,0,unmatched_render_rate,unmatched render attempts 1.1% > 1.0%,1,1,PASS_THROUGH,-1,0.9999999457231601,-0.0003294748500715024,0.0,0.28429810851287063,0,0.9999841966227321,-0.00032946966113869315,0.005612303852381042,1.4215129301154643,0.2843025860230929,0,0,0,BYPASS_VISIBLE,1,0,1,1,1
1787562320772661504,1787562320790782720,joint_v2_000000_07a44bf5,206,199,0.03333333333333333,6.633333333333334,18.12124252319336,frame_id_exact,1,,3.5671114921569824,17.21173858642578,1.991857647895813,0.03277411203230707,0.01080575155439646,0.3063183272258778,0.9513034088656356,-0.35031455755233765,0.48464441299438477,-0.0023954405914992094,0.5964051366617651,0.0016952712855869885,-0.04363798155413286,0.6230462067768341,-0.000858892744872719,depth/000206.png,1.0,0.00048047423000535314,-0.06897624847887822,-0.9976181866276769,0.5964051366617651,0.0016952712855869885,-0.04363798155413286,-0.000858892744872719,0.9999830218409846,-0.00043444602404158893,0.0058109626074329315,1.401181728487419,0.2802363456974838,0.6,0.0,0.008142352104187012,-0.0013555886469718281,0.6,0.0,0.008142352104187012,-0.0013555886469718281,goal_capture,TERMINAL_SETTLING,NONE,DIRECT_LOCAL,PASS_THROUGH,0,6,0,0,0,0,1,0.6,1.401181728487419,inf,0.0,0,0,0,CLEAR,none,nan,0.0,0.0,0,0,0,0,0.0,0,0,1,1,0.0,0.6,"3.591,17.178;3.548,17.238;3.493,17.314;3.429,17.403;3.365,17.493;3.301,17.582;3.237,17.672;3.173,17.761;3.109,17.850;3.045,17.940;2.980,18.029;2.916,18.118;2.852,18.208;2.797,18.284;2.758,18.338;2.750,18.350",2.7500000000000004,18.35,2.0,2.7500000000000004,18.35,2.0,2.7500000000000004,18.35,2.0,3.210644402883107,0.0,0.0,0,0,1,0,unmatched_render_rate,unmatched render attempts 1.1% > 1.0%,0,1,PASS_THROUGH,-1,0.9999841966227321,-0.00032946966113869315,0.005612303852381042,0.28429810851287063,0,0.9999830218409846,-0.00043444602404158893,0.0058109626074329315,1.4012053861389415,0.2802410772277883,0,0,0,BYPASS_VISIBLE,1,0,1,1,1
1787562320825632512,1787562320841479168,joint_v2_000000_07a44bf5,207,200,0.03333333333333333,6.666666666666667,15.846490859985352,frame_id_exact,1,,3.5556576251983643,17.22759246826172,1.9918605089187622,0.028740238859908025,0.010121457846312831,0.3063648394213248,0.9514263712593249,-0.3371243476867676,0.46688181161880493,0.002480852883309126,0.5749553681415344,0.0013263834013422964,-0.03259097738668889,0.6230930638377008,-0.000984138692729175,depth/000207.png,1.0,0.0016496464946507972,-0.06089015995080774,-0.9981431095226815,0.5749553681415344,0.0013263834013422964,-0.03259097738668889,-0.000984138692729175,0.9999825096148995,-0.0005242299374517622,0.005891149909811734,1.3816232758400866,0.2763246551680173,0.6,0.0,0.008139491081237793,-0.000830703867863436,0.6,0.0,0.008139491081237793,-0.000830703867863436,goal_capture,TERMINAL_SETTLING,NONE,DIRECT_LOCAL,PASS_THROUGH,0,6,0,0,0,0,1,0.6,1.3816232758400864,inf,0.0,0,0,0,CLEAR,none,nan,0.0,0.0,0,0,0,0,0.03003668551201186,0,0,1,1,0.0,0.6,"3.556,17.228;3.516,17.282;3.465,17.353;3.402,17.441;3.328,17.544;3.242,17.664;3.144,17.801;3.043,17.942;2.954,18.066;2.879,18.170;2.819,18.255;2.773,18.318;2.750,18.350",2.7500000000000004,18.35,2.0,2.7500000000000004,18.35,2.0,2.7500000000000004,18.35,2.0,3.1918524777897126,0.0,0.0,0,0,1,0,unmatched_render_rate,unmatched render attempts 1.1% > 1.0%,0,1,PASS_THROUGH,-1,0.9999841966227321,-0.00032946966113869315,0.005612303852381042,0.28429810851287063,0,0.9999825096148995,-0.0005242299374517622,0.005891149909811734,1.3816472515291858,0.27632945030583717,0,0,0,BYPASS_VISIBLE,1,0,1,1,1
1787562320872502784,1787562320889339392,joint_v2_000000_07a44bf5,208,201,0.03333333333333333,6.7,16.83664321899414,frame_id_exact,1,,3.544606924057007,17.24291229248047,1.9920130968093872,0.0181327782194857,0.0071133855541823466,0.30645339737430216,0.9516863544980293,-0.3265792727470398,0.45336994528770447,0.0064996713772416115,0.5585770104068658,0.000656069898418038,-0.015227193549377753,0.6230991786983193,-0.0010606765281409025,depth/000208.png,1.0,0.002425720954005197,-0.03887327754107215,-0.999241204200001,0.5585770104068658,0.000656069898418038,-0.015227193549377753,-0.0010606765281409025,0.9999826668240187,-0.0005626670892835378,0.005860841003686953,1.3627337802741193,0.27254675605482387,0.6,0.0,0.007986903190612793,-0.001019888876552244,0.6,0.0,0.007986903190612793,-0.001019888876552244,goal_capture,TERMINAL_SETTLING,NONE,DIRECT_LOCAL,PASS_THROUGH,0,6,0,0,0,0,1,0.6,1.3627337802741193,inf,0.0,0,0,0,CLEAR,none,nan,0.0,0.0,0,0,0,0,0.0,0,0,1,1,0.0,0.6,"3.556,17.228;3.516,17.282;3.465,17.353;3.402,17.441;3.328,17.544;3.242,17.664;3.144,17.801;3.043,17.942;2.954,18.066;2.879,18.170;2.819,18.255;2.773,18.318;2.750,18.350",2.7500000000000004,18.35,2.0,2.7500000000000004,18.35,2.0,2.7500000000000004,18.35,2.0,3.1734926332804565,0.0,0.0,0,0,1,0,unmatched_render_rate,unmatched render attempts 1.1% > 1.0%,0,1,PASS_THROUGH,-1,0.9999841966227321,-0.00032946966113869315,0.005612303852381042,0.28429810851287063,0,0.9999826668240187,-0.0005626670892835378,0.005860841003686953,1.3627571854599658,0.27255143709199314,0,0,0,BYPASS_VISIBLE,1,0,1,1,1
1787562320919212032,1787562320935718144,joint_v2_000000_07a44bf5,209,202,0.03333333333333333,6.733333333333333,16.505956649780273,frame_id_exact,1,,3.5338294506073,17.257898330688477,1.9922764301300049,0.003428730709636748,0.00249052636714405,0.3065124663364772,0.951857210438869,-0.32106950879096985,0.4471561908721924,0.009023141115903854,0.5505402912892837,-0.00016828089116643793,0.004589655199805948,0.6230703548277412,-0.0010639068204909563,depth/000209.png,1.0,0.0026393535482796123,-0.008054078855780536,-0.9999640821682707,0.5505402912892837,-0.00016828089116643793,0.004589655199805948,-0.0010639068204909563,0.9999833453989802,-0.0005467260033426316,0.0057454343039450686,1.344274772415357,0.2688549544830714,0.6,0.0,0.007723569869995117,-0.0013962670815115263,0.6,0.0,0.007723569869995117,-0.0013962670815115263,goal_capture,TERMINAL_SETTLING,NONE,DIRECT_LOCAL,PASS_THROUGH,0,6,0,0,0,0,1,0.6,1.344274772415357,inf,0.0,0,0,0,CLEAR,none,nan,0.0,0.0,0,0,0,0,0.0,0,0,1,1,0.0,0.6,"3.556,17.228;3.516,17.282;3.465,17.353;3.402,17.441;3.328,17.544;3.242,17.664;3.144,17.801;3.043,17.942;2.954,18.066;2.879,18.170;2.819,18.255;2.773,18.318;2.750,18.350",2.7500000000000004,18.35,2.0,2.7500000000000004,18.35,2.0,2.7500000000000004,18.35,2.0,3.155235915700637,0.0,0.0,0,0,1,0,unmatched_render_rate,unmatched render attempts 1.1% > 1.0%,0,1,PASS_THROUGH,-1,0.9999841966227321,-0.00032946966113869315,0.005612303852381042,0.28429810851287063,0,0.9999833453989802,-0.0005467260033426316,0.0057454343039450686,1.3442969602301036,0.2688593920460207,0,0,0,BYPASS_VISIBLE,1,0,1,1,1
1787562320961516800,1787562320978042112,joint_v2_000000_07a44bf5,210,203,0.03333333333333333,6.766666666666667,16.5252685546875,frame_id_exact,1,,3.523132562637329,17.27281951904297,1.9925895929336548,-0.012014731601163339,-0.0026885455245480435,0.3064957050588758,0.9517924147249636,-0.32177576422691345,0.44954484701156616,0.009391073137521744,0.552440906126562,-0.0009745158591538623,0.02294558192864367,0.6230399870635326,-0.0010601418325677514,depth/000210.png,1.0,0.0022470527925682734,0.02451911611814564,-0.9996968358950289,0.552440906126562,-0.0009745158591538623,0.02294558192864367,-0.0010601418325677514,0.9999842530604546,-0.0005087416712247493,0.005588811415368155,1.3259154377127476,0.2651830875425495,0.5333333334,0.0,0.007410407066345215,-0.0011851775156479505,0.5333333334,0.0,0.007410407066345215,-0.0011851775156479505,goal_capture,TERMINAL_SETTLING,NONE,DIRECT_LOCAL,PASS_THROUGH,0,6,0,0,0,0,1,0.5333333334,1.3259154377127476,inf,0.0,0,0,0,CLEAR,none,nan,0.0,0.0,0,0,0,0,0.029149207119595687,0,0,1,1,0.0,0.5,"3.523,17.273;3.453,17.370;3.383,17.468;3.313,17.565;3.243,17.663;3.173,17.760;3.103,17.858;3.033,17.955;2.963,18.053;2.893,18.150;2.823,18.248;2.753,18.345;2.750,18.350",2.7500000000000004,18.35,2.0,2.7500000000000004,18.35,2.0,2.7500000000000004,18.35,2.0,3.1367353955731025,0.0,0.0,0,0,1,0,unmatched_render_rate,unmatched render attempts 1.1% > 1.0%,0,1,PASS_THROUGH,-1,0.9999841966227321,-0.00032946966113869315,0.005612303852381042,0.28429810851287063,0,0.9999842530604546,-0.0005087416712247493,0.005588811415368155,1.3259361455582528,0.26518722911165055,0,0,0,BYPASS_VISIBLE,1,0,1,1,1
1787562321005554176,1787562321021124096,joint_v2_000000_07a44bf5,211,204,0.03333333333333333,6.8,15.569925308227539,frame_id_exact,1,,3.5123114585876465,17.2879581451416,1.9928580522537231,-0.023320553136785417,-0.0068038765955921125,0.30643050858874027,0.9515829982038941,-0.32828831672668457,0.4596429467201233,0.006202618591487408,0.56387087957581,-0.0015902372636488608,0.03362189997661119,0.6230391733193653,-0.001122570363804698,depth/000211.png,1.0,0.0013433513360661016,0.048552714478475624,-0.9988197181293327,0.56387087957581,-0.0015902372636488608,0.03362189997661119,-0.001122570363804698,0.9999849622604561,-0.0004803047799889341,0.0054630175061591395,1.3073070264345308,0.26146140528690615,0.5,0.0,0.0071419477462768555,-0.001025081515837467,0.5,0.0,0.0071419477462768555,-0.001025081515837467,goal_capture,TERMINAL_SETTLING,NONE,DIRECT_LOCAL,PASS_THROUGH,0,6,0,0,0,0,1,0.5,1.3073070264345308,inf,0.0,0,0,0,CLEAR,none,nan,0.0,0.0,0,0,0,0,0.0,0,0,1,1,0.0,0.5,"3.523,17.273;3.453,17.370;3.383,17.468;3.313,17.565;3.243,17.663;3.173,17.760;3.103,17.858;3.033,17.955;2.963,18.053;2.893,18.150;2.823,18.248;2.753,18.345;2.750,18.350",2.7500000000000004,18.35,2.0,2.7500000000000004,18.35,2.0,2.7500000000000004,18.35,2.0,3.1177468137300868,0.0,0.0,0,0,1,0,unmatched_render_rate,unmatched render attempts 1.1% > 1.0%,1,1,PASS_THROUGH,-1,0.99999988465021,-0.00048031194739191804,0.0,0.26146140528690615,0,0.9999849622604561,-0.0004803047799889341,0.0054630175061591395,1.30732653487287,0.261465306974574,0,0,0,BYPASS_VISIBLE,1,0,1,1,1
1787562321049703424,1787562321065404416,joint_v2_000000_07a44bf5,212,205,0.03333333333333333,6.833333333333333,15.701055526733398,frame_id_exact,1,,3.5012128353118896,17.303504943847656,1.9929900169372559,-0.02366753383800278,-0.007544862842616437,0.3064227844612455,0.951571332086949,-0.3377363383769989,0.47323518991470337,0.0017610186478123069,0.580584619693198,-0.0018691235585927683,0.03063472169635958,0.6230606313550173,-0.0012971981195732951,depth/000212.png,1.0,0.00014559286881942433,0.04966652916410792,-0.9987658457734262,0.580584619693198,-0.0018691235585927683,0.03063472169635958,-0.0012971981195732951,0.9999850870059981,-0.0004635818239362081,0.005441585936014246,1.288205195800975,0.257641039160195,0.5,0.0,0.007009983062744141,-0.0008739227639820157,0.5,0.0,0.007009983062744141,-0.0008739227639820157,goal_capture,TERMINAL_SETTLING,NONE,DIRECT_LOCAL,PASS_THROUGH,0,6,0,0,0,0,1,0.5,1.2882051958009748,inf,0.0,0,0,0,CLEAR,none,nan,0.0,0.0,0,0,0,0,0.0,0,0,1,1,0.0,0.5,"3.523,17.273;3.453,17.370;3.383,17.468;3.313,17.565;3.243,17.663;3.173,17.760;3.103,17.858;3.033,17.955;2.963,18.053;2.893,18.150;2.823,18.248;2.753,18.345;2.750,18.350",2.7500000000000004,18.35,2.0,2.7500000000000004,18.35,2.0,2.7500000000000004,18.35,2.0,3.098247478372766,0.0,0.0,0,0,1,0,unmatched_render_rate,unmatched render attempts 1.1% > 1.0%,0,1,PASS_THROUGH,-1,0.9999849622604561,-0.0004803047799889341,0.0054630175061591395,0.26146140528690615,0,0.9999850870059981,-0.0004635818239362081,0.005441585936014246,1.2882242686547896,0.2576448537309579,0,0,0,BYPASS_VISIBLE,1,0,1,1,1
1787562321092133120,1787562321111996416,joint_v2_000000_07a44bf5,213,206,0.03333333333333333,6.866666666666666,19.863367080688477,frame_id_exact,1,,3.4898152351379395,17.31947135925293,1.9929800033569336,-0.012208866637545413,-0.004492624060933372,0.3064840483890933,0.9517868921074222,-0.34547871351242065,0.4837735891342163,-0.0021766757126897573,0.5943214177141016,-0.001730084324441642,0.013274946541798758,0.62306262048823,-0.0014751459239050746,depth/000213.png,1.0,-0.0010683956380906894,0.025994313686376898,-0.9996615198089475,0.5943214177141016,-0.001730084324441642,0.013274946541798758,-0.0014751459239050746,0.999984599163212,-0.0004247905853908553,0.005533623527944995,1.26858813708083,0.253717627416166,0.5666666666,0.0,0.007019996643066406,-0.0011986462196600378,0.5666666666,0.0,0.007019996643066406,-0.0011986462196600378,goal_capture,TERMINAL_SETTLING,NONE,DIRECT_LOCAL,PASS_THROUGH,0,6,0,0,0,0,1,0.5666666666,1.26858813708083,inf,0.0,0,0,0,CLEAR,none,nan,0.0,0.0,0,0,0,0,0.024339081098017894,0,0,1,1,0.0,0.6,"3.490,17.319;3.449,17.376;3.397,17.449;3.334,17.538;3.258,17.643;3.171,17.764;3.072,17.902;2.979,18.030;2.900,18.140;2.835,18.231;2.785,18.301;2.751,18.349;2.750,18.350",2.7500000000000004,18.35,2.0,2.7500000000000004,18.35,2.0,2.7500000000000004,18.35,2.0,3.0784724268942596,0.0,0.0,0,0,1,0,unmatched_render_rate,unmatched render attempts 1.1% > 1.0%,0,1,PASS_THROUGH,-1,0.9999849622604561,-0.0004803047799889341,0.0054630175061591395,0.26146140528690615,0,0.999984599163212,-0.0004247905853908553,0.005533623527944995,1.2686075602388154,0.25372151204776305,0,0,0,BYPASS_VISIBLE,1,0,1,1,1
1787562321143946240,1787562321160617984,joint_v2_000000_07a44bf5,214,207,0.03333333333333333,6.9,16.67189598083496,frame_id_exact,1,,3.4782450199127197,17.335655212402344,1.992847204208374,0.005200366911376396,0.0006101893647211975,0.30649741366882466,0.9518570897289401,-0.3476414382457733,0.48592761158943176,-0.005577846430242062,0.5973881235164825,-0.001196668476029668,-0.01171851216721678,0.623020734380763,-0.0015436928952112794,depth/000214.png,1.0,-0.002026171871157459,-0.010274055151841367,-0.9999451677058525,0.5973881235164825,-0.001196668476029668,-0.01171851216721678,-0.0015436928952112794,0.999983532332347,-0.00035157914172025844,0.005728128510159031,1.248693780377805,0.249738756075561,0.6,0.0,0.0071527957916259766,-0.0009300414644564103,0.6,0.0,0.0071527957916259766,-0.0009300414644564103,goal_capture,TERMINAL_SETTLING,NONE,DIRECT_LOCAL,PASS_THROUGH,0,6,0,0,0,0,1,0.6,1.248693780377805,inf,0.0,0,0,0,CLEAR,none,nan,0.0,0.0,0,0,0,0,0.0,0,0,1,1,0.0,0.6,"3.490,17.319;3.449,17.376;3.397,17.449;3.334,17.538;3.258,17.643;3.171,17.764;3.072,17.902;2.979,18.030;2.900,18.140;2.835,18.231;2.785,18.301;2.751,18.349;2.750,18.350",2.7500000000000004,18.35,2.0,2.7500000000000004,18.35,2.0,2.7500000000000004,18.35,2.0,3.0587821891280216,0.0,0.0,0,0,1,0,unmatched_render_rate,unmatched render attempts 1.1% > 1.0%,0,1,PASS_THROUGH,-1,0.9999849622604561,-0.0004803047799889341,0.0054630175061591395,0.26146140528690615,0,0.999983532332347,-0.00035157914172025844,0.005728128510159031,1.248714266612603,0.2497428533225206,0,0,0,BYPASS_VISIBLE,1,0,1,1,1
1787562321187337216,1787562321209703936,joint_v2_000000_07a44bf5,215,208,0.03333333333333333,6.933333333333334,22.366762161254883,frame_id_exact,1,,3.466710329055786,17.35175895690918,1.9926549196243286,0.01873675271517647,0.0047107760215399155,0.30643276430014715,0.951696224459431,-0.3435392677783966,0.47892850637435913,-0.0052903080359101295,0.5887572131267813,-0.00040530621556493165,-0.028009102107416927,0.6229581465784526,-0.001528341555967927,depth/000215.png,1.0,-0.0025166543490925137,-0.03855046587188553,-0.9992534853739304,0.5887572131267813,-0.00040530621556493165,-0.028009102107416927,-0.001528341555967927,0.9999821012789022,-0.00027118961619876955,0.005976920446480406,1.228885216725429,0.2457770433450858,0.6,0.0,0.007345080375671387,-0.000496314192215408,0.6,0.0,0.007345080375671387,-0.000496314192215408,goal_capture,TERMINAL_SETTLING,NONE,DIRECT_LOCAL,PASS_THROUGH,0,6,0,0,0,0,1,0.6,1.228885216725429,inf,0.0,0,0,0,CLEAR,none,nan,0.0,0.0,0,0,0,0,0.0,0,0,1,1,0.0,0.6,"3.490,17.319;3.449,17.376;3.397,17.449;3.334,17.538;3.258,17.643;3.171,17.764;3.072,17.902;2.979,18.030;2.900,18.140;2.835,18.231;2.785,18.301;2.751,18.349;2.750,18.350",2.7500000000000004,18.35,2.0,2.7500000000000004,18.35,2.0,2.7500000000000004,18.35,2.0,3.039487913993683,0.0,0.0,0,0,1,0,unmatched_render_rate,unmatched render attempts 1.1% > 1.0%,0,1,PASS_THROUGH,-1,0.9999849622604561,-0.0004803047799889341,0.0054630175061591395,0.26146140528690615,0,0.9999821012789022,-0.00027118961619876955,0.005976920446480406,1.2289071674020091,0.24578143348040182,0,0,0,BYPASS_VISIBLE,1,0,1,1,1
1787562321245627136,1787562321263438848,joint_v2_000000_07a44bf5,216,209,0.03333333333333333,6.966666666666667,17.81177520751953,frame_id_exact,1,,3.45538592338562,17.367521286010742,1.992530345916748,0.023554553612290245,0.006303655459872736,0.3063818938401449,0.9515963335673878,-0.3355720043182373,0.4664067029953003,-0.0019871124532073736,0.5738029891386458,0.0004479669713205136,-0.0299609792589411,0.6229117007587098,-0.0015012588119134307,depth/000216.png,1.0,-0.0024363066412115397,-0.04869150550836689,-0.998810893863938,0.5738029891386458,0.0004479669713205136,-0.0299609792589411,-0.0015012588119134307,0.9999809030368664,-0.00022976505765238823,0.006175821369789556,1.2094766324127855,0.2418953264825571,0.6,0.0,0.007469654083251953,-0.0006216734993613748,0.6,0.0,0.007469654083251953,-0.0006216734993613748,goal_capture,TERMINAL_SETTLING,NONE,DIRECT_LOCAL,PASS_THROUGH,0,6,0,0,0,0,1,0.6,1.2094766324127855,inf,0.0,0,0,0,CLEAR,none,nan,0.0,0.0,0,0,0,0,0.013164819259453918,0,0,1,1,0.0,0.6,"3.455,17.368;3.416,17.422;3.365,17.493;3.302,17.581;3.228,17.684;3.142,17.804;3.044,17.940;2.956,18.064;2.881,18.168;2.820,18.253;2.773,18.317;2.750,18.350",2.7500000000000004,18.35,2.0,2.7500000000000004,18.35,2.0,2.7500000000000004,18.35,2.0,3.020708223054098,0.0,0.0,0,0,1,0,unmatched_render_rate,unmatched render attempts 1.1% > 1.0%,0,1,PASS_THROUGH,-1,0.9999849622604561,-0.0004803047799889341,0.0054630175061591395,0.26146140528690615,0,0.9999809030368664,-0.00022976505765238823,0.006175821369789556,1.209499698257381,0.2418999396514762,0,0,0,BYPASS_VISIBLE,1,0,1,1,1
1787562321299674880,1787562321315549952,joint_v2_000000_07a44bf5,217,210,0.03333333333333333,7.0,15.874862670898438,frame_id_exact,1,,3.444343328475952,17.38284683227539,1.9925284385681152,0.01982822126950161,0.0054331428346260585,0.30638752986195034,0.9516848239545059,-0.32717838883399963,0.45348164439201355,0.0018204974476248026,0.5587898881397255,0.001175118417023536,-0.021144600751783735,0.6228903680125958,-0.0014989204937592149,depth/000217.png,1.0,-0.0018089603084559952,-0.04106972896136973,-0.9991546452004525,0.5587898881397255,0.001175118417023536,-0.021144600751783735,-0.0014989204937592149,0.9999802817823767,-0.00023530024114359473,0.006275402794628585,1.1905872112696376,0.23811744225392753,0.6,0.0,0.007471561431884766,-0.0007074972892107123,0.6,0.0,0.007471561431884766,-0.0007074972892107123,goal_capture,TERMINAL_SETTLING,NONE,DIRECT_LOCAL,PASS_THROUGH,0,6,0,0,0,0,1,0.6,1.1905872112696376,inf,0.0,0,0,0,CLEAR,none,nan,0.0,0.0,0,0,0,0,0.0,0,0,1,1,0.0,0.6,"3.455,17.368;3.416,17.422;3.365,17.493;3.302,17.581;3.228,17.684;3.142,17.804;3.044,17.940;2.956,18.064;2.881,18.168;2.820,18.253;2.773,18.317;2.750,18.350",2.7500000000000004,18.35,2.0,2.7500000000000004,18.35,2.0,2.7500000000000004,18.35,2.0,3.00236832737864,0.0,0.0,0,0,1,0,unmatched_render_rate,unmatched render attempts 1.1% > 1.0%,1,1,PASS_THROUGH,-1,0.9999999723158075,-0.00023530487442220214,0.0,0.23811744225392753,0,0.9999802817823767,-0.00023530024114359473,0.006275402794628585,1.1906106550291926,0.2381221310058385,0,0,0,BYPASS_VISIBLE,1,0,1,1,1
1787562321346200832,1787562321366011392,joint_v2_000000_07a44bf5,218,211,0.03333333333333333,7.033333333333333,19.81043815612793,frame_id_exact,1,,3.4335451126098633,17.397802352905273,1.9926429986953735,0.00958004898753665,0.0026744285728425906,0.30641434425346825,0.9518462689578199,-0.32135042548179626,0.4446002244949341,0.004884912166744471,0.5485621484117924,0.001632589983415107,-0.006018465330853846,0.6228718772770415,-0.0015243811067193747,depth/000218.png,1.0,-0.0007796391395554769,-0.019876434325240406,-0.9998021401864103,0.5485621484117924,0.001632589983415107,-0.006018465330853846,-0.0015243811067193747,0.9999802694276608,-0.00025927494320633285,0.006276426681376166,1.1721408960127473,0.23442817920254946,0.6,0.0,0.007357001304626465,-0.0008410991989360461,0.6,0.0,0.007357001304626465,-0.0008410991989360461,goal_capture,TERMINAL_SETTLING,NONE,DIRECT_LOCAL,PASS_THROUGH,0,6,0,0,0,0,1,0.6,1.1721408960127473,inf,0.0,0,0,0,CLEAR,none,nan,0.0,0.0,0,0,0,0,0.0,0,0,1,1,0.0,0.6,"3.455,17.368;3.416,17.422;3.365,17.493;3.302,17.581;3.228,17.684;3.142,17.804;3.044,17.940;2.956,18.064;2.881,18.168;2.820,18.253;2.773,18.317;2.750,18.350",2.7500000000000004,18.35,2.0,2.7500000000000004,18.35,2.0,2.7500000000000004,18.35,2.0,2.984253386846372,0.0,0.0,0,0,1,0,unmatched_render_rate,unmatched render attempts 1.1% > 1.0%,0,1,PASS_THROUGH,-1,0.9999802817823767,-0.00023530024114359473,0.006275402794628585,0.23811744225392753,0,0.9999802694276608,-0.00025927494320633285,0.006276426681376166,1.1721639840797713,0.23443279681595425,0,0,0,BYPASS_VISIBLE,1,0,1,1,1
1787562321393201152,1787562321410962432,joint_v2_000000_07a44bf5,219,212,0.03333333333333333,7.066666666666666,17.76123046875,frame_id_exact,1,,3.4228694438934326,17.412567138671875,1.9928364753723145,-0.004136079480151633,-0.0011116626589354607,0.3064028905583842,0.951892286821431,-0.32006654143333435,0.4426842927932739,0.006443201098591089,0.546193104032952,0.0017380743581464784,0.011115802973640803,0.6228278287789895,-0.0015442332951352,depth/000219.png,1.0,0.00041824719541922253,0.008555437613720756,-0.9999633141053332,0.546193104032952,0.0017380743581464784,0.011115802973640803,-0.0015442332951352,0.9999806947913842,-0.00026916082444198403,0.006207865735580779,1.1539209929727836,0.23078419859455673,0.5333333334,0.0,0.007163524627685547,-0.000881416773422794,0.5333333334,0.0,0.007163524627685547,-0.000881416773422794,goal_capture,TERMINAL_SETTLING,NONE,DIRECT_LOCAL,PASS_THROUGH,0,6,0,0,0,0,1,0.5333333334,1.1539209929727836,inf,0.0,0,0,0,CLEAR,none,nan,0.0,0.0,0,0,0,0,0.015422076604767382,0,0,1,1,0.0,0.5,"3.423,17.413;3.353,17.510;3.282,17.607;3.213,17.705;3.143,17.802;3.073,17.900;3.003,17.998;2.933,18.095;2.863,18.192;2.793,18.290;2.750,18.350",2.7500000000000004,18.35,2.0,2.7500000000000004,18.35,2.0,2.7500000000000004,18.35,2.0,2.9660605531158035,0.0,0.0,0,0,1,0,unmatched_render_rate,unmatched render attempts 1.1% > 1.0%,0,1,PASS_THROUGH,-1,0.9999802817823767,-0.00023530024114359473,0.006275402794628585,0.23811744225392753,0,0.9999806947913842,-0.00026916082444198403,0.006207865735580779,1.1539432282865507,0.23078864565731014,0,0,0,BYPASS_VISIBLE,1,0,1,1,1
1787562321440486912,1787562321462549248,joint_v2_000000_07a44bf5,220,213,0.03333333333333333,7.1,22.062301635742188,frame_id_exact,1,,3.412149667739868,17.427398681640625,1.9930319786071777,-0.016380060881635638,-0.0044760427408236944,0.30633738875182437,0.9517715392359714,-0.32385390996932983,0.44848522543907166,0.0048036291263997555,0.5527078572484018,0.0014762829456888616,0.023564218995891915,0.6227531946668813,-0.0014743866631761193,depth/000220.png,1.0,0.0015153099779128074,0.033922510006517526,-0.9994233172937924,0.5527078572484018,0.0014762829456888616,0.023564218995891915,-0.0014743866631761193,0.9999811454720805,-0.0002474709675176507,0.006135752477587935,1.1356211406655288,0.22712422813310576,0.5,0.0,0.006968021392822266,-0.0009597894181678779,0.5,0.0,0.006968021392822266,-0.0009597894181678779,goal_capture,TERMINAL_SETTLING,NONE,DIRECT_LOCAL,PASS_THROUGH,0,6,0,0,0,0,1,0.5,1.1356211406655288,inf,0.0,0,0,0,CLEAR,none,nan,0.0,0.0,0,0,0,0,0.0,0,0,1,1,0.0,0.5,"3.423,17.413;3.353,17.510;3.282,17.607;3.213,17.705;3.143,17.802;3.073,17.900;3.003,17.998;2.933,18.095;2.863,18.192;2.793,18.290;2.750,18.350",2.7500000000000004,18.35,2.0,2.7500000000000004,18.35,2.0,2.7500000000000004,18.35,2.0,2.9475302920520545,0.0,0.0,0,0,1,0,unmatched_render_rate,unmatched render attempts 1.1% > 1.0%,0,1,PASS_THROUGH,-1,0.9999802817823767,-0.00023530024114359473,0.006275402794628585,0.23811744225392753,0,0.9999811454720805,-0.0002474709675176507,0.006135752477587935,1.1356425178939926,0.22712850357879852,0,0,0,BYPASS_VISIBLE,1,0,1,1,1
1787562321503165696,1787562321518804224,joint_v2_000000_07a44bf5,221,214,0.03333333333333333,7.133333333333334,15.638589859008789,frame_id_exact,1,,3.4012434482574463,17.44251823425293,1.9931433200836182,-0.01977152019915607,-0.0051717230651131645,0.3062910536709727,0.9517185144309621,-0.3307286500930786,0.4591156840324402,0.001885748002678156,0.565285706510929,0.000900172954853751,0.024969322489532122,0.6226768888155297,-0.0013432300183922052,depth/000221.png,1.0,0.0022676303237971797,0.04080194867778112,-0.9991646805391042,0.565285706510929,0.000900172954853751,0.024969322489532122,-0.0013432300183922052,0.9999811370672603,-0.00021112413632297887,0.006138479963963409,1.1169785960624634,0.22339571921249268,0.5,0.0,0.006856679916381836,-0.0009830445563974166,0.5,0.0,0.006856679916381836,-0.0009830445563974166,goal_capture,TERMINAL_SETTLING,NONE,DIRECT_LOCAL,PASS_THROUGH,0,6,0,0,0,0,1,0.5,1.1169785960624634,inf,0.0,0,0,0,CLEAR,none,nan,0.0,0.0,0,0,0,0,0.0,0,0,1,1,0.0,0.5,"3.423,17.413;3.353,17.510;3.282,17.607;3.213,17.705;3.143,17.802;3.073,17.900;3.003,17.998;2.933,18.095;2.863,18.192;2.793,18.290;2.750,18.350",2.7500000000000004,18.35,2.0,2.7500000000000004,18.35,2.0,2.7500000000000004,18.35,2.0,2.928583375133736,0.0,0.0,0,0,1,0,unmatched_render_rate,unmatched render attempts 1.1% > 1.0%,0,1,PASS_THROUGH,-1,0.9999802817823767,-0.00023530024114359473,0.006275402794628585,0.23811744225392753,0,0.9999811370672603,-0.00021112413632297887,0.006138479963963409,1.116999641056857,0.2233999282113714,0,0,0,BYPASS_VISIBLE,1,0,1,1,1
1787562321551838976,1787562321567876608,joint_v2_000000_07a44bf5,222,215,0.03333333333333333,7.166666666666667,16.037702560424805,frame_id_exact,1,,3.390110492706299,17.457996368408203,1.9931567907333374,-0.01254614335936492,-0.0027173376201535438,0.3062980550519457,0.9518491013991974,-0.3367755711078644,0.46888723969459534,-0.0009815882658585906,0.5771346684541179,0.00013689637111735886,0.01376764637502357,0.6226243782999198,-0.0012581293703988194,depth/000222.png,1.0,0.00251272787486995,0.02554870102121904,-0.9996704207261288,0.5771346684541179,0.00013689637111735886,0.01376764637502357,-0.0012581293703988194,0.9999805601542125,-0.00017730441394478802,0.006232806495657587,1.097912529141396,0.2195825058282792,0.5666666666,0.0,0.006843209266662598,-0.0004430846671998889,0.5666666666,0.0,0.006843209266662598,-0.0004430846671998889,goal_capture,TERMINAL_SETTLING,NONE,DIRECT_LOCAL,PASS_THROUGH,0,6,0,0,0,0,1,0.5666666666,1.097912529141396,inf,0.0,0,0,0,CLEAR,none,nan,0.0,0.0,0,0,0,0,0.010158991990846376,0,0,1,1,0.0,0.6,"3.390,17.458;3.351,17.513;3.299,17.584;3.237,17.672;3.162,17.776;3.076,17.896;2.983,18.025;2.903,18.136;2.838,18.228;2.787,18.299;2.752,18.348;2.750,18.350",2.7500000000000004,18.35,2.0,2.7500000000000004,18.35,2.0,2.7500000000000004,18.35,2.0,2.9093685717563496,0.0,0.0,0,0,1,0,unmatched_render_rate,unmatched render attempts 1.1% > 1.0%,0,1,PASS_THROUGH,-1,0.9999802817823767,-0.00023530024114359473,0.006275402794628585,0.23811744225392753,0,0.9999805601542125,-0.00017730441394478802,0.006232806495657587,1.0979338555481035,0.21958677110962072,0,0,0,BYPASS_VISIBLE,1,0,1,1,1
1787562321597554688,1787562321614788864,joint_v2_000000_07a44bf5,223,216,0.03333333333333333,7.2,17.234086990356445,frame_id_exact,1,,3.3788394927978516,17.473712921142578,1.9930726289749146,0.0005045564326941875,0.001319654229132625,0.3062883408307092,0.9519377375683208,-0.33860817551612854,0.47278109192848206,-0.003952430095523596,0.5815220421009898,-0.0006288694460983857,-0.004979778009471221,0.6225856338678337,-0.0012099272571504116,depth/000223.png,1.0,0.0022033778172552265,-0.0017690020266514159,-0.9999960078710435,0.5815220421009898,-0.0006288694460983857,-0.004979778009471221,-0.0012099272571504116,0.999979366104579,-0.00013302311633349768,0.00642259059375218,1.078572274942544,0.21571445498850877,0.6,0.0,0.006927371025085449,-0.0003205024252939115,0.6,0.0,0.006927371025085449,-0.0003205024252939115,goal_capture,TERMINAL_SETTLING,NONE,DIRECT_LOCAL,PASS_THROUGH,0,6,0,0,0,0,1,0.6,1.078572274942544,inf,0.0,0,0,0,CLEAR,none,nan,0.0,0.0,0,0,0,0,0.0,0,0,1,1,0.0,0.6,"3.390,17.458;3.351,17.513;3.299,17.584;3.237,17.672;3.162,17.776;3.076,17.896;2.983,18.025;2.903,18.136;2.838,18.228;2.787,18.299;2.752,18.348;2.750,18.350",2.7500000000000004,18.35,2.0,2.7500000000000004,18.35,2.0,2.7500000000000004,18.35,2.0,2.890162547877609,0.0,0.0,0,0,1,0,unmatched_render_rate,unmatched render attempts 1.1% > 1.0%,1,1,PASS_THROUGH,-1,0.9999999911520603,-0.00013302585999814835,0.0,0.21571445498850877,0,0.999979366104579,-0.00013302311633349768,0.00642259059375218,1.0785945210059495,0.21571890420118991,0,0,0,BYPASS_VISIBLE,1,0,1,1,1
1787562321643566848,1787562321661640192,joint_v2_000000_07a44bf5,224,217,0.03333333333333333,7.233333333333333,18.073320388793945,frame_id_exact,1,,3.3675897121429443,17.489439010620117,1.99293053150177,0.010575567827065984,0.004147434191958356,0.3062385083058297,0.9518870375130543,-0.3357214629650116,0.4698087275028229,-0.0040285405702888966,0.577192230999028,-0.001208975552767059,-0.017118327161062936,0.6225359467857214,-0.0010929317213594913,depth/000224.png,1.0,0.0014184854608315506,-0.02267369997833226,-0.999741912309517,0.577192230999028,-0.001208975552767059,-0.017118327161062936,-0.0010929317213594913,0.9999777272580639,-5.6073018159076697e-05,0.006673967606583551,1.0592366444696337,0.21184732889392674,0.6,0.0,0.0070694684982299805,-0.000136149456501089,0.6,0.0,0.0070694684982299805,-0.000136149456501089,goal_capture,TERMINAL_SETTLING,NONE,DIRECT_LOCAL,PASS_THROUGH,0,6,0,0,0,0,1,0.6,1.0592366444696337,inf,0.0,0,0,0,CLEAR,none,nan,0.0,0.0,0,0,0,0,0.0,0,0,1,1,0.0,0.6,"3.390,17.458;3.351,17.513;3.299,17.584;3.237,17.672;3.162,17.776;3.076,17.896;2.983,18.025;2.903,18.136;2.838,18.228;2.787,18.299;2.752,18.348;2.750,18.350",2.7500000000000004,18.35,2.0,2.7500000000000004,18.35,2.0,2.7500000000000004,18.35,2.0,2.8711861546909825,0.0,0.0,0,0,1,0,unmatched_render_rate,unmatched render attempts 1.1% > 1.0%,0,1,PASS_THROUGH,-1,0.999979366104579,-0.00013302311633349768,0.00642259059375218,0.21571445498850877,0,0.9999777272580639,-5.6073018159076697e-05,0.006673967606583551,1.0592602354342096,0.2118520470868419,0,0,0,BYPASS_VISIBLE,1,0,1,1,1
1787562321688085248,1787562321703816704,joint_v2_000000_07a44bf5,225,218,0.03333333333333333,7.266666666666667,15.731334686279297,frame_id_exact,1,,3.3564858436584473,17.504989624023438,1.9928338527679443,0.013604567155653856,0.004557129682331199,0.30620229837448143,0.9518583407165957,-0.3303391635417938,0.4628373384475708,-0.0016100209904834628,0.5683498476362928,-0.0014758627829522604,-0.017922876977809747,0.6224734310153204,-0.0009093133267015219,depth/000225.png,1.0,0.0003439843328058613,-0.02869004860333712,-0.9995882966431314,0.5683498476362928,-0.0014758627829522604,-0.017922876977809747,-0.0009093133267015219,0.9999762657756528,5.031881207294717e-05,0.006889510388850531,1.0401286526512727,0.20802573053025455,0.6,0.0,0.007166147232055664,0.0003117547979902824,0.6,0.0,0.007166147232055664,0.0003117547979902824,goal_capture,TERMINAL_SETTLING,NONE,DIRECT_LOCAL,PASS_THROUGH,0,6,0,0,0,0,1,0.6,1.0401286526512727,inf,0.0,0,0,0,CLEAR,none,nan,0.0,0.0,0,0,0,0,0.0028831239881740977,0,0,1,1,0.0,0.6,"3.356,17.505;3.318,17.559;3.267,17.630;3.205,17.717;3.131,17.820;3.045,17.939;2.956,18.063;2.881,18.167;2.820,18.253;2.774,18.317;2.750,18.350",2.7500000000000004,18.35,2.0,2.7500000000000004,18.35,2.0,2.7500000000000004,18.35,2.0,2.852513445946263,0.0,0.0,0,0,1,0,unmatched_render_rate,unmatched render attempts 1.1% > 1.0%,0,1,PASS_THROUGH,-1,0.999979366104579,-0.00013302311633349768,0.00642259059375218,0.21571445498850877,0,0.9999762657756528,5.031881207294717e-05,0.006889510388850531,1.0401533385671093,0.20803066771342188,0,0,0,BYPASS_VISIBLE,1,0,1,1,1
1787562321731684864,1787562321748520448,joint_v2_000000_07a44bf5,226,219,0.03333333333333333,7.3,16.835451126098633,frame_id_exact,1,,3.34556245803833,17.520296096801758,1.9928277730941772,0.01017576939670761,0.0028660992588459425,0.3061964058713214,0.9519096596966061,-0.325357049703598,0.45579221844673157,0.0011881089303642511,0.5599017186369237,-0.0013850251116795881,-0.010644950169547729,0.6224176547591095,-0.0006871577934361994,depth/000226.png,1.0,-0.0007750328922050374,-0.021128004951000333,-0.9997764783844469,0.5599017186369237,-0.0013850251116795881,-0.010644950169547729,-0.0006871577934361994,0.9999753311799439,0.00015578124585807104,0.007022304733133316,1.0213242425435016,0.20426484850870033,0.6,0.0,0.007172226905822754,0.00067550541637873,0.6,0.0,0.007172226905822754,0.00067550541637873,goal_capture,TERMINAL_SETTLING,NONE,DIRECT_LOCAL,PASS_THROUGH,0,6,0,0,0,0,1,0.6,1.0213242425435016,inf,0.0,0,0,0,CLEAR,none,nan,0.0,0.0,0,0,0,0,0.0,0,0,1,1,0.0,0.6,"3.356,17.505;3.318,17.559;3.267,17.630;3.205,17.717;3.131,17.820;3.045,17.939;2.956,18.063;2.881,18.167;2.820,18.253;2.774,18.317;2.750,18.350",2.7500000000000004,18.35,2.0,2.7500000000000004,18.35,2.0,2.7500000000000004,18.35,2.0,2.83406893681279,0.0,0.0,0,0,1,0,unmatched_render_rate,unmatched render attempts 1.1% > 1.0%,0,1,PASS_THROUGH,-1,0.999979366104579,-0.00013302311633349768,0.00642259059375218,0.21571445498850877,0,0.9999753311799439,0.00015578124585807104,0.007022304733133316,1.0213494256354414,0.20426988512708827,0,0,0,BYPASS_VISIBLE,1,0,1,1,1
1787562321775403776,1787562321793350912,joint_v2_000000_07a44bf5,227,220,0.03333333333333333,7.333333333333333,17.94719696044922,frame_id_exact,1,,3.334766149520874,17.535411834716797,1.9929050207138062,0.002249759862606335,-0.00016268638735387285,0.30619558044413664,0.9519659545541418,-0.323027640581131,0.45185497403144836,0.00328852073289454,0.5554536177087919,-0.0009693775104955674,0.0009630090556874203,0.6223862649659766,-0.00044709330541081727,depth/000227.png,1.0,-0.0016874768580419244,-0.004183761884634912,-0.9999898242273999,0.5554536177087919,-0.0009693775104955674,0.0009630090556874203,-0.00044709330541081727,0.9999749427591244,0.00023074426873330973,0.007075352356479531,1.0027488861349716,0.20054977722699432,0.6,0.0,0.007094979286193848,0.0008805600316952322,0.6,0.0,0.007094979286193848,0.0008805600316952322,goal_capture,TERMINAL_SETTLING,NONE,DIRECT_LOCAL,PASS_THROUGH,0,6,0,0,0,0,1,0.6,1.0027488861349716,inf,0.0,0,0,0,CLEAR,none,nan,0.0,0.0,0,0,0,0,0.0,0,0,1,1,0.0,0.6,"3.356,17.505;3.318,17.559;3.267,17.630;3.205,17.717;3.131,17.820;3.045,17.939;2.956,18.063;2.881,18.167;2.820,18.253;2.774,18.317;2.750,18.350",2.7500000000000004,18.35,2.0,2.7500000000000004,18.35,2.0,2.7500000000000004,18.35,2.0,2.8156737197055977,0.0,0.0,0,0,1,0,unmatched_render_rate,unmatched render attempts 1.1% > 1.0%,0,1,PASS_THROUGH,-1,0.999979366104579,-0.00013302311633349768,0.00642259059375218,0.21571445498850877,0,0.9999749427591244,0.00023074426873330973,0.007075352356479531,1.0027739861883123,0.20055479723766245,0,0,0,BYPASS_VISIBLE,1,0,1,1,1
1787562321822345984,1787562321839036672,joint_v2_000000_07a44bf5,228,221,0.03333333333333333,7.366666666666666,16.690731048583984,frame_id_exact,1,,3.323984146118164,17.55047607421875,1.9930315017700195,-0.007631958730423421,-0.003605386484577943,0.306170872434337,0.9519391531327152,-0.32458361983299255,0.4529215395450592,0.004074835684150457,0.5570721467587689,-0.00032543744094074543,0.01340033319200589,0.6223775010355169,-0.00020904427219647914,depth/000228.png,1.0,-0.0021908501879373404,0.0167380493120586,-0.9998575087884679,0.5570721467587689,-0.00032543744094074543,0.01340033319200589,-0.00020904427219647914,0.9999749009601684,0.0002660187910732656,0.007080020035578532,0.9842237082552225,0.1968447416510445,0.5333333334,0.0,0.006968498229980469,0.0007639272105863792,0.5333333334,0.0,0.006968498229980469,0.0007639272105863792,goal_capture,TERMINAL_SETTLING,NONE,DIRECT_LOCAL,PASS_THROUGH,0,6,0,0,0,0,1,0.5333333334,0.9842237082552225,inf,0.0,0,0,0,CLEAR,none,nan,0.0,0.0,0,0,0,0,0.015242136203095837,0,0,1,1,0.0,0.5,"3.324,17.550;3.254,17.648;3.184,17.746;3.114,17.843;3.044,17.940;2.974,18.038;2.904,18.135;2.834,18.233;2.764,18.330;2.750,18.350",2.7500000000000004,18.35,2.0,2.7500000000000004,18.35,2.0,2.7500000000000004,18.35,2.0,2.7971072523123923,0.0,0.0,0,0,1,0,unmatched_render_rate,unmatched render attempts 1.1% > 1.0%,0,1,PASS_THROUGH,-1,0.999979366104579,-0.00013302311633349768,0.00642259059375218,0.21571445498850877,0,0.9999749009601684,0.0002660187910732656,0.007080020035578532,0.9842483771179116,0.1968496754235823,0,0,0,BYPASS_VISIBLE,1,0,1,1,1
1787562321873179648,1787562321890219776,joint_v2_000000_07a44bf5,229,222,0.03333333333333333,7.4,17.040014266967773,frame_id_exact,1,,3.3130836486816406,17.56566619873047,1.9931440353393555,-0.015387832811687978,-0.006093036571391085,0.3061293310424708,0.9518460601285214,-0.32997003197669983,0.45918554067611694,0.00230575748719275,0.5650633771624777,0.00040570063859820795,0.020978905668294502,0.6223730477487635,4.9773670980357565e-06,depth/000229.png,1.0,-0.0021779317797243503,0.033024210490677705,-0.9994521790133984,0.5650633771624777,0.00040570063859820795,0.020978905668294502,4.9773670980357565e-06,0.999974753011401,0.0002743465676386439,0.0071005685510544736,0.9655271654523987,0.19310543309047973,0.5,0.0,0.006855964660644531,0.0007943297485724088,0.5,0.0,0.006855964660644531,0.0007943297485724088,goal_capture,TERMINAL_SETTLING,NONE,DIRECT_LOCAL,PASS_THROUGH,0,6,0,0,0,0,1,0.5,0.9655271654523986,inf,0.0,0,0,0,CLEAR,none,nan,0.0,0.0,0,0,0,0,0.0,0,0,1,1,0.0,0.5,"3.324,17.550;3.254,17.648;3.184,17.746;3.114,17.843;3.044,17.940;2.974,18.038;2.904,18.135;2.834,18.233;2.764,18.330;2.750,18.350",2.7500000000000004,18.35,2.0,2.7500000000000004,18.35,2.0,2.7500000000000004,18.35,2.0,2.7782055621166997,0.0,0.0,0,0,1,0,unmatched_render_rate,unmatched render attempts 1.1% > 1.0%,1,1,PASS_THROUGH,-1,0.9999999623650823,0.00027435348391283636,0.0,0.19310543309047973,0,0.999974753011401,0.0002743465676386439,0.0071005685510544736,0.9655515063827365,0.1931103012765473,0,0,0,CORRIDOR_CLEAR,1,0,0,0,1
1787562321918464256,1787562321936272384,joint_v2_000000_07a44bf5,230,223,0.03333333333333333,7.433333333333334,17.808198928833008,frame_id_exact,1,,3.3019676208496094,17.58111572265625,1.9931784868240356,-0.014671164084775272,-0.005593008132387413,0.3061319126891695,0.9518596152992832,-0.33692848682403564,0.4677829444408417,-0.00013373984256759286,0.5762105635226532,0.0010603248563127536,0.01794347864069216,0.6223597972419243,0.00025201146490871906,depth/000230.png,1.0,-0.0016648940932222842,0.03135417375796138,-0.9995069504088573,0.5762105635226532,0.0010603248563127536,0.01794347864069216,0.00025201146490871906,0.999973994096204,0.0002664757410627844,0.007206949560257887,0.9464942083355822,0.18929884166711644,0.5,0.0,0.0068215131759643555,0.0007258605690008135,0.5,0.0,0.0068215131759643555,0.0007258605690008135,goal_capture,TERMINAL_SETTLING,NONE,DIRECT_LOCAL,PASS_THROUGH,0,6,0,0,0,0,1,0.5,0.9464942083355822,inf,0.0,0,0,0,CLEAR,none,nan,0.0,0.0,0,0,0,0,0.0,0,0,1,1,0.0,0.5,"3.324,17.550;3.254,17.648;3.184,17.746;3.114,17.843;3.044,17.940;2.974,18.038;2.904,18.135;2.834,18.233;2.764,18.330;2.750,18.350",2.7500000000000004,18.35,2.0,2.7500000000000004,18.35,2.0,2.7500000000000004,18.35,2.0,2.758980993063389,0.0,0.0,0,0,1,0,unmatched_render_rate,unmatched render attempts 1.1% > 1.0%,0,1,PASS_THROUGH,-1,0.999974753011401,0.0002743465676386439,0.0071005685510544736,0.19310543309047973,0,0.999973994096204,0.0002664757410627844,0.007206949560257887,0.9465187898054694,0.1893037579610939,0,0,0,CORRIDOR_CLEAR,1,0,0,0,1
1787562321962279168,1787562321981421056,joint_v2_000000_07a44bf5,231,224,0.03333333333333333,7.466666666666667,19.14191246032715,frame_id_exact,1,,3.2906479835510254,17.596818923950195,1.9931398630142212,-0.004619024988397655,-0.0018942480900871472,0.30617339732108,0.951962671119618,-0.341585636138916,0.4735617935657501,-0.0020513238850980997,0.5838915831455089,0.0014805632204036854,0.0037621982538484926,0.6223534425715644,0.0005093436921015382,depth/000231.png,1.0,-0.0007780617971878466,0.009954215478068486,-0.9999501528646595,0.5838915831455089,0.0014805632204036854,0.0037621982538484926,0.0005093436921015382,0.9999725995804282,0.00023199760231512031,0.007399071933246341,0.9271364384152601,0.185427287683052,0.5666666666,0.0,0.006860136985778809,0.0004968881387934498,0.5666666666,0.0,0.006860136985778809,0.0004968881387934498,goal_capture,TERMINAL_SETTLING,NONE,DIRECT_LOCAL,PASS_THROUGH,0,6,0,0,0,0,1,0.5666666666,0.92713643841526,inf,0.0,0,0,0,CLEAR,none,nan,0.0,0.0,0,0,0,0,0.013292847460920614,0,0,1,1,0.0,0.6,"3.291,17.597;3.251,17.652;3.199,17.724;3.136,17.812;3.061,17.917;2.975,18.037;2.896,18.146;2.832,18.236;2.783,18.305;2.750,18.350",2.7500000000000004,18.35,2.0,2.7500000000000004,18.35,2.0,2.7500000000000004,18.35,2.0,2.739649399314101,0.0,0.0,0,0,1,0,unmatched_render_rate,unmatched render attempts 1.1% > 1.0%,0,1,PASS_THROUGH,-1,0.999974753011401,0.0002743465676386439,0.0071005685510544736,0.19310543309047973,0,0.9999725995804282,0.00023199760231512031,0.007399071933246341,0.9271618180861401,0.185432363617228,0,0,0,CORRIDOR_CLEAR,1,0,0,0,1
1787562322012933632,1787562322030914816,joint_v2_000000_07a44bf5,232,225,0.03333333333333333,7.5,17.98105239868164,frame_id_exact,1,,3.279256820678711,17.61260414123535,1.993039846420288,0.009395657279684833,0.00316822299662417,0.30617484684376806,0.95192365615501,-0.3409025967121124,0.4724467098712921,-0.0038240107242017984,0.582405586517343,0.0015580850438052754,-0.015375380830235024,0.6223789822645117,0.0006619936320930719,depth/000232.png,1.0,0.0002783849797136466,-0.019827957240830658,-0.9998033679746527,0.582405586517343,0.0015580850438052754,-0.015375380830235024,0.0006619936320930719,0.9999705893863112,0.00015255535726179084,0.007667926007466737,0.9076703337435856,0.18153406674871714,0.6,0.0,0.006960153579711914,0.0002195513132952076,0.6,0.0,0.006960153579711914,0.0002195513132952076,goal_capture,TERMINAL_SETTLING,NONE,DIRECT_LOCAL,PASS_THROUGH,0,6,0,0,0,0,1,0.6,0.9076703337435856,inf,0.0,0,0,0,CLEAR,none,nan,0.0,0.0,0,0,0,0,0.0,0,0,1,1,0.0,0.6,"3.291,17.597;3.251,17.652;3.199,17.724;3.136,17.812;3.061,17.917;2.975,18.037;2.896,18.146;2.832,18.236;2.783,18.305;2.750,18.350",2.7500000000000004,18.35,2.0,2.7500000000000004,18.35,2.0,2.7500000000000004,18.35,2.0,2.720510026769059,0.0,0.0,0,0,1,0,unmatched_render_rate,unmatched render attempts 1.1% > 1.0%,0,1,PASS_THROUGH,-1,0.999974753011401,0.0002743465676386439,0.0071005685510544736,0.19310543309047973,0,0.9999705893863112,0.00015255535726179084,0.007667926007466737,0.9076970191071718,0.18153940382143435,0,0,0,CORRIDOR_CLEAR,1,0,0,0,1
1787562322060886016,1787562322080232448,joint_v2_000000_07a44bf5,233,226,0.03333333333333333,7.533333333333333,19.34647560119629,frame_id_exact,1,,3.2679810523986816,17.628236770629883,1.9929208755493164,0.0184337701417379,0.006593010838975972,0.3061457193248647,0.9517833402962567,-0.3349299132823944,0.4645456373691559,-0.0028100921772420406,0.572146001621693,0.0012788829573196644,-0.025217254307384036,0.6224314232448803,0.0006641162326559424,depth/000233.png,1.0,0.0012633961180368268,-0.03912675473114326,-0.9992334566528774,0.572146001621693,0.0012788829573196644,-0.025217254307384036,0.0006641162326559424,0.999968252296316,4.9236077935799145e-05,0.007968185192362896,0.8883954805799205,0.1776790961159841,0.6,0.0,0.007079124450683594,-3.5213038196424407e-05,0.6,0.0,0.007079124450683594,-3.5213038196424407e-05,goal_capture,TERMINAL_SETTLING,NONE,DIRECT_LOCAL,PASS_THROUGH,0,6,0,0,0,0,1,0.6,0.8883954805799205,inf,0.0,0,0,0,CLEAR,none,nan,0.0,0.0,0,0,0,0,0.0,0,0,1,1,0.0,0.6,"3.291,17.597;3.251,17.652;3.199,17.724;3.136,17.812;3.061,17.917;2.975,18.037;2.896,18.146;2.832,18.236;2.783,18.305;2.750,18.350",2.7500000000000004,18.35,2.0,2.7500000000000004,18.35,2.0,2.7500000000000004,18.35,2.0,2.7017823828955443,0.0,0.0,0,0,1,0,unmatched_render_rate,unmatched render attempts 1.1% > 1.0%,0,1,PASS_THROUGH,-1,0.999974753011401,0.0002743465676386439,0.0071005685510544736,0.19310543309047973,0,0.999968252296316,4.9236077935799145e-05,0.007968185192362896,0.8884236849149262,0.17768473698298523,0,0,0,CORRIDOR_CLEAR,1,0,0,0,1
1787562322111297024,1787562322132629504,joint_v2_000000_07a44bf5,234,227,0.03333333333333333,7.566666666666666,21.332263946533203,frame_id_exact,1,,3.2569541931152344,17.64354133605957,1.99287748336792,0.018721694938643788,0.007048548017038745,0.30615992155403776,0.9517698873905927,-0.3265964686870575,0.4538474380970001,0.00031121651409193873,0.5587101174176536,0.0007218708886579422,-0.022030226493544046,0.6224810240252885,0.0006023052847012877,depth/000234.png,1.0,0.0019535261973406878,-0.03995345678296096,-0.9991996322189517,0.5587101174176536,0.0007218708886579422,-0.022030226493544046,0.0006023052847012877,0.9999664529379424,-4.0888786825817105e-05,0.008190929545358078,0.8695322867919377,0.17390645735838756,0.6,0.0,0.007122516632080078,-0.00017287813338984215,0.6,0.0,0.007122516632080078,-0.00017287813338984215,goal_capture,TERMINAL_SETTLING,NONE,DIRECT_LOCAL,PASS_THROUGH,0,6,0,0,0,0,1,0.6,0.8695322867919378,inf,0.0,0,0,0,CLEAR,none,nan,0.0,0.0,0,0,0,0,0.0023428335083970995,0,0,1,1,0.0,0.6,"3.257,17.644;3.218,17.697;3.168,17.767;3.107,17.853;3.033,17.955;2.948,18.074;2.874,18.177;2.815,18.260;2.770,18.322;2.750,18.350",2.7500000000000004,18.35,2.0,2.7500000000000004,18.35,2.0,2.7500000000000004,18.35,2.0,2.6834829057243597,0.0,0.0,0,0,1,0,unmatched_render_rate,unmatched render attempts 1.1% > 1.0%,0,1,PASS_THROUGH,-1,0.999974753011401,0.0002743465676386439,0.0071005685510544736,0.19310543309047973,0,0.9999664529379424,-4.0888786825817105e-05,0.008190929545358078,0.8695614572971775,0.1739122914594355,0,0,0,CORRIDOR_CLEAR,1,0,0,0,1
1787562322165405184,1787562322182525952,joint_v2_000000_07a44bf5,235,228,0.03333333333333333,7.6,17.1205997467041,frame_id_exact,1,,3.246194362640381,17.658512115478516,1.99294114112854,0.011468534614537921,0.004842329278470604,0.30621624146879545,0.9518805797061302,-0.31947749853134155,0.44512006640434265,0.00339144142344594,0.5478186438386438,1.839670776033523e-05,-0.010197086982498708,0.6225086426390478,0.000533772399649024,depth/000235.png,1.0,0.002194935271799964,-0.0247989504977475,-0.9996900491219081,0.5478186438386438,1.839670776033523e-05,-0.010197086982498708,0.000533772399649024,0.9999656042586725,-8.455339318793061e-05,0.008293560773973184,0.8510959640111643,0.17021919280223285,0.6,0.0,0.007058858871459961,-0.000302876820142961,0.6,0.0,0.007058858871459961,-0.000302876820142961,goal_capture,TERMINAL_SETTLING,NONE,DIRECT_LOCAL,PASS_THROUGH,0,6,0,0,0,0,1,0.6,0.8510959640111643,inf,0.0,0,0,0,CLEAR,none,nan,0.0,0.0,0,0,0,0,0.0,0,0,1,1,0.0,0.6,"3.257,17.644;3.218,17.697;3.168,17.767;3.107,17.853;3.033,17.955;2.948,18.074;2.874,18.177;2.815,18.260;2.770,18.322;2.750,18.350",2.7500000000000004,18.35,2.0,2.7500000000000004,18.35,2.0,2.7500000000000004,18.35,2.0,2.6654581077938637,0.0,0.0,0,0,1,0,unmatched_render_rate,unmatched render attempts 1.1% > 1.0%,1,1,PASS_THROUGH,-1,0.999999996425116,-8.455630126231576e-05,0.0,0.17021919280223285,0,0.9999656042586725,-8.455339318793061e-05,0.008293560773973184,0.8511252360520514,0.17022504721041026,0,0,0,CORRIDOR_CLEAR,1,0,0,0,1
1787562322211474432,1787562322229177856,joint_v2_000000_07a44bf5,236,229,0.03333333333333333,7.633333333333334,17.703533172607422,frame_id_exact,1,,3.2356116771698,17.673274993896484,1.9930907487869263,-0.0005111254301256116,0.0008523721307600646,0.30625989044691665,0.9519474206677531,-0.3162927031517029,0.4418759047985077,0.005346469581127167,0.5434079755661364,-0.0006823758253463727,0.005592897267006718,0.6225231506705694,0.00047032261500135064,depth/000236.png,1.0,0.0019359013391220463,0.00045103427891837907,-0.9999980244250908,0.5434079755661364,-0.0006823758253463727,0.005592897267006718,0.00047032261500135064,0.9999655935296434,-8.854046992264916e-05,0.008294812685845535,0.832931830877816,0.1665863661755632,0.6,0.0,0.0069092512130737305,-0.00026658361742648573,0.6,0.0,0.0069092512130737305,-0.00026658361742648573,goal_capture,TERMINAL_SETTLING,NONE,DIRECT_LOCAL,PASS_THROUGH,0,6,0,0,0,0,1,0.6,0.832931830877816,inf,0.0,0,0,0,CLEAR,none,nan,0.0,0.0,0,0,0,0,0.0,0,0,1,1,0.0,0.6,"3.257,17.644;3.218,17.697;3.168,17.767;3.107,17.853;3.033,17.955;2.948,18.074;2.874,18.177;2.815,18.260;2.770,18.322;2.750,18.350",2.7500000000000004,18.35,2.0,2.7500000000000004,18.35,2.0,2.7500000000000004,18.35,2.0,2.647441220239522,0.0,0.0,0,0,1,0,unmatched_render_rate,unmatched render attempts 1.1% > 1.0%,0,1,PASS_THROUGH,-1,0.9999656042586725,-8.455339318793061e-05,0.008293560773973184,0.17021919280223285,0,0.9999655935296434,-8.854046992264916e-05,0.008294812685845535,0.832960486843041,0.1665920973686082,0,0,0,CORRIDOR_CLEAR,1,0,0,0,1
1787562322255972608,1787562322272492544,joint_v2_000000_07a44bf5,237,230,0.03333333333333333,7.666666666666667,16.520023345947266,frame_id_exact,1,,3.225048303604126,17.688047409057617,1.9932762384414673,-0.01377515017651347,-0.0037821450942982673,0.30624917708725036,0.9518442005651356,-0.3184362053871155,0.44578421115875244,0.005466182716190815,0.5474561932591373,-0.0012374728635561611,0.021100807955839622,0.6225487598888085,0.00039639437454752624,depth/000237.png,1.0,0.001237231064213716,0.02854015126036315,-0.9995918812322003,0.5474561932591373,-0.0012374728635561611,0.021100807955839622,0.00039639437454752624,0.999965948286413,-7.707900797070047e-05,0.008252049835124705,0.8147712092437318,0.16295424184874635,0.6,0.0,0.006723761558532715,-0.00015423430950289863,0.6,0.0,0.006723761558532715,-0.00015423430950289863,goal_capture,TERMINAL_SETTLING,NONE,DIRECT_LOCAL,PASS_THROUGH,0,6,0,0,0,0,1,0.6,0.8147712092437317,inf,0.0,0,0,0,CLEAR,none,nan,0.0,0.0,0,0,0,0,0.004416452224807046,0,0,1,1,0.0,0.6,"3.225,17.688;3.187,17.741;3.138,17.810;3.077,17.895;3.004,17.996;2.921,18.111;2.852,18.208;2.798,18.284;2.758,18.338;2.750,18.350",2.7500000000000004,18.35,2.0,2.7500000000000004,18.35,2.0,2.7500000000000004,18.35,2.0,2.6291361908825017,0.0,0.0,0,0,1,0,unmatched_render_rate,unmatched render attempts 1.1% > 1.0%,0,1,PASS_THROUGH,-1,0.9999656042586725,-8.455339318793061e-05,0.008293560773973184,0.17021919280223285,0,0.999965948286413,-7.707900797070047e-05,0.008252049835124705,0.8147989521237671,0.16295979042475342,0,0,0,CORRIDOR_CLEAR,1,0,0,0,1
1787562322305343232,1787562322324804352,joint_v2_000000_07a44bf5,238,231,0.03333333333333333,7.7,19.46115493774414,frame_id_exact,1,,3.2143237590789795,17.703065872192383,1.9934290647506714,-0.02486435357035392,-0.007864514262077486,0.3061958888483614,0.951611260436378,-0.3258289098739624,0.4565283954143524,0.003360720118507743,0.559936477789312,-0.0015318411382859785,0.03259974037625802,0.622600916913655,0.00029764941427856684,depth/000238.png,1.0,0.00025880502491803896,0.052138561551715354,-0.9986398266739,0.559936477789312,-0.0015318411382859785,0.03259974037625802,0.00029764941427856684,0.9999659539943224,-7.474392504113007e-05,0.008251379616179033,0.796316720261127,0.1592633440522254,0.5963167185953059,-4.457256963346489e-05,0.006570935249328613,-0.00018686617430208052,0.5963167185953059,-4.457256963346489e-05,0.006570935249328613,-0.00018686617430208052,goal_capture,TERMINAL_SETTLING,NONE,DIRECT_LOCAL,PASS_THROUGH,0,6,0,0,0,0,1,0.596316720261127,0.796316720261127,inf,0.0,0,0,0,CLEAR,none,nan,0.0,0.0,0,0,0,0,0.004282657248506086,0,0,0,1,0.0,0.596316720261127,,2.7500000000000004,18.35,2.0,2.7500000000000004,18.35,2.0,2.7500000000000004,18.35,2.0,2.61029130548502,0.0,0.0,0,0,1,0,unmatched_render_rate,unmatched render attempts 1.1% > 1.0%,0,1,PASS_THROUGH,-1,0.9999656042586725,-8.455339318793061e-05,0.008293560773973184,0.17021919280223285,0,0.9999659539943224,-7.474392504113007e-05,0.008251379616179033,0.7963438303631722,0.15926876607263446,0,0,0,CORRIDOR_CLEAR,1,0,0,0,1
1787562322356496128,1787562322376518400,joint_v2_000000_07a44bf5,239,232,0.03333333333333333,7.733333333333333,20.02239227294922,frame_id_exact,1,,3.2032835483551025,17.718530654907227,1.9934767484664917,-0.03090896064425018,-0.010352967500624583,0.3061552055737668,0.9514233770072648,-0.33706170320510864,0.47205066680908203,-0.000739448529202491,0.5788504303697575,-0.001499235153491078,0.03705269411603053,0.6226705792183963,0.00017766041855793446,depth/000239.png,1.0,-0.0007742322027576402,0.06515424521877879,-0.9978749044316464,0.5788504303697575,-0.001499235153491078,0.03705269411603053,0.00017766041855793446,0.9999647854250443,-8.240650958636528e-05,0.008391729202745604,0.7773155787717689,0.1554631157543538,0.5773155768114041,-4.75762369918362e-05,0.006523251533508301,-0.0002060235285306078,0.5773155768114041,-4.75762369918362e-05,0.006523251533508301,-0.0002060235285306078,goal_capture,TERMINAL_SETTLING,NONE,DIRECT_LOCAL,PASS_THROUGH,0,6,0,0,0,0,1,0.577315578771769,0.7773155787717689,inf,0.0,0,0,0,CLEAR,none,nan,0.0,0.0,0,0,0,0,0.004721711466078772,0,0,0,1,0.0,0.577315578771769,,2.7500000000000004,18.35,2.0,2.7500000000000004,18.35,2.0,2.7500000000000004,18.35,2.0,2.590764255515614,0.0,0.0,0,0,1,0,unmatched_render_rate,unmatched render attempts 1.1% > 1.0%,0,1,PASS_THROUGH,-1,0.9999656042586725,-8.455339318793061e-05,0.008293560773973184,0.17021919280223285,0,0.9999647854250443,-8.240650958636528e-05,0.008391729202745604,0.7773429499338497,0.15546858998676993,0,0,0,CORRIDOR_CLEAR,1,0,0,0,1
1787562322407199232,1787562322426047232,joint_v2_000000_07a44bf5,240,233,0.03333333333333333,7.766666666666667,18.848180770874023,frame_id_exact,1,,3.1918373107910156,17.73455238342285,1.9933679103851318,-0.029791537126120208,-0.010439502895135717,0.3061813083843461,0.9514496768043046,-0.3497157692909241,0.4890174865722656,-0.005807079840451479,0.6003660790926036,-0.0011421596370827169,0.03212802805665602,0.6227301453346379,5.507376044988632e-05,depth/000240.png,1.0,-0.0016220996790363464,0.06308305805093067,-0.9980069621899309,0.6003660790926036,-0.0011421596370827169,0.03212802805665602,5.507376044988632e-05,0.9999616843249687,-8.349550421632056e-05,0.008753451346325129,0.7576252226249668,0.15152504452499335,0.5576252206810759,-4.656098298001802e-05,0.006632089614868164,-0.00020874675832893708,0.5576252206810759,-4.656098298001802e-05,0.006632089614868164,-0.00020874675832893708,goal_capture,TERMINAL_SETTLING,NONE,DIRECT_LOCAL,PASS_THROUGH,0,6,0,0,0,0,1,0.5576252226249667,0.7576252226249668,inf,0.0,0,0,0,CLEAR,none,nan,0.0,0.0,0,0,0,0,0.0047841232957141835,0,0,0,1,0.0,0.5576252226249667,,2.7500000000000004,18.35,2.0,2.7500000000000004,18.35,2.0,2.7500000000000004,18.35,2.0,2.570578511889283,0.0,0.0,0,0,1,0,unmatched_render_rate,unmatched render attempts 1.1% > 1.0%,0,1,PASS_THROUGH,-1,0.9999656042586725,-8.455339318793061e-05,0.008293560773973184,0.17021919280223285,0,0.9999616843249687,-8.349550421632056e-05,0.008753451346325129,0.7576542500179024,0.1515308500035805,0,0,0,CORRIDOR_CLEAR,1,0,0,0,1
1787562322455499776,1787562322473532928,joint_v2_000000_07a44bf5,241,234,0.03333333333333333,7.8,18.03302764892578,frame_id_exact,1,,3.179988384246826,17.751102447509766,1.9930976629257202,-0.02034413516241107,-0.007648836147324503,0.30627709877032727,0.9516942524986248,-0.36064988374710083,0.5032055377960205,-0.010135692544281483,0.61895568507606,-0.000540539849482462,0.01674669840380978,0.6227569962201945,-3.3641957998042926e-05,depth/000241.png,1.0,-0.0020968214103555833,0.0434081197005879,-0.9990552229401699,0.61895568507606,-0.000540539849482462,0.01674669840380978,-3.3641957998042926e-05,0.9999561764908238,-7.446536135134342e-05,0.009361599903997757,0.7372708382717917,0.14745416765435834,0.5372708367820536,-4.0009820375286e-05,0.006902337074279785,-0.00018617156172573424,0.5372708367820536,-4.0009820375286e-05,0.006902337074279785,-0.00018617156172573424,goal_capture,TERMINAL_SETTLING,NONE,DIRECT_LOCAL,PASS_THROUGH,0,6,0,0,0,0,1,0.5372708382717917,0.7372708382717917,inf,0.0,0,0,0,CLEAR,none,nan,0.0,0.0,0,0,0,0,0.004266737900897546,0,0,0,1,0.0,0.5372708382717917,,2.7500000000000004,18.35,2.0,2.7500000000000004,18.35,2.0,2.7500000000000004,18.35,2.0,2.549930578490673,0.0,0.0,0,0,1,0,unmatched_render_rate,unmatched render attempts 1.1% > 1.0%,1,1,PASS_THROUGH,-1,0.9999999972272121,-7.44686246213951e-05,0.0,0.14745416765435834,0,0.9999561764908238,-7.446536135134342e-05,0.009361599903997757,0.7373031474387435,0.14746062948774868,0,0,0,CORRIDOR_CLEAR,1,0,0,0,1
1787562322503475456,1787562322520065536,joint_v2_000000_07a44bf5,242,235,0.03333333333333333,7.833333333333333,16.590118408203125,frame_id_exact,1,,3.1678507328033447,17.76801872253418,1.9927189350128174,-0.003601471610473559,-0.002262327690163827,0.3063640859138842,0.951904910239364,-0.3665560483932495,0.5102390050888062,-0.01213789451867342,0.6283359449742654,0.00015887206805994319,-0.006958622277326732,0.6227566614150587,-6.731372559443116e-05,depth/000242.png,1.0,-0.002100318557899778,0.00824270892986432,-0.9999638225513225,0.6283359449742654,0.00015887206805994319,-0.006958622277326732,-6.731372559443116e-05,0.9999483617276862,-6.543701902253666e-05,0.010162164932382924,0.7164505860316129,0.1432901172063226,0.516450584925777,-3.379673195486429e-05,0.007281064987182617,-0.0001636009953953632,0.516450584925777,-3.379673195486429e-05,0.007281064987182617,-0.0001636009953953632,goal_capture,TERMINAL_SETTLING,NONE,DIRECT_LOCAL,PASS_THROUGH,0,6,0,0,0,0,1,0.5164505860316128,0.7164505860316129,inf,0.0,0,0,0,CLEAR,none,nan,0.0,0.0,0,0,0,0,0.0037494586241174107,0,0,0,1,0.0,0.5164505860316128,,2.7500000000000004,18.35,2.0,2.7500000000000004,18.35,2.0,2.7500000000000004,18.35,2.0,2.529186614874227,0.0,0.0,0,0,1,0,unmatched_render_rate,unmatched render attempts 1.1% > 1.0%,0,1,PASS_THROUGH,-1,0.9999561764908238,-7.446536135134342e-05,0.009361599903997757,0.14745416765435834,0,0.9999483617276862,-6.543701902253666e-05,0.010162164932382924,0.7164875826784364,0.14329751653568729,0,0,0,CORRIDOR_CLEAR,1,0,0,0,1
1787562322548118016,1787562322570235904,joint_v2_000000_07a44bf5,243,236,0.03333333333333333,7.866666666666666,22.11785316467285,frame_id_exact,1,,3.1556379795074463,17.78499984741211,1.9923241138458252,0.017445971638078248,0.004752357006354118,0.30633768128188815,0.9517511640146934,-0.36478838324546814,0.5066962838172913,-0.0111302575096488,0.6235391520396976,0.0007787152865682645,-0.03367329347485837,0.6227622728305836,-6.600363121833652e-05,depth/000243.png,1.0,-0.0016425943734151172,-0.03612009967971711,-0.999346106352975,0.6235391520396976,0.0007787152865682645,-0.03367329347485837,-6.600363121833652e-05,0.9999391047896574,-9.516384582293903e-05,0.011035291400811475,0.695533854562971,0.1391067709125942,0.49553385231888153,-4.715977892676925e-05,0.007675886154174805,-0.00023792410227763128,0.49553385231888153,-4.715977892676925e-05,0.007675886154174805,-0.00023792410227763128,goal_capture,TERMINAL_SETTLING,NONE,DIRECT_LOCAL,PASS_THROUGH,0,6,0,0,0,0,1,0.49553385456297117,0.6955338545629711,inf,0.0,0,0,0,CLEAR,none,nan,0.0,0.0,0,0,0,0,0.0054528187619788835,0,0,0,1,0.0,0.49553385456297117,,2.7500000000000004,18.35,2.0,2.7500000000000004,18.35,2.0,2.7500000000000004,18.35,2.0,2.508819055100487,0.0,0.0,0,0,1,0,unmatched_render_rate,unmatched render attempts 1.1% > 1.0%,0,1,PASS_THROUGH,-1,0.9999561764908238,-7.446536135134342e-05,0.009361599903997757,0.14745416765435834,0,0.9999391047896574,-9.516384582293903e-05,0.011035291400811475,0.6955762086726919,0.13911524173453838,0,0,0,CORRIDOR_CLEAR,1,0,0,0,1
1787562322601694208,1787562322618829056,joint_v2_000000_07a44bf5,244,237,0.03333333333333333,7.9,17.134904861450195,frame_id_exact,1,,3.143631935119629,17.80166244506836,1.9920068979263306,0.038677960166354886,0.012011122577345318,0.3061604193045553,0.951118050497971,-0.3540821969509125,0.4910566806793213,-0.007665580604225397,0.6027942019502393,0.0011647478910348482,-0.05663409239055671,0.6228086152110509,-7.379023008979857e-05,depth/000244.png,1.0,-0.0008353300246385087,-0.08092927279052019,-0.9967194966636037,0.6027942019502393,0.0011647478910348482,-0.05663409239055671,-7.379023008979857e-05,0.9999298757668361,-0.0001935439379278406,0.011840865241348295,0.6749964255419691,0.13499928510839382,0.4749964166442151,-9.19391241395056e-05,0.007993102073669434,-0.00048389377145685586,0.4749964166442151,-9.19391241395056e-05,0.007993102073669434,-0.00048389377145685586,goal_capture,TERMINAL_SETTLING,NONE,DIRECT_LOCAL,PASS_THROUGH,0,6,0,0,0,0,1,0.474996425541969,0.674996425541969,inf,0.0,0,0,0,CLEAR,none,nan,0.0,0.0,0,0,0,0,0.011090028334858344,0,0,0,1,0.0,0.474996425541969,,2.7500000000000004,18.35,2.0,2.7500000000000004,18.35,2.0,2.7500000000000004,18.35,2.0,2.489316778225121,0.0,0.0,0,0,1,0,unmatched_render_rate,unmatched render attempts 1.1% > 1.0%,0,1,PASS_THROUGH,-1,0.9999561764908238,-7.446536135134342e-05,0.009361599903997757,0.14745416765435834,0,0.9999298757668361,-0.0001935439379278406,0.011840865241348295,0.6750437498230726,0.1350087499646145,0,0,0,CORRIDOR_CLEAR,1,0,0,0,1
1787562322646245376,1787562322663976960,joint_v2_000000_07a44bf5,245,238,0.03333333333333333,7.933333333333334,17.731428146362305,frame_id_exact,1,,3.132126569747925,17.817611694335938,1.9918272495269775,0.05581788851995397,0.018041649512008887,0.3059093159236913,0.9502517311929293,-0.33499768376350403,0.4642634987831116,-0.0031561499927192926,0.5681956780971611,0.0012312778893478278,-0.07018661594985184,0.6229035111133361,-0.00012570901890285313,depth/000245.png,1.0,0.0001377931778370617,-0.11712030771594766,-0.9931177244081196,0.5681956780971611,0.0012312778893478278,-0.07018661594985184,-0.00012570901890285313,0.9999221797684972,-0.00035780584463614585,0.012470219805383948,0.6553304687828638,0.13106609375657277,0.4553304396314829,-0.0001629325719914228,0.008172750473022461,-0.0008945841901597529,0.4553304396314829,-0.0001629325719914228,0.008172750473022461,-0.0008945841901597529,goal_capture,TERMINAL_SETTLING,NONE,DIRECT_LOCAL,PASS_THROUGH,0,6,0,0,0,0,1,0.4553304687828638,0.6553304687828638,inf,0.0,0,0,0,CLEAR,none,nan,0.0,0.0,0,0,0,0,0.020502359406113006,0,0,0,1,0.0,0.4553304687828638,,2.7500000000000004,18.35,2.0,2.7500000000000004,18.35,2.0,2.7500000000000004,18.35,2.0,2.471081853811692,0.0,0.0,0,0,1,0,unmatched_render_rate,unmatched render attempts 1.1% > 1.0%,0,1,PASS_THROUGH,-1,0.9999561764908238,-7.446536135134342e-05,0.009361599903997757,0.14745416765435834,0,0.9999221797684972,-0.00035780584463614585,0.012470219805383948,0.655381428761498,0.1310762857522996,0,0,0,CORRIDOR_CLEAR,1,0,0,0,1
1787562322692052736,1787562322708857600,joint_v2_000000_07a44bf5,246,239,0.03333333333333333,7.966666666666667,16.80469512939453,frame_id_exact,1,,3.121366500854492,17.8325252532959,1.9917948246002197,0.06540263193716034,0.021616900900342743,0.305732441739551,0.9496224930987731,-0.3098950684070587,0.42964890599250793,0.0010441724443808198,0.5248638550252238,0.0009781744715685046,-0.07177188169772405,0.6230179337181386,-0.00022102244838606566,depth/000246.png,1.0,0.0010643779354228347,-0.13743359658098264,-0.9905104106623142,0.5248638550252238,0.0009781744715685046,-0.07177188169772405,-0.00022102244838606566,0.9999168875872716,-0.0005432874969427422,0.01288110074797805,0.6369404928510863,0.12738809857021727,0.4369404283564175,-0.00023740400285424517,0.008205175399780273,-0.0013583315029119802,0.4369404283564175,-0.00023740400285424517,0.008205175399780273,-0.0013583315029119802,goal_capture,TERMINAL_SETTLING,NONE,DIRECT_LOCAL,PASS_THROUGH,0,6,0,0,0,0,1,0.43694049285108627,0.6369404928510863,inf,0.0,0,0,0,CLEAR,none,nan,0.0,0.0,0,0,0,0,0.031130664918607425,0,0,0,1,0.0,0.43694049285108627,,2.7500000000000004,18.35,2.0,2.7500000000000004,18.35,2.0,2.7500000000000004,18.35,2.0,2.4543418023509505,0.0,0.0,0,0,1,0,unmatched_render_rate,unmatched render attempts 1.1% > 1.0%,0,1,PASS_THROUGH,-1,0.9999561764908238,-7.446536135134342e-05,0.009361599903997757,0.14745416765435834,0,0.9999168875872716,-0.0005432874969427422,0.01288110074797805,0.63699334088884,0.127398668177768,0,0,0,CORRIDOR_CLEAR,1,0,0,0,1
1787562322744243968,1787562322762615552,joint_v2_000000_07a44bf5,247,240,0.03333333333333333,8.0,18.37158203125,frame_id_exact,1,,3.1114938259124756,17.846223831176758,1.9918874502182007,0.06557013658224363,0.022032795966576854,0.30574496258442324,0.9495973520101721,-0.2823925316333771,0.3921704888343811,0.004354603122919798,0.47923973664831704,0.0004754173647382616,-0.06237984930123244,0.6231050554777878,-0.0003247033746447414,depth/000247.png,1.0,0.0017490915024963652,-0.13800328889575028,-0.9904302261809622,0.47923973664831704,0.0004754173647382616,-0.06237984930123244,-0.0003247033746447414,0.9999141859243185,-0.0006852574917473738,0.013082477191929577,0.6200550092105249,0.12401100184210498,0.4200549105693709,-0.0002878704777518893,0.008112549781799316,-0.0017132904856109743,0.4200549105693709,-0.0002878704777518893,0.008112549781799316,-0.0017132904856109743,goal_capture,TERMINAL_SETTLING,NONE,DIRECT_LOCAL,PASS_THROUGH,0,6,0,0,0,0,1,0.42005500921052485,0.6200550092105249,inf,0.0,0,0,0,CLEAR,none,nan,0.0,0.0,0,0,0,0,0.03926572556217125,0,0,0,1,0.0,0.42005500921052485,,2.7500000000000004,18.35,2.0,2.7500000000000004,18.35,2.0,2.7500000000000004,18.35,2.0,2.439111961879407,0.0,0.0,0,0,1,0,unmatched_render_rate,unmatched render attempts 1.1% > 1.0%,1,1,PASS_THROUGH,-1,0.9999997651708662,-0.0006853161406000808,0.0,0.12401100184210498,0,0.9999141859243185,-0.0006852574917473738,0.013082477191929577,0.6201080776050465,0.12402161552100929,0,0,0,CORRIDOR_CLEAR,1,0,0,0,1
1787562322791155456,1787562322807817728,joint_v2_000000_07a44bf5,248,241,0.03333333333333333,8.033333333333333,16.6623592376709,frame_id_exact,1,,3.1025214195251465,17.85869789123535,1.992077350616455,0.05646793909102976,0.019261428120698393,0.3059457998322484,0.9501776343434784,-0.2565162479877472,0.3572496771812439,0.006962404120713472,0.4375034395228964,-0.00016523181874729506,-0.04546543195699284,0.62313307488278,-0.0003963669005315751,depth/000248.png,1.0,0.002051298831436725,-0.11909505162812942,-0.9928807384831259,0.4375034395228964,-0.00016523181874729506,-0.04546543195699284,-0.0003963669005315751,0.9999139042777663,-0.0007420465858610673,0.01310089305575741,0.6046892700392622,0.12093785400785244,0.4046891586024598,-0.00030032406509325477,0.007922649383544922,-0.0018552758554124527,0.4046891586024598,-0.00030032406509325477,0.007922649383544922,-0.0018552758554124527,goal_capture,TERMINAL_SETTLING,NONE,DIRECT_LOCAL,PASS_THROUGH,0,6,0,0,0,0,1,0.40468927003926225,0.6046892700392622,inf,0.0,0,0,0,CLEAR,none,nan,0.0,0.0,0,0,0,0,0.04251979053906284,0,0,0,1,0.0,0.40468927003926225,,2.7500000000000004,18.35,2.0,2.7500000000000004,18.35,2.0,2.7500000000000004,18.35,2.0,2.425185646343096,0.0,0.0,0,0,1,0,unmatched_render_rate,unmatched render attempts 1.1% > 1.0%,0,1,PASS_THROUGH,-1,0.9999141859243185,-0.0006852574917473738,0.013082477191929577,0.12401100184210498,0,0.9999139042777663,-0.0007420465858610673,0.01310089305575741,0.6047411691574094,0.12094823383148187,0,0,0,CORRIDOR_CLEAR,1,0,0,0,1
1787562322834983936,1787562322853837568,joint_v2_000000_07a44bf5,249,242,0.03333333333333333,8.066666666666666,18.85366439819336,frame_id_exact,1,,3.094334602355957,17.8701229095459,1.992347240447998,0.04018530795956916,0.013943501893764636,0.30622109388477886,0.9510096537044945,-0.23582851886749268,0.3296031951904297,0.009238431230187416,0.4046003189837354,-0.0008163979714444533,-0.025231341129288987,0.6231058577756347,-0.00042288601980544627,depth/000249.png,1.0,0.0019096318918821846,-0.08497282041826285,-0.9963814395582663,0.4046003189837354,-0.0008163979714444533,-0.025231341129288987,-0.00042288601980544627,0.9999158255748064,-0.0006998179615624572,0.01295577168191243,0.5906338462383697,0.11812676924767393,0.39063375056677774,-0.00027339552795054646,0.007652759552001953,-0.0017496918975579145,0.39063375056677774,-0.00027339552795054646,0.007652759552001953,-0.0017496918975579145,goal_capture,TERMINAL_SETTLING,NONE,DIRECT_LOCAL,PASS_THROUGH,0,6,0,0,0,0,1,0.39063384623836966,0.5906338462383697,inf,0.0,0,0,0,CLEAR,none,nan,0.0,0.0,0,0,0,0,0.04009998447132196,0,0,0,1,0.0,0.39063384623836966,,2.7500000000000004,18.35,2.0,2.7500000000000004,18.35,2.0,2.7500000000000004,18.35,2.0,2.4121992851600287,0.0,0.0,0,0,1,0,unmatched_render_rate,unmatched render attempts 1.1% > 1.0%,0,1,PASS_THROUGH,-1,0.9999141859243185,-0.0006852574917473738,0.013082477191929577,0.12401100184210498,0,0.9999158255748064,-0.0006998179615624572,0.01295577168191243,0.590683422021552,0.1181366844043104,0,0,0,CORRIDOR_CLEAR,1,0,0,0,1
1787562322881602816,1787562322898367488,joint_v2_000000_07a44bf5,250,243,0.03333333333333333,8.1,16.76464080810547,frame_id_exact,1,,3.0867152214050293,17.88079261779785,1.992687702178955,0.020273163985240417,0.007238823281622847,0.30642910236956594,0.9516500425474205,-0.22271713614463806,0.3123050928115845,0.011129135265946388,0.3837062092675869,-0.0013531691922892732,-0.005381940442365618,0.6230571358606615,-0.0004287472984287888,depth/000250.png,1.0,0.0013530780835228125,-0.04302228697904896,-0.99907319651905,0.3837062092675869,-0.0013531691922892732,-0.005381940442365618,-0.0004287472984287888,0.9999196732812039,-0.0005995583770029027,0.01266047056641796,0.5775229067654649,0.11550458135309298,0.37752283890045457,-0.00022636516374352817,0.007312297821044922,-0.0014990161739258934,0.37752283890045457,-0.00022636516374352817,0.007312297821044922,-0.0014990161739258934,goal_capture,TERMINAL_SETTLING,NONE,DIRECT_LOCAL,PASS_THROUGH,0,6,0,0,0,0,1,0.3775229067654649,0.5775229067654649,inf,0.0,0,0,0,CLEAR,none,nan,0.0,0.0,0,0,0,0,0.0343549200751209,0,0,0,1,0.0,0.3775229067654649,,2.7500000000000004,18.35,2.0,2.7500000000000004,18.35,2.0,2.7500000000000004,18.35,2.0,2.39970141320745,0.0,0.0,0,0,1,0,unmatched_render_rate,unmatched render attempts 1.1% > 1.0%,0,1,PASS_THROUGH,-1,0.9999141859243185,-0.0006852574917473738,0.013082477191929577,0.12401100184210498,0,0.9999196732812039,-0.0005995583770029027,0.01266047056641796,0.5775691971861515,0.1155138394372303,0,0,0,CORRIDOR_CLEAR,1,0,0,0,1
1787562322929752064,1787562322946626560,joint_v2_000000_07a44bf5,251,244,0.03333333333333333,8.133333333333333,16.87455177307129,frame_id_exact,1,,3.0793936252593994,17.89107322692871,1.993077039718628,0.000997758154165194,0.0005825365849427188,0.3064978760420375,0.9518706409547008,-0.21792669594287872,0.30618569254875183,0.012047483585774899,0.3758438944516332,-0.0016694006041066158,0.011200227316479447,0.6230242776599394,-0.00045913958456367254,depth/000251.png,1.0,0.000497377434867465,-0.002256565839449455,-0.999997330259586,0.3758438944516332,-0.0016694006041066158,0.011200227316479447,-0.00045913958456367254,0.9999247958287799,-0.00048612591242085427,0.012254238791933724,0.5649017112765344,0.11298034225530688,0.36490166815356145,-0.00017740149770765766,0.00692296028137207,-0.0012154060889113527,0.36490166815356145,-0.00017740149770765766,0.00692296028137207,-0.0012154060889113527,goal_capture,TERMINAL_SETTLING,NONE,DIRECT_LOCAL,PASS_THROUGH,0,6,0,0,0,0,1,0.3649017112765344,0.5649017112765344,inf,0.0,0,0,0,CLEAR,none,nan,0.0,0.0,0,0,0,0,0.027855055715649037,0,0,0,1,0.0,0.3649017112765344,,2.7500000000000004,18.35,2.0,2.7500000000000004,18.35,2.0,2.7500000000000004,18.35,2.0,2.3872567784358383,0.0,0.0,0,0,1,0,unmatched_render_rate,unmatched render attempts 1.1% > 1.0%,0,1,PASS_THROUGH,-1,0.9999141859243185,-0.0006852574917473738,0.013082477191929577,0.12401100184210498,0,0.9999247958287799,-0.00048612591242085427,0.012254238791933724,0.5649441306733035,0.1129888261346607,0,0,0,CORRIDOR_CLEAR,1,0,0,0,1
1787562322972937216,1787562322990945536,joint_v2_000000_07a44bf5,252,245,0.03333333333333333,8.166666666666666,18.00847053527832,frame_id_exact,1,,3.0721054077148438,17.90131378173828,1.9934718608856201,-0.013539909825200612,-0.00460885565369536,0.30646249194309416,0.9517752730153888,-0.22041916847229004,0.3096819519996643,0.011368237435817719,0.37963081264810283,-0.0016956302413238865,0.022233510135852803,0.6230215962739555,-0.0005414238548837602,depth/000252.png,1.0,-0.00047424068473731103,0.02859878551824311,-0.9995908585829777,0.37963081264810283,-0.0016956302413238865,0.022233510135852803,-0.0005414238548837602,0.9999300833592877,-0.00039238287460786154,0.011818393662744626,0.5523325231571552,0.11046650463143104,0.35233249603004646,-0.00013825890420816284,0.006528139114379883,-0.0009810257261921862,0.35233249603004646,-0.00013825890420816284,0.006528139114379883,-0.0009810257261921862,goal_capture,TERMINAL_SETTLING,NONE,DIRECT_LOCAL,PASS_THROUGH,0,6,0,0,0,0,1,0.3523325231571552,0.5523325231571552,inf,0.0,0,0,0,CLEAR,none,nan,0.0,0.0,0,0,0,0,0.02248345348182759,0,0,0,1,0.0,0.3523325231571552,,2.7500000000000004,18.35,2.0,2.7500000000000004,18.35,2.0,2.7500000000000004,18.35,2.0,2.3745314235674093,0.0,0.0,0,0,1,0,unmatched_render_rate,unmatched render attempts 1.1% > 1.0%,0,1,PASS_THROUGH,-1,0.9999141859243185,-0.0006852574917473738,0.013082477191929577,0.12401100184210498,0,0.9999300833592877,-0.00039238287460786154,0.011818393662744626,0.552371100563241,0.11047422011264821,0,0,0,CORRIDOR_CLEAR,1,0,0,0,1
1787562323018285312,1787562323039372032,joint_v2_000000_07a44bf5,253,246,0.03333333333333333,8.2,21.086692810058594,frame_id_exact,1,,3.0646467208862305,17.911781311035156,1.9938158988952637,-0.020288076086647157,-0.0072409461496642635,0.3064181019261838,0.9516532506535744,-0.22763592004776,0.319227933883667,0.009085851721465588,0.39132015485611193,-0.0014165487307046117,0.025955122080461086,0.6230341428768519,-0.0006568405660800636,depth/000253.png,1.0,-0.00134847234986212,0.0430519410653893,-0.9990719253351201,0.39132015485611193,-0.0014165487307046117,0.025955122080461086,-0.0006568405660800636,0.9999342537946171,-0.0003209084548447801,0.011462334228499075,0.5394795439333403,0.10789590878666806,0.3394795264508616,-0.00010894901326903616,0.006184101104736328,-0.0008023238593179993,0.3394795264508616,-0.00010894901326903616,0.006184101104736328,-0.0008023238593179993,goal_capture,TERMINAL_SETTLING,NONE,DIRECT_LOCAL,PASS_THROUGH,0,6,0,0,0,0,1,0.3394795439333403,0.5394795439333403,inf,0.0,0,0,0,CLEAR,none,nan,0.0,0.0,0,0,0,0,0.018387908376627748,0,0,0,1,0.0,0.3394795439333403,,2.7500000000000004,18.35,2.0,2.7500000000000004,18.35,2.0,2.7500000000000004,18.35,2.0,2.3613602588101954,0.0,0.0,0,0,1,0,unmatched_render_rate,unmatched render attempts 1.1% > 1.0%,1,1,PASS_THROUGH,-1,0.9999999485021144,-0.00032092953821809386,0.0,0.10789590878666806,0,0.9999342537946171,-0.0003209084548447801,0.011462334228499075,0.539514987214441,0.1079029974428882,0,0,0,CORRIDOR_CLEAR,1,0,0,0,1
1787562323071429376,1787562323089229312,joint_v2_000000_07a44bf5,254,247,0.03333333333333333,8.233333333333333,17.799854278564453,frame_id_exact,1,,3.0569162368774414,17.922607421875,1.9940680265426636,-0.01793792591892263,-0.006790249546554213,0.3064295694205082,0.9517000800197427,-0.23609837889671326,0.3300905227661133,0.006036123260855675,0.4053052674770283,-0.0008822714760830887,0.02157531631516059,0.623035226141886,-0.000754952838178724,depth/000254.png,1.0,-0.0019311402423544625,0.038304517554470584,-0.9992642466496455,0.4053052674770283,-0.0008822714760830887,0.02157531631516059,-0.000754952838178724,0.9999364248436514,-0.00025591607285206994,0.011273011037887175,0.5261767690570773,0.10523535381141547,0.3261767583745661,-8.347918226088613e-05,0.005931973457336426,-0.0006398308455068946,0.3261767583745661,-8.347918226088613e-05,0.005931973457336426,-0.0006398308455068946,goal_capture,TERMINAL_SETTLING,NONE,DIRECT_LOCAL,PASS_THROUGH,0,6,0,0,0,0,1,0.3261767690570773,0.5261767690570773,inf,0.0,0,0,0,CLEAR,none,nan,0.0,0.0,0,0,0,0,0.01466384281993283,0,0,0,1,0.0,0.3261767690570773,,2.7500000000000004,18.35,2.0,2.7500000000000004,18.35,2.0,2.7500000000000004,18.35,2.0,2.3477886501965606,0.0,0.0,0,0,1,0,unmatched_render_rate,unmatched render attempts 1.1% > 1.0%,0,1,PASS_THROUGH,-1,0.9999342537946171,-0.0003209084548447801,0.011462334228499075,0.10789590878666806,0,0.9999364248436514,-0.00025591607285206994,0.011273011037887175,0.5262102057205309,0.10524204114410618,0,0,0,CORRIDOR_CLEAR,1,0,0,0,1
1787562323117911296,1787562323135012096,joint_v2_000000_07a44bf5,255,248,0.03333333333333333,8.266666666666667,17.100811004638672,frame_id_exact,1,,3.048933506011963,17.933748245239258,1.9942234754562378,-0.007212278184952987,-0.003422246572124879,0.3064761066006138,0.9518448756781284,-0.24216328561306,0.33739522099494934,0.003478364320471883,0.41519830165650423,-0.00020628399457409377,0.010050811706386015,0.6230146397680174,-0.0007954347529448569,depth/000255.png,1.0,-0.0020941138502783467,0.015827613675129564,-0.9998725425435648,0.41519830165650423,-0.00020628399457409377,0.010050811706386015,-0.0007954347529448569,0.9999364566840869,-0.00020737193341120646,0.011271184097253365,0.5124712327126297,0.10249424654252595,0.3124712259931572,-6.48018799959162e-05,0.005776524543762207,-0.0005184627709386991,0.3124712259931572,-6.48018799959162e-05,0.005776524543762207,-0.0005184627709386991,goal_capture,TERMINAL_SETTLING,NONE,DIRECT_LOCAL,PASS_THROUGH,0,6,0,0,0,0,1,0.31247123271262967,0.5124712327126297,inf,0.0,0,0,0,CLEAR,none,nan,0.0,0.0,0,0,0,0,0.011882291443778163,0,0,0,1,0.0,0.31247123271262967,,2.7500000000000004,18.35,2.0,2.7500000000000004,18.35,2.0,2.7500000000000004,18.35,2.0,2.334046114126798,0.0,0.0,0,0,1,0,unmatched_render_rate,unmatched render attempts 1.1% > 1.0%,0,1,PASS_THROUGH,-1,0.9999342537946171,-0.0003209084548447801,0.011462334228499075,0.10789590878666806,0,0.9999364566840869,-0.00020737193341120646,0.011271184097253365,0.5125037878823989,0.10250075757647978,0,0,0,CORRIDOR_CLEAR,1,0,0,0,1
1787562323165503232,1787562323181117696,joint_v2_000000_07a44bf5,256,249,0.03333333333333333,8.3,15.614509582519531,frame_id_exact,1,,3.040832996368408,17.94501495361328,1.994316577911377,0.009334512180662169,0.0020573721421125414,0.3064761141056519,0.9518303554651519,-0.24276529252529144,0.33711856603622437,0.002342697698622942,0.41540130929156394,0.0004574158682330618,-0.005562918595089717,0.6229898038497547,-0.0007778932922519743,depth/000256.png,1.0,-0.0018050715257002699,-0.01903081493279467,-0.9998172682044358,0.41540130929156394,0.0004574158682330618,-0.005562918595089717,-0.0007778932922519743,0.9999350195595409,-0.00019762239660849764,0.011398140368012446,0.49859474483139127,0.09971894896627825,0.29859473899988265,-5.9012842616369416e-05,0.005683422088623047,-0.0004940880911508128,0.29859473899988265,-5.9012842616369416e-05,0.005683422088623047,-0.0004940880911508128,goal_capture,TERMINAL_SETTLING,NONE,DIRECT_LOCAL,PASS_THROUGH,0,6,0,0,0,0,1,0.2985947448313912,0.49859474483139127,inf,0.0,0,0,0,CLEAR,none,nan,0.0,0.0,0,0,0,0,0.011323664932246676,0,0,0,1,0.0,0.2985947448313912,,2.7500000000000004,18.35,2.0,2.7500000000000004,18.35,2.0,2.7500000000000004,18.35,2.0,2.3204959405226773,0.0,0.0,0,0,1,0,unmatched_render_rate,unmatched render attempts 1.1% > 1.0%,0,1,PASS_THROUGH,-1,0.9999342537946171,-0.0003209084548447801,0.011462334228499075,0.10789590878666806,0,0.9999350195595409,-0.00019762239660849764,0.011398140368012446,0.498627136104843,0.0997254272209686,0,0,0,CORRIDOR_CLEAR,1,0,0,0,1
1787562323210444544,1787562323227202560,joint_v2_000000_07a44bf5,257,250,0.03333333333333333,8.333333333333334,16.758203506469727,frame_id_exact,1,,3.0328311920166016,17.956111907958984,1.9943976402282715,0.027916173734112565,0.008393597953086588,0.3063682680250801,0.9514666148135528,-0.23605559766292572,0.3269265592098236,0.0026789449620991945,0.40271085099723763,0.000955373079218878,-0.020819577379128557,0.6229916131864205,-0.0007391399121843278,depth/000257.png,1.0,-0.0011328031325560754,-0.05826567877745818,-0.9983004695148976,0.40271085099723763,0.000955373079218878,-0.020819577379128557,-0.0007391399121843278,0.9999332348445295,-0.00025423310485233767,0.011552541663357913,0.4849137162725387,0.09698274325450774,0.2849137070636858,-7.24393327850965e-05,0.005602359771728516,-0.0006356251860495377,0.2849137070636858,-7.24393327850965e-05,0.005602359771728516,-0.0006356251860495377,goal_capture,TERMINAL_SETTLING,NONE,DIRECT_LOCAL,PASS_THROUGH,0,6,0,0,0,0,1,0.2849137162725387,0.4849137162725387,inf,0.0,0,0,0,CLEAR,none,nan,0.0,0.0,0,0,0,0,0.014567456205142496,0,0,0,1,0.0,0.2849137162725387,,2.7500000000000004,18.35,2.0,2.7500000000000004,18.35,2.0,2.7500000000000004,18.35,2.0,2.307558904031593,0.0,0.0,0,0,1,0,unmatched_render_rate,unmatched render attempts 1.1% > 1.0%,0,1,PASS_THROUGH,-1,0.9999342537946171,-0.0003209084548447801,0.011462334228499075,0.10789590878666806,0,0.9999332348445295,-0.00025423310485233767,0.011552541663357913,0.484946078099675,0.096989215619935,0,0,0,CORRIDOR_CLEAR,1,0,0,0,1
1787562323256292608,1787562323276454400,joint_v2_000000_07a44bf5,258,251,0.03333333333333333,8.366666666666667,20.161867141723633,frame_id_exact,1,,3.0251801013946533,17.966697692871094,1.9945045709609985,0.044348720257716114,0.014159998073016853,0.3061771191078368,0.9508355573919712,-0.22183756530284882,0.306729257106781,0.0037269408348947763,0.3772469188676874,0.0011778882381438263,-0.03149614923915586,0.6230369117145019,-0.0007239066762849689,depth/000258.png,1.0,-0.00022946748840132689,-0.09300761512486985,-0.99566537093215,0.3772469188676874,0.0011778882381438263,-0.03149614923915586,-0.0007239066762849689,0.9999321121054024,-0.0003855480442008096,0.011645708786265545,0.47185246301562833,0.09437049260312566,0.2718524428078204,-0.00010481929359690699,0.005495429039001465,-0.0009639355022883489,0.2718524428078204,-0.00010481929359690699,0.005495429039001465,-0.0009639355022883489,goal_capture,TERMINAL_SETTLING,NONE,DIRECT_LOCAL,PASS_THROUGH,0,6,0,0,0,0,1,0.2718524630156283,0.47185246301562833,inf,0.0,0,0,0,CLEAR,none,nan,0.0,0.0,0,0,0,0,0.0220917744015782,0,0,0,1,0.0,0.2718524630156283,,2.7500000000000004,18.35,2.0,2.7500000000000004,18.35,2.0,2.7500000000000004,18.35,2.0,2.2956082940096603,0.0,0.0,0,0,1,0,unmatched_render_rate,unmatched render attempts 1.1% > 1.0%,0,1,PASS_THROUGH,-1,0.9999342537946171,-0.0003209084548447801,0.011462334228499075,0.10789590878666806,0,0.9999321121054024,-0.0003855480442008096,0.011645708786265545,0.471884463183773,0.0943768926367546,0,0,0,CORRIDOR_CLEAR,1,0,0,0,1
1787562323305224704,1787562323322152704,joint_v2_000000_07a44bf5,259,252,0.03333333333333333,8.4,16.92795753479004,frame_id_exact,1,,3.018109083175659,17.97647476196289,1.9946447610855103,0.054955250891915455,0.018067816271405232,0.30600704345573276,0.9502700478127629,-0.20164591073989868,0.2787465453147888,0.004561458248645067,0.3422584256744257,0.001086515246156551,-0.03520662272769791,0.6231113976109167,-0.0007515843026340008,depth/000259.png,1.0,0.0007052215685947952,-0.11550241586307396,-0.9933069488291787,0.3422584256744257,0.001086515246156551,-0.03520662272769791,-0.0007515843026340008,0.9999320257292899,-0.0005516686871494749,0.011646440768684263,0.4597864547069352,0.09195729094138703,0.25978641517008016,-0.00014332577306105132,0.005355238914489746,-0.001379265332498436,0.25978641517008016,-0.00014332577306105132,0.005355238914489746,-0.001379265332498436,goal_capture,TERMINAL_SETTLING,NONE,DIRECT_LOCAL,PASS_THROUGH,0,6,0,0,0,0,1,0.2597864547069352,0.4597864547069352,inf,0.0,0,0,0,CLEAR,none,nan,0.0,0.0,0,0,0,0,0.03161043295234743,0,0,0,1,0.0,0.2597864547069352,,2.7500000000000004,18.35,2.0,2.7500000000000004,18.35,2.0,2.7500000000000004,18.35,2.0,2.2848943019153385,0.0,0.0,0,0,1,0,unmatched_render_rate,unmatched render attempts 1.1% > 1.0%,1,1,PASS_THROUGH,-1,0.9999998478101755,-0.0005517061050112429,0.0,0.09195729094138703,0,0.9999320257292899,-0.0005516686871494749,0.011646440768684263,0.45981764050088797,0.09196352810017759,0,0,0,CORRIDOR_CLEAR,1,0,0,0,1
1787562323348622848,1787562323366317568,joint_v2_000000_07a44bf5,260,253,0.03333333333333333,8.433333333333334,17.694711685180664,frame_id_exact,1,,3.0117712020874023,17.98524284362793,1.9948019981384277,0.05736987153568388,0.01924791441885398,0.3059669559509419,0.9501170651538777,-0.17838242650032043,0.2469819337129593,0.0047690956853330135,0.30300858290829563,0.0007154953807811452,-0.032068624676735574,0.6231770826726475,-0.0008041709079407156,depth/000260.png,1.0,0.0014689740018095296,-0.12079463950975991,-0.9926764312610072,0.30300858290829563,0.0007154953807811452,-0.032068624676735574,-0.0008041709079407156,0.9999327421452878,-0.0006975472017092372,0.011576900004182046,0.4489676440089234,0.08979352880178468,0.24896758343044254,-0.00017367832236958093,0.005198001861572266,-0.0017439850180867023,0.24896758343044254,-0.00017367832236958093,0.005198001861572266,-0.0017439850180867023,goal_capture,TERMINAL_SETTLING,NONE,DIRECT_LOCAL,PASS_THROUGH,0,6,0,0,0,0,1,0.24896764400892343,0.4489676440089234,inf,0.0,0,0,0,CLEAR,none,nan,0.0,0.0,0,0,0,0,0.03996919242816583,0,0,0,1,0.0,0.24896764400892343,,2.7500000000000004,18.35,2.0,2.7500000000000004,18.35,2.0,2.7500000000000004,18.35,2.0,2.2754791534858034,0.0,0.0,0,0,1,0,unmatched_render_rate,unmatched render attempts 1.1% > 1.0%,0,1,PASS_THROUGH,-1,0.9999320257292899,-0.0005516686871494749,0.011646440768684263,0.09195729094138703,0,0.9999327421452878,-0.0006975472017092372,0.011576900004182046,0.44899773339102317,0.08979954667820464,0,0,0,CORRIDOR_CLEAR,1,0,0,0,1
1787562323394698496,1787562323411408896,joint_v2_000000_07a44bf5,261,254,0.03333333333333333,8.466666666666667,16.710519790649414,frame_id_exact,1,,3.006211042404175,17.992958068847656,1.9949582815170288,0.05104819520989382,0.017438737426944243,0.30608678384223337,0.9504740148788312,-0.15561823546886444,0.21626196801662445,0.004613382276147604,0.26537918354394147,0.0001547170316676826,-0.02411270041043607,0.6231999529402152,-0.0008461458492092788,depth/000261.png,1.0,0.001899777767717055,-0.1077155002134973,-0.9941799444055334,0.26537918354394147,0.0001547170316676826,-0.02411270041043607,-0.0008461458492092788,0.9999339048915746,-0.0007634152652789133,0.011471837055159102,0.43945766445794254,0.0878915328915885,0.2394575946704414,-0.00018281766651187113,0.005041718482971191,-0.0019086639457321919,0.2394575946704414,-0.00018281766651187113,0.005041718482971191,-0.0019086639457321919,goal_capture,TERMINAL_SETTLING,NONE,DIRECT_LOCAL,PASS_THROUGH,0,6,0,0,0,0,1,0.23945766445794253,0.43945766445794254,inf,0.0,0,0,0,CLEAR,none,nan,0.0,0.0,0,0,0,0,0.043743355439696555,0,0,0,1,0.0,0.23945766445794253,,2.7500000000000004,18.35,2.0,2.7500000000000004,18.35,2.0,2.7500000000000004,18.35,2.0,2.267232887725995,0.0,0.0,0,0,1,0,unmatched_render_rate,unmatched render attempts 1.1% > 1.0%,0,1,PASS_THROUGH,-1,0.9999320257292899,-0.0005516686871494749,0.011646440768684263,0.09195729094138703,0,0.9999339048915746,-0.0007634152652789133,0.011471837055159102,0.43948658429591586,0.08789731685918317,0,0,0,CORRIDOR_CLEAR,1,0,0,0,1
1787562323442483200,1787562323460436992,joint_v2_000000_07a44bf5,262,255,0.03333333333333333,8.5,17.953872680664062,frame_id_exact,1,,3.001352548599243,17.999727249145508,1.9951107501983643,0.03734857595941126,0.013030758366825844,0.3062933934706787,0.9511149459063324,-0.13679349422454834,0.19115738570690155,0.0046265097334980965,0.2346908801047015,-0.0004729617192064133,-0.013963447556589143,0.6231732514943719,-0.0008555216481909156,depth/000262.png,1.0,0.001908253934553135,-0.07902804800597102,-0.996870566420379,0.2346908801047015,-0.0004729617192064133,-0.013963447556589143,-0.0008555216481909156,0.9999354280850801,-0.0007385495086791153,0.011339938488841898,0.43112539205955946,0.08622507841191189,0.23112532901715005,-0.00017070852116500055,0.004889249801635742,-0.001846492667516575,0.23112532901715005,-0.00017070852116500055,0.004889249801635742,-0.001846492667516575,goal_capture,TERMINAL_SETTLING,NONE,DIRECT_LOCAL,PASS_THROUGH,0,6,0,0,0,0,1,0.23112539205955943,0.43112539205955946,inf,0.0,0,0,0,CLEAR,none,nan,0.0,0.0,0,0,0,0,0.042318494700221164,0,0,0,1,0.0,0.23112539205955943,,2.7500000000000004,18.35,2.0,2.7500000000000004,18.35,2.0,2.7500000000000004,18.35,2.0,2.2598469634039215,0.0,0.0,0,0,1,0,unmatched_render_rate,unmatched render attempts 1.1% > 1.0%,0,1,PASS_THROUGH,-1,0.9999320257292899,-0.0005516686871494749,0.011646440768684263,0.09195729094138703,0,0.9999354280850801,-0.0007385495086791153,0.011339938488841898,0.4311531148468391,0.08623062296936782,0,0,0,CORRIDOR_CLEAR,1,0,0,0,1
1787562323488322048,1787562323503836416,joint_v2_000000_07a44bf5,263,256,0.03333333333333333,8.533333333333333,15.514373779296875,frame_id_exact,1,,2.997018575668335,18.005807876586914,1.9952704906463623,0.019192590998327503,0.006965849149599348,0.3064659490968284,0.9516626205964887,-0.12450047582387924,0.17503339052200317,0.005018311552703381,0.21481881361193678,-0.0010351630533437513,-0.0037477306004264762,0.623120965955254,-0.0008416866767220199,depth/000263.png,1.0,0.0014945252809157091,-0.04079933403280446,-0.9991662427927919,0.21481881361193678,-0.0010351630533437513,-0.0037477306004264762,-0.0008416866767220199,0.9999374956158523,-0.0006298331987222138,0.011162803036831582,0.4236583464831334,0.08473166929662668,0.22365830211610158,-0.00014087622922451476,0.004729509353637695,-0.0015746812130523757,0.22365830211610158,-0.00014087622922451476,0.004729509353637695,-0.0015746812130523757,goal_capture,TERMINAL_SETTLING,NONE,DIRECT_LOCAL,PASS_THROUGH,0,6,0,0,0,0,1,0.22365834648313335,0.4236583464831334,inf,0.0,0,0,0,CLEAR,none,nan,0.0,0.0,0,0,0,0,0.03608903503457677,0,0,0,1,0.0,0.22365834648313335,,2.7500000000000004,18.35,2.0,2.7500000000000004,18.35,2.0,2.7500000000000004,18.35,2.0,2.252923331632724,0.0,0.0,0,0,1,0,unmatched_render_rate,unmatched render attempts 1.1% > 1.0%,0,1,PASS_THROUGH,-1,0.9999320257292899,-0.0005516686871494749,0.011646440768684263,0.09195729094138703,0,0.9999374956158523,-0.0006298331987222138,0.011162803036831582,0.42368474459620187,0.08473694891924037,0,0,0,CORRIDOR_CLEAR,1,0,0,0,1
1787562323533327872,1787562323548983040,joint_v2_000000_07a44bf5,264,257,0.03333333333333333,8.566666666666666,15.655279159545898,frame_id_exact,1,,2.9929661750793457,18.011518478393555,1.9954450130462646,0.0004225491384670972,0.0005294550434395104,0.306523871108243,0.951862730424088,-0.11994921416044235,0.16935664415359497,0.005402751266956329,0.20753302501975016,-0.0014129099637089529,0.005169509600907411,0.623078476278378,-0.0008355918689630926,depth/000264.png,1.0,0.0007488942512574978,-0.0011289987723449976,-0.9999990822591651,0.20753302501975016,-0.0014129099637089529,0.005169509600907411,-0.0008355918689630926,0.9999401244795904,-0.0004977293440716514,0.01093159280440331,0.41665609644130075,0.08333121928826015,0.2166560696014969,-0.00010784254054016915,0.0045549869537353516,-0.001244397766376748,0.2166560696014969,-0.00010784254054016915,0.0045549869537353516,-0.001244397766376748,goal_capture,TERMINAL_SETTLING,NONE,DIRECT_LOCAL,PASS_THROUGH,0,6,0,0,0,0,1,0.21665609644130077,0.41665609644130075,inf,0.0,0,0,0,CLEAR,none,nan,0.0,0.0,0,0,0,0,0.028519496019557715,0,0,0,1,0.0,0.21665609644130077,,2.7500000000000004,18.35,2.0,2.7500000000000004,18.35,2.0,2.7500000000000004,18.35,2.0,2.246033462430791,0.0,0.0,0,0,1,0,unmatched_render_rate,unmatched render attempts 1.1% > 1.0%,0,1,PASS_THROUGH,-1,0.9999320257292899,-0.0005516686871494749,0.011646440768684263,0.09195729094138703,0,0.9999401244795904,-0.0004977293440716514,0.01093159280440331,0.41668099381643414,0.08333619876328682,0,0,0,CORRIDOR_CLEAR,1,0,0,0,1
1787562323576700672,1787562323593120768,joint_v2_000000_07a44bf5,265,258,0.03333333333333333,8.6,16.42012596130371,frame_id_exact,1,,2.9889400005340576,18.017208099365234,1.9956222772598267,-0.015006611495795259,-0.004919189067328548,0.30647836089098135,0.9517466141236919,-0.12270362675189972,0.17337548732757568,0.005087215453386307,0.2121314392543342,-0.0015233064437938932,0.011792005875848968,0.6230652072780796,-0.0008614466059952974,depth/000265.png,1.0,-0.00016523969061027662,0.031580233365720994,-0.9995012063806683,0.2121314392543342,-0.0015233064437938932,0.011792005875848968,-0.0008614466059952974,0.9999428460626651,-0.00036964790539757253,0.010684941203536299,0.4096861884214745,0.0819372376842949,0.20968617409412255,-7.75144853027503e-05,0.00437772274017334,-0.0009241725414987911,0.20968617409412255,-7.75144853027503e-05,0.00437772274017334,-0.0009241725414987911,goal_capture,TERMINAL_SETTLING,NONE,DIRECT_LOCAL,PASS_THROUGH,0,6,0,0,0,0,1,0.2096861884214745,0.4096861884214745,inf,0.0,0,0,0,CLEAR,none,nan,0.0,0.0,0,0,0,0,0.021180474467903863,0,0,0,1,0.0,0.2096861884214745,,2.7500000000000004,18.35,2.0,2.7500000000000004,18.35,2.0,2.7500000000000004,18.35,2.0,2.238829875227423,0.0,0.0,0,0,1,0,unmatched_render_rate,unmatched render attempts 1.1% > 1.0%,1,1,PASS_THROUGH,-1,0.99999993167241,-0.00036966900817978073,0.0,0.0819372376842949,0,0.9999428460626651,-0.00036964790539757253,0.010684941203536299,0.40970957694409066,0.08194191538881813,0,0,0,CORRIDOR_CLEAR,1,0,0,0,1
1787562323628595968,1787562323646302720,joint_v2_000000_07a44bf5,266,259,0.03333333333333333,8.633333333333333,17.706632614135742,frame_id_exact,1,,2.9847261905670166,18.02315330505371,1.9957712888717651,-0.023873214201980204,-0.008236473988451893,0.3064110696729661,0.9515642314220164,-0.13078320026397705,0.1842939853668213,0.0036844664718955755,0.2255054610495022,-0.001337875750094895,0.015086117200424716,0.6230726887417534,-0.000909307214897126,depth/000266.png,1.0,-0.0010450338805761093,0.05048128705763113,-0.9987244602798079,0.2255054610495022,-0.001337875750094895,0.015086117200424716,-0.000909307214897126,0.9999447521733443,-0.0002665819004123176,0.01050816516236175,0.40239923774209196,0.08047984754841839,0.20239923054945463,-5.3958952636710294e-05,0.004228711128234863,-0.0006664915574516872,0.20239923054945463,-5.3958952636710294e-05,0.004228711128234863,-0.0006664915574516872,goal_capture,TERMINAL_SETTLING,NONE,DIRECT_LOCAL,PASS_THROUGH,0,6,0,0,0,0,1,0.20239923774209195,0.40239923774209196,inf,0.0,0,0,0,CLEAR,none,nan,0.0,0.0,0,0,0,0,0.015274861329233084,0,0,0,1,0.0,0.20239923774209195,,2.7500000000000004,18.35,2.0,2.7500000000000004,18.35,2.0,2.7500000000000004,18.35,2.0,2.2311023148320395,0.0,0.0,0,0,1,0,unmatched_render_rate,unmatched render attempts 1.1% > 1.0%,0,1,PASS_THROUGH,-1,0.9999428460626651,-0.00036964790539757253,0.010684941203536299,0.0819372376842949,0,0.9999447521733443,-0.0002665819004123176,0.01050816516236175,0.40242145635294185,0.08048429127058837,0,0,0,CORRIDOR_CLEAR,1,0,0,0,1
1787562323673557248,1787562323692455680,joint_v2_000000_07a44bf5,267,260,0.03333333333333333,8.666666666666666,18.898487091064453,frame_id_exact,1,,2.9801957607269287,18.029521942138672,1.9958590269088745,-0.024407328936815072,-0.008749471783256685,0.3063989910927503,0.9515499920104192,-0.14112815260887146,0.19792716205120087,0.001510528032667935,0.242682809695111,-0.0008917627741827613,0.01410167610654258,0.6230759473385039,-0.0009379300172440708,depth/000267.png,1.0,-0.0016943576878885175,0.05181124596361278,-0.9986554580753683,0.242682809695111,-0.0008917627741827613,0.01410167610654258,-0.0009379300172440708,0.9999449205356693,-0.00018085491369299617,0.010493959520324107,0.3945836715162183,0.07891673430324367,0.19458366833359783,-3.519335097344785e-05,0.004140973091125488,0.0,0.19458366833359783,-3.519335097344785e-05,0.004140973091125488,0.0,goal_capture,TERMINAL_SETTLING,NONE,DIRECT_LOCAL,PASS_THROUGH,0,6,0,0,0,0,1,0.19458367151621833,0.39458367151621837,inf,0.0,0,0,0,CLEAR,none,nan,0.0,0.0,0,0,0,0,0.010362793922966428,0,0,0,1,0.0,0.19458367151621833,,2.7500000000000004,18.35,2.0,2.7500000000000004,18.35,2.0,2.7500000000000004,18.35,2.0,2.2228286872487923,0.0,0.0,0,0,1,0,unmatched_render_rate,unmatched render attempts 1.1% > 1.0%,0,1,PASS_THROUGH,-1,0.9999428460626651,-0.00036964790539757253,0.010684941203536299,0.0819372376842949,0,0.9999449205356693,-0.00018085491369299617,0.010493959520324107,0.394605399716426,0.0789210799432852,0,0,0,CORRIDOR_CLEAR,1,0,0,0,1
1787562323719102976,1787562323736289792,joint_v2_000000_07a44bf5,268,261,0.03333333333333333,8.7,17.186880111694336,frame_id_exact,1,,2.9753305912017822,18.036327362060547,1.9958728551864624,-0.016687218442115816,-0.0064080092432418434,0.30644888652289054,0.9517192622339239,-0.15028564631938934,0.2096378356218338,-0.0005699520697817206,0.2577973318144685,-0.00028047040302586637,0.00863594261787803,0.6230584085531093,-0.0008869330631569028,depth/000268.png,1.0,-0.001969692637231313,0.0356905490437733,-0.9993609483164073,0.2577973318144685,-0.00028047040302586637,0.00863594261787803,-0.0008869330631569028,0.9999429024932242,-0.00011476991979633534,0.010685437814689697,0.38621807197908364,0.07724361439581673,0.18621807075249883,-2.1373453415784848e-05,0.004127144813537598,0.0,0.18621807075249883,-2.1373453415784848e-05,0.004127144813537598,0.0,goal_capture,TERMINAL_SETTLING,NONE,DIRECT_LOCAL,PASS_THROUGH,0,6,0,0,0,0,1,0.18621807197908363,0.38621807197908364,inf,0.0,0,0,0,CLEAR,none,nan,0.0,0.0,0,0,0,0,0.006576207475568736,0,0,0,1,0.0,0.18621807197908363,,2.7500000000000004,18.35,2.0,2.7500000000000004,18.35,2.0,2.7500000000000004,18.35,2.0,2.214173248663797,0.0,0.0,0,0,1,0,unmatched_render_rate,unmatched render attempts 1.1% > 1.0%,0,1,PASS_THROUGH,-1,0.9999428460626651,-0.00036964790539757253,0.010684941203536299,0.0819372376842949,0,0.9999429024932242,-0.00011476991979633534,0.010685437814689697,0.38624012278316266,0.07724802455663253,0,0,0,CORRIDOR_CLEAR,1,0,0,0,1
1787562323772908544,1787562323791394816,joint_v2_000000_07a44bf5,269,262,0.03333333333333333,8.733333333333333,18.48626136779785,frame_id_exact,1,,2.9702248573303223,18.043432235717773,1.9958314895629883,-0.0025956033127244454,-0.001788091359901736,0.30649622849891345,0.9518666542581863,-0.15513604879379272,0.21530936658382416,-0.0017234408296644688,0.26538301339848364,0.00035900767502944727,-0.00012056284876508908,0.6230284966830433,-0.0007566725253127515,depth/000269.png,1.0,-0.001812963828456615,0.006037422998171716,-0.9999801311454632,0.26538301339848364,0.00035900767502944727,-0.00012056284876508908,-0.0007566725253127515,0.9999390241577759,-8.886253982929915e-05,0.011042647773240825,0.37746891512171477,0.07549378302434295,0.17746891442093313,-1.5771300144517183e-05,0.004168510437011719,0.0,0.17746891442093313,-1.5771300144517183e-05,0.004168510437011719,0.0,goal_capture,TERMINAL_SETTLING,NONE,DIRECT_LOCAL,PASS_THROUGH,0,6,0,0,0,0,1,0.17746891512171475,0.37746891512171477,inf,0.0,0,0,0,CLEAR,none,nan,0.0,0.0,0,0,0,0,0.00509175894991537,0,0,0,1,0.0,0.17746891512171475,,2.7500000000000004,18.35,2.0,2.7500000000000004,18.35,2.0,2.7500000000000004,18.35,2.0,2.205446498732805,0.0,0.0,0,0,1,0,unmatched_render_rate,unmatched render attempts 1.1% > 1.0%,0,1,PASS_THROUGH,-1,0.9999428460626651,-0.00036964790539757253,0.010684941203536299,0.0819372376842949,0,0.9999390241577759,-8.886253982929915e-05,0.011042647773240825,0.37749193151963895,0.07549838630392779,0,0,0,CORRIDOR_CLEAR,1,0,0,0,1
1787562323823502336,1787562323841342720,joint_v2_000000_07a44bf5,270,263,0.03333333333333333,8.766666666666667,17.84038543701172,frame_id_exact,1,,2.9650609493255615,18.050580978393555,1.995771884918213,0.014628300251174278,0.004046737380845754,0.3064670061464129,0.9517602696540692,-0.15353630483150482,0.21219372749328613,-0.0017165448516607285,0.26174124839535184,0.0008807832776526208,-0.009657355968174018,0.6230134492244905,-0.0006012609810568392,depth/000270.png,1.0,-0.001263135044350488,-0.03032565296281379,-0.9995392734966639,0.26174124839535184,0.0008807832776526208,-0.009657355968174018,-0.0006012609810568392,0.9999342261028152,-0.00013674104406919457,0.01146842491587748,0.3686501897796519,0.07373003795593039,0.16865018820272434,-2.306291975541385e-05,0.004228115081787109,0.0,0.16865018820272434,-2.306291975541385e-05,0.004228115081787109,0.0,goal_capture,TERMINAL_SETTLING,NONE,DIRECT_LOCAL,PASS_THROUGH,0,6,0,0,0,0,1,0.16865018977965193,0.3686501897796519,inf,0.0,0,0,0,CLEAR,none,nan,0.0,0.0,0,0,0,0,0.00783520001418199,0,0,0,1,0.0,0.16865018977965193,,2.7500000000000004,18.35,2.0,2.7500000000000004,18.35,2.0,2.7500000000000004,18.35,2.0,2.1970267644356785,0.0,0.0,0,0,1,0,unmatched_render_rate,unmatched render attempts 1.1% > 1.0%,0,1,PASS_THROUGH,-1,0.9999428460626651,-0.00036964790539757253,0.010684941203536299,0.0819372376842949,0,0.9999342261028152,-0.00013674104406919457,0.01146842491587748,0.36867443548708145,0.0737348870974163,0,0,0,CORRIDOR_CLEAR,1,0,0,0,1
1787562323867332864,1787562323883170048,joint_v2_000000_07a44bf5,271,264,0.03333333333333333,8.8,15.83719253540039,frame_id_exact,1,,2.9600696563720703,18.057470321655273,1.9957255125045776,0.031106685253550224,0.009782286133011422,0.30634772509554553,0.951361000009635,-0.14479154348373413,0.19951744377613068,-0.001038108952343464,0.24592474962422514,0.0011681768861840078,-0.017103566604227453,0.6230357405001015,-0.0004707698244601488,depth/000271.png,1.0,-0.00044595348961226286,-0.06518093658576851,-0.9978733620210969,0.24592474962422514,0.0011681768861840078,-0.017103566604227453,-0.0004707698244601488,0.9999295397027241,-0.0002558800126853516,0.011868030810429019,0.36014285115874445,0.07202857023174888,0.16014284591536274,-4.0980240924243694e-05,0.004274487495422363,0.0,0.16014284591536274,-4.0980240924243694e-05,0.004274487495422363,0.0,goal_capture,TERMINAL_SETTLING,NONE,DIRECT_LOCAL,PASS_THROUGH,0,6,0,0,0,0,1,0.16014285115874438,0.3601428511587444,inf,0.0,0,0,0,CLEAR,none,nan,0.0,0.0,0,0,0,0,0.014661877548859488,0,0,0,1,0.0,0.16014285115874438,,2.7500000000000004,18.35,2.0,2.7500000000000004,18.35,2.0,2.7500000000000004,18.35,2.0,2.1892950913002163,0.0,0.0,0,0,1,0,unmatched_render_rate,unmatched render attempts 1.1% > 1.0%,1,1,PASS_THROUGH,-1,0.9999999672580973,-0.0002558980349589028,0.0,0.07202857023174888,0,0.9999295397027241,-0.0002558800126853516,0.011868030810429019,0.36016821692661616,0.07203364338532323,0,0,0,CORRIDOR_CLEAR,1,0,0,0,1
1787562323909761536,1787562323928761600,joint_v2_000000_07a44bf5,272,265,0.03333333333333333,8.833333333333334,19.00005340576172,frame_id_exact,1,,2.9554779529571533,18.06378936767578,1.9957021474838257,0.04315997203268979,0.014137823340580492,0.3062049062407019,0.9508816404576602,-0.12983396649360657,0.17868559062480927,-0.00046986297820694745,0.21991728255294052,0.0011631010877636257,-0.020509898927296728,0.6230929758529173,-0.0003840141580440104,depth/000272.png,1.0,0.0004552029219413653,-0.09073819175800173,-0.995874677530656,0.21991728255294052,0.0011631010877636257,-0.020509898927296728,-0.0003840141580440104,0.9999255132717398,-0.00043737952932183897,0.012197401665737288,0.35233182542440283,0.07046636508488056,0.15233181085163,-6.66317789142553e-05,0.004297852516174316,0.0,0.15233181085163,-6.66317789142553e-05,0.004297852516174316,0.0,goal_capture,TERMINAL_SETTLING,NONE,DIRECT_LOCAL,PASS_THROUGH,0,6,0,0,0,0,1,0.15233182542440282,0.35233182542440283,inf,0.0,0,0,0,CLEAR,none,nan,0.0,0.0,0,0,0,0,0.02506186625374635,0,0,0,1,0.0,0.15233182542440282,,2.7500000000000004,18.35,2.0,2.7500000000000004,18.35,2.0,2.7500000000000004,18.35,2.0,2.182522610443644,0.0,0.0,0,0,1,0,unmatched_render_rate,unmatched render attempts 1.1% > 1.0%,0,1,PASS_THROUGH,-1,0.9999295397027241,-0.0002558800126853516,0.011868030810429019,0.07202857023174888,0,0.9999255132717398,-0.00043737952932183897,0.012197401665737288,0.35235803771610297,0.0704716075432206,0,0,0,CORRIDOR_CLEAR,1,0,0,0,1
1787562323960192000,1787562323976869888,joint_v2_000000_07a44bf5,273,266,0.03333333333333333,8.866666666666667,16.6778564453125,frame_id_exact,1,,2.9514572620391846,18.069326400756836,1.9956883192062378,0.048108564466315,0.016145271404324278,0.3061370073461445,0.9506340142081063,-0.11100935935974121,0.1529592126607895,-0.0004679778649006039,0.1879735035861799,0.0008760445374365492,-0.01962172525685914,0.6231578993025952,-0.00031859450973570347,depth/000273.png,1.0,0.0012408644242707899,-0.10135260565382723,-0.9948497924725422,0.1879735035861799,0.0008760445374365492,-0.01962172525685914,-0.00031859450973570347,1.0,0.0,0.0,0.0,0.0,0.14548904335281865,-8.86534475385149e-05,0.004311680793762207,0.0,0.14548904335281865,-8.86534475385149e-05,0.004311680793762207,0.0,goal_capture,TERMINAL_SETTLING,NONE,GOAL_REACHED,PASS_THROUGH,0,6,0,0,0,0,1,0.14548907036321357,0.3454890703632136,inf,0.0,0,0,0,CLEAR,none,nan,0.0,0.0,0,0,0,0,0.03491306037558901,0,0,0,1,0.0,0.14548907036321357,,2.7500000000000004,18.35,2.0,2.7500000000000004,18.35,2.0,2.7500000000000004,18.35,2.0,2.1768337728129827,0.0,0.0,0,0,1,0,unmatched_render_rate,unmatched render attempts 1.1% > 1.0%,0,1,PASS_THROUGH,-1,0.9999295397027241,-0.0002558800126853516,0.011868030810429019,0.07202857023174888,0,1.0,0.0,0.0,0.0,0.0,0,0,0,CORRIDOR_CLEAR,1,0,0,0,1
