timestamp_ns,receive_timestamp_ns,episode_id,frame_id,episode_frame_index,control_dt_s,trajectory_time_s,latency_ms,match_method,frame_valid,frame_invalid_reason,x,y,z,qx,qy,qz,qw,state_vx_world,state_vy_world,state_vz_world,state_vx_flu,state_vy_flu,state_vz_flu,yaw,yaw_rate,depth_file,raw_depth_finite_ratio,gravity_flu_x,gravity_flu_y,gravity_flu_z,velocity_flu_x,velocity_flu_y,velocity_flu_z,yaw_rate_flu,goal_direction_flu_x,goal_direction_flu_y,goal_direction_flu_z,goal_distance_clipped_m,goal_distance_norm,target_velocity_flu_x,target_velocity_flu_y,target_velocity_flu_z,target_yaw_rate,velocity_command_flu_x,velocity_command_flu_y,velocity_command_flu_z,yaw_rate_command,hierarchical_mode,planner_status,planner_failure_reason,fsm_state,effective_target_source,target_correction_active,effective_direction_token,directive_terminal_stop,directive_update_event,mission_revision,reentry_guard_ticks,obstacle_first_observed_event,selected_output_speed_mps,local_target_distance_m,min_observed_clearance_m,obstacle_risk_cost,avoidance_active,local_corridor_blocked,risk_corridor_near_obstacle,corridor_block_reason,corridor_block_source,first_blocking_distance_m,first_block_x,first_block_y,first_block_age_ticks,emergency_brake,immediate_avoidance,local_limit_cycle_detected,target_bearing_error_deg,consecutive_failures_30hz,unknown_recovery_ticks,plan_valid,plan_terminal,plan_end_speed_mps,plan_executed_speed_mps,plan_points_xy,navigation_goal_world_x,navigation_goal_world_y,navigation_goal_world_z,effective_target_world_x,effective_target_world_y,effective_target_world_z,original_navigation_goal_world_x,original_navigation_goal_world_y,original_navigation_goal_world_z,truth_minimum_clearance_m,truth_brake_risk,observed_brake_risk,truth_brake_would_trigger,scene_id,task_id,episode_valid,failure_taxonomy,failure_reason,macro_update_mask,macro_label_valid,macro_correction_type,macro_direction_token,macro_direction_flu_x,macro_direction_flu_y,macro_direction_flu_z,macro_distance_norm,macro_param_valid,navigation_goal_direction_flu_x,navigation_goal_direction_flu_y,navigation_goal_direction_flu_z,navigation_goal_distance_clipped_m,navigation_goal_distance_norm,correction_enter_event,correction_exit_event,correction_update_event,observability_reason,observability_goal_inside_fov,observability_direct_corridor_blocked,observability_left_bypass_visible,observability_right_bypass_visible,observability_local_avoidance_observable
1787562337998595328,1787562338014313472,joint_v2_000002_8ec8982a,542,0,0.03333333333333333,0.0,15.718221664428711,frame_id_exact,1,,2.450000047683716,11.649999618530273,2.0,0.0,0.0,-0.40507635508970763,0.9142828591564194,0.0,0.0,0.0,0.0,-0.0,0.0,-0.8341246854299342,0.0,depth/000542.png,1.0,0.0,0.0,-1.0,0.0,-0.0,0.0,0.0,0.9906818103617787,-0.13619673497668333,0.0,4.5,0.9,0.0666666666,0.0,0.0,-0.2666666664,0.0666666666,0.0,0.0,-0.2666666664,direct,SAFE_PROGRESSING,NONE,DIRECT_LOCAL,PASS_THROUGH,0,7,0,0,0,0,0,0.0666666666,4.60434594934465,inf,0.0,0,0,0,CLEAR,none,nan,0.0,0.0,0,0,0,0,7.827826960583346,0,0,1,0,2.0,1.0,"2.450,11.650;2.483,11.673;2.582,11.740;2.747,11.853;2.929,11.978;3.110,12.102;3.292,12.226;3.473,12.350;3.655,12.474;3.837,12.599;4.018,12.723;4.200,12.847;4.381,12.971;4.563,13.096",6.250000000000001,14.25,2.0,6.250000000000001,14.25,2.0,6.250000000000001,14.25,2.0,5.719450617280809,0.0,0.0,0,0,2,1,,,1,1,PASS_THROUGH,-1,0.9906818103617787,-0.13619673497668333,0.0,0.9,0,0.9906818103617787,-0.13619673497668333,0.0,4.5,0.9,0,0,0,BYPASS_VISIBLE,1,0,1,1,1
1787562338039047424,1787562338055839232,joint_v2_000002_8ec8982a,543,1,0.03333333333333333,0.03333333333333333,16.791820526123047,frame_id_exact,1,,2.450000047683716,11.649999618530273,2.000570297241211,-0.0002918113153941331,0.00013803893641206553,-0.4051220790747037,0.914262542619787,3.8761922041885555e-05,3.3379583328496665e-05,0.02782524563372135,3.317746104241427e-05,-8.672638214317446e-07,0.027825272860549723,-0.8342247593973846,-0.00882690865546465,depth/000543.png,1.0,1.5969244389261685e-05,0.0006454295521799631,-0.9999997915828165,3.317746104241427e-05,-8.672638214317446e-07,0.027825272860549723,-0.00882690865546465,0.990695427549283,-0.1360975917916459,-0.0001238606401670391,4.5,0.9,0.1333333332,0.0,-0.0005702972412109375,-0.3413031994277682,0.1333333332,0.0,-0.0005702972412109375,-0.3413031994277682,direct,SAFE_PROGRESSING,NONE,DIRECT_LOCAL,PASS_THROUGH,0,7,0,0,0,0,0,0.1333333332,4.60434594934465,inf,0.0,0,0,0,CLEAR,none,nan,0.0,0.0,0,0,0,0,0.0,0,0,1,0,2.0,1.0,"2.450,11.650;2.483,11.673;2.582,11.740;2.747,11.853;2.929,11.978;3.110,12.102;3.292,12.226;3.473,12.350;3.655,12.474;3.837,12.599;4.018,12.723;4.200,12.847;4.381,12.971;4.563,13.096",6.250000000000001,14.25,2.0,6.250000000000001,14.25,2.0,6.250000000000001,14.25,2.0,5.719450617280809,0.0,0.0,0,0,2,1,,,0,1,PASS_THROUGH,-1,0.9906818103617787,-0.13619673497668333,0.0,0.9,0,0.990695427549283,-0.1360975917916459,-0.0001238606401670391,4.5,0.9,0,0,0,BYPASS_VISIBLE,1,0,1,1,1
1787562338080422912,1787562338098203392,joint_v2_000002_8ec8982a,544,2,0.03333333333333333,0.06666666666666667,17.780542373657227,frame_id_exact,1,,2.4500081539154053,11.650006294250488,2.001497983932495,-0.0032480658977442328,0.0015458175697602022,-0.4054468515775083,0.9141115419147987,0.0007012495188973844,0.0006021957378834486,0.026045458391308784,0.0007366781413441131,-1.930375804464288e-05,0.026051434242453275,-0.8349416523945143,-0.03693642467260361,depth/000544.png,1.0,0.0001922631805116263,0.00719168278560065,-0.9999741210319298,0.0007366781413441131,-1.930375804464288e-05,0.026051434242453275,-0.03693642467260361,0.990792668131641,-0.13538752870610965,-0.0003253420296194744,4.5,0.9,0.1999999998,0.0,-0.0014979839324951172,-0.3395114730128254,0.1999999998,0.0,-0.0014979839324951172,-0.3395114730128254,direct,SAFE_PROGRESSING,NONE,DIRECT_LOCAL,PASS_THROUGH,0,7,0,0,0,0,0,0.1999999998,4.604335489540971,inf,0.0,0,0,0,CLEAR,none,nan,0.0,0.0,0,0,0,0,7.781029799961972,0,0,1,0,2.0,2.0,"2.450,11.650;2.483,11.673;2.582,11.741;2.748,11.854;2.979,12.012;3.276,12.215;3.623,12.452;3.969,12.690;4.316,12.927;4.663,13.164;4.926,13.344",6.250000000000001,14.25,2.0,6.250000000000001,14.25,2.0,6.250000000000001,14.25,2.0,5.719450617280809,0.0,0.0,0,0,2,1,,,0,1,PASS_THROUGH,-1,0.9906818103617787,-0.13619673497668333,0.0,0.9,0,0.990792668131641,-0.13538752870610965,-0.0003253420296194744,4.5,0.9,0,0,0,BYPASS_VISIBLE,1,0,1,1,1
1787562338128882176,1787562338148159488,joint_v2_000002_8ec8982a,545,3,0.03333333333333333,0.1,19.277334213256836,frame_id_exact,1,,2.450082302093506,11.650069236755371,2.0022804737091064,-0.013566819259630587,0.006368558063688642,-0.40625516490305325,0.9136367570719554,0.004642991349101067,0.004000530578196049,0.021184615790843964,0.00548961638764678,-0.00012657790602622394,0.021358783901027002,-0.8368131597376222,-0.07580592483282089,depth/000545.png,1.0,0.0006139166820035985,0.02996480871701747,-0.9995507657667319,0.00548961638764678,-0.00012657790602622394,0.021358783901027002,-0.07580592483282089,0.9910439502340187,-0.1335351765781516,-0.0004952986915458883,4.5,0.9,0.2666666664,0.0,-0.0022804737091064453,-0.3348746974054334,0.2666666664,0.0,-0.0022804737091064453,-0.3348746974054334,direct,SAFE_PROGRESSING,NONE,DIRECT_LOCAL,PASS_THROUGH,0,7,0,0,0,0,0,0.2666666664,4.60423875190338,inf,0.0,0,0,0,CLEAR,none,nan,0.0,0.0,0,0,0,0,0.0,0,0,1,0,2.0,2.0,"2.450,11.650;2.483,11.673;2.582,11.741;2.748,11.854;2.979,12.012;3.276,12.215;3.623,12.452;3.969,12.690;4.316,12.927;4.663,13.164;4.926,13.344",6.250000000000001,14.25,2.0,6.250000000000001,14.25,2.0,6.250000000000001,14.25,2.0,5.719450617280809,0.0,0.0,0,0,2,1,,,0,1,PASS_THROUGH,-1,0.9906818103617787,-0.13619673497668333,0.0,0.9,0,0.9910439502340187,-0.1335351765781516,-0.0004952986915458883,4.5,0.9,0,0,0,BYPASS_VISIBLE,1,0,1,1,1
1787562338182571008,1787562338198446848,joint_v2_000002_8ec8982a,546,4,0.03333333333333333,0.13333333333333333,15.875816345214844,frame_id_exact,1,,2.450404167175293,11.650347709655762,2.0029215812683105,-0.03268659778870941,0.015124722147880234,-0.40750077672880386,0.9124943539936947,0.016337241977453232,0.014169658534228802,0.01719263568520546,0.020329524278426606,-0.0003356280087022414,0.01870479127558875,-0.8400453859061889,-0.1167546808719635,depth/000546.png,1.0,0.0009628191562860294,0.07197934391305731,-0.9974056582098971,0.020329524278426606,-0.0003356280087022414,0.01870479127558875,-0.1167546808719635,0.991468949474646,-0.13034154944115428,-0.0006345998114115432,4.5,0.9,0.33333333299999995,0.0,-0.002921581268310547,-0.32699464242331194,0.33333333299999995,0.0,-0.002921581268310547,-0.32699464242331194,direct,SAFE_PROGRESSING,NONE,DIRECT_LOCAL,PASS_THROUGH,0,7,0,0,0,0,0,0.33333333299999995,4.603815865508842,inf,0.0,0,0,0,CLEAR,none,nan,0.0,0.0,0,0,0,0,0.0,0,0,1,0,2.0,2.0,"2.450,11.650;2.483,11.673;2.582,11.741;2.748,11.854;2.979,12.012;3.276,12.215;3.623,12.452;3.969,12.690;4.316,12.927;4.663,13.164;4.926,13.344",6.250000000000001,14.25,2.0,6.250000000000001,14.25,2.0,6.250000000000001,14.25,2.0,5.719450617280809,0.0,0.0,0,0,2,1,,,0,1,PASS_THROUGH,-1,0.9906818103617787,-0.13619673497668333,0.0,0.9,0,0.991468949474646,-0.13034154944115428,-0.0006345998114115432,4.5,0.9,0,0,0,BYPASS_VISIBLE,1,0,1,1,1
1787562338226307584,1787562338247992832,joint_v2_000002_8ec8982a,547,5,0.03333333333333333,0.16666666666666666,21.685123443603516,frame_id_exact,1,,2.451305389404297,11.651132583618164,2.003408908843994,-0.058716838751822036,0.026871291503625362,-0.4089778358373819,0.9102567749452302,0.04001060128211975,0.03487243503332138,0.011500289663672447,0.051147782323403675,-0.0004836849112459717,0.01824450642694131,-0.8446000358565939,-0.15498687326908112,depth/000547.png,1.0,0.0008917790055409797,0.12887432584504155,-0.9916605330798395,0.051147782323403675,-0.0004836849112459717,0.01824450642694131,-0.15498687326908112,0.9920484544465423,-0.1258543423056665,-0.0007406436623623289,4.5,0.9,0.39999999959999993,0.0,-0.0034089088439941406,-0.2832459634869616,0.39999999959999993,0.0,-0.0034089088439941406,-0.2832459634869616,direct,SAFE_PROGRESSING,NONE,DIRECT_LOCAL,PASS_THROUGH,0,7,0,0,0,0,0,0.39999999959999993,4.602628878423726,inf,0.0,0,0,0,CLEAR,none,nan,0.0,0.0,0,0,0,0,7.2300976302951305,0,0,1,0,2.0,2.0,"2.451,11.651;2.491,11.682;2.598,11.758;2.770,11.878;3.010,12.043;3.316,12.251;3.664,12.487;4.012,12.723;4.359,12.959;4.707,13.195;4.927,13.345",6.250000000000001,14.25,2.0,6.250000000000001,14.25,2.0,6.250000000000001,14.25,2.0,5.719450617280809,0.0,0.0,0,0,2,1,,,0,1,PASS_THROUGH,-1,0.9906818103617787,-0.13619673497668333,0.0,0.9,0,0.9920484544465423,-0.1258543423056665,-0.0007406436623623289,4.5,0.9,0,0,0,BYPASS_VISIBLE,1,0,1,1,1
1787562338282830080,1787562338301646848,joint_v2_000002_8ec8982a,548,6,0.03333333333333333,0.2,18.81694793701172,frame_id_exact,1,,2.453232526779175,11.652812957763672,2.00363826751709,-0.0875243541298374,0.03973886865289779,-0.4105273860078719,0.9067676522074916,0.07806504517793655,0.06821756064891815,0.001208252739161253,0.10152425516035331,-0.00024229408202238134,0.021024120479037466,-0.8502754385726701,-0.18643765151500702,depth/000548.png,1.0,0.00020555263364115117,0.19135629395254805,-0.981520619504685,0.10152425516035331,-0.00024229408202238134,0.021024120479037466,-0.18643765151500702,0.9927389006684191,-0.12028653107369618,-0.0007909120784133631,4.5,0.9,0.4666666661999999,0.0,-0.0036382675170898438,-0.2701704671767574,0.4666666661999999,0.0,-0.0036382675170898438,-0.2701704671767574,direct,SAFE_PROGRESSING,NONE,DIRECT_LOCAL,PASS_THROUGH,0,7,0,0,0,0,0,0.4666666661999999,4.600089540222879,inf,0.0,0,0,0,CLEAR,none,nan,0.0,0.0,0,0,0,0,0.0,0,0,1,0,2.0,2.0,"2.451,11.651;2.491,11.682;2.598,11.758;2.770,11.878;3.010,12.043;3.316,12.251;3.664,12.487;4.012,12.723;4.359,12.959;4.707,13.195;4.927,13.345",6.250000000000001,14.25,2.0,6.250000000000001,14.25,2.0,6.250000000000001,14.25,2.0,5.719450617280809,0.0,0.0,0,0,2,1,,,1,1,PASS_THROUGH,-1,0.9927392111684615,-0.12028656869584739,0.0,0.9,0,0.9927389006684191,-0.12028653107369618,-0.0007909120784133631,4.5,0.9,0,0,0,BYPASS_VISIBLE,1,0,1,1,1
1787562338330652160,1787562338347290624,joint_v2_000002_8ec8982a,549,7,0.03333333333333333,0.23333333333333334,16.63827896118164,frame_id_exact,1,,2.456667423248291,11.655817031860352,2.0034091472625732,-0.11394353774708889,0.0514627965677744,-0.41220823698896786,0.9024703984804978,0.1302027702331543,0.11384620517492294,-0.016355039551854134,0.17160441036249852,0.0007890678132891903,0.0270649375389299,-0.8567827443843637,-0.2097645103931427,depth/000549.png,1.0,-0.0010496285711465297,0.24808811711723427,-0.9687369015502032,0.17160441036249852,0.0007890678132891903,0.0270649375389299,-0.2097645103931427,0.9934872698067573,-0.11394074957043511,-0.0007418350510180709,4.5,0.9,0.5333333328,0.0,-0.003409147262573242,-0.2559407754957349,0.5333333328,0.0,-0.003409147262573242,-0.2559407754957349,direct,SAFE_PROGRESSING,NONE,DIRECT_LOCAL,PASS_THROUGH,0,7,0,0,0,0,0,0.5333333328,4.595558432881863,inf,0.0,0,0,0,CLEAR,none,nan,0.0,0.0,0,0,0,0,0.0,0,0,1,0,2.0,2.0,"2.451,11.651;2.491,11.682;2.598,11.758;2.770,11.878;3.010,12.043;3.316,12.251;3.664,12.487;4.012,12.723;4.359,12.959;4.707,13.195;4.927,13.345",6.250000000000001,14.25,2.0,6.250000000000001,14.25,2.0,6.250000000000001,14.25,2.0,5.719450617280809,0.0,0.0,0,0,2,1,,,0,1,PASS_THROUGH,-1,0.9927389006684191,-0.12028653107369618,-0.0007909120784133631,0.9,0,0.9934872698067573,-0.11394074957043511,-0.0007418350510180709,4.5,0.9,0,0,0,BYPASS_VISIBLE,1,0,1,1,1
1787562338371528960,1787562338389236224,joint_v2_000002_8ec8982a,550,8,0.03333333333333333,0.26666666666666666,17.707347869873047,frame_id_exact,1,,2.4620368480682373,11.66050910949707,2.002454996109009,-0.13301124233038444,0.059897309038891886,-0.4143389865547457,0.8983560129505527,0.1934630572795868,0.1689930409193039,-0.04224313050508499,0.258121683634631,0.002960647744869834,0.03369741070975784,-0.8639048535623296,-0.22568006813526154,depth/000550.png,1.0,-0.002605271225826336,0.28861847932410967,-0.9574406435672544,0.258121683634631,0.002960647744869834,0.03369741070975784,-0.22568006813526154,0.9942540700592309,-0.10704465380532668,-0.0005350349070253435,4.5,0.9,0.5999999993999999,0.0,-0.002454996109008789,-0.23550119538687575,0.5999999993999999,0.0,-0.002454996109008789,-0.23550119538687575,direct,SAFE_PROGRESSING,NONE,DIRECT_LOCAL,PASS_THROUGH,0,7,0,0,0,0,0,0.5999999993999999,4.588477733670556,inf,0.0,0,0,0,CLEAR,none,nan,0.0,0.0,0,0,0,0,6.144981527711323,0,0,1,0,2.0,2.0,"2.462,11.661;2.535,11.716;2.675,11.814;2.882,11.957;3.156,12.144;3.491,12.372;3.839,12.607;4.187,12.843;4.534,13.078;4.882,13.315;4.939,13.354",6.250000000000001,14.25,2.0,6.250000000000001,14.25,2.0,6.250000000000001,14.25,2.0,5.719450617280809,0.0,0.0,0,0,2,1,,,0,1,PASS_THROUGH,-1,0.9927389006684191,-0.12028653107369618,-0.0007909120784133631,0.9,0,0.9942540700592309,-0.10704465380532668,-0.0005350349070253435,4.5,0.9,0,0,0,BYPASS_VISIBLE,1,0,1,1,1
1787562338418444544,1787562338435105792,joint_v2_000002_8ec8982a,551,9,0.03333333333333333,0.3,16.66116714477539,frame_id_exact,1,,2.4696364402770996,11.667139053344727,2.000519275665283,-0.1412049188477029,0.06357365119533069,-0.41729253878022543,0.8954811549358602,0.26315051317214966,0.2293594628572464,-0.07464849203824997,0.3551160908571554,0.006451679004718862,0.035739208173483514,-0.8715307728846851,-0.23455430567264557,depth/000551.png,1.0,-0.003989504956658771,0.3059503082383869,-0.9520391235338161,0.3551160908571554,0.006451679004718862,0.035739208173483514,-0.23455430567264557,0.995015838034835,-0.09971694538247027,-0.00011341703822527871,4.5,0.9,0.6666666659999999,0.0,-0.0005192756652832031,-0.2209019685273239,0.6666666659999999,0.0,-0.0005192756652832031,-0.2209019685273239,direct,SAFE_PROGRESSING,NONE,DIRECT_LOCAL,PASS_THROUGH,0,7,0,0,0,0,0,0.6666666659999999,4.578462549091975,inf,0.0,0,0,0,CLEAR,none,nan,0.0,0.0,0,0,0,0,0.0,0,0,1,0,2.0,2.0,"2.462,11.661;2.535,11.716;2.675,11.814;2.882,11.957;3.156,12.144;3.491,12.372;3.839,12.607;4.187,12.843;4.534,13.078;4.882,13.315;4.939,13.354",6.250000000000001,14.25,2.0,6.250000000000001,14.25,2.0,6.250000000000001,14.25,2.0,5.719450617280809,0.0,0.0,0,0,2,1,,,0,1,PASS_THROUGH,-1,0.9927389006684191,-0.12028653107369618,-0.0007909120784133631,0.9,0,0.995015838034835,-0.09971694538247027,-0.00011341703822527871,4.5,0.9,0,0,0,BYPASS_VISIBLE,1,0,1,1,1
1787562338460443392,1787562338478109440,joint_v2_000002_8ec8982a,552,10,0.03333333333333333,0.3333333333333333,17.665863037109375,frame_id_exact,1,,2.4795937538146973,11.675804138183594,1.9974550008773804,-0.13734726131154368,0.0621084533446094,-0.4212081405345076,0.8943500277748202,0.33407875895500183,0.2902306616306305,-0.10903700441122055,0.4547900693266895,0.011159068045279004,0.027802706857897957,-0.8796001684706898,-0.23711279034614563,depth/000552.png,1.0,-0.00461017514147978,0.29799422622706345,-0.954556539666718,0.4547900693266895,0.011159068045279004,0.027802706857897957,-0.23711279034614563,0.9957570102357876,-0.09201992069845419,0.0005574593580644598,4.5,0.9,0.7333333325999999,0.0,0.002544999122619629,-0.20796533456350214,0.7333333325999999,0.0,0.002544999122619629,-0.20796533456350214,direct,SAFE_PROGRESSING,NONE,DIRECT_LOCAL,PASS_THROUGH,0,7,0,0,0,0,0,0.7333333325999999,4.565352954182827,inf,0.0,0,0,0,CLEAR,none,nan,0.0,0.0,0,0,0,0,0.0,0,0,1,0,2.0,2.0,"2.462,11.661;2.535,11.716;2.675,11.814;2.882,11.957;3.156,12.144;3.491,12.372;3.839,12.607;4.187,12.843;4.534,13.078;4.882,13.315;4.939,13.354",6.250000000000001,14.25,2.0,6.250000000000001,14.25,2.0,6.250000000000001,14.25,2.0,5.719450617280809,0.0,0.0,0,0,2,1,,,0,1,PASS_THROUGH,-1,0.9927389006684191,-0.12028653107369618,-0.0007909120784133631,0.9,0,0.9957570102357876,-0.09201992069845419,0.0005574593580644598,4.5,0.9,0,0,0,BYPASS_VISIBLE,1,0,1,1,1
1787562338506416640,1787562338522258432,joint_v2_000002_8ec8982a,553,11,0.03333333333333333,0.36666666666666664,15.841960906982422,frame_id_exact,1,,2.4918692111968994,11.686445236206055,1.9932912588119507,-0.12286162299149284,0.05630324155953041,-0.42586146525781043,0.8946379038439275,0.4014941155910492,0.34726598858833313,-0.13966576755046844,0.5486012123141769,0.016640135830129365,0.007585119438929339,-0.8880208709061487,-0.23470112681388855,depth/000553.png,1.0,-0.003902033565346477,0.2677880916105562,-0.9634699331715709,0.5486012123141769,0.016640135830129365,0.007585119438929339,-0.23470112681388855,0.9964612416489826,-0.08404058036062706,0.0014747013313707602,4.5,0.9,0.7999999991999999,0.0,0.006708741188049316,-0.1711572018811594,0.7999999991999999,0.0,0.006708741188049316,-0.1711572018811594,direct,SAFE_PROGRESSING,NONE,DIRECT_LOCAL,PASS_THROUGH,0,7,0,0,0,0,0,0.7999999991999999,4.54921532274748,inf,0.0,0,0,0,CLEAR,none,nan,0.0,0.0,0,0,0,0,4.820862021001169,0,0,1,0,2.0,1.0,"2.492,11.686;2.609,11.774;2.784,11.896;2.965,12.021;3.147,12.144;3.329,12.268;3.511,12.391;3.693,12.514;3.876,12.637;4.058,12.760;4.241,12.883;4.423,13.006;4.605,13.129",6.250000000000001,14.25,2.0,6.250000000000001,14.25,2.0,6.250000000000001,14.25,2.0,5.719450617280809,0.0,0.0,0,0,2,1,,,0,1,PASS_THROUGH,-1,0.9927389006684191,-0.12028653107369618,-0.0007909120784133631,0.9,0,0.9964612416489826,-0.08404058036062706,0.0014747013313707602,4.5,0.9,0,0,0,BYPASS_VISIBLE,1,0,1,1,1
1787562338547035136,1787562338564780288,joint_v2_000002_8ec8982a,554,12,0.03333333333333333,0.4,17.745018005371094,frame_id_exact,1,,2.5062787532806396,11.698872566223145,1.98824143409729,-0.10135880840606357,0.047927469945697514,-0.43077315876295386,0.8954685004356625,0.46163052320480347,0.3969356417655945,-0.16157342493534088,0.6291233474364998,0.02214388457866456,-0.021910668396949662,-0.8965924500269693,-0.22780682146549225,depth/000554.png,1.0,-0.001490228847160019,0.22281897557869604,-0.9748586991662144,0.6291233474364998,0.02214388457866456,-0.021910668396949662,-0.22780682146549225,0.9971068341003897,-0.07596857669410871,0.0025955241029804598,4.5,0.9,0.8666666657999998,0.0,0.011758565902709961,-0.15768747689192536,0.8666666657999998,0.0,0.011758565902709961,-0.15768747689192536,direct,SAFE_PROGRESSING,NONE,DIRECT_LOCAL,PASS_THROUGH,0,7,0,0,0,0,0,0.8666666657999998,4.5303090354309,inf,0.0,0,0,0,CLEAR,none,nan,0.0,0.0,0,0,0,0,0.0,0,0,1,0,2.0,1.0,"2.492,11.686;2.609,11.774;2.784,11.896;2.965,12.021;3.147,12.144;3.329,12.268;3.511,12.391;3.693,12.514;3.876,12.637;4.058,12.760;4.241,12.883;4.423,13.006;4.605,13.129",6.250000000000001,14.25,2.0,6.250000000000001,14.25,2.0,6.250000000000001,14.25,2.0,5.719450617280809,0.0,0.0,0,0,2,1,,,1,1,PASS_THROUGH,-1,0.9971101927447831,-0.07596883258588029,0.0,0.9,0,0.9971068341003897,-0.07596857669410871,0.0025955241029804598,4.5,0.9,0,0,0,BYPASS_VISIBLE,1,0,1,1,1
1787562338592448512,1787562338610200064,joint_v2_000002_8ec8982a,555,13,0.03333333333333333,0.43333333333333335,17.751693725585938,frame_id_exact,1,,2.5225374698638916,11.712800025939941,1.9826476573944092,-0.07776594338174736,0.039282345056869644,-0.43545318041400355,0.8959854257096536,0.5122310519218445,0.436934232711792,-0.17219547927379608,0.6924084761707929,0.026766474632593757,-0.05289154292812223,-0.9050108526530334,-0.21796779334545135,depth/000555.png,1.0,0.002665962570351274,0.17356554795148385,-0.9848187108335598,0.6924084761707929,0.026766474632593757,-0.05289154292812223,-0.21796779334545135,0.9976715949715231,-0.06809242972732245,0.003848324415513359,4.5,0.9,0.9333333323999998,0.0,0.01735234260559082,-0.14812179769391864,0.9333333323999998,0.0,0.01735234260559082,-0.14812179769391864,direct,SAFE_PROGRESSING,NONE,DIRECT_LOCAL,PASS_THROUGH,0,7,0,0,0,0,0,0.9333333323999998,4.5090310069835455,inf,0.0,0,0,0,CLEAR,none,nan,0.0,0.0,0,0,0,0,0.0,0,0,1,0,2.0,1.0,"2.492,11.686;2.609,11.774;2.784,11.896;2.965,12.021;3.147,12.144;3.329,12.268;3.511,12.391;3.693,12.514;3.876,12.637;4.058,12.760;4.241,12.883;4.423,13.006;4.605,13.129",6.250000000000001,14.25,2.0,6.250000000000001,14.25,2.0,6.250000000000001,14.25,2.0,5.719450617280809,0.0,0.0,0,0,2,1,,,0,1,PASS_THROUGH,-1,0.9971068341003897,-0.07596857669410871,0.0025955241029804598,0.9,0,0.9976715949715231,-0.06809242972732245,0.003848324415513359,4.5,0.9,0,0,0,BYPASS_VISIBLE,1,0,1,1,1
1787562338644603392,1787562338660130560,joint_v2_000002_8ec8982a,556,14,0.03333333333333333,0.4666666666666667,15.527009963989258,frame_id_exact,1,,2.5403194427490234,11.727888107299805,1.9768855571746826,-0.057239285852274946,0.03265964624410183,-0.43962177654032975,0.8957620807189017,0.5531787872314453,0.4667228162288666,-0.17202027142047882,0.7394511427564167,0.029749007695995977,-0.07586129202937096,-0.9130277090171963,-0.2076423615217209,depth/000556.png,1.0,0.008183272281766095,0.1312613469938171,-0.9913140233246633,0.7394511427564167,0.029749007695995977,-0.07586129202937096,-0.2076423615217209,0.9981463578685046,-0.06064072970308968,0.005152686184501827,4.485841976278889,0.8971683952557777,0.8666666657999998,0.0,0.023114442825317383,-0.02621330839209013,0.8666666657999998,0.0,0.023114442825317383,-0.02621330839209013,goal_capture,TERMINAL_SETTLING,NONE,DIRECT_LOCAL,PASS_THROUGH,0,6,0,0,0,0,0,0.8666666657999998,4.485841976278889,inf,0.0,0,0,0,CLEAR,none,nan,0.0,0.0,0,0,0,0,3.4766370559891016,0,0,1,1,0.0,0.6,"2.540,11.728;2.683,11.846;2.895,12.004;3.180,12.198;3.525,12.424;3.877,12.653;4.228,12.884;4.577,13.117;4.926,13.351;5.274,13.586;5.619,13.821;5.905,14.016;6.116,14.159;6.243,14.245;6.250,14.250",6.250000000000001,14.25,2.0,6.250000000000001,14.25,2.0,6.250000000000001,14.25,2.0,5.719450617280809,0.0,0.0,0,0,2,1,,,0,1,PASS_THROUGH,-1,0.9971068341003897,-0.07596857669410871,0.0025955241029804598,0.9,0,0.9981463578685046,-0.06064072970308968,0.005152686184501827,4.485901527409268,0.8971803054818537,0,0,0,BYPASS_VISIBLE,1,0,1,1,1
1787562338689945856,1787562338705454848,joint_v2_000002_8ec8982a,557,15,0.03333333333333333,0.5,15.508890151977539,frame_id_exact,1,,2.5593321323394775,11.743817329406738,1.9712640047073364,-0.041706310573523364,0.02864872443205335,-0.44325926952197553,0.8949642753929375,0.586501955986023,0.48764726519584656,-0.16453082859516144,0.7747178067135296,0.030643261533100458,-0.08790963354616804,-0.9204489632858927,-0.19048233330249786,depth/000557.png,1.0,0.014305752285975921,0.10004894137246897,-0.9948796684935222,0.7747178067135296,0.030643261533100458,-0.08790963354616804,-0.19048233330249786,0.9985316513336836,-0.05378709685776572,0.006441234077443678,4.461163624858861,0.8922327249717721,0.7999999991999999,0.0,0.028735995292663574,-0.01306159416637781,0.7999999991999999,0.0,0.028735995292663574,-0.01306159416637781,goal_capture,TERMINAL_SETTLING,NONE,DIRECT_LOCAL,PASS_THROUGH,0,6,0,0,0,0,0,0.7999999991999999,4.461163624858861,inf,0.0,0,0,0,CLEAR,none,nan,0.0,0.0,0,0,0,0,0.0,0,0,1,1,0.0,0.6,"2.540,11.728;2.683,11.846;2.895,12.004;3.180,12.198;3.525,12.424;3.877,12.653;4.228,12.884;4.577,13.117;4.926,13.351;5.274,13.586;5.619,13.821;5.905,14.016;6.116,14.159;6.243,14.245;6.250,14.250",6.250000000000001,14.25,2.0,6.250000000000001,14.25,2.0,6.250000000000001,14.25,2.0,5.719450617280809,0.0,0.0,0,0,2,1,,,0,1,PASS_THROUGH,-1,0.9971068341003897,-0.07596857669410871,0.0025955241029804598,0.9,0,0.9985316513336836,-0.05378709685776572,0.006441234077443678,4.461256173454883,0.8922512346909766,0,0,0,BYPASS_VISIBLE,1,0,1,1,1
1787562338730393344,1787562338745894656,joint_v2_000002_8ec8982a,558,16,0.03333333333333333,0.5333333333333333,15.501260757446289,frame_id_exact,1,,2.5793473720550537,11.760310173034668,1.9659734964370728,-0.02562978935349042,0.02402822437784678,-0.4464614357452827,0.8941129373424838,0.6132149696350098,0.5005882978439331,-0.15218085050582886,0.7994276599067537,0.029171738164044708,-0.09922036309109955,-0.9269067511921697,-0.16535550355911255,depth/000558.png,1.0,0.02008246744998473,0.06728720359292342,-0.9975315166618871,0.7994276599067537,0.029171738164044708,-0.09922036309109955,-0.16535550355911255,0.9988237392495555,-0.04787783136523068,0.007671451968050955,4.4353405900261835,0.8870681180052367,0.7333333325999999,0.0,0.034026503562927246,-0.018450327711143077,0.7333333325999999,0.0,0.034026503562927246,-0.018450327711143077,goal_capture,TERMINAL_SETTLING,NONE,DIRECT_LOCAL,PASS_THROUGH,0,6,0,0,0,0,0,0.7333333325999999,4.4353405900261835,inf,0.0,0,0,0,CLEAR,none,nan,0.0,0.0,0,0,0,0,0.0,0,0,1,1,0.0,0.6,"2.540,11.728;2.683,11.846;2.895,12.004;3.180,12.198;3.525,12.424;3.877,12.653;4.228,12.884;4.577,13.117;4.926,13.351;5.274,13.586;5.619,13.821;5.905,14.016;6.116,14.159;6.243,14.245;6.250,14.250",6.250000000000001,14.25,2.0,6.250000000000001,14.25,2.0,6.250000000000001,14.25,2.0,5.719450617280809,0.0,0.0,0,0,2,1,,,0,1,PASS_THROUGH,-1,0.9971068341003897,-0.07596857669410871,0.0025955241029804598,0.9,0,0.9988237392495555,-0.04787783136523068,0.007671451968050955,4.435471108290362,0.8870942216580724,0,0,0,BYPASS_VISIBLE,1,0,1,1,1
1787562338773258496,1787562338791099904,joint_v2_000002_8ec8982a,559,17,0.03333333333333333,0.5666666666666667,17.841339111328125,frame_id_exact,1,,2.6001155376434326,11.777088165283203,1.9611687660217285,-0.005291085031511346,0.01631068549634497,-0.4491989953479938,0.8932671652625443,0.6311005353927612,0.5044095516204834,-0.13553708791732788,0.810444537646456,0.025497120650015657,-0.11669075360840331,-0.9321791485574953,-0.1380869597196579,depth/000559.png,1.0,0.024386099432706525,0.024106192131312945,-0.9994119319156572,0.810444537646456,0.025497120650015657,-0.11669075360840331,-0.1380869597196579,0.9990312777280234,-0.04311536741616761,0.008807452167440886,4.408735593209723,0.8817471186419447,0.6666666659999999,0.0,0.038831233978271484,-0.010736005888241085,0.6666666659999999,0.0,0.038831233978271484,-0.010736005888241085,goal_capture,TERMINAL_SETTLING,NONE,DIRECT_LOCAL,PASS_THROUGH,0,6,0,0,0,0,0,0.6666666659999999,4.408735593209723,inf,0.0,0,0,0,CLEAR,none,nan,0.0,0.0,0,0,0,0,2.4711904973499736,0,0,1,1,0.0,0.6,"2.600,11.777;2.759,11.901;2.987,12.066;3.286,12.269;3.637,12.500;3.989,12.730;4.340,12.960;4.689,13.193;5.038,13.428;5.385,13.664;5.719,13.890;5.981,14.068;6.166,14.193;6.250,14.250",6.250000000000001,14.25,2.0,6.250000000000001,14.25,2.0,6.250000000000001,14.25,2.0,5.719450617280809,0.0,0.0,0,0,2,1,,,0,1,PASS_THROUGH,-1,0.9971068341003897,-0.07596857669410871,0.0025955241029804598,0.9,0,0.9990312777280234,-0.04311536741616761,0.008807452167440886,4.408906598643996,0.8817813197287991,0,0,0,BYPASS_VISIBLE,1,0,1,1,1
1787562338820219648,1787562338836756992,joint_v2_000002_8ec8982a,560,18,0.03333333333333333,0.6,16.537189483642578,frame_id_exact,1,,2.6212782859802246,11.793813705444336,1.9569792747497559,0.01974036829788143,0.004756152952708278,-0.45134674352958953,0.8921176009774661,0.6362064480781555,0.4971836805343628,-0.115433469414711,0.803121700747971,0.02028696847963519,-0.14092237339978292,-0.936349464129302,-0.11190152168273926,depth/000560.png,1.0,0.02630559741875106,-0.030928111722768162,-0.9991753937371088,0.803121700747971,0.02028696847963519,-0.14092237339978292,-0.11190152168273926,0.9991753277237685,-0.0393989998958274,0.009817498424162917,4.381834363752435,0.876366872750487,0.6,0.0,0.04302072525024414,-0.004369933228997036,0.6,0.0,0.04302072525024414,-0.004369933228997036,goal_capture,TERMINAL_SETTLING,NONE,DIRECT_LOCAL,PASS_THROUGH,0,6,0,0,0,0,0,0.6,4.381834363752435,inf,0.0,0,0,0,CLEAR,none,nan,0.0,0.0,0,0,0,0,0.0,0,0,1,1,0.0,0.6,"2.600,11.777;2.759,11.901;2.987,12.066;3.286,12.269;3.637,12.500;3.989,12.730;4.340,12.960;4.689,13.193;5.038,13.428;5.385,13.664;5.719,13.890;5.981,14.068;6.166,14.193;6.250,14.250",6.250000000000001,14.25,2.0,6.250000000000001,14.25,2.0,6.250000000000001,14.25,2.0,5.719450617280809,0.0,0.0,0,0,2,1,,,1,1,PASS_THROUGH,-1,0.999223483100173,-0.0394008987354177,0.0,0.876366872750487,0,0.9991753277237685,-0.0393989998958274,0.009817498424162917,4.382045546792361,0.8764091093584723,0,0,0,BYPASS_VISIBLE,1,0,1,1,1
1787562338869179904,1787562338886803968,joint_v2_000002_8ec8982a,561,19,0.03333333333333333,0.6333333333333333,17.6239013671875,frame_id_exact,1,,2.6423444747924805,11.81009292602539,1.9535020589828491,0.047436571684974324,-0.009854668414668338,-0.4527736526072152,0.8903081919660935,0.6247816681861877,0.4774925410747528,-0.09313471615314484,0.7739949500896725,0.014547353425497792,-0.16656988557499244,-0.9397519901751633,-0.08798030763864517,depth/000561.png,1.0,0.025408675620562177,-0.09339020516652362,-0.9953053143544265,0.7739949500896725,0.014547353425497792,-0.16656988557499244,-0.08798030763864517,0.9992809108469989,-0.03638257319479616,0.0106756538215566,4.355264046896777,0.8710528093793555,0.6,0.0,0.04649794101715088,-0.01111914977999895,0.6,0.0,0.04649794101715088,-0.01111914977999895,goal_capture,TERMINAL_SETTLING,NONE,DIRECT_LOCAL,PASS_THROUGH,0,6,0,0,0,0,0,0.6,4.355264046896777,inf,0.0,0,0,0,CLEAR,none,nan,0.0,0.0,0,0,0,0,0.0,0,0,1,1,0.0,0.6,"2.600,11.777;2.759,11.901;2.987,12.066;3.286,12.269;3.637,12.500;3.989,12.730;4.340,12.960;4.689,13.193;5.038,13.428;5.385,13.664;5.719,13.890;5.981,14.068;6.166,14.193;6.250,14.250",6.250000000000001,14.25,2.0,6.250000000000001,14.25,2.0,6.250000000000001,14.25,2.0,5.719450617280809,0.0,0.0,0,0,2,1,,,0,1,PASS_THROUGH,-1,0.9991753277237685,-0.0393989998958274,0.009817498424162917,0.876366872750487,0,0.9992809108469989,-0.03638257319479616,0.0106756538215566,4.355512251929792,0.8711024503859583,0,0,0,BYPASS_VISIBLE,1,0,1,1,1
1787562338913181952,1787562338931964416,joint_v2_000002_8ec8982a,562,20,0.03333333333333333,0.6666666666666666,18.782377243041992,frame_id_exact,1,,2.6627252101898193,11.825509071350098,1.9507611989974976,0.07315210591482522,-0.02506815364678986,-0.45352748198227477,0.8878812871999188,0.5951238870620728,0.4455712139606476,-0.07193464040756226,0.7236305087400635,0.009350003030323675,-0.18480315045131407,-0.9428193095415066,-0.0679405927658081,depth/000562.png,1.0,0.02183789173922847,-0.1526389651248264,-0.9880407141459343,0.7236305087400635,0.009350003030323675,-0.18480315045131407,-0.0679405927658081,0.9993696865625131,-0.03362913931215752,0.011371480513448377,4.329745567664842,0.8659491135329684,0.6,0.0,0.04923880100250244,-0.02708221038331904,0.6,0.0,0.04923880100250244,-0.02708221038331904,goal_capture,TERMINAL_SETTLING,NONE,DIRECT_LOCAL,PASS_THROUGH,0,6,0,0,0,0,0,0.6,4.329745567664842,inf,0.0,0,0,0,CLEAR,none,nan,0.0,0.0,0,0,0,0,1.927295774349005,0,0,1,1,0.0,0.6,"2.663,11.826;2.814,11.938;3.034,12.092;3.323,12.288;3.668,12.517;4.018,12.749;4.368,12.981;4.718,13.214;5.066,13.449;5.414,13.684;5.744,13.908;6.001,14.081;6.179,14.202;6.250,14.250",6.250000000000001,14.25,2.0,6.250000000000001,14.25,2.0,6.250000000000001,14.25,2.0,5.719450617280809,0.0,0.0,0,0,2,1,,,0,1,PASS_THROUGH,-1,0.9991753277237685,-0.0393989998958274,0.009817498424162917,0.876366872750487,0,0.9993696865625131,-0.03362913931215752,0.011371480513448377,4.330025535748896,0.8660051071497792,0,0,0,BYPASS_VISIBLE,1,0,1,1,1
1787562338963800576,1787562338981656064,joint_v2_000002_8ec8982a,563,21,0.03333333333333333,0.7,17.855405807495117,frame_id_exact,1,,2.6818439960479736,11.839696884155273,1.9486838579177856,0.08893047258734496,-0.03639614778966387,-0.454070632036256,0.8857689047339942,0.5499656200408936,0.40460824966430664,-0.05321763455867767,0.6600549684627457,0.005496222306934645,-0.18248113792772136,-0.9458324946685532,-0.052529655396938324,depth/000563.png,1.0,0.016284279861663017,-0.19059653826341338,-0.9815333829429289,0.6600549684627457,0.005496222306934645,-0.18248113792772136,-0.052529655396938324,0.9994526462105768,-0.03086101345522815,0.011916619956667244,4.305960796243935,0.8611921592487869,0.6,0.0,0.051316142082214355,-0.021746880824181913,0.6,0.0,0.051316142082214355,-0.021746880824181913,goal_capture,TERMINAL_SETTLING,NONE,DIRECT_LOCAL,PASS_THROUGH,0,6,0,0,0,0,0,0.6,4.305960796243935,inf,0.0,0,0,0,CLEAR,none,nan,0.0,0.0,0,0,0,0,0.0,0,0,1,1,0.0,0.6,"2.663,11.826;2.814,11.938;3.034,12.092;3.323,12.288;3.668,12.517;4.018,12.749;4.368,12.981;4.718,13.214;5.066,13.449;5.414,13.684;5.744,13.908;6.001,14.081;6.179,14.202;6.250,14.250",6.250000000000001,14.25,2.0,6.250000000000001,14.25,2.0,6.250000000000001,14.25,2.0,5.719450617280809,0.0,0.0,0,0,2,1,,,0,1,PASS_THROUGH,-1,0.9991753277237685,-0.0393989998958274,0.009817498424162917,0.876366872750487,0,0.9994526462105768,-0.03086101345522815,0.011916619956667244,4.30626656458096,0.8612533129161919,0,0,0,BYPASS_VISIBLE,1,0,1,1,1
1787562339011573504,1787562339031426816,joint_v2_000002_8ec8982a,564,22,0.03333333333333333,0.7333333333333333,19.85335350036621,frame_id_exact,1,,2.699301242828369,11.85245132446289,1.9471874237060547,0.08953317925170341,-0.040515654866129215,-0.45498388382621646,0.8850604256107393,0.49700927734375,0.36089131236076355,-0.037027548998594284,0.5951292536711936,0.0033049737821705854,-0.15633953134489487,-0.9487197110662738,-0.041080258786678314,depth/000564.png,1.0,0.009754701775069388,-0.19535248748309847,-0.9806845830477021,0.5951292536711936,0.0033049737821705854,-0.15633953134489487,-0.041080258786678314,0.9995274008021476,-0.028161091499322624,0.012325906509046355,4.284355414265945,0.8568710828531889,0.6,0.0,0.05281257629394531,-0.02296919295264266,0.6,0.0,0.05281257629394531,-0.02296919295264266,goal_capture,TERMINAL_SETTLING,NONE,DIRECT_LOCAL,PASS_THROUGH,0,6,0,0,0,0,0,0.6,4.284355414265945,inf,0.0,0,0,0,CLEAR,none,nan,0.0,0.0,0,0,0,0,0.0,0,0,1,1,0.0,0.6,"2.663,11.826;2.814,11.938;3.034,12.092;3.323,12.288;3.668,12.517;4.018,12.749;4.368,12.981;4.718,13.214;5.066,13.449;5.414,13.684;5.744,13.908;6.001,14.081;6.179,14.202;6.250,14.250",6.250000000000001,14.25,2.0,6.250000000000001,14.25,2.0,6.250000000000001,14.25,2.0,5.719450617280809,0.0,0.0,0,0,2,1,,,0,1,PASS_THROUGH,-1,0.9991753277237685,-0.0393989998958274,0.009817498424162917,0.876366872750487,0,0.9995274008021476,-0.028161091499322624,0.012325906509046355,4.284680908068268,0.8569361816136537,0,0,0,BYPASS_VISIBLE,1,0,1,1,1
1787562339068637696,1787562339085391872,joint_v2_000002_8ec8982a,565,23,0.03333333333333333,0.7666666666666667,16.754150390625,frame_id_exact,1,,2.7150049209594727,11.863808631896973,1.9461922645568848,0.07406267221271208,-0.03627399229875409,-0.45641645051745966,0.8859361950865681,0.4464573860168457,0.3219084143638611,-0.022909922525286674,0.5391509680475208,0.0027102938858314875,-0.11306182944671586,-0.9511593445724682,-0.03284366801381111,depth/000565.png,1.0,0.0033339584988129473,-0.16434169765833767,-0.9863978361348446,0.5391509680475208,0.0027102938858314875,-0.11306182944671586,-0.03284366801381111,0.9995857450210202,-0.025868826710846827,0.012615155780897858,4.264985281809323,0.8529970563618645,0.6,0.0,0.053807735443115234,-0.03641059948598285,0.6,0.0,0.053807735443115234,-0.03641059948598285,goal_capture,TERMINAL_SETTLING,NONE,DIRECT_LOCAL,PASS_THROUGH,0,6,0,0,0,0,0,0.6,4.264985281809323,inf,0.0,0,0,0,CLEAR,none,nan,0.0,0.0,0,0,0,0,1.4824579440187544,0,0,1,1,0.0,0.6,"2.715,11.864;2.837,11.951;3.027,12.082;3.283,12.256;3.607,12.473;3.956,12.706;4.306,12.940;4.654,13.174;5.003,13.408;5.351,13.643;5.688,13.871;5.959,14.054;6.152,14.184;6.250,14.250",6.250000000000001,14.25,2.0,6.250000000000001,14.25,2.0,6.250000000000001,14.25,2.0,5.719450617280809,0.0,0.0,0,0,2,1,,,0,1,PASS_THROUGH,-1,0.9991753277237685,-0.0393989998958274,0.009817498424162917,0.876366872750487,0,0.9995857450210202,-0.025868826710846827,0.012615155780897858,4.265324691795885,0.8530649383591771,0,0,0,BYPASS_VISIBLE,1,0,1,1,1
1787562339118796032,1787562339137696512,joint_v2_000002_8ec8982a,566,24,0.03333333333333333,0.8,18.900394439697266,frame_id_exact,1,,2.729200839996338,11.874037742614746,1.9456466436386108,0.04551478420336618,-0.024601324491776478,-0.45797305653344283,0.8874592152553195,0.40796539187431335,0.2941848039627075,-0.009910798631608486,0.49924482634027834,0.003472073297853186,-0.06181611326130625,-0.9529119026870333,-0.028133561834692955,depth/000566.png,1.0,-0.001976254577275509,-0.10331851688780896,-0.9946463585043427,0.49924482634027834,0.003472073297853186,-0.06181611326130625,-0.028133561834692955,0.9996242046219467,-0.024243025642429954,0.012795516466355803,4.247496129910154,0.8494992259820308,0.6,0.0,0.05435335636138916,-0.03348029680140474,0.6,0.0,0.05435335636138916,-0.03348029680140474,goal_capture,TERMINAL_SETTLING,NONE,DIRECT_LOCAL,PASS_THROUGH,0,6,0,0,0,0,0,0.6,4.247496129910154,inf,0.0,0,0,0,CLEAR,none,nan,0.0,0.0,0,0,0,0,0.0,0,0,1,1,0.0,0.6,"2.715,11.864;2.837,11.951;3.027,12.082;3.283,12.256;3.607,12.473;3.956,12.706;4.306,12.940;4.654,13.174;5.003,13.408;5.351,13.643;5.688,13.871;5.959,14.054;6.152,14.184;6.250,14.250",6.250000000000001,14.25,2.0,6.250000000000001,14.25,2.0,6.250000000000001,14.25,2.0,5.719450617280809,0.0,0.0,0,0,2,1,,,1,1,PASS_THROUGH,-1,0.9997060465289991,-0.024245010483775475,0.0,0.8494992259820308,0,0.9996242046219467,-0.024243025642429954,0.012795516466355803,4.24784388377792,0.849568776755584,0,0,0,BYPASS_VISIBLE,1,0,1,1,1
1787562339176313344,1787562339194152960,joint_v2_000002_8ec8982a,567,25,0.03333333333333333,0.8333333333333334,17.839670181274414,frame_id_exact,1,,2.7424161434173584,11.883594512939453,1.9455126523971558,0.009676057848640665,-0.008035037211811567,-0.45907367936760457,0.8883091629570217,0.3884942829608917,0.28191083669662476,0.0015312349423766136,0.4798660428412476,0.0052668626307562265,-0.010232961773007513,-0.9540524513561456,-0.02636009082198143,depth/000567.png,1.0,-0.0053911474032071905,-0.024568009889863324,-0.9996836241630291,0.4798660428412476,0.0052668626307562265,-0.010232961773007513,-0.02636009082198143,0.9996472678389702,-0.023227928287094652,0.01287646106552196,4.2311959822430145,0.8462391964486029,0.6,0.0,0.05448734760284424,-0.034677346429632105,0.6,0.0,0.05448734760284424,-0.034677346429632105,goal_capture,TERMINAL_SETTLING,NONE,DIRECT_LOCAL,PASS_THROUGH,0,6,0,0,0,0,0,0.6,4.2311959822430145,inf,0.0,0,0,0,CLEAR,none,nan,0.0,0.0,0,0,0,0,0.0,0,0,1,1,0.0,0.6,"2.715,11.864;2.837,11.951;3.027,12.082;3.283,12.256;3.607,12.473;3.956,12.706;4.306,12.940;4.654,13.174;5.003,13.408;5.351,13.643;5.688,13.871;5.959,14.054;6.152,14.184;6.250,14.250",6.250000000000001,14.25,2.0,6.250000000000001,14.25,2.0,6.250000000000001,14.25,2.0,5.719450617280809,0.0,0.0,0,0,2,1,,,0,1,PASS_THROUGH,-1,0.9996242046219467,-0.024243025642429954,0.012795516466355803,0.8494992259820308,0,0.9996472678389702,-0.023227928287094652,0.01287646106552196,4.231546798890238,0.8463093597780477,0,0,0,BYPASS_VISIBLE,1,0,1,1,1
1787562339221185024,1787562339237155328,joint_v2_000002_8ec8982a,568,26,0.03333333333333333,0.8666666666666667,15.970468521118164,frame_id_exact,1,,2.755345582962036,11.893016815185547,1.9457006454467773,-0.026206121546732526,0.009927898881257464,-0.459426880712061,0.8877734042515957,0.3908897936344147,0.28609752655029297,0.008852032013237476,0.4830956391266732,0.007671084370090505,0.03584329585699853,-0.9549264691376623,-0.026290468871593475,depth/000568.png,1.0,-0.0064521441817938195,0.055652482705629405,-0.9984293520345628,0.4830956391266732,0.007671084370090505,0.03584329585699853,-0.026290468871593475,0.9996640487674541,-0.022491710757959683,0.012880704524261785,4.2152080883416705,0.8430416176683341,0.6,0.0,0.054299354553222656,-0.027868860372514126,0.6,0.0,0.054299354553222656,-0.027868860372514126,goal_capture,TERMINAL_SETTLING,NONE,DIRECT_LOCAL,PASS_THROUGH,0,6,0,0,0,0,1,0.6,4.2152080883416705,inf,0.0,0,0,0,CLEAR,none,nan,0.0,0.0,0,0,0,0,1.2888957219441302,0,0,1,1,0.0,0.6,"2.755,11.893;2.947,12.029;3.220,12.215;3.494,12.399;3.769,12.582;4.043,12.765;4.318,12.948;4.592,13.132;4.866,13.316;5.139,13.501;5.413,13.685;5.686,13.870;5.960,14.054;6.209,14.222;6.250,14.250",6.250000000000001,14.25,2.0,6.250000000000001,14.25,2.0,6.250000000000001,14.25,2.0,5.719450617280809,0.0,0.0,0,0,2,1,,,0,1,PASS_THROUGH,-1,0.9996242046219467,-0.024243025642429954,0.012795516466355803,0.8494992259820308,0,0.9996640487674541,-0.022491710757959683,0.012880704524261785,4.215557809818997,0.8431115619637994,0,0,0,BYPASS_VISIBLE,1,0,1,1,1
1787562339266603520,1787562339284564736,joint_v2_000002_8ec8982a,569,27,0.03333333333333333,0.9,17.96126365661621,frame_id_exact,1,,2.7686984539031982,11.902823448181152,1.9460209608078003,-0.05480998016135276,0.025509618769152916,-0.4592749723527899,0.8862345204263422,0.4132283329963684,0.30430465936660767,0.009075791575014591,0.5082391195561557,0.010160666352972348,0.07093031163011368,-0.955942518453251,-0.026444092392921448,depth/000569.png,1.0,-0.005130694734246398,0.12058085187561342,-0.9926902508499292,0.5082391195561557,0.010160666352972348,0.07093031163011368,-0.026444092392921448,0.9996833053610285,-0.021634060762200355,0.012855208959254724,4.1986543344581495,0.8397308668916299,0.6,0.0,0.05397903919219971,-0.02736837968488448,0.6,0.0,0.05397903919219971,-0.02736837968488448,goal_capture,TERMINAL_SETTLING,NONE,DIRECT_LOCAL,PASS_THROUGH,0,6,0,0,0,0,1,0.6,4.1986543344581495,inf,0.0,0,0,0,CLEAR,none,nan,0.0,0.0,0,0,0,0,0.0,0,0,1,1,0.0,0.6,"2.755,11.893;2.947,12.029;3.220,12.215;3.494,12.399;3.769,12.582;4.043,12.765;4.318,12.948;4.592,13.132;4.866,13.316;5.139,13.501;5.413,13.685;5.686,13.870;5.960,14.054;6.209,14.222;6.250,14.250",6.250000000000001,14.25,2.0,6.250000000000001,14.25,2.0,6.250000000000001,14.25,2.0,5.719450617280809,0.0,0.0,0,0,2,1,,,0,1,PASS_THROUGH,-1,0.9996242046219467,-0.024243025642429954,0.012795516466355803,0.8494992259820308,0,0.9996833053610285,-0.021634060762200355,0.012855208959254724,4.199001304707623,0.8398002609415245,0,0,0,BYPASS_VISIBLE,1,0,1,1,1
1787562339309580544,1787562339327410432,joint_v2_000002_8ec8982a,570,28,0.03333333333333333,0.9333333333333333,17.82989501953125,frame_id_exact,1,,2.7830491065979004,11.91340160369873,1.9462167024612427,-0.07026672026103972,0.03541378873539143,-0.45921739914807486,0.8848320924959943,0.4494832754135132,0.3313401937484741,0.001613628352060914,0.5511090241767885,0.012131901874793937,0.08919530869952416,-0.9572978244988071,-0.025888588279485703,depth/000570.png,1.0,-0.0018648874699850604,0.1568737541569046,-0.9876169031823238,0.5511090241767885,0.012131901874793937,0.08919530869952416,-0.025888588279485703,0.9997079596524944,-0.020458115221122265,0.012863161704870235,4.180842087768837,0.8361684175537674,0.6,0.0,0.053783297538757324,-0.028989908352042015,0.6,0.0,0.053783297538757324,-0.028989908352042015,goal_capture,TERMINAL_SETTLING,NONE,DIRECT_LOCAL,PASS_THROUGH,0,6,0,0,0,0,1,0.6,4.180842087768837,inf,0.0,0,0,0,CLEAR,none,nan,0.0,0.0,0,0,0,0,0.0,0,0,1,1,0.0,0.6,"2.755,11.893;2.947,12.029;3.220,12.215;3.494,12.399;3.769,12.582;4.043,12.765;4.318,12.948;4.592,13.132;4.866,13.316;5.139,13.501;5.413,13.685;5.686,13.870;5.960,14.054;6.209,14.222;6.250,14.250",6.250000000000001,14.25,2.0,6.250000000000001,14.25,2.0,6.250000000000001,14.25,2.0,5.719450617280809,0.0,0.0,0,0,2,1,,,0,1,PASS_THROUGH,-1,0.9996242046219467,-0.024243025642429954,0.012795516466355803,0.8494992259820308,0,0.9997079596524944,-0.020458115221122265,0.012863161704870235,4.181188013705367,0.8362376027410734,0,0,0,BYPASS_VISIBLE,1,0,1,1,1
1787562339357653504,1787562339376489728,joint_v2_000002_8ec8982a,571,29,0.03333333333333333,0.9666666666666667,18.836021423339844,frame_id_exact,1,,2.798725128173828,11.924938201904297,1.9460729360580444,-0.06965295630923458,0.037617882145496905,-0.459739683504208,0.8845183910081927,0.4913220703601837,0.3607143461704254,-0.010544134303927422,0.6034124244624527,0.012992282893674075,0.08572071928040283,-0.9588637328257184,-0.02478151209652424,depth/000571.png,1.0,0.002502960999461609,0.15780750815055494,-0.9874667212405427,0.6034124244624527,0.012992282893674075,0.08572071928040283,-0.02478151209652424,0.9997338714423069,-0.019086163976309682,0.012957802114803935,4.161395271524058,0.8322790543048116,0.6,0.0,0.053927063941955566,-0.011433827158515708,0.6,0.0,0.053927063941955566,-0.011433827158515708,goal_capture,TERMINAL_SETTLING,NONE,DIRECT_LOCAL,PASS_THROUGH,0,6,0,0,0,0,1,0.6,4.161395271524058,inf,0.0,0,0,0,CLEAR,none,nan,0.0,0.0,0,0,0,0,1.0937148825012744,0,0,1,1,0.0,0.6,"2.799,11.925;3.020,12.083;3.293,12.268;3.567,12.452;3.842,12.634;4.117,12.817;4.392,12.999;4.666,13.183;4.940,13.367;5.214,13.551;5.487,13.736;5.761,13.921;6.035,14.105;6.248,14.249;6.250,14.250",6.250000000000001,14.25,2.0,6.250000000000001,14.25,2.0,6.250000000000001,14.25,2.0,5.719450617280809,0.0,0.0,0,0,2,1,,,0,1,PASS_THROUGH,-1,0.9996242046219467,-0.024243025642429954,0.012795516466355803,0.8494992259820308,0,0.9997338714423069,-0.019086163976309682,0.012957802114803935,4.161744674302857,0.8323489348605714,0,0,0,BYPASS_VISIBLE,1,0,1,1,1
1787562339405400064,1787562339422163456,joint_v2_000002_8ec8982a,572,30,0.03333333333333333,1.0,16.76344871520996,frame_id_exact,1,,2.815767526626587,11.93740177154541,1.9455186128616333,-0.053733280660317025,0.03188429566600629,-0.4608236964494024,0.8852895837126241,0.5299907922744751,0.38604333996772766,-0.022131040692329407,0.6532274773363483,0.012334616188300387,0.05959197334849547,-0.9603129491319167,-0.0228156428784132,depth/000572.png,1.0,0.006930531641776913,0.12452510530956068,-0.9921922524787246,0.6532274773363483,0.012334616188300387,0.05959197334849547,-0.0228156428784132,0.9997543817355024,-0.01783400970727918,0.013157670706621523,4.140297482962279,0.8280594965924559,0.6,0.0,0.0544813871383667,-0.010006779653501385,0.6,0.0,0.0544813871383667,-0.010006779653501385,goal_capture,TERMINAL_SETTLING,NONE,DIRECT_LOCAL,PASS_THROUGH,0,6,0,0,0,0,1,0.6,4.140297482962279,inf,0.0,0,0,0,CLEAR,none,nan,0.0,0.0,0,0,0,0,0.0,0,0,1,1,0.0,0.6,"2.799,11.925;3.020,12.083;3.293,12.268;3.567,12.452;3.842,12.634;4.117,12.817;4.392,12.999;4.666,13.183;4.940,13.367;5.214,13.551;5.487,13.736;5.761,13.921;6.035,14.105;6.248,14.249;6.250,14.250",6.250000000000001,14.25,2.0,6.250000000000001,14.25,2.0,6.250000000000001,14.25,2.0,5.719450617280809,0.0,0.0,0,0,2,1,,,1,1,PASS_THROUGH,-1,0.9998409338618387,-0.017835553657962924,0.0,0.8280594965924559,0,0.9997543817355024,-0.01783400970727918,0.013157670706621523,4.140655922552405,0.828131184510481,0,0,0,BYPASS_VISIBLE,1,0,1,1,1
1787562339452291072,1787562339469947904,joint_v2_000002_8ec8982a,573,31,0.03333333333333333,1.0333333333333334,17.656803131103516,frame_id_exact,1,,2.833935260772705,11.950567245483398,1.944661021232605,-0.02661126873546932,0.01974747538084738,-0.46198602870624117,0.8862678979138349,0.5576781034469604,0.40200164914131165,-0.028142699971795082,0.6877630523952379,0.010131769727730592,0.016779020841658172,-0.961380021644192,-0.02026115357875824,depth/000573.png,1.0,0.010415038265909563,0.065415541862353,-0.997803755184743,0.6877630523952379,0.010131769727730592,0.016779020841658172,-0.02026115357875824,0.999765958424554,-0.01695469468459057,0.01343751106362871,4.117874366118502,0.8235748732237005,0.6,0.0,0.05533897876739502,-0.013756891877193256,0.6,0.0,0.05533897876739502,-0.013756891877193256,goal_capture,TERMINAL_SETTLING,NONE,DIRECT_LOCAL,PASS_THROUGH,0,6,0,0,0,0,1,0.6,4.117874366118502,inf,0.0,0,0,0,CLEAR,none,nan,0.0,0.0,0,0,0,0,0.0,0,0,1,1,0.0,0.6,"2.799,11.925;3.020,12.083;3.293,12.268;3.567,12.452;3.842,12.634;4.117,12.817;4.392,12.999;4.666,13.183;4.940,13.367;5.214,13.551;5.487,13.736;5.761,13.921;6.035,14.105;6.248,14.249;6.250,14.250",6.250000000000001,14.25,2.0,6.250000000000001,14.25,2.0,6.250000000000001,14.25,2.0,5.719450617280809,0.0,0.0,0,0,2,1,,,0,1,PASS_THROUGH,-1,0.9997543817355024,-0.01783400970727918,0.013157670706621523,0.8280594965924559,0,0.999765958424554,-0.01695469468459057,0.01343751106362871,4.118246191973821,0.8236492383947642,0,0,0,BYPASS_VISIBLE,1,0,1,1,1
1787562339498028544,1787562339518019840,joint_v2_000002_8ec8982a,574,32,0.03333333333333333,1.0666666666666667,19.991397857666016,frame_id_exact,1,,2.8527591228485107,11.964056968688965,1.9437341690063477,0.00538996620964021,0.004069225606751639,-0.4627076296100208,0.8864852165534945,0.5686385035514832,0.4050750136375427,-0.026290351524949074,0.6979646345676446,0.0068410325091496195,-0.030418187735204466,-0.9620825263156533,-0.018032899126410484,depth/000574.png,1.0,0.012202573663493962,-0.00579052725544094,-0.9999087793344406,0.6979646345676446,0.0068410325091496195,-0.030418187735204466,-0.018032899126410484,0.9997708053653351,-0.016418159307003875,0.013739751967152382,4.094726012786266,0.8189452025572532,0.6,0.0,0.056265830993652344,-0.01309466798356057,0.6,0.0,0.056265830993652344,-0.01309466798356057,goal_capture,TERMINAL_SETTLING,NONE,DIRECT_LOCAL,PASS_THROUGH,0,6,0,0,0,0,1,0.6,4.094726012786266,inf,0.0,0,0,0,CLEAR,none,nan,0.0,0.0,0,0,0,0,0.9408223190399946,0,0,1,1,0.0,0.6,"2.853,11.964;3.090,12.130;3.363,12.316;3.637,12.499;3.912,12.682;4.187,12.864;4.462,13.047;4.736,13.231;5.010,13.415;5.284,13.599;5.557,13.784;5.831,13.968;6.105,14.152;6.250,14.250",6.250000000000001,14.25,2.0,6.250000000000001,14.25,2.0,6.250000000000001,14.25,2.0,5.719450617280809,0.0,0.0,0,0,2,1,,,0,1,PASS_THROUGH,-1,0.9997543817355024,-0.01783400970727918,0.013157670706621523,0.8280594965924559,0,0.9997708053653351,-0.016418159307003875,0.013739751967152382,4.095112570311825,0.8190225140623649,0,0,0,BYPASS_VISIBLE,1,0,1,1,1
1787562339557137408,1787562339575056640,joint_v2_000002_8ec8982a,575,33,0.03333333333333333,1.1,17.919063568115234,frame_id_exact,1,,2.8716306686401367,11.977417945861816,1.9429864883422852,0.03516118379506938,-0.011638679765897471,-0.46284169213639625,0.8856668675680229,0.5605155229568481,0.3944110572338104,-0.017891278490424156,0.6822236424342429,0.0032524186927153677,-0.06795700748491239,-0.9626770812012034,-0.016294272616505623,depth/000575.png,1.0,0.011932137508678001,-0.07305592349768848,-0.9972564645748725,0.6822236424342429,0.0032524186927153677,-0.06795700748491239,-0.016294272616505623,0.9997746164144671,-0.01595867662523331,0.014001321854613323,4.071610066283831,0.8143220132567661,0.6,0.0,0.057013511657714844,-0.012870512252037558,0.6,0.0,0.057013511657714844,-0.012870512252037558,goal_capture,TERMINAL_SETTLING,NONE,DIRECT_LOCAL,PASS_THROUGH,0,6,0,0,0,0,1,0.6,4.071610066283831,inf,0.0,0,0,0,CLEAR,none,nan,0.0,0.0,0,0,0,0,0.0,0,0,1,1,0.0,0.6,"2.853,11.964;3.090,12.130;3.363,12.316;3.637,12.499;3.912,12.682;4.187,12.864;4.462,13.047;4.736,13.231;5.010,13.415;5.284,13.599;5.557,13.784;5.831,13.968;6.105,14.152;6.250,14.250",6.250000000000001,14.25,2.0,6.250000000000001,14.25,2.0,6.250000000000001,14.25,2.0,5.719450617280809,0.0,0.0,0,0,2,1,,,0,1,PASS_THROUGH,-1,0.9997543817355024,-0.01783400970727918,0.013157670706621523,0.8280594965924559,0,0.9997746164144671,-0.01595867662523331,0.014001321854613323,4.072009218110313,0.8144018436220627,0,0,0,BYPASS_VISIBLE,1,0,1,1,1
1787562339613675264,1787562339630260992,joint_v2_000002_8ec8982a,576,34,0.03333333333333333,1.1333333333333333,16.585588455200195,frame_id_exact,1,,2.8899354934692383,11.990221977233887,1.942580223083496,0.05629044475850451,-0.02396913844176323,-0.4626927679959328,0.8844050365502852,0.5353761315345764,0.3723718822002411,-0.006387935485690832,0.6465116889209117,0.00016848375032568264,-0.08574283813767707,-0.9634278218581492,-0.01472230814397335,depth/000576.png,1.0,0.00969350987473628,-0.12174779973234828,-0.9925137324624986,0.6465116889209117,0.00016848375032568264,-0.08574283813767707,-0.01472230814397335,0.9997822803713388,-0.015308576066453406,0.01417883473009026,4.049275268517138,0.8098550537034276,0.6,0.0,0.057419776916503906,-0.015413467741278719,0.6,0.0,0.057419776916503906,-0.015413467741278719,goal_capture,TERMINAL_SETTLING,NONE,DIRECT_LOCAL,PASS_THROUGH,0,6,0,0,0,0,1,0.6,4.049275268517138,inf,0.0,0,0,0,CLEAR,none,nan,0.0,0.0,0,0,0,0,0.0,0,0,1,1,0.0,0.6,"2.853,11.964;3.090,12.130;3.363,12.316;3.637,12.499;3.912,12.682;4.187,12.864;4.462,13.047;4.736,13.231;5.010,13.415;5.284,13.599;5.557,13.784;5.831,13.968;6.105,14.152;6.250,14.250",6.250000000000001,14.25,2.0,6.250000000000001,14.25,2.0,6.250000000000001,14.25,2.0,5.719450617280809,0.0,0.0,0,0,2,1,,,0,1,PASS_THROUGH,-1,0.9997543817355024,-0.01783400970727918,0.013157670706621523,0.8280594965924559,0,0.9997822803713388,-0.015308576066453406,0.01417883473009026,4.0496823617421756,0.8099364723484351,0,0,0,BYPASS_VISIBLE,1,0,1,1,1
1787562339661393408,1787562339677312000,joint_v2_000002_8ec8982a,577,35,0.03333333333333333,1.1666666666666667,15.918493270874023,frame_id_exact,1,,2.907200336456299,12.002172470092773,1.942563533782959,0.06442857623600438,-0.03034665564289868,-0.4627416740187973,0.8836278527648243,0.4994201362133026,0.34407925605773926,0.005167885217815638,0.6010652689429341,-0.0018601657073675849,-0.08096169585850484,-0.9644015903137189,-0.013260492123663425,depth/000577.png,1.0,0.005997274115536549,-0.1419470934183645,-0.9898560781109854,0.6010652689429341,-0.0018601657073675849,-0.08096169585850484,-0.013260492123663425,0.9997945999464931,-0.014404853622199964,0.01425686185507462,4.028279805921718,0.8056559611843437,0.6,0.0,0.057436466217041016,-0.024897392426298792,0.6,0.0,0.057436466217041016,-0.024897392426298792,goal_capture,TERMINAL_SETTLING,NONE,DIRECT_LOCAL,PASS_THROUGH,0,6,0,0,0,0,1,0.6,4.028279805921718,inf,0.0,0,0,0,CLEAR,none,nan,0.0,0.0,0,0,0,0,0.8254497623568016,0,0,1,1,0.0,0.6,"2.907,12.002;3.040,12.093;3.240,12.229;3.506,12.408;3.839,12.631;4.188,12.865;4.537,13.099;4.886,13.333;5.235,13.567;5.583,13.801;5.879,14.000;6.098,14.148;6.235,14.240;6.250,14.250",6.250000000000001,14.25,2.0,6.250000000000001,14.25,2.0,6.250000000000001,14.25,2.0,5.719450617280809,0.0,0.0,0,0,2,1,,,0,1,PASS_THROUGH,-1,0.9997543817355024,-0.01783400970727918,0.013157670706621523,0.8280594965924559,0,0.9997945999464931,-0.014404853622199964,0.01425686185507462,4.02868925861107,0.805737851722214,0,0,0,BYPASS_VISIBLE,1,0,1,1,1
1787562339708165632,1787562339725122048,joint_v2_000002_8ec8982a,578,36,0.03333333333333333,1.2,16.956329345703125,frame_id_exact,1,,2.9232048988342285,12.013163566589355,1.942911148071289,0.05821867137057508,-0.02958529528170879,-0.4632474971476973,0.883819581698286,0.4612354636192322,0.31598198413848877,0.015459787100553513,0.5563321802642776,-0.0026102412872767767,-0.057527941560221174,-0.9654417245131925,-0.012498130090534687,depth/000578.png,1.0,0.0016431809987661333,-0.13032023153879765,-0.9914705932138782,0.5563321802642776,-0.0026102412872767767,-0.057527941560221174,-0.012498130090534687,0.9998086589638516,-0.01341232491560176,0.014239206482902686,4.008865534658631,0.8017731069317262,0.6,0.0,0.05708885192871094,-0.02274353759697617,0.6,0.0,0.05708885192871094,-0.02274353759697617,goal_capture,TERMINAL_SETTLING,NONE,DIRECT_LOCAL,PASS_THROUGH,0,6,0,0,0,0,1,0.6,4.008865534658631,inf,0.0,0,0,0,CLEAR,none,nan,0.0,0.0,0,0,0,0,0.0,0,0,1,1,0.0,0.6,"2.907,12.002;3.040,12.093;3.240,12.229;3.506,12.408;3.839,12.631;4.188,12.865;4.537,13.099;4.886,13.333;5.235,13.567;5.583,13.801;5.879,14.000;6.098,14.148;6.235,14.240;6.250,14.250",6.250000000000001,14.25,2.0,6.250000000000001,14.25,2.0,6.250000000000001,14.25,2.0,5.719450617280809,0.0,0.0,0,0,2,1,,,1,1,PASS_THROUGH,-1,0.9999100324825585,-0.01341368483037995,0.0,0.8017731069317262,0,0.9998086589638516,-0.01341232491560176,0.014239206482902686,4.0092720052384045,0.8018544010476809,0,0,0,BYPASS_VISIBLE,1,0,1,1,1
1787562339760449280,1787562339777547264,joint_v2_000002_8ec8982a,579,37,0.03333333333333333,1.2333333333333334,17.098188400268555,frame_id_exact,1,,2.9380221366882324,12.023308753967285,1.9435778856277466,0.039458918686709026,-0.02209351787666374,-0.46405848655254545,0.884649417149229,0.4295143485069275,0.2941782772541046,0.02437291294336319,0.5206681778001283,-0.00211271793681079,-0.02275210575049114,-0.9663277184142448,-0.012583746574819088,depth/000579.png,1.0,-0.0024675432512250087,-0.09031998777200428,-0.9959097404078184,0.5206681778001283,-0.00211271793681079,-0.02275210575049114,-0.012583746574819088,0.9998211344029722,-0.012564460636925907,0.014136248797224322,3.99090857728236,0.798181715456472,0.6,0.0,0.05642211437225342,-0.022080315789357874,0.6,0.0,0.05642211437225342,-0.022080315789357874,goal_capture,TERMINAL_SETTLING,NONE,DIRECT_LOCAL,PASS_THROUGH,0,6,0,0,0,0,1,0.6,3.99090857728236,inf,0.0,0,0,0,CLEAR,none,nan,0.0,0.0,0,0,0,0,0.0,0,0,1,1,0.0,0.6,"2.907,12.002;3.040,12.093;3.240,12.229;3.506,12.408;3.839,12.631;4.188,12.865;4.537,13.099;4.886,13.333;5.235,13.567;5.583,13.801;5.879,14.000;6.098,14.148;6.235,14.240;6.250,14.250",6.250000000000001,14.25,2.0,6.250000000000001,14.25,2.0,6.250000000000001,14.25,2.0,5.719450617280809,0.0,0.0,0,0,2,1,,,0,1,PASS_THROUGH,-1,0.9998086589638516,-0.01341232491560176,0.014239206482902686,0.8017731069317262,0,0.9998211344029722,-0.012564460636925907,0.014136248797224322,3.991307395730896,0.7982614791461792,0,0,0,BYPASS_VISIBLE,1,0,1,1,1
1787562339805796608,1787562339821771520,joint_v2_000002_8ec8982a,580,38,0.03333333333333333,1.2666666666666666,15.974998474121094,frame_id_exact,1,,2.951988458633423,12.032896041870117,1.9445149898529053,0.012528644413254823,-0.00969013404354493,-0.46476409765645316,0.8852928712584144,0.4111050069332123,0.2830909490585327,0.031549274921417236,0.4998880264984458,-0.0005740586828975834,0.015962466369649847,-0.9669540157326006,-0.013283077627420425,depth/000580.png,1.0,-0.005511484949407718,-0.031190291981008582,-0.9994982687427687,0.4998880264984458,-0.0005740586828975834,0.015962466369649847,-0.013283077627420425,0.9998307796202124,-0.0119795443732673,0.01396075358449956,3.9739690597867448,0.794793811957349,0.6,0.0,0.05548501014709473,-0.021377174421228495,0.6,0.0,0.05548501014709473,-0.021377174421228495,goal_capture,TERMINAL_SETTLING,NONE,DIRECT_LOCAL,PASS_THROUGH,0,6,0,0,0,0,1,0.6,3.9739690597867448,inf,0.0,0,0,0,CLEAR,none,nan,0.0,0.0,0,0,0,0,0.686460654038666,0,0,1,1,0.0,0.6,"2.952,12.033;3.150,12.168;3.424,12.352;3.698,12.536;3.972,12.720;4.246,12.904;4.520,13.087;4.794,13.271;5.068,13.455;5.342,13.639;5.616,13.824;5.890,14.008;6.157,14.188;6.250,14.250",6.250000000000001,14.25,2.0,6.250000000000001,14.25,2.0,6.250000000000001,14.25,2.0,5.719450617280809,0.0,0.0,0,0,2,1,,,0,1,PASS_THROUGH,-1,0.9998086589638516,-0.01341232491560176,0.014239206482902686,0.8017731069317262,0,0.9998307796202124,-0.0119795443732673,0.01396075358449956,3.9743563849374866,0.7948712769874973,0,0,0,BYPASS_VISIBLE,1,0,1,1,1
1787562339853434112,1787562339870085376,joint_v2_000002_8ec8982a,581,39,0.03333333333333333,1.3,16.651391983032227,frame_id_exact,1,,2.9656190872192383,12.042325019836426,1.9456435441970825,-0.016617830146445422,0.004835944580246255,-0.46504972427860763,0.8851153683614537,0.4096512794494629,0.28462159633636475,0.0355135053396225,0.497326668123585,0.0016737251545614834,0.05242343688037237,-0.9674219762148913,-0.014334130100905895,depth/000581.png,1.0,-0.006895496918385877,0.033915303090218514,-0.9994009227224814,0.497326668123585,0.0016737251545614834,0.05242343688037237,-0.014334130100905895,0.9998387715483218,-0.01156741359686365,0.013734112691466894,3.9573964671585324,0.7914792934317065,0.6,0.0,0.05435645580291748,-0.020908639083324354,0.6,0.0,0.05435645580291748,-0.020908639083324354,goal_capture,TERMINAL_SETTLING,NONE,DIRECT_LOCAL,PASS_THROUGH,0,6,0,0,0,0,1,0.6,3.9573964671585324,inf,0.0,0,0,0,CLEAR,none,nan,0.0,0.0,0,0,0,0,0.0,0,0,1,1,0.0,0.6,"2.952,12.033;3.150,12.168;3.424,12.352;3.698,12.536;3.972,12.720;4.246,12.904;4.520,13.087;4.794,13.271;5.068,13.455;5.342,13.639;5.616,13.824;5.890,14.008;6.157,14.188;6.250,14.250",6.250000000000001,14.25,2.0,6.250000000000001,14.25,2.0,6.250000000000001,14.25,2.0,5.719450617280809,0.0,0.0,0,0,2,1,,,0,1,PASS_THROUGH,-1,0.9998086589638516,-0.01341232491560176,0.014239206482902686,0.8017731069317262,0,0.9998387715483218,-0.01156741359686365,0.013734112691466894,3.9577697536069842,0.7915539507213969,0,0,0,BYPASS_VISIBLE,1,0,1,1,1
1787562339900899328,1787562339918055424,joint_v2_000002_8ec8982a,582,40,0.03333333333333333,1.3333333333333333,17.156124114990234,frame_id_exact,1,,2.979485511779785,12.052003860473633,1.946823000907898,-0.04163897080937481,0.018291316837924718,-0.46495230174765195,0.8841668286798772,0.42489466071128845,0.2978139817714691,0.0343240387737751,0.5136041425901433,0.004192403493017503,0.08124031354245828,-0.9679600353707887,-0.015306444838643074,depth/000582.png,1.0,-0.00637511943851074,0.09064077327161515,-0.9958632476765413,0.5136041425901433,0.004192403493017503,0.08124031354245828,-0.015306444838643074,0.9998472875905993,-0.011104905667809936,0.01349379738363144,3.9404888081342335,0.7880977616268467,0.6,0.0,0.05317699909210205,-0.021413061339734252,0.6,0.0,0.05317699909210205,-0.021413061339734252,goal_capture,TERMINAL_SETTLING,NONE,DIRECT_LOCAL,PASS_THROUGH,0,6,0,0,0,0,1,0.6,3.9404888081342335,inf,0.0,0,0,0,CLEAR,none,nan,0.0,0.0,0,0,0,0,0.0,0,0,1,1,0.0,0.6,"2.952,12.033;3.150,12.168;3.424,12.352;3.698,12.536;3.972,12.720;4.246,12.904;4.520,13.087;4.794,13.271;5.068,13.455;5.342,13.639;5.616,13.824;5.890,14.008;6.157,14.188;6.250,14.250",6.250000000000001,14.25,2.0,6.250000000000001,14.25,2.0,6.250000000000001,14.25,2.0,5.719450617280809,0.0,0.0,0,0,2,1,,,0,1,PASS_THROUGH,-1,0.9998086589638516,-0.01341232491560176,0.014239206482902686,0.8017731069317262,0,0.9998472875905993,-0.011104905667809936,0.01349379738363144,3.940847604293218,0.7881695208586436,0,0,0,BYPASS_VISIBLE,1,0,1,1,1
1787562339952345856,1787562339969957632,joint_v2_000002_8ec8982a,583,41,0.03333333333333333,1.3666666666666667,17.61174201965332,frame_id_exact,1,,2.994088649749756,12.062272071838379,1.9478644132614136,-0.057105732918813844,0.02772583390159451,-0.46482745675852244,0.883122669194756,0.45291635394096375,0.3192061185836792,0.027309654280543327,0.5461373215845953,0.0064646776433235995,0.09728217175171053,-0.9687402536024913,-0.015846386551856995,depth/000583.png,1.0,-0.004118000316314145,0.12663819228114626,-0.9919404268045325,0.5461373215845953,0.0064646776433235995,0.09728217175171053,-0.015846386551856995,0.9998573836158539,-0.010420870211219414,0.013289766472743107,3.9226409736740777,0.7845281947348155,0.6,0.0,0.052135586738586426,-0.008605095972423205,0.6,0.0,0.052135586738586426,-0.008605095972423205,goal_capture,TERMINAL_SETTLING,NONE,DIRECT_LOCAL,PASS_THROUGH,0,6,0,0,0,0,1,0.6,3.9226409736740773,inf,0.0,0,0,0,CLEAR,none,nan,0.0,0.0,0,0,0,0,0.597135425579954,0,0,1,1,0.0,0.6,"2.994,12.062;3.118,12.149;3.308,12.279;3.567,12.452;3.892,12.669;4.241,12.902;4.590,13.135;4.939,13.369;5.288,13.603;5.632,13.835;5.916,14.026;6.124,14.165;6.247,14.248;6.250,14.250",6.250000000000001,14.25,2.0,6.250000000000001,14.25,2.0,6.250000000000001,14.25,2.0,5.719450617280809,0.0,0.0,0,0,2,1,,,0,1,PASS_THROUGH,-1,0.9998086589638516,-0.01341232491560176,0.014239206482902686,0.8017731069317262,0,0.9998573836158539,-0.010420870211219414,0.013289766472743107,3.922987423858416,0.7845974847716832,0,0,0,BYPASS_VISIBLE,1,0,1,1,1
1787562339999035904,1787562340014648320,joint_v2_000002_8ec8982a,584,42,0.03333333333333333,1.4,15.612602233886719,frame_id_exact,1,,3.009751558303833,12.073320388793945,1.9485960006713867,-0.05977044615662271,0.03110781781024719,-0.46504993056927263,0.8827164660947691,0.48732537031173706,0.34382081031799316,0.016239125281572342,0.58875252887271,0.00795638140841964,0.09627892338396925,-0.969730448452868,-0.015286225825548172,depth/000584.png,1.0,-0.000673717659701048,0.13445409104219744,-0.9909195948746454,0.58875252887271,0.00795638140841964,0.09627892338396925,-0.015286225825548172,0.9998677709155215,-0.009542238809443371,0.01316762556157335,3.90347846077759,0.780695692155518,0.6,0.0,0.05140399932861328,-0.007426007479486574,0.6,0.0,0.05140399932861328,-0.007426007479486574,goal_capture,TERMINAL_SETTLING,NONE,DIRECT_LOCAL,PASS_THROUGH,0,6,0,0,0,0,1,0.6,3.90347846077759,inf,0.0,0,0,0,CLEAR,none,nan,0.0,0.0,0,0,0,0,0.0,0,0,1,1,0.0,0.6,"2.994,12.062;3.118,12.149;3.308,12.279;3.567,12.452;3.892,12.669;4.241,12.902;4.590,13.135;4.939,13.369;5.288,13.603;5.632,13.835;5.916,14.026;6.124,14.165;6.247,14.248;6.250,14.250",6.250000000000001,14.25,2.0,6.250000000000001,14.25,2.0,6.250000000000001,14.25,2.0,5.719450617280809,0.0,0.0,0,0,2,1,,,1,1,PASS_THROUGH,-1,0.9999544639073262,-0.009543066164074672,0.0,0.780695692155518,0,0.9998677709155215,-0.009542238809443371,0.01316762556157335,3.903816909756599,0.7807633819513198,0,0,0,BYPASS_VISIBLE,1,0,1,1,1
1787562340045054464,1787562340061701120,joint_v2_000002_8ec8982a,585,43,0.03333333333333333,1.4333333333333333,16.646623611450195,frame_id_exact,1,,3.0265660285949707,12.085169792175293,1.9489418268203735,-0.04936111436760998,0.027820028607043065,-0.46569251042530685,0.8831308012579261,0.5208101868629456,0.3663349449634552,0.004846890456974506,0.6320619752088874,0.008236378907801168,0.07679750351556237,-0.9707073719048889,-0.013748752884566784,depth/000585.png,1.0,0.003163245775026788,0.11309579888913854,-0.9935790527933821,0.6320619752088874,0.008236378907801168,0.07679750351556237,-0.013748752884566784,0.9998758483836542,-0.008683875365443251,0.013148312732254476,3.882913390318971,0.7765826780637942,0.6,0.0,0.051058173179626465,-0.008381173907504591,0.6,0.0,0.051058173179626465,-0.008381173907504591,goal_capture,TERMINAL_SETTLING,NONE,DIRECT_LOCAL,PASS_THROUGH,0,6,0,0,0,0,1,0.6,3.882913390318971,inf,0.0,0,0,0,CLEAR,none,nan,0.0,0.0,0,0,0,0,0.0,0,0,1,1,0.0,0.6,"2.994,12.062;3.118,12.149;3.308,12.279;3.567,12.452;3.892,12.669;4.241,12.902;4.590,13.135;4.939,13.369;5.288,13.603;5.632,13.835;5.916,14.026;6.124,14.165;6.247,14.248;6.250,14.250",6.250000000000001,14.25,2.0,6.250000000000001,14.25,2.0,6.250000000000001,14.25,2.0,5.719450617280809,0.0,0.0,0,0,2,1,,,0,1,PASS_THROUGH,-1,0.9998677709155215,-0.009542238809443371,0.01316762556157335,0.780695692155518,0,0.9998758483836542,-0.008683875365443251,0.013148312732254476,3.883249069241736,0.7766498138483472,0,0,0,BYPASS_VISIBLE,1,0,1,1,1
1787562340088399104,1787562340103968000,joint_v2_000002_8ec8982a,586,44,0.03333333333333333,1.4666666666666666,15.568733215332031,frame_id_exact,1,,3.044384479522705,12.09766674041748,1.9489604234695435,-0.028552721664571498,0.018766609181055702,-0.46648059732298863,0.8838712625640562,0.5464910268783569,0.38203755021095276,-0.0028631624300032854,0.6654038174889307,0.007156924301029493,0.04242485161500137,-0.9714542033218557,-0.012058456428349018,depth/000586.png,1.0,0.006535951787239119,0.06798237841562167,-0.9976651129307821,0.6654038174889307,0.007156924301029493,0.04242485161500137,-0.012058456428349018,0.9998802303672034,-0.008051114712944169,0.013217581953876156,3.8611538852304292,0.7722307770460859,0.6,0.0,0.05103957653045654,-0.001886776661433609,0.6,0.0,0.05103957653045654,-0.001886776661433609,goal_capture,TERMINAL_SETTLING,NONE,DIRECT_LOCAL,PASS_THROUGH,0,6,0,0,0,0,1,0.6,3.8611538852304292,inf,0.0,0,0,0,CLEAR,none,nan,0.0,0.0,0,0,0,0,0.46134017885715944,0,0,1,1,0.0,0.6,"3.044,12.098;3.187,12.197;3.396,12.339;3.673,12.525;4.012,12.750;4.361,12.983;4.711,13.216;5.059,13.450;5.408,13.684;5.739,13.907;5.997,14.080;6.177,14.201;6.250,14.250",6.250000000000001,14.25,2.0,6.250000000000001,14.25,2.0,6.250000000000001,14.25,2.0,5.719450617280809,0.0,0.0,0,0,2,1,,,0,1,PASS_THROUGH,-1,0.9998677709155215,-0.009542238809443371,0.01316762556157335,0.780695692155518,0,0.9998802303672034,-0.008051114712944169,0.013217581953876156,3.861491209856944,0.7722982419713887,0,0,0,BYPASS_VISIBLE,1,0,1,1,1
1787562340140748288,1787562340159838720,joint_v2_000002_8ec8982a,587,45,0.03333333333333333,1.5,19.09041404724121,frame_id_exact,1,,3.062851667404175,12.110525131225586,1.948820948600769,-0.002214123678003727,0.006095598950137838,-0.46702993251473246,0.8842177240165807,0.5590404272079468,0.3875860273838043,-0.0045127468183636665,0.6802506888691833,0.004956722859929061,0.0019808966002815816,-0.971921873164356,-0.010384803637862206,depth/000587.png,1.0,0.008711549196582772,0.00960918913115085,-0.9999158826595551,0.6802506888691833,0.004956722859929061,0.0019808966002815816,-0.010384803637862206,0.9998816179547142,-0.00768275836734261,0.01333136527636777,3.83865434860781,0.767730869721562,0.6,0.0,0.05117905139923096,-0.001656652009850712,0.6,0.0,0.05117905139923096,-0.001656652009850712,goal_capture,TERMINAL_SETTLING,NONE,DIRECT_LOCAL,PASS_THROUGH,0,6,0,0,0,0,1,0.6,3.83865434860781,inf,0.0,0,0,0,CLEAR,none,nan,0.0,0.0,0,0,0,0,0.0,0,0,1,1,0.0,0.6,"3.044,12.098;3.187,12.197;3.396,12.339;3.673,12.525;4.012,12.750;4.361,12.983;4.711,13.216;5.059,13.450;5.408,13.684;5.739,13.907;5.997,14.080;6.177,14.201;6.250,14.250",6.250000000000001,14.25,2.0,6.250000000000001,14.25,2.0,6.250000000000001,14.25,2.0,5.719450617280809,0.0,0.0,0,0,2,1,,,0,1,PASS_THROUGH,-1,0.9998677709155215,-0.009542238809443371,0.01316762556157335,0.780695692155518,0,0.9998816179547142,-0.00768275836734261,0.01333136527636777,3.8389955070809574,0.7677991014161915,0,0,0,BYPASS_VISIBLE,1,0,1,1,1
1787562340188093184,1787562340204695040,joint_v2_000002_8ec8982a,588,46,0.03333333333333333,1.5333333333333334,16.6018009185791,frame_id_exact,1,,3.0814762115478516,12.123376846313477,1.9487279653549194,0.02374401981654367,-0.007328344102865589,-0.4671535247231364,0.883826963400875,0.5557911396026611,0.381722629070282,-0.00035295053385198116,0.6734263557476503,0.002194906304503849,-0.03328973941000052,-0.9722383154567684,-0.008715512230992317,depth/000588.png,1.0,0.009230228866403943,-0.048818133422847326,-0.9987650337913232,0.6734263557476503,0.002194906304503849,-0.03328973941000052,-0.008715512230992317,0.9998820523781123,-0.007442354418810421,0.01343475689539913,3.8160279133914594,0.7632055826782919,0.6,0.0,0.051272034645080566,-0.004057856646904334,0.6,0.0,0.051272034645080566,-0.004057856646904334,goal_capture,TERMINAL_SETTLING,NONE,DIRECT_LOCAL,PASS_THROUGH,0,6,0,0,0,0,1,0.6,3.8160279133914594,inf,0.0,0,0,0,CLEAR,none,nan,0.0,0.0,0,0,0,0,0.0,0,0,1,1,0.0,0.6,"3.044,12.098;3.187,12.197;3.396,12.339;3.673,12.525;4.012,12.750;4.361,12.983;4.711,13.216;5.059,13.450;5.408,13.684;5.739,13.907;5.997,14.080;6.177,14.201;6.250,14.250",6.250000000000001,14.25,2.0,6.250000000000001,14.25,2.0,6.250000000000001,14.25,2.0,5.719450617280809,0.0,0.0,0,0,2,1,,,0,1,PASS_THROUGH,-1,0.9998677709155215,-0.009542238809443371,0.01316762556157335,0.780695692155518,0,0.9998820523781123,-0.007442354418810421,0.01343475689539913,3.816372342594394,0.7632744685188788,0,0,0,BYPASS_VISIBLE,1,0,1,1,1
1787562340236528128,1787562340253215232,joint_v2_000002_8ec8982a,589,47,0.03333333333333333,1.5666666666666667,16.68715476989746,frame_id_exact,1,,3.099736213684082,12.135860443115234,1.9488407373428345,0.04365435523588985,-0.018553802726319357,-0.46699917237669597,0.8829846129309461,0.5376265048980713,0.36577412486076355,0.007363633252680302,0.6480462239803422,-0.00044867092845957054,-0.05406553949117179,-0.972599764662648,-0.007174566388130188,depth/000589.png,1.0,0.008007650894205229,-0.09442146895668768,-0.9955001073466632,0.6480462239803422,-0.00044867092845957054,-0.05406553949117179,-0.007174566388130188,0.9998836684380294,-0.007130836570807254,0.013483351241773689,3.79390932803598,0.758781865607196,0.6,0.0,0.05115926265716553,-0.011133951376643136,0.6,0.0,0.05115926265716553,-0.011133951376643136,goal_capture,TERMINAL_SETTLING,NONE,DIRECT_LOCAL,PASS_THROUGH,0,6,0,0,0,0,1,0.6,3.79390932803598,inf,0.0,0,0,0,CLEAR,none,nan,0.0,0.0,0,0,0,0,0.4086074473986472,0,0,1,1,0.0,0.6,"3.100,12.136;3.332,12.293;3.605,12.477;3.880,12.661;4.154,12.844;4.428,13.028;4.702,13.211;4.976,13.395;5.250,13.579;5.524,13.763;5.798,13.947;6.072,14.131;6.250,14.250",6.250000000000001,14.25,2.0,6.250000000000001,14.25,2.0,6.250000000000001,14.25,2.0,5.719450617280809,0.0,0.0,0,0,2,1,,,0,1,PASS_THROUGH,-1,0.9998677709155215,-0.009542238809443371,0.01316762556157335,0.780695692155518,0,0.9998836684380294,-0.007130836570807254,0.013483351241773689,3.794254242866976,0.7588508485733951,0,0,0,BYPASS_VISIBLE,1,0,1,1,1
1787562340287517184,1787562340304446720,joint_v2_000002_8ec8982a,590,48,0.03333333333333333,1.6,16.92962646484375,frame_id_exact,1,,3.1172003746032715,12.147692680358887,1.949232816696167,0.05331114527820783,-0.02518167398626574,-0.4669099872327171,0.8823371628276343,0.5089887976646423,0.34347644448280334,0.016088100150227547,0.6116684829327035,-0.0024055525024369354,-0.05621718005248325,-0.9731117814478634,-0.0060479361563920975,depth/000590.png,1.0,0.005345558761834769,-0.11759195950258303,-0.9930476101687505,0.6116684829327035,-0.0024055525024369354,-0.05621718005248325,-0.0060479361563920975,0.9998874090936594,-0.006643539520722543,0.013454832537263213,3.7728145407775466,0.7545629081555093,0.6,0.0,0.05076718330383301,-0.01001175605106236,0.6,0.0,0.05076718330383301,-0.01001175605106236,goal_capture,TERMINAL_SETTLING,NONE,DIRECT_LOCAL,PASS_THROUGH,0,6,0,0,0,0,1,0.6,3.7728145407775466,inf,0.0,0,0,0,CLEAR,none,nan,0.0,0.0,0,0,0,0,0.0,0,0,1,1,0.0,0.6,"3.100,12.136;3.332,12.293;3.605,12.477;3.880,12.661;4.154,12.844;4.428,13.028;4.702,13.211;4.976,13.395;5.250,13.579;5.524,13.763;5.798,13.947;6.072,14.131;6.250,14.250",6.250000000000001,14.25,2.0,6.250000000000001,14.25,2.0,6.250000000000001,14.25,2.0,5.719450617280809,0.0,0.0,0,0,2,1,,,1,1,PASS_THROUGH,-1,0.9999779274519147,-0.00664414095072844,0.0,0.7545629081555093,0,0.9998874090936594,-0.006643539520722543,0.013454832537263213,3.773156088210915,0.754631217642183,0,0,0,BYPASS_VISIBLE,1,0,1,1,1
1787562340338225152,1787562340354118400,joint_v2_000002_8ec8982a,591,49,0.03333333333333333,1.6333333333333333,15.893220901489258,frame_id_exact,1,,3.1336288452148438,12.158746719360352,1.9499081373214722,0.0508792157653076,-0.025889441894865618,-0.46713554217167785,0.8823408793892825,0.4767294228076935,0.32000312209129333,0.024263935163617134,0.5731862870498373,-0.0033497035032314863,-0.04132721975669147,-0.9737173971469442,-0.005325022153556347,depth/000591.png,1.0,0.0018483542267665673,-0.11397338091415751,-0.9934820844029593,0.5731862870498373,-0.0033497035032314863,-0.04132721975669147,-0.005325022153556347,0.9998926693658189,-0.006044524293324409,0.013345916025685798,3.7530133836909063,0.7506026767381813,0.6,0.0,0.05009186267852783,-0.009251369511840413,0.6,0.0,0.05009186267852783,-0.009251369511840413,goal_capture,TERMINAL_SETTLING,NONE,DIRECT_LOCAL,PASS_THROUGH,0,6,0,0,0,0,1,0.6,3.7530133836909063,inf,0.0,0,0,0,CLEAR,none,nan,0.0,0.0,0,0,0,0,0.0,0,0,1,1,0.0,0.6,"3.100,12.136;3.332,12.293;3.605,12.477;3.880,12.661;4.154,12.844;4.428,13.028;4.702,13.211;4.976,13.395;5.250,13.579;5.524,13.763;5.798,13.947;6.072,14.131;6.250,14.250",6.250000000000001,14.25,2.0,6.250000000000001,14.25,2.0,6.250000000000001,14.25,2.0,5.719450617280809,0.0,0.0,0,0,2,1,,,0,1,PASS_THROUGH,-1,0.9998874090936594,-0.006643539520722543,0.013454832537263213,0.7545629081555093,0,0.9998926693658189,-0.006044524293324409,0.013345916025685798,3.7533476594727633,0.7506695318945527,0,0,0,BYPASS_VISIBLE,1,0,1,1,1
1787562340381727744,1787562340397818368,joint_v2_000002_8ec8982a,592,50,0.03333333333333333,1.6666666666666667,16.09063148498535,frame_id_exact,1,,3.1490261554718018,12.169072151184082,1.95083749294281,0.037221819516418404,-0.02069248463780831,-0.4676314000923475,0.8828970669784061,0.44829806685447693,0.3006165325641632,0.03132854029536247,0.540459252543662,-0.0032069844273344395,-0.014712084292474462,-0.9742529558878347,-0.0048990207724273205,depth/000592.png,1.0,-0.0017264848415385545,-0.0850789816824262,-0.9963727144628025,0.540459252543662,-0.0032069844273344395,-0.014712084292474462,-0.0048990207724273205,0.9998981915680871,-0.005507480431223088,0.013163364242032372,3.734474460540016,0.7468948921080032,0.6,0.0,0.04916250705718994,-0.01344862088377502,0.6,0.0,0.04916250705718994,-0.01344862088377502,goal_capture,TERMINAL_SETTLING,NONE,DIRECT_LOCAL,PASS_THROUGH,0,6,0,0,0,0,1,0.6,3.734474460540016,inf,0.0,0,0,0,CLEAR,none,nan,0.0,0.0,0,0,0,0,0.3155843225021885,0,0,1,1,0.0,0.6,"3.149,12.169;3.272,12.251;3.461,12.379;3.717,12.550;4.039,12.766;4.388,13.000;4.736,13.234;5.085,13.468;5.434,13.702;5.761,13.922;6.014,14.091;6.187,14.208;6.250,14.250",6.250000000000001,14.25,2.0,6.250000000000001,14.25,2.0,6.250000000000001,14.25,2.0,5.719450617280809,0.0,0.0,0,0,2,1,,,0,1,PASS_THROUGH,-1,0.9998874090936594,-0.006643539520722543,0.013454832537263213,0.7545629081555093,0,0.9998981915680871,-0.005507480431223088,0.013163364242032372,3.7347980465516195,0.7469596093103239,0,0,0,BYPASS_VISIBLE,1,0,1,1,1
1787562340428982528,1787562340446693120,joint_v2_000002_8ec8982a,593,51,0.03333333333333333,1.7,17.71068572998047,frame_id_exact,1,,3.1636292934417725,12.17888069152832,1.951978325843811,0.015586354229984757,-0.010877988787898576,-0.4681200162984327,0.8834604604975274,0.4299841523170471,0.2894509434700012,0.03683442249894142,0.5193488508937213,-0.002090530825840766,0.017245154581836473,-0.9746029449146505,-0.005040316376835108,depth/000593.png,1.0,-0.004627977175340411,-0.037724263948370335,-0.9992774698434955,0.5193488508937213,-0.002090530825840766,0.017245154581836473,-0.005040316376835108,0.9999032371150232,-0.005159556606142894,0.012918799577582147,3.7168830124480574,0.7433766024896115,0.6,0.0,0.048021674156188965,-0.012596069519351938,0.6,0.0,0.048021674156188965,-0.012596069519351938,goal_capture,TERMINAL_SETTLING,NONE,DIRECT_LOCAL,PASS_THROUGH,0,6,0,0,0,0,1,0.6,3.7168830124480574,inf,0.0,0,0,0,CLEAR,none,nan,0.0,0.0,0,0,0,0,0.0,0,0,1,1,0.0,0.6,"3.149,12.169;3.272,12.251;3.461,12.379;3.717,12.550;4.039,12.766;4.388,13.000;4.736,13.234;5.085,13.468;5.434,13.702;5.761,13.922;6.014,14.091;6.187,14.208;6.250,14.250",6.250000000000001,14.25,2.0,6.250000000000001,14.25,2.0,6.250000000000001,14.25,2.0,5.719450617280809,0.0,0.0,0,0,2,1,,,0,1,PASS_THROUGH,-1,0.9998874090936594,-0.006643539520722543,0.013454832537263213,0.7545629081555093,0,0.9999032371150232,-0.005159556606142894,0.012918799577582147,3.717193216583409,0.7434386433166817,0,0,0,BYPASS_VISIBLE,1,0,1,1,1
1787562340473675264,1787562340490337792,joint_v2_000002_8ec8982a,594,52,0.03333333333333333,1.7333333333333334,16.66259765625,frame_id_exact,1,,3.1778476238250732,12.188485145568848,1.9532626867294312,-0.009168562611430718,0.0013176679046599925,-0.46833649434267627,0.8835016294709058,0.42559030652046204,0.28866416215896606,0.03971848636865616,0.5134803493787248,-0.00024867387256531534,0.04867786603522928,-0.9748050770401578,-0.0057103135623037815,depth/000594.png,1.0,-0.006259621461460356,0.017435103948562767,-0.9998284024218667,0.5134803493787248,-0.00024867387256531534,0.04867786603522928,-0.0057103135623037815,0.9999078579912138,-0.004971644566082809,0.012631637967069703,3.699724816452914,0.7399449632905828,0.6,0.0,0.04673731327056885,-0.012249056939688252,0.6,0.0,0.04673731327056885,-0.012249056939688252,goal_capture,TERMINAL_SETTLING,NONE,DIRECT_LOCAL,PASS_THROUGH,0,6,0,0,0,0,1,0.6,3.699724816452914,inf,0.0,0,0,0,CLEAR,none,nan,0.0,0.0,0,0,0,0,0.0,0,0,1,1,0.0,0.6,"3.149,12.169;3.272,12.251;3.461,12.379;3.717,12.550;4.039,12.766;4.388,13.000;4.736,13.234;5.085,13.468;5.434,13.702;5.761,13.922;6.014,14.091;6.187,14.208;6.250,14.250",6.250000000000001,14.25,2.0,6.250000000000001,14.25,2.0,6.250000000000001,14.25,2.0,5.719450617280809,0.0,0.0,0,0,2,1,,,0,1,PASS_THROUGH,-1,0.9998874090936594,-0.006643539520722543,0.013454832537263213,0.7545629081555093,0,0.9999078579912138,-0.004971644566082809,0.012631637967069703,3.700020012639026,0.7400040025278052,0,0,0,BYPASS_VISIBLE,1,0,1,1,1
1787562340517530112,1787562340534447616,joint_v2_000002_8ec8982a,595,53,0.03333333333333333,1.7666666666666666,16.91746711730957,frame_id_exact,1,,3.192164182662964,12.198238372802734,1.9545789957046509,-0.03158391462495865,0.013184921682862,-0.4682455019094366,0.8829353114009881,0.4356819689273834,0.29803138971328735,0.038545407354831696,0.5240075476679513,0.0019555036108043007,0.07442782895982286,-0.9750148830034411,-0.0065214307978749275,depth/000595.png,1.0,-0.006295186047946318,0.06812066753135684,-0.9976572283543602,0.5240075476679513,0.0019555036108043007,0.07442782895982286,-0.0065214307978749275,0.9999124409972032,-0.004794873655771813,0.012333674458153794,3.6824021590027938,0.7364804318005588,0.6,0.0,0.04542100429534912,-0.005468608837223554,0.6,0.0,0.04542100429534912,-0.005468608837223554,goal_capture,TERMINAL_SETTLING,NONE,DIRECT_LOCAL,PASS_THROUGH,0,6,0,0,0,0,1,0.6,3.6824021590027938,inf,0.0,0,0,0,CLEAR,none,nan,0.0,0.0,0,0,0,0,0.27474797470160517,0,0,1,1,0.0,0.6,"3.192,12.198;3.312,12.280;3.499,12.406;3.753,12.577;4.074,12.791;4.423,13.024;4.772,13.258;5.121,13.492;5.469,13.726;5.789,13.941;6.034,14.105;6.199,14.216;6.250,14.250",6.250000000000001,14.25,2.0,6.250000000000001,14.25,2.0,6.250000000000001,14.25,2.0,5.719450617280809,0.0,0.0,0,0,2,1,,,0,1,PASS_THROUGH,-1,0.9998874090936594,-0.006643539520722543,0.013454832537263213,0.7545629081555093,0,0.9999124409972032,-0.004794873655771813,0.012333674458153794,3.6826822735961944,0.7365364547192389,0,0,0,BYPASS_VISIBLE,1,0,1,1,1
1787562340565536512,1787562340581114880,joint_v2_000002_8ec8982a,596,54,0.03333333333333333,1.8,15.578269958496094,frame_id_exact,1,,3.2070250511169434,12.208440780639648,1.9557774066925049,-0.04673391345619146,0.022101267868218765,-0.46806812866830744,0.8821789513566027,0.457594633102417,0.31509387493133545,0.03265445679426193,0.549237464229878,0.004071859056926223,0.08980500911453738,-0.9753795466792737,-0.006803360302001238,depth/000596.png,1.0,-0.00475476421029912,0.10314514771569472,-0.9946549505833729,0.549237464229878,0.004071859056926223,0.08980500911453738,-0.006803360302001238,0.9999171390959665,-0.004482596677576042,0.01206736380340623,3.664377243909952,0.7328754487819904,0.6,0.0,0.04422259330749512,-0.005178997203313107,0.6,0.0,0.04422259330749512,-0.005178997203313107,goal_capture,TERMINAL_SETTLING,NONE,DIRECT_LOCAL,PASS_THROUGH,0,6,0,0,0,0,1,0.6,3.664377243909952,inf,0.0,0,0,0,CLEAR,none,nan,0.0,0.0,0,0,0,0,0.0,0,0,1,1,0.0,0.6,"3.192,12.198;3.312,12.280;3.499,12.406;3.753,12.577;4.074,12.791;4.423,13.024;4.772,13.258;5.121,13.492;5.469,13.726;5.789,13.941;6.034,14.105;6.199,14.216;6.250,14.250",6.250000000000001,14.25,2.0,6.250000000000001,14.25,2.0,6.250000000000001,14.25,2.0,5.719450617280809,0.0,0.0,0,0,2,1,,,1,1,PASS_THROUGH,-1,0.9999899516497822,-0.0044829230939350175,0.0,0.7328754487819904,0,0.9999171390959665,-0.004482596677576042,0.01206736380340623,3.664644078685396,0.7329288157370792,0,0,0,BYPASS_VISIBLE,1,0,1,1,1
1787562340614121728,1787562340630922496,joint_v2_000002_8ec8982a,597,55,0.03333333333333333,1.8333333333333333,16.800880432128906,frame_id_exact,1,,3.222745656967163,12.21928596496582,1.9567136764526367,-0.051347497883875826,0.026118362081291487,-0.4680930940502946,0.881799365460011,0.48624688386917114,0.3358585834503174,0.02316230908036232,0.5843493701316709,0.005615864894397357,0.09098235213421745,-0.9759101319319737,-0.006360101513564587,depth/000597.png,1.0,-0.0020085080921334875,0.11500803194023716,-0.9933625312465119,0.5843493701316709,0.005615864894397357,0.09098235213421745,-0.006360101513564587,0.9999214234746375,-0.004019965338722856,0.011873784364317828,3.645280284079124,0.7290560568158247,0.6,0.0,0.04328632354736328,-0.005436147995971363,0.6,0.0,0.04328632354736328,-0.005436147995971363,goal_capture,TERMINAL_SETTLING,NONE,DIRECT_LOCAL,PASS_THROUGH,0,6,0,0,0,0,1,0.6,3.645280284079124,inf,0.0,0,0,0,CLEAR,none,nan,0.0,0.0,0,0,0,0,0.0,0,0,1,1,0.0,0.6,"3.192,12.198;3.312,12.280;3.499,12.406;3.753,12.577;4.074,12.791;4.423,13.024;4.772,13.258;5.121,13.492;5.469,13.726;5.789,13.941;6.034,14.105;6.199,14.216;6.250,14.250",6.250000000000001,14.25,2.0,6.250000000000001,14.25,2.0,6.250000000000001,14.25,2.0,5.719450617280809,0.0,0.0,0,0,2,1,,,0,1,PASS_THROUGH,-1,0.9999171390959665,-0.004482596677576042,0.01206736380340623,0.7328754487819904,0,0.9999214234746375,-0.004019965338722856,0.011873784364317828,3.645537279373539,0.7291074558747078,0,0,0,BYPASS_VISIBLE,1,0,1,1,1
1787562340657564160,1787562340674674432,joint_v2_000002_8ec8982a,598,56,0.03333333333333333,1.8666666666666667,17.110347747802734,frame_id_exact,1,,3.2394468784332275,12.23082447052002,1.9573110342025757,-0.04460062813617303,0.024425145760238423,-0.46843510110565356,0.882033305650408,0.5154029130935669,0.3557632267475128,0.012852219864726067,0.6216919099686422,0.006180324524095884,0.0763792416491996,-0.9764776210432499,-0.005557827651500702,depth/000598.png,1.0,0.0013025846111045514,0.10156167018550182,-0.9948283924488999,0.6216919099686422,0.006180324524095884,0.0763792416491996,-0.005557827651500702,0.9999244378984814,-0.0035292991270404975,0.011775505979709317,3.6249827470797986,0.7249965494159597,0.6,0.0,0.042688965797424316,0.0028965275829503923,0.6,0.0,0.042688965797424316,0.0028965275829503923,goal_capture,TERMINAL_SETTLING,NONE,DIRECT_LOCAL,PASS_THROUGH,0,6,0,0,0,0,1,0.6,3.6249827470797986,inf,0.0,0,0,0,CLEAR,none,nan,0.0,0.0,0,0,0,0,0.20222838571073212,0,0,1,1,0.0,0.6,"3.239,12.231;3.376,12.324;3.579,12.462;3.849,12.643;4.184,12.866;4.533,13.099;4.883,13.333;5.231,13.567;5.580,13.801;5.876,13.999;6.096,14.147;6.234,14.239;6.250,14.250",6.250000000000001,14.25,2.0,6.250000000000001,14.25,2.0,6.250000000000001,14.25,2.0,5.719450617280809,0.0,0.0,0,0,2,1,,,0,1,PASS_THROUGH,-1,0.9999171390959665,-0.004482596677576042,0.01206736380340623,0.7328754487819904,0,0.9999244378984814,-0.0035292991270404975,0.011775505979709317,3.625234097879343,0.7250468195758686,0,0,0,BYPASS_VISIBLE,1,0,1,1,1
1787562340703876608,1787562340723228416,joint_v2_000002_8ec8982a,599,57,0.03333333333333333,1.9,19.351959228515625,frame_id_exact,1,,3.257042169570923,12.242951393127441,1.9575977325439453,-0.028263370205701376,0.017522531803920667,-0.4689398413350864,0.8826038567740457,0.5389240980148315,0.3705751299858093,0.00500470632687211,0.6522435727792806,0.005573063717583808,0.04834687372971163,-0.9769146742652274,-0.004391885828226805,depth/000599.png,1.0,0.004423267621459691,0.06632474566580851,-0.9977882855675921,0.6522435727792806,0.005573063717583808,0.04834687372971163,-0.004391885828226805,0.999925764420616,-0.0031673526471990496,0.011765777707187489,3.603614946838218,0.7207229893676436,0.6,0.0,0.04240226745605469,0.0032530251786097586,0.6,0.0,0.04240226745605469,0.0032530251786097586,goal_capture,TERMINAL_SETTLING,NONE,DIRECT_LOCAL,PASS_THROUGH,0,6,0,0,0,0,1,0.6,3.603614946838218,inf,0.0,0,0,0,CLEAR,none,nan,0.0,0.0,0,0,0,0,0.0,0,0,1,1,0.0,0.6,"3.239,12.231;3.376,12.324;3.579,12.462;3.849,12.643;4.184,12.866;4.533,13.099;4.883,13.333;5.231,13.567;5.580,13.801;5.876,13.999;6.096,14.147;6.234,14.239;6.250,14.250",6.250000000000001,14.25,2.0,6.250000000000001,14.25,2.0,6.250000000000001,14.25,2.0,5.719450617280809,0.0,0.0,0,0,2,1,,,0,1,PASS_THROUGH,-1,0.9999171390959665,-0.004482596677576042,0.01206736380340623,0.7328754487819904,0,0.999925764420616,-0.0031673526471990496,0.011765777707187489,3.6038644032983855,0.7207728806596772,0,0,0,BYPASS_VISIBLE,1,0,1,1,1
1787562340752696320,1787562340770938112,joint_v2_000002_8ec8982a,600,58,0.03333333333333333,1.9333333333333333,18.24188232421875,frame_id_exact,1,,3.275256395339966,12.255438804626465,1.9576990604400635,-0.006193366055936719,0.007060890801789053,-0.4693165805348192,0.882980029940138,0.5518527626991272,0.37713101506233215,0.0018951860256493092,0.6682606872082294,0.003911941815617089,0.013609430329456227,-0.9771386904806216,-0.003030979074537754,depth/000600.png,1.0,0.006655952384390204,0.017564823344253272,-0.9998235720759647,0.6682606872082294,0.003911941815617089,0.013609430329456227,-0.003030979074537754,0.9999257388131323,-0.003006683975700004,0.011810025845943688,3.5815323362432014,0.7163064672486403,0.6,0.0,0.04230093955993652,0.001577360112323123,0.6,0.0,0.04230093955993652,0.001577360112323123,goal_capture,TERMINAL_SETTLING,NONE,DIRECT_LOCAL,PASS_THROUGH,0,6,0,0,0,0,1,0.6,3.5815323362432014,inf,0.0,0,0,0,CLEAR,none,nan,0.0,0.0,0,0,0,0,0.0,0,0,1,1,0.0,0.6,"3.239,12.231;3.376,12.324;3.579,12.462;3.849,12.643;4.184,12.866;4.533,13.099;4.883,13.333;5.231,13.567;5.580,13.801;5.876,13.999;6.096,14.147;6.234,14.239;6.250,14.250",6.250000000000001,14.25,2.0,6.250000000000001,14.25,2.0,6.250000000000001,14.25,2.0,5.719450617280809,0.0,0.0,0,0,2,1,,,0,1,PASS_THROUGH,-1,0.9999171390959665,-0.004482596677576042,0.01206736380340623,0.7328754487819904,0,0.9999257388131323,-0.003006683975700004,0.011810025845943688,3.5817821325484522,0.7163564265096904,0,0,0,BYPASS_VISIBLE,1,0,1,1,1
1787562340801502720,1787562340818635008,joint_v2_000002_8ec8982a,601,59,0.03333333333333333,1.9666666666666666,17.132282257080078,frame_id_exact,1,,3.293682098388672,12.267984390258789,1.9577832221984863,0.016600374734092888,-0.004569532327080755,-0.4693844467994416,0.8828260236511958,0.5514073967933655,0.3739815652370453,0.003818887984380126,0.666017248025872,0.0016197206111379747,-0.018582629475118056,-0.9772183783142656,-0.0018368997843936086,depth/000601.png,1.0,0.0075157113139266395,-0.03360022044219593,-0.9994070938659989,0.666017248025872,0.0016197206111379747,-0.018582629475118056,-0.0018368997843936086,0.9999252481673527,-0.002971610160461476,0.011860337706496573,3.5592416906758997,0.7118483381351799,0.6,0.0,0.04221677780151367,-0.001959864881246609,0.6,0.0,0.04221677780151367,-0.001959864881246609,goal_capture,TERMINAL_SETTLING,NONE,DIRECT_LOCAL,PASS_THROUGH,0,6,0,0,0,0,1,0.6,3.5592416906758997,inf,0.0,0,0,0,CLEAR,none,nan,0.0,0.0,0,0,0,0,0.17027294753468336,0,0,1,1,0.0,0.6,"3.294,12.268;3.437,12.365;3.647,12.507;3.924,12.692;4.262,12.918;4.611,13.152;4.960,13.385;5.309,13.619;5.651,13.849;5.931,14.036;6.134,14.172;6.250,14.250",6.250000000000001,14.25,2.0,6.250000000000001,14.25,2.0,6.250000000000001,14.25,2.0,5.719450617280809,0.0,0.0,0,0,2,1,,,0,1,PASS_THROUGH,-1,0.9999171390959665,-0.004482596677576042,0.01206736380340623,0.7328754487819904,0,0.9999252481673527,-0.002971610160461476,0.011860337706496573,3.559492052101448,0.7118984104202897,0,0,0,BYPASS_VISIBLE,1,0,1,1,1
1787562340847761152,1787562340864812544,joint_v2_000002_8ec8982a,602,60,0.03333333333333333,2.0,17.05145835876465,frame_id_exact,1,,3.311868667602539,12.280269622802734,1.9579963684082031,0.035073146775691774,-0.01478037564733475,-0.4692120420513125,0.8822649683995233,0.5377736687660217,0.36184579133987427,0.00929960422217846,0.6470182542266877,-0.0007214328238690675,-0.03982758339726133,-0.9773079616984551,-0.0009768340969458222,depth/000602.png,1.0,0.006833070332717735,-0.07575787794299794,-0.9971028297419489,0.6470182542266877,-0.0007214328238690675,-0.03982758339726133,-0.0009768340969458222,0.9999252894076021,-0.00290371422504436,0.011873670318080811,3.5372946562690197,0.707458931253804,0.6,0.0,0.042003631591796875,-0.0018599481525757855,0.6,0.0,0.042003631591796875,-0.0018599481525757855,goal_capture,TERMINAL_SETTLING,NONE,DIRECT_LOCAL,PASS_THROUGH,0,6,0,0,0,0,1,0.6,3.53729465626902,inf,0.0,0,0,0,CLEAR,none,nan,0.0,0.0,0,0,0,0,0.0,0,0,1,1,0.0,0.6,"3.294,12.268;3.437,12.365;3.647,12.507;3.924,12.692;4.262,12.918;4.611,13.152;4.960,13.385;5.309,13.619;5.651,13.849;5.931,14.036;6.134,14.172;6.250,14.250",6.250000000000001,14.25,2.0,6.250000000000001,14.25,2.0,6.250000000000001,14.25,2.0,5.719450617280809,0.0,0.0,0,0,2,1,,,1,1,PASS_THROUGH,-1,0.9999957836185195,-0.0029039189353814343,0.0,0.707458931253804,0,0.9999252894076021,-0.00290371422504436,0.011873670318080811,3.5375440336957316,0.7075088067391463,0,0,0,BYPASS_VISIBLE,1,0,1,1,1
1787562340900064000,1787562340917934592,joint_v2_000002_8ec8982a,603,61,0.03333333333333333,2.033333333333333,17.870664596557617,frame_id_exact,1,,3.32942271232605,12.292037963867188,1.9584221839904785,0.04524303919140284,-0.02135372944267858,-0.46904718989582345,0.8817549655626814,0.5142439007759094,0.3435661196708679,0.016266848891973495,0.616983802591313,-0.0025731469052349114,-0.045535093046600195,-0.9775158529597237,-0.0003099501773249358,depth/000603.png,1.0,0.004784726851420486,-0.0998183625061011,-0.9949941712872281,0.616983802591313,-0.0025731469052349114,-0.045535093046600195,-0.0003099501773249358,0.9999264605813071,-0.00269585581837492,0.011823949879227264,3.516160836511078,0.7032321673022156,0.6,0.0,0.041577816009521484,-0.001982806598428144,0.6,0.0,0.041577816009521484,-0.001982806598428144,goal_capture,TERMINAL_SETTLING,NONE,DIRECT_LOCAL,PASS_THROUGH,0,6,0,0,0,0,1,0.6,3.516160836511078,inf,0.0,0,0,0,CLEAR,none,nan,0.0,0.0,0,0,0,0,0.0,0,0,1,1,0.0,0.6,"3.294,12.268;3.437,12.365;3.647,12.507;3.924,12.692;4.262,12.918;4.611,13.152;4.960,13.385;5.309,13.619;5.651,13.849;5.931,14.036;6.134,14.172;6.250,14.250",6.250000000000001,14.25,2.0,6.250000000000001,14.25,2.0,6.250000000000001,14.25,2.0,5.719450617280809,0.0,0.0,0,0,2,1,,,0,1,PASS_THROUGH,-1,0.9999252894076021,-0.00290371422504436,0.011873670318080811,0.707458931253804,0,0.9999264605813071,-0.00269585581837492,0.011823949879227264,3.516406652109281,0.7032813304218563,0,0,0,BYPASS_VISIBLE,1,0,1,1,1
1787562340946371840,1787562340962893056,joint_v2_000002_8ec8982a,604,62,0.03333333333333333,2.066666666666667,16.521215438842773,frame_id_exact,1,,3.3461031913757324,12.303155899047852,1.9590812921524048,0.04505854193748686,-0.02292868895413988,-0.46910382864761907,0.8816947323022053,0.48642054200172424,0.3234124183654785,0.023172255605459213,0.5834677949497481,-0.0035854242370994727,-0.035916102984900514,-0.9778188080619484,0.00030054355738684535,depth/000604.png,1.0,0.0018420605333870008,-0.10096762969151511,-0.9948880060426241,0.5834677949497481,-0.0035854242370994727,-0.035916102984900514,0.00030054355738684535,0.9999286880398646,-0.0023775562443136035,0.011703250026390673,3.4961147905282504,0.69922295810565,0.6,0.0,0.040918707847595215,-0.008543284663728445,0.6,0.0,0.040918707847595215,-0.008543284663728445,goal_capture,TERMINAL_SETTLING,NONE,DIRECT_LOCAL,PASS_THROUGH,0,6,0,0,0,0,1,0.6,3.4961147905282504,inf,0.0,0,0,0,CLEAR,none,nan,0.0,0.0,0,0,0,0,0.1362333967079271,0,0,1,1,0.0,0.6,"3.346,12.303;3.477,12.390;3.673,12.522;3.937,12.698;4.266,12.920;4.615,13.154;4.964,13.388;5.312,13.621;5.654,13.851;5.933,14.038;6.135,14.173;6.250,14.250",6.250000000000001,14.25,2.0,6.250000000000001,14.25,2.0,6.250000000000001,14.25,2.0,5.719450617280809,0.0,0.0,0,0,2,1,,,0,1,PASS_THROUGH,-1,0.9999252894076021,-0.00290371422504436,0.011873670318080811,0.707458931253804,0,0.9999286880398646,-0.0023775562443136035,0.011703250026390673,3.4963542396619807,0.6992708479323961,0,0,0,BYPASS_VISIBLE,1,0,1,1,1
1787562340994761216,1787562341011769600,joint_v2_000002_8ec8982a,605,63,0.03333333333333333,2.1,17.008304595947266,frame_id_exact,1,,3.361874580383301,12.313633918762207,1.9599577188491821,0.034804327051317696,-0.019281441171349074,-0.4693910852053833,0.8820934723568549,0.46075862646102905,0.30598026514053345,0.029237138107419014,0.5536642324632514,-0.0036282531646885064,-0.01483233724971305,-0.9780982057518491,0.00047130664461292326,depth/000605.png,1.0,-0.0013423851008372706,-0.07950241259496749,-0.9968337696897215,0.5536642324632514,-0.0036282531646885064,-0.01483233724971305,0.00047130664461292326,0.9999315468068791,-0.0020753700047214363,0.011514970245109108,3.4771801851506554,0.6954360370301311,0.6,0.0,0.04004228115081787,-0.00758816698291781,0.6,0.0,0.04004228115081787,-0.00758816698291781,goal_capture,TERMINAL_SETTLING,NONE,DIRECT_LOCAL,PASS_THROUGH,0,6,0,0,0,0,1,0.6,3.4771801851506554,inf,0.0,0,0,0,CLEAR,none,nan,0.0,0.0,0,0,0,0,0.0,0,0,1,1,0.0,0.6,"3.346,12.303;3.477,12.390;3.673,12.522;3.937,12.698;4.266,12.920;4.615,13.154;4.964,13.388;5.312,13.621;5.654,13.851;5.933,14.038;6.135,14.173;6.250,14.250",6.250000000000001,14.25,2.0,6.250000000000001,14.25,2.0,6.250000000000001,14.25,2.0,5.719450617280809,0.0,0.0,0,0,2,1,,,0,1,PASS_THROUGH,-1,0.9999252894076021,-0.00290371422504436,0.011873670318080811,0.707458931253804,0,0.9999315468068791,-0.0020753700047214363,0.011514970245109108,3.4774107356313415,0.6954821471262683,0,0,0,BYPASS_VISIBLE,1,0,1,1,1
1787562341039032576,1787562341057995520,joint_v2_000002_8ec8982a,606,64,0.03333333333333333,2.1333333333333333,18.963098526000977,frame_id_exact,1,,3.376909017562866,12.323630332946777,1.9610146284103394,0.016949146582276288,-0.01133161412972955,-0.4697229851497113,0.8825784034143322,0.44300585985183716,0.29509493708610535,0.033928997814655304,0.5332237311384375,-0.002754339857838604,0.012298650835597474,-0.9782579484165096,8.021188841667026e-05,depth/000606.png,1.0,-0.004079268356714301,-0.04056334069080421,-0.9991686419026948,0.5332237311384375,-0.002754339857838604,0.012298650835597474,8.021188841667026e-05,0.9999346995293434,-0.001895585369879785,0.01126957999514701,3.4591258848883086,0.6918251769776618,0.6,0.0,0.038985371589660645,-0.006551619012092891,0.6,0.0,0.038985371589660645,-0.006551619012092891,goal_capture,TERMINAL_SETTLING,NONE,DIRECT_LOCAL,PASS_THROUGH,0,6,0,0,0,0,1,0.6,3.4591258848883086,inf,0.0,0,0,0,CLEAR,none,nan,0.0,0.0,0,0,0,0,0.0,0,0,1,1,0.0,0.6,"3.346,12.303;3.477,12.390;3.673,12.522;3.937,12.698;4.266,12.920;4.615,13.154;4.964,13.388;5.312,13.621;5.654,13.851;5.933,14.038;6.135,14.173;6.250,14.250",6.250000000000001,14.25,2.0,6.250000000000001,14.25,2.0,6.250000000000001,14.25,2.0,5.719450617280809,0.0,0.0,0,0,2,1,,,0,1,PASS_THROUGH,-1,0.9999252894076021,-0.00290371422504436,0.011873670318080811,0.707458931253804,0,0.9999346995293434,-0.001895585369879785,0.01126957999514701,3.459345566245487,0.6918691132490974,0,0,0,BYPASS_VISIBLE,1,0,1,1,1
1787562341085928960,1787562341103647488,joint_v2_000002_8ec8982a,607,65,0.03333333333333333,2.1666666666666665,17.71855354309082,frame_id_exact,1,,3.3915395736694336,12.333405494689941,1.962193250656128,-0.004454675534403904,-0.0009040165265943229,-0.46988006057192955,0.8827185663035092,0.436941534280777,0.2929864823818207,0.03638297691941261,0.5258098789012164,-0.0011662067524133557,0.04006638814928996,-0.9783005161106888,-0.0006258180947043002,depth/000607.png,1.0,-0.005782310764408036,0.007014890921604334,-0.9999586772400056,0.5258098789012164,-0.0011662067524133557,0.04006638814928996,-0.0006258180947043002,0.9999379638405456,-0.0018447166325460775,0.010984784520847625,3.441530256540343,0.6883060513080685,0.6,0.0,0.03780674934387207,-0.004613460793206903,0.6,0.0,0.03780674934387207,-0.004613460793206903,goal_capture,TERMINAL_SETTLING,NONE,DIRECT_LOCAL,PASS_THROUGH,0,6,0,0,0,0,1,0.6,3.4415302565403425,inf,0.0,0,0,0,CLEAR,none,nan,0.0,0.0,0,0,0,0,0.10570091481460417,0,0,1,1,0.0,0.6,"3.392,12.333;3.512,12.414;3.699,12.540;3.953,12.710;4.273,12.924;4.621,13.158;4.970,13.392;5.319,13.626;5.660,13.855;5.938,14.041;6.138,14.175;6.250,14.250",6.250000000000001,14.25,2.0,6.250000000000001,14.25,2.0,6.250000000000001,14.25,2.0,5.719450617280809,0.0,0.0,0,0,2,1,,,0,1,PASS_THROUGH,-1,0.9999252894076021,-0.00290371422504436,0.011873670318080811,0.707458931253804,0,0.9999379638405456,-0.0018447166325460775,0.010984784520847625,3.4417379123022407,0.6883475824604481,0,0,0,BYPASS_VISIBLE,1,0,1,1,1
1787562341134539776,1787562341151728896,joint_v2_000002_8ec8982a,608,66,0.03333333333333333,2.2,17.18902587890625,frame_id_exact,1,,3.4061808586120605,12.343262672424316,1.9634008407592773,-0.024641188461403854,0.009668670771559378,-0.4697948890755064,0.882378655020198,0.44360485672950745,0.2998484969139099,0.035470154136419296,0.5328320860701878,0.0008151417400028046,0.06357535251994235,-0.9783297439250591,-0.0013199009699746966,depth/000608.png,1.0,-0.006089751377344417,0.052570301690610166,-0.9985986572734415,0.5328320860701878,0.0008151417400028046,0.06357535251994235,-0.0013199009699746966,0.9999412075926021,-0.001825250818787595,0.01068877063545022,3.4238800424803,0.68477600849606,0.6,0.0,0.036599159240722656,-0.00468381681152874,0.6,0.0,0.036599159240722656,-0.00468381681152874,goal_capture,TERMINAL_SETTLING,NONE,DIRECT_LOCAL,PASS_THROUGH,0,6,0,0,0,0,1,0.6,3.4238800424803,inf,0.0,0,0,0,CLEAR,none,nan,0.0,0.0,0,0,0,0,0.0,0,0,1,1,0.0,0.6,"3.392,12.333;3.512,12.414;3.699,12.540;3.953,12.710;4.273,12.924;4.621,13.158;4.970,13.392;5.319,13.626;5.660,13.855;5.938,14.041;6.138,14.175;6.250,14.250",6.250000000000001,14.25,2.0,6.250000000000001,14.25,2.0,6.250000000000001,14.25,2.0,5.719450617280809,0.0,0.0,0,0,2,1,,,1,1,PASS_THROUGH,-1,0.9999983340380009,-0.0018253550950095405,0.0,0.68477600849606,0,0.9999412075926021,-0.001825250818787595,0.01068877063545022,3.4240756480767227,0.6848151296153445,0,0,0,BYPASS_VISIBLE,1,0,1,1,1
1787562341182235904,1787562341198978304,joint_v2_000002_8ec8982a,609,67,0.03333333333333333,2.2333333333333334,16.742229461669922,frame_id_exact,1,,3.4212348461151123,12.353475570678711,1.9645116329193115,-0.03913591123113387,0.018035705449516968,-0.46960682470815784,0.8818234086077374,0.4611665904521942,0.3138716220855713,0.030590394511818886,0.553140631360683,0.002782747757274588,0.07844418263416675,-0.9784669057826086,-0.0017585797468200326,depth/000609.png,1.0,-0.004948367498349829,0.08596130601665518,-0.9962861875620942,0.553140631360683,0.002782747757274588,0.07844418263416675,-0.0017585797468200326,0.9999442383762814,-0.0017172267753193381,0.01041975384931207,3.405688947459212,0.6811377894918424,0.6,0.0,0.03548836708068848,-0.004723794098727696,0.6,0.0,0.03548836708068848,-0.004723794098727696,goal_capture,TERMINAL_SETTLING,NONE,DIRECT_LOCAL,PASS_THROUGH,0,6,0,0,0,0,1,0.6,3.4056889474592125,inf,0.0,0,0,0,CLEAR,none,nan,0.0,0.0,0,0,0,0,0.0,0,0,1,1,0.0,0.6,"3.392,12.333;3.512,12.414;3.699,12.540;3.953,12.710;4.273,12.924;4.621,13.158;4.970,13.392;5.319,13.626;5.660,13.855;5.938,14.041;6.138,14.175;6.250,14.250",6.250000000000001,14.25,2.0,6.250000000000001,14.25,2.0,6.250000000000001,14.25,2.0,5.719450617280809,0.0,0.0,0,0,2,1,,,0,1,PASS_THROUGH,-1,0.9999412075926021,-0.001825250818787595,0.01068877063545022,0.68477600849606,0,0.9999442383762814,-0.0017172267753193381,0.01041975384931207,3.4058738425026687,0.6811747685005337,0,0,0,BYPASS_VISIBLE,1,0,1,1,1
1787562341224404736,1787562341241335040,joint_v2_000002_8ec8982a,610,68,0.03333333333333333,2.2666666666666666,16.930341720581055,frame_id_exact,1,,3.4370009899139404,12.36423110961914,1.9654018878936768,-0.04476286632814896,0.022349462740201255,-0.4695437667234435,0.8814904641823831,0.48549792170524597,0.3317607045173645,0.022497912868857384,0.5828182723669633,0.004298802572563964,0.0811414494389664,-0.9787499891513077,-0.001877566915936768,depth/000610.png,1.0,-0.0026345731599403607,0.09990418147402669,-0.9949935746266253,0.5828182723669633,0.004298802572563964,0.0811414494389664,-0.001877566915936768,0.9999467243994453,-0.0014795931948585394,0.01021563345062169,3.386604160316557,0.6773208320633114,0.6,0.0,0.03459811210632324,0.0032943712837055217,0.6,0.0,0.03459811210632324,0.0032943712837055217,goal_capture,TERMINAL_SETTLING,NONE,DIRECT_LOCAL,PASS_THROUGH,0,6,0,0,0,0,1,0.6,3.386604160316557,inf,0.0,0,0,0,CLEAR,none,nan,0.0,0.0,0,0,0,0,0.08477890023936305,0,0,1,1,0.0,0.6,"3.437,12.364;3.657,12.514;3.931,12.698;4.206,12.881;4.480,13.064;4.755,13.248;5.029,13.431;5.303,13.615;5.577,13.799;5.851,13.983;6.125,14.166;6.250,14.250",6.250000000000001,14.25,2.0,6.250000000000001,14.25,2.0,6.250000000000001,14.25,2.0,5.719450617280809,0.0,0.0,0,0,2,1,,,0,1,PASS_THROUGH,-1,0.9999412075926021,-0.001825250818787595,0.01068877063545022,0.68477600849606,0,0.9999467243994453,-0.0014795931948585394,0.01021563345062169,3.386780885743088,0.6773561771486176,0,0,0,BYPASS_VISIBLE,1,0,1,1,1
1787562341272421632,1787562341288503808,joint_v2_000002_8ec8982a,611,69,0.03333333333333333,2.3,16.082286834716797,frame_id_exact,1,,3.4536170959472656,12.375593185424805,1.9659980535507202,-0.04040227796044167,0.021702365073049026,-0.46972568629827716,0.8816203507845403,0.5112094283103943,0.34954237937927246,0.013357059098780155,0.6154370810804946,0.004982800295751185,0.07004096326911163,-0.97909538292115,-0.001399392494931817,depth/000611.png,1.0,0.0003105179311468295,0.0916272575924256,-0.9957933265716866,0.6154370810804946,0.004982800295751185,0.07004096326911163,-0.001399392494931817,0.9999482900872142,-0.001189244439872943,0.010099645999668795,3.3664756426572193,0.6732951285314439,0.6,0.0,0.034001946449279785,0.003601942285440529,0.6,0.0,0.034001946449279785,0.003601942285440529,goal_capture,TERMINAL_SETTLING,NONE,DIRECT_LOCAL,PASS_THROUGH,0,6,0,0,0,0,1,0.6,3.3664756426572198,inf,0.0,0,0,0,CLEAR,none,nan,0.0,0.0,0,0,0,0,0.0,0,0,1,1,0.0,0.6,"3.437,12.364;3.657,12.514;3.931,12.698;4.206,12.881;4.480,13.064;4.755,13.248;5.029,13.431;5.303,13.615;5.577,13.799;5.851,13.983;6.125,14.166;6.250,14.250",6.250000000000001,14.25,2.0,6.250000000000001,14.25,2.0,6.250000000000001,14.25,2.0,5.719450617280809,0.0,0.0,0,0,2,1,,,0,1,PASS_THROUGH,-1,0.9999412075926021,-0.001825250818787595,0.01068877063545022,0.68477600849606,0,0.9999482900872142,-0.001189244439872943,0.010099645999668795,3.366647350847231,0.6733294701694462,0,0,0,BYPASS_VISIBLE,1,0,1,1,1
1787562341313570816,1787562341332321536,joint_v2_000002_8ec8982a,612,70,0.03333333333333333,2.3333333333333335,18.750905990600586,frame_id_exact,1,,3.4710352420806885,12.387491226196289,1.9663110971450806,-0.02722939948390641,0.016332067776108905,-0.4700605280323908,0.8820628794773152,0.5327852964401245,0.3633877635002136,0.005910524167120457,0.6432243087332986,0.004624108784034045,0.046764081653897525,-0.9793580077301536,-0.0004740396689157933,depth/000612.png,1.0,0.003212889662006675,0.0633902058358223,-0.9979836467318048,0.6432243087332986,0.004624108784034045,0.046764081653897525,-0.0004740396689157933,0.99994881657625,-0.000981929662203051,0.010069758780403492,3.3453824980491165,0.6690764996098233,0.6,0.0,0.033688902854919434,0.00266563039375306,0.6,0.0,0.033688902854919434,0.00266563039375306,goal_capture,TERMINAL_SETTLING,NONE,DIRECT_LOCAL,PASS_THROUGH,0,6,0,0,0,0,1,0.6,3.3453824980491165,inf,0.0,0,0,0,CLEAR,none,nan,0.0,0.0,0,0,0,0,0.0,0,0,1,1,0.0,0.6,"3.437,12.364;3.657,12.514;3.931,12.698;4.206,12.881;4.480,13.064;4.755,13.248;5.029,13.431;5.303,13.615;5.577,13.799;5.851,13.983;6.125,14.166;6.250,14.250",6.250000000000001,14.25,2.0,6.250000000000001,14.25,2.0,6.250000000000001,14.25,2.0,5.719450617280809,0.0,0.0,0,0,2,1,,,0,1,PASS_THROUGH,-1,0.9999412075926021,-0.001825250818787595,0.01068877063545022,0.68477600849606,0,0.99994881657625,-0.000981929662203051,0.010069758780403492,3.345552121911855,0.669110424382371,0,0,0,BYPASS_VISIBLE,1,0,1,1,1
1787562341359332608,1787562341376119040,joint_v2_000002_8ec8982a,613,71,0.03333333333333333,2.3666666666666667,16.786575317382812,frame_id_exact,1,,3.48903751373291,12.399744033813477,1.9664359092712402,-0.008372738591534083,0.007533980018492548,-0.47033059728316395,0.8824184186953609,0.545613706111908,0.3703208863735199,0.0022614658810198307,0.6592030229930937,0.003285933067299785,0.016660328034461557,-0.9794576005119675,0.00041925295954570174,depth/000613.png,1.0,0.005420335183497235,0.0218634401402163,-0.9997462727871176,0.6592030229930937,0.003285933067299785,0.016660328034461557,0.00041925295954570174,0.9999485803727629,-0.000929173025134072,0.010098180429438636,3.3236066239828954,0.6647213247965791,0.6,0.0,0.033564090728759766,0.003252963607934256,0.6,0.0,0.033564090728759766,0.003252963607934256,goal_capture,TERMINAL_SETTLING,NONE,DIRECT_LOCAL,PASS_THROUGH,0,6,0,0,0,0,1,0.6,3.3236066239828954,inf,0.0,0,0,0,CLEAR,none,nan,0.0,0.0,0,0,0,0,0.053240415057172766,0,0,1,1,0.0,0.6,"3.489,12.400;3.631,12.496;3.840,12.637;4.116,12.821;4.454,13.047;4.803,13.280;5.152,13.514;5.501,13.748;5.814,13.958;6.052,14.117;6.210,14.223;6.250,14.250",6.250000000000001,14.25,2.0,6.250000000000001,14.25,2.0,6.250000000000001,14.25,2.0,5.719450617280809,0.0,0.0,0,0,2,1,,,0,1,PASS_THROUGH,-1,0.9999412075926021,-0.001825250818787595,0.01068877063545022,0.68477600849606,0,0.9999485803727629,-0.000929173025134072,0.010098180429438636,3.323776096425484,0.6647552192850968,0,0,0,BYPASS_VISIBLE,1,0,1,1,1
1787562341408099072,1787562341428986880,joint_v2_000002_8ec8982a,614,72,0.03333333333333333,2.4,20.88761329650879,frame_id_exact,1,,3.507280111312866,12.412087440490723,1.9665131568908691,0.011853450111385354,-0.0026658127622100456,-0.4703754179862506,0.8823827714303095,0.5469080209732056,0.3688187897205353,0.0029787893872708082,0.6595354373985943,0.001309718447622723,-0.012483897428095334,-0.9794354640063246,0.0011342735961079597,depth/000614.png,1.0,0.0064466085949777315,-0.0234264259051855,-0.9997047783255475,0.6595354373985943,0.001309718447622723,-0.012483897428095334,0.0011342735961079597,0.9999480858525084,-0.0009810342268511286,0.010142148280839886,3.3015806766156586,0.6603161353231317,0.6,0.0,0.03348684310913086,0.002985580586509773,0.6,0.0,0.03348684310913086,0.002985580586509773,goal_capture,TERMINAL_SETTLING,NONE,DIRECT_LOCAL,PASS_THROUGH,0,6,0,0,0,0,1,0.6,3.3015806766156586,inf,0.0,0,0,0,CLEAR,none,nan,0.0,0.0,0,0,0,0,0.0,0,0,1,1,0.0,0.6,"3.489,12.400;3.631,12.496;3.840,12.637;4.116,12.821;4.454,13.047;4.803,13.280;5.152,13.514;5.501,13.748;5.814,13.958;6.052,14.117;6.210,14.223;6.250,14.250",6.250000000000001,14.25,2.0,6.250000000000001,14.25,2.0,6.250000000000001,14.25,2.0,5.719450617280809,0.0,0.0,0,0,2,1,,,1,1,PASS_THROUGH,-1,0.9999995187363028,-0.000981084686890124,0.0,0.6603161353231317,0,0.9999480858525084,-0.0009810342268511286,0.010142148280839886,3.3017504952469268,0.6603500990493854,0,0,0,BYPASS_VISIBLE,1,0,1,1,1
1787562341466583552,1787562341482252032,joint_v2_000002_8ec8982a,615,73,0.03333333333333333,2.433333333333333,15.668630599975586,frame_id_exact,1,,3.5253665447235107,12.424242973327637,1.966675043106079,0.028927419647588392,-0.011977531014552907,-0.4702177074841114,0.8819949266927302,0.5364286303520203,0.35923275351524353,0.007090306840837002,0.6447910923496272,-0.0007999917444385523,-0.03313497171220461,-0.9794081437322464,0.0017502403352409601,depth/000615.png,1.0,0.006076126721958727,-0.062291769092934955,-0.9980394862866555,0.6447910923496272,-0.0007999917444385523,-0.03313497171220461,0.0017502403352409601,0.9999478664957793,-0.001017396952648851,0.010160176867554613,3.2797890459685686,0.6559578091937137,0.6,0.0,0.0333249568939209,0.0020625378832145325,0.6,0.0,0.0333249568939209,0.0020625378832145325,goal_capture,TERMINAL_SETTLING,NONE,DIRECT_LOCAL,PASS_THROUGH,0,6,0,0,0,0,1,0.6,3.2797890459685686,inf,0.0,0,0,0,CLEAR,none,nan,0.0,0.0,0,0,0,0,0.0,0,0,1,1,0.0,0.6,"3.489,12.400;3.631,12.496;3.840,12.637;4.116,12.821;4.454,13.047;4.803,13.280;5.152,13.514;5.501,13.748;5.814,13.958;6.052,14.117;6.210,14.223;6.250,14.250",6.250000000000001,14.25,2.0,6.250000000000001,14.25,2.0,6.250000000000001,14.25,2.0,5.719450617280809,0.0,0.0,0,0,2,1,,,0,1,PASS_THROUGH,-1,0.9999480858525084,-0.0009810342268511286,0.010142148280839886,0.6603161353231317,0,0.9999478664957793,-0.001017396952648851,0.010160176867554613,3.279958344065881,0.6559916688131762,0,0,0,BYPASS_VISIBLE,1,0,1,1,1
1787562341508830208,1787562341525549312,joint_v2_000002_8ec8982a,616,74,0.03333333333333333,2.466666666666667,16.71910285949707,frame_id_exact,1,,3.542938709259033,12.435970306396484,1.9670072793960571,0.03911748655652829,-0.01835491986304643,-0.4700360448581649,0.8815889267092766,0.5166828632354736,0.34380868077278137,0.01291301753371954,0.6194146277777626,-0.00254465757909813,-0.04063717227483354,-0.9794685349606842,0.0023438672069460154,depth/000616.png,1.0,0.004410269127850218,-0.0862260338500985,-0.996265838324642,0.6194146277777626,-0.00254465757909813,-0.04063717227483354,0.0023438672069460154,0.9999483035811522,-0.0009448633138839776,0.010124099885619966,3.2586630020766827,0.6517326004153365,0.6,0.0,0.03299272060394287,-0.004676152043670279,0.6,0.0,0.03299272060394287,-0.004676152043670279,goal_capture,TERMINAL_SETTLING,NONE,DIRECT_LOCAL,PASS_THROUGH,0,6,0,0,0,0,1,0.6,3.2586630020766827,inf,0.0,0,0,0,CLEAR,none,nan,0.0,0.0,0,0,0,0,0.054139462806508214,0,0,1,1,0.0,0.6,"3.543,12.436;3.680,12.527;3.882,12.663;4.152,12.843;4.485,13.067;4.834,13.301;5.183,13.535;5.532,13.769;5.839,13.975;6.070,14.129;6.220,14.230;6.250,14.250",6.250000000000001,14.25,2.0,6.250000000000001,14.25,2.0,6.250000000000001,14.25,2.0,5.719450617280809,0.0,0.0,0,0,2,1,,,0,1,PASS_THROUGH,-1,0.9999480858525084,-0.0009810342268511286,0.010142148280839886,0.6603161353231317,0,0.9999483035811522,-0.0009448633138839776,0.010124099885619966,3.2588300171558915,0.6517660034311783,0,0,0,BYPASS_VISIBLE,1,0,1,1,1
1787562341556700416,1787562341573291520,joint_v2_000002_8ec8982a,617,75,0.03333333333333333,2.5,16.59107208251953,frame_id_exact,1,,3.559760570526123,12.447136878967285,1.9675401449203491,0.04030119236879756,-0.020445586938829394,-0.4700127409376964,0.8815020222464688,0.49235180020332336,0.3261606693267822,0.018994320183992386,0.5898784521102887,-0.0035669933907878947,-0.03438822287527965,-0.9796165685930414,0.0026277906727045774,depth/000617.png,1.0,0.0018384953114436303,-0.09027053785847636,-0.9959155837367599,0.5898784521102887,-0.0035669933907878947,-0.03438822287527965,0.0026277906727045774,0.9999494753125483,-0.0007696664774659351,0.01002269602816202,3.2384724209225184,0.6476944841845037,0.6,0.0,0.03245985507965088,-0.004007212074186306,0.6,0.0,0.03245985507965088,-0.004007212074186306,goal_capture,TERMINAL_SETTLING,NONE,DIRECT_LOCAL,PASS_THROUGH,0,6,0,0,0,0,1,0.6,3.2384724209225184,inf,0.0,0,0,0,CLEAR,none,nan,0.0,0.0,0,0,0,0,0.0,0,0,1,1,0.0,0.6,"3.543,12.436;3.680,12.527;3.882,12.663;4.152,12.843;4.485,13.067;4.834,13.301;5.183,13.535;5.532,13.769;5.839,13.975;6.070,14.129;6.220,14.230;6.250,14.250",6.250000000000001,14.25,2.0,6.250000000000001,14.25,2.0,6.250000000000001,14.25,2.0,5.719450617280809,0.0,0.0,0,0,2,1,,,0,1,PASS_THROUGH,-1,0.9999480858525084,-0.0009810342268511286,0.010142148280839886,0.6603161353231317,0,0.9999494753125483,-0.0007696664774659351,0.01002269602816202,3.2386350926381855,0.6477270185276371,0,0,0,BYPASS_VISIBLE,1,0,1,1,1
1787562341600392704,1787562341616251392,joint_v2_000002_8ec8982a,618,76,0.03333333333333333,2.533333333333333,15.858650207519531,frame_id_exact,1,,3.5757737159729004,12.457734107971191,1.9682669639587402,0.0324028293103683,-0.017877377529341303,-0.47018608549353674,0.8817910756146385,0.4690935015678406,0.3103514015674591,0.024462120607495308,0.5627213763801492,-0.0037032758541261823,-0.017205793369047474,-0.9797728253611795,0.0025242972187697887,depth/000618.png,1.0,-0.0010575049768190604,-0.07395643973991661,-0.9972609120507131,0.5627213763801492,-0.0037032758541261823,-0.017205793369047474,0.0025242972187697887,0.9999512536750451,-0.0005788487703938158,0.00985673413492776,3.219270607748161,0.6438541215496322,0.6,0.0,0.031733036041259766,-0.0028162353870123114,0.6,0.0,0.031733036041259766,-0.0028162353870123114,goal_capture,TERMINAL_SETTLING,NONE,DIRECT_LOCAL,PASS_THROUGH,0,6,0,0,0,0,1,0.6,3.219270607748161,inf,0.0,0,0,0,CLEAR,none,nan,0.0,0.0,0,0,0,0,0.0,0,0,1,1,0.0,0.6,"3.543,12.436;3.680,12.527;3.882,12.663;4.152,12.843;4.485,13.067;4.834,13.301;5.183,13.535;5.532,13.769;5.839,13.975;6.070,14.129;6.220,14.230;6.250,14.250",6.250000000000001,14.25,2.0,6.250000000000001,14.25,2.0,6.250000000000001,14.25,2.0,5.719450617280809,0.0,0.0,0,0,2,1,,,0,1,PASS_THROUGH,-1,0.9999480858525084,-0.0009810342268511286,0.010142148280839886,0.6603161353231317,0,0.9999512536750451,-0.0005788487703938158,0.00985673413492776,3.2194270035966976,0.6438854007193395,0,0,0,BYPASS_VISIBLE,1,0,1,1,1
1787562341645669120,1787562341661485056,joint_v2_000002_8ec8982a,619,77,0.03333333333333333,2.566666666666667,15.81573486328125,frame_id_exact,1,,3.591104507446289,12.46788501739502,1.9691572189331055,0.017344035243872284,-0.011310047574675491,-0.4704244120972372,0.8821973360695932,0.45216187834739685,0.2999092638492584,0.028721611946821213,0.5432975140789398,-0.0029779626846475273,0.006309096604673815,-0.979847012286163,0.0021926623303443193,depth/000619.png,1.0,-0.003637272516413402,-0.04124276833989954,-0.9991425345306358,0.5432975140789398,-0.0029779626846475273,0.006309096604673815,0.0021926623303443193,0.999953468154724,-0.00047254368365555466,0.009635259612827594,3.200884104672894,0.6401768209345788,0.6,0.0,0.03084278106689453,-0.004606286758273848,0.6,0.0,0.03084278106689453,-0.004606286758273848,goal_capture,TERMINAL_SETTLING,NONE,DIRECT_LOCAL,PASS_THROUGH,0,6,0,0,0,0,1,0.6,3.200884104672894,inf,0.0,0,0,0,CLEAR,none,nan,0.0,0.0,0,0,0,0,0.02707601659061401,0,0,1,1,0.0,0.6,"3.591,12.468;3.715,12.550;3.893,12.669;4.076,12.792;4.258,12.914;4.441,13.037;4.624,13.160;4.806,13.282;4.989,13.405;5.172,13.527;5.354,13.650;5.537,13.772;5.720,13.895;5.903,14.017;6.085,14.140;6.228,14.235;6.250,14.250",6.250000000000001,14.25,2.0,6.250000000000001,14.25,2.0,6.250000000000001,14.25,2.0,5.719450617280809,0.0,0.0,0,0,2,1,,,0,1,PASS_THROUGH,-1,0.9999480858525084,-0.0009810342268511286,0.010142148280839886,0.6603161353231317,0,0.999953468154724,-0.00047254368365555466,0.009635259612827594,3.201032697223122,0.6402065394446244,0,0,0,BYPASS_VISIBLE,1,0,1,1,1
1787562341693417984,1787562341710145536,joint_v2_000002_8ec8982a,620,78,0.03333333333333333,2.6,16.727447509765625,frame_id_exact,1,,3.606029987335205,12.477811813354492,1.9701586961746216,-0.0014320962636518294,-0.0022605395034529015,-0.47054627189629467,0.8823712626020542,0.44522303342819214,0.29704388976097107,0.03101329505443573,0.5352040199780186,-0.0015657110396670878,0.031219416358596517,-0.97982228826235,0.0016023857751861215,depth/000620.png,1.0,-0.005337005307363078,0.0003999043050041699,-0.99998567812289,0.5352040199780186,-0.0015657110396670878,0.031219416358596517,0.0016023857751861215,0.999955940596416,-0.0004771859657327915,0.009374921839192484,3.1829590630035707,0.6365918126007142,0.6,0.0,0.029841303825378418,-0.004499020418711475,0.6,0.0,0.029841303825378418,-0.004499020418711475,goal_capture,TERMINAL_SETTLING,NONE,DIRECT_LOCAL,PASS_THROUGH,0,6,0,0,0,0,1,0.6,3.182959063003571,inf,0.0,0,0,0,CLEAR,none,nan,0.0,0.0,0,0,0,0,0.0,0,0,1,1,0.0,0.6,"3.591,12.468;3.715,12.550;3.893,12.669;4.076,12.792;4.258,12.914;4.441,13.037;4.624,13.160;4.806,13.282;4.989,13.405;5.172,13.527;5.354,13.650;5.537,13.772;5.720,13.895;5.903,14.017;6.085,14.140;6.228,14.235;6.250,14.250",6.250000000000001,14.25,2.0,6.250000000000001,14.25,2.0,6.250000000000001,14.25,2.0,5.719450617280809,0.0,0.0,0,0,2,1,,,1,1,PASS_THROUGH,-1,0.9999998861367634,-0.00047720693685184814,0.0,0.6365918126007142,0,0.999955940596416,-0.0004771859657327915,0.009374921839192484,3.1830989460226604,0.6366197892045321,0,0,0,BYPASS_VISIBLE,1,0,1,1,1
1787562341745795840,1787562341762799616,joint_v2_000002_8ec8982a,621,79,0.03333333333333333,2.6333333333333333,17.003774642944336,frame_id_exact,1,,3.6209123134613037,12.487778663635254,1.9711908102035522,-0.019715537270541088,0.007233433592738019,-0.4704765752311286,0.8821625514537452,0.4495852589607239,0.30219435691833496,0.030406277626752853,0.5399750824402961,0.0002453004431134389,0.05291244011071724,-0.9797763460318282,0.0008459649397991598,depth/000621.png,1.0,-0.005789268439889684,0.04159093945147024,-0.9991179500571867,0.5399750824402961,0.0002453004431134389,0.05291244011071724,0.0008459649397991598,0.9999584410215473,-0.0005209210303567821,0.009101915789387582,3.1650475670751854,0.6330095134150371,0.6,0.0,0.028809189796447754,-0.004145306589652675,0.6,0.0,0.028809189796447754,-0.004145306589652675,goal_capture,TERMINAL_SETTLING,NONE,DIRECT_LOCAL,PASS_THROUGH,0,6,0,0,0,0,1,0.6,3.1650475670751854,inf,0.0,0,0,0,CLEAR,none,nan,0.0,0.0,0,0,0,0,0.0,0,0,1,1,0.0,0.6,"3.591,12.468;3.715,12.550;3.893,12.669;4.076,12.792;4.258,12.914;4.441,13.037;4.624,13.160;4.806,13.282;4.989,13.405;5.172,13.527;5.354,13.650;5.537,13.772;5.720,13.895;5.903,14.017;6.085,14.140;6.228,14.235;6.250,14.250",6.250000000000001,14.25,2.0,6.250000000000001,14.25,2.0,6.250000000000001,14.25,2.0,5.719450617280809,0.0,0.0,0,0,2,1,,,0,1,PASS_THROUGH,-1,0.999955940596416,-0.0004771859657327915,0.009374921839192484,0.6365918126007142,0,0.9999584410215473,-0.0005209210303567821,0.009101915789387582,3.1651786792004772,0.6330357358400954,0,0,0,BYPASS_VISIBLE,1,0,1,1,1
1787562341789654784,1787562341805162240,joint_v2_000002_8ec8982a,622,80,0.03333333333333333,2.6666666666666665,15.50745964050293,frame_id_exact,1,,3.6361143589019775,12.498032569885254,1.972145915031433,-0.03342806015460576,0.015049299247468272,-0.4703071776200458,0.8817410289112825,0.4639892280101776,0.31399303674697876,0.026368658989667892,0.5568158462973973,0.0020850378317116103,0.06726591217947721,-0.9798151511809766,0.00017925600695889443,depth/000622.png,1.0,-0.00490374404353857,0.07310537121893322,-0.9973121667729204,0.5568158462973973,0.0020850378317116103,0.06726591217947721,0.00017925600695889443,0.999960700480814,-0.0004990916558683195,0.008851463237160125,3.146710666858535,0.6293421333717071,0.6,0.0,0.027854084968566895,0.0018257637939611548,0.6,0.0,0.027854084968566895,0.0018257637939611548,goal_capture,TERMINAL_SETTLING,NONE,DIRECT_LOCAL,PASS_THROUGH,0,6,0,0,0,0,1,0.6,3.1467106668585356,inf,0.0,0,0,0,CLEAR,none,nan,0.0,0.0,0,0,0,0,0.02859696694398386,0,0,1,1,0.0,0.6,"3.636,12.498;3.762,12.583;3.941,12.704;4.124,12.826;4.307,12.948;4.490,13.071;4.673,13.193;4.856,13.315;5.038,13.438;5.221,13.560;5.404,13.683;5.587,13.805;5.769,13.928;5.952,14.050;6.135,14.173;6.250,14.250",6.250000000000001,14.25,2.0,6.250000000000001,14.25,2.0,6.250000000000001,14.25,2.0,5.719450617280809,0.0,0.0,0,0,2,1,,,0,1,PASS_THROUGH,-1,0.999955940596416,-0.0004771859657327915,0.009374921839192484,0.6365918126007142,0,0.999960700480814,-0.0004990916558683195,0.008851463237160125,3.1468339439777764,0.6293667887955553,0,0,0,BYPASS_VISIBLE,1,0,1,1,1
1787562341841077760,1787562341857902848,joint_v2_000002_8ec8982a,623,81,0.03333333333333333,2.7,16.824960708618164,frame_id_exact,1,,3.651918888092041,12.508752822875977,1.9729150533676147,-0.039536278085452674,0.0194503663469403,-0.4702163733093004,0.8814505818456122,0.4850151538848877,0.3296595513820648,0.019443007186055183,0.5824453760069136,0.003549275971781408,0.07097842244008909,-0.9799804044522161,3.910276063834317e-05,depth/000623.png,1.0,-0.0028921371237373636,0.08799031209125543,-0.9961171319282391,0.5824453760069136,0.003549275971781408,0.07097842244008909,3.910276063834317e-05,0.9999624372506263,-0.00036762848392309604,0.008659615296589403,3.1276136583496497,0.6255227316699299,0.6,0.0,0.027084946632385254,0.0018851968787675366,0.6,0.0,0.027084946632385254,0.0018851968787675366,goal_capture,TERMINAL_SETTLING,NONE,DIRECT_LOCAL,PASS_THROUGH,0,6,0,0,0,0,1,0.6,3.1276136583496497,inf,0.0,0,0,0,CLEAR,none,nan,0.0,0.0,0,0,0,0,0.0,0,0,1,1,0.0,0.6,"3.636,12.498;3.762,12.583;3.941,12.704;4.124,12.826;4.307,12.948;4.490,13.071;4.673,13.193;4.856,13.315;5.038,13.438;5.221,13.560;5.404,13.683;5.587,13.805;5.769,13.928;5.952,14.050;6.135,14.173;6.250,14.250",6.250000000000001,14.25,2.0,6.250000000000001,14.25,2.0,6.250000000000001,14.25,2.0,5.719450617280809,0.0,0.0,0,0,2,1,,,0,1,PASS_THROUGH,-1,0.999955940596416,-0.0004771859657327915,0.009374921839192484,0.6365918126007142,0,0.9999624372506263,-0.00036762848392309604,0.008659615296589403,3.127730933157352,0.6255461866314704,0,0,0,BYPASS_VISIBLE,1,0,1,1,1
1787562341882248448,1787562341900821248,joint_v2_000002_8ec8982a,624,82,0.03333333333333333,2.7333333333333334,18.57280731201172,frame_id_exact,1,,3.6684701442718506,12.520013809204102,1.9734283685684204,-0.036768154764566484,0.01949166527538771,-0.47031362741598753,0.8815175946325842,0.50794917345047,0.3456856906414032,0.011375206522643566,0.6113302222246977,0.004276789897653694,0.06242934654107391,-0.9802073306242486,0.0004288511991035193,depth/000624.png,1.0,-0.00022063670354489223,0.08315794229437015,-0.9965363555600023,0.6113302222246977,0.004276789897653694,0.06242934654107391,0.0004288511991035193,0.9999634288603464,-0.00018568428268597614,0.008550231763314556,3.107595310905251,0.6215190621810502,0.6,0.0,0.02657163143157959,0.0014878375033935964,0.6,0.0,0.02657163143157959,0.0014878375033935964,goal_capture,TERMINAL_SETTLING,NONE,DIRECT_LOCAL,PASS_THROUGH,0,6,0,0,0,0,1,0.6,3.107595310905251,inf,0.0,0,0,0,CLEAR,none,nan,0.0,0.0,0,0,0,0,0.0,0,0,1,1,0.0,0.6,"3.636,12.498;3.762,12.583;3.941,12.704;4.124,12.826;4.307,12.948;4.490,13.071;4.673,13.193;4.856,13.315;5.038,13.438;5.221,13.560;5.404,13.683;5.587,13.805;5.769,13.928;5.952,14.050;6.135,14.173;6.250,14.250",6.250000000000001,14.25,2.0,6.250000000000001,14.25,2.0,6.250000000000001,14.25,2.0,5.719450617280809,0.0,0.0,0,0,2,1,,,0,1,PASS_THROUGH,-1,0.999955940596416,-0.0004771859657327915,0.009374921839192484,0.6365918126007142,0,0.9999634288603464,-0.00018568428268597614,0.008550231763314556,3.107708909785027,0.6215417819570054,0,0,0,BYPASS_VISIBLE,1,0,1,1,1
1787562341927140864,1787562341944078336,joint_v2_000002_8ec8982a,625,83,0.03333333333333333,2.7666666666666666,16.9374942779541,frame_id_exact,1,,3.6857476234436035,12.53176498413086,1.9736865758895874,-0.025898849727579484,0.015235574776373892,-0.47054925960512983,0.8818619626274204,0.5278050303459167,0.3585851788520813,0.004499128088355064,0.6366595773696707,0.004060468373769624,0.04277637016445511,-0.9803831750820302,0.0009726463467814028,depth/000625.png,1.0,0.002497978620225716,0.06001659776247441,-0.9981942536880436,0.6366595773696707,0.004060468373769624,0.04277637016445511,0.0009726463467814028,0.9999636645132256,-5.636233508235244e-05,0.008524463418215986,3.0867007986576795,0.6173401597315359,0.6,0.0,0.026313424110412598,0.005368313495979493,0.6,0.0,0.026313424110412598,0.005368313495979493,goal_capture,TERMINAL_SETTLING,NONE,DIRECT_LOCAL,PASS_THROUGH,0,6,0,0,0,0,1,0.6,3.0867007986576795,inf,0.0,0,0,0,CLEAR,none,nan,0.0,0.0,0,0,0,0,0.0032294412636243775,0,0,1,1,0.0,0.6,"3.686,12.532;3.824,12.626;4.007,12.749;4.190,12.871;4.373,12.993;4.556,13.115;4.739,13.238;4.922,13.360;5.104,13.482;5.287,13.605;5.470,13.727;5.653,13.850;5.835,13.972;6.018,14.095;6.186,14.207;6.250,14.250",6.250000000000001,14.25,2.0,6.250000000000001,14.25,2.0,6.250000000000001,14.25,2.0,5.719450617280809,0.0,0.0,0,0,2,1,,,0,1,PASS_THROUGH,-1,0.999955940596416,-0.0004771859657327915,0.009374921839192484,0.6365918126007142,0,0.9999636645132256,-5.636233508235244e-05,0.008524463418215986,3.0868129546058296,0.617362590921166,0,0,0,BYPASS_VISIBLE,1,0,1,1,1
1787562341976439296,1787562341996539136,joint_v2_000002_8ec8982a,626,84,0.03333333333333333,2.8,20.099878311157227,frame_id_exact,1,,3.7035746574401855,12.543854713439941,1.9737640619277954,-0.009520487370602891,0.007714886705000308,-0.4707578558386158,0.8821773529226333,0.5402927994728088,0.36556610465049744,0.0007352958782576025,0.6521328694751884,0.002933705627986784,0.016417692069136514,-0.9804352058441909,0.0015967293875291944,depth/000626.png,1.0,0.0046481082207831,0.02406120374083122,-0.9996996816867104,0.6521328694751884,0.002933705627986784,0.016417692069136514,0.0015967293875291944,0.9999633694144441,-4.344775142785763e-05,0.008559085325260458,3.065161294953657,0.6130322589907313,0.6,0.0,0.02623593807220459,0.005185362937468185,0.6,0.0,0.02623593807220459,0.005185362937468185,goal_capture,TERMINAL_SETTLING,NONE,DIRECT_LOCAL,PASS_THROUGH,0,6,0,0,0,0,1,0.6,3.0651612949536564,inf,0.0,0,0,0,CLEAR,none,nan,0.0,0.0,0,0,0,0,0.0,0,0,1,1,0.0,0.6,"3.686,12.532;3.824,12.626;4.007,12.749;4.190,12.871;4.373,12.993;4.556,13.115;4.739,13.238;4.922,13.360;5.104,13.482;5.287,13.605;5.470,13.727;5.653,13.850;5.835,13.972;6.018,14.095;6.186,14.207;6.250,14.250",6.250000000000001,14.25,2.0,6.250000000000001,14.25,2.0,6.250000000000001,14.25,2.0,5.719450617280809,0.0,0.0,0,0,2,1,,,1,1,PASS_THROUGH,-1,0.9999999990560773,-4.344934296171371e-05,0.0,0.6130322589907313,0,0.9999633694144441,-4.344775142785763e-05,0.008559085325260458,3.0652735748263162,0.6130547149652632,0,0,0,BYPASS_VISIBLE,1,0,1,1,1
1787562342033678080,1787562342050689280,joint_v2_000002_8ec8982a,627,85,0.03333333333333333,2.8333333333333335,17.011165618896484,frame_id_exact,1,,3.721654176712036,12.556053161621094,1.9737800359725952,0.008597966603248436,-0.001329684308572561,-0.4707962283980839,0.882199080840639,0.5426812767982483,0.3650960624217987,0.0007850180845707655,0.6539862887049608,0.0011782009954259464,-0.009963195521423019,-0.9803793124866133,0.002248451579362154,depth/000627.png,1.0,0.005749687947742228,-0.016422257183840713,-0.9998486138198579,0.6539862887049608,0.0011782009954259464,-0.009963195521423019,0.002248451579362154,0.9999628812290914,-0.0001225095281019065,0.008615170075487904,3.043351523138855,0.6086703046277709,0.6,0.0,0.026219964027404785,0.003975933602851922,0.6,0.0,0.026219964027404785,0.003975933602851922,goal_capture,TERMINAL_SETTLING,NONE,DIRECT_LOCAL,PASS_THROUGH,0,6,0,0,0,0,1,0.6,3.043351523138855,inf,0.0,0,0,0,CLEAR,none,nan,0.0,0.0,0,0,0,0,0.0,0,0,1,1,0.0,0.6,"3.686,12.532;3.824,12.626;4.007,12.749;4.190,12.871;4.373,12.993;4.556,13.115;4.739,13.238;4.922,13.360;5.104,13.482;5.287,13.605;5.470,13.727;5.653,13.850;5.835,13.972;6.018,14.095;6.186,14.207;6.250,14.250",6.250000000000001,14.25,2.0,6.250000000000001,14.25,2.0,6.250000000000001,14.25,2.0,5.719450617280809,0.0,0.0,0,0,2,1,,,0,1,PASS_THROUGH,-1,0.9999633694144441,-4.344775142785763e-05,0.008559085325260458,0.6130322589907313,0,0.9999628812290914,-0.0001225095281019065,0.008615170075487904,3.0434644699593894,0.6086928939918779,0,0,0,BYPASS_VISIBLE,1,0,1,1,1
1787562342080406528,1787562342098187776,joint_v2_000002_8ec8982a,628,86,0.03333333333333333,2.8666666666666667,17.78125762939453,frame_id_exact,1,,3.7396347522735596,12.568110466003418,1.9738541841506958,0.024377213965970746,-0.009853473143125327,-0.4706617853955535,0.8819218470332534,0.5344673991203308,0.35729625821113586,0.00401028897613287,0.6422269949560467,-0.0007585187120964759,-0.02959748082001372,-0.9803047668196406,0.0028243674896657467,depth/000628.png,1.0,0.005566859628231134,-0.05227290165656849,-0.99861732101255,0.6422269949560467,-0.0007585187120964759,-0.02959748082001372,0.0028243674896657467,0.9999625476960715,-0.00019997697745985764,0.008652353112912356,3.021702513742853,0.6043405027485707,0.6,0.0,0.0261458158493042,-0.0010273321139200875,0.6,0.0,0.0261458158493042,-0.0010273321139200875,goal_capture,TERMINAL_SETTLING,NONE,DIRECT_LOCAL,PASS_THROUGH,0,6,0,0,0,0,1,0.6,3.021702513742853,inf,0.0,0,0,0,CLEAR,none,nan,0.0,0.0,0,0,0,0,0.011458265793936965,0,0,1,1,0.0,0.6,"3.740,12.568;3.880,12.662;4.063,12.784;4.245,12.907;4.428,13.029;4.611,13.152;4.794,13.274;4.976,13.397;5.159,13.519;5.342,13.642;5.525,13.764;5.707,13.886;5.890,14.009;6.073,14.131;6.222,14.231;6.250,14.250",6.250000000000001,14.25,2.0,6.250000000000001,14.25,2.0,6.250000000000001,14.25,2.0,5.719450617280809,0.0,0.0,0,0,2,1,,,0,1,PASS_THROUGH,-1,0.9999633694144441,-4.344775142785763e-05,0.008559085325260458,0.6130322589907313,0,0.9999625476960715,-0.00019997697745985764,0.008652353112912356,3.0218156272754797,0.604363125455096,0,0,0,BYPASS_VISIBLE,1,0,1,1,1
1787562342130129664,1787562342146948096,joint_v2_000002_8ec8982a,629,87,0.03333333333333333,2.9,16.818523406982422,frame_id_exact,1,,3.757188320159912,12.579811096191406,1.9740694761276245,0.0343358473423897,-0.015965972337598708,-0.47048922992043285,0.8815928889478825,0.5176059007644653,0.3439940810203552,0.009032431989908218,0.620389966371831,-0.002408988312835466,-0.03794558619064683,-0.980298331690507,0.0031450155656784773,depth/000629.png,1.0,0.004158317393641701,-0.07556411376619712,-0.9971322746291903,0.620389966371831,-0.002408988312835466,-0.03794558619064683,0.0031450155656784773,0.9999626440633279,-0.0001898350598645902,0.008641437411004331,3.0006067795618465,0.6001213559123693,0.6,0.0,0.02593052387237549,-0.0008478250494939332,0.6,0.0,0.02593052387237549,-0.0008478250494939332,goal_capture,TERMINAL_SETTLING,NONE,DIRECT_LOCAL,PASS_THROUGH,0,6,0,0,0,0,1,0.6,3.0006067795618465,inf,0.0,0,0,0,CLEAR,none,nan,0.0,0.0,0,0,0,0,0.0,0,0,1,1,0.0,0.6,"3.740,12.568;3.880,12.662;4.063,12.784;4.245,12.907;4.428,13.029;4.611,13.152;4.794,13.274;4.976,13.397;5.159,13.519;5.342,13.642;5.525,13.764;5.707,13.886;5.890,14.009;6.073,14.131;6.222,14.231;6.250,14.250",6.250000000000001,14.25,2.0,6.250000000000001,14.25,2.0,6.250000000000001,14.25,2.0,5.719450617280809,0.0,0.0,0,0,2,1,,,0,1,PASS_THROUGH,-1,0.9999633694144441,-4.344775142785763e-05,0.008559085325260458,0.6130322589907313,0,0.9999626440633279,-0.0001898350598645902,0.008641437411004331,3.000718820153067,0.6001437640306133,0,0,0,BYPASS_VISIBLE,1,0,1,1,1
1787562342172138496,1787562342187888640,joint_v2_000002_8ec8982a,630,88,0.03333333333333333,2.933333333333333,15.75016975402832,frame_id_exact,1,,3.7740890979766846,12.59101676940918,1.9744623899459839,0.03635871560308698,-0.018349944351889354,-0.47043450368264794,0.8814945836968241,0.4960818886756897,0.3283085525035858,0.014521598815917969,0.5940810023533931,-0.003418773685383467,-0.033921930671550075,-0.9803759576842164,0.003246462903916836,depth/000630.png,1.0,0.0018580355438963525,-0.08136491567615932,-0.9966826466839528,0.5940810023533931,-0.003418773685383467,-0.033921930671550075,0.003246462903916836,0.999963287373009,-7.935343765292322e-05,0.008568407623181049,2.980328866776193,0.5960657733552386,0.6,0.0,0.025537610054016113,-0.00014847914389937156,0.6,0.0,0.025537610054016113,-0.00014847914389937156,goal_capture,TERMINAL_SETTLING,NONE,DIRECT_LOCAL,PASS_THROUGH,0,6,0,0,0,0,1,0.6,2.9803288667761927,inf,0.0,0,0,0,CLEAR,none,nan,0.0,0.0,0,0,0,0,0.0,0,0,1,1,0.0,0.6,"3.740,12.568;3.880,12.662;4.063,12.784;4.245,12.907;4.428,13.029;4.611,13.152;4.794,13.274;4.976,13.397;5.159,13.519;5.342,13.642;5.525,13.764;5.707,13.886;5.890,14.009;6.073,14.131;6.222,14.231;6.250,14.250",6.250000000000001,14.25,2.0,6.250000000000001,14.25,2.0,6.250000000000001,14.25,2.0,5.719450617280809,0.0,0.0,0,0,2,1,,,0,1,PASS_THROUGH,-1,0.9999633694144441,-4.344775142785763e-05,0.008559085325260458,0.6130322589907313,0,0.999963287373009,-7.935343765292322e-05,0.008568407623181049,2.980438277110723,0.5960876554221446,0,0,0,BYPASS_VISIBLE,1,0,1,1,1
1787562342216604160,1787562342233225984,joint_v2_000002_8ec8982a,631,89,0.03333333333333333,2.966666666666667,16.621828079223633,frame_id_exact,1,,3.790264368057251,12.601710319519043,1.9750325679779053,0.030142559174337582,-0.01654554007244453,-0.470543129661384,0.881706773456234,0.4749077558517456,0.3138684928417206,0.019575871527194977,0.5692424936113878,-0.0036148890125125197,-0.019594339933768135,-0.9804713872603487,0.0032664055470377207,depth/000631.png,1.0,-0.0008098812449392444,-0.06872457760188938,-0.9976353424602654,0.5692424936113878,-0.0036148890125125197,-0.019594339933768135,0.0032664055470377207,0.9999644487098889,5.6665196211959265e-05,0.008431969247085355,2.9609387446937863,0.5921877489387573,0.6,0.0,0.024967432022094727,-0.0044128877684010415,0.6,0.0,0.024967432022094727,-0.0044128877684010415,goal_capture,TERMINAL_SETTLING,NONE,DIRECT_LOCAL,PASS_THROUGH,0,6,0,0,0,0,1,0.6,2.9609387446937863,inf,0.0,0,0,0,CLEAR,none,nan,0.0,0.0,0,0,0,0,0.003246792012399368,0,0,1,1,0.0,0.6,"3.790,12.602;3.919,12.687;4.099,12.807;4.282,12.930;4.464,13.052;4.647,13.175;4.829,13.298;5.012,13.421;5.195,13.543;5.378,13.665;5.560,13.788;5.743,13.910;5.926,14.033;6.109,14.155;6.240,14.243;6.250,14.250",6.250000000000001,14.25,2.0,6.250000000000001,14.25,2.0,6.250000000000001,14.25,2.0,5.719450617280809,0.0,0.0,0,0,2,1,,,0,1,PASS_THROUGH,-1,0.9999633694144441,-4.344775142785763e-05,0.008559085325260458,0.6130322589907313,0,0.9999644487098889,5.6665196211959265e-05,0.008431969247085355,2.961044008874335,0.592208801774867,0,0,0,BYPASS_VISIBLE,1,0,1,1,1
1787562342261842176,1787562342278443264,joint_v2_000002_8ec8982a,632,90,0.03333333333333333,3.0,16.601085662841797,frame_id_exact,1,,3.80580735206604,12.611990928649902,1.975754737854004,0.017212666086083617,-0.011028432790720443,-0.470720401944777,0.8820455776145228,0.45889562368392944,0.30393001437187195,0.023562991991639137,0.5509116345803199,-0.0030015580349168213,0.001105982527036007,-0.9805035320531702,0.0029727318324148655,depth/000632.png,1.0,-0.003250454544982892,-0.040747328632508836,-0.9991641955927791,0.5509116345803199,-0.0030015580349168213,0.001105982527036007,0.0029727318324148655,0.9999660429762194,0.0001268885337519039,0.008239951078858193,2.942303760327889,0.5884607520655778,0.6,0.0,0.024245262145996094,-0.003996696049800297,0.6,0.0,0.024245262145996094,-0.003996696049800297,goal_capture,TERMINAL_SETTLING,NONE,DIRECT_LOCAL,PASS_THROUGH,0,6,0,0,0,0,1,0.6,2.942303760327889,inf,0.0,0,0,0,CLEAR,none,nan,0.0,0.0,0,0,0,0,0.0,0,0,1,1,0.0,0.6,"3.790,12.602;3.919,12.687;4.099,12.807;4.282,12.930;4.464,13.052;4.647,13.175;4.829,13.298;5.012,13.421;5.195,13.543;5.378,13.665;5.560,13.788;5.743,13.910;5.926,14.033;6.109,14.155;6.240,14.243;6.250,14.250",6.250000000000001,14.25,2.0,6.250000000000001,14.25,2.0,6.250000000000001,14.25,2.0,5.719450617280809,0.0,0.0,0,0,2,1,,,1,1,PASS_THROUGH,-1,0.9999999919491034,0.00012689284163363911,0.0,0.5884607520655778,0,0.9999660429762194,0.0001268885337519039,0.008239951078858193,2.9424036519104857,0.5884807303820971,0,0,0,BYPASS_VISIBLE,1,0,1,1,1
1787562342309364480,1787562342326006272,joint_v2_000002_8ec8982a,633,91,0.03333333333333333,3.033333333333333,16.641616821289062,frame_id_exact,1,,3.8209545612335205,12.622048377990723,1.976582407951355,0.0005406281178618096,-0.0030805194668279967,-0.470820429240521,0.8822235212976496,0.4515540301799774,0.30063867568969727,0.025787148624658585,0.5425730803332952,-0.001725950149736112,0.023687678656750248,-0.9804557109465061,0.002314913785085082,depth/000633.png,1.0,-0.004926335937879523,-0.0038546526790166095,-0.9999804362421053,0.5425730803332952,-0.001725950149736112,0.023687678656750248,0.002314913785085082,0.9999679285722572,0.00010567591014312106,0.008008162055759858,2.924121787339727,0.5848243574679455,0.6,0.0,0.02341759204864502,-0.003128151575848004,0.6,0.0,0.02341759204864502,-0.003128151575848004,goal_capture,TERMINAL_SETTLING,NONE,DIRECT_LOCAL,PASS_THROUGH,0,6,0,0,0,0,1,0.6,2.924121787339727,inf,0.0,0,0,0,CLEAR,none,nan,0.0,0.0,0,0,0,0,0.0,0,0,1,1,0.0,0.6,"3.790,12.602;3.919,12.687;4.099,12.807;4.282,12.930;4.464,13.052;4.647,13.175;4.829,13.298;5.012,13.421;5.195,13.543;5.378,13.665;5.560,13.788;5.743,13.910;5.926,14.033;6.109,14.155;6.240,14.243;6.250,14.250",6.250000000000001,14.25,2.0,6.250000000000001,14.25,2.0,6.250000000000001,14.25,2.0,5.719450617280809,0.0,0.0,0,0,2,1,,,0,1,PASS_THROUGH,-1,0.9999660429762194,0.0001268885337519039,0.008239951078858193,0.5884607520655778,0,0.9999679285722572,0.00010567591014312106,0.008008162055759858,2.9242155547791335,0.5848431109558268,0,0,0,BYPASS_VISIBLE,1,0,1,1,1
1787562342350655744,1787562342367190016,joint_v2_000002_8ec8982a,634,92,0.03333333333333333,3.066666666666667,16.53432846069336,frame_id_exact,1,,3.836024522781372,12.63211727142334,1.9774435758590698,-0.01611504535623531,0.005500213555955328,-0.4707689545882425,0.8820921971993056,0.45433610677719116,0.30457887053489685,0.025452297180891037,0.5458178008054396,-5.097152786768871e-05,0.04382158663683708,-0.9803871171783494,0.0015437788097187877,depth/000634.png,1.0,-0.005469535189717937,0.03360857110399448,-0.9994201059280108,0.5458178008054396,-5.097152786768871e-05,0.04382158663683708,0.0015437788097187877,0.9999698757945051,4.595366816690514e-05,0.0077617905010594805,2.905997613219867,0.5811995226439735,0.6,0.0,0.022556424140930176,-4.344198578781766e-05,0.6,0.0,0.022556424140930176,-4.344198578781766e-05,goal_capture,TERMINAL_SETTLING,NONE,DIRECT_LOCAL,PASS_THROUGH,0,6,0,0,0,0,1,0.6,2.905997613219867,inf,0.0,0,0,0,CLEAR,none,nan,0.0,0.0,0,0,0,0,0.0026330305552112743,0,0,1,1,0.0,0.6,"3.836,12.632;3.960,12.715;4.151,12.843;4.408,13.015;4.731,13.232;5.080,13.466;5.429,13.700;5.757,13.920;6.011,14.090;6.185,14.207;6.250,14.250",6.250000000000001,14.25,2.0,6.250000000000001,14.25,2.0,6.250000000000001,14.25,2.0,5.719450617280809,0.0,0.0,0,0,2,1,,,0,1,PASS_THROUGH,-1,0.9999660429762194,0.0001268885337519039,0.008239951078858193,0.5884607520655778,0,0.9999698757945051,4.595366816690514e-05,0.0077617905010594805,2.9060851536576817,0.5812170307315363,0,0,0,BYPASS_VISIBLE,1,0,1,1,1
1787562342395729920,1787562342411846144,joint_v2_000002_8ec8982a,635,93,0.03333333333333333,3.1,16.11614227294922,frame_id_exact,1,,3.8513474464416504,12.642425537109375,1.9782435894012451,-0.029020865414536422,0.012788107036119278,-0.47062466681834864,0.8817633904121573,0.4663815200328827,0.31469377875328064,0.022088920697569847,0.5600972725340015,0.0016777982039970993,0.057619851830280525,-0.9803834022930636,0.0010208429303020239,depth/000635.png,1.0,-0.004763700998748486,0.06321587058745513,-0.9979885073780482,0.5600972725340015,0.0016777982039970993,0.057619851830280525,0.0010208429303020239,0.9999716155554969,3.113151196388679e-05,0.007534395407643353,2.8875300390524212,0.5775060078104842,0.6,0.0,0.021756410598754883,-0.0001956430251420782,0.6,0.0,0.021756410598754883,-0.0001956430251420782,goal_capture,TERMINAL_SETTLING,NONE,DIRECT_LOCAL,PASS_THROUGH,0,6,0,0,0,0,1,0.6,2.8875300390524212,inf,0.0,0,0,0,CLEAR,none,nan,0.0,0.0,0,0,0,0,0.0,0,0,1,1,0.0,0.6,"3.836,12.632;3.960,12.715;4.151,12.843;4.408,13.015;4.731,13.232;5.080,13.466;5.429,13.700;5.757,13.920;6.011,14.090;6.185,14.207;6.250,14.250",6.250000000000001,14.25,2.0,6.250000000000001,14.25,2.0,6.250000000000001,14.25,2.0,5.719450617280809,0.0,0.0,0,0,2,1,,,0,1,PASS_THROUGH,-1,0.9999660429762194,0.0001268885337519039,0.008239951078858193,0.5884607520655778,0,0.9999716155554969,3.113151196388679e-05,0.007534395407643353,2.887612000915673,0.5775224001831346,0,0,0,BYPASS_VISIBLE,1,0,1,1,1
1787562342441175808,1787562342460343552,joint_v2_000002_8ec8982a,636,94,0.03333333333333333,3.1333333333333333,19.16790008544922,frame_id_exact,1,,3.8671884536743164,12.653141021728516,1.978885293006897,-0.03530353389115692,0.017156294324933038,-0.4705277492984701,0.8815117464900559,0.484811007976532,0.32859328389167786,0.01611112430691719,0.5826010128935567,0.003080322929231497,0.061979023761465926,-0.9804833489418148,0.0008711504051461816,depth/000636.png,1.0,-0.002975634740838333,0.07838598474535494,-0.9969186441196645,0.5826010128935567,0.003080322929231497,0.061979023761465926,0.0008711504051461816,0.9999729027304823,0.0001024468940017203,0.007360931286683116,2.868405386584896,0.5736810773169793,0.6,0.0,0.021114706993103027,-0.0002702007746191448,0.6,0.0,0.021114706993103027,-0.0002702007746191448,goal_capture,TERMINAL_SETTLING,NONE,DIRECT_LOCAL,PASS_THROUGH,0,6,0,0,0,0,1,0.6,2.868405386584896,inf,0.0,0,0,0,CLEAR,none,nan,0.0,0.0,0,0,0,0,0.0,0,0,1,1,0.0,0.6,"3.836,12.632;3.960,12.715;4.151,12.843;4.408,13.015;4.731,13.232;5.080,13.466;5.429,13.700;5.757,13.920;6.011,14.090;6.185,14.207;6.250,14.250",6.250000000000001,14.25,2.0,6.250000000000001,14.25,2.0,6.250000000000001,14.25,2.0,5.719450617280809,0.0,0.0,0,0,2,1,,,0,1,PASS_THROUGH,-1,0.9999660429762194,0.0001268885337519039,0.008239951078858193,0.5884607520655778,0,0.9999729027304823,0.0001024468940017203,0.007360931286683116,2.8684830995912547,0.5736966199182509,0,0,0,BYPASS_VISIBLE,1,0,1,1,1
1787562342494673664,1787562342511696896,joint_v2_000002_8ec8982a,637,95,0.03333333333333333,3.1666666666666665,17.023086547851562,frame_id_exact,1,,3.8836934566497803,12.664340019226074,1.9793033599853516,-0.033623847748755285,0.017653222284765624,-0.47058008861997186,0.8815396649045082,0.5054579377174377,0.3431452214717865,0.008968079462647438,0.6084759251271429,0.0038199831794210374,0.055310510202957255,-0.9806464402189858,0.0009674926404841244,depth/000637.png,1.0,-0.0005213951919132397,0.07589602076886201,-0.9971156012110663,0.6084759251271429,0.0038199831794210374,0.055310510202957255,0.0009674926404841244,0.9999735789809938,0.000225275916557164,0.0072657133650812136,2.8484599754481432,0.5696919950896286,0.6,0.0,0.020696640014648438,0.005123522885119303,0.6,0.0,0.020696640014648438,0.005123522885119303,goal_capture,TERMINAL_SETTLING,NONE,DIRECT_LOCAL,PASS_THROUGH,0,6,0,0,0,0,1,0.6,2.8484599754481432,inf,0.0,0,0,0,CLEAR,none,nan,0.0,0.0,0,0,0,0,0.012907700060898081,0,0,1,1,0.0,0.6,"3.884,12.664;4.018,12.755;4.219,12.890;4.487,13.070;4.820,13.292;5.169,13.526;5.518,13.760;5.828,13.967;6.062,14.124;6.216,14.227;6.250,14.250",6.250000000000001,14.25,2.0,6.250000000000001,14.25,2.0,6.250000000000001,14.25,2.0,5.719450617280809,0.0,0.0,0,0,2,1,,,0,1,PASS_THROUGH,-1,0.9999660429762194,0.0001268885337519039,0.008239951078858193,0.5884607520655778,0,0.9999735789809938,0.000225275916557164,0.0072657133650812136,2.848535164367456,0.5697070328734912,0,0,0,BYPASS_VISIBLE,1,0,1,1,1
1787562342538434560,1787562342555171840,joint_v2_000002_8ec8982a,638,96,0.03333333333333333,3.2,16.73722267150879,frame_id_exact,1,,3.900860071182251,12.675989151000977,1.9794923067092896,-0.02448221116736948,0.014223239628651605,-0.4707563765379843,0.8818087971548311,0.5237888097763062,0.35515859723091125,0.0026765463408082724,0.6316695484831246,0.0036960447432410753,0.03846337357284263,-0.9807814100792812,0.0013866354711353779,depth/000638.png,1.0,0.0020340416195951325,0.0565686198628083,-0.9983966415816445,0.6316695484831246,0.0036960447432410753,0.03846337357284263,0.0013866354711353779,0.9999736520659285,0.0003174104898089837,0.007252201356155005,2.8277143699342213,0.5655428739868442,0.6,0.0,0.02050769329071045,0.005101534502487959,0.6,0.0,0.02050769329071045,0.005101534502487959,goal_capture,TERMINAL_SETTLING,NONE,DIRECT_LOCAL,PASS_THROUGH,0,6,0,0,0,0,1,0.6,2.8277143699342213,inf,0.0,0,0,0,CLEAR,none,nan,0.0,0.0,0,0,0,0,0.0,0,0,1,1,0.0,0.6,"3.884,12.664;4.018,12.755;4.219,12.890;4.487,13.070;4.820,13.292;5.169,13.526;5.518,13.760;5.828,13.967;6.062,14.124;6.216,14.227;6.250,14.250",6.250000000000001,14.25,2.0,6.250000000000001,14.25,2.0,6.250000000000001,14.25,2.0,5.719450617280809,0.0,0.0,0,0,2,1,,,1,1,PASS_THROUGH,-1,0.9999999496226396,0.0003174188371492488,0.0,0.5655428739868442,0,0.9999736520659285,0.0003174104898089837,0.007252201356155005,2.8277887338725636,0.5655577467745128,0,0,0,BYPASS_VISIBLE,1,0,1,1,1
1787562342585806848,1787562342604804352,joint_v2_000002_8ec8982a,639,97,0.03333333333333333,3.2333333333333334,18.9974308013916,frame_id_exact,1,,3.918541669845581,12.687959671020508,1.9795114994049072,-0.010064975447384094,0.007703095381124378,-0.47092407882915277,0.8820826891905922,0.5358105301856995,0.36201781034469604,-0.001014761277474463,0.6464626852264779,0.002717912841300043,0.015147889775737944,-0.980813145815659,0.002007814822718501,depth/000639.png,1.0,0.004109855595752854,0.02501142741150989,-0.9996787171815857,0.6464626852264779,0.002717912841300043,0.015147889775737944,0.002007814822718501,0.9999733018275858,0.0003126778229837765,0.007300538652368487,2.8063620462450665,0.5612724092490133,0.6,0.0,0.020488500595092773,0.0040451271296812474,0.6,0.0,0.020488500595092773,0.0040451271296812474,goal_capture,TERMINAL_SETTLING,NONE,DIRECT_LOCAL,PASS_THROUGH,0,6,0,0,0,0,1,0.6,2.8063620462450665,inf,0.0,0,0,0,CLEAR,none,nan,0.0,0.0,0,0,0,0,0.0,0,0,1,1,0.0,0.6,"3.884,12.664;4.018,12.755;4.219,12.890;4.487,13.070;4.820,13.292;5.169,13.526;5.518,13.760;5.828,13.967;6.062,14.124;6.216,14.227;6.250,14.250",6.250000000000001,14.25,2.0,6.250000000000001,14.25,2.0,6.250000000000001,14.25,2.0,5.719450617280809,0.0,0.0,0,0,2,1,,,0,1,PASS_THROUGH,-1,0.9999736520659285,0.0003174104898089837,0.007252201356155005,0.5655428739868442,0,0.9999733018275858,0.0003126778229837765,0.007300538652368487,2.8064368357868723,0.5612873671573745,0,0,0,BYPASS_VISIBLE,1,0,1,1,1
1787562342633212416,1787562342650289152,joint_v2_000002_8ec8982a,640,98,0.03333333333333333,3.2666666666666666,17.076730728149414,frame_id_exact,1,,3.9364805221557617,12.70004940032959,1.9794636964797974,0.00629779513429669,-0.00039098001849057314,-0.4709596701842447,0.8821321748870852,0.5388807058334351,0.3622152805328369,-0.0013483159709721804,0.64924209073885,0.0011286197045418677,-0.008807744182808632,-0.9807478330950097,0.0025563708040863276,depth/000640.png,1.0,0.005242222930575657,-0.011479247078734784,-0.9999203698221432,0.64924209073885,0.0011286197045418677,-0.008807744182808632,0.0025563708040863276,0.9999727830686244,0.0002261913186802874,0.007374412483542746,2.7847296521894807,0.5569459304378961,0.6,0.0,0.020536303520202637,0.0020755344063647096,0.6,0.0,0.020536303520202637,0.0020755344063647096,goal_capture,TERMINAL_SETTLING,NONE,DIRECT_LOCAL,PASS_THROUGH,0,6,0,0,0,0,1,0.6,2.7847296521894807,inf,0.0,0,0,0,CLEAR,none,nan,0.0,0.0,0,0,0,0,0.012960160437640944,0,0,1,1,0.0,0.6,"3.936,12.700;4.077,12.795;4.285,12.934;4.559,13.118;4.896,13.343;5.245,13.576;5.594,13.810;5.887,14.007;6.104,14.152;6.238,14.242;6.250,14.250",6.250000000000001,14.25,2.0,6.250000000000001,14.25,2.0,6.250000000000001,14.25,2.0,5.719450617280809,0.0,0.0,0,0,2,1,,,0,1,PASS_THROUGH,-1,0.9999736520659285,0.0003174104898089837,0.007252201356155005,0.5655428739868442,0,0.9999727830686244,0.0002261913186802874,0.007374412483542746,2.784805374805503,0.5569610749611006,0,0,0,BYPASS_VISIBLE,1,0,1,1,1
1787562342681965312,1787562342699900160,joint_v2_000002_8ec8982a,641,99,0.03333333333333333,3.3,17.934799194335938,frame_id_exact,1,,3.954359531402588,12.712032318115234,1.9794565439224243,0.020903432062598693,-0.008219299498571139,-0.47084968734892024,0.8819274695615175,0.5323343276977539,0.35572192072868347,0.0012649400159716606,0.6396671410975763,-0.0006663675322676972,-0.027295163672945485,-0.9806609398183573,0.0029092689510434866,depth/000641.png,1.0,0.005187096885701792,-0.044610731086496234,-0.9989909792875142,0.6396671410975763,-0.0006663675322676972,-0.027295163672945485,0.0029092689510434866,0.9999723546778659,0.00013785361253143403,0.0074344385386879595,2.763206425800315,0.552641285160063,0.6,0.0,0.020543456077575684,0.0018972079269727327,0.6,0.0,0.020543456077575684,0.0018972079269727327,goal_capture,TERMINAL_SETTLING,NONE,DIRECT_LOCAL,PASS_THROUGH,0,6,0,0,0,0,1,0.6,2.763206425800315,inf,0.0,0,0,0,CLEAR,none,nan,0.0,0.0,0,0,0,0,0.0,0,0,1,1,0.0,0.6,"3.936,12.700;4.077,12.795;4.285,12.934;4.559,13.118;4.896,13.343;5.245,13.576;5.594,13.810;5.887,14.007;6.104,14.152;6.238,14.242;6.250,14.250",6.250000000000001,14.25,2.0,6.250000000000001,14.25,2.0,6.250000000000001,14.25,2.0,5.719450617280809,0.0,0.0,0,0,2,1,,,0,1,PASS_THROUGH,-1,0.9999736520659285,0.0003174104898089837,0.007252201356155005,0.5655428739868442,0,0.9999723546778659,0.00013785361253143403,0.0074344385386879595,2.763282791386318,0.5526565582772636,0,0,0,BYPASS_VISIBLE,1,0,1,1,1
1787562342730594048,1787562342750769408,joint_v2_000002_8ec8982a,642,100,0.03333333333333333,3.3333333333333335,20.17521858215332,frame_id_exact,1,,3.97187876701355,12.723708152770996,1.9795697927474976,0.030507223841221204,-0.014034478178501933,-0.47069742032083,0.8816554209094813,0.517725944519043,0.34405839443206787,0.005685107316821814,0.6206043433790649,-0.002230547166078949,-0.035971189734161156,-0.9806310696758159,0.0031486740335822105,depth/000642.png,1.0,0.003972195595001778,-0.06700570390136297,-0.9977446854315175,0.6206043433790649,-0.002230547166078949,-0.035971189734161156,0.0031486740335822105,0.9999722387292814,0.00012652634983381677,0.0074502189116603815,2.742153014530997,0.5484306029061994,0.6,0.0,0.02043020725250244,0.0017863604893791907,0.6,0.0,0.02043020725250244,0.0017863604893791907,goal_capture,TERMINAL_SETTLING,NONE,DIRECT_LOCAL,PASS_THROUGH,0,6,0,0,0,0,1,0.6,2.742153014530997,inf,0.0,0,0,0,CLEAR,none,nan,0.0,0.0,0,0,0,0,0.0,0,0,1,1,0.0,0.6,"3.936,12.700;4.077,12.795;4.285,12.934;4.559,13.118;4.896,13.343;5.245,13.576;5.594,13.810;5.887,14.007;6.104,14.152;6.238,14.242;6.250,14.250",6.250000000000001,14.25,2.0,6.250000000000001,14.25,2.0,6.250000000000001,14.25,2.0,5.719450617280809,0.0,0.0,0,0,2,1,,,0,1,PASS_THROUGH,-1,0.9999736520659285,0.0003174104898089837,0.007252201356155005,0.5655428739868442,0,0.9999722387292814,0.00012652634983381677,0.0074502189116603815,2.74222912034531,0.5484458240690621,0,0,0,BYPASS_VISIBLE,1,0,1,1,1
1787562342779392000,1787562342797060096,joint_v2_000002_8ec8982a,643,101,0.03333333333333333,3.3666666666666667,17.66800880432129,frame_id_exact,1,,3.9888226985931396,12.734944343566895,1.979843258857727,0.033042087564740835,-0.016570761466574067,-0.47063154747630404,0.8815552035090266,0.49849987030029297,0.3299587666988373,0.010705101303756237,0.5969581196133548,-0.003223421620777975,-0.03346820260325657,-0.9806727524478647,0.003384315175935626,depth/000643.png,1.0,0.0018852156109525654,-0.0738542946787453,-0.9972672606275638,0.5969581196133548,-0.003223421620777975,-0.03346820260325657,0.003384315175935626,0.9999725589114464,0.00020357576244907976,0.007405402149962046,2.7218222628392845,0.5443644525678569,0.6,0.0,0.02015674114227295,-0.003436469751692539,0.6,0.0,0.02015674114227295,-0.003436469751692539,goal_capture,TERMINAL_SETTLING,NONE,DIRECT_LOCAL,PASS_THROUGH,0,6,0,0,0,0,1,0.6,2.7218222628392845,inf,0.0,0,0,0,CLEAR,none,nan,0.0,0.0,0,0,0,0,0.011664351920864487,0,0,1,1,0.0,0.6,"3.989,12.735;4.122,12.823;4.321,12.956;4.586,13.134;4.918,13.357;5.267,13.591;5.613,13.824;5.902,14.017;6.114,14.159;6.243,14.245;6.250,14.250",6.250000000000001,14.25,2.0,6.250000000000001,14.25,2.0,6.250000000000001,14.25,2.0,5.719450617280809,0.0,0.0,0,0,2,1,,,0,1,PASS_THROUGH,-1,0.9999736520659285,0.0003174104898089837,0.007252201356155005,0.5655428739868442,0,0.9999725589114464,0.00020357576244907976,0.007405402149962046,2.7218968982496454,0.5443793796499291,0,0,0,BYPASS_VISIBLE,1,0,1,1,1
1787562342825504512,1787562342842045696,joint_v2_000002_8ec8982a,644,102,0.03333333333333333,3.4,16.541242599487305,frame_id_exact,1,,4.005110263824463,12.745716094970703,1.9802803993225098,0.02806068080614916,-0.01531835471229688,-0.4707002842686938,0.881713779290635,0.4791368544101715,0.31669381260871887,0.015428653918206692,0.574142105956682,-0.00346462050580064,-0.02130676260779535,-0.9807334366703807,0.0033566963393241167,depth/000644.png,1.0,-0.0005964679873326009,-0.06390368568132956,-0.9979558924032074,0.574142105956682,-0.00346462050580064,-0.02130676260779535,0.0033566963393241167,0.9999733280395424,0.0003077272248064532,0.007297157904066381,2.7022953196341195,0.5404590639268239,0.6,0.0,0.019719600677490234,-0.0029115648960340024,0.6,0.0,0.019719600677490234,-0.0029115648960340024,goal_capture,TERMINAL_SETTLING,NONE,DIRECT_LOCAL,PASS_THROUGH,0,6,0,0,0,0,1,0.6,2.702295319634119,inf,0.0,0,0,0,CLEAR,none,nan,0.0,0.0,0,0,0,0,0.0,0,0,1,1,0.0,0.6,"3.989,12.735;4.122,12.823;4.321,12.956;4.586,13.134;4.918,13.357;5.267,13.591;5.613,13.824;5.902,14.017;6.114,14.159;6.243,14.245;6.250,14.250",6.250000000000001,14.25,2.0,6.250000000000001,14.25,2.0,6.250000000000001,14.25,2.0,5.719450617280809,0.0,0.0,0,0,2,1,,,1,1,PASS_THROUGH,-1,0.9999999526494553,0.00030773541814221937,0.0,0.5404590639268239,0,0.9999733280395424,0.0003077272248064532,0.007297157904066381,2.702367269111907,0.5404734538223814,0,0,0,BYPASS_VISIBLE,1,0,1,1,1
1787562342873265152,1787562342888860160,joint_v2_000002_8ec8982a,645,103,0.03333333333333333,3.433333333333333,15.594959259033203,frame_id_exact,1,,4.020813465118408,12.756101608276367,1.980860710144043,0.01679485025820272,-0.01061847397236224,-0.4708384272514229,0.8819956669047243,0.46405598521232605,0.30727437138557434,0.019206581637263298,0.5568819619234083,-0.0029374527639647067,-0.002870776126128665,-0.9807503675527822,0.002977601019665599,depth/000645.png,1.0,-0.0029155743025375373,-0.03962514147801139,-0.9992103620306056,0.5568819619234083,-0.0029374527639647067,-0.002870776126128665,0.002977601019665599,0.9999744987773397,0.0003670950304952026,0.007132113028183812,2.68346883941138,0.536693767882276,0.6,0.0,0.01913928985595703,-0.0017349870595576022,0.6,0.0,0.01913928985595703,-0.0017349870595576022,goal_capture,TERMINAL_SETTLING,NONE,DIRECT_LOCAL,PASS_THROUGH,0,6,0,0,0,0,1,0.6,2.68346883941138,inf,0.0,0,0,0,CLEAR,none,nan,0.0,0.0,0,0,0,0,0.0,0,0,1,1,0.0,0.6,"3.989,12.735;4.122,12.823;4.321,12.956;4.586,13.134;4.918,13.357;5.267,13.591;5.613,13.824;5.902,14.017;6.114,14.159;6.243,14.245;6.250,14.250",6.250000000000001,14.25,2.0,6.250000000000001,14.25,2.0,6.250000000000001,14.25,2.0,5.719450617280809,0.0,0.0,0,0,2,1,,,0,1,PASS_THROUGH,-1,0.9999733280395424,0.0003077272248064532,0.007297157904066381,0.5404590639268239,0,0.9999744987773397,0.0003670950304952026,0.007132113028183812,2.6835370920686095,0.5367074184137219,0,0,0,BYPASS_VISIBLE,1,0,1,1,1
1787562342914717952,1787562342931906816,joint_v2_000002_8ec8982a,646,104,0.03333333333333333,3.466666666666667,17.18878746032715,frame_id_exact,1,,4.036132335662842,12.766267776489258,1.9815421104431152,0.001844564078140108,-0.0035670560983791454,-0.4709246701999795,0.8821642866786171,0.4565907418727875,0.30376023054122925,0.021385665982961655,0.5485294164203124,-0.001772260479259051,0.01775016468439729,-0.9807009922957146,0.002428622217848897,depth/000646.png,1.0,-0.004556157536816781,-0.006614046541878988,-0.9999677473883053,0.5485294164203124,-0.001772260479259051,0.01775016468439729,0.002428622217848897,0.9999759565273597,0.0003488394634137815,0.006925653631290073,2.6650837409510792,0.5330167481902158,0.6,0.0,0.018457889556884766,-0.0015827016195540944,0.6,0.0,0.018457889556884766,-0.0015827016195540944,goal_capture,TERMINAL_SETTLING,NONE,DIRECT_LOCAL,PASS_THROUGH,0,6,0,0,0,0,1,0.6,2.6650837409510792,inf,0.0,0,0,0,CLEAR,none,nan,0.0,0.0,0,0,0,0,0.01998750873956654,0,0,1,1,0.0,0.6,"4.036,12.766;4.161,12.849;4.339,12.969;4.522,13.091;4.705,13.214;4.887,13.336;5.070,13.459;5.253,13.582;5.435,13.704;5.618,13.827;5.801,13.949;5.984,14.072;6.160,14.189;6.250,14.250",6.250000000000001,14.25,2.0,6.250000000000001,14.25,2.0,6.250000000000001,14.25,2.0,5.719450617280809,0.0,0.0,0,0,2,1,,,0,1,PASS_THROUGH,-1,0.9999733280395424,0.0003077272248064532,0.007297157904066381,0.5404590639268239,0,0.9999759565273597,0.0003488394634137815,0.006925653631290073,2.6651476581924487,0.5330295316384898,0,0,0,BYPASS_VISIBLE,1,0,1,1,1
1787562342962152192,1787562342977771776,joint_v2_000002_8ec8982a,647,105,0.03333333333333333,3.5,15.619516372680664,frame_id_exact,1,,4.05135440826416,12.7764253616333,1.9822595119476318,-0.013405843596225906,0.0042348065220440614,-0.470887264047797,0.8820813649141301,0.4582633078098297,0.30681905150413513,0.021266281604766846,0.5506933445313742,-0.0002145262631194763,0.036499844538419604,-0.9806267845048972,0.0018457256956025958,depth/000647.png,1.0,-0.005154394192335222,0.027638322548242784,-0.9996046995423887,0.5506933445313742,-0.0002145262631194763,0.036499844538419604,0.0018457256956025958,0.9999774963197182,0.00028851670681369676,0.006702507908113172,2.646783831916953,0.5293567663833907,0.6,0.0,0.017740488052368164,-0.001687524500606219,0.6,0.0,0.017740488052368164,-0.001687524500606219,goal_capture,TERMINAL_SETTLING,NONE,DIRECT_LOCAL,PASS_THROUGH,0,6,0,0,0,0,1,0.6,2.6467838319169537,inf,0.0,0,0,0,CLEAR,none,nan,0.0,0.0,0,0,0,0,0.0,0,0,1,1,0.0,0.6,"4.036,12.766;4.161,12.849;4.339,12.969;4.522,13.091;4.705,13.214;4.887,13.336;5.070,13.459;5.253,13.582;5.435,13.704;5.618,13.827;5.801,13.949;5.984,14.072;6.160,14.189;6.250,14.250",6.250000000000001,14.25,2.0,6.250000000000001,14.25,2.0,6.250000000000001,14.25,2.0,5.719450617280809,0.0,0.0,0,0,2,1,,,0,1,PASS_THROUGH,-1,0.9999733280395424,0.0003077272248064532,0.007297157904066381,0.5404590639268239,0,0.9999774963197182,0.00028851670681369676,0.006702507908113172,2.6468432854654105,0.5293686570930821,0,0,0,BYPASS_VISIBLE,1,0,1,1,1
1787562343004062208,1787562343019783680,joint_v2_000002_8ec8982a,648,106,0.03333333333333333,3.533333333333333,15.721559524536133,frame_id_exact,1,,4.066780090332031,12.786786079406738,1.9829282760620117,-0.025525756468279908,0.011029598082689582,-0.47076488572853115,0.881820393327269,0.4684988260269165,0.3156193792819977,0.018433574587106705,0.5630040509551167,0.0014116536172222233,0.04970900402546932,-0.9806009242691721,0.001344029325991869,depth/000648.png,1.0,-0.0045810106148101715,0.05540296017972732,-0.9984535674457128,0.5630040509551167,0.0014116536172222233,0.04970900402546932,0.001344029325991869,0.9999788716321061,0.00025566350923764836,0.006495454222003197,2.62820169534009,0.525640339068018,0.6,0.0,0.01707172393798828,-0.0014422350416865015,0.6,0.0,0.01707172393798828,-0.0014422350416865015,goal_capture,TERMINAL_SETTLING,NONE,DIRECT_LOCAL,PASS_THROUGH,0,6,0,0,0,0,1,0.6,2.6282016953400897,inf,0.0,0,0,0,CLEAR,none,nan,0.0,0.0,0,0,0,0,0.0,0,0,1,1,0.0,0.6,"4.036,12.766;4.161,12.849;4.339,12.969;4.522,13.091;4.705,13.214;4.887,13.336;5.070,13.459;5.253,13.582;5.435,13.704;5.618,13.827;5.801,13.949;5.984,14.072;6.160,14.189;6.250,14.250",6.250000000000001,14.25,2.0,6.250000000000001,14.25,2.0,6.250000000000001,14.25,2.0,5.719450617280809,0.0,0.0,0,0,2,1,,,0,1,PASS_THROUGH,-1,0.9999733280395424,0.0003077272248064532,0.007297157904066381,0.5404590639268239,0,0.9999788716321061,0.00025566350923764836,0.006495454222003197,2.6282571402255783,0.5256514280451157,0,0,0,BYPASS_VISIBLE,1,0,1,1,1
1787562343047086336,1787562343064229632,joint_v2_000002_8ec8982a,649,107,0.03333333333333333,3.566666666666667,17.14348793029785,frame_id_exact,1,,4.0826568603515625,12.79750919342041,1.9834606647491455,-0.031805526439869315,0.015293892960019404,-0.47067278739158064,0.8816017425884832,0.48483806848526,0.3280775547027588,0.013218678534030914,0.5830137673409013,0.0027526517984401023,0.05445124437045938,-0.9806664855759339,0.001026060665026307,depth/000649.png,1.0,-0.0029737461987901295,0.07047645352578734,-0.9975090106520205,0.5830137673409013,0.0027526517984401023,0.05445124437045938,0.001026060665026307,0.9999798641461233,0.00029500250675035,0.0063391068630930985,2.609043086685112,0.5218086173370224,0.6,0.0,0.016539335250854492,0.003647545571163202,0.6,0.0,0.016539335250854492,0.003647545571163202,goal_capture,TERMINAL_SETTLING,NONE,DIRECT_LOCAL,PASS_THROUGH,0,6,0,0,0,0,1,0.6,2.609043086685112,inf,0.0,0,0,0,CLEAR,none,nan,0.0,0.0,0,0,0,0,0.016902738443305615,0,0,1,1,0.0,0.6,"4.083,12.798;4.213,12.885;4.410,13.018;4.673,13.194;5.003,13.415;5.352,13.648;5.690,13.875;5.961,14.056;6.153,14.185;6.250,14.250",6.250000000000001,14.25,2.0,6.250000000000001,14.25,2.0,6.250000000000001,14.25,2.0,5.719450617280809,0.0,0.0,0,0,2,1,,,0,1,PASS_THROUGH,-1,0.9999733280395424,0.0003077272248064532,0.007297157904066381,0.5404590639268239,0,0.9999798641461233,0.00029500250675035,0.0063391068630930985,2.6090955095185606,0.5218191019037122,0,0,0,BYPASS_VISIBLE,1,0,1,1,1
1787562343096366848,1787562343114359296,joint_v2_000002_8ec8982a,650,108,0.03333333333333333,3.6,17.992496490478516,frame_id_exact,1,,4.099129676818848,12.80866813659668,1.9837957620620728,-0.030887482943226758,0.016090638522464205,-0.47070136059139667,0.8816049477440444,0.5035643577575684,0.3413732647895813,0.006852969992905855,0.6064060354237222,0.0034912232966555976,0.04918600488136632,-0.9807942124742781,0.0011286288499832153,depth/000650.png,1.0,-0.0007063874257100568,0.06960888646283346,-0.9975741094987425,0.6064060354237222,0.0034912232966555976,0.04918600488136632,0.0011286288499832153,0.9999803421129557,0.00038443956987832686,0.006258401862542904,2.5891467103281505,0.5178293420656301,0.6,0.0,0.016204237937927246,0.003639445649250006,0.6,0.0,0.016204237937927246,0.003639445649250006,goal_capture,TERMINAL_SETTLING,NONE,DIRECT_LOCAL,PASS_THROUGH,0,6,0,0,0,0,1,0.6,2.589146710328151,inf,0.0,0,0,0,CLEAR,none,nan,0.0,0.0,0,0,0,0,0.0,0,0,1,1,0.0,0.6,"4.083,12.798;4.213,12.885;4.410,13.018;4.673,13.194;5.003,13.415;5.352,13.648;5.690,13.875;5.961,14.056;6.153,14.185;6.250,14.250",6.250000000000001,14.25,2.0,6.250000000000001,14.25,2.0,6.250000000000001,14.25,2.0,5.719450617280809,0.0,0.0,0,0,2,1,,,1,1,PASS_THROUGH,-1,0.9999999261002113,0.0003844470988859768,0.0,0.5178293420656301,0,0.9999803421129557,0.00038443956987832686,0.006258401862542904,2.5891974171411176,0.5178394834282235,0,0,0,BYPASS_VISIBLE,1,0,1,1,1
1787562343150063872,1787562343166859520,joint_v2_000002_8ec8982a,651,109,0.03333333333333333,3.6333333333333333,16.795873641967773,frame_id_exact,1,,4.116208076477051,12.820244789123535,1.9839240312576294,-0.023078168501684843,0.013286307231837222,-0.4708361758756795,0.8818186705131137,0.5205355882644653,0.35257259011268616,0.0011028184089809656,0.6277423760397967,0.003428645042419441,0.03454996199893534,-0.9809006385363516,0.0015696195187047124,depth/000651.png,1.0,0.0017001543513192295,0.05321286790916194,-0.9985817443574981,0.6277423760397967,0.003428645042419441,0.03454996199893534,0.0015696195187047124,0.99998031351491,0.0004481236890922033,0.006258735318085274,2.568514733444248,0.5137029466888496,0.6,0.0,0.016075968742370605,0.002944848039667103,0.6,0.0,0.016075968742370605,0.002944848039667103,goal_capture,TERMINAL_SETTLING,NONE,DIRECT_LOCAL,PASS_THROUGH,0,6,0,0,0,0,1,0.6,2.568514733444248,inf,0.0,0,0,0,CLEAR,none,nan,0.0,0.0,0,0,0,0,0.0,0,0,1,1,0.0,0.6,"4.083,12.798;4.213,12.885;4.410,13.018;4.673,13.194;5.003,13.415;5.352,13.648;5.690,13.875;5.961,14.056;6.153,14.185;6.250,14.250",6.250000000000001,14.25,2.0,6.250000000000001,14.25,2.0,6.250000000000001,14.25,2.0,5.719450617280809,0.0,0.0,0,0,2,1,,,0,1,PASS_THROUGH,-1,0.9999803421129557,0.00038443956987832686,0.006258401862542904,0.5178293420656301,0,0.99998031351491,0.0004481236890922033,0.006258735318085274,2.5685650415535872,0.5137130083107174,0,0,0,BYPASS_VISIBLE,1,0,1,1,1
1787562343194382080,1787562343210932480,joint_v2_000002_8ec8982a,652,110,0.03333333333333333,3.6666666666666665,16.550302505493164,frame_id_exact,1,,4.13377046585083,12.832123756408691,1.9838943481445312,-0.010248527162307114,0.00756891634012077,-0.4709737131611781,0.88205523676673,0.5320312976837158,0.359223872423172,-0.00243948376737535,0.6418020162383694,0.002563762530553626,0.01373471473384348,-0.9809218078525634,0.002026358852162957,depth/000652.png,1.0,0.003698830804775649,0.025209055371944115,-0.9996753583928795,0.6418020162383694,0.002563762530553626,0.01373471473384348,0.002026358852162957,0.9999799191728603,0.0004330202201185415,0.006322479302356678,2.5473124039555524,0.5094624807911105,0.6,0.0,0.01610565185546875,0.0040345294484514516,0.6,0.0,0.01610565185546875,0.0040345294484514516,goal_capture,TERMINAL_SETTLING,NONE,DIRECT_LOCAL,PASS_THROUGH,0,6,0,0,0,0,1,0.6,2.5473124039555524,inf,0.0,0,0,0,CLEAR,none,nan,0.0,0.0,0,0,0,0,0.02481072772579391,0,0,1,1,0.0,0.6,"4.134,12.832;4.273,12.926;4.456,13.049;4.639,13.171;4.822,13.294;5.005,13.416;5.188,13.538;5.370,13.661;5.553,13.783;5.736,13.905;5.919,14.028;6.101,14.150;6.237,14.241;6.250,14.250",6.250000000000001,14.25,2.0,6.250000000000001,14.25,2.0,6.250000000000001,14.25,2.0,5.719450617280809,0.0,0.0,0,0,2,1,,,0,1,PASS_THROUGH,-1,0.9999803421129557,0.00038443956987832686,0.006258401862542904,0.5178293420656301,0,0.9999799191728603,0.0004330202201185415,0.006322479302356678,2.5473633182896203,0.5094726636579241,0,0,0,BYPASS_VISIBLE,1,0,1,1,1
1787562343240772352,1787562343257573376,joint_v2_000002_8ec8982a,653,111,0.03333333333333333,3.7,16.801118850708008,frame_id_exact,1,,4.15158748626709,12.84412670135498,1.9837960004806519,0.0046299639121508245,0.00027194395737891445,-0.471008883204185,0.8821162743218167,0.5355156064033508,0.35986199975013733,-0.0030019362457096577,0.6451508299611017,0.00111087004440559,-0.008112197925701704,-0.9808605749181657,0.0024144405033439398,depth/000653.png,1.0,0.004841280644090516,-0.00791215699354356,-0.9999569789613124,0.6451508299611017,0.00111087004440559,-0.008112197925701704,0.0024144405033439398,0.999979361148232,0.0003502383893556933,0.006415185939964795,2.5258295290129738,0.5051659058025948,0.6,0.0,0.016203999519348145,0.00375584190853151,0.6,0.0,0.016203999519348145,0.00375584190853151,goal_capture,TERMINAL_SETTLING,NONE,DIRECT_LOCAL,PASS_THROUGH,0,6,0,0,0,0,1,0.6,2.525829529012974,inf,0.0,0,0,0,CLEAR,none,nan,0.0,0.0,0,0,0,0,0.0,0,0,1,1,0.0,0.6,"4.134,12.832;4.273,12.926;4.456,13.049;4.639,13.171;4.822,13.294;5.005,13.416;5.188,13.538;5.370,13.661;5.553,13.783;5.736,13.905;5.919,14.028;6.101,14.150;6.237,14.241;6.250,14.250",6.250000000000001,14.25,2.0,6.250000000000001,14.25,2.0,6.250000000000001,14.25,2.0,5.719450617280809,0.0,0.0,0,0,2,1,,,0,1,PASS_THROUGH,-1,0.9999803421129557,0.00038443956987832686,0.006258401862542904,0.5178293420656301,0,0.999979361148232,0.0003502383893556933,0.006415185939964795,2.5258815053826904,0.5051763010765381,0,0,0,BYPASS_VISIBLE,1,0,1,1,1
1787562343284527360,1787562343301400576,joint_v2_000002_8ec8982a,654,112,0.03333333333333333,3.7333333333333334,16.87335968017578,frame_id_exact,1,,4.169373512268066,12.856045722961426,1.9837266206741333,0.018177339684789982,-0.0069404967169601935,-0.4709206986221513,0.8819609455279358,0.5302256345748901,0.35435834527015686,-0.0008376018959097564,0.6372296866850862,-0.0005629669227804197,-0.02545135507896349,-0.9807762940032093,0.00276461080648005,depth/000654.png,1.0,0.0048776769130594155,-0.038600254516630975,-0.9992428276546113,0.6372296866850862,-0.0005629669227804197,-0.02545135507896349,0.00276461080648005,0.9999788544277001,0.00026499081726113344,0.006497728628651691,2.504419115868161,0.5008838231736321,0.6,0.0,0.0162733793258667,0.0029777912305575804,0.6,0.0,0.0162733793258667,0.0029777912305575804,goal_capture,TERMINAL_SETTLING,NONE,DIRECT_LOCAL,PASS_THROUGH,0,6,0,0,0,0,1,0.6,2.504419115868161,inf,0.0,0,0,0,CLEAR,none,nan,0.0,0.0,0,0,0,0,0.0,0,0,1,1,0.0,0.6,"4.134,12.832;4.273,12.926;4.456,13.049;4.639,13.171;4.822,13.294;5.005,13.416;5.188,13.538;5.370,13.661;5.553,13.783;5.736,13.905;5.919,14.028;6.101,14.150;6.237,14.241;6.250,14.250",6.250000000000001,14.25,2.0,6.250000000000001,14.25,2.0,6.250000000000001,14.25,2.0,5.719450617280809,0.0,0.0,0,0,2,1,,,0,1,PASS_THROUGH,-1,0.9999803421129557,0.00038443956987832686,0.006258401862542904,0.5178293420656301,0,0.9999788544277001,0.00026499081726113344,0.006497728628651691,2.504471986427587,0.5008943972855173,0,0,0,BYPASS_VISIBLE,1,0,1,1,1
1787562343332118528,1787562343350534400,joint_v2_000002_8ec8982a,655,113,0.03333333333333333,3.7666666666666666,18.41592788696289,frame_id_exact,1,,4.186851978302002,12.867696762084961,1.9837617874145508,0.02736847231415383,-0.012451114794610139,-0.4707871926403038,0.881734288609342,0.5174170136451721,0.34400227665901184,0.003101889742538333,0.6203997805797185,-0.002052066120454978,-0.03416804585165664,-0.9807339883968826,0.0030946179758757353,depth/000655.png,1.0,0.0038123028036310715,-0.05998709169128312,-0.9981918729271216,0.6203997805797185,-0.002052066120454978,-0.03416804585165664,0.0030946179758757353,0.9999785942199954,0.00024241738955539774,0.00653852702150515,2.4834133769847435,0.4966826753969487,0.6,0.0,0.01623821258544922,-0.0017338239964750923,0.6,0.0,0.01623821258544922,-0.0017338239964750923,goal_capture,TERMINAL_SETTLING,NONE,DIRECT_LOCAL,PASS_THROUGH,0,6,0,0,0,0,1,0.6,2.4834133769847435,inf,0.0,0,0,0,CLEAR,none,nan,0.0,0.0,0,0,0,0,0.013889790351810044,0,0,1,1,0.0,0.6,"4.187,12.868;4.324,12.959;4.527,13.094;4.796,13.275;5.130,13.499;5.479,13.733;5.797,13.946;6.040,14.109;6.203,14.218;6.250,14.250",6.250000000000001,14.25,2.0,6.250000000000001,14.25,2.0,6.250000000000001,14.25,2.0,5.719450617280809,0.0,0.0,0,0,2,1,,,0,1,PASS_THROUGH,-1,0.9999803421129557,0.00038443956987832686,0.006258401862542904,0.5178293420656301,0,0.9999785942199954,0.00024241738955539774,0.00653852702150515,2.4834664645480395,0.4966932929096079,0,0,0,BYPASS_VISIBLE,1,0,1,1,1
1787562343381292288,1787562343396951296,joint_v2_000002_8ec8982a,656,114,0.03333333333333333,3.8,15.658855438232422,frame_id_exact,1,,4.203816890716553,12.87895393371582,1.9839421510696411,0.030206913083800375,-0.015050964446546565,-0.4707179155734399,0.881638052053887,0.500104546546936,0.3312200605869293,0.007724215276539326,0.5989909327684654,-0.00302591817010578,-0.032736154235883184,-0.9807527550107252,0.003214733675122261,depth/000656.png,1.0,0.001898864373057918,-0.06743264524282237,-0.997722021742353,0.5989909327684654,-0.00302591817010578,-0.032736154235883184,0.003214733675122261,0.9999787043980816,0.0002980391661346664,0.006519349890117498,2.463053518011779,0.4926107036023558,0.6,0.0,0.016057848930358887,-0.0013775634157159322,0.6,0.0,0.016057848930358887,-0.0013775634157159322,goal_capture,TERMINAL_SETTLING,NONE,DIRECT_LOCAL,PASS_THROUGH,0,6,0,0,0,0,1,0.6,2.463053518011779,inf,0.0,0,0,0,CLEAR,none,nan,0.0,0.0,0,0,0,0,0.0,0,0,1,1,0.0,0.6,"4.187,12.868;4.324,12.959;4.527,13.094;4.796,13.275;5.130,13.499;5.479,13.733;5.797,13.946;6.040,14.109;6.203,14.218;6.250,14.250",6.250000000000001,14.25,2.0,6.250000000000001,14.25,2.0,6.250000000000001,14.25,2.0,5.719450617280809,0.0,0.0,0,0,2,1,,,1,1,PASS_THROUGH,-1,0.999999955584439,0.0002980454999553587,0.0,0.4926107036023558,0,0.9999787043980816,0.0002980391661346664,0.006519349890117498,2.4631058619357944,0.49262117238715886,0,0,0,BYPASS_VISIBLE,1,0,1,1,1
1787562343430284544,1787562343448927744,joint_v2_000002_8ec8982a,657,115,0.03333333333333333,3.8333333333333335,18.64314079284668,frame_id_exact,1,,4.22018575668335,12.88978385925293,1.984274983406067,0.026155663243266517,-0.014203711239049368,-0.4707633667538682,0.8817573296490966,0.4823239743709564,0.31898075342178345,0.012158767320215702,0.5779499724105335,-0.0032967807250711433,-0.022269565707152272,-0.9807972403471126,0.003093928564339876,depth/000657.png,1.0,-0.0004221968103409711,-0.0594990693997567,-0.9982282717346851,0.5779499724105335,-0.0032967807250711433,-0.022269565707152272,0.003093928564339876,0.9999792160665244,0.0003894561232810798,0.0064355076650746395,2.4434266536812608,0.48868533073625214,0.6,0.0,0.015725016593933105,-0.000308394776895593,0.6,0.0,0.015725016593933105,-0.000308394776895593,goal_capture,TERMINAL_SETTLING,NONE,DIRECT_LOCAL,PASS_THROUGH,0,6,0,0,0,0,1,0.6,2.4434266536812608,inf,0.0,0,0,0,CLEAR,none,nan,0.0,0.0,0,0,0,0,0.0,0,0,1,1,0.0,0.6,"4.187,12.868;4.324,12.959;4.527,13.094;4.796,13.275;5.130,13.499;5.479,13.733;5.797,13.946;6.040,14.109;6.203,14.218;6.250,14.250",6.250000000000001,14.25,2.0,6.250000000000001,14.25,2.0,6.250000000000001,14.25,2.0,5.719450617280809,0.0,0.0,0,0,2,1,,,0,1,PASS_THROUGH,-1,0.9999787043980816,0.0002980391661346664,0.006519349890117498,0.4926107036023558,0,0.9999792160665244,0.0003894561232810798,0.0064355076650746395,2.443477253437585,0.48869545068751696,0,0,0,BYPASS_VISIBLE,1,0,1,1,1
1787562343477800192,1787562343500155136,joint_v2_000002_8ec8982a,658,116,0.03333333333333333,3.8666666666666667,22.355079650878906,frame_id_exact,1,,4.2360124588012695,12.90025520324707,1.9847429990768433,0.016224312048946327,-0.010150894055983855,-0.47087403168513514,0.8819928442640502,0.4681454300880432,0.3100740313529968,0.015751730650663376,0.5617059309438215,-0.0028394267511222177,-0.0057053000419842945,-0.9808082315467255,0.0028634590562433004,depth/000658.png,1.0,-0.0026268173889103363,-0.03817903907925493,-0.9992674620968052,0.5617059309438215,-0.0028394267511222177,-0.0057053000419842945,0.0028634590562433004,0.9999801001380318,0.0004465056387458437,0.006292849962155749,2.4244497999474683,0.4848899599894937,0.6,0.0,0.015257000923156738,-0.0023567689431869265,0.6,0.0,0.015257000923156738,-0.0023567689431869265,goal_capture,TERMINAL_SETTLING,NONE,DIRECT_LOCAL,PASS_THROUGH,0,6,0,0,0,0,1,0.6,2.4244497999474683,inf,0.0,0,0,0,CLEAR,none,nan,0.0,0.0,0,0,0,0,0.025583396034775708,0,0,1,1,0.0,0.6,"4.236,12.900;4.363,12.984;4.556,13.113;4.815,13.288;5.141,13.507;5.490,13.741;5.806,13.952;6.046,14.113;6.206,14.221;6.250,14.250",6.250000000000001,14.25,2.0,6.250000000000001,14.25,2.0,6.250000000000001,14.25,2.0,5.719450617280809,0.0,0.0,0,0,2,1,,,0,1,PASS_THROUGH,-1,0.9999787043980816,0.0002980391661346664,0.006519349890117498,0.4926107036023558,0,0.9999801001380318,0.0004465056387458437,0.006292849962155749,2.424497805431568,0.48489956108631355,0,0,0,BYPASS_VISIBLE,1,0,1,1,1
1787562343532852480,1787562343550023936,joint_v2_000002_8ec8982a,659,117,0.03333333333333333,3.9,17.171621322631836,frame_id_exact,1,,4.251470565795898,12.910515785217285,1.9853078126907349,0.0027117573322249125,-0.0038410495808757442,-0.4709475894480991,0.8821486613396367,0.46072354912757874,0.30646419525146484,0.017882132902741432,0.553469265276875,-0.0017713061361338725,0.01322487192527523,-0.9807588194141662,0.0024514903780072927,depth/000659.png,1.0,-0.004222562334258359,-0.008402212283128428,-0.9999557854205767,0.553469265276875,-0.0017713061361338725,0.01322487192527523,0.0024514903780072927,0.9999812613436939,0.00043135044816466916,0.0061066274051840355,2.4058964776216443,0.48117929552432886,0.6,0.0,0.014692187309265137,-0.002236759561065338,0.6,0.0,0.014692187309265137,-0.002236759561065338,goal_capture,TERMINAL_SETTLING,NONE,DIRECT_LOCAL,PASS_THROUGH,0,6,0,0,0,0,1,0.6,2.4058964776216443,inf,0.0,0,0,0,CLEAR,none,nan,0.0,0.0,0,0,0,0,0.0,0,0,1,1,0.0,0.6,"4.236,12.900;4.363,12.984;4.556,13.113;4.815,13.288;5.141,13.507;5.490,13.741;5.806,13.952;6.046,14.113;6.206,14.221;6.250,14.250",6.250000000000001,14.25,2.0,6.250000000000001,14.25,2.0,6.250000000000001,14.25,2.0,5.719450617280809,0.0,0.0,0,0,2,1,,,0,1,PASS_THROUGH,-1,0.9999787043980816,0.0002980391661346664,0.006519349890117498,0.4926107036023558,0,0.9999812613436939,0.00043135044816466916,0.0061066274051840355,2.4059413378967007,0.48118826757934013,0,0,0,BYPASS_VISIBLE,1,0,1,1,1
1787562343586701312,1787562343605482752,joint_v2_000002_8ec8982a,660,118,0.03333333333333333,3.933333333333333,18.781423568725586,frame_id_exact,1,,4.266819000244141,12.920755386352539,1.9859105348587036,-0.011314029121185733,0.003287679480252583,-0.4709198367238294,0.8820973252927831,0.4616019129753113,0.30886444449424744,0.017923735082149506,0.5548430365619419,-0.00031843452315284096,0.030723521814401508,-0.980684479813857,0.0018812860362231731,depth/000660.png,1.0,-0.004855894940973332,0.023056616620246845,-0.9997223678173601,0.5548430365619419,-0.00031843452315284096,0.030723521814401508,0.0018812860362231731,0.9999825169588133,0.0003735239273114049,0.005901377516512572,2.387445940896556,0.4774891881793112,0.6,0.0,0.014089465141296387,-0.0016095799939336297,0.6,0.0,0.014089465141296387,-0.0016095799939336297,goal_capture,TERMINAL_SETTLING,NONE,DIRECT_LOCAL,PASS_THROUGH,0,6,0,0,0,0,1,0.6,2.387445940896556,inf,0.0,0,0,0,CLEAR,none,nan,0.0,0.0,0,0,0,0,0.0,0,0,1,1,0.0,0.6,"4.236,12.900;4.363,12.984;4.556,13.113;4.815,13.288;5.141,13.507;5.490,13.741;5.806,13.952;6.046,14.113;6.206,14.221;6.250,14.250",6.250000000000001,14.25,2.0,6.250000000000001,14.25,2.0,6.250000000000001,14.25,2.0,5.719450617280809,0.0,0.0,0,0,2,1,,,0,1,PASS_THROUGH,-1,0.9999787043980816,0.0002980391661346664,0.006519349890117498,0.4926107036023558,0,0.9999825169588133,0.0003735239273114049,0.005901377516512572,2.3874875148849277,0.47749750297698557,0,0,0,BYPASS_VISIBLE,1,0,1,1,1
1787562343637410816,1787562343655361280,joint_v2_000002_8ec8982a,661,119,0.03333333333333333,3.966666666666667,17.95029640197754,frame_id_exact,1,,4.282332420349121,12.931168556213379,1.9864740371704102,-0.022689203501832903,0.009624652129006825,-0.4708173010658533,0.8818864071596261,0.47041258215904236,0.3166128396987915,0.015507781878113747,0.5655913467875298,0.0012164663836163072,0.04332583136023519,-0.9806504515892439,0.0013492497382685542,depth/000661.png,1.0,-0.004389239339711599,0.049081505793243475,-0.9987851322316961,0.5655913467875298,0.0012164663836163072,0.04332583136023519,0.0013492497382685542,0.999983641706054,0.00033417952782721356,0.005710047665421012,2.368761718942928,0.4737523437885856,0.6,0.0,0.013525962829589844,0.0017507920191556225,0.6,0.0,0.013525962829589844,0.0017507920191556225,goal_capture,TERMINAL_SETTLING,NONE,DIRECT_LOCAL,PASS_THROUGH,0,6,0,0,0,0,1,0.6,2.368761718942928,inf,0.0,0,0,0,CLEAR,none,nan,0.0,0.0,0,0,0,0,0.01914738905000693,0,0,1,1,0.0,0.6,"4.282,12.931;4.410,13.017;4.603,13.147;4.864,13.321;5.191,13.540;5.540,13.774;5.845,13.978;6.074,14.132;6.222,14.231;6.250,14.250",6.250000000000001,14.25,2.0,6.250000000000001,14.25,2.0,6.250000000000001,14.25,2.0,5.719450617280809,0.0,0.0,0,0,2,1,,,0,1,PASS_THROUGH,-1,0.9999787043980816,0.0002980391661346664,0.006519349890117498,0.4926107036023558,0,0.999983641706054,0.00033417952782721356,0.005710047665421012,2.368800336203945,0.473760067240789,0,0,0,BYPASS_VISIBLE,1,0,1,1,1
1787562343684686080,1787562343701327872,joint_v2_000002_8ec8982a,662,120,0.03333333333333333,4.0,16.641616821289062,frame_id_exact,1,,4.298245429992676,12.941903114318848,1.9869186878204346,-0.028862374149894652,0.013745519803980736,-0.4707331949505166,0.8816962533749528,0.4850304126739502,0.32787203788757324,0.010909567587077618,0.5835559671720829,0.0024989818819133812,0.04826780893679038,-0.98069521845896,0.0011404725955799222,depth/000662.png,1.0,-0.0029342085711521575,0.06383663921010331,-0.9979560480874997,0.5835559671720829,0.0024989818819133812,0.04826780893679038,0.0011404725955799222,0.9999844387214515,0.00035460658789818395,0.00556745625138908,2.3495666332056233,0.4699133266411247,0.6,0.0,0.01308131217956543,0.0016468020363091807,0.6,0.0,0.01308131217956543,0.0016468020363091807,goal_capture,TERMINAL_SETTLING,NONE,DIRECT_LOCAL,PASS_THROUGH,0,6,0,0,0,0,1,0.6,2.3495666332056233,inf,0.0,0,0,0,CLEAR,none,nan,0.0,0.0,0,0,0,0,0.0,0,0,1,1,0.0,0.6,"4.282,12.931;4.410,13.017;4.603,13.147;4.864,13.321;5.191,13.540;5.540,13.774;5.845,13.978;6.074,14.132;6.222,14.231;6.250,14.250",6.250000000000001,14.25,2.0,6.250000000000001,14.25,2.0,6.250000000000001,14.25,2.0,5.719450617280809,0.0,0.0,0,0,2,1,,,1,1,PASS_THROUGH,-1,0.999999937125133,0.0003546120838197813,0.0,0.4699133266411247,0,0.9999844387214515,0.00035460658789818395,0.00556745625138908,2.3496030483044468,0.46992060966088933,0,0,0,BYPASS_VISIBLE,1,0,1,1,1
1787562343733052416,1787562343749571328,joint_v2_000002_8ec8982a,663,121,0.03333333333333333,4.033333333333333,16.518831253051758,frame_id_exact,1,,4.314695835113525,12.95303726196289,1.9871879816055298,-0.028486325506534745,0.014739819145378941,-0.4707451853086404,0.8816860197935721,0.5021154284477234,0.34008362889289856,0.0051957182586193085,0.604856638038383,0.003225679941297962,0.044066041622177386,-0.9807932168221497,0.0012675609905272722,depth/000663.png,1.0,-0.0008278162091393988,0.06410938769881597,-0.9979425339813945,0.604856638038383,0.003225679941297962,0.044066041622177386,0.0012675609905272722,0.9999847929042539,0.00041380112999374823,0.005499338947670592,2.329702675124801,0.46594053502496025,0.6,0.0,0.012812018394470215,0.0013170320023037085,0.6,0.0,0.012812018394470215,0.0013170320023037085,goal_capture,TERMINAL_SETTLING,NONE,DIRECT_LOCAL,PASS_THROUGH,0,6,0,0,0,0,1,0.6,2.329702675124801,inf,0.0,0,0,0,CLEAR,none,nan,0.0,0.0,0,0,0,0,0.0,0,0,1,1,0.0,0.6,"4.282,12.931;4.410,13.017;4.603,13.147;4.864,13.321;5.191,13.540;5.540,13.774;5.845,13.978;6.074,14.132;6.222,14.231;6.250,14.250",6.250000000000001,14.25,2.0,6.250000000000001,14.25,2.0,6.250000000000001,14.25,2.0,5.719450617280809,0.0,0.0,0,0,2,1,,,0,1,PASS_THROUGH,-1,0.9999844387214515,0.00035460658789818395,0.00556745625138908,0.4699133266411247,0,0.9999847929042539,0.00041380112999374823,0.005499338947670592,2.3297379042070365,0.4659475808414073,0,0,0,BYPASS_VISIBLE,1,0,1,1,1
1787562343775396096,1787562343793135104,joint_v2_000002_8ec8982a,664,122,0.03333333333333333,4.066666666666666,17.739057540893555,frame_id_exact,1,,4.331705093383789,12.964556694030762,1.9872697591781616,-0.021728976040511577,0.012421041255504393,-0.4708503626926831,0.8818579847608847,0.5178671479225159,0.350538969039917,-7.080615614540875e-05,0.6245637920608998,0.003207914634247749,0.03120473772825297,-0.9808795250825997,0.0015118300216272473,depth/000664.png,1.0,0.0014449963211908314,0.05002064560435622,-0.9987471386687199,0.6245637920608998,0.003207914634247749,0.03120473772825297,0.0015118300216272473,0.9999846998255972,0.0004567545048614737,0.00551284772439258,2.309159986144491,0.46183199722889823,0.6,0.0,0.012730240821838379,0.004381924824114203,0.6,0.0,0.012730240821838379,0.004381924824114203,goal_capture,TERMINAL_SETTLING,NONE,DIRECT_LOCAL,PASS_THROUGH,0,6,0,0,0,0,1,0.6,2.309159986144491,inf,0.0,0,0,0,CLEAR,none,nan,0.0,0.0,0,0,0,0,0.026170503995459397,0,0,1,1,0.0,0.6,"4.332,12.965;4.468,13.057;4.672,13.194;4.942,13.374;5.277,13.598;5.623,13.829;5.909,14.022;6.119,14.162;6.245,14.247;6.250,14.250",6.250000000000001,14.25,2.0,6.250000000000001,14.25,2.0,6.250000000000001,14.25,2.0,5.719450617280809,0.0,0.0,0,0,2,1,,,0,1,PASS_THROUGH,-1,0.9999844387214515,0.00035460658789818395,0.00556745625138908,0.4699133266411247,0,0.9999846998255972,0.0004567545048614737,0.00551284772439258,2.309195076350677,0.4618390152701354,0,0,0,BYPASS_VISIBLE,1,0,1,1,1
1787562343827159808,1787562343846322688,joint_v2_000002_8ec8982a,665,123,0.03333333333333333,4.1,19.162893295288086,frame_id_exact,1,,4.3491668701171875,12.976361274719238,1.9872045516967773,-0.010211794054063942,0.0073603716552504105,-0.47096633237404645,0.8820613685914565,0.5288151502609253,0.35693904757499695,-0.0034375006798654795,0.6378881337858074,0.0024365564971623233,0.012472177350043369,-0.9808983698609224,0.001855751615948975,depth/000665.png,1.0,0.003365776605940703,0.024947832564969828,-0.9996830883825879,0.6378881337858074,0.0024365564971623233,0.012472177350043369,0.001855751615948975,0.9999842680037466,0.0004380217938396149,0.0055921267795700875,2.2880826449660634,0.4576165289932127,0.6,0.0,0.012795448303222656,0.004175702909554324,0.6,0.0,0.012795448303222656,0.004175702909554324,goal_capture,TERMINAL_SETTLING,NONE,DIRECT_LOCAL,PASS_THROUGH,0,6,0,0,0,0,1,0.6,2.2880826449660634,inf,0.0,0,0,0,CLEAR,none,nan,0.0,0.0,0,0,0,0,0.0,0,0,1,1,0.0,0.6,"4.332,12.965;4.468,13.057;4.672,13.194;4.942,13.374;5.277,13.598;5.623,13.829;5.909,14.022;6.119,14.162;6.245,14.247;6.250,14.250",6.250000000000001,14.25,2.0,6.250000000000001,14.25,2.0,6.250000000000001,14.25,2.0,5.719450617280809,0.0,0.0,0,0,2,1,,,0,1,PASS_THROUGH,-1,0.9999844387214515,0.00035460658789818395,0.00556745625138908,0.4699133266411247,0,0.9999842680037466,0.0004380217938396149,0.0055921267795700875,2.288118422130327,0.4576236844260654,0,0,0,BYPASS_VISIBLE,1,0,1,1,1
1787562343876184832,1787562343892796416,joint_v2_000002_8ec8982a,666,124,0.03333333333333333,4.133333333333334,16.611576080322266,frame_id_exact,1,,4.366878986358643,12.98829174041748,1.9870713949203491,0.0033921589935428332,0.0007402650494030966,-0.47100032646777273,0.8821262028373666,0.532537043094635,0.3578716218471527,-0.0041404725052416325,0.6415815749406935,0.001098773891950489,-0.007537831028164378,-0.9808433782615261,0.002251256722956896,depth/000666.png,1.0,0.00450143038102487,-0.005287294504906045,-0.9999758905300383,0.6415815749406935,0.001098773891950489,-0.007537831028164378,0.002251256722956896,0.9999836697868989,0.0003600892788420464,0.005703551107648477,2.2667272628872683,0.4533454525774537,0.6,0.0,0.012928605079650879,0.0030801147874959245,0.6,0.0,0.012928605079650879,0.0030801147874959245,goal_capture,TERMINAL_SETTLING,NONE,DIRECT_LOCAL,PASS_THROUGH,0,6,0,0,0,0,1,0.6,2.2667272628872683,inf,0.0,0,0,0,CLEAR,none,nan,0.0,0.0,0,0,0,0,0.0,0,0,1,1,0.0,0.6,"4.332,12.965;4.468,13.057;4.672,13.194;4.942,13.374;5.277,13.598;5.623,13.829;5.909,14.022;6.119,14.162;6.245,14.247;6.250,14.250",6.250000000000001,14.25,2.0,6.250000000000001,14.25,2.0,6.250000000000001,14.25,2.0,5.719450617280809,0.0,0.0,0,0,2,1,,,0,1,PASS_THROUGH,-1,0.9999844387214515,0.00035460658789818395,0.00556745625138908,0.4699133266411247,0,0.9999836697868989,0.0003600892788420464,0.005703551107648477,2.26676413266703,0.45335282653340603,0,0,0,BYPASS_VISIBLE,1,0,1,1,1
1787562343923505152,1787562343940148224,joint_v2_000002_8ec8982a,667,125,0.03333333333333333,4.166666666666667,16.643047332763672,frame_id_exact,1,,4.384580135345459,13.000158309936523,1.9869585037231445,0.0159838580347025,-0.005924887360107362,-0.47092844382577126,0.8820066965663775,0.528213620185852,0.353141725063324,-0.002321354579180479,0.6349475803892609,-0.00046932642674655004,-0.02377908972510281,-0.9807632744773135,0.002583448775112629,depth/000667.png,1.0,0.00460292612519664,-0.033776135615824494,-0.999418823984193,0.6349475803892609,-0.00046932642674655004,-0.02377908972510281,0.002583448775112629,0.9999830951800499,0.00027753065098284235,0.00580795410320422,2.245416558607444,0.4490833117214888,0.6,0.0,0.013041496276855469,0.00028384978046275267,0.6,0.0,0.013041496276855469,0.00028384978046275267,goal_capture,TERMINAL_SETTLING,NONE,DIRECT_LOCAL,PASS_THROUGH,0,6,0,0,0,0,1,0.6,2.245416558607444,inf,0.0,0,0,0,CLEAR,none,nan,0.0,0.0,0,0,0,0,0.01590160339230252,0,0,1,1,0.0,0.6,"4.385,13.000;4.523,13.093;4.706,13.215;4.889,13.338;5.072,13.461;5.254,13.583;5.437,13.705;5.620,13.828;5.803,13.950;5.986,14.073;6.161,14.190;6.250,14.250",6.250000000000001,14.25,2.0,6.250000000000001,14.25,2.0,6.250000000000001,14.25,2.0,5.719450617280809,0.0,0.0,0,0,2,1,,,0,1,PASS_THROUGH,-1,0.9999844387214515,0.00035460658789818395,0.00556745625138908,0.4699133266411247,0,0.9999830951800499,0.00027753065098284235,0.00580795410320422,2.2454544311327354,0.4490908862265471,0,0,0,BYPASS_VISIBLE,1,0,1,1,1
1787562343969434624,1787562343987203328,joint_v2_000002_8ec8982a,668,126,0.03333333333333333,4.2,17.76862144470215,frame_id_exact,1,,4.402015209197998,13.011784553527832,1.9869375228881836,0.024741081006992603,-0.011134536332588983,-0.4708128135129039,0.881815851322331,0.5168721675872803,0.34385815262794495,0.0012185930972918868,0.619955771531095,-0.0018861433197423377,-0.03237337691492015,-0.9807176950290502,0.0027491063810884953,depth/000668.png,1.0,0.0036596146461029544,-0.054118719577447606,-0.9985278020225273,0.619955771531095,-0.0018861433197423377,-0.03237337691492015,0.0027491063810884953,0.9999827271716601,0.00025262414451083083,0.005872098378831869,2.2244606714702315,0.4448921342940463,0.6,0.0,0.013062477111816406,0.0003536037271145709,0.6,0.0,0.013062477111816406,0.0003536037271145709,goal_capture,TERMINAL_SETTLING,NONE,DIRECT_LOCAL,PASS_THROUGH,0,6,0,0,0,0,1,0.6,2.2244606714702315,inf,0.0,0,0,0,CLEAR,none,nan,0.0,0.0,0,0,0,0,0.0,0,0,1,1,0.0,0.6,"4.385,13.000;4.523,13.093;4.706,13.215;4.889,13.338;5.072,13.461;5.254,13.583;5.437,13.705;5.620,13.828;5.803,13.950;5.986,14.073;6.161,14.190;6.250,14.250",6.250000000000001,14.25,2.0,6.250000000000001,14.25,2.0,6.250000000000001,14.25,2.0,5.719450617280809,0.0,0.0,0,0,2,1,,,1,1,PASS_THROUGH,-1,0.9999999680894199,0.00025262850005819924,0.0,0.4448921342940463,0,0.9999827271716601,0.00025262414451083083,0.005872098378831869,2.2244990238761826,0.4448998047752365,0,0,0,BYPASS_VISIBLE,1,0,1,1,1
1787562344021382656,1787562344037999616,joint_v2_000002_8ec8982a,669,127,0.03333333333333333,4.233333333333333,16.6170597076416,frame_id_exact,1,,4.418990612030029,13.023054122924805,1.9870489835739136,0.02774894022938806,-0.013738945963149255,-0.47074793390640973,0.8817242314935062,0.5011788010597229,0.3321942687034607,0.0054915305227041245,0.6004578291726339,-0.002832156650071635,-0.03171362439973799,-0.9807298620324056,0.0027956238482147455,depth/000669.png,1.0,0.0018975894203765963,-0.06186898684944149,-0.998082475359935,0.6004578291726339,-0.002832156650071635,-0.03171362439973799,0.0027956238482147455,0.9999826909916858,0.0003041981757625514,0.005875813177459004,2.2040851989217636,0.4408170397843527,0.6,0.0,0.012951016426086426,0.0008615831197378299,0.6,0.0,0.012951016426086426,0.0008615831197378299,goal_capture,TERMINAL_SETTLING,NONE,DIRECT_LOCAL,PASS_THROUGH,0,6,0,0,0,0,1,0.6,2.2040851989217636,inf,0.0,0,0,0,CLEAR,none,nan,0.0,0.0,0,0,0,0,0.0,0,0,1,1,0.0,0.6,"4.385,13.000;4.523,13.093;4.706,13.215;4.889,13.338;5.072,13.461;5.254,13.583;5.437,13.705;5.620,13.828;5.803,13.950;5.986,14.073;6.161,14.190;6.250,14.250",6.250000000000001,14.25,2.0,6.250000000000001,14.25,2.0,6.250000000000001,14.25,2.0,5.719450617280809,0.0,0.0,0,0,2,1,,,0,1,PASS_THROUGH,-1,0.9999827271716601,0.00025262414451083083,0.005872098378831869,0.4448921342940463,0,0.9999826909916858,0.0003041981757625514,0.005875813177459004,2.2041232481266695,0.4408246496253339,0,0,0,BYPASS_VISIBLE,1,0,1,1,1
1787562344068039680,1787562344085789696,joint_v2_000002_8ec8982a,670,128,0.03333333333333333,4.266666666666667,17.750024795532227,frame_id_exact,1,,4.435420036315918,13.033933639526367,1.9873028993606567,0.024415723963236765,-0.013192122493013594,-0.4707791557623368,0.8818145081745831,0.4847921133041382,0.3208608031272888,0.009661125019192696,0.580988365248331,-0.003123246135529664,-0.022608631574391122,-0.9807663517088155,0.002820354886353016,depth/000670.png,1.0,-0.00027718218643355344,-0.055481431816684565,-0.9984596806549607,0.580988365248331,-0.003123246135529664,-0.022608631574391122,0.002820354886353016,0.9999830307547577,0.0003900196425365486,0.005812580081804565,2.1843804242117066,0.4368760848423413,0.6,0.0,0.012697100639343262,-0.002367240395165504,0.6,0.0,0.012697100639343262,-0.002367240395165504,goal_capture,TERMINAL_SETTLING,NONE,DIRECT_LOCAL,PASS_THROUGH,0,6,0,0,0,0,1,0.6,2.1843804242117066,inf,0.0,0,0,0,CLEAR,none,nan,0.0,0.0,0,0,0,0,0.022346857520734405,0,0,1,1,0.0,0.6,"4.435,13.034;4.566,13.120;4.762,13.252;5.025,13.428;5.353,13.649;5.691,13.875;5.961,14.057;6.154,14.185;6.250,14.250",6.250000000000001,14.25,2.0,6.250000000000001,14.25,2.0,6.250000000000001,14.25,2.0,5.719450617280809,0.0,0.0,0,0,2,1,,,0,1,PASS_THROUGH,-1,0.9999827271716601,0.00025262414451083083,0.005872098378831869,0.4448921342940463,0,0.9999830307547577,0.0003900196425365486,0.005812580081804565,2.1844173259805375,0.4368834651961075,0,0,0,BYPASS_VISIBLE,1,0,1,1,1
1787562344118253568,1787562344137165056,joint_v2_000002_8ec8982a,671,129,0.03333333333333333,4.3,18.91160011291504,frame_id_exact,1,,4.451344013214111,13.044476509094238,1.9876844882965088,0.015578125358934736,-0.009661523379522944,-0.4708686479659015,0.8820128646108584,0.4714711606502533,0.3124479353427887,0.013078638352453709,0.5656980070956962,-0.002726628837947484,-0.0076255274676920205,-0.9807731169656588,0.0026477992068976164,depth/000671.png,1.0,-0.002372674173745778,-0.036578830848216,-0.9993279539525765,0.5656980070956962,-0.002726628837947484,-0.0076255274676920205,0.0026477992068976164,0.9999837257936409,0.00044620129631417217,0.005687622725861774,2.165282948237097,0.43305658964741944,0.6,0.0,0.012315511703491211,-0.0019997080106556875,0.6,0.0,0.012315511703491211,-0.0019997080106556875,goal_capture,TERMINAL_SETTLING,NONE,DIRECT_LOCAL,PASS_THROUGH,0,6,0,0,0,0,1,0.6,2.165282948237097,inf,0.0,0,0,0,CLEAR,none,nan,0.0,0.0,0,0,0,0,0.0,0,0,1,1,0.0,0.6,"4.435,13.034;4.566,13.120;4.762,13.252;5.025,13.428;5.353,13.649;5.691,13.875;5.961,14.057;6.154,14.185;6.250,14.250",6.250000000000001,14.25,2.0,6.250000000000001,14.25,2.0,6.250000000000001,14.25,2.0,5.719450617280809,0.0,0.0,0,0,2,1,,,0,1,PASS_THROUGH,-1,0.9999827271716601,0.00025262414451083083,0.005872098378831869,0.4448921342940463,0,0.9999837257936409,0.00044620129631417217,0.005687622725861774,2.1653179715124646,0.4330635943024929,0,0,0,BYPASS_VISIBLE,1,0,1,1,1
1787562344167259904,1787562344182964736,joint_v2_000002_8ec8982a,672,130,0.03333333333333333,4.333333333333333,15.704870223999023,frame_id_exact,1,,4.466919422149658,13.054814338684082,1.988158941268921,0.0032864625368793365,-0.003976367434961787,-0.47093306576503163,0.8821538614296058,0.4641938805580139,0.3088226318359375,0.015150795690715313,0.5576534804110671,-0.0017428651609418954,0.009822499585076555,-0.9807292632379719,0.0022281804122030735,depth/000672.png,1.0,-0.003920128018399936,-0.009543537048213268,-0.9999467753320317,0.5576534804110671,-0.0017428651609418954,0.009822499585076555,0.0022281804122030735,0.9999846885088243,0.0004415742581618994,0.005516136336609448,2.1465891810316853,0.42931783620633707,0.6,0.0,0.011841058731079102,-0.0009533897612554187,0.6,0.0,0.011841058731079102,-0.0009533897612554187,goal_capture,TERMINAL_SETTLING,NONE,DIRECT_LOCAL,PASS_THROUGH,0,6,0,0,0,0,1,0.6,2.1465891810316853,inf,0.0,0,0,0,CLEAR,none,nan,0.0,0.0,0,0,0,0,0.0,0,0,1,1,0.0,0.6,"4.435,13.034;4.566,13.120;4.762,13.252;5.025,13.428;5.353,13.649;5.691,13.875;5.961,14.057;6.154,14.185;6.250,14.250",6.250000000000001,14.25,2.0,6.250000000000001,14.25,2.0,6.250000000000001,14.25,2.0,5.719450617280809,0.0,0.0,0,0,2,1,,,0,1,PASS_THROUGH,-1,0.9999827271716601,0.00025262414451083083,0.005872098378831869,0.4448921342940463,0,0.9999846885088243,0.0004415742581618994,0.005516136336609448,2.146621839727285,0.42932436794545703,0,0,0,BYPASS_VISIBLE,1,0,1,1,1
1787562344213411072,1787562344231949568,joint_v2_000002_8ec8982a,673,131,0.03333333333333333,4.366666666666666,18.538475036621094,frame_id_exact,1,,4.482376575469971,13.065123558044434,1.9886720180511475,-0.009661328123887184,0.0025645852647480116,-0.47091412640029195,0.8821224218882276,0.4644950032234192,0.3107195496559143,0.015308587811887264,0.5584362903992782,-0.00038236699876105756,0.026179434280822946,-0.9806622353053148,0.001741926884278655,depth/000673.png,1.0,-0.004574755456897056,0.01946034718565616,-0.9998001632826048,0.5584362903992782,-0.00038236699876105756,0.026179434280822946,0.001741926884278655,0.9999857537780755,0.00039468755147268887,0.0053232004124319325,2.1280095755537745,0.4256019151107549,0.6,0.0,0.011327981948852539,0.00014806590673321907,0.6,0.0,0.011327981948852539,0.00014806590673321907,goal_capture,TERMINAL_SETTLING,NONE,DIRECT_LOCAL,PASS_THROUGH,0,6,0,0,0,0,1,0.6,2.1280095755537745,inf,0.0,0,0,0,CLEAR,none,nan,0.0,0.0,0,0,0,0,0.022614251919100874,0,0,1,1,0.0,0.6,"4.482,13.065;4.609,13.150;4.788,13.270;4.971,13.392;5.153,13.515;5.336,13.637;5.519,13.760;5.701,13.882;5.884,14.005;6.067,14.127;6.218,14.229;6.250,14.250",6.250000000000001,14.25,2.0,6.250000000000001,14.25,2.0,6.250000000000001,14.25,2.0,5.719450617280809,0.0,0.0,0,0,2,1,,,0,1,PASS_THROUGH,-1,0.9999827271716601,0.00025262414451083083,0.005872098378831869,0.4448921342940463,0,0.9999857537780755,0.00039468755147268887,0.0053232004124319325,2.1280397263264583,0.42560794526529167,0,0,0,BYPASS_VISIBLE,1,0,1,1,1
1787562344262708480,1787562344279598592,joint_v2_000002_8ec8982a,674,132,0.03333333333333333,4.4,16.89004898071289,frame_id_exact,1,,4.497968673706055,13.075582504272461,1.9891531467437744,-0.02033789818548522,0.008480545710720542,-0.47082797097421214,0.8819498126254984,0.47216010093688965,0.31760647892951965,0.013222308829426765,0.5679133674988812,0.0010679238132493432,0.03817240338689459,-0.9806253396142042,0.0013781390152871609,depth/000674.png,1.0,-0.0041924712720403205,0.04385976724723553,-0.9990289004836904,0.5679133674988812,0.0010679238132493432,0.03817240338689459,0.0013781390152871609,0.9999867143343959,0.00035494803651347866,0.005142486421047178,2.109234511045718,0.4218469022091436,0.6,0.0,0.010846853256225586,2.927175702660545e-06,0.6,0.0,0.010846853256225586,2.927175702660545e-06,goal_capture,TERMINAL_SETTLING,NONE,DIRECT_LOCAL,PASS_THROUGH,0,6,0,0,0,0,1,0.6,2.109234511045718,inf,0.0,0,0,0,CLEAR,none,nan,0.0,0.0,0,0,0,0,0.0,0,0,1,1,0.0,0.6,"4.482,13.065;4.609,13.150;4.788,13.270;4.971,13.392;5.153,13.515;5.336,13.637;5.519,13.760;5.701,13.882;5.884,14.005;6.067,14.127;6.218,14.229;6.250,14.250",6.250000000000001,14.25,2.0,6.250000000000001,14.25,2.0,6.250000000000001,14.25,2.0,5.719450617280809,0.0,0.0,0,0,2,1,,,1,1,PASS_THROUGH,-1,0.9999999370042776,0.0003549527299365611,0.0,0.4218469022091436,0,0.9999867143343959,0.00035494803651347866,0.005142486421047178,2.109262401127899,0.4218524802255798,0,0,0,BYPASS_VISIBLE,1,0,1,1,1
1787562344314116096,1787562344329912832,joint_v2_000002_8ec8982a,675,133,0.03333333333333333,4.433333333333334,15.796899795532227,frame_id_exact,1,,4.513915538787842,13.086332321166992,1.9895298480987549,-0.026343012461034827,0.012438750315115423,-0.4707507621676152,0.8817851456583319,0.4853347837924957,0.3278476297855377,0.009128469973802567,0.5841633006051472,0.0022903478037054723,0.04318844998381887,-0.9806528001856173,0.0012046528281643987,depth/000675.png,1.0,-0.0028653758708029053,0.05816885654257219,-0.998302646370152,0.5841633006051472,0.0022903478037054723,0.04318844998381887,0.0012046528281643987,0.999987387778902,0.0003584225839293768,0.0050095724746816355,2.0900028045969012,0.41800056091938026,0.6,0.0,0.010470151901245117,4.4887524169590076e-05,0.6,0.0,0.010470151901245117,4.4887524169590076e-05,goal_capture,TERMINAL_SETTLING,NONE,DIRECT_LOCAL,PASS_THROUGH,0,6,0,0,0,0,1,0.6,2.0900028045969012,inf,0.0,0,0,0,CLEAR,none,nan,0.0,0.0,0,0,0,0,0.0,0,0,1,1,0.0,0.6,"4.482,13.065;4.609,13.150;4.788,13.270;4.971,13.392;5.153,13.515;5.336,13.637;5.519,13.760;5.701,13.882;5.884,14.005;6.067,14.127;6.218,14.229;6.250,14.250",6.250000000000001,14.25,2.0,6.250000000000001,14.25,2.0,6.250000000000001,14.25,2.0,5.719450617280809,0.0,0.0,0,0,2,1,,,0,1,PASS_THROUGH,-1,0.9999867143343959,0.00035494803651347866,0.005142486421047178,0.4218469022091436,0,0.999987387778902,0.0003584225839293768,0.0050095724746816355,2.090029030253826,0.4180058060507652,0,0,0,BYPASS_VISIBLE,1,0,1,1,1
1787562344356354560,1787562344371970560,joint_v2_000002_8ec8982a,676,134,0.03333333333333333,4.466666666666667,15.616178512573242,frame_id_exact,1,,4.53035306930542,13.09744930267334,1.9897490739822388,-0.026358210413882983,0.013560201297121025,-0.47075318407417943,0.8817668656558721,0.5009986162185669,0.3391091525554657,0.003964118659496307,0.6036695616451054,0.0030003556550815143,0.03980456312661625,-0.9807309476954987,0.0011845635017380118,depth/000676.png,1.0,-0.000902550566815024,0.059250609036508216,-0.998242731369118,0.6036695616451054,0.0030003556550815143,0.03980456312661625,0.0011845635017380118,0.9999876615593439,0.0003967707271576318,0.004951696887408618,2.070159094406868,0.4140318188813736,0.6,0.0,0.01025092601776123,0.003524590818245188,0.6,0.0,0.01025092601776123,0.003524590818245188,goal_capture,TERMINAL_SETTLING,NONE,DIRECT_LOCAL,PASS_THROUGH,0,6,0,0,0,0,1,0.6,2.070159094406868,inf,0.0,0,0,0,CLEAR,none,nan,0.0,0.0,0,0,0,0,0.022733567404267168,0,0,1,1,0.0,0.6,"4.530,13.097;4.664,13.188;4.864,13.322;5.131,13.500;5.464,13.723;5.785,13.938;6.031,14.103;6.197,14.215;6.250,14.250",6.250000000000001,14.25,2.0,6.250000000000001,14.25,2.0,6.250000000000001,14.25,2.0,5.719450617280809,0.0,0.0,0,0,2,1,,,0,1,PASS_THROUGH,-1,0.9999867143343959,0.00035494803651347866,0.005142486421047178,0.4218469022091436,0,0.9999876615593439,0.0003967707271576318,0.004951696887408618,2.070184474301671,0.41403689486033424,0,0,0,BYPASS_VISIBLE,1,0,1,1,1
1787562344402142208,1787562344418222848,joint_v2_000002_8ec8982a,677,135,0.03333333333333333,4.5,16.080617904663086,frame_id_exact,1,,4.547305107116699,13.108922004699707,1.9897972345352173,-0.020450767962013512,0.011623244569106685,-0.4708377852537927,0.8819061436755922,0.5156516432762146,0.3488830029964447,-0.0008753975853323936,0.6219336301833895,0.0030169320792402766,0.028393504221042653,-0.9808050309150141,0.0013930879067629576,depth/000677.png,1.0,0.0012432330019309691,0.0470166412779301,-0.9988933325509012,0.6219336301833895,0.0030169320792402766,0.028393504221042653,0.0013930879067629576,0.9999875207440687,0.00042586047726491473,0.004977649945979669,2.049689949628825,0.40993798992576497,0.6,0.0,0.010202765464782715,0.0034014223647349517,0.6,0.0,0.010202765464782715,0.0034014223647349517,goal_capture,TERMINAL_SETTLING,NONE,DIRECT_LOCAL,PASS_THROUGH,0,6,0,0,0,0,1,0.6,2.049689949628825,inf,0.0,0,0,0,CLEAR,none,nan,0.0,0.0,0,0,0,0,0.0,0,0,1,1,0.0,0.6,"4.530,13.097;4.664,13.188;4.864,13.322;5.131,13.500;5.464,13.723;5.785,13.938;6.031,14.103;6.197,14.215;6.250,14.250",6.250000000000001,14.25,2.0,6.250000000000001,14.25,2.0,6.250000000000001,14.25,2.0,5.719450617280809,0.0,0.0,0,0,2,1,,,0,1,PASS_THROUGH,-1,0.9999867143343959,0.00035494803651347866,0.005142486421047178,0.4218469022091436,0,0.9999875207440687,0.00042586047726491473,0.004977649945979669,2.049715342683599,0.40994306853671975,0,0,0,BYPASS_VISIBLE,1,0,1,1,1
1787562344444233216,1787562344460978688,joint_v2_000002_8ec8982a,678,136,0.03333333333333333,4.533333333333333,16.745567321777344,frame_id_exact,1,,4.564682960510254,13.120664596557617,1.9897092580795288,-0.010039881856888418,0.0071072289733121975,-0.4709357248403229,0.882081759894025,0.526051938533783,0.35501232743263245,-0.0040613641031086445,0.634543175641149,0.0023223806656884334,0.011421652155152347,-0.9808207806273616,0.0017457975773140788,depth/000678.png,1.0,0.003082036002328148,0.024406089371210304,-0.9996973761372413,0.634543175641149,0.0023223806656884334,0.011421652155152347,0.0017457975773140788,0.9999870541136477,0.00040203464471670944,0.005072472104665424,2.0287168301817915,0.4057433660363583,0.6,0.0,0.010290741920471191,0.0023898428135810112,0.6,0.0,0.010290741920471191,0.0023898428135810112,goal_capture,TERMINAL_SETTLING,NONE,DIRECT_LOCAL,PASS_THROUGH,0,6,0,0,0,0,1,0.6,2.0287168301817915,inf,0.0,0,0,0,CLEAR,none,nan,0.0,0.0,0,0,0,0,0.0,0,0,1,1,0.0,0.6,"4.530,13.097;4.664,13.188;4.864,13.322;5.131,13.500;5.464,13.723;5.785,13.938;6.031,14.103;6.197,14.215;6.250,14.250",6.250000000000001,14.25,2.0,6.250000000000001,14.25,2.0,6.250000000000001,14.25,2.0,5.719450617280809,0.0,0.0,0,0,2,1,,,0,1,PASS_THROUGH,-1,0.9999867143343959,0.00035494803651347866,0.005142486421047178,0.4218469022091436,0,0.9999870541136477,0.00040203464471670944,0.005072472104665424,2.028742930100344,0.4057485860200688,0,0,0,BYPASS_VISIBLE,1,0,1,1,1
1787562344494328064,1787562344512284416,joint_v2_000002_8ec8982a,679,137,0.03333333333333333,4.566666666666666,17.95649528503418,frame_id_exact,1,,4.582302093505859,13.132532119750977,1.9895541667938232,0.0024550223757351815,0.0010696034275189626,-0.47096756782062627,0.8821464611246629,0.5298929214477539,0.3561422526836395,-0.004851686302572489,0.638433610924294,0.0010850313247407644,-0.006978420751359047,-0.9807714205977691,0.0020355668384581804,depth/000679.png,1.0,0.004199565591275754,-0.0033238815518908827,-0.999985657627285,0.638433610924294,0.0010850313247407644,-0.006978420751359047,0.0020355668384581804,0.999986408593959,0.0003274756114866362,0.005203401491292327,2.0074737285237854,0.4014947457047571,0.5333333334,0.0,0.010445833206176758,0.0019191125317902236,0.5333333334,0.0,0.010445833206176758,0.0019191125317902236,goal_capture,TERMINAL_SETTLING,NONE,DIRECT_LOCAL,PASS_THROUGH,0,6,0,0,0,0,1,0.5333333334,2.0074737285237854,inf,0.0,0,0,0,CLEAR,none,nan,0.0,0.0,0,0,0,0,0.01876322477952482,0,0,1,1,0.0,0.5,"4.582,13.133;4.732,13.233;4.881,13.333;5.031,13.433;5.180,13.533;5.330,13.634;5.480,13.734;5.629,13.834;5.779,13.934;5.928,14.034;6.078,14.135;6.227,14.235;6.250,14.250",6.250000000000001,14.25,2.0,6.250000000000001,14.25,2.0,6.250000000000001,14.25,2.0,5.719450617280809,0.0,0.0,0,0,2,1,,,0,1,PASS_THROUGH,-1,0.9999867143343959,0.00035494803651347866,0.005142486421047178,0.4218469022091436,0,0.999986408593959,0.0003274756114866362,0.005203401491292327,2.0075009056397857,0.40150018112795716,0,0,0,BYPASS_VISIBLE,1,0,1,1,1
1787562344544124928,1787562344562199296,joint_v2_000002_8ec8982a,680,138,0.03333333333333333,4.6,18.074512481689453,frame_id_exact,1,,4.599924564361572,13.14434814453125,1.989412546157837,0.01540970284086508,-0.005759636684254715,-0.47090202037589407,0.8820321166768944,0.5261488556861877,0.35191377997398376,-0.0033441660925745964,0.6325439484663768,-0.0003850985726464247,-0.023981561249674006,-0.9806994749791677,0.0022469114046543837,depth/000680.png,1.0,0.004352551330504889,-0.03260815473067368,-0.9994587352872433,0.6325439484663768,-0.0003850985726464247,-0.023981561249674006,0.0022469114046543837,0.9999857621368471,0.00025226687036751137,0.005330280012814628,1.9862565213986938,0.39725130427973876,0.5,0.0,0.010587453842163086,0.0017515846330895535,0.5,0.0,0.010587453842163086,0.0017515846330895535,goal_capture,TERMINAL_SETTLING,NONE,DIRECT_LOCAL,PASS_THROUGH,0,6,0,0,0,0,1,0.5,1.9862565213986938,inf,0.0,0,0,0,CLEAR,none,nan,0.0,0.0,0,0,0,0,0.0,0,0,1,1,0.0,0.5,"4.582,13.133;4.732,13.233;4.881,13.333;5.031,13.433;5.180,13.533;5.330,13.634;5.480,13.734;5.629,13.834;5.779,13.934;5.928,14.034;6.078,14.135;6.227,14.235;6.250,14.250",6.250000000000001,14.25,2.0,6.250000000000001,14.25,2.0,6.250000000000001,14.25,2.0,5.719450617280809,0.0,0.0,0,0,2,1,,,1,1,PASS_THROUGH,-1,0.9999999681798085,0.000252270454132447,0.0,0.39725130427973876,0,0.9999857621368471,0.00025226687036751137,0.005330280012814628,1.9862847386459224,0.39725694772918446,0,0,0,BYPASS_VISIBLE,1,0,1,1,1
1787562344593676800,1787562344609570304,joint_v2_000002_8ec8982a,681,139,0.03333333333333333,4.633333333333334,15.89345932006836,frame_id_exact,1,,4.617282867431641,13.155930519104004,1.9893527030944824,0.02982988861850083,-0.013926718511081631,-0.4707153629660834,0.8816707272696703,0.5137810707092285,0.34202319383621216,-9.736903302837163e-05,0.6158697400444336,-0.0017277958193275104,-0.04064900049179067,-0.9806655994468998,0.002353796735405922,depth/000681.png,1.0,0.003525213620300272,-0.0657113199030343,-0.9978324485130419,0.6158697400444336,-0.0017277958193275104,-0.04064900049179067,0.002353796735405922,0.9999852976523984,0.00023899926422340018,0.005417320222736973,1.9653888327784612,0.39307776655569227,0.5,0.0,0.010647296905517578,0.0015766176514472874,0.5,0.0,0.010647296905517578,0.0015766176514472874,goal_capture,TERMINAL_SETTLING,NONE,DIRECT_LOCAL,PASS_THROUGH,0,6,0,0,0,0,1,0.5,1.9653888327784614,inf,0.0,0,0,0,CLEAR,none,nan,0.0,0.0,0,0,0,0,0.0,0,0,1,1,0.0,0.5,"4.582,13.133;4.732,13.233;4.881,13.333;5.031,13.433;5.180,13.533;5.330,13.634;5.480,13.734;5.629,13.834;5.779,13.934;5.928,14.034;6.078,14.135;6.227,14.235;6.250,14.250",6.250000000000001,14.25,2.0,6.250000000000001,14.25,2.0,6.250000000000001,14.25,2.0,5.719450617280809,0.0,0.0,0,0,2,1,,,0,1,PASS_THROUGH,-1,0.9999857621368471,0.00025226687036751137,0.005330280012814628,0.39725130427973876,0,0.9999852976523984,0.00023899926422340018,0.005417320222736973,1.9654176728984802,0.393083534579696,0,0,0,BYPASS_VISIBLE,1,0,1,1,1
1787562344636890368,1787562344653845248,joint_v2_000002_8ec8982a,682,140,0.03333333333333333,4.666666666666667,16.954898834228516,frame_id_exact,1,,4.63407039642334,13.167082786560059,1.9894119501113892,0.04336015599019789,-0.022063417529063666,-0.4704266824554688,0.8810969520508998,0.49201327562332153,0.3263183832168579,0.0035719394218176603,0.5879383591797834,-0.002624332803378597,-0.053806208270133264,-0.9807194456804909,0.0024465611204504967,depth/000682.png,1.0,0.0019155287930720521,-0.09716744319048437,-0.9952662049588878,0.5879383591797834,-0.002624332803378597,-0.053806208270133264,0.0024465611204504967,0.9999851309649496,0.0003342301561399367,0.005442989915069838,1.9452347351617882,0.38904694703235765,0.5666666666,0.0,0.01058804988861084,-0.0014600266497460934,0.5666666666,0.0,0.01058804988861084,-0.0014600266497460934,goal_capture,TERMINAL_SETTLING,NONE,DIRECT_LOCAL,PASS_THROUGH,0,6,0,0,0,0,1,0.5666666666,1.9452347351617882,inf,0.0,0,0,0,CLEAR,none,nan,0.0,0.0,0,0,0,0,0.019150261365620605,0,0,1,1,0.0,0.6,"4.634,13.167;4.692,13.205;4.766,13.255;4.856,13.315;4.964,13.387;5.087,13.470;5.228,13.564;5.384,13.670;5.558,13.786;5.718,13.894;5.859,13.988;5.982,14.070;6.084,14.139;6.167,14.194;6.228,14.235;6.250,14.250",6.250000000000001,14.25,2.0,6.250000000000001,14.25,2.0,6.250000000000001,14.25,2.0,5.719450617280809,0.0,0.0,0,0,2,1,,,0,1,PASS_THROUGH,-1,0.9999857621368471,0.00025226687036751137,0.005330280012814628,0.39725130427973876,0,0.9999851309649496,0.0003342301561399367,0.005442989915069838,1.945263550699595,0.389052710139919,0,0,0,BYPASS_VISIBLE,1,0,1,1,1
1787562344691231744,1787562344708560128,joint_v2_000002_8ec8982a,683,141,0.03333333333333333,4.7,17.328500747680664,frame_id_exact,1,,4.649997711181641,13.17763614654541,1.9895802736282349,0.05022754008713536,-0.026874918173067,-0.4702353087264217,0.8807006798095213,0.46275779604911804,0.306333988904953,0.006370014976710081,0.5520795259444932,-0.0028835854796996187,-0.056795683120686516,-0.9808541321269352,0.0025088402908295393,depth/000683.png,1.0,-9.999177080508709e-05,-0.11374592828801916,-0.9935098659799724,0.5520795259444932,-0.0028835854796996187,-0.056795683120686516,0.0025088402908295393,0.9999852324112735,0.0005208189902584479,0.005409593972822063,1.9261286453453643,0.3852257290690729,0.6,0.0,0.010419726371765137,-0.0007685470011323248,0.6,0.0,0.010419726371765137,-0.0007685470011323248,goal_capture,TERMINAL_SETTLING,NONE,DIRECT_LOCAL,PASS_THROUGH,0,6,0,0,0,0,1,0.6,1.9261286453453643,inf,0.0,0,0,0,CLEAR,none,nan,0.0,0.0,0,0,0,0,0.0,0,0,1,1,0.0,0.6,"4.634,13.167;4.692,13.205;4.766,13.255;4.856,13.315;4.964,13.387;5.087,13.470;5.228,13.564;5.384,13.670;5.558,13.786;5.718,13.894;5.859,13.988;5.982,14.070;6.084,14.139;6.167,14.194;6.228,14.235;6.250,14.250",6.250000000000001,14.25,2.0,6.250000000000001,14.25,2.0,6.250000000000001,14.25,2.0,5.719450617280809,0.0,0.0,0,0,2,1,,,0,1,PASS_THROUGH,-1,0.9999857621368471,0.00025226687036751137,0.005330280012814628,0.39725130427973876,0,0.9999852324112735,0.0005208189902584479,0.005409593972822063,1.9261568287960436,0.3852313657592087,0,0,0,BYPASS_VISIBLE,1,0,1,1,1
1787562344740568320,1787562344759573760,joint_v2_000002_8ec8982a,684,142,0.03333333333333333,4.733333333333333,19.005298614501953,frame_id_exact,1,,4.664904594421387,13.187503814697266,1.989845633506775,0.044113009972676795,-0.02471653695258196,-0.4704123616317375,0.880996790673084,0.43205198645591736,0.2861885726451874,0.009723516181111336,0.5165665633909882,-0.0024929977645901033,-0.04266304523458473,-0.9809855594610009,0.0025225828867405653,depth/000684.png,1.0,-0.00204776906369223,-0.10098076946416039,-0.9948862703044443,0.5165665633909882,-0.0024929977645901033,-0.04266304523458473,0.0025225828867405653,0.9999855930554654,0.0007059261474599176,0.005321216945709038,1.9082519719809787,0.38165039439619575,0.6,0.0,0.010154366493225098,0.0007160942335623921,0.6,0.0,0.010154366493225098,0.0007160942335623921,goal_capture,TERMINAL_SETTLING,NONE,DIRECT_LOCAL,PASS_THROUGH,0,6,0,0,0,0,1,0.6,1.9082519719809787,inf,0.0,0,0,0,CLEAR,none,nan,0.0,0.0,0,0,0,0,0.0,0,0,1,1,0.0,0.6,"4.634,13.167;4.692,13.205;4.766,13.255;4.856,13.315;4.964,13.387;5.087,13.470;5.228,13.564;5.384,13.670;5.558,13.786;5.718,13.894;5.859,13.988;5.982,14.070;6.084,14.139;6.167,14.194;6.228,14.235;6.250,14.250",6.250000000000001,14.25,2.0,6.250000000000001,14.25,2.0,6.250000000000001,14.25,2.0,5.719450617280809,0.0,0.0,0,0,2,1,,,0,1,PASS_THROUGH,-1,0.9999857621368471,0.00025226687036751137,0.005330280012814628,0.39725130427973876,0,0.9999855930554654,0.0007059261474599176,0.005321216945709038,1.9082789889657572,0.38165579779315145,0,0,0,BYPASS_VISIBLE,1,0,1,1,1
1787562344792586752,1787562344809181184,joint_v2_000002_8ec8982a,685,143,0.03333333333333333,4.766666666666667,16.594409942626953,frame_id_exact,1,,4.6788835525512695,13.19677734375,1.9902256727218628,0.024989854514247265,-0.015328914378973008,-0.47082972609587975,0.881736865839122,0.408573180437088,0.27157846093177795,0.01296481117606163,0.49051397761384513,-0.0015824937462762126,-0.015764644695290955,-0.9810235569382645,0.0024607889354228973,depth/000685.png,1.0,-0.0035002051302259786,-0.05850356911113415,-0.9982810631106377,0.49051397761384513,-0.0015824937462762126,-0.015764644695290955,0.0024607889354228973,0.9999863392275113,0.0007863569581313713,0.0051674946632785925,1.8914768978452334,0.3782953795690467,0.6,0.0,0.009774327278137207,0.0002753776135730468,0.6,0.0,0.009774327278137207,0.0002753776135730468,goal_capture,TERMINAL_SETTLING,NONE,DIRECT_LOCAL,PASS_THROUGH,0,6,0,0,0,0,1,0.6,1.8914768978452334,inf,0.0,0,0,0,CLEAR,none,nan,0.0,0.0,0,0,0,0,0.04505554109823741,0,0,1,1,0.0,0.6,"4.679,13.197;4.728,13.229;4.794,13.273;4.876,13.328;4.975,13.395;5.091,13.472;5.223,13.561;5.371,13.661;5.536,13.772;5.699,13.881;5.842,13.977;5.967,14.060;6.072,14.131;6.157,14.188;6.221,14.231;6.250,14.250",6.250000000000001,14.25,2.0,6.250000000000001,14.25,2.0,6.250000000000001,14.25,2.0,5.719450617280809,0.0,0.0,0,0,2,1,,,0,1,PASS_THROUGH,-1,0.9999857621368471,0.00025226687036751137,0.005330280012814628,0.39725130427973876,0,0.9999863392275113,0.0007863569581313713,0.0051674946632785925,1.8915021524058513,0.37830043048117024,0,0,0,BYPASS_VISIBLE,1,0,1,1,1
1787562344838322176,1787562344855257600,joint_v2_000002_8ec8982a,686,144,0.03333333333333333,4.8,16.935348510742188,frame_id_exact,1,,4.692302703857422,13.205720901489258,1.9906909465789795,-0.001923917544939078,-0.0013243521417520036,-0.47105337641552225,0.8821016161419393,0.3993021249771118,0.2669062614440918,0.014616371132433414,0.480260198400681,-0.0003512567016760472,0.015645963225318214,-0.9809675809858855,0.0022753002122044563,depth/000686.png,1.0,-0.004148962040138192,0.0021465004555583666,-0.9999890892653698,0.480260198400681,-0.0003512567016760472,0.015645963225318214,0.0022753002122044563,0.9999873961934038,0.0007534945260412803,0.0049638392737757575,1.8753505544287739,0.37507011088575476,0.6,0.0,0.009309053421020508,0.00027433252467734537,0.6,0.0,0.009309053421020508,0.00027433252467734537,goal_capture,TERMINAL_SETTLING,NONE,DIRECT_LOCAL,PASS_THROUGH,0,6,0,0,0,0,1,0.6,1.8753505544287739,inf,0.0,0,0,0,CLEAR,none,nan,0.0,0.0,0,0,0,0,0.0,0,0,1,1,0.0,0.6,"4.679,13.197;4.728,13.229;4.794,13.273;4.876,13.328;4.975,13.395;5.091,13.472;5.223,13.561;5.371,13.661;5.536,13.772;5.699,13.881;5.842,13.977;5.967,14.060;6.072,14.131;6.157,14.188;6.221,14.231;6.250,14.250",6.250000000000001,14.25,2.0,6.250000000000001,14.25,2.0,6.250000000000001,14.25,2.0,5.719450617280809,0.0,0.0,0,0,2,1,,,1,1,PASS_THROUGH,-1,0.9999997161159646,0.000753503809152562,0.0,0.37507011088575476,0,0.9999873961934038,0.0007534945260412803,0.0049638392737757575,1.875373658893583,0.3750747317787166,0,0,0,BYPASS_VISIBLE,1,0,1,1,1
1787562344887578624,1787562344904983296,joint_v2_000002_8ec8982a,687,145,0.03333333333333333,4.833333333333333,17.404556274414062,frame_id_exact,1,,4.7056965827941895,13.214699745178223,1.9911611080169678,-0.029821651451369943,0.013738364257115542,-0.4708294688040685,0.8816130317536887,0.40718385577201843,0.27378353476524353,0.012889225035905838,0.4887689483747148,0.0009630970448680995,0.04501373102402122,-0.9809108261899007,0.0020312159322202206,depth/000687.png,1.0,-0.0038579826953128865,0.06551916658671711,-0.9978438529045036,0.4887689483747148,0.0009630970448680995,0.04501373102402122,0.0020312159322202206,0.9999884567394314,0.0006969210603842815,0.004754018187391059,1.8592255543713847,0.37184511087427696,0.6,0.0,0.008838891983032227,0.0005879924870091924,0.6,0.0,0.008838891983032227,0.0005879924870091924,goal_capture,TERMINAL_SETTLING,NONE,DIRECT_LOCAL,PASS_THROUGH,0,6,0,0,0,0,1,0.6,1.859225554371385,inf,0.0,0,0,0,CLEAR,none,nan,0.0,0.0,0,0,0,0,0.0,0,0,1,1,0.0,0.6,"4.679,13.197;4.728,13.229;4.794,13.273;4.876,13.328;4.975,13.395;5.091,13.472;5.223,13.561;5.371,13.661;5.536,13.772;5.699,13.881;5.842,13.977;5.967,14.060;6.072,14.131;6.157,14.188;6.221,14.231;6.250,14.250",6.250000000000001,14.25,2.0,6.250000000000001,14.25,2.0,6.250000000000001,14.25,2.0,5.719450617280809,0.0,0.0,0,0,2,1,,,0,1,PASS_THROUGH,-1,0.9999873961934038,0.0007534945260412803,0.0049638392737757575,0.37507011088575476,0,0.9999884567394314,0.0006969210603842815,0.004754018187391059,1.8592465646167189,0.3718493129233438,0,0,0,BYPASS_VISIBLE,1,0,1,1,1
1787562344932036864,1787562344950198784,joint_v2_000002_8ec8982a,688,146,0.03333333333333333,4.866666666666666,18.162012100219727,frame_id_exact,1,,4.719624042510986,13.224085807800293,1.9914907217025757,-0.05199912318300556,0.026241630752943095,-0.4703174776129008,0.8805730737738143,0.4307745397090912,0.29087820649147034,0.005988235119730234,0.5155593134479155,0.0021035967494641614,0.06638420919882047,-0.980956746068662,0.001911868224851787,depth/000688.png,1.0,-0.002696846001114271,0.11626185063795148,-0.9932149360072496,0.5155593134479155,0.0021035967494641614,0.06638420919882047,0.001911868224851787,0.9999890751570377,0.0007207053408043835,0.0046184575763104346,1.8424305959837932,0.36848611919675867,0.6,0.0,0.008509278297424316,0.0028229073529972837,0.6,0.0,0.008509278297424316,0.0028229073529972837,goal_capture,TERMINAL_SETTLING,NONE,DIRECT_LOCAL,PASS_THROUGH,0,6,0,0,0,0,1,0.6,1.8424305959837932,inf,0.0,0,0,0,CLEAR,none,nan,0.0,0.0,0,0,0,0,0.041293818279472295,0,0,1,1,0.0,0.6,"4.720,13.224;4.771,13.259;4.839,13.305;4.924,13.361;5.025,13.429;5.143,13.508;5.278,13.598;5.429,13.700;5.597,13.812;5.752,13.916;5.889,14.008;6.007,14.087;6.105,14.153;6.183,14.205;6.238,14.242;6.250,14.250",6.250000000000001,14.25,2.0,6.250000000000001,14.25,2.0,6.250000000000001,14.25,2.0,5.719450617280809,0.0,0.0,0,0,2,1,,,0,1,PASS_THROUGH,-1,0.9999873961934038,0.0007534945260412803,0.0049638392737757575,0.37507011088575476,0,0.9999890751570377,0.0007207053408043835,0.0046184575763104346,1.8424502459589889,0.3684900491917978,0,0,0,BYPASS_VISIBLE,1,0,1,1,1
1787562344992564736,1787562345010259200,joint_v2_000002_8ec8982a,689,147,0.03333333333333333,4.9,17.694473266601562,frame_id_exact,1,,4.73453426361084,13.234164237976074,1.9915010929107666,-0.0632236912418596,0.033240604371112585,-0.4699482767216243,0.8797990931418223,0.46496227383613586,0.3144834041595459,-0.006005164235830307,0.5564491114183653,0.002820455555447432,0.074042021935634,-0.9811253413677011,0.0021087091881781816,depth/000689.png,1.0,-0.0009336223318020531,0.1424910219221126,-0.9897956541735944,0.5564491114183653,0.002820455555447432,0.074042021935634,0.0021087091881781816,0.9999887874223846,0.0008514635998678314,0.00465833009210987,1.8244338008204823,0.3648867601640965,0.6,0.0,0.008498907089233398,0.0029794590567672197,0.6,0.0,0.008498907089233398,0.0029794590567672197,goal_capture,TERMINAL_SETTLING,NONE,DIRECT_LOCAL,PASS_THROUGH,0,6,0,0,0,0,1,0.6,1.8244338008204826,inf,0.0,0,0,0,CLEAR,none,nan,0.0,0.0,0,0,0,0,0.0,0,0,1,1,0.0,0.6,"4.720,13.224;4.771,13.259;4.839,13.305;4.924,13.361;5.025,13.429;5.143,13.508;5.278,13.598;5.429,13.700;5.597,13.812;5.752,13.916;5.889,14.008;6.007,14.087;6.105,14.153;6.183,14.205;6.238,14.242;6.250,14.250",6.250000000000001,14.25,2.0,6.250000000000001,14.25,2.0,6.250000000000001,14.25,2.0,5.719450617280809,0.0,0.0,0,0,2,1,,,0,1,PASS_THROUGH,-1,0.9999873961934038,0.0007534945260412803,0.0049638392737757575,0.37507011088575476,0,0.9999887874223846,0.0008514635998678314,0.00465833009210987,1.8244535962851955,0.3648907192570391,0,0,0,BYPASS_VISIBLE,1,0,1,1,1
1787562345039641344,1787562345063123968,joint_v2_000002_8ec8982a,690,148,0.03333333333333333,4.933333333333334,23.482561111450195,frame_id_exact,1,,4.750660419464111,13.245070457458496,1.9910613298416138,-0.06095333460666843,0.0331440694338906,-0.47004576744443144,0.8799108694460278,0.5025362968444824,0.3396270275115967,-0.02040562778711319,0.6035175096578637,0.0029212815898700356,0.06374730392854243,-0.9813303681576906,0.0025407199282199144,depth/000690.png,1.0,0.0010259400181310274,0.1384254624053458,-0.9903723233233779,0.6035175096578637,0.0029212815898700356,0.06374730392854243,0.0025407199282199144,0.999987225676654,0.0010120066478963093,0.004952204161122305,1.8049660836797499,0.36099321673595,0.6,0.0,0.00893867015838623,0.0027832431669541635,0.6,0.0,0.00893867015838623,0.0027832431669541635,goal_capture,TERMINAL_SETTLING,NONE,DIRECT_LOCAL,PASS_THROUGH,0,6,0,0,0,0,1,0.6,1.8049660836797499,inf,0.0,0,0,0,CLEAR,none,nan,0.0,0.0,0,0,0,0,0.0,0,0,1,1,0.0,0.6,"4.720,13.224;4.771,13.259;4.839,13.305;4.924,13.361;5.025,13.429;5.143,13.508;5.278,13.598;5.429,13.700;5.597,13.812;5.752,13.916;5.889,14.008;6.007,14.087;6.105,14.153;6.183,14.205;6.238,14.242;6.250,14.250",6.250000000000001,14.25,2.0,6.250000000000001,14.25,2.0,6.250000000000001,14.25,2.0,5.719450617280809,0.0,0.0,0,0,2,1,,,0,1,PASS_THROUGH,-1,0.9999873961934038,0.0007534945260412803,0.0049638392737757575,0.37507011088575476,0,0.999987225676654,0.0010120066478963093,0.004952204161122305,1.8049882168752276,0.36099764337504553,0,0,0,BYPASS_VISIBLE,1,0,1,1,1
1787562345098556672,1787562345116348160,joint_v2_000002_8ec8982a,691,149,0.03333333333333333,4.966666666666667,17.7915096282959,frame_id_exact,1,,4.767988681793213,13.256767272949219,1.9901601076126099,-0.04588543311230001,0.026067071685659856,-0.4705464489606565,0.8807957051282367,0.5358537435531616,0.3612031936645508,-0.03298099711537361,0.6460992719742875,0.0023444204381424783,0.035284022038845335,-0.9814530845150674,0.0029444436077028513,depth/000691.png,1.0,0.0027370743519691404,0.1053629208595059,-0.9944300696036626,0.6460992719742875,0.0023444204381424783,0.035284022038845335,0.0029444436077028513,0.9999841893389024,0.0010962686101260732,0.005515366474923351,1.7840596395237893,0.35681192790475785,0.6,0.0,0.009839892387390137,0.004157814935915327,0.6,0.0,0.009839892387390137,0.004157814935915327,goal_capture,TERMINAL_SETTLING,NONE,DIRECT_LOCAL,PASS_THROUGH,0,6,0,0,0,0,1,0.6,1.7840596395237893,inf,0.0,0,0,0,CLEAR,none,nan,0.0,0.0,0,0,0,0,0.06281253251737172,0,0,1,1,0.0,0.6,"4.768,13.257;4.830,13.298;4.908,13.351;5.003,13.415;5.115,13.490;5.244,13.576;5.389,13.673;5.551,13.781;5.712,13.889;5.854,13.984;5.977,14.067;6.080,14.136;6.164,14.192;6.226,14.234;6.250,14.250",6.250000000000001,14.25,2.0,6.250000000000001,14.25,2.0,6.250000000000001,14.25,2.0,5.719450617280809,0.0,0.0,0,0,2,1,,,0,1,PASS_THROUGH,-1,0.9999873961934038,0.0007534945260412803,0.0049638392737757575,0.37507011088575476,0,0.9999841893389024,0.0010962686101260732,0.005515366474923351,1.7840867750364466,0.35681735500728934,0,0,0,BYPASS_VISIBLE,1,0,1,1,1
1787562345145516544,1787562345163373568,joint_v2_000002_8ec8982a,692,150,0.03333333333333333,5.0,17.856836318969727,frame_id_exact,1,,4.786261081695557,13.269061088562012,1.9889259338378906,-0.02162453906732641,0.013718649116792617,-0.4710632979771627,0.8817275924430487,0.5581762790679932,0.37485602498054504,-0.039959248155355453,0.6735294398344871,0.0012154855423454499,-0.005581734737960149,-0.981439595623451,0.003224596381187439,depth/000692.png,1.0,0.0038191695340594675,0.05105860973254437,-0.998688355953072,0.6735294398344871,0.0012154855423454499,-0.005581734737960149,0.003224596381187439,0.9999796890917386,0.0010602443680260258,0.006284686616677824,1.7620365401807674,0.3524073080361535,0.6,0.0,0.011074066162109375,0.004006367082409756,0.6,0.0,0.011074066162109375,0.004006367082409756,goal_capture,TERMINAL_SETTLING,NONE,DIRECT_LOCAL,PASS_THROUGH,0,6,0,0,0,0,1,0.6,1.7620365401807676,inf,0.0,0,0,0,CLEAR,none,nan,0.0,0.0,0,0,0,0,0.0,0,0,1,1,0.0,0.6,"4.768,13.257;4.830,13.298;4.908,13.351;5.003,13.415;5.115,13.490;5.244,13.576;5.389,13.673;5.551,13.781;5.712,13.889;5.854,13.984;5.977,14.067;6.080,14.136;6.164,14.192;6.226,14.234;6.250,14.250",6.250000000000001,14.25,2.0,6.250000000000001,14.25,2.0,6.250000000000001,14.25,2.0,5.719450617280809,0.0,0.0,0,0,2,1,,,1,1,PASS_THROUGH,-1,0.9999994379185814,0.0010602653070337555,0.0,0.3524073080361535,0,0.9999796890917386,0.0010602443680260258,0.006284686616677824,1.7620713390420868,0.35241426780841734,0,0,0,BYPASS_VISIBLE,1,0,1,1,1
1787562345195316736,1787562345211998464,joint_v2_000002_8ec8982a,693,151,0.03333333333333333,5.033333333333333,16.681671142578125,frame_id_exact,1,,4.805026054382324,13.281636238098145,1.98757803440094,0.006291142204692019,-0.0010728367863407492,-0.4712173035669779,0.8819940608473829,0.5648461580276489,0.3777436912059784,-0.03988097235560417,0.6789829017874205,-0.0001686015274010455,-0.04810572829093075,-0.9813381328766736,0.00339469313621521,depth/000693.png,1.0,0.004036518784480504,-0.01210857863622324,-0.9999185411019804,0.6789829017874205,-0.0001686015274010455,-0.04810572829093075,0.00339469313621521,0.9999740418809836,0.0009589595970945263,0.007141145615363557,1.7394476361416087,0.3478895272283217,0.6,0.0,0.012421965599060059,0.0031678436997920056,0.6,0.0,0.012421965599060059,0.0031678436997920056,goal_capture,TERMINAL_SETTLING,NONE,DIRECT_LOCAL,PASS_THROUGH,0,6,0,0,0,0,1,0.6,1.7394476361416087,inf,0.0,0,0,0,CLEAR,none,nan,0.0,0.0,0,0,0,0,0.0,0,0,1,1,0.0,0.6,"4.768,13.257;4.830,13.298;4.908,13.351;5.003,13.415;5.115,13.490;5.244,13.576;5.389,13.673;5.551,13.781;5.712,13.889;5.854,13.984;5.977,14.067;6.080,14.136;6.164,14.192;6.226,14.234;6.250,14.250",6.250000000000001,14.25,2.0,6.250000000000001,14.25,2.0,6.250000000000001,14.25,2.0,5.719450617280809,0.0,0.0,0,0,2,1,,,0,1,PASS_THROUGH,-1,0.9999796890917386,0.0010602443680260258,0.006284686616677824,0.3524073080361535,0,0.9999740418809836,0.0009589595970945263,0.007141145615363557,1.7394919902396717,0.3478983980479343,0,0,0,BYPASS_VISIBLE,1,0,1,1,1
1787562345238878208,1787562345256522496,joint_v2_000002_8ec8982a,694,152,0.03333333333333333,5.066666666666666,17.644166946411133,frame_id_exact,1,,4.823727607727051,13.294116020202637,1.9863351583480835,0.03166727601705535,-0.01501833378326927,-0.4709421512078789,0.8814675963957661,0.5544780492782593,0.36929240822792053,-0.03409380838274956,0.6621806728078967,-0.0014378805297211616,-0.08062175100742919,-0.9812560029578687,0.003505953587591648,depth/000694.png,1.0,0.0033505610171160466,-0.06997288818921173,-0.9975432665600679,0.6621806728078967,-0.0014378805297211616,-0.08062175100742919,0.003505953587591648,0.9999679235365718,0.0009025897631301257,0.007958469053542866,1.716964507435506,0.3433929014871012,0.6,0.0,0.013664841651916504,0.0011289497054237096,0.6,0.0,0.013664841651916504,0.0011289497054237096,goal_capture,TERMINAL_SETTLING,NONE,DIRECT_LOCAL,PASS_THROUGH,0,6,0,0,0,0,1,0.6,1.7169645074355062,inf,0.0,0,0,0,CLEAR,none,nan,0.0,0.0,0,0,0,0,0.05171622888849145,0,0,1,1,0.0,0.6,"4.824,13.294;4.968,13.390;5.151,13.513;5.333,13.635;5.516,13.758;5.699,13.881;5.881,14.003;6.064,14.125;6.217,14.228;6.250,14.250",6.250000000000001,14.25,2.0,6.250000000000001,14.25,2.0,6.250000000000001,14.25,2.0,5.719450617280809,0.0,0.0,0,0,2,1,,,0,1,PASS_THROUGH,-1,0.9999796890917386,0.0010602443680260258,0.006284686616677824,0.3524073080361535,0,0.9999679235365718,0.0009025897631301257,0.007958469053542866,1.7170188839062377,0.34340377678124756,0,0,0,BYPASS_VISIBLE,1,0,1,1,1
1787562345288080896,1787562345303719424,joint_v2_000002_8ec8982a,695,153,0.03333333333333333,5.1,15.638589859008789,frame_id_exact,1,,4.8418288230896,13.306151390075684,1.9853405952453613,0.048999116158801204,-0.0250837985531608,-0.47051869940034613,0.8806713593505852,0.5296696424484253,0.35159170627593994,-0.025456540286540985,0.6290881429646151,-0.0022833384937706643,-0.09517136251774751,-0.9812705038919862,0.003579377895221114,depth/000695.png,1.0,0.0019288348746345288,-0.10990902901160436,-0.9939397793316015,0.6290881429646151,-0.0022833384937706643,-0.09517136251774751,0.003579377895221114,0.9999621480573785,0.0009641332530877656,0.008647132446287275,1.695227495629212,0.33904549912584236,0.6,0.0,0.014659404754638672,0.0014676440500105414,0.6,0.0,0.014659404754638672,0.0014676440500105414,goal_capture,TERMINAL_SETTLING,NONE,DIRECT_LOCAL,PASS_THROUGH,0,6,0,0,0,0,1,0.6,1.6952274956292117,inf,0.0,0,0,0,CLEAR,none,nan,0.0,0.0,0,0,0,0,0.0,0,0,1,1,0.0,0.6,"4.824,13.294;4.968,13.390;5.151,13.513;5.333,13.635;5.516,13.758;5.699,13.881;5.881,14.003;6.064,14.125;6.217,14.228;6.250,14.250",6.250000000000001,14.25,2.0,6.250000000000001,14.25,2.0,6.250000000000001,14.25,2.0,5.719450617280809,0.0,0.0,0,0,2,1,,,0,1,PASS_THROUGH,-1,0.9999796890917386,0.0010602443680260258,0.006284686616677824,0.3524073080361535,0,0.9999621480573785,0.0009641332530877656,0.008647132446287275,1.6952908777212983,0.33905817554425965,0,0,0,BYPASS_VISIBLE,1,0,1,1,1
1787562345334973184,1787562345351867392,joint_v2_000002_8ec8982a,696,154,0.03333333333333333,5.133333333333334,16.89434051513672,frame_id_exact,1,,4.858943939208984,13.317500114440918,1.9846445322036743,0.05468433243692672,-0.029157757445277876,-0.4703265641939555,0.8803137917698434,0.4965052306652069,0.328966349363327,-0.01643022894859314,0.5889847145679161,-0.002545554601978862,-0.08998211862235074,-0.9813684886154072,0.0036606313660740852,depth/000696.png,1.0,0.00010303634828374292,-0.12370607983358374,-0.99231889793338,0.5889847145679161,-0.002545554601978862,-0.08998211862235074,0.0036606313660740852,0.9999573354853706,0.0011230905252255115,0.009168744552566879,1.6746919122128467,0.33493838244256935,0.6,0.0,0.015355467796325684,0.0026785687485683662,0.6,0.0,0.015355467796325684,0.0026785687485683662,goal_capture,TERMINAL_SETTLING,NONE,DIRECT_LOCAL,PASS_THROUGH,0,6,0,0,0,0,1,0.6,1.6746919122128467,inf,0.0,0,0,0,CLEAR,none,nan,0.0,0.0,0,0,0,0,0.0,0,0,1,1,0.0,0.6,"4.824,13.294;4.968,13.390;5.151,13.513;5.333,13.635;5.516,13.758;5.699,13.881;5.881,14.003;6.064,14.125;6.217,14.228;6.250,14.250",6.250000000000001,14.25,2.0,6.250000000000001,14.25,2.0,6.250000000000001,14.25,2.0,5.719450617280809,0.0,0.0,0,0,2,1,,,0,1,PASS_THROUGH,-1,0.9999796890917386,0.0010602443680260258,0.006284686616677824,0.3524073080361535,0,0.9999573354853706,0.0011230905252255115,0.009168744552566879,1.674762308873222,0.3349524617746444,0,0,0,BYPASS_VISIBLE,1,0,1,1,1
1787562345382460928,1787562345399299072,joint_v2_000002_8ec8982a,697,155,0.03333333333333333,5.166666666666667,16.83831214904785,frame_id_exact,1,,4.8749237060546875,13.32808780670166,1.9842370748519897,0.04780222897932697,-0.026512555678649876,-0.47052444906229146,0.8806922130521092,0.4629003405570984,0.3068011403083801,-0.008174235001206398,0.5511260668725521,-0.0022229404878713575,-0.06874300000315413,-0.9814611499223266,0.0037821985315531492,depth/000697.png,1.0,-0.0017145677597001988,-0.1091477129651144,-0.9940240625919889,0.5511260668725521,-0.0022229404878713575,-0.06874300000315413,0.0037821985315531492,0.9999538575131113,0.0012781604035664654,0.00952098475112503,1.6555231518533753,0.33110463037067506,0.6,0.0,0.015762925148010254,0.0013658794572057875,0.6,0.0,0.015762925148010254,0.0013658794572057875,goal_capture,TERMINAL_SETTLING,NONE,DIRECT_LOCAL,PASS_THROUGH,0,6,0,0,0,0,1,0.6,1.6555231518533753,inf,0.0,0,0,0,CLEAR,none,nan,0.0,0.0,0,0,0,0,0.07323653609715253,0,0,1,1,0.0,0.6,"4.875,13.328;4.930,13.364;5.001,13.412;5.089,13.470;5.193,13.540;5.314,13.621;5.451,13.714;5.605,13.817;5.759,13.921;5.895,14.012;6.012,14.091;6.109,14.156;6.186,14.207;6.240,14.244;6.250,14.250",6.250000000000001,14.25,2.0,6.250000000000001,14.25,2.0,6.250000000000001,14.25,2.0,5.719450617280809,0.0,0.0,0,0,2,1,,,0,1,PASS_THROUGH,-1,0.9999796890917386,0.0010602443680260258,0.006284686616677824,0.3524073080361535,0,0.9999538575131113,0.0012781604035664654,0.00952098475112503,1.6555981928389978,0.3311196385677996,0,0,0,BYPASS_VISIBLE,1,0,1,1,1
1787562345429568000,1787562345445200640,joint_v2_000002_8ec8982a,698,156,0.03333333333333333,5.2,15.63262939453125,frame_id_exact,1,,4.889884948730469,13.33801555633545,1.9840861558914185,0.030211566943843485,-0.017912933938817956,-0.47093298418466983,0.881469518717138,0.43656378984451294,0.2901637554168701,-0.001054735854268074,0.5228304476267266,-0.001424356162086757,-0.037820024758159695,-0.981465067302787,0.0037868779618293047,depth/000698.png,1.0,-0.0031241637602052244,-0.0701327336179814,-0.9975327760410024,0.5228304476267266,-0.001424356162086757,-0.037820024758159695,0.0037868779618293047,0.9999518936276484,0.0013342811642166566,0.009717516362463745,1.637567885058834,0.3275135770117668,0.6,0.0,0.015913844108581543,0.0016864497023547087,0.6,0.0,0.015913844108581543,0.0016864497023547087,goal_capture,TERMINAL_SETTLING,NONE,DIRECT_LOCAL,PASS_THROUGH,0,6,0,0,0,0,1,0.6,1.637567885058834,inf,0.0,0,0,0,CLEAR,none,nan,0.0,0.0,0,0,0,0,0.0,0,0,1,1,0.0,0.6,"4.875,13.328;4.930,13.364;5.001,13.412;5.089,13.470;5.193,13.540;5.314,13.621;5.451,13.714;5.605,13.817;5.759,13.921;5.895,14.012;6.012,14.091;6.109,14.156;6.186,14.207;6.240,14.244;6.250,14.250",6.250000000000001,14.25,2.0,6.250000000000001,14.25,2.0,6.250000000000001,14.25,2.0,5.719450617280809,0.0,0.0,0,0,2,1,,,1,1,PASS_THROUGH,-1,0.9999991097624258,0.0013343441668467778,0.0,0.3275135770117668,0,0.9999518936276484,0.0013342811642166566,0.009717516362463745,1.6376452084045479,0.32752904168090957,0,0,0,BYPASS_VISIBLE,1,0,1,1,1
1787562345477443840,1787562345494194432,joint_v2_000002_8ec8982a,699,157,0.03333333333333333,5.233333333333333,16.750574111938477,frame_id_exact,1,,4.904173851013184,13.347533226013184,1.9841456413269043,0.00601615971353259,-0.005379948064668768,-0.47120406420775707,0.8819872968785972,0.42326346039772034,0.2826754152774811,0.004272907506674528,0.5089810708885926,-0.00032230082316803826,-0.0037108823735780465,-0.9813755508641994,0.003604018595069647,depth/000699.png,1.0,-0.0038204138859298294,-0.015682459673254212,-0.9998697239622455,0.5089810708885926,-0.00032230082316803826,-0.0037108823735780465,0.003604018595069647,0.9999513221779314,0.0012772257955897411,0.009783760466904667,1.6203994265139872,0.3240798853027974,0.6,0.0,0.015854358673095703,0.002503957166812565,0.6,0.0,0.015854358673095703,0.002503957166812565,goal_capture,TERMINAL_SETTLING,NONE,DIRECT_LOCAL,PASS_THROUGH,0,6,0,0,0,0,1,0.6,1.6203994265139872,inf,0.0,0,0,0,CLEAR,none,nan,0.0,0.0,0,0,0,0,0.0,0,0,1,1,0.0,0.6,"4.875,13.328;4.930,13.364;5.001,13.412;5.089,13.470;5.193,13.540;5.314,13.621;5.451,13.714;5.605,13.817;5.759,13.921;5.895,14.012;6.012,14.091;6.109,14.156;6.186,14.207;6.240,14.244;6.250,14.250",6.250000000000001,14.25,2.0,6.250000000000001,14.25,2.0,6.250000000000001,14.25,2.0,5.719450617280809,0.0,0.0,0,0,2,1,,,0,1,PASS_THROUGH,-1,0.9999518936276484,0.0013342811642166566,0.009717516362463745,0.3275135770117668,0,0.9999513221779314,0.0012772257955897411,0.009783760466904667,1.6204769859938752,0.32409539719877506,0,0,0,BYPASS_VISIBLE,1,0,1,1,1
1787562345524434688,1787562345545264128,joint_v2_000002_8ec8982a,700,158,0.03333333333333333,5.266666666666667,20.829439163208008,frame_id_exact,1,,4.918278217315674,13.356978416442871,1.9843336343765259,-0.019353870807253207,0.008268883684768184,-0.4711136151153326,0.881821418939428,0.42563924193382263,0.2857748866081238,0.006378222722560167,0.5119563068976806,0.0008702639592009202,0.027869594243780868,-0.9812657692993998,0.0033760922960937023,depth/000700.png,1.0,-0.003652386597065585,0.041924483005843456,-0.9991141064947678,0.5119563068976806,0.0008702639592009202,0.027869594243780868,0.0033760922960937023,0.999951582214503,0.0011740454206400552,0.009770099490912959,1.6034246022731486,0.3206849204546297,0.6,0.0,0.01566636562347412,0.0027428653558447813,0.6,0.0,0.01566636562347412,0.0027428653558447813,goal_capture,TERMINAL_SETTLING,NONE,DIRECT_LOCAL,PASS_THROUGH,0,6,0,0,0,0,1,0.6,1.6034246022731484,inf,0.0,0,0,0,CLEAR,none,nan,0.0,0.0,0,0,0,0,0.06727107376584773,0,0,1,1,0.0,0.6,"4.918,13.357;4.969,13.391;5.037,13.436;5.121,13.493;5.221,13.560;5.339,13.639;5.473,13.729;5.623,13.830;5.776,13.932;5.910,14.022;6.024,14.099;6.119,14.162;6.193,14.212;6.245,14.247;6.250,14.250",6.250000000000001,14.25,2.0,6.250000000000001,14.25,2.0,6.250000000000001,14.25,2.0,5.719450617280809,0.0,0.0,0,0,2,1,,,0,1,PASS_THROUGH,-1,0.9999518936276484,0.0013342811642166566,0.009717516362463745,0.3275135770117668,0,0.999951582214503,0.0011740454206400552,0.009770099490912959,1.60350113507495,0.32070022701499,0,0,0,BYPASS_VISIBLE,1,0,1,1,1
1787562345580599040,1787562345597316864,joint_v2_000002_8ec8982a,701,159,0.03333333333333333,5.3,16.717910766601562,frame_id_exact,1,,4.932714462280273,13.366695404052734,1.9845163822174072,-0.040254347925325756,0.019997036615419107,-0.4707427358722599,0.8811248394088139,0.4427075982093811,0.29846251010894775,0.0038018974009901285,0.5314186899660784,0.0019181566068796174,0.051718840925417585,-0.9812250165741733,0.003271240508183837,depth/000701.png,1.0,-0.0026591123934166863,0.08976513115377865,-0.9959594119994168,0.5314186899660784,0.0019181566068796174,0.051718840925417585,0.003271240508183837,0.9999517289670842,0.001114245566261131,0.009762079315222426,1.5860227605892403,0.31720455211784804,0.6,0.0,0.015483617782592773,0.002505585421353207,0.6,0.0,0.015483617782592773,0.002505585421353207,goal_capture,TERMINAL_SETTLING,NONE,DIRECT_LOCAL,PASS_THROUGH,0,6,0,0,0,0,1,0.6,1.58602276058924,inf,0.0,0,0,0,CLEAR,none,nan,0.0,0.0,0,0,0,0,0.0,0,0,1,1,0.0,0.6,"4.918,13.357;4.969,13.391;5.037,13.436;5.121,13.493;5.221,13.560;5.339,13.639;5.473,13.729;5.623,13.830;5.776,13.932;5.910,14.022;6.024,14.099;6.119,14.162;6.193,14.212;6.245,14.247;6.250,14.250",6.250000000000001,14.25,2.0,6.250000000000001,14.25,2.0,6.250000000000001,14.25,2.0,5.719450617280809,0.0,0.0,0,0,2,1,,,0,1,PASS_THROUGH,-1,0.9999518936276484,0.0013342811642166566,0.009717516362463745,0.3275135770117668,0,0.9999517289670842,0.001114245566261131,0.009762079315222426,1.5860983385423337,0.31721966770846677,0,0,0,BYPASS_VISIBLE,1,0,1,1,1
1787562345624493056,1787562345644417024,joint_v2_000002_8ec8982a,702,160,0.03333333333333333,5.333333333333333,19.923925399780273,frame_id_exact,1,,4.947909832000732,13.376949310302734,1.9845315217971802,-0.05204353081350202,0.02719716265032378,-0.4704069419972273,0.880493665034027,0.47026681900024414,0.31765052676200867,-0.003541795304045081,0.5639925672790975,0.002591265128502142,0.06301548950640824,-0.9812841982968001,0.0033458706457167864,depth/000702.png,1.0,-0.0010694175204156373,0.11723546660126347,-0.9931035704884718,0.5639925672790975,0.002591265128502142,0.06301548950640824,0.0033458706457167864,0.9999506754059811,0.001139165468032371,0.00986656258069337,1.5676913957731715,0.3135382791546343,0.6,0.0,0.015468478202819824,0.002447885427986629,0.6,0.0,0.015468478202819824,0.002447885427986629,goal_capture,TERMINAL_SETTLING,NONE,DIRECT_LOCAL,PASS_THROUGH,0,6,0,0,0,0,1,0.6,1.5676913957731713,inf,0.0,0,0,0,CLEAR,none,nan,0.0,0.0,0,0,0,0,0.0,0,0,1,1,0.0,0.6,"4.918,13.357;4.969,13.391;5.037,13.436;5.121,13.493;5.221,13.560;5.339,13.639;5.473,13.729;5.623,13.830;5.776,13.932;5.910,14.022;6.024,14.099;6.119,14.162;6.193,14.212;6.245,14.247;6.250,14.250",6.250000000000001,14.25,2.0,6.250000000000001,14.25,2.0,6.250000000000001,14.25,2.0,5.719450617280809,0.0,0.0,0,0,2,1,,,0,1,PASS_THROUGH,-1,0.9999518936276484,0.0013342811642166566,0.009717516362463745,0.3275135770117668,0,0.9999506754059811,0.001139165468032371,0.00986656258069337,1.5677677079845551,0.313553541596911,0,0,0,BYPASS_VISIBLE,1,0,1,1,1
1787562345679600128,1787562345695414272,joint_v2_000002_8ec8982a,703,161,0.03333333333333333,5.366666666666666,15.814065933227539,frame_id_exact,1,,4.964113712310791,13.387894630432129,1.9842476844787598,-0.052194776052505956,0.028310132912267694,-0.47038747557702104,0.8804600300681433,0.5020824670791626,0.33901557326316833,-0.013659931719303131,0.6031620979772905,0.002711524697282775,0.058250215409718184,-0.9813889698226025,0.003523024497553706,depth/000703.png,1.0,0.0007483430590442333,0.11854429209288188,-0.9929484834546369,0.6031620979772905,0.002711524697282775,0.058250215409718184,0.003523024497553706,0.9999475177418626,0.0012006732366083906,0.010174485031996994,1.5481373366419702,0.309627467328394,0.6,0.0,0.015752315521240234,0.003749553780903747,0.6,0.0,0.015752315521240234,0.003749553780903747,goal_capture,TERMINAL_SETTLING,NONE,DIRECT_LOCAL,PASS_THROUGH,0,6,0,0,0,0,1,0.6,1.5481373366419702,inf,0.0,0,0,0,CLEAR,none,nan,0.0,0.0,0,0,0,0,0.06879708659704209,0,0,1,1,0.0,0.6,"4.964,13.388;5.098,13.478;5.280,13.601;5.463,13.723;5.646,13.845;5.829,13.968;6.012,14.090;6.181,14.204;6.250,14.250",6.250000000000001,14.25,2.0,6.250000000000001,14.25,2.0,6.250000000000001,14.25,2.0,5.719450617280809,0.0,0.0,0,0,2,1,,,0,1,PASS_THROUGH,-1,0.9999518936276484,0.0013342811642166566,0.009717516362463745,0.3275135770117668,0,0.9999475177418626,0.0012006732366083906,0.010174485031996994,1.5482174745652413,0.30964349491304827,0,0,0,BYPASS_VISIBLE,1,0,1,1,1
1787562345726392576,1787562345742237184,joint_v2_000002_8ec8982a,704,162,0.03333333333333333,5.4,15.844583511352539,frame_id_exact,1,,4.981353282928467,13.399524688720703,1.9836270809173584,-0.040904860459495665,0.023202324621983732,-0.47069283191009376,0.8810429629203003,0.5313194394111633,0.3579781651496887,-0.023141590878367424,0.6400007632579905,0.002214141965597724,0.03712636870282697,-0.981445608867744,0.0037223398685455322,depth/000704.png,1.0,0.0023772404460479027,0.09392021468058863,-0.9955768890458505,0.6400007632579905,0.002214141965597724,0.03712636870282697,0.0037223398685455322,0.9999418050694062,0.0012181398216507132,0.010719263496749266,1.5273417259513333,0.30546834519026667,0.6,0.0,0.0163729190826416,0.003659807368155965,0.6,0.0,0.0163729190826416,0.003659807368155965,goal_capture,TERMINAL_SETTLING,NONE,DIRECT_LOCAL,PASS_THROUGH,0,6,0,0,0,0,1,0.6,1.5273417259513333,inf,0.0,0,0,0,CLEAR,none,nan,0.0,0.0,0,0,0,0,0.0,0,0,1,1,0.0,0.6,"4.964,13.388;5.098,13.478;5.280,13.601;5.463,13.723;5.646,13.845;5.829,13.968;6.012,14.090;6.181,14.204;6.250,14.250",6.250000000000001,14.25,2.0,6.250000000000001,14.25,2.0,6.250000000000001,14.25,2.0,5.719450617280809,0.0,0.0,0,0,2,1,,,1,1,PASS_THROUGH,-1,0.9999992579821525,0.0012182098114047303,0.0,0.30546834519026667,0,0.9999418050694062,0.0012181398216507132,0.010719263496749266,1.527429481289164,0.3054858962578328,0,0,0,BYPASS_VISIBLE,1,0,1,1,1
1787562345774391808,1787562345790941440,joint_v2_000002_8ec8982a,705,163,0.03333333333333333,5.433333333333334,16.54958724975586,frame_id_exact,1,,4.999435901641846,13.411689758300781,1.9827492237091064,-0.020963690898117532,0.013155839213179723,-0.47106144349757234,0.8817531196477326,0.5518059134483337,0.37054190039634705,-0.02870682068169117,0.6652793521404538,0.0011971668048167683,0.004134976028553582,-0.9813998991041315,0.003844573860988021,depth/000705.png,1.0,0.0034500315446020606,0.049364016917856635,-0.9987748951170503,0.6652793521404538,0.0011971668048167683,0.004134976028553582,0.003844573860988021,0.9999337020996966,0.001148786882237038,0.011457385997447792,1.5055479485689416,0.3011095897137883,0.6,0.0,0.017250776290893555,0.002911278705697573,0.6,0.0,0.017250776290893555,0.002911278705697573,goal_capture,TERMINAL_SETTLING,NONE,DIRECT_LOCAL,PASS_THROUGH,0,6,0,0,0,0,1,0.6,1.5055479485689416,inf,0.0,0,0,0,CLEAR,none,nan,0.0,0.0,0,0,0,0,0.0,0,0,1,1,0.0,0.6,"4.964,13.388;5.098,13.478;5.280,13.601;5.463,13.723;5.646,13.845;5.829,13.968;6.012,14.090;6.181,14.204;6.250,14.250",6.250000000000001,14.25,2.0,6.250000000000001,14.25,2.0,6.250000000000001,14.25,2.0,5.719450617280809,0.0,0.0,0,0,2,1,,,0,1,PASS_THROUGH,-1,0.9999418050694062,0.0012181398216507132,0.010719263496749266,0.30546834519026667,0,0.9999337020996966,0.001148786882237038,0.011457385997447792,1.5056467762137262,0.30112935524274526,0,0,0,BYPASS_VISIBLE,1,0,1,1,1
1787562345819237888,1787562345834908416,joint_v2_000002_8ec8982a,706,164,0.03333333333333333,5.466666666666667,15.670537948608398,frame_id_exact,1,,5.017991065979004,13.424126625061035,1.981777548789978,0.0029904357808485447,0.0005169537481760436,-0.47119305925868615,0.8820248811451428,0.5591320991516113,0.37400534749031067,-0.028745483607053757,0.6725423236838016,-8.36818446447918e-05,-0.03196596521583747,-0.9812818275935504,0.00381982559338212,depth/000706.png,1.0,0.0037300773047743495,-0.004788107492153611,-0.9999815801053258,0.6725423236838016,-8.36818446447918e-05,-0.03196596521583747,0.00381982559338212,0.9999240057918676,0.0010315572448772925,0.012284890345288513,1.4832103171636277,0.29664206343272553,0.6,0.0,0.018222451210021973,0.0024309271120120934,0.6,0.0,0.018222451210021973,0.0024309271120120934,goal_capture,TERMINAL_SETTLING,NONE,DIRECT_LOCAL,PASS_THROUGH,0,6,0,0,0,0,1,0.6,1.4832103171636277,inf,0.0,0,0,0,CLEAR,none,nan,0.0,0.0,0,0,0,0,0.05910834738214124,0,0,1,1,0.0,0.6,"5.018,13.424;5.082,13.467;5.163,13.521;5.254,13.582;5.346,13.644;5.437,13.705;5.528,13.766;5.620,13.828;5.711,13.889;5.803,13.950;5.894,14.011;5.985,14.073;6.077,14.134;6.161,14.190;6.224,14.232;6.250,14.250",6.250000000000001,14.25,2.0,6.250000000000001,14.25,2.0,6.250000000000001,14.25,2.0,5.719450617280809,0.0,0.0,0,0,2,1,,,0,1,PASS_THROUGH,-1,0.9999418050694062,0.0012181398216507132,0.010719263496749266,0.30546834519026667,0,0.9999240057918676,0.0010315572448772925,0.012284890345288513,1.4833222517945084,0.29666445035890165,0,0,0,BYPASS_VISIBLE,1,0,1,1,1
1787562345867337984,1787562345882954752,joint_v2_000002_8ec8982a,707,165,0.03333333333333333,5.5,15.616893768310547,frame_id_exact,1,,5.0365447998046875,13.436511993408203,1.9808907508850098,0.025554748591295667,-0.011857924611110448,-0.4709974914258138,0.8816845850523549,0.5516723990440369,0.36760440468788147,-0.02390139177441597,0.660535530017059,-0.0012944879611127749,-0.06113794752598768,-0.9811774567962827,0.003711260622367263,depth/000707.png,1.0,0.003162546280377175,-0.05623256130636642,-0.9984126888967058,0.660535530017059,-0.0012944879611127749,-0.06113794752598768,0.003711260622367263,0.9999140042513689,0.0009567881505321969,0.01307932178779967,1.4609025497101933,0.29218050994203865,0.6,0.0,0.019109249114990234,0.0023514503016774935,0.6,0.0,0.019109249114990234,0.0023514503016774935,goal_capture,TERMINAL_SETTLING,NONE,DIRECT_LOCAL,PASS_THROUGH,0,6,0,0,0,0,1,0.6,1.4609025497101933,inf,0.0,0,0,0,CLEAR,none,nan,0.0,0.0,0,0,0,0,0.0,0,0,1,1,0.0,0.6,"5.018,13.424;5.082,13.467;5.163,13.521;5.254,13.582;5.346,13.644;5.437,13.705;5.528,13.766;5.620,13.828;5.711,13.889;5.803,13.950;5.894,14.011;5.985,14.073;6.077,14.134;6.161,14.190;6.224,14.232;6.250,14.250",6.250000000000001,14.25,2.0,6.250000000000001,14.25,2.0,6.250000000000001,14.25,2.0,5.719450617280809,0.0,0.0,0,0,2,1,,,0,1,PASS_THROUGH,-1,0.9999418050694062,0.0012181398216507132,0.010719263496749266,0.30546834519026667,0,0.9999140042513689,0.0009567881505321969,0.01307932178779967,1.4610275230643268,0.2922055046128654,0,0,0,BYPASS_VISIBLE,1,0,1,1,1
1787562345911505408,1787562345929272576,joint_v2_000002_8ec8982a,708,166,0.03333333333333333,5.533333333333333,17.76719093322754,frame_id_exact,1,,5.054622650146484,13.448539733886719,1.9802184104919434,0.04175201171820283,-0.021233382120934792,-0.4706569726357764,0.8810720328727474,0.531214714050293,0.3528633415699005,-0.016275595873594284,0.6334084104266592,-0.0021408751709959014,-0.07586637939645278,-0.9811545757444867,0.003650426398962736,depth/000708.png,1.0,0.0018854725733738753,-0.09356033837788305,-0.9956118260023789,0.6334084104266592,-0.0021408751709959014,-0.07586637939645278,0.003650426398962736,0.9999050646816118,0.0009866849876329215,0.013743655874502185,1.4391892046222374,0.2878378409244475,0.6,0.0,0.01978158950805664,0.002670697818824286,0.6,0.0,0.01978158950805664,0.002670697818824286,goal_capture,TERMINAL_SETTLING,NONE,DIRECT_LOCAL,PASS_THROUGH,0,6,0,0,0,0,1,0.6,1.4391892046222374,inf,0.0,0,0,0,CLEAR,none,nan,0.0,0.0,0,0,0,0,0.0,0,0,1,1,0.0,0.6,"5.018,13.424;5.082,13.467;5.163,13.521;5.254,13.582;5.346,13.644;5.437,13.705;5.528,13.766;5.620,13.828;5.711,13.889;5.803,13.950;5.894,14.011;5.985,14.073;6.077,14.134;6.161,14.190;6.224,14.232;6.250,14.250",6.250000000000001,14.25,2.0,6.250000000000001,14.25,2.0,6.250000000000001,14.25,2.0,5.719450617280809,0.0,0.0,0,0,2,1,,,0,1,PASS_THROUGH,-1,0.9999418050694062,0.0012181398216507132,0.010719263496749266,0.30546834519026667,0,0.9999050646816118,0.0009866849876329215,0.013743655874502185,1.4393251467214256,0.28786502934428515,0,0,0,BYPASS_VISIBLE,1,0,1,1,1
1787562345965427456,1787562345981175040,joint_v2_000002_8ec8982a,709,167,0.03333333333333333,5.566666666666666,15.747547149658203,frame_id_exact,1,,5.0718674659729,13.459982872009277,1.9798156023025513,0.04812667695790367,-0.02559672318936921,-0.4704626276714099,0.8807346630464075,0.5026646256446838,0.33331066370010376,-0.007972350344061852,0.5986745904144902,-0.0024552910082144062,-0.07357981461535243,-0.9812073282453654,0.003709192620590329,depth/000709.png,1.0,0.00019576305885440903,-0.10885826853102189,-0.9940572614539128,0.5986745904144902,-0.0024552910082144062,-0.07357981461535243,0.003709192620590329,0.9998981615029612,0.001109057304202721,0.014228022170846745,1.4184933310565215,0.2836986662113043,0.6,0.0,0.02018439769744873,0.0020561464066304325,0.6,0.0,0.02018439769744873,0.0020561464066304325,goal_capture,TERMINAL_SETTLING,NONE,DIRECT_LOCAL,PASS_THROUGH,0,6,0,0,0,0,1,0.6,1.4184933310565215,inf,0.0,0,0,0,CLEAR,none,nan,0.0,0.0,0,0,0,0,0.06355074862307761,0,0,1,1,0.0,0.6,"5.072,13.460;5.130,13.499;5.206,13.549;5.297,13.610;5.389,13.671;5.480,13.733;5.571,13.794;5.662,13.856;5.753,13.917;5.845,13.978;5.936,14.040;6.028,14.101;6.119,14.162;6.193,14.212;6.245,14.247;6.250,14.250",6.250000000000001,14.25,2.0,6.250000000000001,14.25,2.0,6.250000000000001,14.25,2.0,5.719450617280809,0.0,0.0,0,0,2,1,,,0,1,PASS_THROUGH,-1,0.9999418050694062,0.0012181398216507132,0.010719263496749266,0.30546834519026667,0,0.9998981615029612,0.001109057304202721,0.014228022170846745,1.4186369303533006,0.2837273860706601,0,0,0,BYPASS_VISIBLE,1,0,1,1,1
1787562346011688704,1787562346028402944,joint_v2_000002_8ec8982a,710,168,0.03333333333333333,5.6,16.71433448791504,frame_id_exact,1,,5.088118076324463,13.470759391784668,1.9796816110610962,0.04349565196302629,-0.024097775382306633,-0.4705676277414412,0.8809617092721612,0.47276344895362854,0.3135564923286438,-0.00021857518004253507,0.5644633703826432,-0.0022140564893182685,-0.05656148666019675,-0.981265081072562,0.0037957376334816217,depth/000710.png,1.0,-0.0015231432582896443,-0.09931527378950561,-0.9950548509638704,0.5644633703826432,-0.0022140564893182685,-0.05656148666019675,0.0037957376334816217,0.9998937828022378,0.001238393890938192,0.01452203477485152,1.398994471059757,0.2797988942119514,0.6,0.0,0.02031838893890381,0.002607853735862864,0.6,0.0,0.02031838893890381,0.002607853735862864,goal_capture,TERMINAL_SETTLING,NONE,DIRECT_LOCAL,PASS_THROUGH,0,6,0,0,0,0,1,0.6,1.398994471059757,inf,0.0,0,0,0,CLEAR,none,nan,0.0,0.0,0,0,0,0,0.0,0,0,1,1,0.0,0.6,"5.072,13.460;5.130,13.499;5.206,13.549;5.297,13.610;5.389,13.671;5.480,13.733;5.571,13.794;5.662,13.856;5.753,13.917;5.845,13.978;5.936,14.040;6.028,14.101;6.119,14.162;6.193,14.212;6.245,14.247;6.250,14.250",6.250000000000001,14.25,2.0,6.250000000000001,14.25,2.0,6.250000000000001,14.25,2.0,5.719450617280809,0.0,0.0,0,0,2,1,,,1,1,PASS_THROUGH,-1,0.9999992330282451,0.0012385244937261185,0.0,0.2797988942119514,0,0.9998937828022378,0.001238393890938192,0.01452203477485152,1.3991420110141937,0.2798284022028387,0,0,0,BYPASS_VISIBLE,1,0,1,1,1
1787562346062240256,1787562346079087872,joint_v2_000002_8ec8982a,711,169,0.03333333333333333,5.633333333333334,16.847610473632812,frame_id_exact,1,,5.103446960449219,13.480936050415039,1.9797887802124023,0.029135872671897423,-0.017201220956034567,-0.4708668133073644,0.8815552524073782,0.44835779070854187,0.2981147766113281,0.0064423345029354095,0.5376234172864978,-0.0015045023871238258,-0.029957133619054922,-0.9812554680679991,0.00381226628087461,depth/000711.png,1.0,-0.0028894223273333436,-0.06756873136789524,-0.9977104378425373,0.5376234172864978,-0.0015045023871238258,-0.029957133619054922,0.00381226628087461,0.9998920259382525,0.0012913237993207349,0.014637928403370738,1.3805952451947516,0.27611904903895035,0.6,0.0,0.020211219787597656,0.0034844131082692464,0.6,0.0,0.020211219787597656,0.0034844131082692464,goal_capture,TERMINAL_SETTLING,NONE,DIRECT_LOCAL,PASS_THROUGH,0,6,0,0,0,0,1,0.6,1.3805952451947519,inf,0.0,0,0,0,CLEAR,none,nan,0.0,0.0,0,0,0,0,0.0,0,0,1,1,0.0,0.6,"5.072,13.460;5.130,13.499;5.206,13.549;5.297,13.610;5.389,13.671;5.480,13.733;5.571,13.794;5.662,13.856;5.753,13.917;5.845,13.978;5.936,14.040;6.028,14.101;6.119,14.162;6.193,14.212;6.245,14.247;6.250,14.250",6.250000000000001,14.25,2.0,6.250000000000001,14.25,2.0,6.250000000000001,14.25,2.0,5.719450617280809,0.0,0.0,0,0,2,1,,,0,1,PASS_THROUGH,-1,0.9998937828022378,0.001238393890938192,0.01452203477485152,0.2797988942119514,0,0.9998920259382525,0.0012913237993207349,0.014637928403370738,1.3807431783136426,0.2761486356627285,0,0,0,BYPASS_VISIBLE,1,0,1,1,1
1787562346106641664,1787562346125526016,joint_v2_000002_8ec8982a,712,170,0.03333333333333333,5.666666666666667,18.88418197631836,frame_id_exact,1,,5.118130683898926,13.490720748901367,1.9800912141799927,0.008405080583211027,-0.006531977396205809,-0.4710960378714782,0.8820176931294973,0.4348146915435791,0.29036611318588257,0.011389238759875298,0.5229776309483245,-0.00048563654533683776,0.0004148652406864902,-0.9811641778362251,0.0037641797680407763,depth/000712.png,1.0,-0.003603438947668519,-0.020981236914779863,-0.9997733757833703,0.5229776309483245,-0.00048563654533683776,0.0004148652406864902,0.0037641797680407763,0.9998925648646404,0.0012393910112726088,0.01460556874386908,1.362950156784912,0.2725900313569824,0.6,0.0,0.019908785820007324,0.0025946960947992315,0.6,0.0,0.019908785820007324,0.0025946960947992315,goal_capture,TERMINAL_SETTLING,NONE,DIRECT_LOCAL,PASS_THROUGH,0,6,0,0,0,0,1,0.6,1.362950156784912,inf,0.0,0,0,0,CLEAR,none,nan,0.0,0.0,0,0,0,0,0.07101946773051221,0,0,1,1,0.0,0.6,"5.118,13.491;5.170,13.525;5.238,13.571;5.323,13.628;5.425,13.696;5.543,13.775;5.678,13.866;5.824,13.964;5.951,14.050;6.059,14.122;6.147,14.181;6.214,14.226;6.250,14.250",6.250000000000001,14.25,2.0,6.250000000000001,14.25,2.0,6.250000000000001,14.25,2.0,5.719450617280809,0.0,0.0,0,0,2,1,,,0,1,PASS_THROUGH,-1,0.9998937828022378,0.001238393890938192,0.01452203477485152,0.2797988942119514,0,0.9998925648646404,0.0012393910112726088,0.01460556874386908,1.3630955541094114,0.2726191108218823,0,0,0,BYPASS_VISIBLE,1,0,1,1,1
1787562346162063872,1787562346177700352,joint_v2_000002_8ec8982a,713,171,0.03333333333333333,5.7,15.636444091796875,frame_id_exact,1,,5.13258695602417,13.500397682189941,1.9805147647857666,-0.014026357011169088,0.005501827420437811,-0.4710562787143389,0.8819744743969805,0.43488365411758423,0.2918490469455719,0.013495485298335552,0.523097311304868,0.0006395034188493448,0.029164719887806695,-0.9810444269693808,0.0036527253687381744,depth/000713.png,1.0,-0.003509464380473108,0.029925118406860407,-0.9995459824080619,0.523097311304868,0.0006395034188493448,0.029164719887806695,0.0036527253687381744,0.9998945227248777,0.0011323715883433405,0.014479680914132386,1.3455539921212913,0.2691107984242583,0.6,0.0,0.0194852352142334,0.0023536980185162593,0.6,0.0,0.0194852352142334,0.0023536980185162593,goal_capture,TERMINAL_SETTLING,NONE,DIRECT_LOCAL,PASS_THROUGH,0,6,0,0,0,0,1,0.6,1.3455539921212913,inf,0.0,0,0,0,CLEAR,none,nan,0.0,0.0,0,0,0,0,0.0,0,0,1,1,0.0,0.6,"5.118,13.491;5.170,13.525;5.238,13.571;5.323,13.628;5.425,13.696;5.543,13.775;5.678,13.866;5.824,13.964;5.951,14.050;6.059,14.122;6.147,14.181;6.214,14.226;6.250,14.250",6.250000000000001,14.25,2.0,6.250000000000001,14.25,2.0,6.250000000000001,14.25,2.0,5.719450617280809,0.0,0.0,0,0,2,1,,,0,1,PASS_THROUGH,-1,0.9998937828022378,0.001238393890938192,0.01452203477485152,0.2797988942119514,0,0.9998945227248777,0.0011323715883433405,0.014479680914132386,1.3456950695105108,0.26913901390210215,0,0,0,BYPASS_VISIBLE,1,0,1,1,1
1787562346204377856,1787562346221137664,joint_v2_000002_8ec8982a,714,172,0.03333333333333333,5.733333333333333,16.759872436523438,frame_id_exact,1,,5.147271156311035,13.510273933410645,1.9809443950653076,-0.033155329264852096,0.016214542126637727,-0.47077717710314876,0.8814798138833092,0.4481639862060547,0.30197402834892273,0.011599596589803696,0.5380781526451497,0.0016467341410248961,0.05141024103303548,-0.9809734891242257,0.003542996710166335,depth/000714.png,1.0,-0.002631961482481574,0.07371837968004051,-0.9972756255299254,0.5380781526451497,0.0016467341410248961,0.05141024103303548,0.003542996710166335,0.9998964989078054,0.0010454705600479565,0.014349162457134187,1.3278575060206435,0.2655715012041287,0.6,0.0,0.019055604934692383,0.0024561265128780763,0.6,0.0,0.019055604934692383,0.0024561265128780763,goal_capture,TERMINAL_SETTLING,NONE,DIRECT_LOCAL,PASS_THROUGH,0,6,0,0,0,0,1,0.6,1.3278575060206435,inf,0.0,0,0,0,CLEAR,none,nan,0.0,0.0,0,0,0,0,0.0,0,0,1,1,0.0,0.6,"5.118,13.491;5.170,13.525;5.238,13.571;5.323,13.628;5.425,13.696;5.543,13.775;5.678,13.866;5.824,13.964;5.951,14.050;6.059,14.122;6.147,14.181;6.214,14.226;6.250,14.250",6.250000000000001,14.25,2.0,6.250000000000001,14.25,2.0,6.250000000000001,14.25,2.0,5.719450617280809,0.0,0.0,0,0,2,1,,,0,1,PASS_THROUGH,-1,0.9998937828022378,0.001238393890938192,0.01452203477485152,0.2797988942119514,0,0.9998964989078054,0.0010454705600479565,0.014349162457134187,1.3279942290442341,0.26559884580884685,0,0,0,BYPASS_VISIBLE,1,0,1,1,1
1787562346249646336,1787562346265410560,joint_v2_000002_8ec8982a,715,173,0.03333333333333333,5.766666666666667,15.764236450195312,frame_id_exact,1,,5.162574768066406,13.520600318908691,1.981239914894104,-0.044724744485972946,0.023219492207327563,-0.4704886480483927,0.8809659383142426,0.47133564949035645,0.3182525038719177,0.005558378528803587,0.5652670374921911,0.0023178181854841278,0.0627745992959851,-0.9809865391658176,0.0035334147978574038,depth/000715.png,1.0,-0.0011738056558132856,0.10065096797789129,-0.9949211048245966,0.5652670374921911,0.0023178181854841278,0.0627745992959851,0.0035334147978574038,0.9998968598744378,0.0010201483689010842,0.014325812735916824,1.3093958644435741,0.2618791728887148,0.5333333334,0.0,0.018760085105895996,0.002440112202397038,0.5333333334,0.0,0.018760085105895996,0.002440112202397038,goal_capture,TERMINAL_SETTLING,NONE,DIRECT_LOCAL,PASS_THROUGH,0,6,0,0,0,0,1,0.5333333334,1.3093958644435741,inf,0.0,0,0,0,CLEAR,none,nan,0.0,0.0,0,0,0,0,0.0584562049149048,0,0,1,1,0.0,0.5,"5.163,13.521;5.262,13.588;5.362,13.655;5.461,13.722;5.561,13.788;5.661,13.855;5.761,13.922;5.860,13.988;5.960,14.055;6.059,14.122;6.159,14.189;6.250,14.250",6.250000000000001,14.25,2.0,6.250000000000001,14.25,2.0,6.250000000000001,14.25,2.0,5.719450617280809,0.0,0.0,0,0,2,1,,,0,1,PASS_THROUGH,-1,0.9998937828022378,0.001238393890938192,0.01452203477485152,0.2797988942119514,0,0.9998968598744378,0.0010201483689010842,0.014325812735916824,1.3095302480718478,0.2619060496143696,0,0,0,BYPASS_VISIBLE,1,0,1,1,1
1787562346300015104,1787562346316981248,joint_v2_000002_8ec8982a,716,174,0.03333333333333333,5.8,16.96610450744629,frame_id_exact,1,,5.1787428855896,13.53151798248291,1.9812772274017334,-0.045055467611955696,0.024359124571331808,-0.47045620844633834,0.8809356354596412,0.4988841712474823,0.33683866262435913,-0.0035362106282263994,0.599150187668114,0.002480434164651874,0.058061224660524026,-0.981043939443367,0.0036571654491126537,depth/000716.png,1.0,0.000524392841978541,0.10230173675714054,-0.9947532757767727,0.599150187668114,0.002480434164651874,0.058061224660524026,0.0036571654491126537,0.9998941420822841,0.0010306978971943762,0.014513520984852143,1.2898868999529873,0.25797737999059744,0.5,0.0,0.0187227725982666,0.0023196563559685357,0.5,0.0,0.0187227725982666,0.0023196563559685357,goal_capture,TERMINAL_SETTLING,NONE,DIRECT_LOCAL,PASS_THROUGH,0,6,0,0,0,0,1,0.5,1.289886899952987,inf,0.0,0,0,0,CLEAR,none,nan,0.0,0.0,0,0,0,0,0.0,0,0,1,1,0.0,0.5,"5.163,13.521;5.262,13.588;5.362,13.655;5.461,13.722;5.561,13.788;5.661,13.855;5.761,13.922;5.860,13.988;5.960,14.055;6.059,14.122;6.159,14.189;6.250,14.250",6.250000000000001,14.25,2.0,6.250000000000001,14.25,2.0,6.250000000000001,14.25,2.0,5.719450617280809,0.0,0.0,0,0,2,1,,,1,1,PASS_THROUGH,-1,0.999999468718871,0.0010308064686302813,0.0,0.25797737999059744,0,0.9998941420822841,0.0010306978971943762,0.014513520984852143,1.2900227737850576,0.2580045547570115,0,0,0,BYPASS_VISIBLE,1,0,1,1,1
1787562346351455744,1787562346368615424,joint_v2_000002_8ec8982a,717,175,0.03333333333333333,5.833333333333333,17.159700393676758,frame_id_exact,1,,5.195799350738525,13.543025016784668,1.9810153245925903,-0.030813689230933798,0.017625722161123795,-0.4707632026396842,0.8815451534179665,0.5231752395629883,0.3526075482368469,-0.011671156622469425,0.6301434863240091,0.002062417349379176,0.033099295164655915,-0.9810576421682432,0.003825445892289281,depth/000717.png,1.0,0.002063837838263971,0.07092239962772995,-0.9974797009485566,0.6301434863240091,0.002062417349379176,0.033099295164655915,0.003825445892289281,0.9998876674761704,0.001000281869814471,0.01495499465878678,1.269311874913189,0.2538623749826378,0.5,0.0,0.018984675407409668,0.0019974013552714887,0.5,0.0,0.018984675407409668,0.0019974013552714887,goal_capture,TERMINAL_SETTLING,NONE,DIRECT_LOCAL,PASS_THROUGH,0,6,0,0,0,0,1,0.5,1.269311874913189,inf,0.0,0,0,0,CLEAR,none,nan,0.0,0.0,0,0,0,0,0.0,0,0,1,1,0.0,0.5,"5.163,13.521;5.262,13.588;5.362,13.655;5.461,13.722;5.561,13.788;5.661,13.855;5.761,13.922;5.860,13.988;5.960,14.055;6.059,14.122;6.159,14.189;6.250,14.250",6.250000000000001,14.25,2.0,6.250000000000001,14.25,2.0,6.250000000000001,14.25,2.0,5.719450617280809,0.0,0.0,0,0,2,1,,,0,1,PASS_THROUGH,-1,0.9998941420822841,0.0010306978971943762,0.014513520984852143,0.25797737999059744,0,0.9998876674761704,0.001000281869814471,0.01495499465878678,1.26945384071102,0.253890768142204,0,0,0,BYPASS_VISIBLE,1,0,1,1,1
1787562346395707136,1787562346411870464,joint_v2_000002_8ec8982a,718,176,0.03333333333333333,5.866666666666666,16.163349151611328,frame_id_exact,1,,5.213491916656494,13.554932594299316,1.9805408716201782,-0.0046769592928600535,0.004255424803248722,-0.4710390250225713,0.8820897087696367,0.5358113050460815,0.36005502939224243,-0.01604822278022766,0.6456960671086819,0.0011466665257887088,-0.008136236015300913,-0.980976944397787,0.0038643989246338606,depth/000718.png,1.0,0.003101272160019399,0.01225993762189103,-0.9999200348230336,0.6456960671086819,0.0011466665257887088,-0.008136236015300913,0.0038643989246338606,0.9998780629177046,0.0008913224560081885,0.015590536880367713,1.2479854587710182,0.24959709175420364,0.5666666666,0.0,0.019459128379821777,0.0021867248136761552,0.5666666666,0.0,0.019459128379821777,0.0021867248136761552,goal_capture,TERMINAL_SETTLING,NONE,DIRECT_LOCAL,PASS_THROUGH,0,6,0,0,0,0,1,0.5666666666,1.2479854587710182,inf,0.0,0,0,0,CLEAR,none,nan,0.0,0.0,0,0,0,0,0.051075229351634666,0,0,1,1,0.0,0.6,"5.213,13.555;5.275,13.597;5.354,13.649;5.445,13.711;5.537,13.772;5.628,13.833;5.719,13.894;5.811,13.955;5.902,14.017;5.993,14.078;6.085,14.139;6.167,14.194;6.228,14.235;6.250,14.250",6.250000000000001,14.25,2.0,6.250000000000001,14.25,2.0,6.250000000000001,14.25,2.0,5.719450617280809,0.0,0.0,0,0,2,1,,,0,1,PASS_THROUGH,-1,0.9998941420822841,0.0010306978971943762,0.014513520984852143,0.25797737999059744,0,0.9998780629177046,0.0008913224560081885,0.015590536880367713,1.2481371571190447,0.24962743142380894,0,0,0,BYPASS_VISIBLE,1,0,1,1,1
1787562346443503360,1787562346459211520,joint_v2_000002_8ec8982a,719,177,0.03333333333333333,5.9,15.708208084106445,frame_id_exact,1,,5.231326103210449,13.566895484924316,1.9799805879592896,0.024719910394500146,-0.011264266037937573,-0.47086677799114757,0.8817859829487821,0.5312274694442749,0.35568767786026,-0.017074119299650192,0.6374439484797806,-2.4423128556460073e-05,-0.05170189526186093,-0.980847584724686,0.0037446480710059404,depth/000719.png,1.0,0.00341422531845759,-0.0542032782826778,-0.998524084681429,0.6374439484797806,-2.4423128556460073e-05,-0.05170189526186093,0.0037446480710059404,0.9998665301861109,0.0007595716637292107,0.016320075504561108,1.2265106141070263,0.24530212282140526,0.6,0.0,0.02001941204071045,0.0018490605046944664,0.6,0.0,0.02001941204071045,0.0018490605046944664,goal_capture,TERMINAL_SETTLING,NONE,DIRECT_LOCAL,PASS_THROUGH,0,6,0,0,0,0,1,0.6,1.2265106141070263,inf,0.0,0,0,0,CLEAR,none,nan,0.0,0.0,0,0,0,0,0.0,0,0,1,1,0.0,0.6,"5.213,13.555;5.275,13.597;5.354,13.649;5.445,13.711;5.537,13.772;5.628,13.833;5.719,13.894;5.811,13.955;5.902,14.017;5.993,14.078;6.085,14.139;6.167,14.194;6.228,14.235;6.250,14.250",6.250000000000001,14.25,2.0,6.250000000000001,14.25,2.0,6.250000000000001,14.25,2.0,5.719450617280809,0.0,0.0,0,0,2,1,,,0,1,PASS_THROUGH,-1,0.9998941420822841,0.0010306978971943762,0.014513520984852143,0.25797737999059744,0,0.9998665301861109,0.0007595716637292107,0.016320075504561108,1.226673984143974,0.2453347968287948,0,0,0,BYPASS_VISIBLE,1,0,1,1,1
1787562346488354560,1787562346505287168,joint_v2_000002_8ec8982a,720,178,0.03333333333333333,5.933333333333334,16.93272590637207,frame_id_exact,1,,5.248719692230225,13.578520774841309,1.9794704914093018,0.045717821553703075,-0.022738783288636297,-0.47041525779309845,0.880966692765617,0.510088324546814,0.3402344286441803,-0.01278235949575901,0.6086490067041934,-0.0011356972978342427,-0.07522001607107581,-0.9807647218559057,0.0036497891414910555,depth/000720.png,1.0,0.0029485002012402117,-0.10194509731447937,-0.9947856570538723,0.6086490067041934,-0.0011356972978342427,-0.07522001607107581,0.0036497891414910555,0.9998547975466668,0.0007032588131796564,0.017026134322140684,1.2055897330963192,0.24111794661926383,0.6,0.0,0.020529508590698242,0.0016862476779450075,0.6,0.0,0.020529508590698242,0.0016862476779450075,goal_capture,TERMINAL_SETTLING,NONE,DIRECT_LOCAL,PASS_THROUGH,0,6,0,0,0,0,1,0.6,1.2055897330963192,inf,0.0,0,0,0,CLEAR,none,nan,0.0,0.0,0,0,0,0,0.0,0,0,1,1,0.0,0.6,"5.213,13.555;5.275,13.597;5.354,13.649;5.445,13.711;5.537,13.772;5.628,13.833;5.719,13.894;5.811,13.955;5.902,14.017;5.993,14.078;6.085,14.139;6.167,14.194;6.228,14.235;6.250,14.250",6.250000000000001,14.25,2.0,6.250000000000001,14.25,2.0,6.250000000000001,14.25,2.0,5.719450617280809,0.0,0.0,0,0,2,1,,,0,1,PASS_THROUGH,-1,0.9998941420822841,0.0010306978971943762,0.014513520984852143,0.25797737999059744,0,0.9998547975466668,0.0007032588131796564,0.017026134322140684,1.2057645148494918,0.24115290296989836,0,0,0,BYPASS_VISIBLE,1,0,1,1,1
1787562346542854400,1787562346559517696,joint_v2_000002_8ec8982a,721,179,0.03333333333333333,5.966666666666667,16.663312911987305,frame_id_exact,1,,5.265222072601318,13.589509963989258,1.9791650772094727,0.052315399275837456,-0.026894246803059404,-0.4701973186934868,0.8805988189754523,0.4792625308036804,0.3185974061489105,-0.005452623125165701,0.5708722864364972,-0.0019328527180040927,-0.07299115285597257,-0.9807695235040453,0.0036779572255909443,depth/000721.png,1.0,0.0018310369877390167,-0.11742896310322222,-0.9930795969750117,0.5708722864364972,-0.0019328527180040927,-0.07299115285597257,0.0036779572255909443,0.9998453768648276,0.0007624305110056577,0.017568183222721728,1.1857633212243985,0.2371526642448797,0.5333333334,0.0,0.020834922790527344,0.0020671886610165724,0.5333333334,0.0,0.020834922790527344,0.0020671886610165724,goal_capture,TERMINAL_SETTLING,NONE,DIRECT_LOCAL,PASS_THROUGH,0,6,0,0,0,0,1,0.5333333334,1.1857633212243985,inf,0.0,0,0,0,CLEAR,none,nan,0.0,0.0,0,0,0,0,0.04369079759359598,0,0,1,1,0.0,0.5,"5.265,13.590;5.365,13.656;5.465,13.723;5.565,13.790;5.664,13.857;5.763,13.924;5.863,13.991;5.963,14.057;6.062,14.124;6.162,14.191;6.250,14.250",6.250000000000001,14.25,2.0,6.250000000000001,14.25,2.0,6.250000000000001,14.25,2.0,5.719450617280809,0.0,0.0,0,0,2,1,,,0,1,PASS_THROUGH,-1,0.9998941420822841,0.0010306978971943762,0.014513520984852143,0.25797737999059744,0,0.9998453768648276,0.0007624305110056577,0.017568183222721728,1.185946351218639,0.2371892702437278,0,0,0,BYPASS_VISIBLE,1,0,1,1,1
1787562346590030592,1787562346606763264,joint_v2_000002_8ec8982a,722,180,0.03333333333333333,6.0,16.73269271850586,frame_id_exact,1,,5.280667781829834,13.599764823913574,1.9790903329849243,0.045653980089861615,-0.02419378139535109,-0.47036351711680324,0.8809588735061696,0.4480806291103363,0.2972574830055237,0.0006925776833668351,0.5349115444482583,-0.0022811078884805817,-0.054801251932065344,-0.9808147984296854,0.00375598156824708,depth/000722.png,1.0,0.0003204804830895941,-0.10319830196102,-0.994660750087497,0.5349115444482583,-0.0022811078884805817,-0.054801251932065344,0.00375598156824708,0.9998391934286964,0.0008820844192843209,0.01791114767207977,1.1672235147574954,0.23344470295149908,0.5,0.0,0.020909667015075684,0.0025588961559827594,0.5,0.0,0.020909667015075684,0.0025588961559827594,goal_capture,TERMINAL_SETTLING,NONE,DIRECT_LOCAL,PASS_THROUGH,0,6,0,0,0,0,1,0.5,1.1672235147574954,inf,0.0,0,0,0,CLEAR,none,nan,0.0,0.0,0,0,0,0,0.0,0,0,1,1,0.0,0.5,"5.265,13.590;5.365,13.656;5.465,13.723;5.565,13.790;5.664,13.857;5.763,13.924;5.863,13.991;5.963,14.057;6.062,14.124;6.162,14.191;6.250,14.250",6.250000000000001,14.25,2.0,6.250000000000001,14.25,2.0,6.250000000000001,14.25,2.0,5.719450617280809,0.0,0.0,0,0,2,1,,,1,1,PASS_THROUGH,-1,0.9999996108386165,0.0008822259437403235,0.0,0.23344470295149908,0,0.9998391934286964,0.0008820844192843209,0.01791114767207977,1.1674107878452737,0.23348215756905474,0,0,0,BYPASS_VISIBLE,1,0,1,1,1
1787562346639677952,1787562346656360448,joint_v2_000002_8ec8982a,723,181,0.03333333333333333,6.033333333333333,16.68238639831543,frame_id_exact,1,,5.295163154602051,13.609379768371582,1.9792065620422363,0.0323028900519249,-0.017957332269697562,-0.4706497821569135,0.8815457107080147,0.4229370057582855,0.28059086203575134,0.006262320559471846,0.5066216093177308,-0.00214208003044005,-0.031242852334499614,-0.9808299655662602,0.003769948612898588,depth/000723.png,1.0,-0.0012537221442666426,-0.07385617737919893,-0.9972681150240978,0.5066216093177308,-0.00214208003044005,-0.031242852334499614,0.003769948612898588,0.9998360496959023,0.0009757114220900987,0.018080976624998676,1.1498294145225008,0.22996588290450015,0.5,0.0,0.020793437957763672,0.003017429308526942,0.5,0.0,0.020793437957763672,0.003017429308526942,goal_capture,TERMINAL_SETTLING,NONE,DIRECT_LOCAL,PASS_THROUGH,0,6,0,0,0,0,1,0.5,1.1498294145225008,inf,0.0,0,0,0,CLEAR,none,nan,0.0,0.0,0,0,0,0,0.0,0,0,1,1,0.0,0.5,"5.265,13.590;5.365,13.656;5.465,13.723;5.565,13.790;5.664,13.857;5.763,13.924;5.863,13.991;5.963,14.057;6.062,14.124;6.162,14.191;6.250,14.250",6.250000000000001,14.25,2.0,6.250000000000001,14.25,2.0,6.250000000000001,14.25,2.0,5.719450617280809,0.0,0.0,0,0,2,1,,,0,1,PASS_THROUGH,-1,0.9998391934286964,0.0008820844192843209,0.01791114767207977,0.23344470295149908,0,0.9998360496959023,0.0009757114220900987,0.018080976624998676,1.1500174127217642,0.23000348254435282,0,0,0,BYPASS_VISIBLE,1,0,1,1,1
1787562346683261440,1787562346699452928,joint_v2_000002_8ec8982a,724,182,0.03333333333333333,6.066666666666666,16.191482543945312,frame_id_exact,1,,5.308961391448975,13.618542671203613,1.979501724243164,0.016767510497567507,-0.010393158431942393,-0.47085580542687516,0.8819895936717912,0.4065344035625458,0.2703629732131958,0.011279420927166939,0.48829080215560694,-0.0015614228591229499,-0.007952256910794596,-0.9807790428910893,0.0037421975284814835,depth/000724.png,1.0,-0.002543155844039375,-0.039364897510076824,-0.999221665699045,0.48829080215560694,-0.0015614228591229499,-0.007952256910794596,0.0037421975284814835,0.9998359618840214,0.0009941241877896578,0.018084829016420167,1.1332660856455203,0.22665321712910408,0.5666666666,0.0,0.020498275756835938,0.00252924110832331,0.5666666666,0.0,0.020498275756835938,0.00252924110832331,goal_capture,TERMINAL_SETTLING,NONE,DIRECT_LOCAL,PASS_THROUGH,0,6,0,0,0,0,1,0.5666666666,1.1332660856455203,inf,0.0,0,0,0,CLEAR,none,nan,0.0,0.0,0,0,0,0,0.05696844649879599,0,0,1,1,0.0,0.6,"5.309,13.619;5.358,13.651;5.424,13.695;5.506,13.750;5.604,13.816;5.719,13.894;5.851,13.982;5.975,14.065;6.078,14.135;6.162,14.191;6.225,14.233;6.250,14.250",6.250000000000001,14.25,2.0,6.250000000000001,14.25,2.0,6.250000000000001,14.25,2.0,5.719450617280809,0.0,0.0,0,0,2,1,,,0,1,PASS_THROUGH,-1,0.9998391934286964,0.0008820844192843209,0.01791114767207977,0.23344470295149908,0,0.9998359618840214,0.0009941241877896578,0.018084829016420167,1.1334514547096064,0.22669029094192128,0,0,0,BYPASS_VISIBLE,1,0,1,1,1
1787562346730574080,1787562346748368128,joint_v2_000002_8ec8982a,725,183,0.03333333333333333,6.1,17.793893814086914,frame_id_exact,1,,5.322373390197754,13.627480506896973,1.979937195777893,7.940862606143815e-05,-0.0018912249714208697,-0.47092009160833387,0.8821738401709587,0.3998262584209442,0.26703590154647827,0.014525318518280983,0.48082721378665605,-0.0006639158741713388,0.01359941960390379,-0.9806719820342283,0.003705673385411501,depth/000725.png,1.0,-0.0032619881564124316,-0.0019213360987776062,-0.9999928339247551,0.48082721378665605,-0.0006639158741713388,0.01359941960390379,0.003705673385411501,0.9998383419267397,0.0009330906744534487,0.017956039512683153,1.117148891825284,0.2234297783650568,0.6,0.0,0.020062804222106934,0.0024828943883964394,0.6,0.0,0.020062804222106934,0.0024828943883964394,goal_capture,TERMINAL_SETTLING,NONE,DIRECT_LOCAL,PASS_THROUGH,0,6,0,0,0,0,1,0.6,1.117148891825284,inf,0.0,0,0,0,CLEAR,none,nan,0.0,0.0,0,0,0,0,0.0,0,0,1,1,0.0,0.6,"5.309,13.619;5.358,13.651;5.424,13.695;5.506,13.750;5.604,13.816;5.719,13.894;5.851,13.982;5.975,14.065;6.078,14.135;6.162,14.191;6.225,14.233;6.250,14.250",6.250000000000001,14.25,2.0,6.250000000000001,14.25,2.0,6.250000000000001,14.25,2.0,5.719450617280809,0.0,0.0,0,0,2,1,,,0,1,PASS_THROUGH,-1,0.9998391934286964,0.0008820844192843209,0.01791114767207977,0.23344470295149908,0,0.9998383419267397,0.0009330906744534487,0.017956039512683153,1.1173290305991852,0.22346580611983705,0,0,0,BYPASS_VISIBLE,1,0,1,1,1
1787562346776164096,1787562346796161536,joint_v2_000002_8ec8982a,726,184,0.03333333333333333,6.133333333333334,19.997596740722656,frame_id_exact,1,,5.3357391357421875,13.636430740356445,1.9804420471191406,-0.01906288253182064,0.008327980758740307,-0.47079754796254797,0.8819959864299342,0.4040561020374298,0.27117982506752014,0.015301931649446487,0.4855674633071532,0.0003647760901227484,0.03546950444251474,-0.9805525350619537,0.003621491836383939,depth/000726.png,1.0,-0.003259025497609154,0.04146835760709064,-0.9991345024921201,0.4855674633071532,0.0003647760901227484,0.03546950444251474,0.003621491836383939,0.9998419359242287,0.0008282665288531156,0.01775998710156285,1.1010631972293796,0.22021263944587594,0.6,0.0,0.019557952880859375,0.0024719301146727823,0.6,0.0,0.019557952880859375,0.0024719301146727823,goal_capture,TERMINAL_SETTLING,NONE,DIRECT_LOCAL,PASS_THROUGH,0,6,0,0,0,0,1,0.6,1.1010631972293796,inf,0.0,0,0,0,CLEAR,none,nan,0.0,0.0,0,0,0,0,0.0,0,0,1,1,0.0,0.6,"5.309,13.619;5.358,13.651;5.424,13.695;5.506,13.750;5.604,13.816;5.719,13.894;5.851,13.982;5.975,14.065;6.078,14.135;6.162,14.191;6.225,14.233;6.250,14.250",6.250000000000001,14.25,2.0,6.250000000000001,14.25,2.0,6.250000000000001,14.25,2.0,5.719450617280809,0.0,0.0,0,0,2,1,,,0,1,PASS_THROUGH,-1,0.9998391934286964,0.0008820844192843209,0.01791114767207977,0.23344470295149908,0,0.9998419359242287,0.0008282665288531156,0.01775998710156285,1.1012368854219667,0.22024737708439335,0,0,0,BYPASS_VISIBLE,1,0,1,1,1
1787562346834005760,1787562346851390208,joint_v2_000002_8ec8982a,727,185,0.03333333333333333,6.166666666666667,17.38429069519043,frame_id_exact,1,,5.349445343017578,13.645648002624512,1.9809104204177856,-0.03804757471747747,0.018867690381151336,-0.4704610465738385,0.8813982051118823,0.4202302396297455,0.2831777334213257,0.012063427828252316,0.5038860780008497,0.0013139782736177098,0.055006391936739646,-0.9804814692694191,0.0035362537018954754,depth/000727.png,1.0,-0.002539906769254509,0.08482315485598495,-0.996392784635598,0.5038860780008497,0.0013139782736177098,0.055006391936739646,0.0035362537018954754,0.9998448546239139,0.0007427502961852671,0.017598721660451407,1.0845460003819438,0.21690920007638875,0.6,0.0,0.019089579582214355,0.0017453085758173392,0.6,0.0,0.019089579582214355,0.0017453085758173392,goal_capture,TERMINAL_SETTLING,NONE,DIRECT_LOCAL,PASS_THROUGH,0,6,0,0,0,0,1,0.6,1.0845460003819438,inf,0.0,0,0,0,CLEAR,none,nan,0.0,0.0,0,0,0,0,0.04256305283609791,0,0,1,1,0.0,0.6,"5.349,13.646;5.400,13.680;5.467,13.725;5.550,13.781;5.651,13.848;5.767,13.926;5.901,14.016;6.017,14.094;6.113,14.158;6.189,14.209;6.242,14.245;6.250,14.250",6.250000000000001,14.25,2.0,6.250000000000001,14.25,2.0,6.250000000000001,14.25,2.0,5.719450617280809,0.0,0.0,0,0,2,1,,,0,1,PASS_THROUGH,-1,0.9998391934286964,0.0008820844192843209,0.01791114767207977,0.23344470295149908,0,0.9998448546239139,0.0007427502961852671,0.017598721660451407,1.084713989488979,0.2169427978977958,0,0,0,BYPASS_VISIBLE,1,0,1,1,1
1787562346882261504,1787562346899104768,joint_v2_000002_8ec8982a,728,186,0.03333333333333333,6.2,16.843318939208984,frame_id_exact,1,,5.3638715744018555,13.655380249023438,1.9811962842941284,-0.051503701175923594,0.02677002366083188,-0.4700827822440753,0.8807115943576814,0.4467249810695648,0.30169349908828735,0.004512538202106953,0.5348978500151261,0.00198077680234032,0.06695450453268999,-0.9804948159108446,0.0035108551383018494,depth/000728.png,1.0,-0.0012686658506430304,0.11588806796238567,-0.9932614691967593,0.5348978500151261,0.00198077680234032,0.06695450453268999,0.0035108551383018494,0.999844536703019,0.000716443454677584,0.017617864056178316,1.0671439616586307,0.21342879233172612,0.6,0.0,0.018803715705871582,0.0015937332978605001,0.6,0.0,0.018803715705871582,0.0015937332978605001,goal_capture,TERMINAL_SETTLING,NONE,DIRECT_LOCAL,PASS_THROUGH,0,6,0,0,0,0,1,0.6,1.0671439616586307,inf,0.0,0,0,0,CLEAR,none,nan,0.0,0.0,0,0,0,0,0.0,0,0,1,1,0.0,0.6,"5.349,13.646;5.400,13.680;5.467,13.725;5.550,13.781;5.651,13.848;5.767,13.926;5.901,14.016;6.017,14.094;6.113,14.158;6.189,14.209;6.242,14.245;6.250,14.250",6.250000000000001,14.25,2.0,6.250000000000001,14.25,2.0,6.250000000000001,14.25,2.0,5.719450617280809,0.0,0.0,0,0,2,1,,,1,1,PASS_THROUGH,-1,0.9999997432746706,0.0007165546686996631,0.0,0.21342879233172612,0,0.999844536703019,0.000716443454677584,0.017617864056178316,1.067309615167419,0.21346192303348382,0,0,0,BYPASS_VISIBLE,1,0,1,1,1
1787562346930400512,1787562346948250624,joint_v2_000002_8ec8982a,729,187,0.03333333333333333,6.233333333333333,17.84992218017578,frame_id_exact,1,,5.379292011260986,13.665796279907227,1.9811762571334839,-0.055422979794358146,0.029730046110672027,-0.4699361958087707,0.8804569208869633,0.4790373146533966,0.3235573470592499,-0.005958301480859518,0.5742417119441262,0.0022046972071903606,0.06665735215711587,-0.9805662221566784,0.0035185173619538546,depth/000729.png,1.0,0.00026152114296539714,0.125537541813179,-0.992088835337943,0.5742417119441262,0.0022046972071903606,0.06665735215711587,0.0035185173619538546,0.9998386251604046,0.0007336442392031886,0.017949523767558772,1.0485353538265534,0.20970707076531067,0.6,0.0,0.018823742866516113,0.001580260623478269,0.6,0.0,0.018823742866516113,0.001580260623478269,goal_capture,TERMINAL_SETTLING,NONE,DIRECT_LOCAL,PASS_THROUGH,0,6,0,0,0,0,1,0.6,1.0485353538265534,inf,0.0,0,0,0,CLEAR,none,nan,0.0,0.0,0,0,0,0,0.0,0,0,1,1,0.0,0.6,"5.349,13.646;5.400,13.680;5.467,13.725;5.550,13.781;5.651,13.848;5.767,13.926;5.901,14.016;6.017,14.094;6.113,14.158;6.189,14.209;6.242,14.245;6.250,14.250",6.250000000000001,14.25,2.0,6.250000000000001,14.25,2.0,6.250000000000001,14.25,2.0,5.719450617280809,0.0,0.0,0,0,2,1,,,0,1,PASS_THROUGH,-1,0.999844536703019,0.000716443454677584,0.017617864056178316,0.21342879233172612,0,0.9998386251604046,0.0007336442392031886,0.017949523767558772,1.048704306046123,0.20974086120922458,0,0,0,BYPASS_VISIBLE,1,0,1,1,1
1787562346975519232,1787562347012206336,joint_v2_000002_8ec8982a,730,188,0.03333333333333333,6.266666666666667,36.68713569641113,frame_id_exact,1,,5.395803928375244,13.676939010620117,1.9807943105697632,-0.04844456546536254,0.026821648809868127,-0.470136556275836,0.880854892524921,0.5111194849014282,0.34468570351600647,-0.01671498455107212,0.6145487539366747,0.001910978952696347,0.05154541645084586,-0.9806227576906973,0.003486841218546033,depth/000730.png,1.0,0.0017008388031854588,0.1105649402230394,-0.9938674464639846,0.6145487539366747,0.001910978952696347,0.05154541645084586,0.003486841218546033,0.9998254622780791,0.0007384871266386114,0.0186681444495462,1.0286154900292999,0.20572309800585997,0.6,0.0,0.019205689430236816,0.001653625997542485,0.6,0.0,0.019205689430236816,0.001653625997542485,goal_capture,TERMINAL_SETTLING,NONE,DIRECT_LOCAL,PASS_THROUGH,0,6,0,0,0,0,1,0.6,1.0286154900292999,inf,0.0,0,0,0,CLEAR,none,nan,0.0,0.0,0,0,0,0,0.04231957424869659,0,0,1,1,0.0,0.6,"5.396,13.677;5.455,13.717;5.531,13.768;5.624,13.830;5.733,13.904;5.859,13.988;5.982,14.070;6.084,14.139;6.167,14.194;6.228,14.235;6.250,14.250",6.250000000000001,14.25,2.0,6.250000000000001,14.25,2.0,6.250000000000001,14.25,2.0,5.719450617280809,0.0,0.0,0,0,2,1,,,0,1,PASS_THROUGH,-1,0.999844536703019,0.000716443454677584,0.017617864056178316,0.21342879233172612,0,0.9998254622780791,0.0007384871266386114,0.0186681444495462,1.028794772942936,0.20575895458858723,0,0,0,BYPASS_VISIBLE,1,0,1,1,1
1787562347054748928,1787562347074463488,joint_v2_000002_8ec8982a,731,189,0.03333333333333333,6.3,19.7145938873291,frame_id_exact,1,,5.413295269012451,13.688718795776367,1.9800946712493896,-0.03195994017662469,0.018603725635991684,-0.47052681952482306,0.8816104444278221,0.5368335843086243,0.3610556125640869,-0.024560779333114624,0.6470016005899556,0.001152620967801999,0.023287008954842918,-0.9806063221364447,0.003345201723277569,depth/000731.png,1.0,0.0027264596448981354,0.07385953783563257,-0.9972649272327346,0.6470016005899556,0.001152620967801999,0.023287008954842918,0.003345201723277569,0.9998046607314609,0.0006847610799776389,0.019752758843052626,1.007527367902073,0.20150547358041462,0.6,0.0,0.01990532875061035,0.0014432817121823316,0.6,0.0,0.01990532875061035,0.0014432817121823316,goal_capture,TERMINAL_SETTLING,NONE,DIRECT_LOCAL,PASS_THROUGH,0,6,0,0,0,0,1,0.6,1.007527367902073,inf,0.0,0,0,0,CLEAR,none,nan,0.0,0.0,0,0,0,0,0.0,0,0,1,1,0.0,0.6,"5.396,13.677;5.455,13.717;5.531,13.768;5.624,13.830;5.733,13.904;5.859,13.988;5.982,14.070;6.084,14.139;6.167,14.194;6.228,14.235;6.250,14.250",6.250000000000001,14.25,2.0,6.250000000000001,14.25,2.0,6.250000000000001,14.25,2.0,5.719450617280809,0.0,0.0,0,0,2,1,,,0,1,PASS_THROUGH,-1,0.999844536703019,0.000716443454677584,0.017617864056178316,0.21342879233172612,0,0.9998046607314609,0.0006847610799776389,0.019752758843052626,1.0077239796612707,0.20154479593225413,0,0,0,BYPASS_VISIBLE,1,0,1,1,1
1787562347109167360,1787562347128137216,joint_v2_000002_8ec8982a,732,190,0.03333333333333333,6.333333333333333,18.96977424621582,frame_id_exact,1,,5.431466102600098,13.700920104980469,1.979216456413269,-0.009592506619032411,0.00688439854980529,-0.47080676493977774,0.8821573436526571,0.5511643290519714,0.36949822306632996,-0.02724337764084339,0.664015243664798,0.00011714202536997832,-0.011704638067515108,-0.9805208717657146,0.003080054884776473,depth/000732.png,1.0,0.00311381145674477,0.02340664313561218,-0.9997211777467425,0.664015243664798,0.00011714202536997832,-0.011704638067515108,0.003080054884776473,0.9997775835544731,0.0005892980690212435,0.021081654341260764,0.9856401332673781,0.19712802665347562,0.6,0.0,0.020783543586730957,0.0012469235471812556,0.6,0.0,0.020783543586730957,0.0012469235471812556,goal_capture,TERMINAL_SETTLING,NONE,DIRECT_LOCAL,PASS_THROUGH,0,6,0,0,0,0,1,0.6,0.9856401332673781,inf,0.0,0,0,0,CLEAR,none,nan,0.0,0.0,0,0,0,0,0.0,0,0,1,1,0.0,0.6,"5.396,13.677;5.455,13.717;5.531,13.768;5.624,13.830;5.733,13.904;5.859,13.988;5.982,14.070;6.084,14.139;6.167,14.194;6.228,14.235;6.250,14.250",6.250000000000001,14.25,2.0,6.250000000000001,14.25,2.0,6.250000000000001,14.25,2.0,5.719450617280809,0.0,0.0,0,0,2,1,,,0,1,PASS_THROUGH,-1,0.999844536703019,0.000716443454677584,0.017617864056178316,0.21342879233172612,0,0.9997775835544731,0.0005892980690212435,0.021081654341260764,0.9858592333550243,0.19717184667100487,0,0,0,BYPASS_VISIBLE,1,0,1,1,1
1787562347157904896,1787562347173514496,joint_v2_000002_8ec8982a,733,191,0.03333333333333333,6.366666666666666,15.6097412109375,frame_id_exact,1,,5.449882507324219,13.713245391845703,1.9783416986465454,0.013746031483454125,-0.005757836102600789,-0.470780523683264,0.8821244767391864,0.5513031482696533,0.3683929443359375,-0.02451303042471409,0.6620401488558606,-0.0009235403504608135,-0.04417465070904962,-0.9804277510552506,0.0027602240443229675,depth/000733.png,0.9999967447916667,0.002784471482380901,-0.029672775850494312,-0.999555787883743,0.6620401488558606,-0.0009235403504608135,-0.04417465070904962,0.0027602240443229675,0.9997473018031255,0.0005208307307571195,0.022473568313026278,0.9634798967599962,0.19269597935199925,0.6,0.0,0.02165830135345459,0.0013467202291839175,0.6,0.0,0.02165830135345459,0.0013467202291839175,goal_capture,TERMINAL_SETTLING,NONE,DIRECT_LOCAL,PASS_THROUGH,0,6,0,0,0,0,1,0.6,0.9634798967599962,inf,0.0,0,0,0,CLEAR,none,nan,0.0,0.0,0,0,0,0,0.029848942787449886,0,0,1,1,0.0,0.6,"5.450,13.713;5.513,13.756;5.593,13.809;5.690,13.874;5.803,13.950;5.933,14.037;6.044,14.112;6.135,14.173;6.205,14.220;6.250,14.250",6.250000000000001,14.25,2.0,6.250000000000001,14.25,2.0,6.250000000000001,14.25,2.0,5.719450617280809,0.0,0.0,0,0,2,1,,,0,1,PASS_THROUGH,-1,0.999844536703019,0.000716443454677584,0.017617864056178316,0.21342879233172612,0,0.9997473018031255,0.0005208307307571195,0.022473568313026278,0.9637232971544115,0.19274465943088231,0,0,0,BYPASS_VISIBLE,1,0,1,1,1
1787562347206515200,1787562347226380288,joint_v2_000002_8ec8982a,734,192,0.03333333333333333,6.4,19.865036010742188,frame_id_exact,1,,5.46806526184082,13.72537612915039,1.9776278734207153,0.03298759129724144,-0.016571184769084795,-0.4705081200535265,0.881623118809535,0.537510871887207,0.35819363594055176,-0.01795918494462967,0.642840136733473,-0.0017055438905643654,-0.0655499830180045,-0.9803932213449088,0.002508961595594883,depth/000734.png,1.0,0.0018227799357390835,-0.07375900022849999,-0.99727442931151,0.642840136733473,-0.0017055438905643654,-0.0655499830180045,0.002508961595594883,0.9997177223922495,0.0005454278650651453,0.023752432365908183,0.9416220795017999,0.18832441590035998,0.6,0.0,0.022372126579284668,0.0015029127191235059,0.6,0.0,0.022372126579284668,0.0015029127191235059,goal_capture,TERMINAL_SETTLING,NONE,DIRECT_LOCAL,PASS_THROUGH,0,6,0,0,0,0,1,0.6,0.9416220795017999,inf,0.0,0,0,0,CLEAR,none,nan,0.0,0.0,0,0,0,0,0.0,0,0,1,1,0.0,0.6,"5.450,13.713;5.513,13.756;5.593,13.809;5.690,13.874;5.803,13.950;5.933,14.037;6.044,14.112;6.135,14.173;6.205,14.220;6.250,14.250",6.250000000000001,14.25,2.0,6.250000000000001,14.25,2.0,6.250000000000001,14.25,2.0,5.719450617280809,0.0,0.0,0,0,2,1,,,1,1,PASS_THROUGH,-1,0.9999998511702444,0.0005455817894115792,0.0,0.18832441590035998,0,0.9997177223922495,0.0005454278650651453,0.023752432365908183,0.9418878131990951,0.18837756263981903,0,0,0,CORRIDOR_CLEAR,1,0,0,0,1
1787562347258875392,1787562347276513280,joint_v2_000002_8ec8982a,735,193,0.03333333333333333,6.433333333333334,17.637968063354492,frame_id_exact,1,,5.48560094833374,13.737051010131836,1.9771648645401,0.04403731510701475,-0.02324347430444948,-0.4702429970782924,0.8811310796239394,0.5132908225059509,0.3414750099182129,-0.009800530970096588,0.6124649854338496,-0.0020577588578532596,-0.07107115111472764,-0.9804333638659849,0.002403256483376026,depth/000735.png,1.0,0.00045538286222583657,-0.09946545604684025,-0.9950409115608477,0.6124649854338496,-0.0020577588578532596,-0.07107115111472764,0.002403256483376026,0.9996922550503989,0.0006670182513614694,0.024798191040889206,0.9205555802856493,0.18411111605712988,0.6,0.0,0.022835135459899902,0.0018510694554585427,0.6,0.0,0.022835135459899902,0.0018510694554585427,goal_capture,TERMINAL_SETTLING,NONE,DIRECT_LOCAL,PASS_THROUGH,0,6,0,0,0,0,1,0.6,0.9205555802856493,inf,0.0,0,0,0,CLEAR,none,nan,0.0,0.0,0,0,0,0,0.0,0,0,1,1,0.0,0.6,"5.450,13.713;5.513,13.756;5.593,13.809;5.690,13.874;5.803,13.950;5.933,14.037;6.044,14.112;6.135,14.173;6.205,14.220;6.250,14.250",6.250000000000001,14.25,2.0,6.250000000000001,14.25,2.0,6.250000000000001,14.25,2.0,5.719450617280809,0.0,0.0,0,0,2,1,,,0,1,PASS_THROUGH,-1,0.9997177223922495,0.0005454278650651453,0.023752432365908183,0.18832441590035998,0,0.9996922550503989,0.0006670182513614694,0.024798191040889206,0.9208387588533187,0.18416775177066375,0,0,0,CORRIDOR_CLEAR,1,0,0,0,1
1787562347303965696,1787562347321330944,joint_v2_000002_8ec8982a,736,194,0.03333333333333333,6.466666666666667,17.365217208862305,frame_id_exact,1,,5.502234935760498,13.748115539550781,1.9769753217697144,0.04468858944942486,-0.024418827222199426,-0.4702144269319133,0.8810817462387958,0.48456233739852905,0.32231733202934265,-0.001696911407634616,0.5787758261232268,-0.0019338573970372104,-0.06088352938939309,-0.9805032752931623,0.0024217001628130674,depth/000736.png,1.0,-0.0010035269033641103,-0.10171277055536758,-0.9948133017002263,0.5787758261232268,-0.0019338573970372104,-0.06088352938939309,0.0024217001628130674,0.9996729936556297,0.0008269350087195556,0.02555820678535406,0.9005779271875982,0.18011558543751965,0.6,0.0,0.023024678230285645,0.002272867962165026,0.6,0.0,0.023024678230285645,0.002272867962165026,goal_capture,TERMINAL_SETTLING,NONE,DIRECT_LOCAL,PASS_THROUGH,0,6,0,0,0,0,1,0.6,0.9005779271875983,inf,0.0,0,0,0,CLEAR,none,nan,0.0,0.0,0,0,0,0,0.047395373712282474,0,0,1,1,0.0,0.6,"5.502,13.748;5.559,13.786;5.632,13.835;5.722,13.895;5.828,13.967;5.951,14.050;6.059,14.122;6.147,14.181;6.214,14.226;6.250,14.250",6.250000000000001,14.25,2.0,6.250000000000001,14.25,2.0,6.250000000000001,14.25,2.0,5.719450617280809,0.0,0.0,0,0,2,1,,,0,1,PASS_THROUGH,-1,0.9997177223922495,0.0005454278650651453,0.023752432365908183,0.18832441590035998,0,0.9996729936556297,0.0008269350087195556,0.02555820678535406,0.9008722099971335,0.1801744419994267,0,0,0,CORRIDOR_CLEAR,1,0,0,0,1
1787562347353559040,1787562347371893248,joint_v2_000002_8ec8982a,737,195,0.03333333333333333,6.5,18.334150314331055,frame_id_exact,1,,5.517931938171387,13.758563995361328,1.9770418405532837,0.03507988842160259,-0.019984086432473926,-0.4704387584172563,0.8815086002397355,0.45812222361564636,0.3052479922771454,0.005533331539481878,0.5491529163736119,-0.0013940546493094402,-0.03888518185234589,-0.9805359024959563,0.002482191426679492,depth/000737.png,1.0,-0.0022264098073707453,-0.08064902429697834,-0.9967400754355746,0.5491529163736119,-0.0013940546493094402,-0.03888518185234589,0.002482191426679492,0.9996607433818024,0.0009414862328392722,0.026029055784167504,0.8817216078812656,0.17634432157625313,0.6,0.0,0.02295815944671631,0.0026720109927524938,0.6,0.0,0.02295815944671631,0.0026720109927524938,goal_capture,TERMINAL_SETTLING,NONE,DIRECT_LOCAL,PASS_THROUGH,0,6,0,0,0,0,1,0.6,0.8817216078812656,inf,0.0,0,0,0,CLEAR,none,nan,0.0,0.0,0,0,0,0,0.0,0,0,1,1,0.0,0.6,"5.502,13.748;5.559,13.786;5.632,13.835;5.722,13.895;5.828,13.967;5.951,14.050;6.059,14.122;6.147,14.181;6.214,14.226;6.250,14.250",6.250000000000001,14.25,2.0,6.250000000000001,14.25,2.0,6.250000000000001,14.25,2.0,5.719450617280809,0.0,0.0,0,0,2,1,,,0,1,PASS_THROUGH,-1,0.9997177223922495,0.0005454278650651453,0.023752432365908183,0.18832441590035998,0,0.9996607433818024,0.0009414862328392722,0.026029055784167504,0.882020448113254,0.1764040896226508,0,0,0,CORRIDOR_CLEAR,1,0,0,0,1
1787562347408486656,1787562347428487680,joint_v2_000002_8ec8982a,738,196,0.03333333333333333,6.533333333333333,20.00117301940918,frame_id_exact,1,,5.532870769500732,13.768532752990723,1.9773274660110474,0.017581012252112126,-0.011051191990534386,-0.4707176014653293,0.8820395222633206,0.4399985671043396,0.2941509783267975,0.011362097226083279,0.5292830752691402,-0.0005668332704971411,-0.0105706807512171,-0.9804990310909111,0.002516268752515316,depth/000738.png,1.0,-0.002943792370248794,-0.04141827646975154,-0.9991375583275589,0.5292830752691402,-0.0005668332704971411,-0.0105706807512171,0.002516268752515316,0.9996552209808997,0.0009619432327321096,0.02623954707775512,0.8637621450255651,0.17275242900511303,0.6,0.0,0.022672533988952637,0.0026548463063069683,0.6,0.0,0.022672533988952637,0.0026548463063069683,goal_capture,TERMINAL_SETTLING,NONE,DIRECT_LOCAL,PASS_THROUGH,0,6,0,0,0,0,1,0.6,0.8637621450255651,inf,0.0,0,0,0,CLEAR,none,nan,0.0,0.0,0,0,0,0,0.0,0,0,1,1,0.0,0.6,"5.502,13.748;5.559,13.786;5.632,13.835;5.722,13.895;5.828,13.967;5.951,14.050;6.059,14.122;6.147,14.181;6.214,14.226;6.250,14.250",6.250000000000001,14.25,2.0,6.250000000000001,14.25,2.0,6.250000000000001,14.25,2.0,5.719450617280809,0.0,0.0,0,0,2,1,,,0,1,PASS_THROUGH,-1,0.9997177223922495,0.0005454278650651453,0.023752432365908183,0.18832441590035998,0,0.9996552209808997,0.0009619432327321096,0.02623954707775512,0.8640596547557614,0.17281193095115227,0,0,0,CORRIDOR_CLEAR,1,0,0,0,1
1787562347459694592,1787562347477440000,joint_v2_000002_8ec8982a,739,197,0.03333333333333333,6.566666666666666,17.745494842529297,frame_id_exact,1,,5.547403335571289,13.778267860412598,1.97777259349823,-0.0037893484458502496,0.00032234444846541337,-0.470811964262911,0.882225385737291,0.43412789702415466,0.2914217412471771,0.014918466098606586,0.5227533687775455,0.0003803194861996453,0.018574005106681744,-0.9804190417398746,0.002508101984858513,depth/000739.png,1.0,-0.0029993802593593828,0.006989646034568973,-0.999971073864825,0.5227533687775455,0.0003803194861996453,0.018574005106681744,0.002508101984858513,0.9996548413896065,0.0009033485159260538,0.026256085918878676,0.8462702194843325,0.1692540438968665,0.6,0.0,0.02222740650177002,0.002302702705425097,0.6,0.0,0.02222740650177002,0.002302702705425097,goal_capture,TERMINAL_SETTLING,NONE,DIRECT_LOCAL,PASS_THROUGH,0,6,0,0,0,0,1,0.6,0.8462702194843325,inf,0.0,0,0,0,CLEAR,none,nan,0.0,0.0,0,0,0,0,0.051775914205990696,0,0,1,1,0.0,0.6,"5.547,13.778;5.599,13.813;5.667,13.859;5.752,13.916;5.854,13.984;5.972,14.063;6.076,14.133;6.161,14.190;6.223,14.232;6.250,14.250",6.250000000000001,14.25,2.0,6.250000000000001,14.25,2.0,6.250000000000001,14.25,2.0,5.719450617280809,0.0,0.0,0,0,2,1,,,0,1,PASS_THROUGH,-1,0.9997177223922495,0.0005454278650651453,0.023752432365908183,0.18832441590035998,0,0.9996548413896065,0.0009033485159260538,0.026256085918878676,0.8465620721399318,0.16931241442798636,0,0,0,CORRIDOR_CLEAR,1,0,0,0,1
1787562347508861184,1787562347526162944,joint_v2_000002_8ec8982a,740,198,0.03333333333333333,6.6,17.30179786682129,frame_id_exact,1,,5.561962604522705,13.788060188293457,1.9782819747924805,-0.0242290480402241,0.011578883561460312,-0.47064194092514156,0.8819155549874094,0.44155117869377136,0.2974856495857239,0.015023665502667427,0.5308405633545183,0.001261515436760586,0.04356111243638528,-0.9803573092502689,0.0024944127071648836,depth/000740.png,1.0,-0.002383217348359414,0.05363496516464548,-0.9985577653730693,0.5308405633545183,0.001261515436760586,0.04356111243638528,0.0024944127071648836,0.9996564443741865,0.0008245599482767155,0.026197582370333355,0.8287242286880824,0.16574484573761647,0.6,0.0,0.02171802520751953,0.002088913094186462,0.6,0.0,0.02171802520751953,0.002088913094186462,goal_capture,TERMINAL_SETTLING,NONE,DIRECT_LOCAL,PASS_THROUGH,0,6,0,0,0,0,1,0.6,0.8287242286880824,inf,0.0,0,0,0,CLEAR,none,nan,0.0,0.0,0,0,0,0,0.0,0,0,1,1,0.0,0.6,"5.547,13.778;5.599,13.813;5.667,13.859;5.752,13.916;5.854,13.984;5.972,14.063;6.076,14.133;6.161,14.190;6.223,14.232;6.250,14.250",6.250000000000001,14.25,2.0,6.250000000000001,14.25,2.0,6.250000000000001,14.25,2.0,5.719450617280809,0.0,0.0,0,0,2,1,,,1,1,PASS_THROUGH,-1,0.9999996598169159,0.0008248430472446502,0.0,0.16574484573761647,0,0.9996564443741865,0.0008245599482767155,0.026197582370333355,0.8290087573925692,0.16580175147851384,0,0,0,CORRIDOR_CLEAR,1,0,0,0,1
1787562347557603840,1787562347573493504,joint_v2_000002_8ec8982a,741,199,0.03333333333333333,6.633333333333334,15.889644622802734,frame_id_exact,1,,5.576966285705566,13.79818058013916,1.9787262678146362,-0.03916524584167009,0.020198999649491928,-0.4703504273435726,0.8813787831738634,0.46028774976730347,0.3107767105102539,0.011010942980647087,0.5522505751879048,0.001893667580607068,0.059865962570291316,-0.9803577777342536,0.002534326631575823,depth/000741.png,1.0,-0.0012368407724942382,0.0880400496793752,-0.9961161678626428,0.5522505751879048,0.001893667580607068,0.059865962570291316,0.002534326631575823,0.9996555134362768,0.0007767989684702197,0.02623453906239066,0.8106264051585961,0.16212528103171922,0.6,0.0,0.02127373218536377,0.0018888896866445237,0.6,0.0,0.02127373218536377,0.0018888896866445237,goal_capture,TERMINAL_SETTLING,NONE,DIRECT_LOCAL,PASS_THROUGH,0,6,0,0,0,0,1,0.6,0.8106264051585961,inf,0.0,0,0,0,CLEAR,none,nan,0.0,0.0,0,0,0,0,0.04452263091327027,0,0,1,1,0.0,0.6,"5.577,13.798;5.631,13.835;5.702,13.883;5.790,13.941;5.894,14.011;6.011,14.090;6.109,14.155;6.185,14.207;6.240,14.243;6.250,14.250",6.250000000000001,14.25,2.0,6.250000000000001,14.25,2.0,6.250000000000001,14.25,2.0,5.719450617280809,0.0,0.0,0,0,2,1,,,0,1,PASS_THROUGH,-1,0.9996564443741865,0.0008245599482767155,0.026197582370333355,0.16574484573761647,0,0.9996555134362768,0.0007767989684702197,0.02623453906239066,0.8109055064688135,0.1621811012937627,0,0,0,CORRIDOR_CLEAR,1,0,0,0,1
1787562347602085632,1787562347618287104,joint_v2_000002_8ec8982a,742,200,0.03333333333333333,6.666666666666667,16.201496124267578,frame_id_exact,1,,5.59272575378418,13.808823585510254,1.9789761304855347,-0.04528520547110368,0.024266183465564528,-0.47018068245209704,0.8810735090526419,0.4859514832496643,0.32820332050323486,0.0036111793015152216,0.5829310267482989,0.002126719261837104,0.06376675777551405,-0.9804093150855976,0.002631814917549491,depth/000742.png,1.0,0.00017612520786634833,0.10261817118988428,-0.994720805010911,0.5829310267482989,0.002126719261837104,0.06376675777551405,0.002631814917549491,0.9996472225189501,0.0007618434423837001,0.026549013253195225,0.7916097924107585,0.1583219584821517,0.5916096206028665,0.0004508729677372752,0.021023869514465332,0.0019052803772298676,0.5916096206028665,0.0004508729677372752,0.021023869514465332,0.0019052803772298676,goal_capture,TERMINAL_SETTLING,NONE,DIRECT_LOCAL,PASS_THROUGH,0,6,0,0,0,0,1,0.5916097924107584,0.7916097924107585,inf,0.0,0,0,0,CLEAR,none,nan,0.0,0.0,0,0,0,0,0.04366580976174592,0,0,0,1,0.0,0.5916097924107584,,6.250000000000001,14.25,2.0,6.250000000000001,14.25,2.0,6.250000000000001,14.25,2.0,5.719450617280809,0.0,0.0,0,0,2,1,,,0,1,PASS_THROUGH,-1,0.9996564443741865,0.0008245599482767155,0.026197582370333355,0.16574484573761647,0,0.9996472225189501,0.0007618434423837001,0.026549013253195225,0.7918889231009393,0.15837778462018787,0,0,0,CORRIDOR_CLEAR,1,0,0,0,1
1787562347645487616,1787562347662067456,joint_v2_000002_8ec8982a,743,201,0.03333333333333333,6.7,16.579866409301758,frame_id_exact,1,,5.609376907348633,13.820063591003418,1.9789527654647827,-0.04117803576314774,0.022831892233062433,-0.4702730142121553,0.8812640728927742,0.5128406882286072,0.3459078371524811,-0.004937394522130489,0.6163131159348747,0.0018857015166158003,0.0532613220583373,-0.9804549794373064,0.0026751821860671043,depth/000743.png,1.0,0.0015120146869721657,0.09405189258193052,-0.9955661481354935,0.6163131159348747,0.0018857015166158003,0.0532613220583373,0.0026751821860671043,0.9996278291222506,0.0007392731581529031,0.027270070031709285,0.7715200986488167,0.15430401972976332,0.5715199423576136,0.0004226666569547376,0.021047234535217285,0.0018488706542532651,0.5715199423576136,0.0004226666569547376,0.021047234535217285,0.0018488706542532651,goal_capture,TERMINAL_SETTLING,NONE,DIRECT_LOCAL,PASS_THROUGH,0,6,0,0,0,0,1,0.5715200986488165,0.7715200986488165,inf,0.0,0,0,0,CLEAR,none,nan,0.0,0.0,0,0,0,0,0.04237299414172133,0,0,0,1,0.0,0.5715200986488165,,6.250000000000001,14.25,2.0,6.250000000000001,14.25,2.0,6.250000000000001,14.25,2.0,5.719450617280809,0.0,0.0,0,0,2,1,,,0,1,PASS_THROUGH,-1,0.9996564443741865,0.0008245599482767155,0.026197582370333355,0.16574484573761647,0,0.9996278291222506,0.0007392731581529031,0.027270070031709285,0.7718071318021491,0.15436142636042982,0,0,0,CORRIDOR_CLEAR,1,0,0,0,1
1787562347693416192,1787562347708868608,joint_v2_000002_8ec8982a,744,202,0.03333333333333333,6.733333333333333,15.452384948730469,frame_id_exact,1,,5.626861095428467,13.831844329833984,1.9786672592163086,-0.027192726751354396,0.01588202562498346,-0.47055316313760803,0.8818095245204971,0.5349093675613403,0.35993248224258423,-0.011656002141535282,0.6441873900988137,0.0012222628358210007,0.02892054936102985,-0.9804405802708015,0.002629942959174514,depth/000744.png,1.0,0.0024185957552051024,0.06290428568379226,-0.9980166337477471,0.6441873900988137,0.0012222628358210007,0.02892054936102985,0.002629942959174514,0.9995959686935613,0.0006731923502354715,0.028415597541500616,0.7504373783884976,0.1500874756776995,0.5504372535619017,0.00037069992275657584,0.021332740783691406,0.0016836608728496016,0.5504372535619017,0.00037069992275657584,0.021332740783691406,0.0016836608728496016,goal_capture,TERMINAL_SETTLING,NONE,DIRECT_LOCAL,PASS_THROUGH,0,6,0,0,0,0,1,0.5504373783884975,0.7504373783884976,inf,0.0,0,0,0,CLEAR,none,nan,0.0,0.0,0,0,0,0,0.0385866648582378,0,0,0,1,0.0,0.5504373783884975,,6.250000000000001,14.25,2.0,6.250000000000001,14.25,2.0,6.250000000000001,14.25,2.0,5.719450617280809,0.0,0.0,0,0,2,1,,,0,1,PASS_THROUGH,-1,0.9996564443741865,0.0008245599482767155,0.026197582370333355,0.16574484573761647,0,0.9995959686935613,0.0006731923502354715,0.028415597541500616,0.7507405308839701,0.15014810617679403,0,0,0,CORRIDOR_CLEAR,1,0,0,0,1
1787562347737682944,1787562347753604096,joint_v2_000002_8ec8982a,745,203,0.03333333333333333,6.766666666666667,15.92111587524414,frame_id_exact,1,,5.64492130279541,13.843979835510254,1.9782228469848633,-0.005421021474725396,0.004432244048933657,-0.47076892109282276,0.8822287632309214,0.5465075969696045,0.36668533086776733,-0.014262561686336994,0.6582588778233868,0.00031828916781961343,-0.005220588439407339,-0.9803690542374762,0.002518618945032358,depth/000745.png,1.0,0.002716409509501707,0.013738287640063667,-0.9999019354777225,0.6582588778233868,0.00031828916781961343,-0.005220588439407339,0.002518618945032358,0.9995535479670656,0.0005831572748841435,0.02987247351733441,0.7286786697736426,0.14573573395472852,0.5286785797988306,0.00030844046375716423,0.02177715301513672,0.0014585441918191222,0.5286785797988306,0.00030844046375716423,0.02177715301513672,0.0014585441918191222,goal_capture,TERMINAL_SETTLING,NONE,DIRECT_LOCAL,PASS_THROUGH,0,6,0,0,0,0,1,0.5286786697736425,0.7286786697736426,inf,0.0,0,0,0,CLEAR,none,nan,0.0,0.0,0,0,0,0,0.03342737056982211,0,0,0,1,0.0,0.5286786697736425,,6.250000000000001,14.25,2.0,6.250000000000001,14.25,2.0,6.250000000000001,14.25,2.0,5.719450617280809,0.0,0.0,0,0,2,1,,,0,1,PASS_THROUGH,-1,0.9996564443741865,0.0008245599482767155,0.026197582370333355,0.16574484573761647,0,0.9995535479670656,0.0005831572748841435,0.02987247351733441,0.7290040110839788,0.14580080221679576,0,0,0,CORRIDOR_CLEAR,1,0,0,0,1
1787562347784418816,1787562347803886592,joint_v2_000002_8ec8982a,746,204,0.03333333333333333,6.8,19.467830657958984,frame_id_exact,1,,5.663132190704346,13.856180191040039,1.9777714014053345,0.020175759669331886,-0.009419834294597218,-0.4706628798881545,0.8820321189951171,0.5434356331825256,0.363593190908432,-0.012204536236822605,0.6526626132801062,-0.0005784009310243942,-0.04126045650461779,-0.9802956204582082,0.0023599264677613974,depth/000746.png,1.0,0.002374769492905132,-0.04445846878128271,-0.9990084108872553,0.6526626132801062,-0.0005784009310243942,-0.04126045650461779,0.0023599264677613974,0.9995056272952202,0.0005326573311766078,0.031435923421400606,0.7067587052995822,0.14135174105991644,0.506758633338703,0.00027006221257137213,0.022228598594665527,0.0013323018555491672,0.506758633338703,0.00027006221257137213,0.022228598594665527,0.0013323018555491672,goal_capture,TERMINAL_SETTLING,NONE,DIRECT_LOCAL,PASS_THROUGH,0,6,0,0,0,0,1,0.506758705299582,0.7067587052995822,inf,0.0,0,0,0,CLEAR,none,nan,0.0,0.0,0,0,0,0,0.030534109344166217,0,0,0,1,0.0,0.506758705299582,,6.250000000000001,14.25,2.0,6.250000000000001,14.25,2.0,6.250000000000001,14.25,2.0,5.719450617280809,0.0,0.0,0,0,2,1,,,1,1,PASS_THROUGH,-1,0.9999998579977446,0.0005329207169943703,0.0,0.14135174105991644,0,0.9995056272952202,0.0005326573311766078,0.031435923421400606,0.7071081799217319,0.14142163598434637,0,0,0,CORRIDOR_CLEAR,1,0,0,0,1
1787562347836129536,1787562347852285440,joint_v2_000002_8ec8982a,747,205,0.03333333333333333,6.833333333333333,16.15595817565918,frame_id_exact,1,,5.680969715118408,13.868098258972168,1.9774495363235474,0.04464342574870495,-0.022972397576559667,-0.47019129922323544,0.881135276573223,0.5241483449935913,0.3498627841472626,-0.006859102752059698,0.6263216338613332,-0.001232704379212292,-0.07001566952148373,-0.9802854637846655,0.0022189824376255274,depth/000747.png,1.0,0.0014983209247753648,-0.10027663751411316,-0.9949584669740087,0.6263216338613332,-0.001232704379212292,-0.07001566952148373,0.0022189824376255274,0.9994588759213214,0.0005852949569281991,0.03288788183970099,0.6853060665954416,0.13706121331908833,0.48530598337973235,0.000284200932607088,0.022550463676452637,0.0014640294466378156,0.48530598337973235,0.000284200932607088,0.022550463676452637,0.0014640294466378156,goal_capture,TERMINAL_SETTLING,NONE,DIRECT_LOCAL,PASS_THROUGH,0,6,0,0,0,0,1,0.48530606659544157,0.6853060665954416,inf,0.0,0,0,0,CLEAR,none,nan,0.0,0.0,0,0,0,0,0.03355308335008808,0,0,0,1,0.0,0.48530606659544157,,6.250000000000001,14.25,2.0,6.250000000000001,14.25,2.0,6.250000000000001,14.25,2.0,5.719450617280809,0.0,0.0,0,0,2,1,,,0,1,PASS_THROUGH,-1,0.9995056272952202,0.0005326573311766078,0.031435923421400606,0.14135174105991644,0,0.9994588759213214,0.0005852949569281991,0.03288788183970099,0.6856769854126203,0.13713539708252406,0,0,0,CORRIDOR_CLEAR,1,0,0,0,1
1787562347880661760,1787562347897218048,joint_v2_000002_8ec8982a,748,206,0.03333333333333333,6.866666666666666,16.556262969970703,frame_id_exact,1,,5.6979146003723145,13.879396438598633,1.9773277044296265,0.06315748312231863,-0.03353341836792164,-0.46958970384379817,0.8799841772566767,0.49046680331230164,0.3269030749797821,-0.0006066664354875684,0.583310027497786,-0.0014958710985970855,-0.08468085862210765,-0.9803617660281345,0.0021545218769460917,depth/000748.png,1.0,0.00029845244365966916,-0.142649067646517,-0.989773284356432,0.583310027497786,-0.0014958710985970855,-0.08468085862210765,0.0021545218769460917,0.99941892755049,0.0007542471370430383,0.034076947707867955,0.6649400636188492,0.13298801272376984,0.4649399312154941,0.00035088350075160156,0.022672295570373535,0.001886713802033424,0.4649399312154941,0.00035088350075160156,0.022672295570373535,0.001886713802033424,goal_capture,TERMINAL_SETTLING,NONE,DIRECT_LOCAL,PASS_THROUGH,0,6,0,0,0,0,1,0.46494006361884915,0.6649400636188492,inf,0.0,0,0,0,CLEAR,none,nan,0.0,0.0,0,0,0,0,0.04324029520223852,0,0,0,1,0.0,0.46494006361884915,,6.250000000000001,14.25,2.0,6.250000000000001,14.25,2.0,6.250000000000001,14.25,2.0,5.719450617280809,0.0,0.0,0,0,2,1,,,0,1,PASS_THROUGH,-1,0.9995056272952202,0.0005326573311766078,0.031435923421400606,0.14135174105991644,0,0.99941892755049,0.0007542471370430383,0.034076947707867955,0.6653264771462726,0.13306529542925452,0,0,0,CORRIDOR_CLEAR,1,0,0,0,1
1787562347927508736,1787562347944507904,joint_v2_000002_8ec8982a,749,207,0.03333333333333333,6.9,16.999006271362305,frame_id_exact,1,,5.71356201171875,13.889822959899902,1.977400779724121,0.07209747210351536,-0.03901912761950804,-0.4692208304552129,0.8792674646903614,0.447316974401474,0.29810404777526855,0.00469990586861968,0.5310897614598347,-0.0013342861507316603,-0.08320139996338081,-0.9804859571152442,0.0021707655396312475,depth/000749.png,1.0,-0.00095722736460295,-0.163403097944611,-0.9865589243921907,0.5310897614598347,-0.0013342861507316603,-0.08320139996338081,0.0021707655396312475,0.9993884261527685,0.0009775616991062087,0.03495451394336241,0.6461371491305099,0.12922742982610197,0.44613693569935997,0.00043639326760585694,0.022599220275878906,0.002445399010406746,0.44613693569935997,0.00043639326760585694,0.022599220275878906,0.002445399010406746,goal_capture,TERMINAL_SETTLING,NONE,DIRECT_LOCAL,PASS_THROUGH,0,6,0,0,0,0,1,0.44613714913050995,0.6461371491305099,inf,0.0,0,0,0,CLEAR,none,nan,0.0,0.0,0,0,0,0,0.056044417008709844,0,0,0,1,0.0,0.44613714913050995,,6.250000000000001,14.25,2.0,6.250000000000001,14.25,2.0,6.250000000000001,14.25,2.0,5.719450617280809,0.0,0.0,0,0,2,1,,,0,1,PASS_THROUGH,-1,0.9995056272952202,0.0005326573311766078,0.031435923421400606,0.14135174105991644,0,0.9993884261527685,0.0009775616991062087,0.03495451394336241,0.6465322422304866,0.12930644844609732,0,0,0,CORRIDOR_CLEAR,1,0,0,0,1
1787562347982947328,1787562348016295680,joint_v2_000002_8ec8982a,750,208,0.03333333333333333,6.933333333333334,33.34832191467285,frame_id_exact,1,,5.727705955505371,13.899256706237793,1.977625846862793,0.0698718739874149,-0.03842621518677097,-0.4693140454057034,0.8794234895639531,0.4015081524848938,0.2680000066757202,0.00861767865717411,0.47796556626033043,-0.0008106517320662641,-0.06822994055887839,-0.9805849873990196,0.0022132848389446735,depth/000750.png,1.0,-0.0020021288183485614,-0.15896185948663755,-0.9872826944238136,0.47796556626033043,-0.0008106517320662641,-0.06822994055887839,0.0022132848389446735,0.9993675522361545,0.0011593674887772376,0.03554084135952317,0.6291358573740016,0.12582717147480033,0.4291355686013129,0.0004978406847420891,0.02237415313720703,0.0029002516793688593,0.4291355686013129,0.0004978406847420891,0.02237415313720703,0.0029002516793688593,goal_capture,TERMINAL_SETTLING,NONE,DIRECT_LOCAL,PASS_THROUGH,0,6,0,0,0,0,1,0.42913585737400173,0.6291358573740017,inf,0.0,0,0,0,CLEAR,none,nan,0.0,0.0,0,0,0,0,0.06646887230142595,0,0,0,1,0.0,0.42913585737400173,,6.250000000000001,14.25,2.0,6.250000000000001,14.25,2.0,6.250000000000001,14.25,2.0,5.719450617280809,0.0,0.0,0,0,2,1,,,0,1,PASS_THROUGH,-1,0.9995056272952202,0.0005326573311766078,0.031435923421400606,0.14135174105991644,0,0.9993675522361545,0.0011593674887772376,0.03554084135952317,0.6295335811236183,0.12590671622472366,0,0,0,CORRIDOR_CLEAR,1,0,0,0,1
1787562348054942208,1787562348073028352,joint_v2_000002_8ec8982a,751,209,0.03333333333333333,6.966666666666667,18.08619499206543,frame_id_exact,1,,5.740378379821777,13.90772819519043,1.9779661893844604,0.057249187052831066,-0.03204011454130255,-0.4698017057964125,0.8803308008202095,0.3601128160953522,0.24119774997234344,0.011776847764849663,0.431237536921023,-4.6275832541615725e-05,-0.04506077740074143,-0.9806032028614716,0.0022129497956484556,depth/000751.png,1.0,-0.0026202679192763798,-0.13090144629988223,-0.9913919232839403,0.431237536921023,-4.6275832541615725e-05,-0.04506077740074143,0.0022129497956484556,0.9993557486581605,0.0012297209779835937,0.03586886407741474,0.6138926486941166,0.12277852973882333,0.4138923353437859,0.0005093002047391623,0.02203381061553955,0.0030762827926111846,0.4138923353437859,0.0005093002047391623,0.02203381061553955,0.0030762827926111846,goal_capture,TERMINAL_SETTLING,NONE,DIRECT_LOCAL,PASS_THROUGH,0,6,0,0,0,0,1,0.4138926486941167,0.6138926486941166,inf,0.0,0,0,0,CLEAR,none,nan,0.0,0.0,0,0,0,0,0.07050320824213584,0,0,0,1,0.0,0.4138926486941167,,6.250000000000001,14.25,2.0,6.250000000000001,14.25,2.0,6.250000000000001,14.25,2.0,5.719450617280809,0.0,0.0,0,0,2,1,,,0,1,PASS_THROUGH,-1,0.9995056272952202,0.0005326573311766078,0.031435923421400606,0.14135174105991644,0,0.9993557486581605,0.0012297209779835937,0.03586886407741474,0.6142879397570162,0.12285758795140325,0,0,0,CORRIDOR_CLEAR,1,0,0,0,1
1787562348101926912,1787562348120881152,joint_v2_000002_8ec8982a,752,210,0.03333333333333333,7.0,18.95427703857422,frame_id_exact,1,,5.751829147338867,13.915414810180664,1.978408694267273,0.037122781340905124,-0.021332719926098136,-0.4703812921223866,0.8814239922916463,0.32900530099868774,0.22143130004405975,0.014817704446613789,0.396394545851822,0.0008087999950565127,-0.01914635607635292,-0.9805391383556882,0.002138982294127345,depth/000752.png,1.0,-0.0026826186187783874,-0.08551084499558691,-0.99633362833214,0.396394545851822,0.0008087999950565127,-0.01914635607635292,0.002138982294127345,0.9993526814134156,0.00117114574226979,0.03595617567910341,0.6001011978721272,0.12002023957442545,0.40010092313096435,0.0004688800073466829,0.02159130573272705,0.0029297595031191337,0.40010092313096435,0.0004688800073466829,0.02159130573272705,0.0029297595031191337,goal_capture,TERMINAL_SETTLING,NONE,DIRECT_LOCAL,PASS_THROUGH,0,6,0,0,0,0,1,0.4001011978721272,0.6001011978721272,inf,0.0,0,0,0,CLEAR,none,nan,0.0,0.0,0,0,0,0,0.06714514180682861,0,0,0,1,0.0,0.4001011978721272,,6.250000000000001,14.25,2.0,6.250000000000001,14.25,2.0,6.250000000000001,14.25,2.0,5.719450617280809,0.0,0.0,0,0,2,1,,,1,1,PASS_THROUGH,-1,0.999999313320819,0.001171903533007023,0.0,0.12002023957442545,0,0.9993526814134156,0.00117114574226979,0.03595617567910341,0.6004894938055171,0.12009789876110341,0,0,0,CORRIDOR_CLEAR,1,0,0,0,1
1787562348154516224,1787562348171145728,joint_v2_000002_8ec8982a,753,211,0.03333333333333333,7.033333333333333,16.629457473754883,frame_id_exact,1,,5.762467384338379,13.922593116760254,1.978948950767517,0.013854081181035037,-0.008623431457901648,-0.4707424582067063,0.8821197418185512,0.31176382303237915,0.21086803078651428,0.017519207671284676,0.3767475809162249,0.001594085516515943,0.005258285092611189,-0.9804417020694746,0.002023985143750906,depth/000753.png,1.0,-0.0021703897997569464,-0.03256074767443508,-0.9994674017290404,0.3767475809162249,0.001594085516515943,0.005258285092611189,0.002023985143750906,0.9993576323045564,0.001026629719784987,0.035822741185582915,0.5872676719577092,0.11745353439154185,0.3872674676114447,0.0003978358486531006,0.02105104923248291,0.0025682231401874533,0.3872674676114447,0.0003978358486531006,0.02105104923248291,0.0025682231401874533,goal_capture,TERMINAL_SETTLING,NONE,DIRECT_LOCAL,PASS_THROUGH,0,6,0,0,0,0,1,0.38726767195770917,0.5872676719577092,inf,0.0,0,0,0,CLEAR,none,nan,0.0,0.0,0,0,0,0,0.058859338712230494,0,0,0,1,0.0,0.38726767195770917,,6.250000000000001,14.25,2.0,6.250000000000001,14.25,2.0,6.250000000000001,14.25,2.0,5.719450617280809,0.0,0.0,0,0,2,1,,,0,1,PASS_THROUGH,-1,0.9993526814134156,0.00117114574226979,0.03595617567910341,0.12002023957442545,0,0.9993576323045564,0.001026629719784987,0.035822741185582915,0.5876448461446897,0.11752896922893794,0,0,0,CORRIDOR_CLEAR,1,0,0,0,1
1787562348198610176,1787562348216753152,joint_v2_000002_8ec8982a,754,212,0.03333333333333333,7.066666666666666,18.143177032470703,frame_id_exact,1,,5.772775650024414,13.92957592010498,1.9795598983764648,-0.0076136130074896825,0.0033921244522935223,-0.4707772670203241,0.8822127244863037,0.3089834749698639,0.20969481766223907,0.018830982968211174,0.3730491447618084,0.0021562511634021235,0.02503989720036594,-0.9803703828628721,0.0019437196897342801,depth/000754.png,1.0,-0.001183481137923808,0.016627522707130783,-0.9998610527773447,0.3730491447618084,0.0021562511634021235,0.02503989720036594,0.0019437196897342801,0.999367989124151,0.0008684846598255698,0.035536854789723966,0.5748170762827,0.11496341525654,0.37481693474811945,0.000325728622103347,0.020440101623535156,0.002172584199826577,0.37481693474811945,0.000325728622103347,0.020440101623535156,0.002172584199826577,goal_capture,TERMINAL_SETTLING,NONE,DIRECT_LOCAL,PASS_THROUGH,0,6,0,0,0,0,1,0.37481707628269995,0.5748170762827,inf,0.0,0,0,0,CLEAR,none,nan,0.0,0.0,0,0,0,0,0.04979196211474798,0,0,0,1,0.0,0.37481707628269995,,6.250000000000001,14.25,2.0,6.250000000000001,14.25,2.0,6.250000000000001,14.25,2.0,5.719450617280809,0.0,0.0,0,0,2,1,,,0,1,PASS_THROUGH,-1,0.9993526814134156,0.00117114574226979,0.03595617567910341,0.12002023957442545,0,0.999367989124151,0.0008684846598255698,0.035536854789723966,0.5751803794815777,0.11503607589631555,0,0,0,CORRIDOR_CLEAR,1,0,0,0,1
1787562348252940800,1787562348268432128,joint_v2_000002_8ec8982a,755,213,0.03333333333333333,7.1,15.491247177124023,frame_id_exact,1,,5.783201694488525,13.936656951904297,1.9801770448684692,-0.022748224646177873,0.01217926531453559,-0.4706230998299073,0.8819569613526129,0.3181758522987366,0.21609650552272797,0.01779995672404766,0.38318357880427983,0.0023726726012950282,0.03761816720696502,-0.9803508551252836,0.00195417576469481,depth/000755.png,1.0,7.149565940751598e-05,0.051589597362174534,-0.9986683675436904,0.38318357880427983,0.0023726726012950282,0.03761816720696502,0.00195417576469481,0.9993787230150345,0.0007299661260105344,0.03523684342124705,0.5622139484380398,0.11244278968760797,0.36221385181510657,0.0002645682123380956,0.01982295513153076,0.0018260494729985255,0.36221385181510657,0.0002645682123380956,0.01982295513153076,0.0018260494729985255,goal_capture,TERMINAL_SETTLING,NONE,DIRECT_LOCAL,PASS_THROUGH,0,6,0,0,0,0,1,0.3622139484380398,0.5622139484380398,inf,0.0,0,0,0,CLEAR,none,nan,0.0,0.0,0,0,0,0,0.04184997119396148,0,0,0,1,0.0,0.3622139484380398,,6.250000000000001,14.25,2.0,6.250000000000001,14.25,2.0,6.250000000000001,14.25,2.0,5.719450617280809,0.0,0.0,0,0,2,1,,,0,1,PASS_THROUGH,-1,0.9993526814134156,0.00117114574226979,0.03595617567910341,0.12002023957442545,0,0.9993787230150345,0.0007299661260105344,0.03523684342124705,0.5625633060984672,0.11251266121969343,0,0,0,CORRIDOR_CLEAR,1,0,0,0,1
1787562348294614784,1787562348309851904,joint_v2_000002_8ec8982a,756,214,0.03333333333333333,7.133333333333334,15.237092971801758,frame_id_exact,1,,5.794066429138184,13.944028854370117,1.9807204008102417,-0.0284106885648244,0.015908600757859374,-0.47051596356430303,0.8817904950884622,0.3344002664089203,0.22671209275722504,0.014557295478880405,0.40219807282770326,0.002179855975191001,0.04081402295762829,-0.9803597076620415,0.0020350925624370575,depth/000756.png,1.0,0.0013207408656676495,0.06507505149984924,-0.9978794983943992,0.40219807282770326,0.002179855975191001,0.04081402295762829,0.0020350925624370575,0.9993839417418633,0.0006196738430296175,0.03509063967533678,0.549084477104271,0.1098168954208542,0.34908440999816914,0.00021645182481946687,0.0192795991897583,0.0015501393852057621,0.34908440999816914,0.00021645182481946687,0.0192795991897583,0.0015501393852057621,goal_capture,TERMINAL_SETTLING,NONE,DIRECT_LOCAL,PASS_THROUGH,0,6,0,0,0,0,1,0.34908447710427104,0.549084477104271,inf,0.0,0,0,0,CLEAR,none,nan,0.0,0.0,0,0,0,0,0.035526577771717735,0,0,0,1,0.0,0.34908447710427104,,6.250000000000001,14.25,2.0,6.250000000000001,14.25,2.0,6.250000000000001,14.25,2.0,5.719450617280809,0.0,0.0,0,0,2,1,,,0,1,PASS_THROUGH,-1,0.9993526814134156,0.00117114574226979,0.03595617567910341,0.12002023957442545,0,0.9993839417418633,0.0006196738430296175,0.03509063967533678,0.5494228480339969,0.10988456960679938,0,0,0,CORRIDOR_CLEAR,1,0,0,0,1
1787562348337211904,1787562348354015232,joint_v2_000002_8ec8982a,757,215,0.03333333333333333,7.166666666666667,16.803503036499023,frame_id_exact,1,,5.805503845214844,13.951769828796387,1.9811370372772217,-0.023582811228047618,0.01387993587749135,-0.470576673506346,0.8819346873472667,0.35143500566482544,0.23742824792861938,0.010478704236447811,0.4229115857555609,0.0015989741591641423,0.03364183822147637,-0.9803506003496941,0.0021071499213576317,depth/000757.png,1.0,0.0022873520977853765,0.054660146601778106,-0.998502396789238,0.4229115857555609,0.0015989741591641423,0.03364183822147637,0.0021071499213576317,0.9993795249815022,0.0005090681490760628,0.0352179769062169,0.5352738239769687,0.10705476479539373,0.33527378047984663,0.00017078316955287164,0.01886296272277832,0.001273460412989369,0.33527378047984663,0.00017078316955287164,0.01886296272277832,0.001273460412989369,goal_capture,TERMINAL_SETTLING,NONE,DIRECT_LOCAL,PASS_THROUGH,0,6,0,0,0,0,1,0.3352738239769687,0.5352738239769687,inf,0.0,0,0,0,CLEAR,none,nan,0.0,0.0,0,0,0,0,0.029185562816511055,0,0,0,1,0.0,0.3352738239769687,,6.250000000000001,14.25,2.0,6.250000000000001,14.25,2.0,6.250000000000001,14.25,2.0,5.719450617280809,0.0,0.0,0,0,2,1,,,0,1,PASS_THROUGH,-1,0.9993526814134156,0.00117114574226979,0.03595617567910341,0.12002023957442545,0,0.9993795249815022,0.0005090681490760628,0.0352179769062169,0.5356060847279536,0.10712121694559071,0,0,0,CORRIDOR_CLEAR,1,0,0,0,1
1787562348379504896,1787562348396281856,joint_v2_000002_8ec8982a,758,216,0.03333333333333333,7.2,16.77703857421875,frame_id_exact,1,,5.8174357414245605,13.959814071655273,1.9814302921295166,-0.009576477082300337,0.006673109162973645,-0.47071238355140554,0.8822095061107343,0.36308717727661133,0.24424250423908234,0.0074071423150599,0.43730211453282986,0.0007470433248395524,0.017546153092278013,-0.9803007353022998,0.0021012015640735626,depth/000758.png,1.0,0.002758627970909989,0.023179148473717992,-0.9997275214015824,0.43730211453282986,0.0007470433248395524,0.017546153092278013,0.0021012015640735626,0.9993650505090206,0.0003976358556845007,0.035627765953385813,0.5208835866162527,0.10417671732325054,0.32088356121587236,0.0001276758771723933,0.0185697078704834,0.0009947211844610337,0.32088356121587236,0.0001276758771723933,0.0185697078704834,0.0009947211844610337,goal_capture,TERMINAL_SETTLING,NONE,DIRECT_LOCAL,PASS_THROUGH,0,6,0,0,0,0,1,0.32088358661625266,0.5208835866162527,inf,0.0,0,0,0,CLEAR,none,nan,0.0,0.0,0,0,0,0,0.022797330264748592,0,0,0,1,0.0,0.32088358661625266,,6.250000000000001,14.25,2.0,6.250000000000001,14.25,2.0,6.250000000000001,14.25,2.0,5.719450617280809,0.0,0.0,0,0,2,1,,,1,1,PASS_THROUGH,-1,0.9999999208423823,0.0003978884632858132,0.0,0.10417671732325054,0,0.9993650505090206,0.0003976358556845007,0.035627765953385813,0.5212144902596303,0.10424289805192606,0,0,0,CORRIDOR_CLEAR,1,0,0,0,1
1787562348433403136,1787562348448092160,joint_v2_000002_8ec8982a,759,217,0.03333333333333333,7.233333333333333,14.688968658447266,frame_id_exact,1,,5.829593181610107,13.967974662780762,1.981656551361084,0.01032728349886782,-0.004016494458243624,-0.47071306394303036,0.8822167683858462,0.3643893301486969,0.24403533339500427,0.006517265923321247,0.43859485958670014,-0.00018251603864786136,-0.0031334419670193065,-0.9802341238089733,0.0020078581292182207,depth/000759.png,1.0,0.002635536993538041,-0.0220030381746514,-0.9997544299756018,0.43859485958670014,-0.00018251603864786136,-0.0031334419670193065,0.0020078581292182207,0.9993441203226084,0.00032324519946765794,0.03621083662624619,0.5062412308201871,0.10124824616403742,0.3062412147999966,9.905597136177569e-05,0.018343448638916016,0.000808643343221116,0.3062412147999966,9.905597136177569e-05,0.018343448638916016,0.000808643343221116,goal_capture,TERMINAL_SETTLING,NONE,DIRECT_LOCAL,PASS_THROUGH,0,6,0,0,0,0,1,0.3062412308201871,0.5062412308201871,inf,0.0,0,0,0,CLEAR,none,nan,0.0,0.0,0,0,0,0,0.018532740279167525,0,0,0,1,0.0,0.3062412308201871,,6.250000000000001,14.25,2.0,6.250000000000001,14.25,2.0,6.250000000000001,14.25,2.0,5.719450617280809,0.0,0.0,0,0,2,1,,,0,1,PASS_THROUGH,-1,0.9993650505090206,0.0003976358556845007,0.035627765953385813,0.10417671732325054,0,0.9993441203226084,0.00032324519946765794,0.03621083662624619,0.5065734555721475,0.1013146911144295,0,0,0,CORRIDOR_CLEAR,1,0,0,0,1
1787562348473598976,1787562348490332672,joint_v2_000002_8ec8982a,760,218,0.03333333333333333,7.266666666666667,16.733646392822266,frame_id_exact,1,,5.841580867767334,13.97598648071289,1.981889009475708,0.03164480106740704,-0.0157772463293074,-0.47045154144880236,0.8817170930701721,0.35261979699134827,0.2352128028869629,0.00760887423530221,0.42334741565354794,-0.0009726429766158585,-0.022353936216956343,-0.9802030379654343,0.0018782707629725337,depth/000760.png,1.0,0.001952555341746768,-0.07064838372675628,-0.9974993701273371,0.42334741565354794,-0.0009726429766158585,-0.022353936216956343,0.0018782707629725337,0.9993226182315492,0.00034277895530848067,0.036799282512424536,0.49182272855754816,0.09836454571150963,0.29182271139009197,0.00010009848903708482,0.018110990524291992,0.0008575282286507613,0.29182271139009197,0.00010009848903708482,0.018110990524291992,0.0008575282286507613,goal_capture,TERMINAL_SETTLING,NONE,DIRECT_LOCAL,PASS_THROUGH,0,6,0,0,0,0,1,0.29182272855754815,0.49182272855754816,inf,0.0,0,0,0,CLEAR,none,nan,0.0,0.0,0,0,0,0,0.019653099326007225,0,0,0,1,0.0,0.29182272855754815,,6.250000000000001,14.25,2.0,6.250000000000001,14.25,2.0,6.250000000000001,14.25,2.0,5.719450617280809,0.0,0.0,0,0,2,1,,,0,1,PASS_THROUGH,-1,0.9993650505090206,0.0003976358556845007,0.035627765953385813,0.10417671732325054,0,0.9993226182315492,0.00034277895530848067,0.036799282512424536,0.4921560771783304,0.09843121543566608,0,0,0,CORRIDOR_CLEAR,1,0,0,0,1
1787562348519619584,1787562348535815424,joint_v2_000002_8ec8982a,761,219,0.03333333333333333,7.3,16.196012496948242,frame_id_exact,1,,5.852956295013428,13.983563423156738,1.9821733236312866,0.049656372354273726,-0.026003659578720743,-0.47001474897135115,0.8808769438023257,0.3279920816421509,0.21811923384666443,0.009391002357006073,0.3924704604893366,-0.0014473874226905153,-0.03475398440486066,-0.9802437459302182,0.0017838551430031657,depth/000761.png,1.0,0.0008664064190846074,-0.11192651409794369,-0.9937161087462555,0.3924704604893366,-0.0014473874226905153,-0.03475398440486066,0.0017838551430031657,0.999305627084601,0.0004788614725676662,0.03725633327022962,0.4781549468001144,0.09563098936002287,0.278154914864164,0.00013329022525610296,0.01782667636871338,0.0011979854384278066,0.278154914864164,0.00013329022525610296,0.01782667636871338,0.0011979854384278066,goal_capture,TERMINAL_SETTLING,NONE,DIRECT_LOCAL,PASS_THROUGH,0,6,0,0,0,0,1,0.2781549468001144,0.4781549468001144,inf,0.0,0,0,0,CLEAR,none,nan,0.0,0.0,0,0,0,0,0.027455803816017147,0,0,0,1,0.0,0.2781549468001144,,6.250000000000001,14.25,2.0,6.250000000000001,14.25,2.0,6.250000000000001,14.25,2.0,5.719450617280809,0.0,0.0,0,0,2,1,,,0,1,PASS_THROUGH,-1,0.9993650505090206,0.0003976358556845007,0.035627765953385813,0.10417671732325054,0,0.999305627084601,0.0004788614725676662,0.03725633327022962,0.4784871404121276,0.09569742808242551,0,0,0,CORRIDOR_CLEAR,1,0,0,0,1
1787562348562166784,1787562348577678848,joint_v2_000002_8ec8982a,762,220,0.03333333333333333,7.333333333333333,15.512228012084961,frame_id_exact,1,,5.86333703994751,13.990461349487305,1.9825092554092407,0.06041008458518497,-0.03245138303612063,-0.4696574205244467,0.8801814794494239,0.29368066787719727,0.19500571489334106,0.010552204214036465,0.35065243309726735,-0.0015181439427111218,-0.03778199229222861,-0.9803429790407808,0.0017612717347219586,depth/000762.png,1.0,-0.0003821236619419577,-0.13682574094609629,-0.9905950588389075,0.35065243309726735,-0.0015181439427111218,-0.03778199229222861,0.0017612717347219586,0.999295174452019,0.0006993316952476212,0.03753218954562541,0.46569148133340954,0.09313829626668191,0.265691416271573,0.00018593748204162833,0.017490744590759277,0.0017495620887592045,0.265691416271573,0.00018593748204162833,0.017490744590759277,0.0017495620887592045,goal_capture,TERMINAL_SETTLING,NONE,DIRECT_LOCAL,PASS_THROUGH,0,6,0,0,0,0,1,0.26569148133340953,0.46569148133340954,inf,0.0,0,0,0,CLEAR,none,nan,0.0,0.0,0,0,0,0,0.04009700947279806,0,0,0,1,0.0,0.26569148133340953,,6.250000000000001,14.25,2.0,6.250000000000001,14.25,2.0,6.250000000000001,14.25,2.0,5.719450617280809,0.0,0.0,0,0,2,1,,,0,1,PASS_THROUGH,-1,0.9993650505090206,0.0003976358556845007,0.035627765953385813,0.10417671732325054,0,0.999295174452019,0.0006993316952476212,0.03753218954562541,0.4660198299781293,0.09320396599562586,0,0,0,CORRIDOR_CLEAR,1,0,0,0,1
1787562348606671872,1787562348626007040,joint_v2_000002_8ec8982a,763,221,0.03333333333333333,7.366666666666666,19.335269927978516,frame_id_exact,1,,5.872485160827637,13.996538162231445,1.9828660488128662,0.061583517087960726,-0.033726658874618044,-0.46961296112937423,0.8800759340213393,0.255032479763031,0.16947224736213684,0.010697584599256516,0.3046835829002802,-0.0011926490101007172,-0.03230075193705502,-0.9804448989991403,0.0017875408520922065,depth/000763.png,1.0,-0.0015232059881198287,-0.14007329492923162,-0.990139965808464,0.3046835829002802,-0.0011926490101007172,-0.03230075193705502,0.0017875408520922065,0.9992904003912416,0.000917325355050951,0.037654404790212814,0.45470909051870634,0.09094181810374127,0.2547089831994785,0.00023381692484651613,0.01713395118713379,0.002294941232851011,0.2547089831994785,0.00023381692484651613,0.01713395118713379,0.002294941232851011,goal_capture,TERMINAL_SETTLING,NONE,DIRECT_LOCAL,PASS_THROUGH,0,6,0,0,0,0,1,0.2547090905187064,0.4547090905187064,inf,0.0,0,0,0,CLEAR,none,nan,0.0,0.0,0,0,0,0,0.05259617874916514,0,0,0,1,0.0,0.2547090905187064,,6.250000000000001,14.25,2.0,6.250000000000001,14.25,2.0,6.250000000000001,14.25,2.0,5.719450617280809,0.0,0.0,0,0,2,1,,,0,1,PASS_THROUGH,-1,0.9993650505090206,0.0003976358556845007,0.035627765953385813,0.10417671732325054,0,0.9992904003912416,0.000917325355050951,0.037654404790212814,0.455031789311068,0.0910063578622136,0,0,0,CORRIDOR_CLEAR,1,0,0,0,1
1787562348654332672,1787562348670875136,joint_v2_000002_8ec8982a,764,222,0.03333333333333333,7.4,16.542434692382812,frame_id_exact,1,,5.880359172821045,14.001779556274414,1.9832175970077515,0.05297494170839622,-0.02958296833355663,-0.4699129548232429,0.8806249590063052,0.2182588130235672,0.14559079706668854,0.010414312593638897,0.2616910315461857,-0.0005576379978545319,-0.021436898281345138,-0.9804908641812801,0.0018067775527015328,depth/000764.png,1.0,-0.002315777772483228,-0.12110495186476371,-0.9926370070711357,0.2616910315461857,-0.0005576379978545319,-0.021436898281345138,0.0018067775527015328,0.9992898608099117,0.0010474492991192764,0.03766532798839243,0.4452501878729189,0.08905003757458378,0.24525005314361858,0.0002570695514372886,0.016782402992248535,0.002620483196577872,0.24525005314361858,0.0002570695514372886,0.016782402992248535,0.002620483196577872,goal_capture,TERMINAL_SETTLING,NONE,DIRECT_LOCAL,PASS_THROUGH,0,6,0,0,0,0,1,0.24525018787291888,0.4452501878729189,inf,0.0,0,0,0,CLEAR,none,nan,0.0,0.0,0,0,0,0,0.06005705097954516,0,0,0,1,0.0,0.24525018787291888,,6.250000000000001,14.25,2.0,6.250000000000001,14.25,2.0,6.250000000000001,14.25,2.0,5.719450617280809,0.0,0.0,0,0,2,1,,,1,1,PASS_THROUGH,-1,0.9999994506454756,0.0010481930866878604,0.0,0.08905003757458378,0,0.9992898608099117,0.0010474492991192764,0.03766532798839243,0.4455663574048918,0.08911327148097836,0,0,0,CORRIDOR_CLEAR,1,0,0,0,1
1787562348701109760,1787562348718395136,joint_v2_000002_8ec8982a,765,223,0.03333333333333333,7.433333333333334,17.285585403442383,frame_id_exact,1,,5.887120723724365,14.006303787231445,1.9835646152496338,0.036484145366353964,-0.020940288708166117,-0.4703645651205949,0.8814689939666733,0.18907317519187927,0.12701714038848877,0.010544502176344395,0.22785669989872523,0.0002471313012750511,-0.00862955926668817,-0.9804614743876824,0.0017791592981666327,depth/000765.png,1.0,-0.0025947321038344573,-0.08401842540706031,-0.9964608228914108,0.22785669989872523,0.0002471313012750511,-0.00862955926668817,0.0017791592981666327,0.9992933288916713,0.0010489660184943342,0.037573162002871946,0.43711464545135725,0.08742292909027145,0.23711451481475176,0.0002489009596494666,0.01643538475036621,0.002624268577819666,0.23711451481475176,0.0002489009596494666,0.01643538475036621,0.002624268577819666,goal_capture,TERMINAL_SETTLING,NONE,DIRECT_LOCAL,PASS_THROUGH,0,6,0,0,0,0,1,0.23711464545135724,0.43711464545135725,inf,0.0,0,0,0,CLEAR,none,nan,0.0,0.0,0,0,0,0,0.060143805527146287,0,0,0,1,0.0,0.23711464545135724,,6.250000000000001,14.25,2.0,6.250000000000001,14.25,2.0,6.250000000000001,14.25,2.0,5.719450617280809,0.0,0.0,0,0,2,1,,,0,1,PASS_THROUGH,-1,0.9992898608099117,0.0010474492991192764,0.03766532798839243,0.08905003757458378,0,0.9992933288916713,0.0010489660184943342,0.037573162002871946,0.4374235191893074,0.08748470383786147,0,0,0,CORRIDOR_CLEAR,1,0,0,0,1
1787562348745336832,1787562348763158784,joint_v2_000002_8ec8982a,766,224,0.03333333333333333,7.466666666666667,17.8220272064209,frame_id_exact,1,,5.89309549331665,14.010334968566895,1.9839272499084473,0.01563918457030594,-0.009650114436388567,-0.4706986690765976,0.8821026324225885,0.17155376076698303,0.1162661537528038,0.011318786069750786,0.20751320181025854,0.0010536509624788565,0.0037131057031586437,-0.9803874225013571,0.001712591154500842,depth/000766.png,1.0,-0.002302095969662625,-0.03667532380010911,-0.999324582394681,0.20751320181025854,0.0010536509624788565,0.0037131057031586437,0.001712591154500842,0.999301413313567,0.0009387953477231215,0.03736046055393904,0.4299071460009908,0.08598142920019816,0.22990704454655464,0.00021598654915676882,0.016072750091552734,0.0023486283993795487,0.22990704454655464,0.00021598654915676882,0.016072750091552734,0.0023486283993795487,goal_capture,TERMINAL_SETTLING,NONE,DIRECT_LOCAL,PASS_THROUGH,0,6,0,0,0,0,1,0.22990714600099074,0.4299071460009908,inf,0.0,0,0,0,CLEAR,none,nan,0.0,0.0,0,0,0,0,0.05382659797160563,0,0,0,1,0.0,0.22990714600099074,,6.250000000000001,14.25,2.0,6.250000000000001,14.25,2.0,6.250000000000001,14.25,2.0,5.719450617280809,0.0,0.0,0,0,2,1,,,0,1,PASS_THROUGH,-1,0.9992898608099117,0.0010474492991192764,0.03766532798839243,0.08905003757458378,0,0.999301413313567,0.0009387953477231215,0.03736046055393904,0.4302074935170501,0.08604149870341002,0,0,0,CORRIDOR_CLEAR,1,0,0,0,1
1787562348791069440,1787562348807651584,joint_v2_000002_8ec8982a,767,225,0.03333333333333333,7.5,16.582012176513672,frame_id_exact,1,,5.898705959320068,14.014152526855469,1.9843181371688843,-0.005164815369961424,0.0019057706849361633,-0.47076499367668206,0.8822414711681175,0.1673206090927124,0.11420516669750214,0.012056619860231876,0.20243004860287991,0.0016931459562355671,0.014268044344661402,-0.9803233166981209,0.0016570943407714367,depth/000767.png,1.0,-0.0015001286843879373,0.010907568869499302,-0.9999393854405813,0.20243004860287991,0.0016931459562355671,0.014268044344661402,0.0016570943407714367,0.9993135963376357,0.0007765661863137538,0.03703691563426043,0.42312118075782323,0.08462423615156464,0.2231211133882234,0.0001733873258054103,0.015681862831115723,0.0019427485847317572,0.2231211133882234,0.0001733873258054103,0.015681862831115723,0.0019427485847317572,goal_capture,TERMINAL_SETTLING,NONE,DIRECT_LOCAL,PASS_THROUGH,0,6,0,0,0,0,1,0.22312118075782317,0.4231211807578232,inf,0.0,0,0,0,CLEAR,none,nan,0.0,0.0,0,0,0,0,0.0445245178240574,0,0,0,1,0.0,0.22312118075782317,,6.250000000000001,14.25,2.0,6.250000000000001,14.25,2.0,6.250000000000001,14.25,2.0,5.719450617280809,0.0,0.0,0,0,2,1,,,0,1,PASS_THROUGH,-1,0.9992898608099117,0.0010474492991192764,0.03766532798839243,0.08905003757458378,0,0.9993135963376357,0.0007765661863137538,0.03703691563426043,0.4234116843306859,0.08468233686613717,0,0,0,CORRIDOR_CLEAR,1,0,0,0,1
1787562348833572864,1787562348850393344,joint_v2_000002_8ec8982a,768,226,0.03333333333333333,7.533333333333333,16.820430755615234,frame_id_exact,1,,5.904385089874268,14.018035888671875,1.9847184419631958,-0.021567620210297473,0.011302673719509852,-0.4706243763262071,0.881997609822625,0.17516866326332092,0.1198553591966629,0.011708350852131844,0.211416936713579,0.0020269713837000798,0.022027788244683343,-0.9803041459953118,0.0016611221944913268,depth/000768.png,1.0,-0.0003626332101981204,0.04868380649021489,-0.9988141746505094,0.211416936713579,0.0020269713837000798,0.022027788244683343,0.0016611221944913268,0.9993265607273374,0.0006167387935043722,0.03668848127316998,0.41624153450306406,0.08324830690061281,0.216241493322085,0.00013345439112513133,0.0152815580368042,0.0015428858279181723,0.216241493322085,0.00013345439112513133,0.0152815580368042,0.0015428858279181723,goal_capture,TERMINAL_SETTLING,NONE,DIRECT_LOCAL,PASS_THROUGH,0,6,0,0,0,0,1,0.21624153450306405,0.41624153450306406,inf,0.0,0,0,0,CLEAR,none,nan,0.0,0.0,0,0,0,0,0.03536033848410363,0,0,0,1,0.0,0.21624153450306405,,6.250000000000001,14.25,2.0,6.250000000000001,14.25,2.0,6.250000000000001,14.25,2.0,5.719450617280809,0.0,0.0,0,0,2,1,,,0,1,PASS_THROUGH,-1,0.9992898608099117,0.0010474492991192764,0.03766532798839243,0.08905003757458378,0,0.9993265607273374,0.0006167387935043722,0.03668848127316998,0.4165219574782315,0.08330439149564631,0,0,0,CORRIDOR_CLEAR,1,0,0,0,1
1787562348885226496,1787562348901440768,joint_v2_000002_8ec8982a,769,227,0.03333333333333333,7.566666666666666,16.214370727539062,frame_id_exact,1,,5.910477161407471,14.022201538085938,1.9850804805755615,-0.030168530751673257,0.01658435285797692,-0.4704756723983574,0.8817411528753101,0.19134992361068726,0.1306198537349701,0.009783748537302017,0.23045105553146458,0.0019761402473413474,0.025699553792987308,-0.9803216273434591,0.001720295986160636,depth/000769.png,1.0,0.0008590932360390269,0.06880673929536588,-0.9976296379851349,0.23045105553146458,0.0019761402473413474,0.025699553792987308,0.001720295986160636,0.9993347757886832,0.00047820167479381944,0.03646611060341424,0.40886170910998976,0.08177234182199795,0.20886168519727177,9.994449315820902e-05,0.014919519424438477,0.0011962999033948707,0.20886168519727177,9.994449315820902e-05,0.014919519424438477,0.0011962999033948707,goal_capture,TERMINAL_SETTLING,NONE,DIRECT_LOCAL,PASS_THROUGH,0,6,0,0,0,0,1,0.20886170910998972,0.40886170910998976,inf,0.0,0,0,0,CLEAR,none,nan,0.0,0.0,0,0,0,0,0.027417174198573677,0,0,0,1,0.0,0.20886170910998972,,6.250000000000001,14.25,2.0,6.250000000000001,14.25,2.0,6.250000000000001,14.25,2.0,5.719450617280809,0.0,0.0,0,0,2,1,,,0,1,PASS_THROUGH,-1,0.9992898608099117,0.0010474492991192764,0.03766532798839243,0.08905003757458378,0,0.9993347757886832,0.00047820167479381944,0.03646611060341424,0.4091338280272093,0.08182676560544186,0,0,0,CORRIDOR_CLEAR,1,0,0,0,1
1787562348933821952,1787562348952807168,joint_v2_000002_8ec8982a,770,228,0.03333333333333333,7.6,18.985271453857422,frame_id_exact,1,,5.917173385620117,14.026762008666992,1.9853585958480835,-0.02929274491386278,0.016702854155584042,-0.47047816614928756,0.8817671149091874,0.21047241985797882,0.1429043412208557,0.006847558543086052,0.2533579999110656,0.0015421869892013327,0.023969248194215434,-0.9803358208063633,0.0017725953366607428,depth/000770.png,1.0,0.00189286122193048,0.06737541472609149,-0.9977258995169374,0.2533579999110656,0.0015421869892013327,0.023969248194215434,0.0017725953366607428,0.9993332359567052,0.0003521454502207768,0.036509717964973876,0.4007602225944734,0.08015204451889468,0.20076021013008044,7.074396411422453e-05,0.014641404151916504,0.0008809509755472456,0.20076021013008044,7.074396411422453e-05,0.014641404151916504,0.0008809509755472456,goal_capture,TERMINAL_SETTLING,NONE,DIRECT_LOCAL,PASS_THROUGH,0,6,0,0,0,0,1,0.2007602225944734,0.4007602225944734,inf,0.0,0,0,0,CLEAR,none,nan,0.0,0.0,0,0,0,0,0.020189909142715904,0,0,0,1,0.0,0.2007602225944734,,6.250000000000001,14.25,2.0,6.250000000000001,14.25,2.0,6.250000000000001,14.25,2.0,5.719450617280809,0.0,0.0,0,0,2,1,,,1,1,PASS_THROUGH,-1,0.999999937914031,0.0003523803829263577,0.0,0.08015204451889468,0,0.9993332359567052,0.0003521454502207768,0.036509717964973876,0.4010275884892605,0.0802055176978521,0,0,0,CORRIDOR_CLEAR,1,0,0,0,1
1787562348984979200,1787562349008178688,joint_v2_000002_8ec8982a,771,229,0.03333333333333333,7.633333333333334,23.19955825805664,frame_id_exact,1,,5.924474239349365,14.031704902648926,1.9855395555496216,-0.019363471571975575,0.01175425766716961,-0.47061833213272397,0.8820460752454989,0.2267037034034729,0.15291617810726166,0.004182463977485895,0.27298553800067443,0.0008136194245603465,0.01654248272233886,-0.9803134505074453,0.001748847309499979,depth/000771.png,1.0,0.002509984294497416,0.045222486483940984,-0.9989737867907501,0.27298553800067443,0.0008136194245603465,0.01654248272233886,0.001748847309499979,0.9993200760238986,0.00023245445700306364,0.0368691147237768,0.39194358060145584,0.07838871612029116,0.191943575408554,4.4648497180559584e-05,0.014460444450378418,0.0,0.191943575408554,4.4648497180559584e-05,0.014460444450378418,0.0,goal_capture,TERMINAL_SETTLING,NONE,DIRECT_LOCAL,PASS_THROUGH,0,6,0,0,0,0,1,0.19194358060145578,0.39194358060145584,inf,0.0,0,0,0,CLEAR,none,nan,0.0,0.0,0,0,0,0,0.013327720912061589,0,0,0,1,0.0,0.19194358060145578,,6.250000000000001,14.25,2.0,6.250000000000001,14.25,2.0,6.250000000000001,14.25,2.0,5.719450617280809,0.0,0.0,0,0,2,1,,,0,1,PASS_THROUGH,-1,0.9993332359567052,0.0003521454502207768,0.036509717964973876,0.08015204451889468,0,0.9993200760238986,0.00023245445700306364,0.0368691147237768,0.39221024314567865,0.07844204862913573,0,0,0,CORRIDOR_CLEAR,1,0,0,0,1
1787562349042354176,1787562349059121152,joint_v2_000002_8ec8982a,772,230,0.03333333333333333,7.666666666666667,16.767024993896484,frame_id_exact,1,,5.932196617126465,14.036897659301758,1.9856531620025635,-0.0027624076645315528,0.0029346740605545266,-0.4707329010441782,0.8822665655382081,0.23495690524578094,0.15743304789066315,0.002912135561928153,0.28279438296100656,-4.721338292021194e-05,0.005072194884840672,-0.9802610856140669,0.0015987535007297993,depth/000772.png,1.0,0.002577617261175798,0.0076372551138932125,-0.9999675135841065,0.28279438296100656,-4.721338292021194e-05,0.005072194884840672,0.0015987535007297993,0.999297807482371,0.00014934476920343287,0.03746824865224244,0.38263768473182697,0.0765275369463654,0.1826376826922009,2.7295149018916593e-05,0.014346837997436523,0.0,0.1826376826922009,2.7295149018916593e-05,0.014346837997436523,0.0,goal_capture,TERMINAL_SETTLING,NONE,DIRECT_LOCAL,PASS_THROUGH,0,6,0,0,0,0,1,0.18263768473182698,0.38263768473182697,inf,0.0,0,0,0,CLEAR,none,nan,0.0,0.0,0,0,0,0,0.008562837664537892,0,0,0,1,0.0,0.18263768473182698,,6.250000000000001,14.25,2.0,6.250000000000001,14.25,2.0,6.250000000000001,14.25,2.0,5.719450617280809,0.0,0.0,0,0,2,1,,,0,1,PASS_THROUGH,-1,0.9993332359567052,0.0003521454502207768,0.036509717964973876,0.08015204451889468,0,0.999297807482371,0.00014934476920343287,0.03746824865224244,0.3829065545762539,0.07658131091525078,0,0,0,CORRIDOR_CLEAR,1,0,0,0,1
1787562349086926336,1787562349103790080,joint_v2_000002_8ec8982a,773,231,0.03333333333333333,7.7,16.86382293701172,frame_id_exact,1,,5.940011978149414,14.042118072509766,1.9857524633407593,0.0167395144808093,-0.007748619486494658,-0.47066006568833835,0.8821217887101812,0.23190997540950775,0.1544475108385086,0.0032295912969857454,0.27856156071698696,-0.0008426293718142523,-0.007031886322563135,-0.9802205881250893,0.001369107747450471,depth/000773.png,1.0,0.0020867898073347255,-0.03682651242491799,-0.9993194951020006,0.27856156071698696,-0.0008426293718142523,-0.007031886322563135,0.001369107747450471,0.9992722069357891,0.00015370064671488607,0.03814489247315475,0.37323915854033185,0.07464783170806637,0.17323915649105875,2.664636342749991e-05,0.014247536659240723,0.0,0.17323915649105875,2.664636342749991e-05,0.014247536659240723,0.0,goal_capture,TERMINAL_SETTLING,NONE,DIRECT_LOCAL,PASS_THROUGH,0,6,0,0,0,0,1,0.17323915854033184,0.37323915854033185,inf,0.0,0,0,0,CLEAR,none,nan,0.0,0.0,0,0,0,0,0.00881281219934031,0,0,0,1,0.0,0.17323915854033184,,6.250000000000001,14.25,2.0,6.250000000000001,14.25,2.0,6.250000000000001,14.25,2.0,5.719450617280809,0.0,0.0,0,0,2,1,,,0,1,PASS_THROUGH,-1,0.9993332359567052,0.0003521454502207768,0.036509717964973876,0.08015204451889468,0,0.9992722069357891,0.00015370064671488607,0.03814489247315475,0.3735109928352195,0.0747021985670439,0,0,0,CORRIDOR_CLEAR,1,0,0,0,1
1787562349136311296,1787562349151878912,joint_v2_000002_8ec8982a,774,232,0.03333333333333333,7.733333333333333,15.567541122436523,frame_id_exact,1,,5.947521686553955,14.047106742858887,1.985878586769104,0.034806678464057605,-0.017918548390338285,-0.4703882693523199,0.8815907762752582,0.21675054728984833,0.14362023770809174,0.0043197739869356155,0.2595520548531419,-0.0013928241503552172,-0.01603195993862065,-0.9802342678852588,0.0011570376809686422,depth/000774.png,1.0,0.00115165251889323,-0.07822784330665776,-0.9969348415157656,0.2595520548531419,-0.0013928241503552172,-0.01603195993862065,0.0011570376809686422,0.9992492023200632,0.00027545322170402964,0.038742170670211594,0.36422356307423914,0.07284471261484783,0.1642235568346852,4.526989634295645e-05,0.014121413230895996,0.0,0.1642235568346852,4.526989634295645e-05,0.014121413230895996,0.0,goal_capture,TERMINAL_SETTLING,NONE,DIRECT_LOCAL,PASS_THROUGH,0,6,0,0,0,0,1,0.16422356307423913,0.36422356307423914,inf,0.0,0,0,0,CLEAR,none,nan,0.0,0.0,0,0,0,0,0.015794164879511928,0,0,0,1,0.0,0.16422356307423913,,6.250000000000001,14.25,2.0,6.250000000000001,14.25,2.0,6.250000000000001,14.25,2.0,5.719450617280809,0.0,0.0,0,0,2,1,,,0,1,PASS_THROUGH,-1,0.9993332359567052,0.0003521454502207768,0.036509717964973876,0.08015204451889468,0,0.9992492023200632,0.00027545322170402964,0.038742170670211594,0.3644972128976187,0.07289944257952374,0,0,0,CORRIDOR_CLEAR,1,0,0,0,1
1787562349182223616,1787562349198063104,joint_v2_000002_8ec8982a,775,233,0.03333333333333333,7.766666666666667,15.839576721191406,frame_id_exact,1,,5.954347610473633,14.05162239074707,1.9860377311706543,0.04745966880853761,-0.025333598789984597,-0.47008001491067014,0.8809827286561956,0.19141681492328644,0.1263941079378128,0.005060724914073944,0.22859202481177676,-0.0015827397701608202,-0.019612741284661728,-0.9803089033305661,0.0010122499661520123,depth/000775.png,0.9999967447916667,-1.7242335018201327e-05,-0.10743993405000339,-0.994211577217864,0.22859202481177676,-0.0015827397701608202,-0.019612741284661728,0.0010122499661520123,0.999231833626528,0.0004968036722180619,0.03918540357681645,0.35603933951960887,0.07120786790392178,0.15603932023365613,7.758050203539335e-05,0.013962268829345703,0.0,0.15603932023365613,7.758050203539335e-05,0.013962268829345703,0.0,goal_capture,TERMINAL_SETTLING,NONE,DIRECT_LOCAL,PASS_THROUGH,0,6,0,0,0,0,1,0.1560393395196089,0.3560393395196089,inf,0.0,0,0,0,CLEAR,none,nan,0.0,0.0,0,0,0,0,0.028486633793435422,0,0,0,1,0.0,0.1560393395196089,,6.250000000000001,14.25,2.0,6.250000000000001,14.25,2.0,6.250000000000001,14.25,2.0,5.719450617280809,0.0,0.0,0,0,2,1,,,0,1,PASS_THROUGH,-1,0.9993332359567052,0.0003521454502207768,0.036509717964973876,0.08015204451889468,0,0.999231833626528,0.0004968036722180619,0.03918540357681645,0.3563130031817843,0.07126260063635687,0,0,0,CORRIDOR_CLEAR,1,0,0,0,1
1787562349228552192,1787562349245169920,joint_v2_000002_8ec8982a,776,234,0.03333333333333333,7.8,16.617774963378906,frame_id_exact,1,,5.9602155685424805,14.055496215820312,1.986206293106079,0.051938042290671574,-0.028373634715013977,-0.46995043052244906,0.8807065172166243,0.16014117002487183,0.10565356910228729,0.004906435497105122,0.19108451946183289,-0.0013846012133586362,-0.017797005697429227,-0.9804082682509213,0.0009136467124335468,depth/000776.png,1.0,-0.0011610793512847814,-0.11815274837334927,-0.9929947532321427,0.19108451946183289,-0.0013846012133586362,-0.017797005697429227,0.0009136467124335468,1.0,0.0,0.0,0.0,0.0,0.14900818000689223,0.00011139414722334873,0.013793706893920898,0.0,0.14900818000689223,0.00011139414722334873,0.013793706893920898,0.0,goal_capture,TERMINAL_SETTLING,NONE,GOAL_REACHED,PASS_THROUGH,0,6,0,0,0,0,1,0.1490082216443859,0.3490082216443859,inf,0.0,0,0,0,CLEAR,none,nan,0.0,0.0,0,0,0,0,0.04283263716863581,0,0,0,1,0.0,0.1490082216443859,,6.250000000000001,14.25,2.0,6.250000000000001,14.25,2.0,6.250000000000001,14.25,2.0,5.719450617280809,0.0,0.0,0,0,2,1,,,1,1,PASS_THROUGH,-1,0.9999997205691525,0.0007475704762733837,0.0,0.06980164432887717,0,1.0,0.0,0.0,0.0,0.0,0,0,0,CORRIDOR_CLEAR,1,0,0,0,1
