timestamp_ns,receive_timestamp_ns,episode_id,frame_id,episode_frame_index,control_dt_s,trajectory_time_s,latency_ms,match_method,frame_valid,frame_invalid_reason,x,y,z,qx,qy,qz,qw,state_vx_world,state_vy_world,state_vz_world,state_vx_flu,state_vy_flu,state_vz_flu,yaw,yaw_rate,depth_file,raw_depth_finite_ratio,gravity_flu_x,gravity_flu_y,gravity_flu_z,velocity_flu_x,velocity_flu_y,velocity_flu_z,yaw_rate_flu,goal_direction_flu_x,goal_direction_flu_y,goal_direction_flu_z,goal_distance_clipped_m,goal_distance_norm,target_velocity_flu_x,target_velocity_flu_y,target_velocity_flu_z,target_yaw_rate,velocity_command_flu_x,velocity_command_flu_y,velocity_command_flu_z,yaw_rate_command,hierarchical_mode,planner_status,planner_failure_reason,fsm_state,effective_target_source,target_correction_active,effective_direction_token,directive_terminal_stop,directive_update_event,mission_revision,reentry_guard_ticks,obstacle_first_observed_event,selected_output_speed_mps,local_target_distance_m,min_observed_clearance_m,obstacle_risk_cost,avoidance_active,local_corridor_blocked,risk_corridor_near_obstacle,corridor_block_reason,corridor_block_source,first_blocking_distance_m,first_block_x,first_block_y,first_block_age_ticks,emergency_brake,immediate_avoidance,local_limit_cycle_detected,target_bearing_error_deg,consecutive_failures_30hz,unknown_recovery_ticks,plan_valid,plan_terminal,plan_end_speed_mps,plan_executed_speed_mps,plan_points_xy,navigation_goal_world_x,navigation_goal_world_y,navigation_goal_world_z,effective_target_world_x,effective_target_world_y,effective_target_world_z,original_navigation_goal_world_x,original_navigation_goal_world_y,original_navigation_goal_world_z,truth_minimum_clearance_m,truth_brake_risk,observed_brake_risk,truth_brake_would_trigger,scene_id,task_id,episode_valid,failure_taxonomy,failure_reason,macro_update_mask,macro_label_valid,macro_correction_type,macro_direction_token,macro_direction_flu_x,macro_direction_flu_y,macro_direction_flu_z,macro_distance_norm,macro_param_valid,navigation_goal_direction_flu_x,navigation_goal_direction_flu_y,navigation_goal_direction_flu_z,navigation_goal_distance_clipped_m,navigation_goal_distance_norm,correction_enter_event,correction_exit_event,correction_update_event,observability_reason,observability_goal_inside_fov,observability_direct_corridor_blocked,observability_left_bypass_visible,observability_right_bypass_visible,observability_local_avoidance_observable
1787562367777793280,1787562367794474240,joint_v2_000004_81a34ddb,1136,0,0.03333333333333333,0.0,16.68095588684082,frame_id_exact,1,,-5.25,26.149999618530273,2.0,0.0,0.0,-0.5380607068933886,0.8429060894888512,0.0,0.0,0.0,0.0,-0.0,0.0,-1.1362693855743078,0.0,depth/001136.png,1.0,0.0,0.0,-1.0,0.0,-0.0,0.0,0.0,0.9149959253319836,-0.40346307963166456,0.0,4.5,0.9,0.0666666666,0.0,0.0,-0.2666666664,0.0666666666,0.0,0.0,-0.2666666664,direct,SAFE_PROGRESSING,NONE,DIRECT_LOCAL,PASS_THROUGH,0,9,0,0,0,0,0,0.0666666666,10.401922906491283,inf,0.0,0,0,0,CLEAR,none,nan,0.0,0.0,0,0,0,0,23.79485160064282,0,0,1,0,2.0,2.0,"-5.250,26.150;-5.210,26.151;-5.090,26.153;-4.890,26.157;-4.610,26.162;-4.250,26.169;-3.830,26.177;-3.410,26.185;-2.990,26.193;-2.570,26.202;-2.251,26.208",5.15,26.35,2.0,5.15,26.35,2.0,5.15,26.35,2.0,8.976211777193077,0.0,0.0,0,0,5,1,,,1,1,PASS_THROUGH,-1,0.9149959253319836,-0.40346307963166456,0.0,0.9,0,0.9149959253319836,-0.40346307963166456,0.0,4.5,0.9,0,0,0,BYPASS_VISIBLE,1,0,1,1,1
1787562367824311808,1787562367840824832,joint_v2_000004_81a34ddb,1137,1,0.03333333333333333,0.03333333333333333,16.51310920715332,frame_id_exact,1,,-5.25,26.149999618530273,2.000570297241211,-0.00026771309260970445,0.00018038478093666702,-0.5381027950705357,0.8428791596239096,4.6938861487433314e-05,2.0333116481197067e-05,0.027825258672237396,3.3177507726151335e-05,-8.673371175722906e-07,0.02782528589915966,-1.1363693232995447,-0.008826897479593754,depth/001137.png,1.0,1.597081830916351e-05,0.0006454306826587848,-0.9999997915820618,3.3177507726151335e-05,-8.673371175722906e-07,0.02782528589915966,-0.008826897479593754,0.9150362405697727,-0.4033716343993861,-5.482613604047343e-05,4.5,0.9,0.1333333332,0.0,-0.0005702972412109375,-0.5333333328,0.1333333332,0.0,-0.0005702972412109375,-0.5333333328,direct,SAFE_PROGRESSING,NONE,DIRECT_LOCAL,PASS_THROUGH,0,9,0,0,0,0,0,0.1333333332,10.401922906491283,inf,0.0,0,0,0,CLEAR,none,nan,0.0,0.0,0,0,0,0,0.0,0,0,1,0,2.0,2.0,"-5.250,26.150;-5.210,26.151;-5.090,26.153;-4.890,26.157;-4.610,26.162;-4.250,26.169;-3.830,26.177;-3.410,26.185;-2.990,26.193;-2.570,26.202;-2.251,26.208",5.15,26.35,2.0,5.15,26.35,2.0,5.15,26.35,2.0,8.976204947709645,0.0,0.0,0,0,5,1,,,0,1,PASS_THROUGH,-1,0.9149959253319836,-0.40346307963166456,0.0,0.9,0,0.9150362405697727,-0.4033716343993861,-5.482613604047343e-05,4.5,0.9,0,0,0,BYPASS_VISIBLE,1,0,1,1,1
1787562367866029056,1787562367882678784,joint_v2_000004_81a34ddb,1138,2,0.03333333333333333,0.06666666666666667,16.649723052978516,frame_id_exact,1,,-5.249990463256836,26.149999618530273,2.001492738723755,-0.0029703556073202627,0.0020385174586718662,-0.5384246017493544,0.8426659893843977,0.0008495270740240812,0.0003627583500929177,0.025617333129048347,0.0007388192053813226,-2.1712211335149892e-05,0.025623323774958212,-1.1371420796909986,-0.04209870100021362,depth/001138.png,1.0,0.00023695359252744446,0.007201211195021057,-0.9999740428682735,0.0007388192053813226,-2.1712211335149892e-05,0.025623323774958212,-0.04209870100021362,0.9153476743878791,-0.40266439425243616,-0.0001435061661321341,4.5,0.9,0.1999999998,0.0,-0.0014927387237548828,-0.7999999992,0.1999999998,0.0,-0.0014927387237548828,-0.7999999992,direct,SAFE_PROGRESSING,NONE,DIRECT_LOCAL,PASS_THROUGH,0,9,0,0,0,0,0,0.1999999998,10.401913371511089,inf,0.0,0,0,0,CLEAR,none,nan,0.0,0.0,0,0,0,0,23.7448489009382,0,0,1,0,2.0,2.0,"-5.250,26.150;-5.210,26.151;-5.090,26.153;-4.890,26.157;-4.609,26.162;-4.249,26.169;-3.829,26.177;-3.409,26.185;-2.989,26.193;-2.570,26.202;-2.251,26.208",5.15,26.35,2.0,5.15,26.35,2.0,5.15,26.35,2.0,8.976169697745485,0.0,0.0,0,0,5,1,,,0,1,PASS_THROUGH,-1,0.9149959253319836,-0.40346307963166456,0.0,0.9,0,0.9153476743878791,-0.40266439425243616,-0.0001435061661321341,4.5,0.9,0,0,0,BYPASS_VISIBLE,1,0,1,1,1
1787562367909677056,1787562367926230528,joint_v2_000004_81a34ddb,1139,3,0.03333333333333333,0.1,16.553401947021484,frame_id_exact,1,,-5.2499003410339355,26.150041580200195,2.0022683143615723,-0.012370756075870994,0.008322347093542307,-0.5393684610937609,0.8419378635685142,0.0056361048482358456,0.0024110309313982725,0.02132316306233406,0.005489572506917033,-0.00015150050828309104,0.021496457203051975,-1.1395262777604807,-0.1055283322930336,depth/001139.png,1.0,0.0006690069292076255,0.029808438971556175,-0.9995554058659318,0.005489572506917033,-0.00015150050828309104,0.021496457203051975,-0.1055283322930336,0.9163035426368807,-0.40048441941858787,-0.00021806893133696827,4.5,0.9,0.2666666664,0.0,-0.0022683143615722656,-1.0302716024505116,0.2666666664,0.0,-0.0022683143615722656,-1.0302716024505116,direct,SAFE_PROGRESSING,NONE,DIRECT_LOCAL,PASS_THROUGH,0,9,0,0,0,0,0,0.2666666664,10.40182245921774,inf,0.0,0,0,0,CLEAR,none,nan,0.0,0.0,0,0,0,0,0.0,0,0,1,0,2.0,2.0,"-5.250,26.150;-5.210,26.151;-5.090,26.153;-4.890,26.157;-4.609,26.162;-4.249,26.169;-3.829,26.177;-3.409,26.185;-2.989,26.193;-2.570,26.202;-2.251,26.208",5.15,26.35,2.0,5.15,26.35,2.0,5.15,26.35,2.0,8.976009858256617,0.0,0.0,0,0,5,1,,,0,1,PASS_THROUGH,-1,0.9149959253319836,-0.40346307963166456,0.0,0.9,0,0.9163035426368807,-0.40048441941858787,-0.00021806893133696827,4.5,0.9,0,0,0,BYPASS_VISIBLE,1,0,1,1,1
1787562367951822080,1787562367967305728,joint_v2_000004_81a34ddb,1140,4,0.03333333333333333,0.13333333333333333,15.483617782592773,frame_id_exact,1,,-5.249509811401367,26.15021324157715,2.0029633045196533,-0.029733364158249634,0.019248224431036316,-0.5411836185608296,0.8401581541076012,0.019799459725618362,0.008677084930241108,0.02058573067188263,0.02010385634175113,-0.00028323766498533816,0.022064393311932617,-1.1445020206776728,-0.19902488589286804,depth/001140.png,1.0,0.00016068620135977624,0.07079510419012663,-0.9974908658241708,0.02010385634175113,-0.00028323766498533816,0.022064393311932617,-0.19902488589286804,0.9182786363189198,-0.39593467253536474,-0.00028489397793057244,4.5,0.9,0.33333333299999995,0.0,-0.0029633045196533203,-1.0185167448234616,0.33333333299999995,0.0,-0.0029633045196533203,-1.0185167448234616,direct,SAFE_PROGRESSING,NONE,DIRECT_LOCAL,PASS_THROUGH,0,9,0,0,0,0,0,0.33333333299999995,10.401428703128932,inf,0.0,0,0,0,CLEAR,none,nan,0.0,0.0,0,0,0,0,0.0,0,0,1,0,2.0,2.0,"-5.250,26.150;-5.210,26.151;-5.090,26.153;-4.890,26.157;-4.609,26.162;-4.249,26.169;-3.829,26.177;-3.409,26.185;-2.989,26.193;-2.570,26.202;-2.251,26.208",5.15,26.35,2.0,5.15,26.35,2.0,5.15,26.35,2.0,8.975569943899012,0.0,0.0,0,0,5,1,,,0,1,PASS_THROUGH,-1,0.9149959253319836,-0.40346307963166456,0.0,0.9,0,0.9182786363189198,-0.39593467253536474,-0.00028489397793057244,4.5,0.9,0,0,0,BYPASS_VISIBLE,1,0,1,1,1
1787562367995212544,1787562368013335552,joint_v2_000004_81a34ddb,1141,5,0.03333333333333333,0.16666666666666666,18.12291145324707,frame_id_exact,1,,-5.248425006866455,26.15069580078125,2.0035996437072754,-0.053395542300133644,0.03328338854576128,-0.5439796840239748,0.8367360608211906,0.0478699654340744,0.021596655249595642,0.01654321886599064,0.05002227514294593,0.0002642259917813453,0.023007159173312003,-1.1527696928878537,-0.31152939796447754,depth/001141.png,1.0,-0.0023933576123081057,0.12556692582799095,-0.9920822642187731,0.05002227514294593,0.0002642259917813453,0.023007159173312003,-0.31152939796447754,0.9215034178510424,-0.38837009552462515,-0.00034610842314195174,4.5,0.9,0.39999999959999993,0.0,-0.0035996437072753906,-0.888144216352485,0.39999999959999993,0.0,-0.0035996437072753906,-0.888144216352485,direct,SAFE_PROGRESSING,NONE,DIRECT_LOCAL,PASS_THROUGH,0,9,0,0,0,0,0,0.39999999959999993,10.40033484015067,inf,0.0,0,0,0,CLEAR,none,nan,0.0,0.0,0,0,0,0,22.853121383497932,0,0,1,0,2.0,2.0,"-5.248,26.151;-5.199,26.162;-5.069,26.174;-4.859,26.183;-4.569,26.190;-4.198,26.194;-3.778,26.197;-3.358,26.199;-2.938,26.201;-2.518,26.204;-2.249,26.208",5.15,26.35,2.0,5.15,26.35,2.0,5.15,26.35,2.0,8.974659103925948,0.0,0.0,0,0,5,1,,,0,1,PASS_THROUGH,-1,0.9149959253319836,-0.40346307963166456,0.0,0.9,0,0.9215034178510424,-0.38837009552462515,-0.00034610842314195174,4.5,0.9,0,0,0,BYPASS_VISIBLE,1,0,1,1,1
1787562368044321536,1787562368061071616,joint_v2_000004_81a34ddb,1142,6,0.03333333333333333,0.2,16.750097274780273,frame_id_exact,1,,-5.246135234832764,26.1517391204834,2.003994941711426,-0.07977243897547924,0.048746501272232165,-0.5477550040529471,0.8313991773682337,0.09237542748451233,0.04250410944223404,0.006060806103050709,0.09874773836034556,0.0025005723947135365,0.02488340007832765,-1.1645277440494723,-0.4197245240211487,depth/001142.png,1.0,-0.006335903154027447,0.18604776028561915,-0.9825202731872394,0.09874773836034556,0.0025005723947135365,0.02488340007832765,-0.4197245240211487,0.9259697934235402,-0.3775973967813444,-0.0003842019237185884,4.5,0.9,0.4666666661999999,0.0,-0.003994941711425781,-0.862510218557003,0.4666666661999999,0.0,-0.003994941711425781,-0.862510218557003,direct,SAFE_PROGRESSING,NONE,DIRECT_LOCAL,PASS_THROUGH,0,9,0,0,0,0,0,0.4666666661999999,10.39802554321146,inf,0.0,0,0,0,CLEAR,none,nan,0.0,0.0,0,0,0,0,0.0,0,0,1,0,2.0,2.0,"-5.248,26.151;-5.199,26.162;-5.069,26.174;-4.859,26.183;-4.569,26.190;-4.198,26.194;-3.778,26.197;-3.358,26.199;-2.938,26.201;-2.518,26.204;-2.249,26.208",5.15,26.35,2.0,5.15,26.35,2.0,5.15,26.35,2.0,8.973066635837588,0.0,0.0,0,0,5,1,,,1,1,PASS_THROUGH,-1,0.9259698617652661,-0.3775974246501345,0.0,0.9,0,0.9259697934235402,-0.3775973967813444,-0.0003842019237185884,4.5,0.9,0,0,0,BYPASS_VISIBLE,1,0,1,1,1
1787562368091346944,1787562368109094656,joint_v2_000004_81a34ddb,1143,7,0.03333333333333333,0.23333333333333334,17.74764060974121,frame_id_exact,1,,-5.242082118988037,26.15361213684082,2.0039243698120117,-0.10415909101487338,0.06345423430638648,-0.5525574893823857,0.8245026772758112,0.15340083837509155,0.0710284635424614,-0.011664425022900105,0.16668243580674189,0.0072871685141410614,0.02961049521835915,-1.1795634020932648,-0.5111645460128784,depth/001143.png,1.0,-0.010471399514855123,0.2418831236067931,-0.970248887815091,0.16668243580674189,0.0072871685141410614,0.02961049521835915,-0.5111645460128784,0.9314795158041312,-0.36379358032165027,-0.0003775633144046782,4.5,0.9,0.5333333328,0.0,-0.003924369812011719,-0.8317622804421172,0.5333333328,0.0,-0.003924369812011719,-0.8317622804421172,direct,SAFE_PROGRESSING,NONE,DIRECT_LOCAL,PASS_THROUGH,0,9,0,0,0,0,0,0.5333333328,10.393937606152306,inf,0.0,0,0,0,CLEAR,none,nan,0.0,0.0,0,0,0,0,0.0,0,0,1,0,2.0,2.0,"-5.248,26.151;-5.199,26.162;-5.069,26.174;-4.859,26.183;-4.569,26.190;-4.198,26.194;-3.778,26.197;-3.358,26.199;-2.938,26.201;-2.518,26.204;-2.249,26.208",5.15,26.35,2.0,5.15,26.35,2.0,5.15,26.35,2.0,8.97058657051722,0.0,0.0,0,0,5,1,,,0,1,PASS_THROUGH,-1,0.9259697934235402,-0.3775973967813444,-0.0003842019237185884,0.9,0,0.9314795158041312,-0.36379358032165027,-0.0003775633144046782,4.5,0.9,0,0,0,BYPASS_VISIBLE,1,0,1,1,1
1787562368136167936,1787562368151761408,joint_v2_000004_81a34ddb,1144,8,0.03333333333333333,0.26666666666666666,15.593290328979492,frame_id_exact,1,,-5.235755920410156,26.156538009643555,2.003127336502075,-0.12190782750175846,0.07502538886415556,-0.5586841154701497,0.8169343497129498,0.22803698480129242,0.10500139743089676,-0.03746164217591286,0.2509193894646936,0.015162091477236458,0.035200930483773325,-1.1976786308726795,-0.583357572555542,depth/001144.png,1.0,-0.013634299026014832,0.28301236960088455,-0.9590193452391675,0.2509193894646936,0.015162091477236458,0.035200930483773325,-0.583357572555542,0.9378228239216708,-0.3471141891238124,-0.00030106560856920565,4.5,0.9,0.5999999993999999,0.0,-0.0031273365020751953,-0.7751314892922532,0.5999999993999999,0.0,-0.0031273365020751953,-0.7751314892922532,direct,SAFE_PROGRESSING,NONE,DIRECT_LOCAL,PASS_THROUGH,0,9,0,0,0,0,0,0.5999999993999999,10.38755763305539,inf,0.0,0,0,0,CLEAR,none,nan,0.0,0.0,0,0,0,0,20.31090823167207,0,0,1,0,2.0,2.0,"-5.236,26.157;-5.147,26.173;-4.977,26.184;-4.727,26.192;-4.397,26.198;-3.992,26.201;-3.572,26.203;-3.152,26.204;-2.732,26.207;-2.312,26.211;-2.236,26.212",5.15,26.35,2.0,5.15,26.35,2.0,5.15,26.35,2.0,8.96704366366543,0.0,0.0,0,0,5,1,,,0,1,PASS_THROUGH,-1,0.9259697934235402,-0.3775973967813444,-0.0003842019237185884,0.9,0,0.9378228239216708,-0.3471141891238124,-0.00030106560856920565,4.5,0.9,0,0,0,BYPASS_VISIBLE,1,0,1,1,1
1787562368180280576,1787562368195869184,joint_v2_000004_81a34ddb,1145,9,0.03333333333333333,0.3,15.588521957397461,frame_id_exact,1,,-5.226784706115723,26.1606388092041,2.001351833343506,-0.12961905372377733,0.08158497380466853,-0.5664865721616481,0.8097133792408212,0.3112144470214844,0.1411685049533844,-0.0698365867137909,0.345856381118563,0.026190655769934505,0.03684482133769956,-1.2186522000718314,-0.6346271634101868,depth/001145.png,1.0,-0.014734017192334192,0.30234214831036366,-0.9530855859220881,0.345856381118563,0.026190655769934505,0.03684482133769956,-0.6346271634101868,0.9447721595250246,-0.32772785908517654,-0.0001302530928408956,4.5,0.9,0.6666666659999999,0.0,-0.0013518333435058594,-0.7376486041302652,0.6666666659999999,0.0,-0.0013518333435058594,-0.7376486041302652,direct,SAFE_PROGRESSING,NONE,DIRECT_LOCAL,PASS_THROUGH,0,9,0,0,0,0,0,0.6666666659999999,10.378512345112705,inf,0.0,0,0,0,CLEAR,none,nan,0.0,0.0,0,0,0,0,0.0,0,0,1,0,2.0,2.0,"-5.236,26.157;-5.147,26.173;-4.977,26.184;-4.727,26.192;-4.397,26.198;-3.992,26.201;-3.572,26.203;-3.152,26.204;-2.732,26.207;-2.312,26.211;-2.236,26.212",5.15,26.35,2.0,5.15,26.35,2.0,5.15,26.35,2.0,8.962324708466053,0.0,0.0,0,0,5,1,,,0,1,PASS_THROUGH,-1,0.9259697934235402,-0.3775973967813444,-0.0003842019237185884,0.9,0,0.9447721595250246,-0.32772785908517654,-0.0001302530928408956,4.5,0.9,0,0,0,BYPASS_VISIBLE,1,0,1,1,1
1787562368220774400,1787562368236370944,joint_v2_000004_81a34ddb,1146,10,0.03333333333333333,0.3333333333333333,15.596628189086914,frame_id_exact,1,,-5.214979648590088,26.16593360900879,1.9984440803527832,-0.12600498773775995,0.0823655282905148,-0.5760220177114245,0.8034533576545005,0.39709821343421936,0.1760762631893158,-0.10449360311031342,0.4440302893812272,0.039777051710720907,0.029387802428286938,-1.2420512123227474,-0.6658720374107361,depth/001146.png,1.0,-0.01280957403681382,0.2973669765497743,-0.9546773256292628,0.4440302893812272,0.039777051710720907,0.029387802428286938,-0.6658720374107361,0.9520315463565191,-0.30599985656069323,0.00015008947435935784,4.5,0.9,0.7333333325999999,0.0,0.0015559196472167969,-0.7032578932970912,0.7333333325999999,0.0,0.0015559196472167969,-0.7032578932970912,direct,SAFE_PROGRESSING,NONE,DIRECT_LOCAL,PASS_THROUGH,0,9,0,0,0,0,0,0.7333333325999999,10.36661389036841,inf,0.0,0,0,0,CLEAR,none,nan,0.0,0.0,0,0,0,0,0.0,0,0,1,0,2.0,2.0,"-5.236,26.157;-5.147,26.173;-4.977,26.184;-4.727,26.192;-4.397,26.198;-3.992,26.201;-3.572,26.203;-3.152,26.204;-2.732,26.207;-2.312,26.211;-2.236,26.212",5.15,26.35,2.0,5.15,26.35,2.0,5.15,26.35,2.0,8.95637638148853,0.0,0.0,0,0,5,1,,,0,1,PASS_THROUGH,-1,0.9259697934235402,-0.3775973967813444,-0.0003842019237185884,0.9,0,0.9520315463565191,-0.30599985656069323,0.00015008947435935784,4.5,0.9,0,0,0,BYPASS_VISIBLE,1,0,1,1,1
1787562368262863360,1787562368278592000,joint_v2_000004_81a34ddb,1147,11,0.03333333333333333,0.36666666666666664,15.72871208190918,frame_id_exact,1,,-5.200344085693359,26.172327041625977,1.9944214820861816,-0.11216497110015622,0.07798330624277355,-0.5868859289281809,0.7980617329703593,0.4801185429096222,0.206619992852211,-0.1358269453048706,0.5371847317810226,0.054600636824823974,0.010292237970105395,-1.2671782577756732,-0.6807134747505188,depth/001147.png,1.0,-0.007185101468903304,0.2705637526798838,-0.9626752464110938,0.5371847317810226,0.054600636824823974,0.010292237970105395,-0.6807134747505188,0.9592517368315595,-0.2825523225587878,0.0005388898507884919,4.5,0.9,0.7999999991999999,0.0,0.005578517913818359,-0.5876320016919602,0.7999999991999999,0.0,0.005578517913818359,-0.5876320016919602,direct,SAFE_PROGRESSING,NONE,DIRECT_LOCAL,PASS_THROUGH,0,8,0,0,0,0,0,0.7999999991999999,10.351868931375865,inf,0.0,0,0,0,CLEAR,none,nan,0.0,0.0,0,0,0,0,16.4125969782926,0,0,1,0,2.0,1.0,"-5.200,26.172;-5.058,26.195;-4.846,26.207;-4.626,26.213;-4.406,26.216;-4.186,26.218;-3.966,26.219;-3.746,26.219;-3.526,26.219;-3.306,26.219;-3.086,26.219;-2.866,26.219;-2.646,26.219",5.15,26.35,2.0,5.15,26.35,2.0,5.15,26.35,2.0,8.9492065213776,0.0,0.0,0,0,5,1,,,0,1,PASS_THROUGH,-1,0.9259697934235402,-0.3775973967813444,-0.0003842019237185884,0.9,0,0.9592517368315595,-0.2825523225587878,0.0005388898507884919,4.5,0.9,0,0,0,BYPASS_VISIBLE,1,0,1,1,1
1787562368304376576,1787562368321518848,joint_v2_000004_81a34ddb,1148,12,0.03333333333333333,0.4,17.142295837402344,frame_id_exact,1,,-5.183056831359863,26.179630279541016,1.989479422569275,-0.09123419119234247,0.07031142862427485,-0.5983185376323545,0.7929360332887977,0.555594265460968,0.23027458786964417,-0.15905900299549103,0.6180190134487779,0.06876920864012473,-0.018287564747030888,-1.293097664419174,-0.679924726486206,depth/001148.png,1.0,0.0023307149038558767,0.22882301763537122,-0.9734652507245852,0.6180190134487779,0.06876920864012473,-0.018287564747030888,-0.679924726486206,0.9660771028619862,-0.2582518053837689,0.0010180087500508586,4.5,0.9,0.8666666657999998,0.0,0.010520577430725098,-0.5490792932820665,0.8666666657999998,0.0,0.010520577430725098,-0.5490792932820665,direct,SAFE_PROGRESSING,NONE,DIRECT_LOCAL,PASS_THROUGH,0,8,0,0,0,0,0,0.8666666657999998,10.334461249710214,inf,0.0,0,0,0,CLEAR,none,nan,0.0,0.0,0,0,0,0,0.0,0,0,1,0,2.0,1.0,"-5.200,26.172;-5.058,26.195;-4.846,26.207;-4.626,26.213;-4.406,26.216;-4.186,26.218;-3.966,26.219;-3.746,26.219;-3.526,26.219;-3.306,26.219;-3.086,26.219;-2.866,26.219;-2.646,26.219",5.15,26.35,2.0,5.15,26.35,2.0,5.15,26.35,2.0,8.940861491182718,0.0,0.0,0,0,5,1,,,1,1,PASS_THROUGH,-1,0.9660776034554246,-0.2582519392024453,0.0,0.9,0,0.9660771028619862,-0.2582518053837689,0.0010180087500508586,4.5,0.9,0,0,0,BYPASS_VISIBLE,1,0,1,1,1
1787562368353571328,1787562368369188352,joint_v2_000004_81a34ddb,1149,13,0.03333333333333333,0.43333333333333335,15.616893768310547,frame_id_exact,1,,-5.163422584533691,26.18758201599121,1.983941674232483,-0.06760851616323123,0.06202423745342283,-0.6094972933281168,0.7874611939240099,0.6205036044120789,0.2453250139951706,-0.17136427760124207,0.6824393376174592,0.08021962817543023,-0.04915448042190283,-1.3187758101387832,-0.6676679849624634,depth/001149.png,1.0,0.015268944939757945,0.18208537541186082,-0.9831641650210551,0.6824393376174592,0.08021962817543023,-0.04915448042190283,-0.6676679849624634,0.9722158245867113,-0.23408111133212997,0.001556836759623856,4.5,0.9,0.9333333323999998,0.0,0.01605832576751709,-0.5223083324146071,0.9333333323999998,0.0,0.01605832576751709,-0.5223083324146071,direct,SAFE_PROGRESSING,NONE,DIRECT_LOCAL,PASS_THROUGH,0,8,0,0,0,0,0,0.9333333323999998,10.314701401819594,inf,0.0,0,0,0,CLEAR,none,nan,0.0,0.0,0,0,0,0,0.0,0,0,1,0,2.0,1.0,"-5.200,26.172;-5.058,26.195;-4.846,26.207;-4.626,26.213;-4.406,26.216;-4.186,26.218;-3.966,26.219;-3.746,26.219;-3.526,26.219;-3.306,26.219;-3.086,26.219;-2.866,26.219;-2.646,26.219",5.15,26.35,2.0,5.15,26.35,2.0,5.15,26.35,2.0,8.931406621598672,0.0,0.0,0,0,5,1,,,0,1,PASS_THROUGH,-1,0.9660771028619862,-0.2582518053837689,0.0010180087500508586,0.9,0,0.9722158245867113,-0.23408111133212997,0.001556836759623856,4.5,0.9,0,0,0,BYPASS_VISIBLE,1,0,1,1,1
1787562368395060992,1787562368412904960,joint_v2_000004_81a34ddb,1150,14,0.03333333333333333,0.4666666666666667,17.843961715698242,frame_id_exact,1,,-5.141815185546875,26.195880889892578,1.978177785873413,-0.045984049319379626,0.055933676475655954,-0.6198874554842068,0.781342711988424,0.6741642951965332,0.25107041001319885,-0.17296448349952698,0.7310666136472761,0.08740653756391252,-0.07315916795375185,-1.343518643217298,-0.6512047648429871,depth/001150.png,1.0,0.030396870287043264,0.14120377237956944,-0.989513782088219,0.7310666136472761,0.08740653756391252,-0.07315916795375185,-0.6512047648429871,0.9775458553978651,-0.21071213954924173,0.002120104015660124,4.5,0.9,0.9999999989999998,0.0,0.021822214126586914,-0.3749501557542564,0.9999999989999998,0.0,0.021822214126586914,-0.3749501557542564,direct,SAFE_PROGRESSING,NONE,DIRECT_LOCAL,PASS_THROUGH,0,8,0,0,0,0,0,0.9999999989999998,10.292969081540738,inf,0.0,0,0,0,CLEAR,none,nan,0.0,0.0,0,0,0,0,12.164116452465363,0,0,1,0,2.0,2.0,"-5.142,26.196;-4.961,26.225;-4.697,26.238;-4.353,26.245;-3.941,26.246;-3.521,26.244;-3.101,26.241;-2.681,26.238;-2.261,26.239;-2.142,26.241",5.15,26.35,2.0,5.15,26.35,2.0,5.15,26.35,2.0,8.920879386879955,0.0,0.0,0,0,5,1,,,0,1,PASS_THROUGH,-1,0.9660771028619862,-0.2582518053837689,0.0010180087500508586,0.9,0,0.9775458553978651,-0.21071213954924173,0.002120104015660124,4.5,0.9,0,0,0,BYPASS_VISIBLE,1,0,1,1,1
1787562368441141248,1787562368457892096,joint_v2_000004_81a34ddb,1151,15,0.03333333333333333,0.5,16.750812530517578,frame_id_exact,1,,-5.118579387664795,26.204219818115234,1.9725013971328735,-0.030463777004351822,0.054227110824184833,-0.6292754448575119,0.7746894818194394,0.7187929749488831,0.24806299805641174,-0.16675277054309845,0.7688323773334578,0.08976116093091725,-0.08273323320478909,-1.367034368346031,-0.6295306086540222,depth/001151.png,1.0,0.04567813111699905,0.11544751381798155,-0.9922627574845814,0.7688323773334578,0.08976116093091725,-0.08273323320478909,-0.6295306086540222,0.9820825511355757,-0.18843219711071987,0.0026776570105182477,4.5,0.9,1.0666666656,0.0,0.027498602867126465,-0.3445055153789299,1.0666666656,0.0,0.027498602867126465,-0.3445055153789299,direct,SAFE_PROGRESSING,NONE,DIRECT_LOCAL,PASS_THROUGH,0,8,0,0,0,0,0,1.0666666656,10.269614135993848,inf,0.0,0,0,0,CLEAR,none,nan,0.0,0.0,0,0,0,0,0.0,0,0,1,0,2.0,2.0,"-5.142,26.196;-4.961,26.225;-4.697,26.238;-4.353,26.245;-3.941,26.246;-3.521,26.244;-3.101,26.241;-2.681,26.238;-2.261,26.239;-2.142,26.241",5.15,26.35,2.0,5.15,26.35,2.0,5.15,26.35,2.0,8.909263657689262,0.0,0.0,0,0,5,1,,,0,1,PASS_THROUGH,-1,0.9660771028619862,-0.2582518053837689,0.0010180087500508586,0.9,0,0.9820825511355757,-0.18843219711071987,0.0026776570105182477,4.5,0.9,0,0,0,BYPASS_VISIBLE,1,0,1,1,1
1787562368487563520,1787562368511112448,joint_v2_000004_81a34ddb,1152,16,0.03333333333333333,0.5333333333333333,23.54884147644043,frame_id_exact,1,,-5.0939412117004395,26.212339401245117,1.9671072959899902,-0.02377797639611739,0.057917310734098226,-0.6375748661483519,0.7678401415735875,0.7592853903770447,0.23812460899353027,-0.1567038893699646,0.8028878937862063,0.08773018063101257,-0.07381184058141699,-1.3892015726379698,-0.6035125255584717,depth/001152.png,1.0,0.05862199191119644,0.11036861280258675,-0.9921603859116712,0.8028878937862063,0.08773018063101257,-0.07381184058141699,-0.6035125255584717,0.9858897614483199,-0.16736508025513902,0.003210635850704893,4.5,0.9,1.1333333321999999,0.0,0.032892704010009766,-0.33139747640210376,1.1333333321999999,0.0,0.032892704010009766,-0.33139747640210376,direct,SAFE_PROGRESSING,NONE,DIRECT_LOCAL,PASS_THROUGH,0,7,0,0,0,0,0,1.1333333321999999,10.244866128418868,inf,0.0,0,0,0,CLEAR,none,nan,0.0,0.0,0,0,0,0,0.0,0,0,1,0,2.0,2.0,"-5.142,26.196;-4.961,26.225;-4.697,26.238;-4.353,26.245;-3.941,26.246;-3.521,26.244;-3.101,26.241;-2.681,26.238;-2.261,26.239;-2.142,26.241",5.15,26.35,2.0,5.15,26.35,2.0,5.15,26.35,2.0,8.896455434553273,0.0,0.0,0,0,5,1,,,0,1,PASS_THROUGH,-1,0.9660771028619862,-0.2582518053837689,0.0010180087500508586,0.9,0,0.9858897614483199,-0.16736508025513902,0.003210635850704893,4.5,0.9,0,0,0,BYPASS_VISIBLE,1,0,1,1,1
1787562368549762816,1787562368574099200,joint_v2_000004_81a34ddb,1153,17,0.03333333333333333,0.5666666666666667,24.336576461791992,frame_id_exact,1,,-5.067936420440674,26.220048904418945,1.962051510810852,-0.02674686128848334,0.06663583681441886,-0.6447507368927116,0.7610129814527229,0.8018692135810852,0.22396951913833618,-0.1471102088689804,0.8401066026977336,0.0826711124012412,-0.04673733008735609,-1.4100334918792812,-0.5775184035301208,depth/001153.png,1.0,0.06693135664084246,0.1266364270864203,-0.9896885413265135,0.8401066026977336,0.0826711124012412,-0.04673733008735609,-0.5775184035301208,0.9890544340678328,-0.14750435840751325,0.0037135833836072145,4.5,0.9,1.0666666656,0.0,0.03794848918914795,-0.2324987041114174,1.0666666656,0.0,0.03794848918914795,-0.2324987041114174,direct,SAFE_PROGRESSING,NONE,DIRECT_LOCAL,PASS_THROUGH,0,7,0,0,0,0,0,1.0666666656,10.218762742103895,inf,0.0,0,0,0,CLEAR,none,nan,0.0,0.0,0,0,0,0,8.482386978341841,0,0,1,0,2.0,1.0,"-5.068,26.220;-4.867,26.246;-4.647,26.257;-4.427,26.261;-4.207,26.264;-3.987,26.264;-3.767,26.263;-3.547,26.262;-3.327,26.261;-3.107,26.259;-2.887,26.258;-2.667,26.257;-2.557,26.256",5.15,26.35,2.0,5.15,26.35,2.0,5.15,26.35,2.0,8.88228384496174,0.0,0.0,0,0,5,1,,,0,1,PASS_THROUGH,-1,0.9660771028619862,-0.2582518053837689,0.0010180087500508586,0.9,0,0.9890544340678328,-0.14750435840751325,0.0037135833836072145,4.5,0.9,0,0,0,BYPASS_VISIBLE,1,0,1,1,1
1787562368604632832,1787562368621334016,joint_v2_000004_81a34ddb,1154,18,0.03333333333333333,0.6,16.701221466064453,frame_id_exact,1,,-5.040404319763184,26.227258682250977,1.9572111368179321,-0.03602403851492556,0.07704104853551104,-0.6509325355095088,0.7543565335468277,0.8514056205749512,0.2086545079946518,-0.14484955370426178,0.8851085904674841,0.07623319021602552,-0.013450332768471712,-1.4292820205948802,-0.5409839749336243,depth/001154.png,1.0,0.06933439916849664,0.15464698776001598,-0.9855338909792484,0.8851085904674841,0.07623319021602552,-0.013450332768471712,-0.5409839749336243,0.9916217079175648,-0.12910755278094388,0.004198595189788222,4.5,0.9,1.0,0.0,0.04278886318206787,-0.20769804127916347,1.0,0.0,0.04278886318206787,-0.20769804127916347,direct,SAFE_PROGRESSING,NONE,DIRECT_LOCAL,PASS_THROUGH,0,7,0,0,0,0,0,1.0,10.191143489880364,inf,0.0,0,0,0,CLEAR,none,nan,0.0,0.0,0,0,0,0,0.0,0,0,1,0,2.0,1.0,"-5.068,26.220;-4.867,26.246;-4.647,26.257;-4.427,26.261;-4.207,26.264;-3.987,26.264;-3.767,26.263;-3.547,26.262;-3.327,26.261;-3.107,26.259;-2.887,26.258;-2.667,26.257;-2.557,26.256",5.15,26.35,2.0,5.15,26.35,2.0,5.15,26.35,2.0,8.866579664636292,0.0,0.0,0,0,5,1,,,1,1,PASS_THROUGH,-1,0.9916304482867958,-0.12910869076297152,0.0,0.9,0,0.9916217079175648,-0.12910755278094388,0.004198595189788222,4.5,0.9,0,0,0,BYPASS_VISIBLE,1,0,1,1,1
1787562368652575488,1787562368669392128,joint_v2_000004_81a34ddb,1155,19,0.03333333333333333,0.6333333333333333,16.81661605834961,frame_id_exact,1,,-5.011097431182861,26.233964920043945,1.9523366689682007,-0.04148784277700873,0.0806478400095532,-0.6569132174519892,0.7484916228925875,0.9076506495475769,0.19382090866565704,-0.14790157973766327,0.9372285978689157,0.0696262524208774,0.00508565231867833,-1.4462803141478275,-0.49259382486343384,depth/001155.png,1.0,0.0662206407354903,0.16806386966340928,-0.9835493696070075,0.9372285978689157,0.0696262524208774,0.00508565231867833,-0.49259382486343384,0.9936004223708704,-0.1128547771745933,0.004690408649652344,4.5,0.9,1.0,0.0,0.047663331031799316,-0.20082351043477858,1.0,0.0,0.047663331031799316,-0.20082351043477858,direct,SAFE_PROGRESSING,NONE,DIRECT_LOCAL,PASS_THROUGH,0,7,0,0,0,0,0,1.0,10.161759943325338,inf,0.0,0,0,0,CLEAR,none,nan,0.0,0.0,0,0,0,0,0.0,0,0,1,0,2.0,1.0,"-5.068,26.220;-4.867,26.246;-4.647,26.257;-4.427,26.261;-4.207,26.264;-3.987,26.264;-3.767,26.263;-3.547,26.262;-3.327,26.261;-3.107,26.259;-2.887,26.258;-2.667,26.257;-2.557,26.256",5.15,26.35,2.0,5.15,26.35,2.0,5.15,26.35,2.0,8.849286476695488,0.0,0.0,0,0,5,1,,,0,1,PASS_THROUGH,-1,0.9916217079175648,-0.12910755278094388,0.004198595189788222,0.9,0,0.9936004223708704,-0.1128547771745933,0.004690408649652344,4.5,0.9,0,0,0,BYPASS_VISIBLE,1,0,1,1,1
1787562368696836096,1787562368713592320,joint_v2_000004_81a34ddb,1156,20,0.03333333333333333,0.6666666666666666,16.756296157836914,frame_id_exact,1,,-4.9798994064331055,26.240190505981445,1.947346568107605,-0.03707626757074063,0.07255531631744407,-0.6633098864659028,0.7438958737442289,0.9633257985115051,0.1798166185617447,-0.15123523771762848,0.98948168045204,0.06404058061246819,-0.00524553152139115,-1.4608741009984862,-0.44267040491104126,depth/001156.png,1.0,0.05876109118765312,0.15141508217746483,-0.986722152914197,0.98948168045204,0.06404058061246819,-0.00524553152139115,-0.44267040491104126,0.9950819016907088,-0.09891913596385778,0.005197448197570749,4.5,0.9,1.0,0.0,0.05265343189239502,-0.13920363755231502,1.0,0.0,0.05265343189239502,-0.13920363755231502,direct,SAFE_PROGRESSING,NONE,DIRECT_LOCAL,PASS_THROUGH,0,7,0,0,0,0,0,1.0,10.130494563911004,inf,0.0,0,0,0,CLEAR,none,nan,0.0,0.0,0,0,0,0,5.677009858527911,0,0,1,0,2.0,1.0,"-4.980,26.240;-4.763,26.261;-4.543,26.269;-4.323,26.274;-4.103,26.276;-3.883,26.276;-3.663,26.276;-3.443,26.275;-3.223,26.274;-3.003,26.273;-2.783,26.272;-2.563,26.271;-2.453,26.271",5.15,26.35,2.0,5.15,26.35,2.0,5.15,26.35,2.0,8.830557493901683,0.0,0.0,0,0,5,1,,,0,1,PASS_THROUGH,-1,0.9916217079175648,-0.12910755278094388,0.004198595189788222,0.9,0,0.9950819016907088,-0.09891913596385778,0.005197448197570749,4.5,0.9,0,0,0,BYPASS_VISIBLE,1,0,1,1,1
1787562368741860096,1787562368758570752,joint_v2_000004_81a34ddb,1157,21,0.03333333333333333,0.7,16.710519790649414,frame_id_exact,1,,-4.946987628936768,26.24596405029297,1.942298412322998,-0.023435975476928987,0.054219644234277053,-0.6697886739790141,0.7401987013241695,1.00898277759552,0.16669228672981262,-0.150632843375206,1.0310101569225438,0.06058912140867409,-0.0432415556191125,-1.4736409148330416,-0.3932659924030304,depth/001157.png,1.0,0.048872318620746834,0.10732596445515649,-0.9930219704651064,1.0310101569225438,0.06058912140867409,-0.0432415556191125,-0.3932659924030304,0.9962144599901964,-0.0867415475253875,0.005714336299349791,4.5,0.9,1.0,0.0,0.05770158767700195,-0.12485611612083487,1.0,0.0,0.05770158767700195,-0.12485611612083487,direct,SAFE_PROGRESSING,NONE,DIRECT_LOCAL,PASS_THROUGH,0,7,0,0,0,0,0,1.0,10.097523590352912,inf,0.0,0,0,0,CLEAR,none,nan,0.0,0.0,0,0,0,0,0.0,0,0,1,0,2.0,1.0,"-4.980,26.240;-4.763,26.261;-4.543,26.269;-4.323,26.274;-4.103,26.276;-3.883,26.276;-3.663,26.276;-3.443,26.275;-3.223,26.274;-3.003,26.273;-2.783,26.272;-2.563,26.271;-2.453,26.271",5.15,26.35,2.0,5.15,26.35,2.0,5.15,26.35,2.0,8.810746672509572,0.0,0.0,0,0,5,1,,,0,1,PASS_THROUGH,-1,0.9916217079175648,-0.12910755278094388,0.004198595189788222,0.9,0,0.9962144599901964,-0.0867415475253875,0.005714336299349791,4.5,0.9,0,0,0,BYPASS_VISIBLE,1,0,1,1,1
1787562368785373952,1787562368801347840,joint_v2_000004_81a34ddb,1158,22,0.03333333333333333,0.7333333333333333,15.973806381225586,frame_id_exact,1,,-4.9128289222717285,26.25131607055664,1.937400221824646,-0.0037600080586781713,0.029845121533147622,-0.675572309377138,0.7366798394573528,1.0371179580688477,0.15440255403518677,-0.1418062299489975,1.052038105128399,0.05961240472491719,-0.0960468690514879,-1.485204532128581,-0.34491804242134094,depth/001158.png,1.0,0.038892284024293025,0.04586491962163055,-0.9981902621201406,1.052038105128399,0.05961240472491719,-0.0960468690514879,-0.34491804242134094,0.9971103741927174,-0.0757113425522577,0.0062204731487212,4.5,0.9,1.0,0.0,0.062599778175354,-0.12482588710034549,1.0,0.0,0.062599778175354,-0.12482588710034549,direct,SAFE_PROGRESSING,NONE,DIRECT_LOCAL,PASS_THROUGH,0,7,0,0,0,0,0,1.0,10.063312796332964,inf,0.0,0,0,0,CLEAR,none,nan,0.0,0.0,0,0,0,0,0.0,0,0,1,0,2.0,1.0,"-4.980,26.240;-4.763,26.261;-4.543,26.269;-4.323,26.274;-4.103,26.276;-3.883,26.276;-3.663,26.276;-3.443,26.275;-3.223,26.274;-3.003,26.273;-2.783,26.272;-2.563,26.271;-2.453,26.271",5.15,26.35,2.0,5.15,26.35,2.0,5.15,26.35,2.0,8.790334427638973,0.0,0.0,0,0,5,1,,,0,1,PASS_THROUGH,-1,0.9916217079175648,-0.12910755278094388,0.004198595189788222,0.9,0,0.9971103741927174,-0.0757113425522577,0.0062204731487212,4.5,0.9,0,0,0,BYPASS_VISIBLE,1,0,1,1,1
1787562368832523264,1787562368851355648,joint_v2_000004_81a34ddb,1159,23,0.03333333333333333,0.7666666666666667,18.83220672607422,frame_id_exact,1,,-4.878090858459473,26.25626564025879,1.932955265045166,0.017644031179581517,0.004790200056595717,-0.6801117385944514,0.7328804576281076,1.0433467626571655,0.14280664920806885,-0.12364539504051208,1.0484838129139142,0.06040684116560236,-0.1459009853216981,-1.4958399621241654,-0.3007185161113739,depth/001159.png,1.0,0.031021113461935902,-0.0193461887131795,-0.9993314842943035,1.0484838129139142,0.06040684116560236,-0.1459009853216981,-0.3007185161113739,0.9978261730070771,-0.06556093254496975,0.00668525137031389,4.5,0.9,1.0666666666,0.0,0.06704473495483398,-0.07899818940519898,1.0666666666,0.0,0.06704473495483398,-0.07899818940519898,direct,SAFE_PROGRESSING,NONE,DIRECT_LOCAL,PASS_THROUGH,0,7,0,0,0,0,0,1.0666666666,10.028528924808192,inf,0.0,0,0,0,CLEAR,none,nan,0.0,0.0,0,0,0,0,3.7591450355679403,0,0,1,0,2.0,2.0,"-4.878,26.256;-4.628,26.274;-4.298,26.282;-3.892,26.285;-3.472,26.285;-3.052,26.284;-2.632,26.283;-2.212,26.283;-1.878,26.284",5.15,26.35,2.0,5.15,26.35,2.0,5.15,26.35,2.0,8.769852718328783,0.0,0.0,0,0,5,1,,,0,1,PASS_THROUGH,-1,0.9916217079175648,-0.12910755278094388,0.004198595189788222,0.9,0,0.9978261730070771,-0.06556093254496975,0.00668525137031389,4.5,0.9,0,0,0,BYPASS_VISIBLE,1,0,1,1,1
1787562368878831616,1787562368895538432,joint_v2_000004_81a34ddb,1160,24,0.03333333333333333,0.8,16.70670509338379,frame_id_exact,1,,-4.843514442443848,26.260841369628906,1.929223656654358,0.035322639835248935,-0.01478350060742175,-0.6834689107486094,0.7289746273122056,1.0280641317367554,0.13164623081684113,-0.09978101402521133,1.0245251732591527,0.06151483831802045,-0.17540505647455035,-1.5054230381350089,-0.26335710287094116,depth/001160.png,1.0,0.02673025865459599,-0.07170674253357961,-0.9970675184497193,1.0245251732591527,0.06151483831802045,-0.17540505647455035,-0.26335710287094116,0.9983819798647269,-0.05642048246514635,0.007081768125846194,4.5,0.9,1.1333333332,0.0,0.07077634334564209,-0.06863580562241066,1.1333333332,0.0,0.07077634334564209,-0.06863580562241066,direct,SAFE_PROGRESSING,NONE,DIRECT_LOCAL,PASS_THROUGH,0,6,0,0,0,0,0,1.1333333332,9.993912155542665,inf,0.0,0,0,0,CLEAR,none,nan,0.0,0.0,0,0,0,0,0.0,0,0,1,0,2.0,2.0,"-4.878,26.256;-4.628,26.274;-4.298,26.282;-3.892,26.285;-3.472,26.285;-3.052,26.284;-2.632,26.283;-2.212,26.283;-1.878,26.284",5.15,26.35,2.0,5.15,26.35,2.0,5.15,26.35,2.0,8.749720352717054,0.0,0.0,0,0,5,1,,,1,1,PASS_THROUGH,-1,0.9984070159533021,-0.05642189730257826,0.0,0.9,0,0.9983819798647269,-0.05642048246514635,0.007081768125846194,4.5,0.9,0,0,0,BYPASS_VISIBLE,1,0,1,1,1
1787562368926393856,1787562368942505728,joint_v2_000004_81a34ddb,1161,25,0.03333333333333333,0.8333333333333334,16.112089157104492,frame_id_exact,1,,-4.809713363647461,26.265045166015625,1.9263474941253662,0.042322337320299656,-0.021898243612020134,-0.6863083217732663,0.7257480100938742,0.9987557530403137,0.12053506076335907,-0.07253403216600418,0.9930016371771843,0.06145734373810139,-0.16575187597942415,-1.513742935695963,-0.2332061231136322,depth/001161.png,1.0,0.026307131147684855,-0.09148859783175375,-0.9954585733809108,0.9930016371771843,0.06145734373810139,-0.16575187597942415,-0.2332061231136322,0.9987956457516702,-0.04850338482227324,0.007394571541785371,4.5,0.9,1.1999999998,0.0,0.07365250587463379,-0.07124270181042001,1.1999999998,0.0,0.07365250587463379,-0.07124270181042001,direct,SAFE_PROGRESSING,NONE,DIRECT_LOCAL,PASS_THROUGH,0,6,0,0,0,0,0,1.1999999998,9.960075682937111,inf,0.0,0,0,0,CLEAR,none,nan,0.0,0.0,0,0,0,0,0.0,0,0,1,0,2.0,2.0,"-4.878,26.256;-4.628,26.274;-4.298,26.282;-3.892,26.285;-3.472,26.285;-3.052,26.284;-2.632,26.283;-2.212,26.283;-1.878,26.284",5.15,26.35,2.0,5.15,26.35,2.0,5.15,26.35,2.0,8.730097187812431,0.0,0.0,0,0,5,1,,,0,1,PASS_THROUGH,-1,0.9983819798647269,-0.05642048246514635,0.007081768125846194,0.9,0,0.9987956457516702,-0.04850338482227324,0.007394571541785371,4.5,0.9,0,0,0,BYPASS_VISIBLE,1,0,1,1,1
1787562368974733568,1787562368991345408,joint_v2_000004_81a34ddb,1162,26,0.03333333333333333,0.8666666666666667,16.611814498901367,frame_id_exact,1,,-4.776936054229736,26.26887321472168,1.9243930578231812,0.03521235369745813,-0.013656990087196097,-0.6891323159582616,0.7236506255582497,0.96910160779953,0.10925716906785965,-0.04512764886021614,0.9676962587255773,0.0594971647574196,-0.1146978559448995,-1.520934767409827,-0.20982037484645844,depth/001162.png,1.0,0.028766162868057017,-0.06978582997670477,-0.9971471535376867,0.9676962587255773,0.0594971647574196,-0.1146978559448995,-0.20982037484645844,0.9991021488770166,-0.04167606841954184,0.007615867016784172,4.5,0.9,1.1333333332,0.0,0.07560694217681885,-0.03934727095282067,1.1333333332,0.0,0.07560694217681885,-0.03934727095282067,direct,SAFE_PROGRESSING,NONE,DIRECT_LOCAL,PASS_THROUGH,0,6,0,0,0,0,0,1.1333333332,9.927267548527936,inf,0.0,0,0,0,CLEAR,none,nan,0.0,0.0,0,0,0,0,2.3886239253138712,0,0,1,0,2.0,1.0,"-4.777,26.269;-4.560,26.282;-4.340,26.287;-4.120,26.290;-3.900,26.291;-3.680,26.292;-3.460,26.292;-3.240,26.292;-3.020,26.292;-2.800,26.292;-2.580,26.291;-2.360,26.291;-2.250,26.291",5.15,26.35,2.0,5.15,26.35,2.0,5.15,26.35,2.0,8.710814118278368,0.0,0.0,0,0,5,1,,,0,1,PASS_THROUGH,-1,0.9983819798647269,-0.05642048246514635,0.007081768125846194,0.9,0,0.9991021488770166,-0.04167606841954184,0.007615867016784172,4.5,0.9,0,0,0,BYPASS_VISIBLE,1,0,1,1,1
1787562369021453056,1787562369038315008,joint_v2_000004_81a34ddb,1163,27,0.03333333333333333,0.9,16.861915588378906,frame_id_exact,1,,-4.744946479797363,26.27232551574707,1.92325758934021,0.016548800058354213,0.0066560324415274996,-0.6915772025542037,0.7220822718749352,0.9535405039787292,0.09791430830955505,-0.02437666803598404,0.9564016527309217,0.05563901466199909,-0.04026295003210154,-1.5274064560263714,-0.18719793856143951,depth/001163.png,1.0,0.0325019517540738,-0.014692869693837712,-0.9993636688975319,0.9564016527309217,0.05563901466199909,-0.04026295003210154,-0.18719793856143951,0.9993384631206284,-0.0355315675971907,0.007755245436920952,4.5,0.9,1.0666666666,0.0,0.07674241065979004,-0.03355487250833586,1.0666666666,0.0,0.07674241065979004,-0.03355487250833586,direct,SAFE_PROGRESSING,NONE,DIRECT_LOCAL,PASS_THROUGH,0,6,0,0,0,0,0,1.0666666666,9.895251344132609,inf,0.0,0,0,0,CLEAR,none,nan,0.0,0.0,0,0,0,0,0.0,0,0,1,0,2.0,1.0,"-4.777,26.269;-4.560,26.282;-4.340,26.287;-4.120,26.290;-3.900,26.291;-3.680,26.292;-3.460,26.292;-3.240,26.292;-3.020,26.292;-2.800,26.292;-2.580,26.291;-2.360,26.291;-2.250,26.291",5.15,26.35,2.0,5.15,26.35,2.0,5.15,26.35,2.0,8.691446871482084,0.0,0.0,0,0,5,1,,,0,1,PASS_THROUGH,-1,0.9983819798647269,-0.05642048246514635,0.007081768125846194,0.9,0,0.9993384631206284,-0.0355315675971907,0.007755245436920952,4.5,0.9,0,0,0,BYPASS_VISIBLE,1,0,1,1,1
1787562369066962944,1787562369085189632,joint_v2_000004_81a34ddb,1164,28,0.03333333333333333,0.9333333333333333,18.22662353515625,frame_id_exact,1,,-4.713131427764893,26.275400161743164,1.9226694107055664,-0.0044931052644668285,0.029256793947013415,-0.6931177927352269,0.7202163406969266,0.9588979482650757,0.0865195021033287,-0.012230323627591133,0.9610626862463456,0.05003996895311568,0.03122490767551911,-1.5332998261714685,-0.16282616555690765,depth/001164.png,1.0,0.03591393974721544,0.047028824550007356,-0.9982477040260488,0.9610626862463456,0.05003996895311568,0.03122490767551911,-0.16282616555690765,0.9995213182510341,-0.029927750851656835,0.00783990374151556,4.5,0.9,1.0,0.0,0.0773305892944336,-0.03554127937533496,1.0,0.0,0.0773305892944336,-0.03554127937533496,direct,SAFE_PROGRESSING,NONE,DIRECT_LOCAL,PASS_THROUGH,0,6,0,0,0,0,0,1.0,9.863413541833856,inf,0.0,0,0,0,CLEAR,none,nan,0.0,0.0,0,0,0,0,0.0,0,0,1,0,2.0,1.0,"-4.777,26.269;-4.560,26.282;-4.340,26.287;-4.120,26.290;-3.900,26.291;-3.680,26.292;-3.460,26.292;-3.240,26.292;-3.020,26.292;-2.800,26.292;-2.580,26.291;-2.360,26.291;-2.250,26.291",5.15,26.35,2.0,5.15,26.35,2.0,5.15,26.35,2.0,8.671536389298012,0.0,0.0,0,0,5,1,,,0,1,PASS_THROUGH,-1,0.9983819798647269,-0.05642048246514635,0.007081768125846194,0.9,0,0.9995213182510341,-0.029927750851656835,0.00783990374151556,4.5,0.9,0,0,0,BYPASS_VISIBLE,1,0,1,1,1
1787562369117364224,1787562369133902592,joint_v2_000004_81a34ddb,1165,29,0.03333333333333333,0.9666666666666667,16.538381576538086,frame_id_exact,1,,-4.680818557739258,26.278095245361328,1.9223424196243286,-0.019173027161852634,0.04465433272283096,-0.6941476493067504,0.7181903832274853,0.9822410345077515,0.07513423264026642,-0.008635559119284153,0.9811183247670396,0.04296207168505079,0.07796325332775898,-1.5384378332931,-0.13828831911087036,depth/001165.png,1.0,0.03752280119296624,0.08953316763183308,-0.9952767711970592,0.9811183247670396,0.04296207168505079,0.07796325332775898,-0.13828831911087036,0.9996552179114024,-0.025041006244225467,0.00789894352323947,4.5,0.9,1.0,0.0,0.07765758037567139,-0.01913292586666286,1.0,0.0,0.07765758037567139,-0.01913292586666286,direct,SAFE_PROGRESSING,NONE,DIRECT_LOCAL,PASS_THROUGH,0,6,0,0,0,0,0,1.0,9.831081517764474,inf,0.0,0,0,0,CLEAR,none,nan,0.0,0.0,0,0,0,0,1.4349387334060564,0,0,1,0,2.0,1.0,"-4.681,26.278;-4.463,26.287;-4.243,26.291;-4.023,26.293;-3.803,26.295;-3.583,26.296;-3.363,26.296;-3.143,26.297;-2.923,26.297;-2.703,26.297;-2.483,26.297;-2.263,26.298;-2.153,26.298",5.15,26.35,2.0,5.15,26.35,2.0,5.15,26.35,2.0,8.650781800326168,0.0,0.0,0,0,5,1,,,0,1,PASS_THROUGH,-1,0.9983819798647269,-0.05642048246514635,0.007081768125846194,0.9,0,0.9996552179114024,-0.025041006244225467,0.00789894352323947,4.5,0.9,0,0,0,BYPASS_VISIBLE,1,0,1,1,1
1787562369161802240,1787562369178869248,joint_v2_000004_81a34ddb,1166,30,0.03333333333333333,1.0,17.06695556640625,frame_id_exact,1,,-4.647555351257324,26.280414581298828,1.9220203161239624,-0.02265786215472989,0.0473677715315842,-0.6954557245986812,0.7166479265480591,1.0140531063079834,0.06400922685861588,-0.011304805055260658,1.011763394285339,0.034938672993057675,0.08742313919632347,-1.5425786499150997,-0.11613066494464874,depth/001166.png,1.0,0.03637695062127458,0.09835979561264319,-0.9944858310054178,1.011763394285339,0.034938672993057675,0.08742313919632347,-0.11613066494464874,0.9997454132686618,-0.021113233910734688,0.007958643232544195,4.5,0.9,1.0,0.0,0.0779796838760376,-0.015385461199269625,1.0,0.0,0.0779796838760376,-0.015385461199269625,direct,SAFE_PROGRESSING,NONE,DIRECT_LOCAL,PASS_THROUGH,0,6,0,0,0,0,0,1.0,9.797802457257793,inf,0.0,0,0,0,CLEAR,none,nan,0.0,0.0,0,0,0,0,0.0,0,0,1,0,2.0,1.0,"-4.681,26.278;-4.463,26.287;-4.243,26.291;-4.023,26.293;-3.803,26.295;-3.583,26.296;-3.363,26.296;-3.143,26.297;-2.923,26.297;-2.703,26.297;-2.483,26.297;-2.263,26.298;-2.153,26.298",5.15,26.35,2.0,5.15,26.35,2.0,5.15,26.35,2.0,8.629127053671606,0.0,0.0,0,0,5,1,,,1,1,PASS_THROUGH,-1,0.9997770767111311,-0.02111390259864103,0.0,0.9,0,0.9997454132686618,-0.021113233910734688,0.007958643232544195,4.5,0.9,0,0,0,BYPASS_VISIBLE,1,0,1,1,1
1787562369214317824,1787562369229925120,joint_v2_000004_81a34ddb,1167,31,0.03333333333333333,1.0333333333333334,15.607357025146484,frame_id_exact,1,,-4.613241195678711,26.282367706298828,1.9215668439865112,-0.0161793210963072,0.03830593973571057,-0.6971575539093766,0.715710995847431,1.0436736345291138,0.05359610915184021,-0.01571192778646946,1.0428886972431817,0.026944160151365158,0.06349204988303961,-1.5457726817044422,-0.09690753370523453,depth/001167.png,1.0,0.03227289271140239,0.0765699865206427,-0.9965417690996534,1.0428886972431817,0.026944160151365158,0.06349204988303961,-0.09690753370523453,0.9998040021875606,-0.018094946501060465,0.008033064226060604,4.5,0.9,1.0,0.0,0.07843315601348877,-0.017875984211301512,1.0,0.0,0.07843315601348877,-0.017875984211301512,direct,SAFE_PROGRESSING,NONE,DIRECT_LOCAL,PASS_THROUGH,0,6,0,0,0,0,0,1.0,9.763475445360077,inf,0.0,0,0,0,CLEAR,none,nan,0.0,0.0,0,0,0,0,0.0,0,0,1,0,2.0,1.0,"-4.681,26.278;-4.463,26.287;-4.243,26.291;-4.023,26.293;-3.803,26.295;-3.583,26.296;-3.363,26.296;-3.143,26.297;-2.923,26.297;-2.703,26.297;-2.483,26.297;-2.263,26.298;-2.153,26.298",5.15,26.35,2.0,5.15,26.35,2.0,5.15,26.35,2.0,8.606756407887586,0.0,0.0,0,0,5,1,,,0,1,PASS_THROUGH,-1,0.9997454132686618,-0.021113233910734688,0.007958643232544195,0.9,0,0.9998040021875606,-0.018094946501060465,0.008033064226060604,4.5,0.9,0,0,0,BYPASS_VISIBLE,1,0,1,1,1
1787562369256722176,1787562369274748160,joint_v2_000004_81a34ddb,1168,32,0.03333333333333333,1.0666666666666667,18.025875091552734,frame_id_exact,1,,-4.578094482421875,26.283998489379883,1.9210113286972046,-0.0030296263511219034,0.020966277288862054,-0.6988211627410633,0.7149826704795351,1.0628160238265991,0.044465433806180954,-0.016754861921072006,1.0635251472129292,0.02018107641303787,0.018514483645958747,-1.548368216768175,-0.08066784590482712,depth/001168.png,1.0,0.02574671583328609,0.03363561722486887,-0.9991024731616382,1.0635251472129292,0.02018107641303787,0.018514483645958747,-0.08066784590482712,0.9998446844801131,-0.015642431604757145,0.008119190252323097,4.5,0.9,1.0666666666,0.0,0.07898867130279541,-0.015312829071980685,1.0666666666,0.0,0.07898867130279541,-0.015312829071980685,direct,SAFE_PROGRESSING,NONE,DIRECT_LOCAL,PASS_THROUGH,0,6,0,0,0,0,0,1.0666666666,9.728318377722385,inf,0.0,0,0,0,CLEAR,none,nan,0.0,0.0,0,0,0,0,0.8963114119114021,0,0,1,0,2.0,2.0,"-4.578,26.284;-4.325,26.290;-3.993,26.294;-3.586,26.296;-3.166,26.298;-2.746,26.299;-2.326,26.301;-1.906,26.303;-1.578,26.304",5.15,26.35,2.0,5.15,26.35,2.0,5.15,26.35,2.0,8.584008249041071,0.0,0.0,0,0,5,1,,,0,1,PASS_THROUGH,-1,0.9997454132686618,-0.021113233910734688,0.007958643232544195,0.9,0,0.9998446844801131,-0.015642431604757145,0.008119190252323097,4.5,0.9,0,0,0,BYPASS_VISIBLE,1,0,1,1,1
1787562369307315712,1787562369325025024,joint_v2_000004_81a34ddb,1169,33,0.03333333333333333,1.1,17.70925521850586,frame_id_exact,1,,-4.542562484741211,26.285354614257812,1.9205029010772705,0.011721525497859413,0.0010624386250596045,-0.6999918196314829,0.7140538701758968,1.0664360523223877,0.037211690098047256,-0.012945658527314663,1.0666414205290846,0.015615430515438011,-0.029502406497293764,-1.5507711231489822,-0.06792224198579788,depth/001169.png,1.0,0.017927220748303208,-0.015252204599419453,-0.999722954128342,1.0666414205290846,0.015615430515438011,-0.029502406497293764,-0.06792224198579788,0.9998771846421078,-0.0133548696297001,0.008201407766113259,4.5,0.9,1.1333333332,0.0,0.07949709892272949,-0.012745703948887771,1.1333333332,0.0,0.07949709892272949,-0.012745703948887771,direct,SAFE_PROGRESSING,NONE,DIRECT_LOCAL,PASS_THROUGH,0,6,0,0,0,0,0,1.1333333332,9.692778061346008,inf,0.0,0,0,0,CLEAR,none,nan,0.0,0.0,0,0,0,0,0.0,0,0,1,0,2.0,2.0,"-4.578,26.284;-4.325,26.290;-3.993,26.294;-3.586,26.296;-3.166,26.298;-2.746,26.299;-2.326,26.301;-1.906,26.303;-1.578,26.304",5.15,26.35,2.0,5.15,26.35,2.0,5.15,26.35,2.0,8.561280850486234,0.0,0.0,0,0,5,1,,,0,1,PASS_THROUGH,-1,0.9997454132686618,-0.021113233910734688,0.007958643232544195,0.9,0,0.9998771846421078,-0.0133548696297001,0.008201407766113259,4.5,0.9,0,0,0,BYPASS_VISIBLE,1,0,1,1,1
1787562369352033536,1787562369367593472,joint_v2_000004_81a34ddb,1170,34,0.03333333333333333,1.1333333333333333,15.559911727905273,frame_id_exact,1,,-4.507164478302002,26.2865047454834,1.9202266931533813,0.02058527156291053,-0.013061042125285619,-0.7007081316827758,0.7130313947975337,1.055574655532837,0.03219164162874222,-0.0027227760292589664,1.0546422861687037,0.013499765002230192,-0.05318809333921457,-1.5531194358548948,-0.057817135006189346,depth/001170.png,1.0,0.010222668185855724,-0.04765984664045404,-0.9988113115465654,1.0546422861687037,0.013499765002230192,-0.05318809333921457,-0.057817135006189346,0.9999042600345991,-0.011101441210183598,0.008260070684793083,4.5,0.9,1.1999999998,0.0,0.07977330684661865,-0.012787113975598112,1.1999999998,0.0,0.07977330684661865,-0.012787113975598112,direct,SAFE_PROGRESSING,NONE,DIRECT_LOCAL,PASS_THROUGH,0,6,0,0,0,0,0,1.1999999998,9.65737321471652,inf,0.0,0,0,0,CLEAR,none,nan,0.0,0.0,0,0,0,0,0.0,0,0,1,0,2.0,2.0,"-4.578,26.284;-4.325,26.290;-3.993,26.294;-3.586,26.296;-3.166,26.298;-2.746,26.299;-2.326,26.301;-1.906,26.303;-1.578,26.304",5.15,26.35,2.0,5.15,26.35,2.0,5.15,26.35,2.0,8.538874263944614,0.0,0.0,0,0,5,1,,,0,1,PASS_THROUGH,-1,0.9997454132686618,-0.021113233910734688,0.007958643232544195,0.9,0,0.9999042600345991,-0.011101441210183598,0.008260070684793083,4.5,0.9,0,0,0,BYPASS_VISIBLE,1,0,1,1,1
1787562369395683072,1787562369410314240,joint_v2_000004_81a34ddb,1171,35,0.03333333333333333,1.1666666666666667,14.631271362304688,frame_id_exact,1,,-4.472267150878906,26.287527084350586,1.9203732013702393,0.018614325817398778,-0.015595639573199023,-0.7014097241608651,0.7123444965416984,1.0381931066513062,0.029466507956385612,0.011760825291275978,1.037875627312249,0.013351783889466952,-0.03856722571226548,-1.55523323082358,-0.04980110749602318,depth/001171.png,1.0,0.0038936022340118025,-0.048397491608015736,-0.9988205658013332,1.037875627312249,0.013351783889466952,-0.03856722571226548,-0.04980110749602318,0.9999246265401608,-0.00907021629037306,0.008274806037949205,4.5,0.9,1.1333333332,0.0,0.07962679862976074,-0.008162777035421375,1.1333333332,0.0,0.07962679862976074,-0.008162777035421375,direct,SAFE_PROGRESSING,NONE,DIRECT_LOCAL,PASS_THROUGH,0,6,0,0,0,0,0,1.1333333332,9.622469952567949,inf,0.0,0,0,0,CLEAR,none,nan,0.0,0.0,0,0,0,0,0.5197100323132019,0,0,1,0,2.0,1.0,"-4.472,26.288;-4.252,26.291;-4.032,26.294;-3.812,26.295;-3.592,26.297;-3.372,26.298;-3.152,26.299;-2.932,26.300;-2.712,26.301;-2.492,26.302;-2.272,26.303;-2.052,26.304;-1.942,26.304",5.15,26.35,2.0,5.15,26.35,2.0,5.15,26.35,2.0,8.516856177519056,0.0,0.0,0,0,5,1,,,0,1,PASS_THROUGH,-1,0.9997454132686618,-0.021113233910734688,0.007958643232544195,0.9,0,0.9999246265401608,-0.00907021629037306,0.008274806037949205,4.5,0.9,0,0,0,BYPASS_VISIBLE,1,0,1,1,1
1787562369436818944,1787562369454779136,joint_v2_000004_81a34ddb,1172,36,0.03333333333333333,1.2,17.960309982299805,frame_id_exact,1,,-4.437893867492676,26.288496017456055,1.920975923538208,0.006394492337496367,-0.006431099841219946,-0.7021554317300109,0.7119659409793561,1.025946855545044,0.02867436408996582,0.023562569171190262,1.02650451284947,0.014434683361690868,0.004948660484816857,-1.5569231002649675,-0.042614951729774475,depth/001172.png,1.0,-0.00017759304411467565,-0.01813658487932296,-0.9998355028451559,1.02650451284947,0.014434683361690868,0.004948660484816857,-0.042614951729774475,0.9999382232953493,-0.007458237841736954,0.008241618848018023,4.5,0.9,1.0666666666,0.0,0.07902407646179199,-0.0063520790241937495,1.0666666666,0.0,0.07902407646179199,-0.0063520790241937495,direct,SAFE_PROGRESSING,NONE,DIRECT_LOCAL,PASS_THROUGH,0,6,0,0,0,0,0,1.0666666666,9.588091131928838,inf,0.0,0,0,0,CLEAR,none,nan,0.0,0.0,0,0,0,0,0.0,0,0,1,0,2.0,1.0,"-4.472,26.288;-4.252,26.291;-4.032,26.294;-3.812,26.295;-3.592,26.297;-3.372,26.298;-3.152,26.299;-2.932,26.300;-2.712,26.301;-2.492,26.302;-2.272,26.303;-2.052,26.304;-1.942,26.304",5.15,26.35,2.0,5.15,26.35,2.0,5.15,26.35,2.0,8.495055838091396,0.0,0.0,0,0,5,1,,,1,1,PASS_THROUGH,-1,0.9999721850680299,-0.0074584911523638275,0.0,0.9,0,0.9999382232953493,-0.007458237841736954,0.008241618848018023,4.5,0.9,0,0,0,BYPASS_VISIBLE,1,0,1,1,1
1787562369484527104,1787562369502214144,joint_v2_000004_81a34ddb,1173,37,0.03333333333333333,1.2333333333333334,17.687082290649414,frame_id_exact,1,,-4.403731346130371,26.28946304321289,1.9218875169754028,-0.007748501087631551,0.0065600438338894,-0.702621185543097,0.7114916697908734,1.025925874710083,0.029020069167017937,0.030406001955270767,1.025383084748603,0.016083980783226395,0.05119985197845367,-1.5582351104081782,-0.035699039697647095,depth/001173.png,1.0,-0.0015536889581967295,0.02024443950599485,-0.9997938531115849,1.025383084748603,0.016083980783226395,0.05119985197845367,-0.035699039697647095,0.9999472049880265,-0.006224580359754862,0.008175685658011682,4.5,0.9,1.0,0.0,0.07811248302459717,-0.007240042636187656,1.0,0.0,0.07811248302459717,-0.007240042636187656,direct,SAFE_PROGRESSING,NONE,DIRECT_LOCAL,PASS_THROUGH,0,6,0,0,0,0,0,1.0,9.553923139588841,inf,0.0,0,0,0,CLEAR,none,nan,0.0,0.0,0,0,0,0,0.0,0,0,1,0,2.0,1.0,"-4.472,26.288;-4.252,26.291;-4.032,26.294;-3.812,26.295;-3.592,26.297;-3.372,26.298;-3.152,26.299;-2.932,26.300;-2.712,26.301;-2.492,26.302;-2.272,26.303;-2.052,26.304;-1.942,26.304",5.15,26.35,2.0,5.15,26.35,2.0,5.15,26.35,2.0,8.47321484309222,0.0,0.0,0,0,5,1,,,0,1,PASS_THROUGH,-1,0.9999382232953493,-0.007458237841736954,0.008241618848018023,0.9,0,0.9999472049880265,-0.006224580359754862,0.008175685658011682,4.5,0.9,0,0,0,BYPASS_VISIBLE,1,0,1,1,1
1787562369532887296,1787562369549154816,joint_v2_000004_81a34ddb,1174,38,0.03333333333333333,1.2666666666666666,16.26753807067871,frame_id_exact,1,,-4.369373798370361,26.29043960571289,1.9229480028152466,-0.015975593699949258,0.015562906896973809,-0.7028797354745367,0.7109589677288667,1.0369136333465576,0.02954093925654888,0.03255471587181091,1.0346998745998477,0.017670424611884998,0.07877997991056046,-1.5593603301320957,-0.02897808700799942,depth/001174.png,1.0,-0.00032866570307210283,0.04459368697746301,-0.9990051526697006,1.0346998745998477,0.017670424611884998,0.07877997991056046,-0.02897808700799942,0.9999538323922763,-0.005179130007776504,0.008093806049192338,4.5,0.9,1.0,0.0,0.07705199718475342,0.0017751722928403347,1.0,0.0,0.07705199718475342,0.0017751722928403347,direct,SAFE_PROGRESSING,NONE,DIRECT_LOCAL,PASS_THROUGH,0,6,0,0,0,0,0,1.0,9.51956012395887,inf,0.0,0,0,0,CLEAR,none,nan,0.0,0.0,0,0,0,0,0.2967533379733887,0,0,1,0,2.0,1.0,"-4.369,26.290;-4.149,26.294;-3.929,26.297;-3.709,26.298;-3.489,26.299;-3.269,26.301;-3.049,26.302;-2.829,26.303;-2.609,26.303;-2.389,26.304;-2.169,26.305;-1.949,26.306;-1.839,26.307",5.15,26.35,2.0,5.15,26.35,2.0,5.15,26.35,2.0,8.451167817863762,0.0,0.0,0,0,5,1,,,0,1,PASS_THROUGH,-1,0.9999382232953493,-0.007458237841736954,0.008241618848018023,0.9,0,0.9999538323922763,-0.005179130007776504,0.008093806049192338,4.5,0.9,0,0,0,BYPASS_VISIBLE,1,0,1,1,1
1787562369584841728,1787562369601587712,joint_v2_000004_81a34ddb,1175,39,0.03333333333333333,1.3,16.746044158935547,frame_id_exact,1,,-4.334558486938477,26.291431427001953,1.9240198135375977,-0.014470954143897076,0.01634489761321026,-0.7032195810976996,0.7106375001144781,1.0519698858261108,0.02937115542590618,0.03146396204829216,1.0498523470136782,0.018487809010340448,0.07721098854242434,-1.56036596430783,-0.022524435073137283,depth/001175.png,1.0,0.0028780777366470382,0.04355530945947356,-0.9990468716163579,1.0498523470136782,0.018487809010340448,0.07721098854242434,-0.022524435073137283,0.9999588617780486,-0.004255141430040956,0.008010525760498353,4.5,0.9,1.0,0.0,0.07598018646240234,0.0017727982571207578,1.0,0.0,0.07598018646240234,0.0017727982571207578,direct,SAFE_PROGRESSING,NONE,DIRECT_LOCAL,PASS_THROUGH,0,6,0,0,0,0,0,1.0,9.48473932008148,inf,0.0,0,0,0,CLEAR,none,nan,0.0,0.0,0,0,0,0,0.0,0,0,1,0,2.0,1.0,"-4.369,26.290;-4.149,26.294;-3.929,26.297;-3.709,26.298;-3.489,26.299;-3.269,26.301;-3.049,26.302;-2.829,26.303;-2.609,26.303;-2.389,26.304;-2.169,26.305;-1.949,26.306;-1.839,26.307",5.15,26.35,2.0,5.15,26.35,2.0,5.15,26.35,2.0,8.428880483559352,0.0,0.0,0,0,5,1,,,0,1,PASS_THROUGH,-1,0.9999382232953493,-0.007458237841736954,0.008241618848018023,0.9,0,0.9999588617780486,-0.004255141430040956,0.008010525760498353,4.5,0.9,0,0,0,BYPASS_VISIBLE,1,0,1,1,1
1787562369629534720,1787562369645316352,joint_v2_000004_81a34ddb,1176,40,0.03333333333333333,1.3333333333333333,15.781641006469727,frame_id_exact,1,,-4.2992844581604,26.292388916015625,1.9250409603118896,-0.005284462555687804,0.010228419520438715,-0.703617635043211,0.7104855224040884,1.0633403062820435,0.027924226596951485,0.030018294230103493,1.0626501109069482,0.01788978786080932,0.053180491378501324,-1.5611607287980513,-0.016677450388669968,depth/001176.png,1.0,0.007097805880879241,0.021902860985407193,-0.9997349077792229,1.0626501109069482,0.01788978786080932,0.053180491378501324,-0.016677450388669968,0.9999622768490217,-0.003538682165258266,0.007932377162856625,4.5,0.9,1.0,0.0,0.07495903968811035,-0.00037506687515511186,1.0,0.0,0.07495903968811035,-0.00037506687515511186,direct,SAFE_PROGRESSING,NONE,DIRECT_LOCAL,PASS_THROUGH,0,6,0,0,0,0,0,1.0,9.449460080249535,inf,0.0,0,0,0,CLEAR,none,nan,0.0,0.0,0,0,0,0,0.0,0,0,1,0,2.0,1.0,"-4.369,26.290;-4.149,26.294;-3.929,26.297;-3.709,26.298;-3.489,26.299;-3.269,26.301;-3.049,26.302;-2.829,26.303;-2.609,26.303;-2.389,26.304;-2.169,26.305;-1.949,26.306;-1.839,26.307",5.15,26.35,2.0,5.15,26.35,2.0,5.15,26.35,2.0,8.40646957419695,0.0,0.0,0,0,5,1,,,0,1,PASS_THROUGH,-1,0.9999382232953493,-0.007458237841736954,0.008241618848018023,0.9,0,0.9999622768490217,-0.003538682165258266,0.007932377162856625,4.5,0.9,0,0,0,BYPASS_VISIBLE,1,0,1,1,1
1787562369674785792,1787562369691156992,joint_v2_000004_81a34ddb,1177,41,0.03333333333333333,1.3666666666666667,16.37125015258789,frame_id_exact,1,,-4.263770580291748,26.29327392578125,1.9260510206222534,0.007875779856407293,5.9421801067253566e-05,-0.7038691706571978,0.7102859699860695,1.065699815750122,0.02497810497879982,0.031138762831687927,1.0661617158158494,0.015586736597182172,0.019127857687639915,-1.5616592553552067,-0.011862827464938164,depth/001177.png,1.0,0.011171450214834878,-0.011104461521737673,-0.999875937121406,1.0661617158158494,0.015586736597182172,0.019127857687639915,-0.011862827464938164,0.9999643089666164,-0.003111182237872001,0.007855019923586878,4.5,0.9,1.0666666666,0.0,0.07394897937774658,0.0040745893590377275,1.0666666666,0.0,0.07394897937774658,0.0040745893590377275,direct,SAFE_PROGRESSING,NONE,DIRECT_LOCAL,PASS_THROUGH,0,6,0,0,0,0,0,1.0666666666,9.413941490463106,inf,0.0,0,0,0,CLEAR,none,nan,0.0,0.0,0,0,0,0,0.1782633987478266,0,0,1,0,2.0,2.0,"-4.264,26.293;-4.011,26.297;-3.677,26.300;-3.271,26.302;-2.851,26.304;-2.431,26.306;-2.011,26.308;-1.591,26.310;-1.264,26.311",5.15,26.35,2.0,5.15,26.35,2.0,5.15,26.35,2.0,8.384125053326319,0.0,0.0,0,0,5,1,,,0,1,PASS_THROUGH,-1,0.9999382232953493,-0.007458237841736954,0.008241618848018023,0.9,0,0.9999643089666164,-0.003111182237872001,0.007855019923586878,4.5,0.9,0,0,0,BYPASS_VISIBLE,1,0,1,1,1
1787562369718932480,1787562369735497728,joint_v2_000004_81a34ddb,1178,42,0.03333333333333333,1.4,16.565322875976562,frame_id_exact,1,,-4.228363990783691,26.294038772583008,1.9271444082260132,0.020051645600564216,-0.01001320244425089,-0.7038907752603354,0.7099545364239346,1.0569244623184204,0.02072366140782833,0.034834060817956924,1.0575844785934287,0.011828623123233526,-0.010361240059527183,-1.561920314501818,-0.008475878275930882,depth/001178.png,1.0,0.01401049973519898,-0.04256791517641608,-0.9989953345710396,1.0575844785934287,0.011828623123233526,-0.010361240059527183,-0.008475878275930882,0.9999655967460305,-0.002908934779644625,0.007768102908869707,4.5,0.9,1.1333333332,0.0,0.07285559177398682,0.003028681403218713,1.1333333332,0.0,0.07285559177398682,0.003028681403218713,direct,SAFE_PROGRESSING,NONE,DIRECT_LOCAL,PASS_THROUGH,0,6,0,0,0,0,0,1.1333333332,9.378530951199245,inf,0.0,0,0,0,CLEAR,none,nan,0.0,0.0,0,0,0,0,0.0,0,0,1,0,2.0,2.0,"-4.264,26.293;-4.011,26.297;-3.677,26.300;-3.271,26.302;-2.851,26.304;-2.431,26.306;-2.011,26.308;-1.591,26.310;-1.264,26.311",5.15,26.35,2.0,5.15,26.35,2.0,5.15,26.35,2.0,8.362035034501798,0.0,0.0,0,0,5,1,,,1,1,PASS_THROUGH,-1,0.9999957687849469,-0.0029090225511576276,0.0,0.9,0,0.9999655967460305,-0.002908934779644625,0.007768102908869707,4.5,0.9,0,0,0,BYPASS_VISIBLE,1,0,1,1,1
1787562369770579200,1787562369787395840,joint_v2_000004_81a34ddb,1179,43,0.03333333333333333,1.4333333333333333,16.81685447692871,frame_id_exact,1,,-4.193398952484131,26.294649124145508,1.9284158945083618,0.024401497214651492,-0.013733575655469371,-0.7038998403150881,0.7097471173860395,1.040199637413025,0.015703359618782997,0.041928477585315704,1.0410377020553718,0.007302544735639495,-0.014389376281934416,-1.5621224531988025,-0.006195442751049995,depth/001179.png,1.0,0.014857688519939561,-0.05397190803768488,-0.9984319116667977,1.0410377020553718,0.007302544735639495,-0.014389376281934416,-0.006195442751049995,0.9999668725053094,-0.0027497966047044897,0.007661103744440114,4.5,0.9,1.1999999998,0.0,0.07158410549163818,0.0007867977803605476,1.1999999998,0.0,0.07158410549163818,0.0007867977803605476,direct,SAFE_PROGRESSING,NONE,DIRECT_LOCAL,PASS_THROUGH,0,6,0,0,0,0,0,1.1999999998,9.343562902059332,inf,0.0,0,0,0,CLEAR,none,nan,0.0,0.0,0,0,0,0,0.0,0,0,1,0,2.0,2.0,"-4.264,26.293;-4.011,26.297;-3.677,26.300;-3.271,26.302;-2.851,26.304;-2.431,26.306;-2.011,26.308;-1.591,26.310;-1.264,26.311",5.15,26.35,2.0,5.15,26.35,2.0,5.15,26.35,2.0,8.34026765696845,0.0,0.0,0,0,5,1,,,0,1,PASS_THROUGH,-1,0.9999655967460305,-0.002908934779644625,0.007768102908869707,0.9,0,0.9999668725053094,-0.0027497966047044897,0.007661103744440114,4.5,0.9,0,0,0,BYPASS_VISIBLE,1,0,1,1,1
1787562369813585152,1787562369829206016,joint_v2_000004_81a34ddb,1180,44,0.03333333333333333,1.4666666666666666,15.620946884155273,frame_id_exact,1,,-4.15900993347168,26.295085906982422,1.9299601316452026,0.0170113251168173,-0.007406654572115448,-0.7040806651942192,0.7098775761957024,1.0242054462432861,0.010736907832324505,0.05064732953906059,1.0253973164664447,0.0027810130801875473,0.015160430182176714,-1.562364348675869,-0.0045659481547772884,depth/001180.png,1.0,0.013439054217423443,-0.03458168103960437,-0.9993115125716386,1.0253973164664447,0.0027810130801875473,0.015160430182176714,-0.0045659481547772884,0.9999684898019937,-0.002532945995825675,0.007523535585216881,4.5,0.9,1.1333333332,0.0,0.07003986835479736,-0.0033326879086097226,1.1333333332,0.0,0.07003986835479736,-0.0033326879086097226,direct,SAFE_PROGRESSING,NONE,DIRECT_LOCAL,PASS_THROUGH,0,6,0,0,0,0,0,1.1333333332,9.309171901897955,inf,0.0,0,0,0,CLEAR,none,nan,0.0,0.0,0,0,0,0,0.14513137802587087,0,0,1,0,2.0,1.0,"-4.159,26.295;-3.939,26.297;-3.719,26.298;-3.499,26.300;-3.279,26.301;-3.059,26.302;-2.839,26.303;-2.619,26.305;-2.399,26.306;-2.179,26.307;-1.959,26.308;-1.739,26.309;-1.629,26.310",5.15,26.35,2.0,5.15,26.35,2.0,5.15,26.35,2.0,8.318707009848973,0.0,0.0,0,0,5,1,,,0,1,PASS_THROUGH,-1,0.9999655967460305,-0.002908934779644625,0.007768102908869707,0.9,0,0.9999684898019937,-0.002532945995825675,0.007523535585216881,4.5,0.9,0,0,0,BYPASS_VISIBLE,1,0,1,1,1
1787562369859086080,1787562369876932608,joint_v2_000004_81a34ddb,1181,45,0.03333333333333333,1.5,17.84658432006836,frame_id_exact,1,,-4.124992847442627,26.295373916625977,1.9317268133163452,-0.0003236347363840937,0.007337649383312205,-0.704140069954276,0.7100231095160723,1.0193426609039307,0.0067340959794819355,0.05418454855680466,1.0187191212836235,-0.0011522967011320631,0.06519814286547013,-1.562529980724274,-0.0031795420218259096,depth/001181.png,1.0,0.009964032891521785,0.010793042183880509,-0.99989210832417,1.0187191212836235,-0.0011522967011320631,0.06519814286547013,-0.0031795420218259096,0.9999700853853456,-0.0023767383238545523,0.007360669084020634,4.5,0.9,1.0666666666,0.0,0.06827318668365479,-0.0031240934231817038,1.0666666666,0.0,0.06827318668365479,-0.0031240934231817038,direct,SAFE_PROGRESSING,NONE,DIRECT_LOCAL,PASS_THROUGH,0,6,0,0,0,0,0,1.0666666666,9.275153709189766,inf,0.0,0,0,0,CLEAR,none,nan,0.0,0.0,0,0,0,0,0.0,0,0,1,0,2.0,1.0,"-4.159,26.295;-3.939,26.297;-3.719,26.298;-3.499,26.300;-3.279,26.301;-3.059,26.302;-2.839,26.303;-2.619,26.305;-2.399,26.306;-2.179,26.307;-1.959,26.308;-1.739,26.309;-1.629,26.310",5.15,26.35,2.0,5.15,26.35,2.0,5.15,26.35,2.0,8.297081987651296,0.0,0.0,0,0,5,1,,,0,1,PASS_THROUGH,-1,0.9999655967460305,-0.002908934779644625,0.007768102908869707,0.9,0,0.9999700853853456,-0.0023767383238545523,0.007360669084020634,4.5,0.9,0,0,0,BYPASS_VISIBLE,1,0,1,1,1
1787562369903460352,1787562369919123712,joint_v2_000004_81a34ddb,1182,46,0.03333333333333333,1.5333333333333334,15.663385391235352,frame_id_exact,1,,-4.090878009796143,26.29555320739746,1.933498501777649,-0.018136432886084325,0.021508601838589114,-0.7038203326206678,0.7098206740007298,1.0300037860870361,0.004307382274419069,0.05131245031952858,1.0255102187837948,-0.004035136727055129,0.1089579244253877,-1.5624474863663804,-0.002549136523157358,depth/001182.png,1.0,0.005004920054888746,0.05602361263082134,-0.9984168996982352,1.0255102187837948,-0.004035136727055129,0.1089579244253877,-0.002549136523157358,0.9999710892297873,-0.002456892365288455,0.007196136775923802,4.5,0.9,1.0,0.0,0.06650149822235107,-0.0035419409617691317,1.0,0.0,0.06650149822235107,-0.0035419409617691317,direct,SAFE_PROGRESSING,NONE,DIRECT_LOCAL,PASS_THROUGH,0,6,0,0,0,0,0,1.0,9.241038407298102,inf,0.0,0,0,0,CLEAR,none,nan,0.0,0.0,0,0,0,0,0.0,0,0,1,0,2.0,1.0,"-4.159,26.295;-3.939,26.297;-3.719,26.298;-3.499,26.300;-3.279,26.301;-3.059,26.302;-2.839,26.303;-2.619,26.305;-2.399,26.306;-2.179,26.307;-1.959,26.308;-1.739,26.309;-1.629,26.310",5.15,26.35,2.0,5.15,26.35,2.0,5.15,26.35,2.0,8.275141967407608,0.0,0.0,0,0,5,1,,,0,1,PASS_THROUGH,-1,0.9999655967460305,-0.002908934779644625,0.007768102908869707,0.9,0,0.9999710892297873,-0.002456892365288455,0.007196136775923802,4.5,0.9,0,0,0,BYPASS_VISIBLE,1,0,1,1,1
1787562369947754752,1787562369962258432,joint_v2_000004_81a34ddb,1183,47,0.03333333333333333,1.5666666666666667,14.50347900390625,frame_id_exact,1,,-4.056197166442871,26.295682907104492,1.9350900650024414,-0.027821373638392984,0.027248734928077306,-0.7035164570203385,0.7096112120839428,1.052008032798767,0.0037060249596834183,0.0436059944331646,1.0454166958726432,-0.005408534780961222,0.12534272291157503,-1.5621520158768283,-0.0027676026802510023,depth/001183.png,1.0,-0.00047357278290854204,0.0778245842485352,-0.9969669552273847,1.0454166958726432,-0.005408534780961222,0.12534272291157503,-0.0027676026802510023,0.9999713802040427,-0.0027442501977057976,0.007050380392147694,4.5,0.9,1.0666666666,0.0,0.0649099349975586,-0.008457859869608876,1.0666666666,0.0,0.0649099349975586,-0.008457859869608876,direct,SAFE_PROGRESSING,NONE,DIRECT_LOCAL,PASS_THROUGH,0,6,0,0,0,0,0,1.0666666666,9.206357402034822,inf,0.0,0,0,0,CLEAR,none,nan,0.0,0.0,0,0,0,0,0.15723805965198312,0,0,1,0,2.0,2.0,"-4.056,26.296;-3.806,26.297;-3.475,26.299;-3.070,26.301;-2.650,26.304;-2.230,26.306;-1.810,26.309;-1.390,26.311;-1.056,26.313",5.15,26.35,2.0,5.15,26.35,2.0,5.15,26.35,2.0,8.252792431550969,0.0,0.0,0,0,5,1,,,0,1,PASS_THROUGH,-1,0.9999655967460305,-0.002908934779644625,0.007768102908869707,0.9,0,0.9999713802040427,-0.0027442501977057976,0.007050380392147694,4.5,0.9,0,0,0,BYPASS_VISIBLE,1,0,1,1,1
1787562369987830272,1787562370010272000,joint_v2_000004_81a34ddb,1184,48,0.03333333333333333,1.6,22.441864013671875,frame_id_exact,1,,-4.020723342895508,26.295820236206055,1.936358094215393,-0.026449893787404494,0.022450875876201787,-0.7035913563537723,0.7097573983800981,1.0759689807891846,0.004807898309081793,0.03227866068482399,1.0711643849160908,-0.00495229881494783,0.10656739964009937,-1.5618857584645627,-0.0034216290805488825,depth/001184.png,1.0,-0.005350482784091323,0.06913850002209027,-0.9975927225820528,1.0711643849160908,-0.00495229881494783,0.10656739964009937,-0.0034216290805488825,0.9999714140278759,-0.0030026550886090167,0.006939394030418653,4.5,0.9,1.1333333332,0.0,0.06364190578460693,-0.008905153588619296,1.1333333332,0.0,0.06364190578460693,-0.008905153588619296,direct,SAFE_PROGRESSING,NONE,DIRECT_LOCAL,PASS_THROUGH,0,6,0,0,0,0,0,1.1333333332,9.170883385952159,inf,0.0,0,0,0,CLEAR,none,nan,0.0,0.0,0,0,0,0,0.0,0,0,1,0,2.0,2.0,"-4.056,26.296;-3.806,26.297;-3.475,26.299;-3.070,26.301;-2.650,26.304;-2.230,26.306;-1.810,26.309;-1.390,26.311;-1.056,26.313",5.15,26.35,2.0,5.15,26.35,2.0,5.15,26.35,2.0,8.230123381308402,0.0,0.0,0,0,5,1,,,1,1,PASS_THROUGH,-1,0.999995491803955,-0.0030027273879326293,0.0,0.9,0,0.9999714140278759,-0.0030026550886090167,0.006939394030418653,4.5,0.9,0,0,0,BYPASS_VISIBLE,1,0,1,1,1
1787562370049285888,1787562370063779072,joint_v2_000004_81a34ddb,1185,49,0.03333333333333333,1.6333333333333333,14.493227005004883,frame_id_exact,1,,-3.984525203704834,26.296016693115234,1.9372633695602417,-0.019944882606289977,0.013677758673317622,-0.7037905845056298,0.7099957279707532,1.0948283672332764,0.007213917560875416,0.022791704162955284,1.0925259989481744,-0.0028191828533203813,0.07483080859005811,-1.561812405550835,-0.003975294530391693,depth/001185.png,1.0,-0.008651740722213128,0.047574118433530446,-0.9988302411509916,1.0925259989481744,-0.0028191828533203813,0.07483080859005811,-0.003975294530391693,0.9999716912343503,-0.003074102867351052,0.0068677959691662085,4.5,0.9,1.1999999998,0.0,0.0627366304397583,-0.0088648348447274,1.1999999998,0.0,0.0627366304397583,-0.0088648348447274,direct,SAFE_PROGRESSING,NONE,DIRECT_LOCAL,PASS_THROUGH,0,6,0,0,0,0,0,1.1999999998,9.134684717851025,inf,0.0,0,0,0,CLEAR,none,nan,0.0,0.0,0,0,0,0,0.0,0,0,1,0,2.0,2.0,"-4.056,26.296;-3.806,26.297;-3.475,26.299;-3.070,26.301;-2.650,26.304;-2.230,26.306;-1.810,26.309;-1.390,26.311;-1.056,26.313",5.15,26.35,2.0,5.15,26.35,2.0,5.15,26.35,2.0,8.20729816187016,0.0,0.0,0,0,5,1,,,0,1,PASS_THROUGH,-1,0.9999714140278759,-0.0030026550886090167,0.006939394030418653,0.9,0,0.9999716912343503,-0.003074102867351052,0.0068677959691662085,4.5,0.9,0,0,0,BYPASS_VISIBLE,1,0,1,1,1
1787562370090394368,1787562370107074816,joint_v2_000004_81a34ddb,1186,50,0.03333333333333333,1.6666666666666667,16.680479049682617,frame_id_exact,1,,-3.947807550430298,26.296308517456055,1.9379382133483887,-0.014439866668112524,0.007452281624166145,-0.7039176009130327,0.7100957434557975,1.1073518991470337,0.01034476701170206,0.018478676676750183,1.1062948852527008,0.00032059224729775115,0.05280367719314645,-1.561906838345017,-0.004383087158203125,depth/001186.png,1.0,-0.009745285684335196,0.030998960118614527,-0.9994719074984025,1.1062948852527008,0.00032059224729775115,0.05280367719314645,-0.004383087158203125,0.9999722704903407,-0.00298789822323244,0.006821342580482371,4.5,0.9,1.2666666664,0.0,0.06206178665161133,-0.005036777374939707,1.2666666664,0.0,0.06206178665161133,-0.005036777374939707,direct,SAFE_PROGRESSING,NONE,DIRECT_LOCAL,PASS_THROUGH,0,6,0,0,0,0,0,1.2666666664,9.097965981468843,inf,0.0,0,0,0,CLEAR,none,nan,0.0,0.0,0,0,0,0,0.1711981955756202,0,0,1,0,2.0,2.0,"-3.948,26.296;-3.686,26.298;-3.345,26.300;-2.934,26.303;-2.514,26.305;-2.094,26.308;-1.674,26.310;-1.254,26.312;-0.948,26.314",5.15,26.35,2.0,5.15,26.35,2.0,5.15,26.35,2.0,8.184434502740896,0.0,0.0,0,0,5,1,,,0,1,PASS_THROUGH,-1,0.9999714140278759,-0.0030026550886090167,0.006939394030418653,0.9,0,0.9999722704903407,-0.00298789822323244,0.006821342580482371,4.5,0.9,0,0,0,BYPASS_VISIBLE,1,0,1,1,1
1787562370137455872,1787562370154198528,joint_v2_000004_81a34ddb,1187,51,0.03333333333333333,1.7,16.742706298828125,frame_id_exact,1,,-3.910735845565796,26.296707153320312,1.9385420083999634,-0.014091741708493716,0.007991989628572367,-0.703978447316907,0.7100365459824409,1.1169357299804688,0.013482757844030857,0.018116841092705727,1.115897299346993,0.00360952553611214,0.05306239942515037,-1.5620949556631163,-0.004672093782573938,depth/001187.png,1.0,-0.008491355473074577,0.03126368011854156,-0.9994751018347958,1.115897299346993,0.00360952553611214,0.05306239942515037,-0.004672093782573938,0.9999730225070598,-0.0028196354121326176,0.006782618538443695,4.5,0.9,1.333333333,0.0,0.06145799160003662,-0.005204972347346501,1.333333333,0.0,0.06145799160003662,-0.005204972347346501,direct,SAFE_PROGRESSING,NONE,DIRECT_LOCAL,PASS_THROUGH,0,6,0,0,0,0,0,1.333333333,9.060892571409736,inf,0.0,0,0,0,CLEAR,none,nan,0.0,0.0,0,0,0,0,0.0,0,0,1,0,2.0,2.0,"-3.948,26.296;-3.686,26.298;-3.345,26.300;-2.934,26.303;-2.514,26.305;-2.094,26.308;-1.674,26.310;-1.254,26.312;-0.948,26.314",5.15,26.35,2.0,5.15,26.35,2.0,5.15,26.35,2.0,8.161526670338656,0.0,0.0,0,0,5,1,,,0,1,PASS_THROUGH,-1,0.9999714140278759,-0.0030026550886090167,0.006939394030418653,0.9,0,0.9999730225070598,-0.0028196354121326176,0.006782618538443695,4.5,0.9,0,0,0,BYPASS_VISIBLE,1,0,1,1,1
1787562370181418496,1787562370198650112,joint_v2_000004_81a34ddb,1188,52,0.03333333333333333,1.7333333333333334,17.23170280456543,frame_id_exact,1,,-3.8733081817626953,26.29720115661621,1.9391535520553589,-0.020815512383952073,0.016935455680348897,-0.7039247926685742,0.7097674203931857,1.1299046277999878,0.015927771106362343,0.018340202048420906,1.1274058147073236,0.006332281600353576,0.07868008643406636,-1.562389958074813,-0.005042343400418758,depth/001188.png,1.0,-0.00526464109547848,0.053390919314915,-0.998559809570185,1.1274058147073236,0.006332281600353576,0.07868008643406636,-0.005042343400418758,0.9999740017572429,-0.002554990382354397,0.006742984039120197,4.5,0.9,1.3999999995999999,0.0,0.06084644794464111,-0.005740572146357913,1.3999999995999999,0.0,0.06084644794464111,-0.005740572146357913,direct,SAFE_PROGRESSING,NONE,DIRECT_LOCAL,PASS_THROUGH,0,6,0,0,0,0,0,1.3999999995999999,9.023462653600793,inf,0.0,0,0,0,CLEAR,none,nan,0.0,0.0,0,0,0,0,0.0,0,0,1,0,2.0,2.0,"-3.948,26.296;-3.686,26.298;-3.345,26.300;-2.934,26.303;-2.514,26.305;-2.094,26.308;-1.674,26.310;-1.254,26.312;-0.948,26.314",5.15,26.35,2.0,5.15,26.35,2.0,5.15,26.35,2.0,8.138408561153113,0.0,0.0,0,0,5,1,,,0,1,PASS_THROUGH,-1,0.9999714140278759,-0.0030026550886090167,0.006939394030418653,0.9,0,0.9999740017572429,-0.002554990382354397,0.006742984039120197,4.5,0.9,0,0,0,BYPASS_VISIBLE,1,0,1,1,1
1787562370228740352,1787562370243411712,joint_v2_000004_81a34ddb,1189,53,0.03333333333333333,1.7666666666666666,14.67132568359375,frame_id_exact,1,,-3.835294723510742,26.297754287719727,1.9397234916687012,-0.03435796114576093,0.03349216251751625,-0.703511090145211,0.7090627275484895,1.1531015634536743,0.017179468646645546,0.014923491515219212,1.1464608857715333,0.008055822682792122,0.12539378572380994,-1.5628953995783,-0.005705749150365591,depth/001189.png,1.0,-0.0008463251893074258,0.0958481148140734,-0.9953956111116133,1.1464608857715333,0.008055822682792122,0.12539378572380994,-0.005705749150365591,0.9999753240254468,-0.0020863645893745408,0.006708086389062906,4.5,0.9,1.4666666661999999,0.0,0.06027650833129883,0.0014391152644961224,1.4666666661999999,0.0,0.06027650833129883,0.0014391152644961224,direct,SAFE_PROGRESSING,NONE,DIRECT_LOCAL,PASS_THROUGH,0,6,0,0,0,0,0,1.4666666661999999,8.985446615655876,inf,0.0,0,0,0,CLEAR,none,nan,0.0,0.0,0,0,0,0,0.11954266187120674,0,0,1,0,2.0,2.0,"-3.835,26.298;-3.565,26.301;-3.214,26.303;-2.799,26.305;-2.379,26.307;-1.959,26.309;-1.539,26.312;-1.119,26.314;-0.835,26.315",5.15,26.35,2.0,5.15,26.35,2.0,5.15,26.35,2.0,8.114795283776724,0.0,0.0,0,0,5,1,,,0,1,PASS_THROUGH,-1,0.9999714140278759,-0.0030026550886090167,0.006939394030418653,0.9,0,0.9999753240254468,-0.0020863645893745408,0.006708086389062906,4.5,0.9,0,0,0,BYPASS_VISIBLE,1,0,1,1,1
1787562370268905984,1787562370285711872,joint_v2_000004_81a34ddb,1190,54,0.03333333333333333,1.8,16.80588722229004,frame_id_exact,1,,-3.7962636947631836,26.2983341217041,1.9400558471679688,-0.05269959210981113,0.054968577511072286,-0.7024347503002304,0.7076627940258848,1.1915322542190552,0.017057791352272034,0.0033946691546589136,1.1773014976173348,0.008577060426622379,0.18422600959487206,-1.5636684618748635,-0.006313595920801163,depth/001190.png,1.0,0.0037623846410693162,0.15181075922960469,-0.9884024169557375,1.1773014976173348,0.008577060426622379,0.18422600959487206,-0.006313595920801163,0.9999766383637024,-0.0013527636005472177,0.006700205778215012,4.5,0.9,1.5333333327999998,0.0,0.05994415283203125,0.0022622184873700253,1.5333333327999998,0.0,0.05994415283203125,0.0022622184873700253,direct,SAFE_PROGRESSING,NONE,DIRECT_LOCAL,PASS_THROUGH,0,6,0,0,0,0,0,1.5333333327999998,8.946412882223685,inf,0.0,0,0,0,CLEAR,none,nan,0.0,0.0,0,0,0,0,0.0,0,0,1,0,2.0,2.0,"-3.835,26.298;-3.565,26.301;-3.214,26.303;-2.799,26.305;-2.379,26.307;-1.959,26.309;-1.539,26.312;-1.119,26.314;-0.835,26.315",5.15,26.35,2.0,5.15,26.35,2.0,5.15,26.35,2.0,8.090318134695405,0.0,0.0,0,0,5,1,,,1,1,PASS_THROUGH,-1,0.999999084973824,-0.0013527939662137368,0.0,0.9,0,0.9999766383637024,-0.0013527636005472177,0.006700205778215012,4.5,0.9,0,0,0,BYPASS_VISIBLE,1,0,1,1,1
1787562370315154944,1787562370331201792,joint_v2_000004_81a34ddb,1191,55,0.03333333333333333,1.8333333333333333,16.046762466430664,frame_id_exact,1,,-3.7556700706481934,26.29888343811035,1.9398118257522583,-0.07265572703862637,0.07750648794141538,-0.7006335222640572,0.7055682512240307,1.2468469142913818,0.01572447642683983,-0.02017429657280445,1.2230818442049496,0.007827216031858411,0.24349748693663475,-1.5645852856529137,-0.006729234009981155,depth/001191.png,1.0,0.007562158415224354,0.21113443582552932,-0.9774277793109517,1.2230818442049496,0.007827216031858411,0.24349748693663475,-0.006729234009981155,0.9999770524062898,-0.000471316207105006,0.006758144853549923,4.5,0.9,1.5999999993999998,0.0,0.0601881742477417,0.002684294167207635,1.5999999993999998,0.0,0.0601881742477417,0.002684294167207635,direct,SAFE_PROGRESSING,NONE,DIRECT_LOCAL,PASS_THROUGH,0,6,0,0,0,0,0,1.5999999993999998,8.905816768277822,inf,0.0,0,0,0,CLEAR,none,nan,0.0,0.0,0,0,0,0,0.0,0,0,1,0,2.0,2.0,"-3.835,26.298;-3.565,26.301;-3.214,26.303;-2.799,26.305;-2.379,26.307;-1.959,26.309;-1.539,26.312;-1.119,26.314;-0.835,26.315",5.15,26.35,2.0,5.15,26.35,2.0,5.15,26.35,2.0,8.064641149712358,0.0,0.0,0,0,5,1,,,0,1,PASS_THROUGH,-1,0.9999766383637024,-0.0013527636005472177,0.006700205778215012,0.9,0,0.9999770524062898,-0.000471316207105006,0.006758144853549923,4.5,0.9,0,0,0,BYPASS_VISIBLE,1,0,1,1,1
1787562370363452160,1787562370380159232,joint_v2_000004_81a34ddb,1192,56,0.03333333333333333,1.8666666666666667,16.70694351196289,frame_id_exact,1,,-3.7129740715026855,26.299373626708984,1.9385498762130737,-0.09057920598292327,0.09690468994559584,-0.6984894386920848,0.7032193061525454,1.3171366453170776,0.013608423061668873,-0.05776126682758331,1.2860937151775125,0.00587376080711766,0.29034281509236937,-1.5653520707457942,-0.007224766071885824,depth/001192.png,1.0,0.009753260164565264,0.26276789773977904,-0.9648097770201022,1.2860937151775125,0.00587376080711766,0.29034281509236937,-0.007224766071885824,0.9999759301038772,0.0002677955942714855,0.006933072796799329,4.5,0.9,1.6666666659999998,0.0,0.06145012378692627,0.00448285126837706,1.6666666659999998,0.0,0.06145012378692627,0.00448285126837706,direct,SAFE_PROGRESSING,NONE,DIRECT_LOCAL,PASS_THROUGH,0,6,0,0,0,0,0,1.6666666659999998,8.863118662288207,inf,0.0,0,0,0,CLEAR,none,nan,0.0,0.0,0,0,0,0,0.015343926283862878,0,0,1,0,2.0,2.0,"-3.713,26.299;-3.410,26.302;-3.026,26.304;-2.606,26.307;-2.186,26.309;-1.766,26.311;-1.346,26.313;-0.926,26.315;-0.713,26.317",5.15,26.35,2.0,5.15,26.35,2.0,5.15,26.35,2.0,8.037510944804469,0.0,0.0,0,0,5,1,,,0,1,PASS_THROUGH,-1,0.9999766383637024,-0.0013527636005472177,0.006700205778215012,0.9,0,0.9999759301038772,0.0002677955942714855,0.006933072796799329,4.5,0.9,0,0,0,BYPASS_VISIBLE,1,0,1,1,1
1787562370408991232,1787562370425609216,joint_v2_000004_81a34ddb,1193,57,0.03333333333333333,1.9,16.617774963378906,frame_id_exact,1,,-3.6677441596984863,26.299787521362305,1.935815691947937,-0.10313740625718884,0.1095141501909529,-0.6967315156001828,0.7013804399239869,1.3980169296264648,0.011266179382801056,-0.10791079699993134,1.3669357705247311,0.003005760215089336,0.31257089930884985,-1.5656523596657643,-0.007963903248310089,depth/001193.png,1.0,0.009904002924378319,0.2972810384309894,-0.954738652676986,1.3669357705247311,0.003005760215089336,0.31257089930884985,-0.007963903248310089,0.9999733585388189,0.0005504379442587192,0.0072786833056589974,4.5,0.9,1.7333333325999998,0.0,0.06418430805206299,0.004843591306859829,1.7333333325999998,0.0,0.06418430805206299,0.004843591306859829,direct,SAFE_PROGRESSING,NONE,DIRECT_LOCAL,PASS_THROUGH,0,6,0,0,0,0,0,1.7333333325999998,8.817887125548145,inf,0.0,0,0,0,CLEAR,none,nan,0.0,0.0,0,0,0,0,0.0,0,0,1,0,2.0,2.0,"-3.713,26.299;-3.410,26.302;-3.026,26.304;-2.606,26.307;-2.186,26.309;-1.766,26.311;-1.346,26.313;-0.926,26.315;-0.713,26.317",5.15,26.35,2.0,5.15,26.35,2.0,5.15,26.35,2.0,8.008796650742614,0.0,0.0,0,0,5,1,,,0,1,PASS_THROUGH,-1,0.9999766383637024,-0.0013527636005472177,0.006700205778215012,0.9,0,0.9999733585388189,0.0005504379442587192,0.0072786833056589974,4.5,0.9,0,0,0,BYPASS_VISIBLE,1,0,1,1,1
1787562370451440384,1787562370467008768,joint_v2_000004_81a34ddb,1194,58,0.03333333333333333,1.9333333333333333,15.56849479675293,frame_id_exact,1,,-3.6197144985198975,26.300127029418945,1.9312695264816284,-0.1080943312356687,0.11311343808805473,-0.6960478455430668,0.7007412949109453,1.4842463731765747,0.009238590486347675,-0.16535401344299316,1.4627433439425217,-0.00017521153798011964,0.30132453709656987,-1.5653506298020454,-0.008898824453353882,depth/001194.png,1.0,0.008048861411293379,0.30895705305154936,-0.9510419313572267,1.4627433439425217,-0.00017521153798011964,0.30132453709656987,-0.008898824453353882,0.9999692620515158,0.00024118916158653294,0.007836885856966649,4.5,0.9,1.7999999991999998,0.0,0.06873047351837158,0.003439007508237214,1.7999999991999998,0.0,0.06873047351837158,0.003439007508237214,direct,SAFE_PROGRESSING,NONE,DIRECT_LOCAL,PASS_THROUGH,0,6,0,0,0,0,0,1.7999999991999998,8.769856310039787,inf,0.0,0,0,0,CLEAR,none,nan,0.0,0.0,0,0,0,0,0.0,0,0,1,0,2.0,2.0,"-3.713,26.299;-3.410,26.302;-3.026,26.304;-2.606,26.307;-2.186,26.309;-1.766,26.311;-1.346,26.313;-0.926,26.315;-0.713,26.317",5.15,26.35,2.0,5.15,26.35,2.0,5.15,26.35,2.0,7.978491673757083,0.0,0.0,0,0,5,1,,,0,1,PASS_THROUGH,-1,0.9999766383637024,-0.0013527636005472177,0.006700205778215012,0.9,0,0.9999692620515158,0.00024118916158653294,0.007836885856966649,4.5,0.9,0,0,0,BYPASS_VISIBLE,1,0,1,1,1
1787562370492672512,1787562370507069952,joint_v2_000004_81a34ddb,1195,59,0.03333333333333333,1.9666666666666666,14.397621154785156,frame_id_exact,1,,-3.568791151046753,26.300413131713867,1.9247956275939941,-0.10486522037703884,0.10746994402461958,-0.696671248109312,0.7015002984635386,1.5708295106887817,0.007962307892739773,-0.2221953570842743,1.565991056918515,-0.0028121732875209422,0.25417243760915087,-1.5645974532019566,-0.009773533791303635,depth/001195.png,1.0,0.004667227691601439,0.2968684068616142,-0.9549069933732404,1.565991056918515,-0.0028121732875209422,0.25417243760915087,-0.009773533791303635,0.9999626723673072,-0.0005115599623235942,0.008625090053934008,4.5,0.9,1.7333333325999998,0.0,0.07520437240600586,-0.0018847594461378174,1.7333333325999998,0.0,0.07520437240600586,-0.0018847594461378174,direct,SAFE_PROGRESSING,NONE,DIRECT_LOCAL,PASS_THROUGH,0,6,0,0,0,0,0,1.7333333325999998,8.718932158990434,inf,0.0,0,0,0,CLEAR,none,nan,0.0,0.0,0,0,0,0,0.029311318374182743,0,0,1,0,2.0,1.0,"-3.569,26.300;-3.349,26.302;-3.129,26.303;-2.909,26.304;-2.689,26.305;-2.469,26.307;-2.249,26.308;-2.029,26.309;-1.809,26.310;-1.589,26.312;-1.369,26.313;-1.149,26.314;-1.039,26.315",5.15,26.35,2.0,5.15,26.35,2.0,5.15,26.35,2.0,7.946688127663095,0.0,0.0,0,0,5,1,,,0,1,PASS_THROUGH,-1,0.9999766383637024,-0.0013527636005472177,0.006700205778215012,0.9,0,0.9999626723673072,-0.0005115599623235942,0.008625090053934008,4.5,0.9,0,0,0,BYPASS_VISIBLE,1,0,1,1,1
1787562370532108288,1787562370547937792,joint_v2_000004_81a34ddb,1196,60,0.03333333333333333,2.0,15.82956314086914,frame_id_exact,1,,-3.5150392055511475,26.30066680908203,1.9165619611740112,-0.0928523640043521,0.0926088119100223,-0.698499687734241,0.7034914588611474,1.653062105178833,0.007728386204689741,-0.26954278349876404,1.6663016541972424,-0.0040727956107472684,0.16955699107766958,-1.5637526789663032,-0.010312644764780998,depth/001196.png,1.0,0.0005843218631063352,0.26001614242543514,-0.9656040929108348,1.6663016541972424,-0.0040727956107472684,0.16955699107766958,-0.010312644764780998,0.9999527315863802,-0.0013502859531880798,0.009628671807746417,4.5,0.9,1.6666666659999998,0.0,0.08343803882598877,-0.003818192299190101,1.6666666659999998,0.0,0.08343803882598877,-0.003818192299190101,direct,SAFE_PROGRESSING,NONE,DIRECT_LOCAL,PASS_THROUGH,0,6,0,0,0,0,0,1.6666666659999998,8.665179640230468,inf,0.0,0,0,0,CLEAR,none,nan,0.0,0.0,0,0,0,0,0.0,0,0,1,0,2.0,1.0,"-3.569,26.300;-3.349,26.302;-3.129,26.303;-2.909,26.304;-2.689,26.305;-2.469,26.307;-2.249,26.308;-2.029,26.309;-1.809,26.310;-1.589,26.312;-1.369,26.313;-1.149,26.314;-1.039,26.315",5.15,26.35,2.0,5.15,26.35,2.0,5.15,26.35,2.0,7.913612333190392,0.0,0.0,0,0,5,1,,,1,1,PASS_THROUGH,-1,0.9999990882789799,-0.0013503485509378296,0.0,0.9,0,0.9999527315863802,-0.0013502859531880798,0.009628671807746417,4.5,0.9,0,0,0,BYPASS_VISIBLE,1,0,1,1,1
1787562370575789824,1787562370593610496,joint_v2_000004_81a34ddb,1197,61,0.03333333333333333,2.033333333333333,17.82059669494629,frame_id_exact,1,,-3.458711862564087,26.300935745239258,1.9070361852645874,-0.06980664318888796,0.06702301596531011,-0.7012241975894313,0.7063423904967556,1.7238521575927734,0.008622380904853344,-0.29842615127563477,1.7490714501634943,-0.0034931867966389194,0.03918717039914399,-1.563211134697662,-0.01047865953296423,depth/001197.png,1.0,-0.0032178200826006725,0.19261110362578282,-0.9812698957952262,1.7490714501634943,-0.0034931867966389194,0.03918717039914399,-0.01047865953296423,0.9999399217102123,-0.001885770345013418,0.010798001684584684,4.5,0.9,1.5999999993999998,0.0,0.0929638147354126,-0.004937606807471058,1.5999999993999998,0.0,0.0929638147354126,-0.004937606807471058,direct,SAFE_PROGRESSING,NONE,DIRECT_LOCAL,PASS_THROUGH,0,6,0,0,0,0,0,1.5999999993999998,8.608851679158311,inf,0.0,0,0,0,CLEAR,none,nan,0.0,0.0,0,0,0,0,0.0,0,0,1,0,2.0,1.0,"-3.569,26.300;-3.349,26.302;-3.129,26.303;-2.909,26.304;-2.689,26.305;-2.469,26.307;-2.249,26.308;-2.029,26.309;-1.809,26.310;-1.589,26.312;-1.369,26.313;-1.149,26.314;-1.039,26.315",5.15,26.35,2.0,5.15,26.35,2.0,5.15,26.35,2.0,7.87964852489369,0.0,0.0,0,0,5,1,,,0,1,PASS_THROUGH,-1,0.9999527315863802,-0.0013502859531880798,0.009628671807746417,0.9,0,0.9999399217102123,-0.001885770345013418,0.010798001684584684,4.5,0.9,0,0,0,BYPASS_VISIBLE,1,0,1,1,1
1787562370619852800,1787562370642324736,joint_v2_000004_81a34ddb,1198,62,0.03333333333333333,2.066666666666667,22.471904754638672,frame_id_exact,1,,-3.4003536701202393,26.301254272460938,1.8969593048095703,-0.03736846665518438,0.032918761909990726,-0.7036271788079491,0.7088220834997454,1.7731289863586426,0.01048909779638052,-0.301908403635025,1.794374622066849,-0.0012891043377461539,-0.12435096105667023,-1.563145821395717,-0.010208401829004288,depth/001198.png,1.0,-0.00591984673138924,0.09930025992859182,-0.9950399056283075,1.794374622066849,-0.0012891043377461539,-0.12435096105667023,-0.010208401829004288,0.9999254961964953,-0.0019494055223416098,0.012049974037412993,4.5,0.9,1.5333333327999998,0.0,0.10304069519042969,-0.004639646135990093,1.5333333327999998,0.0,0.10304069519042969,-0.004639646135990093,direct,SAFE_PROGRESSING,NONE,DIRECT_LOCAL,PASS_THROUGH,0,6,0,0,0,0,0,1.5333333327999998,8.55049261914727,inf,0.0,0,0,0,CLEAR,none,nan,0.0,0.0,0,0,0,0,0.11170088962583671,0,0,1,0,2.0,1.0,"-3.400,26.301;-3.180,26.303;-2.960,26.304;-2.740,26.305;-2.520,26.306;-2.300,26.308;-2.080,26.309;-1.860,26.310;-1.640,26.311;-1.420,26.313;-1.200,26.314;-0.980,26.315;-0.870,26.316",5.15,26.35,2.0,5.15,26.35,2.0,5.15,26.35,2.0,7.845364443640157,0.0,0.0,0,0,5,1,,,0,1,PASS_THROUGH,-1,0.9999527315863802,-0.0013502859531880798,0.009628671807746417,0.9,0,0.9999254961964953,-0.0019494055223416098,0.012049974037412993,4.5,0.9,0,0,0,BYPASS_VISIBLE,1,0,1,1,1
1787562370670471168,1787562370687352576,joint_v2_000004_81a34ddb,1199,63,0.03333333333333333,2.1,16.881465911865234,frame_id_exact,1,,-3.3408584594726562,26.30164337158203,1.8871803283691406,-0.00018741332802763204,-0.004748255303194446,-0.7044747683530903,0.7097131249326589,1.7905933856964111,0.012901979498565197,-0.28189948201179504,1.7887919415685543,0.001651249283824712,-0.29339242506997604,-1.5634105688451134,-0.009592939168214798,depth/001199.png,1.0,-0.007003854140113496,-0.0064240327122214395,-0.9999548378956403,1.7887919415685543,0.001651249283824712,-0.29339242506997604,-0.009592939168214798,0.9999103107337439,-0.0016905294059443667,0.013285804404527823,4.5,0.9,1.4666666661999999,0.0,0.11281967163085938,-0.004179823353353102,1.4666666661999999,0.0,0.11281967163085938,-0.004179823353353102,direct,SAFE_PROGRESSING,NONE,DIRECT_LOCAL,PASS_THROUGH,0,6,0,0,0,0,0,1.4666666661999999,8.490996157242702,inf,0.0,0,0,0,CLEAR,none,nan,0.0,0.0,0,0,0,0,0.0,0,0,1,0,2.0,1.0,"-3.400,26.301;-3.180,26.303;-2.960,26.304;-2.740,26.305;-2.520,26.306;-2.300,26.308;-2.080,26.309;-1.860,26.310;-1.640,26.311;-1.420,26.313;-1.200,26.314;-0.980,26.315;-0.870,26.316",5.15,26.35,2.0,5.15,26.35,2.0,5.15,26.35,2.0,7.811463051651825,0.0,0.0,0,0,5,1,,,0,1,PASS_THROUGH,-1,0.9999527315863802,-0.0013502859531880798,0.009628671807746417,0.9,0,0.9999103107337439,-0.0016905294059443667,0.013285804404527823,4.5,0.9,0,0,0,BYPASS_VISIBLE,1,0,1,1,1
1787562370712469248,1787562370729142272,joint_v2_000004_81a34ddb,1200,64,0.03333333333333333,2.1333333333333333,16.672849655151367,frame_id_exact,1,,-3.2813973426818848,26.302114486694336,1.8782978057861328,0.03650122750480286,-0.040702809337682326,-0.7034045219613717,0.7086840058777658,1.770805835723877,0.015212549827992916,-0.24993665516376495,1.733077716875131,0.004169486489743022,-0.4414490953142327,-1.5636654034244055,-0.008861738257110119,depth/001200.png,1.0,-0.006340602975777022,-0.10899675254443333,-0.9940218834053258,1.733077716875131,0.004169486489743022,-0.4414490953142327,-0.008861738257110119,0.9998947902298295,-0.0014514048355838852,0.014432667641434511,4.5,0.9,1.3999999995999999,0.0,0.12170219421386719,-0.0040983612426823725,1.3999999995999999,0.0,0.12170219421386719,-0.0040983612426823725,direct,SAFE_PROGRESSING,NONE,DIRECT_LOCAL,PASS_THROUGH,0,6,0,0,0,0,0,1.3999999995999999,8.431533322745496,inf,0.0,0,0,0,CLEAR,none,nan,0.0,0.0,0,0,0,0,0.0,0,0,1,0,2.0,1.0,"-3.400,26.301;-3.180,26.303;-2.960,26.304;-2.740,26.305;-2.520,26.306;-2.300,26.308;-2.080,26.309;-1.860,26.310;-1.640,26.311;-1.420,26.313;-1.200,26.314;-0.980,26.315;-0.870,26.316",5.15,26.35,2.0,5.15,26.35,2.0,5.15,26.35,2.0,7.778635617011924,0.0,0.0,0,0,5,1,,,0,1,PASS_THROUGH,-1,0.9999527315863802,-0.0013502859531880798,0.009628671807746417,0.9,0,0.9998947902298295,-0.0014514048355838852,0.014432667641434511,4.5,0.9,0,0,0,BYPASS_VISIBLE,1,0,1,1,1
1787562370756298752,1787562370773632256,joint_v2_000004_81a34ddb,1201,65,0.03333333333333333,2.1666666666666665,17.333507537841797,frame_id_exact,1,,-3.2232024669647217,26.302650451660156,1.8705497980117798,0.06858297841874236,-0.07102621845192247,-0.7009712175319899,0.706322166971527,1.7154136896133423,0.0167886633425951,-0.21503779292106628,1.6398161623716776,0.0053555511939262414,-0.5478517224670265,-1.5636069449236807,-0.008264187723398209,depth/001201.png,1.0,-0.00418539728919784,-0.19645802551804953,-0.9805033027272683,1.6398161623716776,0.0053555511939262414,-0.5478517224670265,-0.008264187723398209,0.9998793412479433,-0.0015343670668519012,0.015457964396480055,4.5,0.9,1.333333333,0.0,0.12945020198822021,0.0005446023366092968,1.333333333,0.0,0.12945020198822021,0.0005446023366092968,direct,SAFE_PROGRESSING,NONE,DIRECT_LOCAL,PASS_THROUGH,0,6,0,0,0,0,1,1.333333333,8.373336344164857,inf,0.0,0,0,0,CLEAR,none,nan,0.0,0.0,0,0,0,0,0.08792329686272085,0,0,1,0,2.0,1.0,"-3.223,26.303;-3.003,26.305;-2.783,26.306;-2.563,26.307;-2.343,26.309;-2.123,26.310;-1.903,26.311;-1.683,26.312;-1.463,26.313;-1.243,26.314;-1.023,26.315;-0.803,26.317;-0.693,26.317",5.15,26.35,2.0,5.15,26.35,2.0,5.15,26.35,2.0,7.747456832489836,0.0,0.0,0,0,5,1,,,0,1,PASS_THROUGH,-1,0.9999527315863802,-0.0013502859531880798,0.009628671807746417,0.9,0,0.9998793412479433,-0.0015343670668519012,0.015457964396480055,4.5,0.9,0,0,0,BYPASS_VISIBLE,1,0,1,1,1
1787562370800675584,1787562370817598208,joint_v2_000004_81a34ddb,1202,66,0.03333333333333333,2.2,16.922473907470703,frame_id_exact,1,,-3.1673598289489746,26.30322265625,1.863937497138977,0.09268284566627612,-0.09273714551936038,-0.698264758607932,0.7037300894848313,1.6310871839523315,0.01717427559196949,-0.1822766363620758,1.5277083274424652,0.004890790409566941,-0.6000403952995523,-1.563143950113344,-0.0077249836176633835,depth/001202.png,1.0,-0.001089509717297571,-0.2599575756090043,-0.9656194239202445,1.5277083274424652,0.004890790409566941,-0.6000403952995523,-0.0077249836176633835,0.9998641680984305,-0.0020281016737158245,0.01635641025513983,4.5,0.9,1.2666666664,0.0,0.13606250286102295,-0.0018159496160110602,1.2666666664,0.0,0.13606250286102295,-0.0018159496160110602,local_avoidance,SAFE_PROGRESSING,NONE,DIRECT_LOCAL,PASS_THROUGH,0,6,0,0,0,0,1,1.2666666664,8.317491367239429,inf,0.0,1,1,1,CURRENT_OCCUPIED,current,4.699999999999991,2.0500000000000007,26.35,0,0,0,0,0.0,0,0,1,0,2.0,1.0,"-3.223,26.303;-3.003,26.305;-2.783,26.306;-2.563,26.307;-2.343,26.309;-2.123,26.310;-1.903,26.311;-1.683,26.312;-1.463,26.313;-1.243,26.314;-1.023,26.315;-0.803,26.317;-0.693,26.317",5.15,26.35,2.0,5.15,26.35,2.0,5.15,26.35,2.0,7.71830260849507,0.0,0.0,0,0,5,1,,,1,1,PASS_THROUGH,-1,0.9999979428493312,-0.0020283730193694236,0.0,0.9,0,0.9998641680984305,-0.0020281016737158245,0.01635641025513983,4.5,0.9,0,0,0,BYPASS_VISIBLE,1,0,1,1,1
1787562370856678656,1787562370873340928,joint_v2_000004_81a34ddb,1203,67,0.03333333333333333,2.2333333333333334,16.662120819091797,frame_id_exact,1,,-3.1146743297576904,26.30377769470215,1.858363151550293,0.10608471440026555,-0.10365224793430912,-0.6964750518938042,0.7020859968396331,1.5278480052947998,0.016187526285648346,-0.15258470177650452,1.4159495161797513,0.003078521595730225,-0.5940884991664842,-1.5624387816363674,-0.00716266268864274,depth/001203.png,1.0,0.002225130302872247,-0.29334359443623126,-0.9560044897375573,1.4159495161797513,0.003078521595730225,-0.5940884991664842,-0.00716266268864274,0.9998493662920236,-0.0027644382335019102,0.017134836056754518,4.5,0.9,1.1999999998,0.0,0.14163684844970703,-0.004369141471726012,1.1999999998,0.0,0.14163684844970703,-0.004369141471726012,local_avoidance,SAFE_PROGRESSING,NONE,DIRECT_LOCAL,PASS_THROUGH,0,6,0,0,0,0,1,1.1999999998,8.264803583780004,inf,0.0,1,1,1,CURRENT_OCCUPIED,current,4.449999999999992,1.8500000000000005,26.35,0,0,0,0,0.0,0,0,1,0,2.0,1.0,"-3.223,26.303;-3.003,26.305;-2.783,26.306;-2.563,26.307;-2.343,26.309;-2.123,26.310;-1.903,26.311;-1.683,26.312;-1.463,26.313;-1.243,26.314;-1.023,26.315;-0.803,26.317;-0.693,26.317",5.15,26.35,2.0,5.15,26.35,2.0,5.15,26.35,2.0,7.691349389732552,0.0,0.0,0,0,5,1,,,0,1,PASS_THROUGH,-1,0.9998641680984305,-0.0020281016737158245,0.01635641025513983,0.9,0,0.9998493662920236,-0.0027644382335019102,0.017134836056754518,4.5,0.9,0,0,0,BYPASS_VISIBLE,1,0,1,1,1
1787562370900589312,1787562370916561920,joint_v2_000004_81a34ddb,1204,68,0.03333333333333333,2.2666666666666666,15.972614288330078,frame_id_exact,1,,-3.0655829906463623,26.304285049438477,1.8537514209747314,0.1076887549364129,-0.1032258996951834,-0.696311633160369,0.7020667028266652,1.4174396991729736,0.013952946290373802,-0.12405280768871307,1.3178459825663973,0.0005871701768647203,-0.5366569724339709,-1.5618070458347344,-0.006492124404758215,depth/001204.png,1.0,0.005026931554933889,-0.29496416782183554,-0.9554950913847303,1.3178459825663973,0.0005871701768647203,-0.5366569724339709,-0.006492124404758215,0.9998357341796541,-0.0034243696369368553,0.017798268174787794,4.5,0.9,1.2666666664,0.0,0.14624857902526855,-0.271035807871726,1.2666666664,0.0,0.14624857902526855,-0.271035807871726,local_avoidance,SAFE_PROGRESSING,NONE,DIRECT_LOCAL,PASS_THROUGH,0,6,0,0,0,0,1,1.2666666664,8.215710178244038,inf,0.0,1,1,1,CURRENT_OCCUPIED,current,4.399999999999992,1.8500000000000005,26.35,0,0,0,0,0.19623339497417663,0,0,1,0,2.0,2.0,"-3.066,26.304;-2.914,26.298;-2.743,26.280;-2.553,26.254;-2.346,26.221;-2.139,26.185;-1.932,26.147;-1.726,26.108;-1.520,26.069;-1.314,26.028;-1.108,25.988;-0.902,25.947;-0.695,25.907;-0.489,25.868;-0.283,25.830;-0.108,25.800",5.15,26.35,2.0,5.15,26.35,2.0,5.15,26.35,2.0,7.666538785937952,0.0,0.0,0,0,5,1,,,0,1,PASS_THROUGH,-1,0.9998641680984305,-0.0020281016737158245,0.01635641025513983,0.9,0,0.9998357341796541,-0.0034243696369368553,0.017798268174787794,4.5,0.9,0,0,0,BYPASS_VISIBLE,1,0,1,1,1
1787562370949677056,1787562370965313024,joint_v2_000004_81a34ddb,1205,69,0.03333333333333333,2.3,15.635967254638672,frame_id_exact,1,,-3.020127534866333,26.30470085144043,1.8501131534576416,0.09718945282812726,-0.09156555017537776,-0.6978664857940079,0.7036706106450457,1.3117111921310425,0.010864130221307278,-0.09367793798446655,1.2402243206447712,-0.0018351352036619119,-0.4374015360196256,-1.5615997493216205,-0.014345580711960793,depth/001205.png,1.0,0.006786550590900053,-0.26457978068102395,-0.9643399205600992,1.2402243206447712,-0.0018351352036619119,-0.4374015360196256,-0.014345580711960793,0.9998250970051346,-0.0036515268732937194,0.01834234854556584,4.5,0.9,1.333333333,0.0,0.1498868465423584,-0.3114173845260449,1.333333333,0.0,0.1498868465423584,-0.3114173845260449,local_avoidance,SAFE_PROGRESSING,NONE,DIRECT_LOCAL,PASS_THROUGH,0,6,0,0,0,0,1,1.333333333,8.170253114123286,inf,0.0,1,1,1,HISTORY_OCCUPIED,history,4.3499999999999925,1.8500000000000005,26.35,1,0,0,0,0.0,0,0,1,0,2.0,2.0,"-3.066,26.304;-2.914,26.298;-2.743,26.280;-2.553,26.254;-2.346,26.221;-2.139,26.185;-1.932,26.147;-1.726,26.108;-1.520,26.069;-1.314,26.028;-1.108,25.988;-0.902,25.947;-0.695,25.907;-0.489,25.868;-0.283,25.830;-0.108,25.800",5.15,26.35,2.0,5.15,26.35,2.0,5.15,26.35,2.0,7.643610452220971,0.0,0.0,0,0,5,1,,,0,1,PASS_THROUGH,-1,0.9998641680984305,-0.0020281016737158245,0.01635641025513983,0.9,0,0.9998250970051346,-0.0036515268732937194,0.01834234854556584,4.5,0.9,0,0,0,BYPASS_VISIBLE,1,0,1,1,1
1787562370992250624,1787562371011019776,joint_v2_000004_81a34ddb,1206,70,0.03333333333333333,2.3333333333333335,18.769025802612305,frame_id_exact,1,,-2.977943181991577,26.305004119873047,1.8475542068481445,0.07411612597599077,-0.06838830240171924,-0.7007857641433369,0.7062075847362174,1.2233704328536987,0.007496731821447611,-0.05944596976041794,1.1866210015579104,-0.0032678835201072724,-0.3035542124372623,-1.5623512964977146,-0.039409339427948,depth/001206.png,1.0,0.007286376228200636,-0.20053383814512815,-0.9796596799298442,1.1866210015579104,-0.0032678835201072724,-0.3035542124372623,-0.039409339427948,0.9998199316229542,-0.002908622063448453,0.018752179797642224,4.5,0.9,1.3999999995999999,0.0,0.15244579315185547,-0.3546138441656226,1.3999999995999999,0.0,0.15244579315185547,-0.3546138441656226,local_avoidance,SAFE_PROGRESSING,NONE,DIRECT_LOCAL,PASS_THROUGH,0,6,0,0,0,0,1,1.3999999995999999,8.128067728489457,inf,0.0,1,1,1,HISTORY_OCCUPIED,history,4.299999999999993,1.8500000000000005,26.35,2,0,0,0,0.0,0,0,1,0,2.0,2.0,"-3.066,26.304;-2.914,26.298;-2.743,26.280;-2.553,26.254;-2.346,26.221;-2.139,26.185;-1.932,26.147;-1.726,26.108;-1.520,26.069;-1.314,26.028;-1.108,25.988;-0.902,25.947;-0.695,25.907;-0.489,25.868;-0.283,25.830;-0.108,25.800",5.15,26.35,2.0,5.15,26.35,2.0,5.15,26.35,2.0,7.622106477585204,0.0,0.0,0,0,5,1,,,0,1,PASS_THROUGH,-1,0.9998641680984305,-0.0020281016737158245,0.01635641025513983,0.9,0,0.9998199316229542,-0.002908622063448453,0.018752179797642224,4.5,0.9,0,0,0,BYPASS_VISIBLE,1,0,1,1,1
1787562371042222848,1787562371061922048,joint_v2_000004_81a34ddb,1207,71,0.03333333333333333,2.3666666666666667,19.6993350982666,frame_id_exact,1,,-2.9382436275482178,26.30520248413086,1.8461837768554688,0.04137723360979154,-0.03659320137121397,-0.7038912207357197,0.7081567704423822,1.1642796993255615,0.00449905451387167,-0.023040229454636574,1.154668673531911,-0.003096046218930292,-0.15109262320950273,-1.564399977281412,-0.0758892297744751,depth/001207.png,1.0,0.006422696346153174,-0.11011840261352357,-0.993897724304413,1.154668673531911,-0.003096046218930292,-0.15109262320950273,-0.0758892297744751,0.999818858656836,-0.0008576547165498899,0.01901352946008454,4.5,0.9,1.4666666661999999,0.0,0.15381622314453125,-0.3111906143327202,1.4666666661999999,0.0,0.15381622314453125,-0.3111906143327202,local_avoidance,SAFE_PROGRESSING,NONE,DIRECT_LOCAL,PASS_THROUGH,0,6,0,0,0,0,1,1.4666666661999999,8.088367684273656,inf,0.0,1,1,1,HISTORY_OCCUPIED,history,4.549999999999992,2.1500000000000004,26.35,2,0,0,0,0.04914888638006873,0,0,1,0,2.0,2.0,"-2.938,26.305;-2.666,26.283;-2.318,26.231;-1.907,26.159;-1.494,26.082;-1.082,26.004;-0.669,25.926;-0.256,25.849;0.019,25.801",5.15,26.35,2.0,5.15,26.35,2.0,5.15,26.35,2.0,7.601416269061002,0.0,0.0,0,0,5,1,,,0,1,PASS_THROUGH,-1,0.9998641680984305,-0.0020281016737158245,0.01635641025513983,0.9,0,0.999818858656836,-0.0008576547165498899,0.01901352946008454,4.5,0.9,0,0,0,BYPASS_VISIBLE,1,0,1,1,1
1787562371096059392,1787562371112907520,joint_v2_000004_81a34ddb,1208,72,0.03333333333333333,2.4,16.848087310791016,frame_id_exact,1,,-2.8999183177948,26.305315017700195,1.8460086584091187,0.0037657781229242827,-0.0006248410724863832,-0.7060123504236897,0.7081892328593964,1.1415557861328125,0.002361560007557273,0.011340675875544548,1.1416061020391342,-0.0011182885617200872,0.004249466554094957,-1.5677039502443364,-0.11510241776704788,depth/001208.png,1.0,0.004432360287913418,-0.0062160580684396316,-0.9999708569775261,1.1416061020391342,-0.0011182885617200872,0.004249466554094957,-0.11510241776704788,0.9998140642462181,0.0024581000586817122,0.019125759581282594,4.5,0.9,1.5333333327999998,0.0,0.15399134159088135,-0.3235293158930317,1.5333333327999998,0.0,0.15399134159088135,-0.3235293158930317,direct,SAFE_PROGRESSING,NONE,DIRECT_LOCAL,PASS_THROUGH,0,6,0,0,0,0,1,1.5333333327999998,8.050042339690606,inf,0.0,0,0,0,CLEAR,none,nan,0.0,0.0,0,0,0,0,0.0,0,0,1,0,2.0,2.0,"-2.938,26.305;-2.666,26.283;-2.318,26.231;-1.907,26.159;-1.494,26.082;-1.082,26.004;-0.669,25.926;-0.256,25.849;0.019,25.801",5.15,26.35,2.0,5.15,26.35,2.0,5.15,26.35,2.0,7.580884046199073,0.0,0.0,0,0,5,1,,,1,1,PASS_THROUGH,-1,0.9999969777619669,0.0024585497620214372,0.0,0.9,0,0.9998140642462181,0.0024581000586817122,0.019125759581282594,4.5,0.9,0,0,0,BYPASS_VISIBLE,1,0,1,1,1
1787562371140706560,1787562371158626560,joint_v2_000004_81a34ddb,1209,73,0.03333333333333333,2.433333333333333,17.92001724243164,frame_id_exact,1,,-2.8617212772369385,26.305374145507812,1.846773386001587,-0.033914211842423124,0.03533903588191523,-0.7066699870252945,0.7058459521848334,1.1561707258224487,0.001218766556121409,0.031539514660835266,1.147538359491425,0.002740262218086114,0.14448244905341323,-1.572058965583381,-0.15230590105056763,depth/001209.png,1.0,0.001955519577412426,0.09782249035734551,-0.9952019575560879,1.147538359491425,0.002740262218086114,0.14448244905341323,-0.15230590105056763,0.9997938289722343,0.006831349565965996,0.01912151176415027,4.5,0.9,1.5999999993999998,0.0,0.15322661399841309,-0.3506754248493091,1.5999999993999998,0.0,0.15322661399841309,-0.3506754248493091,direct,SAFE_PROGRESSING,NONE,DIRECT_LOCAL,PASS_THROUGH,0,6,0,0,0,0,1,1.5999999993999998,8.011845560856765,inf,0.0,0,0,0,CLEAR,none,nan,0.0,0.0,0,0,0,0,0.0,0,0,1,0,2.0,2.0,"-2.938,26.305;-2.666,26.283;-2.318,26.231;-1.907,26.159;-1.494,26.082;-1.082,26.004;-0.669,25.926;-0.256,25.849;0.019,25.801",5.15,26.35,2.0,5.15,26.35,2.0,5.15,26.35,2.0,7.559902851209962,0.0,0.0,0,0,5,1,,,0,1,PASS_THROUGH,-1,0.9998140642462181,0.0024581000586817122,0.019125759581282594,0.9,0,0.9997938289722343,0.006831349565965996,0.01912151176415027,4.5,0.9,0,0,0,BYPASS_VISIBLE,1,0,1,1,1
1787562371184425728,1787562371201161984,joint_v2_000004_81a34ddb,1210,74,0.03333333333333333,2.466666666666667,16.736268997192383,frame_id_exact,1,,-2.8224828243255615,26.305400848388672,1.8478578329086304,-0.06787792358619518,0.06819867876683892,-0.7061820443703918,0.7014616510636474,1.2028474807739258,0.0007380064926110208,0.029815148562192917,1.1748318123429111,0.008777280194910293,0.259662707759508,-1.5774846559356077,-0.18768903613090515,depth/001210.png,1.0,-0.0001908260751408014,0.19154888548894103,-0.9814830554081684,1.1748318123429111,0.008777280194910293,0.259662707759508,-0.18768903613090515,0.9997425530476463,0.012279862031681245,0.01907963873497868,4.5,0.9,1.6666666659999998,0.0,0.15214216709136963,-0.0840087584493091,1.6666666659999998,0.0,0.15214216709136963,-0.0840087584493091,direct,SAFE_PROGRESSING,NONE,DIRECT_LOCAL,PASS_THROUGH,0,6,0,0,0,0,1,1.6666666659999998,7.972607570205029,inf,0.0,0,0,0,CLEAR,none,nan,0.0,0.0,0,0,0,0,0.7037300598977088,0,0,1,0,2.0,2.0,"-2.822,26.305;-2.542,26.306;-2.181,26.308;-1.761,26.310;-1.341,26.313;-0.921,26.316;-0.501,26.318;-0.081,26.321;0.177,26.322",5.15,26.35,2.0,5.15,26.35,2.0,5.15,26.35,2.0,7.538011750262105,0.0,0.0,0,0,5,1,,,0,1,PASS_THROUGH,-1,0.9998140642462181,0.0024581000586817122,0.019125759581282594,0.9,0,0.9997425530476463,0.012279862031681245,0.01907963873497868,4.5,0.9,0,0,0,BYPASS_VISIBLE,1,0,1,1,1
1787562371232392704,1787562371250233088,joint_v2_000004_81a34ddb,1211,75,0.03333333333333333,2.5,17.84038543701172,frame_id_exact,1,,-2.781266927719116,26.305421829223633,1.8484827280044556,-0.09518687861980558,0.09570619937814168,-0.7053614781675193,0.695877120371508,1.273366093635559,0.0002686218940652907,0.0038281716406345367,1.2258223297299875,0.017313529426007127,0.3442902744933074,-1.5841857176701521,-0.21137990057468414,depth/001211.png,1.0,-0.0010828059609113427,0.2674916745085278,-0.9635595630784196,1.2258223297299875,0.017313529426007127,0.3442902744933074,-0.21137990057468414,0.9996369286515538,0.019005280300691523,0.01910000515131882,4.5,0.9,1.7333333325999998,0.0,0.15151727199554443,0.04432875926253335,1.7333333325999998,0.0,0.15151727199554443,0.04432875926253335,direct,SAFE_PROGRESSING,NONE,DIRECT_LOCAL,PASS_THROUGH,0,6,0,0,0,0,1,1.7333333325999998,7.93139220389717,inf,0.0,0,0,0,CLEAR,none,nan,0.0,0.0,0,0,0,0,0.0,0,0,1,0,2.0,2.0,"-2.822,26.305;-2.542,26.306;-2.181,26.308;-1.761,26.310;-1.341,26.313;-0.921,26.316;-0.501,26.318;-0.081,26.321;0.177,26.322",5.15,26.35,2.0,5.15,26.35,2.0,5.15,26.35,2.0,7.514872331086566,0.0,0.0,0,0,5,1,,,0,1,PASS_THROUGH,-1,0.9998140642462181,0.0024581000586817122,0.019125759581282594,0.9,0,0.9996369286515538,0.019005280300691523,0.01910000515131882,4.5,0.9,0,0,0,BYPASS_VISIBLE,1,0,1,1,1
1787562371276074240,1787562371292702208,joint_v2_000004_81a34ddb,1212,76,0.03333333333333333,2.533333333333333,16.628026962280273,frame_id_exact,1,,-2.73742413520813,26.30541229248047,1.8478611707687378,-0.1133650992520164,0.11605997621209942,-0.705094372968218,0.6903045425040915,1.3593629598617554,-0.0010208111489191651,-0.043343473225831985,1.3014124899787964,0.027858100470142727,0.3940771657127288,-1.5920539149296276,-0.2088053673505783,depth/001212.png,1.0,0.0003672704170974428,0.32017935825814126,-0.9473568723864547,1.3014124899787964,0.027858100470142727,0.3940771657127288,-0.2088053673505783,0.9994520298105123,0.02690228860326639,0.019284889824766303,4.5,0.9,1.7999999991999998,0.0,0.1521388292312622,0.06534857077525097,1.7999999991999998,0.0,0.1521388292312622,0.06534857077525097,direct,SAFE_PROGRESSING,NONE,DIRECT_LOCAL,PASS_THROUGH,0,6,0,0,0,0,1,1.7999999991999998,7.887550161636094,inf,0.0,0,0,0,CLEAR,none,nan,0.0,0.0,0,0,0,0,0.0,0,0,1,0,2.0,2.0,"-2.822,26.305;-2.542,26.306;-2.181,26.308;-1.761,26.310;-1.341,26.313;-0.921,26.316;-0.501,26.318;-0.081,26.321;0.177,26.322",5.15,26.35,2.0,5.15,26.35,2.0,5.15,26.35,2.0,7.490274585211724,0.0,0.0,0,0,5,1,,,0,1,PASS_THROUGH,-1,0.9998140642462181,0.0024581000586817122,0.019125759581282594,0.9,0,0.9994520298105123,0.02690228860326639,0.019284889824766303,4.5,0.9,0,0,0,BYPASS_VISIBLE,1,0,1,1,1
1787562371318887680,1787562371335937024,joint_v2_000004_81a34ddb,1213,77,0.03333333333333333,2.566666666666667,17.049312591552734,frame_id_exact,1,,-2.6905460357666016,26.305335998535156,1.8454467058181763,-0.12133786901535802,0.12801458511794775,-0.7060148000909221,0.6858808129642255,1.4543181657791138,-0.003940290305763483,-0.10292449593544006,1.399143963076695,0.03879933931364669,0.4080944583319514,-1.6004902251818167,-0.1865185797214508,depth/001213.png,1.0,0.004272832751279126,0.34720701592874137,-0.937778775079783,1.399143963076695,0.03879933931364669,0.4080944583319514,-0.1865185797214508,0.9991797278088131,0.03537611975340505,0.01970790925235061,4.5,0.9,1.8666666657999997,0.0,0.15455329418182373,0.08086249995065206,1.8666666657999997,0.0,0.15455329418182373,0.08086249995065206,direct,SAFE_PROGRESSING,NONE,DIRECT_LOCAL,PASS_THROUGH,0,6,0,0,0,0,1,1.8666666657999997,7.840673249919437,inf,0.0,0,0,0,CLEAR,none,nan,0.0,0.0,0,0,0,0,2.0277193510533893,0,0,1,0,2.0,2.0,"-2.691,26.305;-2.535,26.305;-2.360,26.306;-2.164,26.307;-1.954,26.308;-1.744,26.309;-1.534,26.310;-1.324,26.312;-1.114,26.313;-0.904,26.314;-0.694,26.316;-0.484,26.317;-0.274,26.319;-0.064,26.320;0.146,26.321;0.309,26.322",5.15,26.35,2.0,5.15,26.35,2.0,5.15,26.35,2.0,7.464104233608789,0.0,0.0,0,0,5,1,,,0,1,PASS_THROUGH,-1,0.9998140642462181,0.0024581000586817122,0.019125759581282594,0.9,0,0.9991797278088131,0.03537611975340505,0.01970790925235061,4.5,0.9,0,0,0,BYPASS_VISIBLE,1,0,1,1,1
1787562371363106816,1787562371383130368,joint_v2_000004_81a34ddb,1214,78,0.03333333333333333,2.6,20.023584365844727,frame_id_exact,1,,-2.640444278717041,26.305124282836914,1.8409264087677002,-0.11916639277688806,0.13101984363118038,-0.7083906699874933,0.6832392187821742,1.551681637763977,-0.009000342339277267,-0.16886812448501587,1.5127083325402815,0.04819646580463556,0.3817118755689325,-1.6087745136215252,-0.15323390066623688,depth/001214.png,1.0,0.010203069576635554,0.34846477583503843,-0.9372663428148109,1.5127083325402815,0.04819646580463556,0.3817118755689325,-0.15323390066623688,0.998835427558068,0.04371542074362221,0.020414471438171076,4.5,0.9,1.9333333323999997,0.0,0.1590735912322998,0.10313960109250452,1.9333333323999997,0.0,0.1590735912322998,0.10313960109250452,direct,SAFE_PROGRESSING,NONE,DIRECT_LOCAL,PASS_THROUGH,0,6,0,0,0,0,1,1.9333333323999997,7.790573527654173,inf,0.0,0,0,0,CLEAR,none,nan,0.0,0.0,0,0,0,0,0.0,0,0,1,0,2.0,2.0,"-2.691,26.305;-2.535,26.305;-2.360,26.306;-2.164,26.307;-1.954,26.308;-1.744,26.309;-1.534,26.310;-1.324,26.312;-1.114,26.313;-0.904,26.314;-0.694,26.316;-0.484,26.317;-0.274,26.319;-0.064,26.320;0.146,26.321;0.309,26.322",5.15,26.35,2.0,5.15,26.35,2.0,5.15,26.35,2.0,7.4363546916569705,0.0,0.0,0,0,5,1,,,1,1,PASS_THROUGH,-1,0.9990436252891245,0.04372453280669075,0.0,0.9,0,0.998835427558068,0.04371542074362221,0.020414471438171076,4.5,0.9,0,0,0,BYPASS_VISIBLE,1,0,1,1,1
1787562371414350592,1787562371432461312,joint_v2_000004_81a34ddb,1215,79,0.03333333333333333,2.6333333333333333,18.11075210571289,frame_id_exact,1,,-2.5871286392211914,26.30470848083496,1.834210753440857,-0.10791722529900395,0.12565158728605763,-0.7119944035952401,0.6823705154425391,1.6465802192687988,-0.01653372310101986,-0.23263278603553772,1.6318076055195478,0.05417797689952909,0.31604822577125236,-1.6162679083950027,-0.11465680599212646,depth/001215.png,1.0,0.01780895583628575,0.3262055192058836,-0.9451311021925165,1.6318076055195478,0.05417797689952909,0.31604822577125236,-0.11465680599212646,0.9984539605987944,0.05129099919176146,0.02142246406209554,4.5,0.9,1.9999999989999997,0.0,0.16578924655914307,0.1253170854933528,1.9999999989999997,0.0,0.16578924655914307,0.1253170854933528,direct,SAFE_PROGRESSING,NONE,DIRECT_LOCAL,PASS_THROUGH,0,6,0,0,0,0,1,1.9999999989999997,7.737261201585807,inf,0.0,0,0,0,CLEAR,none,nan,0.0,0.0,0,0,0,0,0.0,0,0,1,0,2.0,2.0,"-2.691,26.305;-2.535,26.305;-2.360,26.306;-2.164,26.307;-1.954,26.308;-1.744,26.309;-1.534,26.310;-1.324,26.312;-1.114,26.313;-0.904,26.314;-0.694,26.316;-0.484,26.317;-0.274,26.319;-0.064,26.320;0.146,26.321;0.309,26.322",5.15,26.35,2.0,5.15,26.35,2.0,5.15,26.35,2.0,7.407060283327002,0.0,0.0,0,0,5,1,,,0,1,PASS_THROUGH,-1,0.998835427558068,0.04371542074362221,0.020414471438171076,0.9,0,0.9984539605987944,0.05129099919176146,0.02142246406209554,4.5,0.9,0,0,0,BYPASS_VISIBLE,1,0,1,1,1
1787562371458352128,1787562371474248192,joint_v2_000004_81a34ddb,1216,80,0.03333333333333333,2.6666666666666665,15.896081924438477,frame_id_exact,1,,-2.530733108520508,26.303991317749023,1.8255670070648193,-0.09019871904460848,0.11377509331232956,-0.7160936635179322,0.6827366141448318,1.7359145879745483,-0.02687053382396698,-0.2831871509552002,1.7439073665006073,0.05510896916684904,0.2237555437955417,-1.6223065574189626,-0.07590432465076447,depth/001216.png,1.0,0.026175381633587597,0.2861111828556752,-0.957838838448965,1.7439073665006073,0.05510896916684904,0.2237555437955417,-0.07590432465076447,0.9980899655694315,0.05745380696722365,0.02270419993270286,4.5,0.9,1.9333333323999997,0.0,0.17443299293518066,0.12074633266092553,1.9333333323999997,0.0,0.17443299293518066,0.12074633266092553,direct,SAFE_PROGRESSING,NONE,DIRECT_LOCAL,PASS_THROUGH,0,6,0,0,0,0,1,1.9333333323999997,7.680870906555167,inf,0.0,0,0,0,CLEAR,none,nan,0.0,0.0,0,0,0,0,3.2945245688714646,0,0,1,0,2.0,1.0,"-2.531,26.304;-2.311,26.302;-2.091,26.302;-1.871,26.302;-1.651,26.303;-1.431,26.305;-1.211,26.307;-0.991,26.309;-0.771,26.311;-0.551,26.313;-0.331,26.315;-0.111,26.317;-0.001,26.318",5.15,26.35,2.0,5.15,26.35,2.0,5.15,26.35,2.0,7.376315572350887,0.0,0.0,0,0,5,1,,,0,1,PASS_THROUGH,-1,0.998835427558068,0.04371542074362221,0.020414471438171076,0.9,0,0.9980899655694315,0.05745380696722365,0.02270419993270286,4.5,0.9,0,0,0,BYPASS_VISIBLE,1,0,1,1,1
1787562371502567424,1787562371521551616,joint_v2_000004_81a34ddb,1217,81,0.03333333333333333,2.7,18.984079360961914,frame_id_exact,1,,-2.4714999198913574,26.30288314819336,1.8155677318572998,-0.06819648078017007,0.09643102053629297,-0.7200180204367125,0.6838306431668055,1.8161004781723022,-0.0400439016520977,-0.31321975588798523,1.839058967807142,0.050193725895079366,0.11521188812191546,-1.626306088224512,-0.03788189962506294,depth/001217.png,1.0,0.033679583404952584,0.23213383165770005,-0.9721005965750579,1.839058967807142,0.050193725895079366,0.11521188812191546,-0.03788189962506294,0.9978055675459359,0.061634612303902055,0.02419140220161904,4.5,0.9,1.8666666657999997,0.0,0.1844322681427002,0.13740830803290488,1.8666666657999997,0.0,0.1844322681427002,0.13740830803290488,direct,SAFE_PROGRESSING,NONE,DIRECT_LOCAL,PASS_THROUGH,0,5,0,0,0,0,1,1.8666666657999997,7.621645558974003,inf,0.0,0,0,0,CLEAR,none,nan,0.0,0.0,0,0,0,0,0.0,0,0,1,0,2.0,1.0,"-2.531,26.304;-2.311,26.302;-2.091,26.302;-1.871,26.302;-1.651,26.303;-1.431,26.305;-1.211,26.307;-0.991,26.309;-0.771,26.311;-0.551,26.313;-0.331,26.315;-0.111,26.317;-0.001,26.318",5.15,26.35,2.0,5.15,26.35,2.0,5.15,26.35,2.0,7.3442892699169064,0.0,0.0,0,0,5,1,,,0,1,PASS_THROUGH,-1,0.998835427558068,0.04371542074362221,0.020414471438171076,0.9,0,0.9978055675459359,0.061634612303902055,0.02419140220161904,4.5,0.9,0,0,0,BYPASS_VISIBLE,1,0,1,1,1
1787562371552036096,1787562371568643840,joint_v2_000004_81a34ddb,1218,82,0.03333333333333333,2.7333333333333334,16.60776138305664,frame_id_exact,1,,-2.4098284244537354,26.301294326782227,1.8049581050872803,-0.041293852137600666,0.07165820027687664,-0.7234762243255624,0.6853773215859608,1.8809126615524292,-0.05534667149186134,-0.3194940686225891,1.9081780467740592,0.039902416998617476,-0.015378336896138878,-1.6279752840950785,-0.0024228952825069427,depth/001218.png,1.0,0.03847557028613336,0.16028974790863024,-0.986319840217434,1.9081780467740592,0.039902416998617476,-0.015378336896138878,-0.0024228952825069427,0.9976448694436544,0.06355750378082055,0.025790660827223057,4.5,0.9,1.7999999991999998,0.0,0.19504189491271973,0.14818104447985292,1.7999999991999998,0.0,0.19504189491271973,0.14818104447985292,direct,SAFE_PROGRESSING,NONE,DIRECT_LOCAL,PASS_THROUGH,0,5,0,0,0,0,1,1.7999999991999998,7.559985320738543,inf,0.0,0,0,0,CLEAR,none,nan,0.0,0.0,0,0,0,0,0.0,0,0,1,0,2.0,1.0,"-2.531,26.304;-2.311,26.302;-2.091,26.302;-1.871,26.302;-1.651,26.303;-1.431,26.305;-1.211,26.307;-0.991,26.309;-0.771,26.311;-0.551,26.313;-0.331,26.315;-0.111,26.317;-0.001,26.318",5.15,26.35,2.0,5.15,26.35,2.0,5.15,26.35,2.0,7.3113078626693095,0.0,0.0,0,0,5,1,,,0,1,PASS_THROUGH,-1,0.998835427558068,0.04371542074362221,0.020414471438171076,0.9,0,0.9976448694436544,0.06355750378082055,0.025790660827223057,4.5,0.9,0,0,0,BYPASS_VISIBLE,1,0,1,1,1
1787562371600495360,1787562371618295296,joint_v2_000004_81a34ddb,1219,83,0.03333333333333333,2.7666666666666666,17.799854278564453,frame_id_exact,1,,-2.346369504928589,26.299184799194336,1.7945387363433838,-0.010930431049761975,0.04009654458063148,-0.7257932608787824,0.686656344362086,1.9219584465026855,-0.07121709734201431,-0.3022536039352417,1.9399704449573576,0.026208803870255058,-0.16180592517063003,-1.6276377739744925,0.028927434235811234,depth/001219.png,1.0,0.03919862705774077,0.07321450333615878,-0.9965455855795197,1.9399704449573576,0.026208803870255058,-0.16180592517063003,0.028927434235811234,0.9976023173582045,0.06355321131241033,0.027397184771800965,4.5,0.9,1.7333333325999998,0.0,0.2054612636566162,0.10773077879615697,1.7333333325999998,0.0,0.2054612636566162,0.10773077879615697,direct,SAFE_PROGRESSING,NONE,DIRECT_LOCAL,PASS_THROUGH,0,5,0,0,0,0,1,1.7333333325999998,7.4965417319625605,inf,0.0,0,0,0,CLEAR,none,nan,0.0,0.0,0,0,0,0,3.6451566202159382,0,0,1,0,2.0,1.0,"-2.346,26.299;-2.126,26.294;-1.906,26.291;-1.686,26.291;-1.466,26.292;-1.246,26.294;-1.026,26.297;-0.807,26.300;-0.587,26.303;-0.367,26.307;-0.147,26.310;0.073,26.313;0.183,26.315",5.15,26.35,2.0,5.15,26.35,2.0,5.15,26.35,2.0,7.277858829294044,0.0,0.0,0,0,5,1,,,0,1,PASS_THROUGH,-1,0.998835427558068,0.04371542074362221,0.020414471438171076,0.9,0,0.9976023173582045,0.06355321131241033,0.027397184771800965,4.5,0.9,0,0,0,BYPASS_VISIBLE,1,0,1,1,1
1787562371644585984,1787562371661231360,joint_v2_000004_81a34ddb,1220,84,0.03333333333333333,2.8,16.645193099975586,frame_id_exact,1,,-2.28204607963562,26.296566009521484,1.7849723100662231,0.01978947437608901,0.0047291926092486725,-0.7263834688461144,0.6869884042895257,1.9319071769714355,-0.0853668600320816,-0.2701150178909302,1.927766771062975,0.012151102874076909,-0.30997192001868934,-1.6261696284583027,0.053589385002851486,depth/001220.png,1.0,0.03524729505630079,-0.020319864182020773,-0.9991720228823655,1.927766771062975,0.012151102874076909,-0.30997192001868934,0.053589385002851486,0.99762614067458,0.06249589654558547,0.028919653485241933,4.5,0.9,1.6666666659999998,0.0,0.21502768993377686,0.11748678328490963,1.6666666659999998,0.0,0.21502768993377686,0.11748678328490963,direct,SAFE_PROGRESSING,NONE,DIRECT_LOCAL,PASS_THROUGH,0,5,0,0,0,0,1,1.6666666659999998,7.4322381636466455,inf,0.0,0,0,0,CLEAR,none,nan,0.0,0.0,0,0,0,0,0.0,0,0,1,0,2.0,1.0,"-2.346,26.299;-2.126,26.294;-1.906,26.291;-1.686,26.291;-1.466,26.292;-1.246,26.294;-1.026,26.297;-0.807,26.300;-0.587,26.303;-0.367,26.307;-0.147,26.310;0.073,26.313;0.183,26.315",5.15,26.35,2.0,5.15,26.35,2.0,5.15,26.35,2.0,7.244562654139022,0.0,0.0,0,0,5,1,,,1,1,PASS_THROUGH,-1,0.9980435830321865,0.06252204705761705,0.0,0.9,0,0.99762614067458,0.06249589654558547,0.028919653485241933,4.5,0.9,0,0,0,BYPASS_VISIBLE,1,0,1,1,1
1787562371690321408,1787562371705970944,joint_v2_000004_81a34ddb,1221,85,0.03333333333333333,2.8333333333333335,15.649557113647461,frame_id_exact,1,,-2.217949867248535,26.293535232543945,1.7765979766845703,0.047629782986256225,-0.03074695541277553,-0.7252268256756609,0.6861720482691871,1.9083527326583862,-0.09568235278129578,-0.23191814124584198,1.8736178594122768,0.0009215209051455274,-0.4408021742323876,-1.6246404481228687,0.07195311784744263,depth/001221.png,1.0,0.0268893898982353,-0.10996148524698918,-0.9935720570110539,1.8736178594122768,0.0009215209051455274,-0.4408021742323876,0.07195311784744263,0.9976505449849514,0.061440527437242154,0.030305967720283527,4.5,0.9,1.5999999993999998,0.0,0.2234020233154297,0.12438467564153763,1.5999999993999998,0.0,0.2234020233154297,0.12438467564153763,direct,SAFE_PROGRESSING,NONE,DIRECT_LOCAL,PASS_THROUGH,0,5,0,0,0,0,1,1.5999999993999998,7.368166224797835,inf,0.0,0,0,0,CLEAR,none,nan,0.0,0.0,0,0,0,0,0.0,0,0,1,0,2.0,1.0,"-2.346,26.299;-2.126,26.294;-1.906,26.291;-1.686,26.291;-1.466,26.292;-1.246,26.294;-1.026,26.297;-0.807,26.300;-0.587,26.303;-0.367,26.307;-0.147,26.310;0.073,26.313;0.183,26.315",5.15,26.35,2.0,5.15,26.35,2.0,5.15,26.35,2.0,7.212060326987637,0.0,0.0,0,0,5,1,,,0,1,PASS_THROUGH,-1,0.99762614067458,0.06249589654558547,0.028919653485241933,0.9,0,0.9976505449849514,0.061440527437242154,0.030305967720283527,4.5,0.9,0,0,0,BYPASS_VISIBLE,1,0,1,1,1
1787562371732330240,1787562371751377664,joint_v2_000004_81a34ddb,1222,86,0.03333333333333333,2.8666666666666667,19.047260284423828,frame_id_exact,1,,-2.1551690101623535,26.290245056152344,1.7695132493972778,0.0698393841077924,-0.06266285327126417,-0.7228666161172619,0.684587235164758,1.853744626045227,-0.10070326924324036,-0.19347798824310303,1.7879749948788146,-0.005375647726980002,-0.5357803085799756,-1.6237527238234124,0.08645173162221909,depth/001222.png,1.0,0.015172739586407857,-0.18621607114482872,-0.9823916544946965,1.7879749948788146,-0.005375647726980002,-0.5357803085799756,0.08645173162221909,0.9976353698394029,0.061067568553226224,0.03153444016301547,4.5,0.9,1.5333333327999998,0.0,0.23048675060272217,0.08189487709728033,1.5333333327999998,0.0,0.23048675060272217,0.08189487709728033,direct,SAFE_PROGRESSING,NONE,DIRECT_LOCAL,PASS_THROUGH,0,5,0,0,0,0,1,1.5333333327999998,7.305413398319814,inf,0.0,0,0,0,CLEAR,none,nan,0.0,0.0,0,0,0,0,3.502836572682489,0,0,1,0,2.0,1.0,"-2.155,26.290;-1.935,26.282;-1.715,26.279;-1.495,26.278;-1.275,26.279;-1.055,26.282;-0.835,26.285;-0.615,26.289;-0.395,26.294;-0.176,26.298;0.044,26.303;0.264,26.307;0.374,26.309",5.15,26.35,2.0,5.15,26.35,2.0,5.15,26.35,2.0,7.180937264529831,0.0,0.0,0,0,5,1,,,0,1,PASS_THROUGH,-1,0.99762614067458,0.06249589654558547,0.028919653485241933,0.9,0,0.9976353698394029,0.061067568553226224,0.03153444016301547,4.5,0.9,0,0,0,BYPASS_VISIBLE,1,0,1,1,1
1787562371783656192,1787562371799195904,joint_v2_000004_81a34ddb,1223,87,0.03333333333333333,2.9,15.539884567260742,frame_id_exact,1,,-2.0946428775787354,26.28689193725586,1.7636679410934448,0.08412376729801062,-0.08737743812626497,-0.7202365084516966,0.6830430052166483,1.7743841409683228,-0.09979217499494553,-0.15778957307338715,1.6868995424624662,-0.006338788490531068,-0.5810549549579562,-1.6235717984890707,0.09617503732442856,depth/001223.png,1.0,0.001812921021252828,-0.24078514355778885,-0.9705767501641618,1.6868995424624662,-0.006338788490531068,-0.5810549549579562,0.09617503732442856,0.9975796999081964,0.06141484690711173,0.032603050631016865,4.5,0.9,1.4666666661999999,0.0,0.23633205890655518,0.09903424073940133,1.4666666661999999,0.0,0.23633205890655518,0.09903424073940133,direct,SAFE_PROGRESSING,NONE,DIRECT_LOCAL,PASS_THROUGH,0,5,0,0,0,0,1,1.4666666661999999,7.244917739438842,inf,0.0,0,0,0,CLEAR,none,nan,0.0,0.0,0,0,0,0,0.0,0,0,1,0,2.0,1.0,"-2.155,26.290;-1.935,26.282;-1.715,26.279;-1.495,26.278;-1.275,26.279;-1.055,26.282;-0.835,26.285;-0.615,26.289;-0.395,26.294;-0.176,26.298;0.044,26.303;0.264,26.307;0.374,26.309",5.15,26.35,2.0,5.15,26.35,2.0,5.15,26.35,2.0,7.151627961274411,0.0,0.0,0,0,5,1,,,0,1,PASS_THROUGH,-1,0.99762614067458,0.06249589654558547,0.028919653485241933,0.9,0,0.9975796999081964,0.06141484690711173,0.032603050631016865,4.5,0.9,0,0,0,BYPASS_VISIBLE,1,0,1,1,1
1787562371828351744,1787562371846501888,joint_v2_000004_81a34ddb,1224,88,0.03333333333333333,2.933333333333333,18.15009117126465,frame_id_exact,1,,-2.037050724029541,26.283658981323242,1.758961796760559,0.08916404717529468,-0.10194821621454103,-0.7183153561400439,0.6824070508394509,1.6793723106384277,-0.09323354065418243,-0.12492206692695618,1.5868329388241595,-0.0031469741118109983,-0.5714373933020928,-1.6235648087941712,0.10161367803812027,depth/001224.png,1.0,-0.011044554527396305,-0.2681542874235855,-0.96331266780399,1.5868329388241595,-0.0031469741118109983,-0.5714373933020928,0.10161367803812027,0.9975178945361012,0.06192432702538762,0.03351757453510486,4.5,0.9,1.3999999995999999,0.0,0.24103820323944092,0.10947233914185896,1.3999999995999999,0.0,0.24103820323944092,0.10947233914185896,direct,SAFE_PROGRESSING,NONE,DIRECT_LOCAL,PASS_THROUGH,0,5,0,0,0,0,1,1.3999999995999999,7.187356902264742,inf,0.0,0,0,0,CLEAR,none,nan,0.0,0.0,0,0,0,0,0.0,0,0,1,0,2.0,1.0,"-2.155,26.290;-1.935,26.282;-1.715,26.279;-1.495,26.278;-1.275,26.279;-1.055,26.282;-0.835,26.285;-0.615,26.289;-0.395,26.294;-0.176,26.298;0.044,26.303;0.264,26.307;0.374,26.309",5.15,26.35,2.0,5.15,26.35,2.0,5.15,26.35,2.0,7.124398898194127,0.0,0.0,0,0,5,1,,,0,1,PASS_THROUGH,-1,0.99762614067458,0.06249589654558547,0.028919653485241933,0.9,0,0.9975178945361012,0.06192432702538762,0.03351757453510486,4.5,0.9,0,0,0,BYPASS_VISIBLE,1,0,1,1,1
1787562371881516288,1787562371899947776,joint_v2_000004_81a34ddb,1225,89,0.03333333333333333,2.966666666666667,18.431663513183594,frame_id_exact,1,,-1.982742428779602,26.28072166442871,1.7553281784057617,0.0851970619324927,-0.10507925578649151,-0.717618793987506,0.683171338067798,1.5791758298873901,-0.0821835994720459,-0.09303741902112961,1.4989208511714402,0.002102961538284585,-0.5122872890645213,-1.622868426982575,0.10427989810705185,depth/001225.png,1.0,-0.02129624588710305,-0.2672220792209456,-0.9633996212828562,1.4989208511714402,0.002102961538284585,-0.5122872890645213,0.10427989810705185,0.9975053042871386,0.06170892301399874,0.03428085091527939,4.5,0.9,1.333333333,0.0,0.24467182159423828,0.09367514557674833,1.333333333,0.0,0.24467182159423828,0.09367514557674833,direct,SAFE_PROGRESSING,NONE,DIRECT_LOCAL,PASS_THROUGH,0,5,0,0,0,0,1,1.333333333,7.133078861409866,inf,0.0,0,0,0,CLEAR,none,nan,0.0,0.0,0,0,0,0,3.539991980690336,0,0,1,0,2.0,1.0,"-1.983,26.281;-1.763,26.274;-1.543,26.272;-1.323,26.272;-1.103,26.274;-0.883,26.277;-0.663,26.281;-0.443,26.285;-0.223,26.289;-0.003,26.293;0.217,26.297;0.437,26.301;0.547,26.303",5.15,26.35,2.0,5.15,26.35,2.0,5.15,26.35,2.0,7.0993122371427875,0.0,0.0,0,0,5,1,,,0,1,PASS_THROUGH,-1,0.99762614067458,0.06249589654558547,0.028919653485241933,0.9,0,0.9975053042871386,0.06170892301399874,0.03428085091527939,4.5,0.9,0,0,0,BYPASS_VISIBLE,1,0,1,1,1
1787562371930062336,1787562371946757632,joint_v2_000004_81a34ddb,1226,90,0.03333333333333333,3.0,16.695261001586914,frame_id_exact,1,,-1.931717872619629,26.27820587158203,1.7527730464935303,0.07413596693618023,-0.09760538458094135,-0.7179789732846913,0.6851884713188807,1.4838567972183228,-0.0684611052274704,-0.05986830219626427,1.4268955779806083,0.007538647268669872,-0.41715022416941355,-1.620877151150386,0.10352946817874908,depth/001226.png,1.0,-0.027300037658400306,-0.24175144732646026,-0.9699540946144882,1.4268955779806083,0.007538647268669872,-0.41715022416941355,0.10352946817874908,0.9975797658363511,0.06014540665584764,0.03488754580210013,4.5,0.9,1.2666666664,0.0,0.24722695350646973,0.09676103654705834,1.2666666664,0.0,0.24722695350646973,0.09676103654705834,direct,SAFE_PROGRESSING,NONE,DIRECT_LOCAL,PASS_THROUGH,0,6,0,0,0,0,1,1.2666666664,7.082081786046783,inf,0.0,0,0,0,CLEAR,none,nan,0.0,0.0,0,0,0,0,0.0,0,0,1,0,2.0,1.0,"-1.983,26.281;-1.763,26.274;-1.543,26.272;-1.323,26.272;-1.103,26.274;-0.883,26.277;-0.663,26.281;-0.443,26.285;-0.223,26.289;-0.003,26.293;0.217,26.297;0.437,26.301;0.547,26.303",5.15,26.35,2.0,5.15,26.35,2.0,5.15,26.35,2.0,7.076232576258241,0.0,0.0,0,0,5,1,,,1,1,PASS_THROUGH,-1,0.9981874181345852,0.060182042818522824,0.0,0.9,0,0.9975797658363511,0.06014540665584764,0.03488754580210013,4.5,0.9,0,0,0,BYPASS_VISIBLE,1,0,1,1,1
1787562371977457920,1787562372008771584,joint_v2_000004_81a34ddb,1227,91,0.03333333333333333,3.033333333333333,31.313657760620117,frame_id_exact,1,,-1.8836758136749268,26.276161193847656,1.7513682842254639,0.0591989891350452,-0.0823542900945321,-0.7187558601854764,0.6878250242884816,1.4012421369552612,-0.05420087277889252,-0.023841161280870438,1.3692408438081507,0.012108476079399093,-0.3033456088601569,-1.6176164643765747,0.09981529414653778,depth/001227.png,1.0,-0.028191442453324236,-0.1998223495130514,-0.979426501176829,1.3692408438081507,0.012108476079399093,-0.3033456088601569,0.09981529414653778,0.9977347043423702,0.05725051683959453,0.035324751555287484,4.5,0.9,1.1999999998,0.0,0.24863171577453613,0.1024370954990736,1.1999999998,0.0,0.24863171577453613,0.1024370954990736,direct,SAFE_PROGRESSING,NONE,DIRECT_LOCAL,PASS_THROUGH,0,6,0,0,0,0,1,1.1999999998,7.034063379098147,inf,0.0,0,0,0,CLEAR,none,nan,0.0,0.0,0,0,0,0,0.0,0,0,1,0,2.0,1.0,"-1.983,26.281;-1.763,26.274;-1.543,26.272;-1.323,26.272;-1.103,26.274;-0.883,26.277;-0.663,26.281;-0.443,26.285;-0.223,26.289;-0.003,26.293;0.217,26.297;0.437,26.301;0.547,26.303",5.15,26.35,2.0,5.15,26.35,2.0,5.15,26.35,2.0,7.054887787517919,0.0,0.0,0,0,5,1,,,0,1,PASS_THROUGH,-1,0.9975797658363511,0.06014540665584764,0.03488754580210013,0.9,0,0.9977347043423702,0.05725051683959453,0.035324751555287484,4.5,0.9,0,0,0,BYPASS_VISIBLE,1,0,1,1,1
1787562372041102080,1787562372057947904,joint_v2_000004_81a34ddb,1228,92,0.03333333333333333,3.066666666666667,16.845703125,frame_id_exact,1,,-1.8381112813949585,26.274574279785156,1.7512162923812866,0.04421568791358829,-0.06349564549043508,-0.7192737144366459,0.6904046637057079,1.3356269598007202,-0.04147913306951523,0.014774379320442677,1.3228716736635404,0.015343683721176839,-0.1887148189716587,-1.6135945325178362,0.09516796469688416,depth/001228.png,1.0,-0.024069015379245037,-0.15239493185391034,-0.9880265518921623,1.3228716736635404,0.015343683721176839,-0.1887148189716587,0.09516796469688416,0.9979322030562394,0.053531662980657736,0.035576384890059286,4.5,0.9,1.2666666664,0.0,0.24878370761871338,0.09898481799110417,1.2666666664,0.0,0.24878370761871338,0.09898481799110417,direct,SAFE_PROGRESSING,NONE,DIRECT_LOCAL,PASS_THROUGH,0,6,0,0,0,0,1,1.2666666664,6.988518320819473,inf,0.0,0,0,0,CLEAR,none,nan,0.0,0.0,0,0,0,0,3.0705507790894186,0,0,1,0,2.0,2.0,"-1.838,26.275;-1.695,26.272;-1.531,26.271;-1.347,26.272;-1.144,26.273;-0.934,26.276;-0.724,26.279;-0.514,26.282;-0.304,26.285;-0.094,26.288;0.116,26.292;0.326,26.295;0.536,26.298;0.746,26.302;0.956,26.304;1.162,26.307",5.15,26.35,2.0,5.15,26.35,2.0,5.15,26.35,2.0,7.034913914802124,0.0,0.0,0,0,5,1,,,0,1,PASS_THROUGH,-1,0.9975797658363511,0.06014540665584764,0.03488754580210013,0.9,0,0.9979322030562394,0.053531662980657736,0.035576384890059286,4.5,0.9,0,0,0,BYPASS_VISIBLE,1,0,1,1,1
1787562372087027712,1787562372109052928,joint_v2_000004_81a34ddb,1229,93,0.03333333333333333,3.1,22.025108337402344,frame_id_exact,1,,-1.7944399118423462,26.27335548400879,1.7523623704910278,0.031128509348079227,-0.04388917462025046,-0.7192891723915185,0.6926238825923087,1.2875758409500122,-0.031972888857126236,0.05329371988773346,1.286250360925887,0.01691006700077574,-0.08359480277821046,-1.6094172262164075,0.09157370775938034,depth/001229.png,1.0,-0.016016581604976272,-0.1062587141870488,-0.9942095125138394,1.286250360925887,0.01691006700077574,-0.08359480277821046,0.09157370775938034,0.9981329849320352,0.04960533767309023,0.0356350230111375,4.5,0.9,1.333333333,0.0,0.24763762950897217,0.09338991874608675,1.333333333,0.0,0.24763762950897217,0.09338991874608675,direct,SAFE_PROGRESSING,NONE,DIRECT_LOCAL,PASS_THROUGH,0,6,0,0,0,0,1,1.333333333,6.944862854730859,inf,0.0,0,0,0,CLEAR,none,nan,0.0,0.0,0,0,0,0,0.0,0,0,1,0,2.0,2.0,"-1.838,26.275;-1.695,26.272;-1.531,26.271;-1.347,26.272;-1.144,26.273;-0.934,26.276;-0.724,26.279;-0.514,26.282;-0.304,26.285;-0.094,26.288;0.116,26.292;0.326,26.295;0.536,26.298;0.746,26.302;0.956,26.304;1.162,26.307",5.15,26.35,2.0,5.15,26.35,2.0,5.15,26.35,2.0,7.015932748644459,0.0,0.0,0,0,5,1,,,0,1,PASS_THROUGH,-1,0.9975797658363511,0.06014540665584764,0.03488754580210013,0.9,0,0.9981329849320352,0.04960533767309023,0.0356350230111375,4.5,0.9,0,0,0,BYPASS_VISIBLE,1,0,1,1,1
1787562372138712320,1787562372155511040,joint_v2_000004_81a34ddb,1230,94,0.03333333333333333,3.1333333333333333,16.798734664916992,frame_id_exact,1,,-1.7520743608474731,26.272388458251953,1.7547444105148315,0.01682918771731399,-0.02173703816497909,-0.718971539934839,0.6944956474855087,1.257511854171753,-0.026704641059041023,0.08872150629758835,1.2606540208836616,0.01652301557354389,0.01997840089943645,-1.6055891188864553,0.0888345018029213,depth/001230.png,1.0,-0.005993142771669305,-0.05463221884697707,-0.9984885592251793,1.2606540208836616,0.01652301557354389,0.01997840089943645,0.0888345018029213,0.9983105115372329,0.04599170451728645,0.03550895196795988,4.5,0.9,1.3999999995999999,0.0,0.24525558948516846,0.09296167654708304,1.3999999995999999,0.0,0.24525558948516846,0.09296167654708304,direct,SAFE_PROGRESSING,NONE,DIRECT_LOCAL,PASS_THROUGH,0,6,0,0,0,0,1,1.3999999995999999,6.902510705104381,inf,0.0,0,0,0,CLEAR,none,nan,0.0,0.0,0,0,0,0,0.0,0,0,1,0,2.0,2.0,"-1.838,26.275;-1.695,26.272;-1.531,26.271;-1.347,26.272;-1.144,26.273;-0.934,26.276;-0.724,26.279;-0.514,26.282;-0.304,26.285;-0.094,26.288;0.116,26.292;0.326,26.295;0.536,26.298;0.746,26.302;0.956,26.304;1.162,26.307",5.15,26.35,2.0,5.15,26.35,2.0,5.15,26.35,2.0,6.9975229105892796,0.0,0.0,0,0,5,1,,,0,1,PASS_THROUGH,-1,0.9975797658363511,0.06014540665584764,0.03488754580210013,0.9,0,0.9983105115372329,0.04599170451728645,0.03550895196795988,4.5,0.9,0,0,0,BYPASS_VISIBLE,1,0,1,1,1
1787562372186455296,1787562372203997440,joint_v2_000004_81a34ddb,1231,95,0.03333333333333333,3.1666666666666665,17.542123794555664,frame_id_exact,1,,-1.7103780508041382,26.271520614624023,1.7581857442855835,-0.0008659307799400126,0.003634373456865933,-0.7181860293092647,0.6958411232447048,1.2478581666946411,-0.025892728939652443,0.11608487367630005,1.2472817437076453,0.01400640897582125,0.12404921529825956,-1.6024105853813253,0.08690664172172546,depth/001231.png,1.0,0.003814094240029078,0.006425412977158304,-0.9999720829869208,1.2472817437076453,0.01400640897582125,0.12404921529825956,0.08690664172172546,0.9984533764575436,0.04301326515722478,0.035223771249614774,4.5,0.9,1.4666666661999999,0.0,0.2418142557144165,0.08233081813215812,1.4666666661999999,0.0,0.2418142557144165,0.08233081813215812,direct,SAFE_PROGRESSING,NONE,DIRECT_LOCAL,PASS_THROUGH,0,6,0,0,0,0,1,1.4666666661999999,6.860826919102696,inf,0.0,0,0,0,CLEAR,none,nan,0.0,0.0,0,0,0,0,2.4667708279697194,0,0,1,0,2.0,2.0,"-1.710,26.272;-1.421,26.270;-1.051,26.273;-0.631,26.278;-0.211,26.284;0.209,26.291;0.629,26.297;1.049,26.303;1.289,26.306",5.15,26.35,2.0,5.15,26.35,2.0,5.15,26.35,2.0,6.979255521932025,0.0,0.0,0,0,5,1,,,0,1,PASS_THROUGH,-1,0.9975797658363511,0.06014540665584764,0.03488754580210013,0.9,0,0.9984533764575436,0.04301326515722478,0.035223771249614774,4.5,0.9,0,0,0,BYPASS_VISIBLE,1,0,1,1,1
1787562372232450560,1787562372249596416,joint_v2_000004_81a34ddb,1232,96,0.03333333333333333,3.2,17.145872116088867,frame_id_exact,1,,-1.668632984161377,26.27061653137207,1.762334942817688,-0.02224097277185024,0.031075621845973355,-0.7166216020049165,0.6964144774464089,1.2606719732284546,-0.028859948739409447,0.13060998916625977,1.2475207526614385,0.00923414998625399,0.22537167556737572,-1.5998267219951334,0.08537024259567261,depth/001232.png,1.0,0.011406302822549397,0.0755167946827366,-0.9970792897140958,1.2475207526614385,0.00923414998625399,0.22537167556737572,0.08537024259567261,0.9985667011146608,0.04063612186478089,0.03483172440138855,4.5,0.9,1.5333333327999998,0.0,0.237665057182312,0.08016637256635552,1.5333333327999998,0.0,0.237665057182312,0.08016637256635552,direct,SAFE_PROGRESSING,NONE,DIRECT_LOCAL,PASS_THROUGH,0,6,0,0,0,0,1,1.5333333327999998,6.819095065166997,inf,0.0,0,0,0,CLEAR,none,nan,0.0,0.0,0,0,0,0,0.0,0,0,1,0,2.0,2.0,"-1.710,26.272;-1.421,26.270;-1.051,26.273;-0.631,26.278;-0.211,26.284;0.209,26.291;0.629,26.297;1.049,26.303;1.289,26.306",5.15,26.35,2.0,5.15,26.35,2.0,5.15,26.35,2.0,6.960723878394196,0.0,0.0,0,0,5,1,,,1,1,PASS_THROUGH,-1,0.9991730079094693,0.040660795185825716,0.0,0.9,0,0.9985667011146608,0.04063612186478089,0.03483172440138855,4.5,0.9,0,0,0,BYPASS_VISIBLE,1,0,1,1,1
1787562372281512704,1787562372299186688,joint_v2_000004_81a34ddb,1233,97,0.03333333333333333,3.2333333333333334,17.673969268798828,frame_id_exact,1,,-1.6260812282562256,26.269569396972656,1.7667094469070435,-0.0459427505802669,0.05810319968395215,-0.7140874213281742,0.6961267388604497,1.2960692644119263,-0.034251868724823,0.12917830049991608,1.2634625358147995,0.002205320879795792,0.3182975324075171,-1.5973962228285563,0.08383504301309586,depth/001233.png,1.0,0.015280101245521718,0.14694548233789922,-0.9890265637112123,1.2634625358147995,0.002205320879795792,0.3182975324075171,0.08383504301309586,0.9986685403407193,0.03843686239438642,0.0344057283459055,4.5,0.9,1.5999999993999998,0.0,0.23329055309295654,0.08248065324901913,1.5999999993999998,0.0,0.23329055309295654,0.08248065324901913,direct,SAFE_PROGRESSING,NONE,DIRECT_LOCAL,PASS_THROUGH,0,6,0,0,0,0,1,1.5999999993999998,6.776558558282349,inf,0.0,0,0,0,CLEAR,none,nan,0.0,0.0,0,0,0,0,0.0,0,0,1,0,2.0,2.0,"-1.710,26.272;-1.421,26.270;-1.051,26.273;-0.631,26.278;-0.211,26.284;0.209,26.291;0.629,26.297;1.049,26.303;1.289,26.306",5.15,26.35,2.0,5.15,26.35,2.0,5.15,26.35,2.0,6.9416002104372625,0.0,0.0,0,0,5,1,,,0,1,PASS_THROUGH,-1,0.9985667011146608,0.04063612186478089,0.03483172440138855,0.9,0,0.9986685403407193,0.03843686239438642,0.0344057283459055,4.5,0.9,0,0,0,BYPASS_VISIBLE,1,0,1,1,1
1787562372326689536,1787562372351651328,joint_v2_000004_81a34ddb,1234,98,0.03333333333333333,3.2666666666666666,24.96194839477539,frame_id_exact,1,,-1.5820043087005615,26.268325805664062,1.7707408666610718,-0.06946887091957724,0.08156835469978752,-0.7107511746810335,0.6952362527761766,1.3515747785568237,-0.04038471728563309,0.10985088348388672,1.29787596173655,-0.0068048206976033115,0.39487239253340706,-1.594442331633972,0.0821673795580864,depth/001234.png,1.0,0.014668391313487392,0.21254416284478395,-0.9770413589694575,1.29787596173655,-0.0068048206976033115,0.39487239253340706,0.0821673795580864,0.9987811332939988,0.035749281767237864,0.03403287570985268,4.5,0.9,1.6666666659999998,0.0,0.22925913333892822,0.05392522288198712,1.6666666659999998,0.0,0.22925913333892822,0.05392522288198712,direct,SAFE_PROGRESSING,NONE,DIRECT_LOCAL,PASS_THROUGH,0,6,0,0,0,0,1,1.6666666659999998,6.732499735342242,inf,0.0,0,0,0,CLEAR,none,nan,0.0,0.0,0,0,0,0,2.0499074944793203,0,0,1,0,2.0,2.0,"-1.582,26.268;-1.437,26.266;-1.272,26.265;-1.086,26.266;-0.881,26.268;-0.671,26.271;-0.461,26.274;-0.251,26.277;-0.041,26.281;0.169,26.284;0.379,26.288;0.589,26.292;0.799,26.295;1.009,26.299;1.219,26.302;1.418,26.305",5.15,26.35,2.0,5.15,26.35,2.0,5.15,26.35,2.0,6.921671386908261,0.0,0.0,0,0,5,1,,,0,1,PASS_THROUGH,-1,0.9985667011146608,0.04063612186478089,0.03483172440138855,0.9,0,0.9987811332939988,0.035749281767237864,0.03403287570985268,4.5,0.9,0,0,0,BYPASS_VISIBLE,1,0,1,1,1
1787562372388284416,1787562372403731456,joint_v2_000004_81a34ddb,1235,99,0.03333333333333333,3.3,15.446901321411133,frame_id_exact,1,,-1.5358060598373413,26.266887664794922,1.773830533027649,-0.08980857228056928,0.09842516064959943,-0.7071925626343024,0.6943526391184487,1.4224674701690674,-0.04561896622180939,0.07299243658781052,1.353314332883616,-0.01699748685252239,0.44617719733288763,-1.5904161666076908,0.07862243801355362,depth/001235.png,1.0,0.009659631350165787,0.2639287215319127,-0.9644938161920527,1.353314332883616,-0.01699748685252239,0.44617719733288763,0.07862243801355362,0.9989151265543227,0.032026557407305936,0.033806353864291906,4.5,0.9,1.7333333325999998,0.0,0.22616946697235107,0.04991931848883421,1.7333333325999998,0.0,0.22616946697235107,0.04991931848883421,direct,SAFE_PROGRESSING,NONE,DIRECT_LOCAL,PASS_THROUGH,0,6,0,0,0,0,1,1.7333333325999998,6.6863226313139394,inf,0.0,0,0,0,CLEAR,none,nan,0.0,0.0,0,0,0,0,0.0,0,0,1,0,2.0,2.0,"-1.582,26.268;-1.437,26.266;-1.272,26.265;-1.086,26.266;-0.881,26.268;-0.671,26.271;-0.461,26.274;-0.251,26.277;-0.041,26.281;0.169,26.284;0.379,26.288;0.589,26.292;0.799,26.295;1.009,26.299;1.219,26.302;1.418,26.305",5.15,26.35,2.0,5.15,26.35,2.0,5.15,26.35,2.0,6.900857823980054,0.0,0.0,0,0,5,1,,,0,1,PASS_THROUGH,-1,0.9985667011146608,0.04063612186478089,0.03483172440138855,0.9,0,0.9989151265543227,0.032026557407305936,0.033806353864291906,4.5,0.9,0,0,0,BYPASS_VISIBLE,1,0,1,1,1
1787562372430698752,1787562372447462656,joint_v2_000004_81a34ddb,1236,100,0.03333333333333333,3.3333333333333335,16.763925552368164,frame_id_exact,1,,-1.4870675802230835,26.265310287475586,1.7754472494125366,-0.10417698935820609,0.1065194091748142,-0.7042000883033498,0.6941923407751365,1.5030170679092407,-0.04866407439112663,0.022368034347891808,1.430209204311348,-0.026856670480679915,0.4644450222332219,-1.5852851413797493,0.07279173284769058,depth/001236.png,1.0,0.0011670257756459246,0.2946596908888087,-0.9556015407146174,1.430209204311348,-0.026856670480679915,0.4644450222332219,0.07279173284769058,0.9990572457959429,0.02722928302418388,0.03381103028027329,4.5,0.9,1.7999999991999998,0.0,0.22455275058746338,0.04881851147347574,1.7999999991999998,0.0,0.22455275058746338,0.04881851147347574,direct,SAFE_PROGRESSING,NONE,DIRECT_LOCAL,PASS_THROUGH,0,6,0,0,0,0,1,1.7999999991999998,6.637607883255516,inf,0.0,0,0,0,CLEAR,none,nan,0.0,0.0,0,0,0,0,0.0,0,0,1,0,2.0,2.0,"-1.582,26.268;-1.437,26.266;-1.272,26.265;-1.086,26.266;-0.881,26.268;-0.671,26.271;-0.461,26.274;-0.251,26.277;-0.041,26.281;0.169,26.284;0.379,26.288;0.589,26.292;0.799,26.295;1.009,26.299;1.219,26.302;1.418,26.305",5.15,26.35,2.0,5.15,26.35,2.0,5.15,26.35,2.0,6.879198217043404,0.0,0.0,0,0,5,1,,,0,1,PASS_THROUGH,-1,0.9985667011146608,0.04063612186478089,0.03483172440138855,0.9,0,0.9990572457959429,0.02722928302418388,0.03381103028027329,4.5,0.9,0,0,0,BYPASS_VISIBLE,1,0,1,1,1
1787562372473495040,1787562372490578944,joint_v2_000004_81a34ddb,1237,101,0.03333333333333333,3.3666666666666667,17.08388328552246,frame_id_exact,1,,-1.4355602264404297,26.263683319091797,1.7752398252487183,-0.11072842966371746,0.10525138377290795,-0.7023676937459576,0.695227289352252,1.5877302885055542,-0.04871158301830292,-0.03514925763010979,1.5247382827149454,-0.034417965695017885,0.4455158027847304,-1.5795932743002505,0.06633959710597992,depth/001237.png,1.0,-0.009196875068008648,0.3018131953869717,-0.9533227221561904,1.5247382827149454,-0.034417965695017885,0.4455158027847304,0.06633959710597992,0.9991784805733956,0.02188866459438775,0.034106455713178066,4.5,0.9,1.7333333325999998,0.0,0.22476017475128174,0.011451214686995188,1.7333333325999998,0.0,0.22476017475128174,0.011451214686995188,direct,SAFE_PROGRESSING,NONE,DIRECT_LOCAL,PASS_THROUGH,0,6,0,0,0,0,1,1.7333333325999998,6.586125876832081,inf,0.0,0,0,0,CLEAR,none,nan,0.0,0.0,0,0,0,0,1.254958511530501,0,0,1,0,2.0,1.0,"-1.436,26.264;-1.216,26.260;-0.996,26.260;-0.776,26.262;-0.556,26.264;-0.336,26.268;-0.116,26.272;0.104,26.276;0.324,26.280;0.544,26.285;0.764,26.289;0.984,26.293;1.094,26.295",5.15,26.35,2.0,5.15,26.35,2.0,5.15,26.35,2.0,6.856814793537126,0.0,0.0,0,0,5,1,,,0,1,PASS_THROUGH,-1,0.9985667011146608,0.04063612186478089,0.03483172440138855,0.9,0,0.9991784805733956,0.02188866459438775,0.034106455713178066,4.5,0.9,0,0,0,BYPASS_VISIBLE,1,0,1,1,1
1787562372517970944,1787562372536203264,joint_v2_000004_81a34ddb,1238,102,0.03333333333333333,3.4,18.232107162475586,frame_id_exact,1,,-1.3812297582626343,26.262104034423828,1.773115873336792,-0.10717080688240858,0.09393171650248693,-0.7020820865354768,0.6976904718806625,1.671484351158142,-0.045429132878780365,-0.09111662209033966,1.6298976148015496,-0.037826408335859416,0.38239888754866486,-1.5742818380212298,0.05680803209543228,depth/001238.png,1.0,-0.019414880201022666,0.28143965267908777,-0.9593825015741398,1.6298976148015496,-0.037826408335859416,0.38239888754866486,0.05680803209543228,0.9992538440760633,0.01693147439734835,0.0347142661443764,4.5,0.9,1.6666666659999998,0.0,0.226884126663208,0.004358980374118765,1.6666666659999998,0.0,0.226884126663208,0.004358980374118765,direct,SAFE_PROGRESSING,NONE,DIRECT_LOCAL,PASS_THROUGH,0,6,0,0,0,0,1,1.6666666659999998,6.531821174525522,inf,0.0,0,0,0,CLEAR,none,nan,0.0,0.0,0,0,0,0,0.0,0,0,1,0,2.0,1.0,"-1.436,26.264;-1.216,26.260;-0.996,26.260;-0.776,26.262;-0.556,26.264;-0.336,26.268;-0.116,26.272;0.104,26.276;0.324,26.280;0.544,26.285;0.764,26.289;0.984,26.293;1.094,26.295",5.15,26.35,2.0,5.15,26.35,2.0,5.15,26.35,2.0,6.833927342694823,0.0,0.0,0,0,5,1,,,1,1,PASS_THROUGH,-1,0.99985647934678,0.01694168552009516,0.0,0.9,0,0.9992538440760633,0.01693147439734835,0.0347142661443764,4.5,0.9,0,0,0,BYPASS_VISIBLE,1,0,1,1,1
1787562372564744448,1787562372581680896,joint_v2_000004_81a34ddb,1239,103,0.03333333333333333,3.433333333333333,16.936540603637695,frame_id_exact,1,,-1.3242135047912598,26.260690689086914,1.7693113088607788,-0.08956052188480376,0.07021496027995185,-0.703460965763702,0.7015635694072249,1.747344732284546,-0.0388924814760685,-0.13420073688030243,1.7330773576705454,-0.03593211611262448,0.2605529345420667,-1.5703711081519132,0.044720545411109924,depth/001239.png,1.0,-0.02748414611919138,0.22445176636214342,-0.9740975445452127,1.7330773576705454,-0.03593211611262448,0.2605529345420667,0.044720545411109924,0.9992766066027078,0.013359650984791756,0.035605943635041666,4.5,0.9,1.5999999993999998,0.0,0.2306886911392212,0.005571963714003565,1.5999999993999998,0.0,0.2306886911392212,0.005571963714003565,direct,SAFE_PROGRESSING,NONE,DIRECT_LOCAL,PASS_THROUGH,0,6,0,0,0,0,1,1.5999999993999998,6.474829469463833,inf,0.0,0,0,0,CLEAR,none,nan,0.0,0.0,0,0,0,0,0.0,0,0,1,0,2.0,1.0,"-1.436,26.264;-1.216,26.260;-0.996,26.260;-0.776,26.262;-0.556,26.264;-0.336,26.268;-0.116,26.272;0.104,26.276;0.324,26.280;0.544,26.285;0.764,26.289;0.984,26.293;1.094,26.295",5.15,26.35,2.0,5.15,26.35,2.0,5.15,26.35,2.0,6.810843016166304,0.0,0.0,0,0,5,1,,,0,1,PASS_THROUGH,-1,0.9992538440760633,0.01693147439734835,0.0347142661443764,0.9,0,0.9992766066027078,0.013359650984791756,0.035605943635041666,4.5,0.9,0,0,0,BYPASS_VISIBLE,1,0,1,1,1
1787562372615337728,1787562372633775104,joint_v2_000004_81a34ddb,1240,104,0.03333333333333333,3.466666666666667,18.43738555908203,frame_id_exact,1,,-1.2649405002593994,26.259538650512695,1.7644342184066772,-0.05880540771502888,0.036133506355467436,-0.7052617115187709,0.7055793449411217,1.8049982786178589,-0.02961387112736702,-0.15409834682941437,1.8094210162886577,-0.029368269310047955,0.08817685775073936,-1.568194419012893,0.03313196077942848,depth/001240.png,1.0,-0.03195629349388767,0.13395091917999402,-0.9904725874838572,1.8094210162886577,-0.029368269310047955,0.08817685775073936,0.03313196077942848,0.9992605169991515,0.011490827039458284,0.036693051938171635,4.5,0.9,1.5333333327999998,0.0,0.23556578159332275,-0.005079217161598252,1.5333333327999998,0.0,0.23556578159332275,-0.005079217161598252,direct,SAFE_PROGRESSING,NONE,DIRECT_LOCAL,PASS_THROUGH,0,6,0,0,0,0,1,1.5333333327999998,6.415578296429667,inf,0.0,0,0,0,CLEAR,none,nan,0.0,0.0,0,0,0,0,0.6588340713489715,0,0,1,0,2.0,1.0,"-1.265,26.260;-1.045,26.258;-0.825,26.258;-0.605,26.261;-0.385,26.263;-0.165,26.267;0.055,26.271;0.275,26.275;0.495,26.279;0.715,26.284;0.935,26.288;1.155,26.292;1.265,26.294",5.15,26.35,2.0,5.15,26.35,2.0,5.15,26.35,2.0,6.787984648670033,0.0,0.0,0,0,5,1,,,0,1,PASS_THROUGH,-1,0.9992538440760633,0.01693147439734835,0.0347142661443764,0.9,0,0.9992605169991515,0.011490827039458284,0.036693051938171635,4.5,0.9,0,0,0,BYPASS_VISIBLE,1,0,1,1,1
1787562372661705472,1787562372678455040,joint_v2_000004_81a34ddb,1241,105,0.03333333333333333,3.5,16.74962043762207,frame_id_exact,1,,-1.2042081356048584,26.25873374938965,1.7593767642974854,-0.019918767419849118,-0.0028712952827753867,-0.70582967317048,0.7080956650339886,1.8330992460250854,-0.018638011068105698,-0.14529141783714294,1.8360142171244518,-0.02053738611510261,-0.10168494293593275,-1.5672020006925795,0.02287033013999462,depth/001241.png,1.0,-0.032184817681353395,0.02415549490359623,-0.9991899967357462,1.8360142171244518,-0.02053738611510261,-0.10168494293593275,0.02287033013999462,0.9992259819263479,0.010759887174192571,0.037837307929137205,4.5,0.9,1.4666666661999999,0.0,0.24062323570251465,0.00021151061498449848,1.4666666661999999,0.0,0.24062323570251465,0.00021151061498449848,direct,SAFE_PROGRESSING,NONE,DIRECT_LOCAL,PASS_THROUGH,0,6,0,0,0,0,1,1.4666666661999999,6.354863535835168,inf,0.0,0,0,0,CLEAR,none,nan,0.0,0.0,0,0,0,0,0.0,0,0,1,0,2.0,1.0,"-1.265,26.260;-1.045,26.258;-0.825,26.258;-0.605,26.261;-0.385,26.263;-0.165,26.267;0.055,26.271;0.275,26.275;0.495,26.279;0.715,26.284;0.935,26.288;1.155,26.292;1.265,26.294",5.15,26.35,2.0,5.15,26.35,2.0,5.15,26.35,2.0,6.765817789969922,0.0,0.0,0,0,5,1,,,0,1,PASS_THROUGH,-1,0.9992538440760633,0.01693147439734835,0.0347142661443764,0.9,0,0.9992259819263479,0.010759887174192571,0.037837307929137205,4.5,0.9,0,0,0,BYPASS_VISIBLE,1,0,1,1,1
1787562372705885440,1787562372722734080,joint_v2_000004_81a34ddb,1242,106,0.03333333333333333,3.533333333333333,16.84856414794922,frame_id_exact,1,,-1.1431615352630615,26.258298873901367,1.7549426555633545,0.02077956052437926,-0.0406899950943976,-0.7043897056004953,0.7083414973073929,1.8230925798416138,-0.007823050953447819,-0.11892049759626389,1.8058045990127607,-0.012392673274994158,-0.2771028895226053,-1.5664356237447605,0.013950486667454243,depth/001242.png,1.0,-0.02837100706064178,-0.08676127736131345,-0.9958250683272631,1.8058045990127607,-0.012392673274994158,-0.2771028895226053,0.013950486667454243,0.9991907695529735,0.010201909437914602,0.03890664575566868,4.5,0.9,1.3999999995999999,0.0,0.2450573444366455,0.001098412926938961,1.3999999995999999,0.0,0.2450573444366455,0.001098412926938961,direct,SAFE_PROGRESSING,NONE,DIRECT_LOCAL,PASS_THROUGH,0,6,0,0,0,0,1,1.3999999995999999,6.293829613632887,inf,0.0,0,0,0,CLEAR,none,nan,0.0,0.0,0,0,0,0,0.0,0,0,1,0,2.0,1.0,"-1.265,26.260;-1.045,26.258;-0.825,26.258;-0.605,26.261;-0.385,26.263;-0.165,26.267;0.055,26.271;0.275,26.275;0.495,26.279;0.715,26.284;0.935,26.288;1.155,26.292;1.265,26.294",5.15,26.35,2.0,5.15,26.35,2.0,5.15,26.35,2.0,6.744765989981198,0.0,0.0,0,0,5,1,,,0,1,PASS_THROUGH,-1,0.9992538440760633,0.01693147439734835,0.0347142661443764,0.9,0,0.9991907695529735,0.010201909437914602,0.03890664575566868,4.5,0.9,0,0,0,BYPASS_VISIBLE,1,0,1,1,1
1787562372751905024,1787562372768517888,joint_v2_000004_81a34ddb,1243,107,0.03333333333333333,3.566666666666667,16.613006591796875,frame_id_exact,1,,-1.083099603652954,26.25819206237793,1.7515164613723755,0.05792706321099494,-0.07266511153223723,-0.7013431828606578,0.706740388522291,1.774574875831604,0.001058594905771315,-0.08634690940380096,1.7283980975901734,-0.007159688255078672,-0.4112926627479207,-1.5651199465867358,0.006321711000055075,depth/001243.png,1.0,-0.021457236540278493,-0.18380515152927562,-0.9827284738275138,1.7283980975901734,-0.007159688255078672,-0.4112926627479207,0.006321711000055075,0.9991655687282225,0.009044347252158932,0.03982921102394925,4.5,0.9,1.333333333,0.0,0.2484835386276245,0.007191947642515612,1.333333333,0.0,0.2484835386276245,0.007191947642515612,direct,SAFE_PROGRESSING,NONE,DIRECT_LOCAL,PASS_THROUGH,0,6,0,0,0,0,1,1.333333333,6.2337756910614806,inf,0.0,0,0,0,CLEAR,none,nan,0.0,0.0,0,0,0,0,0.5186215274018469,0,0,1,0,2.0,1.0,"-1.083,26.258;-0.863,26.259;-0.643,26.261;-0.423,26.264;-0.203,26.267;0.017,26.271;0.237,26.274;0.457,26.278;0.677,26.282;0.897,26.286;1.117,26.289;1.337,26.293;1.447,26.295",5.15,26.35,2.0,5.15,26.35,2.0,5.15,26.35,2.0,6.7251426807193875,0.0,0.0,0,0,5,1,,,0,1,PASS_THROUGH,-1,0.9992538440760633,0.01693147439734835,0.0347142661443764,0.9,0,0.9991655687282225,0.009044347252158932,0.03982921102394925,4.5,0.9,0,0,0,BYPASS_VISIBLE,1,0,1,1,1
1787562372795918848,1787562372812980480,joint_v2_000004_81a34ddb,1244,108,0.03333333333333333,3.6,17.061471939086914,frame_id_exact,1,,-1.025220274925232,26.258333206176758,1.7491778135299683,0.0877284853795803,-0.09602240563879484,-0.6977825712816131,0.7044025082890918,1.6934808492660522,0.006818099413067102,-0.054461050778627396,1.6222719164584094,-0.005621696964760655,-0.4889704540726205,-1.5630372470558842,0.00016202661208808422,depth/001244.png,1.0,-0.012846030562229535,-0.25759785251412726,-0.966166820936687,1.6222719164584094,-0.005621696964760655,-0.4889704540726205,0.00016202661208808422,0.99915123708669,0.007078231124466302,0.040579601677265785,4.5,0.9,1.2666666664,0.0,0.25082218647003174,0.005421131640035901,1.2666666664,0.0,0.25082218647003174,0.005421131640035901,direct,SAFE_PROGRESSING,NONE,DIRECT_LOCAL,PASS_THROUGH,0,6,0,0,0,0,1,1.2666666664,6.17590060193147,inf,0.0,0,0,0,CLEAR,none,nan,0.0,0.0,0,0,0,0,0.0,0,0,1,0,2.0,1.0,"-1.083,26.258;-0.863,26.259;-0.643,26.261;-0.423,26.264;-0.203,26.267;0.017,26.271;0.237,26.274;0.457,26.278;0.677,26.282;0.897,26.286;1.117,26.289;1.337,26.293;1.447,26.295",5.15,26.35,2.0,5.15,26.35,2.0,5.15,26.35,2.0,6.707104091331955,0.0,0.0,0,0,5,1,,,1,1,PASS_THROUGH,-1,0.9999749076881685,0.007084066207956456,0.0,0.9,0,0.99915123708669,0.007078231124466302,0.040579601677265785,4.5,0.9,0,0,0,BYPASS_VISIBLE,1,0,1,1,1
1787562372845418752,1787562372866071040,joint_v2_000004_81a34ddb,1245,109,0.03333333333333333,3.6333333333333333,20.652294158935547,frame_id_exact,1,,-0.9704580903053284,26.25860595703125,1.7478482723236084,0.10742710054192302,-0.10920948993576893,-0.694945896910097,0.7025545571305801,1.5893239974975586,0.00900231208652258,-0.025872517377138138,1.506909420694076,-0.007176909867832017,-0.5058395868139883,-1.5605490843254044,-0.004191225860267878,depth/001245.png,1.0,-0.004139204195445667,-0.3027361719591204,-0.9530654107542496,1.506909420694076,-0.007176909867832017,-0.5058395868139883,-0.004191225860267878,0.9991416609708835,0.00468021081873695,0.04115867999628077,4.5,0.9,1.1999999998,0.0,0.2521517276763916,0.00033450170017584185,1.1999999998,0.0,0.2521517276763916,0.00033450170017584185,local_avoidance,SAFE_PROGRESSING,NONE,DIRECT_LOCAL,PASS_THROUGH,0,6,0,0,0,0,1,1.1999999998,6.121140425302635,inf,0.0,1,1,1,CURRENT_OCCUPIED,current,4.699999999999991,4.250000000000001,26.35,0,0,0,0,0.0,0,0,1,0,2.0,1.0,"-1.083,26.258;-0.863,26.259;-0.643,26.261;-0.423,26.264;-0.203,26.267;0.017,26.271;0.237,26.274;0.457,26.278;0.677,26.282;0.897,26.286;1.117,26.289;1.337,26.293;1.447,26.295",5.15,26.35,2.0,5.15,26.35,2.0,5.15,26.35,2.0,6.690670663391969,0.0,0.0,0,0,5,1,,,0,1,PASS_THROUGH,-1,0.99915123708669,0.007078231124466302,0.040579601677265785,0.9,0,0.9991416609708835,0.00468021081873695,0.04115867999628077,4.5,0.9,0,0,0,BYPASS_VISIBLE,1,0,1,1,1
1787562372903381504,1787562372919946752,joint_v2_000004_81a34ddb,1246,110,0.03333333333333333,3.6666666666666665,16.56508445739746,frame_id_exact,1,,-0.9193965196609497,26.25889778137207,1.7474271059036255,0.11530427444373635,-0.1116981078096718,-0.6937590146896048,0.7020875205725076,1.4733880758285522,0.007899078540503979,0.0004321356536820531,1.3975843707484028,-0.010434943834918727,-0.46645904725251996,-1.5583520196445861,-0.006549074314534664,depth/001246.png,0.9999967447916667,0.0031430645257063683,-0.3168905227446919,-0.9484569140134849,1.3975843707484028,-0.010434943834918727,-0.46645904725251996,-0.006549074314534664,0.9991321620690687,0.0025624406827124556,0.04157350859545153,4.5,0.9,1.2666666664,0.0,0.2525728940963745,-0.2663321646998241,1.2666666664,0.0,0.2525728940963745,-0.2663321646998241,local_avoidance,SAFE_PROGRESSING,NONE,DIRECT_LOCAL,PASS_THROUGH,0,6,0,0,0,0,1,1.2666666664,6.070080207634112,inf,0.0,1,1,1,CURRENT_OCCUPIED,current,4.549999999999992,4.15,26.35,0,0,0,0,0.14694423825998496,0,0,1,0,2.0,2.0,"-0.919,26.259;-0.762,26.252;-0.586,26.235;-0.390,26.210;-0.182,26.178;0.025,26.144;0.232,26.109;0.438,26.072;0.645,26.034;0.852,25.995;1.058,25.957;1.264,25.919;1.471,25.881;1.678,25.844;1.885,25.808;2.043,25.782",5.15,26.35,2.0,5.15,26.35,2.0,5.15,26.35,2.0,6.675737856111341,0.0,0.0,0,0,5,1,,,0,1,PASS_THROUGH,-1,0.99915123708669,0.007078231124466302,0.040579601677265785,0.9,0,0.9991321620690687,0.0025624406827124556,0.04157350859545153,4.5,0.9,0,0,0,BYPASS_VISIBLE,1,0,1,1,1
1787562372951778560,1787562372969526016,joint_v2_000004_81a34ddb,1247,111,0.03333333333333333,3.7,17.74740219116211,frame_id_exact,1,,-0.87223219871521,26.25910758972168,1.7478832006454468,0.11007962679185893,-0.10309832863484888,-0.6946504207362273,0.7033590856518797,1.3575305938720703,0.004403542261570692,0.027346091344952583,1.3039334108789937,-0.013928893974589625,-0.3784443936710775,-1.5571324196654002,-0.015256629325449467,depth/001247.png,1.0,0.007903425809214742,-0.2980856060252433,-0.9545064207961315,1.3039334108789937,-0.013928893974589625,-0.3784443936710775,-0.015256629325449467,0.999124019256144,0.0014265079484467797,0.04182295088251698,4.5,0.9,1.333333333,0.0,0.2521167993545532,-0.304237401995497,1.333333333,0.0,0.2521167993545532,-0.304237401995497,local_avoidance,SAFE_PROGRESSING,NONE,DIRECT_LOCAL,PASS_THROUGH,0,6,0,0,0,0,1,1.333333333,6.022918070627264,inf,0.0,1,1,1,HISTORY_OCCUPIED,history,4.499999999999992,4.15,26.35,1,0,0,0,0.0,0,0,1,0,2.0,2.0,"-0.919,26.259;-0.762,26.252;-0.586,26.235;-0.390,26.210;-0.182,26.178;0.025,26.144;0.232,26.109;0.438,26.072;0.645,26.034;0.852,25.995;1.058,25.957;1.264,25.919;1.471,25.881;1.678,25.844;1.885,25.808;2.043,25.782",5.15,26.35,2.0,5.15,26.35,2.0,5.15,26.35,2.0,6.662113711631146,0.0,0.0,0,0,5,1,,,0,1,PASS_THROUGH,-1,0.99915123708669,0.007078231124466302,0.040579601677265785,0.9,0,0.999124019256144,0.0014265079484467797,0.04182295088251698,4.5,0.9,0,0,0,BYPASS_VISIBLE,1,0,1,1,1
1787562372996993280,1787562373012705280,joint_v2_000004_81a34ddb,1248,112,0.03333333333333333,3.7333333333333334,15.71202278137207,frame_id_exact,1,,-0.8287452459335327,26.259180068969727,1.7492949962615967,0.09028748718878123,-0.0823199920601884,-0.697552977356892,0.7060392569431826,1.2552086114883423,-0.00020810225396417081,0.057796500623226166,1.2317254593122406,-0.016323750296689008,-0.24794165685425315,-1.5575087829451455,-0.03928269073367119,depth/001248.png,1.0,0.009718318961724953,-0.2423381318472287,-0.9701431771286924,1.2317254593122406,-0.016323750296689008,-0.24794165685425315,-0.03928269073367119,0.9991203770955588,0.0019000841518048777,0.04189107008235126,4.5,0.9,1.3999999995999999,0.0,0.2507050037384033,-0.34638325002885384,1.3999999995999999,0.0,0.2507050037384033,-0.34638325002885384,local_avoidance,SAFE_PROGRESSING,NONE,DIRECT_LOCAL,PASS_THROUGH,0,6,0,0,0,0,1,1.3999999995999999,5.9794350047178515,inf,0.0,1,1,1,HISTORY_OCCUPIED,history,4.449999999999992,4.15,26.35,2,0,0,0,0.0,0,0,1,0,2.0,2.0,"-0.919,26.259;-0.762,26.252;-0.586,26.235;-0.390,26.210;-0.182,26.178;0.025,26.144;0.232,26.109;0.438,26.072;0.645,26.034;0.852,25.995;1.058,25.957;1.264,25.919;1.471,25.881;1.678,25.844;1.885,25.808;2.043,25.782",5.15,26.35,2.0,5.15,26.35,2.0,5.15,26.35,2.0,6.649509024251969,0.0,0.0,0,0,5,1,,,0,1,PASS_THROUGH,-1,0.99915123708669,0.007078231124466302,0.040579601677265785,0.9,0,0.9991203770955588,0.0019000841518048777,0.04189107008235126,4.5,0.9,0,0,0,BYPASS_VISIBLE,1,0,1,1,1
1787562373043056640,1787562373060964864,joint_v2_000004_81a34ddb,1249,113,0.03333333333333333,3.7666666666666666,17.908096313476562,frame_id_exact,1,,-0.7882495522499084,26.259098052978516,1.7517774105072021,0.05835593918059703,-0.05170281302051919,-0.7012408301825325,0.7086485035425026,1.180040717124939,-0.004542735405266285,0.09112217277288437,1.179782075332973,-0.01695024513222904,-0.09298884234968512,-1.55961944971541,-0.07342161983251572,depth/001249.png,1.0,0.008564892322308976,-0.15521994499685704,-0.9878428069762314,1.179782075332973,-0.01695024513222904,-0.09298884234968512,-0.07342161983251572,0.9991191807482872,0.004126182372380561,0.04175927777035248,4.5,0.9,1.4666666661999999,0.0,0.24822258949279785,-0.3101453840111424,1.4666666661999999,0.0,0.24822258949279785,-0.3101453840111424,local_avoidance,SAFE_PROGRESSING,NONE,DIRECT_LOCAL,PASS_THROUGH,0,6,0,0,0,0,1,1.4666666661999999,5.938945269049761,inf,0.0,1,1,1,HISTORY_OCCUPIED,history,4.699999999999991,4.450000000000001,26.35,2,0,0,0,0.23661991078566366,0,0,1,0,2.0,2.0,"-0.788,26.259;-0.513,26.237;-0.161,26.187;0.252,26.119;0.665,26.047;1.079,25.973;1.492,25.900;1.906,25.828;2.174,25.783",5.15,26.35,2.0,5.15,26.35,2.0,5.15,26.35,2.0,6.637583072604149,0.0,0.0,0,0,5,1,,,0,1,PASS_THROUGH,-1,0.99915123708669,0.007078231124466302,0.040579601677265785,0.9,0,0.9991191807482872,0.004126182372380561,0.04175927777035248,4.5,0.9,0,0,0,BYPASS_VISIBLE,1,0,1,1,1
1787562373094718464,1787562373111334912,joint_v2_000004_81a34ddb,1250,114,0.03333333333333333,3.8,16.616344451904297,frame_id_exact,1,,-0.7496709227561951,26.258893966674805,1.7553786039352417,0.019309898439879597,-0.01566657342444198,-0.7041903991469955,0.7095756253202143,1.1411638259887695,-0.007472569588571787,0.12413020431995392,1.145819238592823,-0.01568987614968152,0.06761009483107688,-1.563055273715128,-0.11005360633134842,depth/001250.png,1.0,0.00496245291118658,-0.04946816770674181,-0.9987633725987562,1.145819238592823,-0.01568987614968152,0.06761009483107688,-0.11005360633134842,0.9991120759991378,0.007693596235629547,0.04142303911661174,4.5,0.9,1.5333333327999998,0.0,0.2446213960647583,-0.32000764254250497,1.5333333327999998,0.0,0.2446213960647583,-0.32000764254250497,direct,SAFE_PROGRESSING,NONE,DIRECT_LOCAL,PASS_THROUGH,0,6,0,0,0,0,1,1.5333333327999998,5.900374336101328,inf,0.0,0,0,0,CLEAR,none,nan,0.0,0.0,0,0,0,0,0.0,0,0,1,0,2.0,2.0,"-0.788,26.259;-0.513,26.237;-0.161,26.187;0.252,26.119;0.665,26.047;1.079,25.973;1.492,25.900;1.906,25.828;2.174,25.783",5.15,26.35,2.0,5.15,26.35,2.0,5.15,26.35,2.0,6.625978715596254,0.0,0.0,0,0,5,1,,,1,1,PASS_THROUGH,-1,0.9999703529793837,0.007700205340556783,0.0,0.9,0,0.9991120759991378,0.007693596235629547,0.04142303911661174,4.5,0.9,0,0,0,BYPASS_VISIBLE,1,0,1,1,1
1787562373141550592,1787562373158169856,joint_v2_000004_81a34ddb,1251,115,0.03333333333333333,3.8333333333333335,16.619205474853516,frame_id_exact,1,,-0.71173095703125,26.258621215820312,1.759918212890625,-0.021373035659975715,0.021307118435264914,-0.7055402733234065,0.7080269223478695,1.1415895223617554,-0.00843995064496994,0.14564703404903412,1.1306862121784196,-0.012453962779259873,0.21425339498132123,-1.5672784606933465,-0.14490102231502533,depth/001251.png,1.0,1.2952137063978325e-05,0.06033142964822974,-0.998178400101326,1.1306862121784196,-0.012453962779259873,0.21425339498132123,-0.14490102231502533,0.999089719533952,0.012059514298639997,0.04091821643779555,4.5,0.9,1.5999999993999998,0.0,0.240081787109375,-0.34353311705577255,1.5999999993999998,0.0,0.240081787109375,-0.34353311705577255,direct,SAFE_PROGRESSING,NONE,DIRECT_LOCAL,PASS_THROUGH,0,6,0,0,0,0,1,1.5999999993999998,5.8624431677259485,inf,0.0,0,0,0,CLEAR,none,nan,0.0,0.0,0,0,0,0,0.0,0,0,1,0,2.0,2.0,"-0.788,26.259;-0.513,26.237;-0.161,26.187;0.252,26.119;0.665,26.047;1.079,25.973;1.492,25.900;1.906,25.828;2.174,25.783",5.15,26.35,2.0,5.15,26.35,2.0,5.15,26.35,2.0,6.6143860111963155,0.0,0.0,0,0,5,1,,,0,1,PASS_THROUGH,-1,0.9991120759991378,0.007693596235629547,0.04142303911661174,0.9,0,0.999089719533952,0.012059514298639997,0.04091821643779555,4.5,0.9,0,0,0,BYPASS_VISIBLE,1,0,1,1,1
1787562373186504704,1787562373202218496,joint_v2_000004_81a34ddb,1252,116,0.03333333333333333,3.8666666666666667,15.713930130004883,frame_id_exact,1,,-0.6731715798377991,26.25834846496582,1.7648512125015259,-0.059156055658353676,0.05577955306025522,-0.7053845672350697,0.7041461601442824,1.1772620677947998,-0.007651477586477995,0.14678579568862915,1.1379452684043698,-0.006772742604758043,0.33553731128952746,-1.5721538359856335,-0.17808814346790314,depth/001252.png,1.0,-0.0049016212359170724,0.16200109067416985,-0.9867784050786879,1.1379452684043698,-0.006772742604758043,0.33553731128952746,-0.17808814346790314,0.9990398593517641,0.01708056929185305,0.04034369317593252,4.5,0.9,1.6666666659999998,0.0,0.23514878749847412,-0.07686645065577258,1.6666666659999998,0.0,0.23514878749847412,-0.07686645065577258,direct,SAFE_PROGRESSING,NONE,DIRECT_LOCAL,PASS_THROUGH,0,6,0,0,0,0,1,1.6666666659999998,5.823892791948078,inf,0.0,0,0,0,CLEAR,none,nan,0.0,0.0,0,0,0,0,0.97948964179748,0,0,1,0,2.0,2.0,"-0.673,26.258;-0.398,26.260;-0.042,26.264;0.375,26.271;0.795,26.278;1.215,26.286;1.635,26.294;2.055,26.301;2.326,26.306",5.15,26.35,2.0,5.15,26.35,2.0,5.15,26.35,2.0,6.602559672198194,0.0,0.0,0,0,5,1,,,0,1,PASS_THROUGH,-1,0.9991120759991378,0.007693596235629547,0.04142303911661174,0.9,0,0.9990398593517641,0.01708056929185305,0.04034369317593252,4.5,0.9,0,0,0,BYPASS_VISIBLE,1,0,1,1,1
1787562373228977152,1787562373244361472,joint_v2_000004_81a34ddb,1253,117,0.03333333333333333,3.9,15.384197235107422,frame_id_exact,1,,-0.6329444050788879,26.258121490478516,1.769424319267273,-0.09078723293679526,0.08558967293343052,-0.7044522625893993,0.6986981436611268,1.2402105331420898,-0.005892307497560978,0.12367655336856842,1.1710367818989458,0.001956951381343347,0.42675730976564785,-1.5779537996752848,-0.19998730719089508,depth/001253.png,1.0,-0.008307852122810738,0.2474534197466219,-0.9688641724456569,1.1710367818989458,0.001956951381343347,0.42675730976564785,-0.19998730719089508,0.9989409813714704,0.02302365021574893,0.03983500053152497,4.5,0.9,1.7333333325999998,0.0,0.23057568073272705,0.043294705339016595,1.7333333325999998,0.0,0.23057568073272705,0.043294705339016595,direct,SAFE_PROGRESSING,NONE,DIRECT_LOCAL,PASS_THROUGH,0,6,0,0,0,0,1,1.7333333325999998,5.783674234666499,inf,0.0,0,0,0,CLEAR,none,nan,0.0,0.0,0,0,0,0,0.0,0,0,1,0,2.0,2.0,"-0.673,26.258;-0.398,26.260;-0.042,26.264;0.375,26.271;0.795,26.278;1.215,26.286;1.635,26.294;2.055,26.301;2.326,26.306",5.15,26.35,2.0,5.15,26.35,2.0,5.15,26.35,2.0,6.590327829955305,0.0,0.0,0,0,5,1,,,0,1,PASS_THROUGH,-1,0.9991120759991378,0.007693596235629547,0.04142303911661174,0.9,0,0.9989409813714704,0.02302365021574893,0.03983500053152497,4.5,0.9,0,0,0,BYPASS_VISIBLE,1,0,1,1,1
1787562373269027584,1787562373286856192,joint_v2_000004_81a34ddb,1254,118,0.03333333333333333,3.933333333333333,17.828702926635742,frame_id_exact,1,,-0.5902884006500244,26.257953643798828,1.7728265523910522,-0.11360872207657888,0.10910847739739431,-0.7036394503684966,0.6928779995881448,1.3217724561691284,-0.004272786900401115,0.07769545912742615,1.231962329378815,0.013592826611272129,0.4849962072228289,-1.5848235873006913,-0.19645260274410248,depth/001254.png,1.0,-0.008681430403632756,0.3109800263092631,-0.950376796856298,1.231962329378815,0.013592826611272129,0.4849962072228289,-0.19645260274410248,0.9987665731366098,0.030033000313186477,0.03953923718461566,4.5,0.9,1.7999999991999998,0.0,0.22717344760894775,0.06534842392024039,1.7999999991999998,0.0,0.22717344760894775,0.06534842392024039,direct,SAFE_PROGRESSING,NONE,DIRECT_LOCAL,PASS_THROUGH,0,6,0,0,0,0,1,1.7999999991999998,5.741026341546181,inf,0.0,0,0,0,CLEAR,none,nan,0.0,0.0,0,0,0,0,0.0,0,0,1,0,2.0,2.0,"-0.673,26.258;-0.398,26.260;-0.042,26.264;0.375,26.271;0.795,26.278;1.215,26.286;1.635,26.294;2.055,26.301;2.326,26.306",5.15,26.35,2.0,5.15,26.35,2.0,5.15,26.35,2.0,6.57757684142071,0.0,0.0,0,0,5,1,,,0,1,PASS_THROUGH,-1,0.9991120759991378,0.007693596235629547,0.04142303911661174,0.9,0,0.9987665731366098,0.030033000313186477,0.03953923718461566,4.5,0.9,0,0,0,BYPASS_VISIBLE,1,0,1,1,1
1787562373315638272,1787562373331723264,joint_v2_000004_81a34ddb,1255,119,0.03333333333333333,3.966666666666667,16.084909439086914,frame_id_exact,1,,-0.544702410697937,26.257823944091797,1.7744197845458984,-0.12617540364458363,0.12509415933752902,-0.703724476914495,0.6878975791541817,1.4148459434509277,-0.003920719958841801,0.016099905595183372,1.3196212721246643,0.02676969117654577,0.5098496881386813,-1.5925517459234744,-0.17401589453220367,depth/001255.png,1.0,-0.005481501109292408,0.34965515312154377,-0.9368624376295266,1.3196212721246643,0.02676969117654577,0.5098496881386813,-0.17401589453220367,0.9984974777195539,0.03790146877648686,0.03957607424030563,4.5,0.9,1.8666666657999997,0.0,0.22558021545410156,0.07812606880967424,1.8666666657999997,0.0,0.22558021545410156,0.07812606880967424,direct,SAFE_PROGRESSING,NONE,DIRECT_LOCAL,PASS_THROUGH,0,6,0,0,0,0,1,1.8666666657999997,5.695448355633794,inf,0.0,0,0,0,CLEAR,none,nan,0.0,0.0,0,0,0,0,2.173818330476008,0,0,1,0,2.0,2.0,"-0.545,26.258;-0.393,26.258;-0.222,26.260;-0.030,26.262;0.180,26.265;0.390,26.269;0.600,26.273;0.810,26.276;1.020,26.280;1.230,26.284;1.439,26.288;1.649,26.292;1.859,26.296;2.069,26.300;2.279,26.303;2.455,26.306",5.15,26.35,2.0,5.15,26.35,2.0,5.15,26.35,2.0,6.564232867521001,0.0,0.0,0,0,5,1,,,0,1,PASS_THROUGH,-1,0.9991120759991378,0.007693596235629547,0.04142303911661174,0.9,0,0.9984974777195539,0.03790146877648686,0.03957607424030563,4.5,0.9,0,0,0,BYPASS_VISIBLE,1,0,1,1,1
1787562373363708672,1787562373379389184,joint_v2_000004_81a34ddb,1256,120,0.03333333333333333,4.0,15.680551528930664,frame_id_exact,1,,-0.49591192603111267,26.257673263549805,1.7737889289855957,-0.12849979043947457,0.1329833756876512,-0.7051483567336967,0.6845210154871035,1.5129384994506836,-0.005705821793526411,-0.054994069039821625,1.4289953774921602,0.03939309368076647,0.4984578241218402,-1.6006383327527716,-0.14163094758987427,depth/001256.png,1.0,0.0008369985991882045,0.3634676317611124,-0.9316064512954563,1.4289953774921602,0.03939309368076647,0.4984578241218402,-0.14163094758987427,0.9981326527943416,0.04613995980898067,0.04002888375355817,4.5,0.9,1.9333333323999997,0.0,0.2262110710144043,0.10112702603624348,1.9333333323999997,0.0,0.2262110710144043,0.10112702603624348,direct,SAFE_PROGRESSING,NONE,DIRECT_LOCAL,PASS_THROUGH,0,6,0,0,0,0,1,1.9333333323999997,5.646666778088105,inf,0.0,0,0,0,CLEAR,none,nan,0.0,0.0,0,0,0,0,0.0,0,0,1,0,2.0,2.0,"-0.545,26.258;-0.393,26.258;-0.222,26.260;-0.030,26.262;0.180,26.265;0.390,26.269;0.600,26.273;0.810,26.276;1.020,26.280;1.230,26.284;1.439,26.288;1.649,26.292;1.859,26.296;2.069,26.300;2.279,26.303;2.455,26.306",5.15,26.35,2.0,5.15,26.35,2.0,5.15,26.35,2.0,6.550261455905791,0.0,0.0,0,0,5,1,,,1,1,PASS_THROUGH,-1,0.9989332747886013,0.04617696958572118,0.0,0.9,0,0.9981326527943416,0.04613995980898067,0.04002888375355817,4.5,0.9,0,0,0,BYPASS_VISIBLE,1,0,1,1,1
1787562373407474688,1787562373424149248,joint_v2_000004_81a34ddb,1257,121,0.03333333333333333,4.033333333333333,16.674518585205078,frame_id_exact,1,,-0.4438415467739105,26.257417678833008,1.7707256078720093,-0.12146648953416017,0.13290825325571937,-0.7079122567595638,0.6829652442594298,1.6109578609466553,-0.01018662191927433,-0.12842334806919098,1.5515129897487765,0.04917835666622523,0.4496337233990276,-1.6084156551745563,-0.10431221127510071,depth/001257.png,1.0,0.009568201844194546,0.3540895443965223,-0.9351625762735226,1.5515129897487765,0.04917835666622523,0.4496337233990276,-0.10431221127510071,0.9976957935900759,0.054096681564080394,0.04094694733949252,4.5,0.9,1.9999999989999997,0.0,0.22927439212799072,0.12638005302815572,1.9999999989999997,0.0,0.22927439212799072,0.12638005302815572,direct,SAFE_PROGRESSING,NONE,DIRECT_LOCAL,PASS_THROUGH,0,6,0,0,0,0,1,1.9999999989999997,5.594607648138215,inf,0.0,0,0,0,CLEAR,none,nan,0.0,0.0,0,0,0,0,0.0,0,0,1,0,2.0,2.0,"-0.545,26.258;-0.393,26.258;-0.222,26.260;-0.030,26.262;0.180,26.265;0.390,26.269;0.600,26.273;0.810,26.276;1.020,26.280;1.230,26.284;1.439,26.288;1.649,26.292;1.859,26.296;2.069,26.300;2.279,26.303;2.455,26.306",5.15,26.35,2.0,5.15,26.35,2.0,5.15,26.35,2.0,6.535653942244368,0.0,0.0,0,0,5,1,,,0,1,PASS_THROUGH,-1,0.9981326527943416,0.04613995980898067,0.04002888375355817,0.9,0,0.9976957935900759,0.054096681564080394,0.04094694733949252,4.5,0.9,0,0,0,BYPASS_VISIBLE,1,0,1,1,1
1787562373448109312,1787562373462492416,joint_v2_000004_81a34ddb,1258,122,0.03333333333333333,4.066666666666666,14.383077621459961,frame_id_exact,1,,-0.3885503113269806,26.2569580078125,1.76531183719635,-0.10691484896725334,0.12582747219741272,-0.711557919562879,0.6829509421752533,1.7057743072509766,-0.0177841205149889,-0.19425104558467865,1.6757609322499827,0.05396332319344128,0.36963358698225757,-1.6151138950288932,-0.06605341285467148,depth/001258.png,1.0,0.019715766374470617,0.32510226235071515,-0.9454733246214375,1.6757609322499827,0.05396332319344128,0.36963358698225757,-0.06605341285467148,0.9972384348389299,0.061022186954059164,0.042329620590610705,4.5,0.9,1.9333333323999997,0.0,0.2346881628036499,0.1240698433031387,1.9333333323999997,0.0,0.2346881628036499,0.1240698433031387,direct,SAFE_PROGRESSING,NONE,DIRECT_LOCAL,PASS_THROUGH,0,5,0,0,0,0,1,1.9333333323999997,5.53933176145015,inf,0.0,0,0,0,CLEAR,none,nan,0.0,0.0,0,0,0,0,3.5016297070491382,0,0,1,0,2.0,1.0,"-0.389,26.257;-0.169,26.256;0.051,26.258;0.271,26.261;0.491,26.265;0.711,26.269;0.931,26.273;1.151,26.278;1.371,26.282;1.591,26.287;1.811,26.292;2.031,26.296;2.141,26.299",5.15,26.35,2.0,5.15,26.35,2.0,5.15,26.35,2.0,6.520420739000936,0.0,0.0,0,0,5,1,,,0,1,PASS_THROUGH,-1,0.9981326527943416,0.04613995980898067,0.04002888375355817,0.9,0,0.9972384348389299,0.061022186954059164,0.042329620590610705,4.5,0.9,0,0,0,BYPASS_VISIBLE,1,0,1,1,1
1787562373492375552,1787562373509216768,joint_v2_000004_81a34ddb,1259,123,0.03333333333333333,4.1,16.84117317199707,frame_id_exact,1,,-0.33018770813941956,26.256189346313477,1.7579710483551025,-0.08623767313250782,0.1117672896443581,-0.7155651419473136,0.6841327826731928,1.7945102453231812,-0.028738122433423996,-0.24292753636837006,1.7910224704882656,0.052162373324875284,0.26386414154275395,-1.6198882135552166,-0.028173556551337242,depth/001259.png,1.0,0.029509988119932884,0.27794959154167087,-0.9601422733964898,1.7910224704882656,0.052162373324875284,0.26386414154275395,-0.028173556551337242,0.9968376240840063,0.06609559129770408,0.04411489568796549,4.5,0.9,1.8666666657999997,0.0,0.24202895164489746,0.14408069300414011,1.8666666657999997,0.0,0.24202895164489746,0.14408069300414011,direct,SAFE_PROGRESSING,NONE,DIRECT_LOCAL,PASS_THROUGH,0,5,0,0,0,0,1,1.8666666657999997,5.480990581563471,inf,0.0,0,0,0,CLEAR,none,nan,0.0,0.0,0,0,0,0,0.0,0,0,1,0,2.0,1.0,"-0.389,26.257;-0.169,26.256;0.051,26.258;0.271,26.261;0.491,26.265;0.711,26.269;0.931,26.273;1.151,26.278;1.371,26.282;1.591,26.287;1.811,26.292;2.031,26.296;2.141,26.299",5.15,26.35,2.0,5.15,26.35,2.0,5.15,26.35,2.0,6.504604419379355,0.0,0.0,0,0,5,1,,,0,1,PASS_THROUGH,-1,0.9981326527943416,0.04613995980898067,0.04002888375355817,0.9,0,0.9968376240840063,0.06609559129770408,0.04411489568796549,4.5,0.9,0,0,0,BYPASS_VISIBLE,1,0,1,1,1
1787562373535213056,1787562373550740224,joint_v2_000004_81a34ddb,1260,124,0.03333333333333333,4.133333333333334,15.52724838256836,frame_id_exact,1,,-0.269051194190979,26.2550048828125,1.7493828535079956,-0.05849070122121319,0.08812301298265436,-0.719622779302692,0.6862625065980064,1.870830774307251,-0.0426165834069252,-0.26824936270713806,1.885905005698178,0.04347625755515165,0.12350629287889514,-1.6220987228093042,0.007173009682446718,depth/001260.png,1.0,0.03676855760454448,0.20711060551169957,-0.9776263449070194,1.885905005698178,0.04347625755515165,0.12350629287889514,0.007173009682446718,0.99656727534809,0.0687026981420872,0.04619096203026536,4.5,0.9,1.7999999991999998,0.0,0.2506171464920044,0.15683189472455722,1.7999999991999998,0.0,0.2506171464920044,0.15683189472455722,direct,SAFE_PROGRESSING,NONE,DIRECT_LOCAL,PASS_THROUGH,0,5,0,0,0,0,1,1.7999999991999998,5.41988375498517,inf,0.0,0,0,0,CLEAR,none,nan,0.0,0.0,0,0,0,0,0.0,0,0,1,0,2.0,1.0,"-0.389,26.257;-0.169,26.256;0.051,26.258;0.271,26.261;0.491,26.265;0.711,26.269;0.931,26.273;1.151,26.278;1.371,26.282;1.591,26.287;1.811,26.292;2.031,26.296;2.141,26.299",5.15,26.35,2.0,5.15,26.35,2.0,5.15,26.35,2.0,6.488328832986313,0.0,0.0,0,0,5,1,,,0,1,PASS_THROUGH,-1,0.9981326527943416,0.04613995980898067,0.04002888375355817,0.9,0,0.99656727534809,0.0687026981420872,0.04619096203026536,4.5,0.9,0,0,0,BYPASS_VISIBLE,1,0,1,1,1
1787562373577714176,1787562373593410304,joint_v2_000004_81a34ddb,1261,125,0.03333333333333333,4.166666666666667,15.696048736572266,frame_id_exact,1,,-0.20570388436317444,26.253326416015625,1.7404096126556396,-0.025452292595708092,0.05560607722542015,-0.7227757052609912,0.6883715747048973,1.9255118370056152,-0.05816560983657837,-0.26574158668518066,1.9439355637606892,0.029578135495921386,-0.04286398671794203,-1.6218523773144982,0.038262639194726944,depth/001261.png,1.0,0.03976268842290515,0.11542271283471514,-0.9925202899544462,1.9439355637606892,0.029578135495921386,-0.04286398671794203,0.038262639194726944,0.9964438016265643,0.06896874545421874,0.048405189292793874,4.5,0.9,1.7333333325999998,0.0,0.25959038734436035,0.11617590192358362,1.7333333325999998,0.0,0.25959038734436035,0.11617590192358362,direct,SAFE_PROGRESSING,NONE,DIRECT_LOCAL,PASS_THROUGH,0,5,0,0,0,0,1,1.7333333325999998,5.356576320638322,inf,0.0,0,0,0,CLEAR,none,nan,0.0,0.0,0,0,0,0,3.9594062038080766,0,0,1,0,2.0,1.0,"-0.206,26.253;0.014,26.249;0.234,26.249;0.454,26.251;0.674,26.255;0.894,26.259;1.114,26.265;1.334,26.270;1.554,26.276;1.774,26.282;1.994,26.288;2.214,26.294;2.324,26.297",5.15,26.35,2.0,5.15,26.35,2.0,5.15,26.35,2.0,6.47182507721701,0.0,0.0,0,0,5,1,,,0,1,PASS_THROUGH,-1,0.9981326527943416,0.04613995980898067,0.04002888375355817,0.9,0,0.9964438016265643,0.06896874545421874,0.048405189292793874,4.5,0.9,0,0,0,BYPASS_VISIBLE,1,0,1,1,1
1787562373621517056,1787562373638169088,joint_v2_000004_81a34ddb,1262,126,0.03333333333333333,4.2,16.65210723876953,frame_id_exact,1,,-0.14103448390960693,26.251131057739258,1.7319098711013794,0.008964813379673421,0.01782437044542998,-0.7240727213931846,0.689434999164939,1.9488314390182495,-0.07312554866075516,-0.24165384471416473,1.9531537186198595,0.013816847970760902,-0.21607302097111153,-1.6200490051675855,0.062404606491327286,depth/001262.png,1.0,0.0375598432875255,0.013450968621227513,-0.9992038478785834,1.9531537186198595,0.013816847970760902,-0.21607302097111153,0.062404606491327286,0.9964154003535884,0.06779744119622695,0.05059502846567408,4.5,0.9,1.6666666659999998,0.0,0.2680901288986206,0.12642175064309594,1.6666666659999998,0.0,0.2680901288986206,0.12642175064309594,direct,SAFE_PROGRESSING,NONE,DIRECT_LOCAL,PASS_THROUGH,0,5,0,0,0,0,1,1.6666666659999998,5.291958142092997,inf,0.0,0,0,0,CLEAR,none,nan,0.0,0.0,0,0,0,0,0.0,0,0,1,0,2.0,1.0,"-0.206,26.253;0.014,26.249;0.234,26.249;0.454,26.251;0.674,26.255;0.894,26.259;1.114,26.265;1.334,26.270;1.554,26.276;1.774,26.282;1.994,26.288;2.214,26.294;2.324,26.297",5.15,26.35,2.0,5.15,26.35,2.0,5.15,26.35,2.0,6.455429917024862,0.0,0.0,0,0,5,1,,,1,1,PASS_THROUGH,-1,0.997693194526906,0.06788438402679305,0.0,0.9,0,0.9964154003535884,0.06779744119622695,0.05059502846567408,4.5,0.9,0,0,0,BYPASS_VISIBLE,1,0,1,1,1
1787562373673167872,1787562373687761152,joint_v2_000004_81a34ddb,1263,127,0.03333333333333333,4.233333333333333,14.593124389648438,frame_id_exact,1,,-0.07618480920791626,26.24848175048828,1.7244166135787964,0.04060097487556967,-0.020718355504468936,-0.7232828952075686,0.689045835982267,1.936123013496399,-0.08502975851297379,-0.20694977045059204,1.913007185282877,0.00011650063249572448,-0.3728727479937249,-1.617970095720679,0.08009309321641922,depth/001263.png,1.0,0.030180188134994367,-0.08592232965608776,-0.9958446211686875,1.913007185282877,0.00011650063249572448,-0.3728727479937249,0.08009309321641922,0.996399484628887,0.06645474342908962,0.052648210862879456,4.5,0.9,1.5999999993999998,0.0,0.2755833864212036,0.13300293619793857,1.5999999993999998,0.0,0.2755833864212036,0.13300293619793857,direct,SAFE_PROGRESSING,NONE,DIRECT_LOCAL,PASS_THROUGH,0,5,0,0,0,0,1,1.5999999993999998,5.22717070842148,inf,0.0,0,0,0,CLEAR,none,nan,0.0,0.0,0,0,0,0,0.0,0,0,1,0,2.0,1.0,"-0.206,26.253;0.014,26.249;0.234,26.249;0.454,26.251;0.674,26.255;0.894,26.259;1.114,26.265;1.334,26.270;1.554,26.276;1.774,26.282;1.994,26.288;2.214,26.294;2.324,26.297",5.15,26.35,2.0,5.15,26.35,2.0,5.15,26.35,2.0,6.4395215452492325,0.0,0.0,0,0,5,1,,,0,1,PASS_THROUGH,-1,0.9964154003535884,0.06779744119622695,0.05059502846567408,0.9,0,0.996399484628887,0.06645474342908962,0.052648210862879456,4.5,0.9,0,0,0,BYPASS_VISIBLE,1,0,1,1,1
1787562373715498752,1787562373731144960,joint_v2_000004_81a34ddb,1264,128,0.03333333333333333,4.266666666666667,15.646219253540039,frame_id_exact,1,,-0.012345334514975548,26.245515823364258,1.7181432247161865,0.06645876564981673,-0.05620032593597312,-0.7209227635811561,0.6875282719885064,1.8888764381408691,-0.0919891819357872,-0.16953326761722565,1.8335633947181411,-0.008555235934576137,-0.49298054979250067,-1.616596425916424,0.0939340814948082,depth/001264.png,1.0,0.0185446480410157,-0.17241674918726213,-0.9848495116659862,1.8335633947181411,-0.008555235934576137,-0.49298054979250067,0.0939340814948082,0.9963370180019977,0.06589092460472844,0.05450626215051662,4.5,0.9,1.5333333327999998,0.0,0.2818567752838135,0.08556831004597021,1.5333333327999998,0.0,0.2818567752838135,0.08556831004597021,direct,SAFE_PROGRESSING,NONE,DIRECT_LOCAL,PASS_THROUGH,0,5,0,0,0,0,1,1.5333333327999998,5.163402588986819,inf,0.0,0,0,0,CLEAR,none,nan,0.0,0.0,0,0,0,0,3.7836418599598045,0,0,1,0,2.0,1.0,"-0.012,26.246;0.208,26.239;0.428,26.237;0.648,26.239;0.867,26.243;1.087,26.248;1.307,26.255;1.527,26.261;1.747,26.269;1.967,26.276;2.187,26.284;2.407,26.291;2.517,26.294",5.15,26.35,2.0,5.15,26.35,2.0,5.15,26.35,2.0,6.424458614625488,0.0,0.0,0,0,5,1,,,0,1,PASS_THROUGH,-1,0.9964154003535884,0.06779744119622695,0.05059502846567408,0.9,0,0.9963370180019977,0.06589092460472844,0.05450626215051662,4.5,0.9,0,0,0,BYPASS_VISIBLE,1,0,1,1,1
1787562373761297408,1787562373777520896,joint_v2_000004_81a34ddb,1265,129,0.03333333333333333,4.3,16.223430633544922,frame_id_exact,1,,0.049419667571783066,26.24241828918457,1.7130910158157349,0.0843367058791459,-0.08511177570257984,-0.7179602278977114,0.6856941131694764,1.8129196166992188,-0.09292139112949371,-0.13415665924549103,1.7312623286382613,-0.011066051747367177,-0.5620660305506324,-1.6162342023750111,0.10301025211811066,depth/001265.png,1.0,0.004379514024947961,-0.23787210525127805,-0.9712866113564164,1.7312623286382613,-0.011066051747367177,-0.5620660305506324,0.10301025211811066,0.9962137967426261,0.0663728645875448,0.056149034061904864,4.5,0.9,1.4666666661999999,0.0,0.28690898418426514,0.10430403138622917,1.4666666661999999,0.0,0.28690898418426514,0.10430403138622917,direct,SAFE_PROGRESSING,NONE,DIRECT_LOCAL,PASS_THROUGH,0,5,0,0,0,0,1,1.4666666661999999,5.101714765846433,inf,0.0,0,0,0,CLEAR,none,nan,0.0,0.0,0,0,0,0,0.0,0,0,1,0,2.0,1.0,"-0.012,26.246;0.208,26.239;0.428,26.237;0.648,26.239;0.867,26.243;1.087,26.248;1.307,26.255;1.527,26.261;1.747,26.269;1.967,26.276;2.187,26.284;2.407,26.291;2.517,26.294",5.15,26.35,2.0,5.15,26.35,2.0,5.15,26.35,2.0,6.410537525508963,0.0,0.0,0,0,5,1,,,0,1,PASS_THROUGH,-1,0.9964154003535884,0.06779744119622695,0.05059502846567408,0.9,0,0.9962137967426261,0.0663728645875448,0.056149034061904864,4.5,0.9,0,0,0,BYPASS_VISIBLE,1,0,1,1,1
1787562373806858752,1787562373822885888,joint_v2_000004_81a34ddb,1266,130,0.03333333333333333,4.333333333333333,16.027212142944336,frame_id_exact,1,,0.10829499363899231,26.23939323425293,1.7091624736785889,0.09271873593597077,-0.10422343539738024,-0.7155086766247984,0.6845349115969424,1.7171690464019775,-0.08771166205406189,-0.10204645991325378,1.6243506022172123,-0.008239642483275236,-0.5728818193401836,-1.6164448453036997,0.10805229097604752,depth/001266.png,1.0,-0.010007040176409465,-0.2760839680835594,-0.9610814230408077,1.6243506022172123,-0.008239642483275236,-0.5728818193401836,0.10805229097604752,0.9960619811052068,0.06741989890601738,0.0575767924451617,4.5,0.9,1.3999999995999999,0.0,0.29083752632141113,0.11673708676868179,1.3999999995999999,0.0,0.29083752632141113,0.11673708676868179,direct,SAFE_PROGRESSING,NONE,DIRECT_LOCAL,PASS_THROUGH,0,5,0,0,0,0,1,1.3999999995999999,5.042918126223613,inf,0.0,0,0,0,CLEAR,none,nan,0.0,0.0,0,0,0,0,0.0,0,0,1,0,2.0,1.0,"-0.012,26.246;0.208,26.239;0.428,26.237;0.648,26.239;0.867,26.243;1.087,26.248;1.307,26.255;1.527,26.261;1.747,26.269;1.967,26.276;2.187,26.284;2.407,26.291;2.517,26.294",5.15,26.35,2.0,5.15,26.35,2.0,5.15,26.35,2.0,6.397957828827486,0.0,0.0,0,0,5,1,,,0,1,PASS_THROUGH,-1,0.9964154003535884,0.06779744119622695,0.05059502846567408,0.9,0,0.9960619811052068,0.06741989890601738,0.0575767924451617,4.5,0.9,0,0,0,BYPASS_VISIBLE,1,0,1,1,1
1787562373852013824,1787562373869176064,joint_v2_000004_81a34ddb,1267,131,0.03333333333333333,4.366666666666666,17.162322998046875,frame_id_exact,1,,0.1637963503599167,26.236629486083984,1.7062668800354004,0.09143459843536324,-0.11159162180328439,-0.7143189761749245,0.6847885983489244,1.612322449684143,-0.07722745090723038,-0.07178441435098648,1.5268982823905264,-0.0023213814137853133,-0.528466658829118,-1.6162317375550572,0.11070899665355682,depth/001267.png,1.0,-0.022206403081680703,-0.28465076707874126,-0.9583740483045532,1.5268982823905264,-0.0023213814137853133,-0.528466658829118,0.11070899665355682,0.9959517059881099,0.0679977276910651,0.05879207742736238,4.5,0.9,1.333333333,0.0,0.2937331199645996,0.0995851109068429,1.333333333,0.0,0.2937331199645996,0.0995851109068429,direct,SAFE_PROGRESSING,NONE,DIRECT_LOCAL,PASS_THROUGH,0,5,0,0,0,0,1,1.333333333,4.987492326721884,inf,0.0,0,0,0,CLEAR,none,nan,0.0,0.0,0,0,0,0,3.9057578230800356,0,0,1,0,2.0,1.0,"0.164,26.237;0.384,26.231;0.604,26.231;0.824,26.234;1.044,26.239;1.264,26.245;1.483,26.252;1.703,26.259;1.923,26.266;2.143,26.274;2.363,26.281;2.583,26.288;2.693,26.292",5.15,26.35,2.0,5.15,26.35,2.0,5.15,26.35,2.0,6.386813683457754,0.0,0.0,0,0,5,1,,,0,1,PASS_THROUGH,-1,0.9964154003535884,0.06779744119622695,0.05059502846567408,0.9,0,0.9959517059881099,0.0679977276910651,0.05879207742736238,4.5,0.9,0,0,0,BYPASS_VISIBLE,1,0,1,1,1
1787562373902462464,1787562373918434304,joint_v2_000004_81a34ddb,1268,132,0.03333333333333333,4.4,15.971899032592773,frame_id_exact,1,,0.21580320596694946,26.234281539916992,1.7043832540512085,0.08198849383817024,-0.10730539168778942,-0.7144388782550706,0.6865424451776561,1.509211778640747,-0.06316649913787842,-0.04089188575744629,1.4452516415514067,0.0043738209200349385,-0.44114726340036026,-1.6147051557546297,0.10994584113359451,depth/001268.png,1.0,-0.030187876845031936,-0.26590344940847166,-0.9635268795857568,1.4452516415514067,0.0043738209200349385,-0.44114726340036026,0.10994584113359451,0.9959475249532226,0.06718554501631953,0.05978821021246682,4.5,0.9,1.2666666664,0.0,0.2956167459487915,0.10515270736196201,1.2666666664,0.0,0.2956167459487915,0.10515270736196201,direct,SAFE_PROGRESSING,NONE,DIRECT_LOCAL,PASS_THROUGH,0,5,0,0,0,0,1,1.2666666664,4.935553541827909,inf,0.0,0,0,0,CLEAR,none,nan,0.0,0.0,0,0,0,0,0.0,0,0,1,0,2.0,1.0,"0.164,26.237;0.384,26.231;0.604,26.231;0.824,26.234;1.044,26.239;1.264,26.245;1.483,26.252;1.703,26.259;1.923,26.266;2.143,26.274;2.363,26.281;2.583,26.288;2.693,26.292",5.15,26.35,2.0,5.15,26.35,2.0,5.15,26.35,2.0,6.377077174174671,0.0,0.0,0,0,5,1,,,1,1,PASS_THROUGH,-1,0.9977323835286752,0.06730594964925887,0.0,0.9,0,0.9959475249532226,0.06718554501631953,0.05978821021246682,4.5,0.9,0,0,0,BYPASS_VISIBLE,1,0,1,1,1
1787562373950704896,1787562373965346560,joint_v2_000004_81a34ddb,1269,133,0.03333333333333333,4.433333333333334,14.641761779785156,frame_id_exact,1,,0.2645326256752014,26.232433319091797,1.70357084274292,0.06734818596195616,-0.09360383607559365,-0.7152932654926575,0.6892445778244598,1.4169578552246094,-0.047737967222929,-0.007272881921380758,1.3791850414108664,0.01039430660764445,-0.3283929837061043,-1.6116417676663954,0.10594215989112854,depth/001269.png,1.0,-0.03268446523387622,-0.22674713113948497,-0.9734050874391343,1.3791850414108664,0.01039430660764445,-0.3283929837061043,0.10594215989112854,0.9960636052273525,0.06474081283806193,0.060546853713103976,4.5,0.9,1.1999999998,0.0,0.2964291572570801,0.11362516337787215,1.1999999998,0.0,0.2964291572570801,0.11362516337787215,direct,SAFE_PROGRESSING,NONE,DIRECT_LOCAL,PASS_THROUGH,0,5,0,0,0,0,1,1.1999999998,4.886881765507717,inf,0.0,0,0,0,CLEAR,none,nan,0.0,0.0,0,0,0,0,0.0,0,0,1,0,2.0,1.0,"0.164,26.237;0.384,26.231;0.604,26.231;0.824,26.234;1.044,26.239;1.264,26.245;1.483,26.252;1.703,26.259;1.923,26.266;2.143,26.274;2.363,26.281;2.583,26.288;2.693,26.292",5.15,26.35,2.0,5.15,26.35,2.0,5.15,26.35,2.0,6.368613381265951,0.0,0.0,0,0,5,1,,,0,1,PASS_THROUGH,-1,0.9959475249532226,0.06718554501631953,0.05978821021246682,0.9,0,0.9960636052273525,0.06474081283806193,0.060546853713103976,4.5,0.9,0,0,0,BYPASS_VISIBLE,1,0,1,1,1
1787562373992760576,1787562374008385536,joint_v2_000004_81a34ddb,1270,134,0.03333333333333333,4.466666666666667,15.624761581420898,frame_id_exact,1,,0.31045404076576233,26.231088638305664,1.703938603401184,0.05133805313780306,-0.07439186911006032,-0.7160955559590331,0.6921252840678883,1.3413628339767456,-0.033246248960494995,0.02998545579612255,1.325739375770086,0.015073720084999185,-0.20843844054999405,-1.607474447468248,0.10080969333648682,depth/001270.png,1.0,-0.02945108367314439,-0.17760810296138912,-0.9836605082206635,1.325739375770086,0.015073720084999185,-0.20843844054999405,0.10080969333648682,0.9962638127363909,0.06109152734785009,0.06104294159242414,4.5,0.9,1.2666666664,0.0,0.2960613965988159,0.11168292200691837,1.2666666664,0.0,0.2960613965988159,0.11168292200691837,direct,SAFE_PROGRESSING,NONE,DIRECT_LOCAL,PASS_THROUGH,0,5,0,0,0,0,1,1.2666666664,4.841006610559465,inf,0.0,0,0,0,CLEAR,none,nan,0.0,0.0,0,0,0,0,3.5090196245925585,0,0,1,0,2.0,2.0,"0.310,26.231;0.455,26.230;0.619,26.231;0.803,26.234;1.007,26.238;1.217,26.243;1.427,26.249;1.637,26.255;1.847,26.261;2.057,26.268;2.267,26.274;2.476,26.281;2.686,26.287;2.896,26.294;3.106,26.299;3.310,26.305",5.15,26.35,2.0,5.15,26.35,2.0,5.15,26.35,2.0,6.361218775479579,0.0,0.0,0,0,5,1,,,0,1,PASS_THROUGH,-1,0.9959475249532226,0.06718554501631953,0.05978821021246682,0.9,0,0.9962638127363909,0.06109152734785009,0.06104294159242414,4.5,0.9,0,0,0,BYPASS_VISIBLE,1,0,1,1,1
1787562374042501888,1787562374060251392,joint_v2_000004_81a34ddb,1271,135,0.03333333333333333,4.5,17.749547958374023,frame_id_exact,1,,0.3541634976863861,26.23018455505371,1.7056080102920532,0.03619018532877688,-0.05272276655402681,-0.7164320640584758,0.6947198557416294,1.2844910621643066,-0.021707799285650253,0.06979986280202866,1.283146989038905,0.0180586474533898,-0.09202297511786352,-1.6029183901616497,0.0969800129532814,depth/001271.png,1.0,-0.021399487201917436,-0.12582864159209062,-0.9918211607455167,1.283146989038905,0.0180586474533898,-0.09202297511786352,0.0969800129532814,0.9964957156998973,0.056961913925305765,0.061250542476910266,4.5,0.9,1.333333333,0.0,0.2943919897079468,0.1059264142657633,1.333333333,0.0,0.2943919897079468,0.1059264142657633,direct,SAFE_PROGRESSING,NONE,DIRECT_LOCAL,PASS_THROUGH,0,6,0,0,0,0,1,1.333333333,4.7973329567345395,inf,0.0,0,0,0,CLEAR,none,nan,0.0,0.0,0,0,0,0,0.0,0,0,1,0,2.0,2.0,"0.310,26.231;0.455,26.230;0.619,26.231;0.803,26.234;1.007,26.238;1.217,26.243;1.427,26.249;1.637,26.255;1.847,26.261;2.057,26.268;2.267,26.274;2.476,26.281;2.686,26.287;2.896,26.294;3.106,26.299;3.310,26.305",5.15,26.35,2.0,5.15,26.35,2.0,5.15,26.35,2.0,6.3546348302801645,0.0,0.0,0,0,5,1,,,0,1,PASS_THROUGH,-1,0.9959475249532226,0.06718554501631953,0.05978821021246682,0.9,0,0.9964957156998973,0.056961913925305765,0.061250542476910266,4.5,0.9,0,0,0,BYPASS_VISIBLE,1,0,1,1,1
1787562374088197376,1787562374103825408,joint_v2_000004_81a34ddb,1272,136,0.03333333333333333,4.533333333333333,15.627861022949219,frame_id_exact,1,,0.3963148891925812,26.22959327697754,1.708579659461975,0.01954590260571123,-0.027631199618338112,-0.7163562320031299,0.6969133542767405,1.2482516765594482,-0.014583749696612358,0.10764914005994797,1.2525910853931521,0.019067012349202873,0.024192829061811943,-1.5986609397952354,0.09436728805303574,depth/001272.png,1.0,-0.010509445733957498,-0.06683116518326342,-0.9977089489979593,1.2525910853931521,0.019067012349202873,0.024192829061811943,0.09436728805303574,0.9967158645924085,0.05306370225515873,0.061169672001600145,4.5,0.9,1.3999999995999999,0.0,0.2914203405380249,0.10590900344221998,1.3999999995999999,0.0,0.2914203405380249,0.10590900344221998,direct,SAFE_PROGRESSING,NONE,DIRECT_LOCAL,PASS_THROUGH,0,6,0,0,0,0,1,1.3999999995999999,4.7552097652639,inf,0.0,0,0,0,CLEAR,none,nan,0.0,0.0,0,0,0,0,0.0,0,0,1,0,2.0,2.0,"0.310,26.231;0.455,26.230;0.619,26.231;0.803,26.234;1.007,26.238;1.217,26.243;1.427,26.249;1.637,26.255;1.847,26.261;2.057,26.268;2.267,26.274;2.476,26.281;2.686,26.287;2.896,26.294;3.106,26.299;3.310,26.305",5.15,26.35,2.0,5.15,26.35,2.0,5.15,26.35,2.0,6.348583256341883,0.0,0.0,0,0,5,1,,,0,1,PASS_THROUGH,-1,0.9959475249532226,0.06718554501631953,0.05978821021246682,0.9,0,0.9967158645924085,0.05306370225515873,0.061169672001600145,4.5,0.9,0,0,0,BYPASS_VISIBLE,1,0,1,1,1
1787562374138951424,1787562374154532608,joint_v2_000004_81a34ddb,1273,137,0.03333333333333333,4.566666666666666,15.581130981445312,frame_id_exact,1,,0.43764010071754456,26.22916030883789,1.7127174139022827,-0.00010175909836725518,0.0007260410497652584,-0.71566645646564,0.6984418269257607,1.2353249788284302,-0.012371563352644444,0.13907960057258606,1.2350946582695566,0.01784296450611759,0.14052333587102722,-1.5951567533717956,0.09276527911424637,depth/001273.png,1.0,0.0008685437277590245,0.0011813520718080795,-0.9999989250189599,1.2350946582695566,0.01784296450611759,0.14052333587102722,0.09276527911424637,0.9969007731411144,0.049884564220360215,0.060830738637579,4.5,0.9,1.4666666661999999,0.0,0.2872825860977173,0.09722275325635904,1.4666666661999999,0.0,0.2872825860977173,0.09722275325635904,direct,SAFE_PROGRESSING,NONE,DIRECT_LOCAL,PASS_THROUGH,0,6,0,0,0,0,1,1.4666666661999999,4.7139089990500995,inf,0.0,0,0,0,CLEAR,none,nan,0.0,0.0,0,0,0,0,2.864671245009161,0,0,1,0,2.0,2.0,"0.438,26.229;0.725,26.231;1.092,26.239;1.512,26.250;1.931,26.262;2.351,26.275;2.771,26.287;3.191,26.299;3.437,26.306",5.15,26.35,2.0,5.15,26.35,2.0,5.15,26.35,2.0,6.342788117635499,0.0,0.0,0,0,5,1,,,0,1,PASS_THROUGH,-1,0.9959475249532226,0.06718554501631953,0.05978821021246682,0.9,0,0.9969007731411144,0.049884564220360215,0.060830738637579,4.5,0.9,0,0,0,BYPASS_VISIBLE,1,0,1,1,1
1787562374181207296,1787562374195644160,joint_v2_000004_81a34ddb,1274,138,0.03333333333333333,4.6,14.436960220336914,frame_id_exact,1,,0.47894951701164246,26.22872543334961,1.7176958322525024,-0.02278565752941496,0.03076552022232241,-0.7140507360286725,0.6990463811173856,1.2474135160446167,-0.014547344297170639,0.15714558959007263,1.2319471706829086,0.014084096239524887,0.25110684666889826,-1.5924291420366323,0.09173483401536942,depth/001274.png,1.0,0.010472820089664422,0.07579274759274393,-0.9970685931528042,1.2319471706829086,0.014084096239524887,0.25110684666889826,0.09173483401536942,0.9970497677194003,0.04748545399587083,0.060306652613919196,4.5,0.9,1.5333333327999998,0.0,0.28230416774749756,0.09503506495290887,1.5333333327999998,0.0,0.28230416774749756,0.09503506495290887,direct,SAFE_PROGRESSING,NONE,DIRECT_LOCAL,PASS_THROUGH,0,6,0,0,0,0,1,1.5333333327999998,4.672624544636773,inf,0.0,0,0,0,CLEAR,none,nan,0.0,0.0,0,0,0,0,0.0,0,0,1,0,2.0,2.0,"0.438,26.229;0.725,26.231;1.092,26.239;1.512,26.250;1.931,26.262;2.351,26.275;2.771,26.287;3.191,26.299;3.437,26.306",5.15,26.35,2.0,5.15,26.35,2.0,5.15,26.35,2.0,6.3370192983049245,0.0,0.0,0,0,5,1,,,1,1,PASS_THROUGH,-1,0.9988678095781285,0.047572039987704186,0.0,0.9,0,0.9970497677194003,0.04748545399587083,0.060306652613919196,4.5,0.9,0,0,0,BYPASS_VISIBLE,1,0,1,1,1
1787562374223764224,1787562374239261184,joint_v2_000004_81a34ddb,1275,139,0.03333333333333333,4.633333333333334,15.496969223022461,frame_id_exact,1,,0.5210721492767334,26.22815704345703,1.722993016242981,-0.04724572741959705,0.059881852933939224,-0.7113549993487613,0.6986816655897842,1.2838119268417358,-0.019738251343369484,0.1577686071395874,1.2453414800636224,0.007544313802823573,0.35003039414905185,-1.5900236588631118,0.09083757549524307,depth/001275.png,1.0,0.016459736697375882,0.15121395796069992,-0.9883640098595824,1.2453414800636224,0.007544313802823573,0.35003039414905185,0.09083757549524307,0.9971803933116042,0.04544633572089663,0.05971510499411183,4.5,0.9,1.5999999993999998,0.0,0.27700698375701904,0.09811450960966545,1.5999999993999998,0.0,0.27700698375701904,0.09811450960966545,direct,SAFE_PROGRESSING,NONE,DIRECT_LOCAL,PASS_THROUGH,0,6,0,0,0,0,1,1.5999999993999998,4.630531152390691,inf,0.0,0,0,0,CLEAR,none,nan,0.0,0.0,0,0,0,0,0.0,0,0,1,0,2.0,2.0,"0.438,26.229;0.725,26.231;1.092,26.239;1.512,26.250;1.931,26.262;2.351,26.275;2.771,26.287;3.191,26.299;3.437,26.306",5.15,26.35,2.0,5.15,26.35,2.0,5.15,26.35,2.0,6.331145161657906,0.0,0.0,0,0,5,1,,,0,1,PASS_THROUGH,-1,0.9970497677194003,0.04748545399587083,0.060306652613919196,0.9,0,0.9971803933116042,0.04544633572089663,0.05971510499411183,4.5,0.9,0,0,0,BYPASS_VISIBLE,1,0,1,1,1
1787562374267652096,1787562374283479040,joint_v2_000004_81a34ddb,1276,140,0.03333333333333333,4.666666666666667,15.826940536499023,frame_id_exact,1,,0.564771294593811,26.227394104003906,1.727992057800293,-0.0711582913283907,0.08486913546418655,-0.7077975366718805,0.6976792776785072,1.341273546218872,-0.026144251227378845,0.1390872597694397,1.278279235127531,-0.0017324255690481022,0.43016590896116336,-1.5871598641011893,0.08983103930950165,depth/001276.png,1.0,0.017691547623676154,0.21943166063170355,-0.9754674548415708,1.278279235127531,-0.0017324255690481022,0.43016590896116336,0.08983103930950165,0.9973194109857968,0.04300759232171741,0.05919746171612669,4.5,0.9,1.6666666659999998,0.0,0.27200794219970703,0.06894199933601611,1.6666666659999998,0.0,0.27200794219970703,0.06894199933601611,direct,SAFE_PROGRESSING,NONE,DIRECT_LOCAL,PASS_THROUGH,0,6,0,0,0,0,1,1.6666666659999998,4.586867611629305,inf,0.0,0,0,0,CLEAR,none,nan,0.0,0.0,0,0,0,0,2.469246810650223,0,0,1,0,2.0,2.0,"0.565,26.227;0.709,26.227;0.873,26.228;1.057,26.232;1.261,26.236;1.471,26.242;1.681,26.248;1.891,26.255;2.101,26.262;2.311,26.268;2.521,26.275;2.731,26.282;2.940,26.289;3.150,26.296;3.360,26.302;3.564,26.308",5.15,26.35,2.0,5.15,26.35,2.0,5.15,26.35,2.0,6.325117986786224,0.0,0.0,0,0,5,1,,,0,1,PASS_THROUGH,-1,0.9970497677194003,0.04748545399587083,0.060306652613919196,0.9,0,0.9973194109857968,0.04300759232171741,0.05919746171612669,4.5,0.9,0,0,0,BYPASS_VISIBLE,1,0,1,1,1
1787562374311877120,1787562374328648192,joint_v2_000004_81a34ddb,1277,141,0.03333333333333333,4.7,16.77107810974121,frame_id_exact,1,,0.6106646060943604,26.226423263549805,1.7320505380630493,-0.09168009973603615,0.10262488336686253,-0.7040106069864411,0.6967294725192205,1.4144855737686157,-0.03194756805896759,0.10171177983283997,1.333574305685042,-0.013092235138957726,0.483263423255786,-1.5831234355004111,0.086760513484478,depth/001277.png,1.0,0.013916036383592761,0.2722504679212312,-0.9621257852526567,1.333574305685042,-0.013092235138957726,0.483263423255786,0.086760513484478,0.9974832488211781,0.03946496776983078,0.05890402906486102,4.5,0.9,1.7333333325999998,0.0,0.2679494619369507,0.06555285326589685,1.7333333325999998,0.0,0.2679494619369507,0.06555285326589685,direct,SAFE_PROGRESSING,NONE,DIRECT_LOCAL,PASS_THROUGH,0,6,0,0,0,0,1,1.7333333325999998,4.541017179901013,inf,0.0,0,0,0,CLEAR,none,nan,0.0,0.0,0,0,0,0,0.0,0,0,1,0,2.0,2.0,"0.565,26.227;0.709,26.227;0.873,26.228;1.057,26.232;1.261,26.236;1.471,26.242;1.681,26.248;1.891,26.255;2.101,26.262;2.311,26.268;2.521,26.275;2.731,26.282;2.940,26.289;3.150,26.296;3.360,26.302;3.564,26.308",5.15,26.35,2.0,5.15,26.35,2.0,5.15,26.35,2.0,6.318985427421599,0.0,0.0,0,0,5,1,,,0,1,PASS_THROUGH,-1,0.9970497677194003,0.04748545399587083,0.060306652613919196,0.9,0,0.9974832488211781,0.03946496776983078,0.05890402906486102,4.5,0.9,0,0,0,BYPASS_VISIBLE,1,0,1,1,1
1787562374355367168,1787562374370382592,joint_v2_000004_81a34ddb,1278,142,0.03333333333333333,4.733333333333333,15.015363693237305,frame_id_exact,1,,0.6591758728027344,26.22528839111328,1.7346041202545166,-0.10616516475407366,0.1109702518233065,-0.7008212714163905,0.6966090054925549,1.497355341911316,-0.03565230220556259,0.04978663846850395,1.4117965966753951,-0.024985849790003716,0.5020247931118023,-1.5777262013455853,0.08106885105371475,depth/001278.png,1.0,0.005800142037622885,0.30345184561899036,-0.9528291220060247,1.4117965966753951,-0.024985849790003716,0.5020247931118023,0.08106885105371475,0.9976589536139882,0.034625730956302045,0.05897178163820206,4.492555433916002,0.8985110867832005,1.6666666659999998,0.0,0.2653958797454834,-0.020176119764545475,1.6666666659999998,0.0,0.2653958797454834,-0.020176119764545475,goal_capture,TERMINAL_SETTLING,NONE,DIRECT_LOCAL,PASS_THROUGH,0,6,0,0,0,0,1,1.6666666659999998,4.492555433916002,inf,0.0,0,0,0,CLEAR,none,nan,0.0,0.0,0,0,0,0,1.987765684783523,0,0,1,1,0.0,0.6,"0.659,26.225;0.999,26.218;1.408,26.217;1.828,26.228;2.248,26.247;2.667,26.269;3.087,26.288;3.507,26.303;3.926,26.316;4.346,26.328;4.702,26.338;4.966,26.345;5.131,26.349;5.150,26.350",5.15,26.35,2.0,5.15,26.35,2.0,5.15,26.35,2.0,6.312869910527947,0.0,0.0,0,0,5,1,,,0,1,PASS_THROUGH,-1,0.9970497677194003,0.04748545399587083,0.060306652613919196,0.9,0,0.9976589536139882,0.034625730956302045,0.05897178163820206,4.5,0.9,0,0,0,BYPASS_VISIBLE,1,0,1,1,1
1787562374400729088,1787562374416320768,joint_v2_000004_81a34ddb,1279,143,0.03333333333333333,4.766666666666667,15.591621398925781,frame_id_exact,1,,0.7105399966239929,26.224075317382812,1.7353192567825317,-0.11083846678868783,0.10763895983629387,-0.699175544344818,0.6980560484627443,1.5846633911132812,-0.03628010302782059,-0.006903976202011108,1.5112112578430723,-0.034876122563233115,0.4770179914228241,-1.5716615114891186,0.06986657530069351,depth/001279.png,1.0,-0.004715036774725012,0.3052599809608626,-0.9522573772105873,1.5112112578430723,-0.034876122563233115,0.4770179914228241,0.06986657530069351,0.9978026820991522,0.02916653773357637,0.059490509094934564,4.441245562594748,0.8882491125189496,1.5999999993999998,0.0,0.26468074321746826,-0.03468336298354249,1.5999999993999998,0.0,0.26468074321746826,-0.03468336298354249,goal_capture,TERMINAL_SETTLING,NONE,DIRECT_LOCAL,PASS_THROUGH,0,6,0,0,0,0,1,1.5999999993999998,4.441245562594748,inf,0.0,0,0,0,CLEAR,none,nan,0.0,0.0,0,0,0,0,1.674322822648003,0,0,1,1,0.0,0.6,"0.711,26.224;1.067,26.217;1.486,26.216;1.906,26.228;2.325,26.249;2.745,26.272;3.164,26.290;3.584,26.305;4.004,26.318;4.417,26.329;4.757,26.339;5.004,26.346;5.149,26.350;5.150,26.350",5.15,26.35,2.0,5.15,26.35,2.0,5.15,26.35,2.0,6.306958131450637,0.0,0.0,0,0,5,1,,,0,1,PASS_THROUGH,-1,0.9970497677194003,0.04748545399587083,0.060306652613919196,0.9,0,0.9978026820991522,0.02916653773357637,0.059490509094934564,4.449125536900222,0.8898251073800443,0,0,0,BYPASS_VISIBLE,1,0,1,1,1
1787562374444868096,1787562374460483840,joint_v2_000004_81a34ddb,1280,144,0.03333333333333333,4.8,15.615701675415039,frame_id_exact,1,,0.7647681832313538,26.222904205322266,1.7341651916503906,-0.09984710828322099,0.08892490833411958,-0.6999344178980125,0.701580163835194,1.667468547821045,-0.03352364897727966,-0.06076610088348389,1.624113576326581,-0.03989232666981052,0.38200969293240294,-1.5664274789362154,0.051542285829782486,depth/001280.png,1.0,-0.014996951713869791,0.2645847090785773,-0.9642458312904943,1.624113576326581,-0.03989232666981052,0.38200969293240294,0.051542285829782486,0.9978670103557432,0.024558199261597212,0.060484084623303326,4.387073218881218,0.8774146437762436,1.5333333327999998,0.0,0.2658348083496094,-0.04606540088512013,1.5333333327999998,0.0,0.2658348083496094,-0.04606540088512013,goal_capture,TERMINAL_SETTLING,NONE,DIRECT_LOCAL,PASS_THROUGH,0,6,0,0,0,0,1,1.5333333327999998,4.387073218881218,inf,0.0,0,0,0,CLEAR,none,nan,0.0,0.0,0,0,0,0,0.0,0,0,1,1,0.0,0.6,"0.711,26.224;1.067,26.217;1.486,26.216;1.906,26.228;2.325,26.249;2.745,26.272;3.164,26.290;3.584,26.305;4.004,26.318;4.417,26.329;4.757,26.339;5.004,26.346;5.149,26.350;5.150,26.350",5.15,26.35,2.0,5.15,26.35,2.0,5.15,26.35,2.0,6.301448773136712,0.0,0.0,0,0,5,1,,,1,1,PASS_THROUGH,-1,0.9996972943813969,0.024603243820983233,0.0,0.8774146437762436,0,0.9978670103557432,0.024558199261597212,0.060484084623303326,4.395119972555366,0.8790239945110733,0,0,0,BYPASS_VISIBLE,1,0,1,1,1
1787562374492800768,1787562374509542912,joint_v2_000004_81a34ddb,1281,145,0.03333333333333333,4.833333333333333,16.742229461669922,frame_id_exact,1,,0.8215453028678894,26.221878051757812,1.7314660549163818,-0.07294086682195831,0.055938527192006954,-0.7021335928625076,0.706087054758007,1.7357598543167114,-0.027541641145944595,-0.09725585579872131,1.7244665102218173,-0.0387212640869612,0.21862166903722002,-1.5630355198725476,0.030741527676582336,depth/001281.png,1.0,-0.023433525951404785,0.181557841805147,-0.9831010222457008,1.7244665102218173,-0.0387212640869612,0.21862166903722002,0.030741527676582336,0.9978449613976441,0.021786896674819443,0.06189316720458928,4.330350482206539,0.8660700964413077,1.4666666661999999,0.0,0.26853394508361816,-0.040916072622445156,1.4666666661999999,0.0,0.26853394508361816,-0.040916072622445156,goal_capture,TERMINAL_SETTLING,NONE,DIRECT_LOCAL,PASS_THROUGH,0,6,0,0,0,0,1,1.4666666661999999,4.330350482206539,inf,0.0,0,0,0,CLEAR,none,nan,0.0,0.0,0,0,0,0,0.0,0,0,1,1,0.0,0.6,"0.711,26.224;1.067,26.217;1.486,26.216;1.906,26.228;2.325,26.249;2.745,26.272;3.164,26.290;3.584,26.305;4.004,26.318;4.417,26.329;4.757,26.339;5.004,26.346;5.149,26.350;5.150,26.350",5.15,26.35,2.0,5.15,26.35,2.0,5.15,26.35,2.0,6.296558861336246,0.0,0.0,0,0,5,1,,,0,1,PASS_THROUGH,-1,0.9978670103557432,0.024558199261597212,0.060484084623303326,0.8774146437762436,0,0.9978449613976441,0.021786896674819443,0.06189316720458928,4.338668664280389,0.8677337328560778,0,0,0,BYPASS_VISIBLE,1,0,1,1,1
1787562374536620032,1787562374552593408,joint_v2_000004_81a34ddb,1282,146,0.03333333333333333,4.866666666666666,15.973329544067383,frame_id_exact,1,,0.8801957964897156,26.221101760864258,1.7280136346817017,-0.03497320758060396,0.014420137430651576,-0.7037064430867124,0.7094830345725349,1.7777990102767944,-0.01881554163992405,-0.10531885921955109,1.7806318757971942,-0.03209570080001303,0.01831383468265979,-1.5616137962070278,0.011429917067289352,depth/001282.png,1.0,-0.02876005729325676,0.06992088212633493,-0.9971378687760102,1.7806318757971942,-0.03209570080001303,0.01831383468265979,0.011429917067289352,0.9977591713272523,0.020952658662142746,0.06354228613563002,4.271749371436297,0.8543498742872593,1.3999999995999999,0.0,0.27198636531829834,-0.038591301759540036,1.3999999995999999,0.0,0.27198636531829834,-0.038591301759540036,goal_capture,TERMINAL_SETTLING,NONE,DIRECT_LOCAL,PASS_THROUGH,0,6,0,0,0,0,1,1.3999999995999999,4.271749371436297,inf,0.0,0,0,0,CLEAR,none,nan,0.0,0.0,0,0,0,0,1.2030182468208155,0,0,1,1,0.0,0.6,"0.880,26.221;1.276,26.218;1.696,26.219;2.116,26.233;2.535,26.256;2.954,26.279;3.374,26.296;3.794,26.310;4.213,26.322;4.598,26.333;4.892,26.342;5.090,26.348;5.150,26.350",5.15,26.35,2.0,5.15,26.35,2.0,5.15,26.35,2.0,6.292473555316169,0.0,0.0,0,0,5,1,,,0,1,PASS_THROUGH,-1,0.9978670103557432,0.024558199261597212,0.060484084623303326,0.8774146437762436,0,0.9977591713272523,0.020952658662142746,0.06354228613563002,4.280399429409066,0.8560798858818132,0,0,0,BYPASS_VISIBLE,1,0,1,1,1
1787562374588064768,1787562374603762688,joint_v2_000004_81a34ddb,1283,147,0.03333333333333333,4.9,15.697956085205078,frame_id_exact,1,,0.9396470785140991,26.22064781188965,1.7247294187545776,0.007053668003664594,-0.028252113098430745,-0.7032310306372419,0.7103648227650707,1.7824430465698242,-0.008537235669791698,-0.08870087563991547,1.7756245638595318,-0.022493269657664294,-0.17803203373562487,-1.5614560543650555,-0.00470731733366847,depth/001283.png,1.0,-0.030217898187831,-0.04975688046631244,-0.9983041277463351,1.7756245638595318,-0.022493269657664294,-0.17803203373562487,-0.00470731733366847,0.9976436966739485,0.021325364029940425,0.06520953408612395,4.2123394583098115,0.8424678916619623,1.333333333,0.0,0.27527058124542236,-0.038605784612959236,1.333333333,0.0,0.27527058124542236,-0.038605784612959236,goal_capture,TERMINAL_SETTLING,NONE,DIRECT_LOCAL,PASS_THROUGH,0,6,0,0,0,0,1,1.333333333,4.2123394583098115,inf,0.0,0,0,0,CLEAR,none,nan,0.0,0.0,0,0,0,0,0.0,0,0,1,1,0.0,0.6,"0.880,26.221;1.276,26.218;1.696,26.219;2.116,26.233;2.535,26.256;2.954,26.279;3.374,26.296;3.794,26.310;4.213,26.322;4.598,26.333;4.892,26.342;5.090,26.348;5.150,26.350",5.15,26.35,2.0,5.15,26.35,2.0,5.15,26.35,2.0,6.28928911689157,0.0,0.0,0,0,5,1,,,0,1,PASS_THROUGH,-1,0.9978670103557432,0.024558199261597212,0.060484084623303326,0.8774146437762436,0,0.9976436966739485,0.021325364029940425,0.06520953408612395,4.221324153027458,0.8442648306054916,0,0,0,BYPASS_VISIBLE,1,0,1,1,1
1787562374635692544,1787562374652476672,joint_v2_000004_81a34ddb,1284,148,0.03333333333333333,4.933333333333334,16.784191131591797,frame_id_exact,1,,0.9985641241073608,26.22052574157715,1.7222305536270142,0.046789315445970044,-0.06577481189305957,-0.7007465995444052,0.7088290607103263,1.7458915710449219,0.0015615487936884165,-0.06024128198623657,1.7141279091276158,-0.01293170626421026,-0.3367003273811473,-1.5615368941848655,-0.01794353313744068,depth/001284.png,1.0,-0.02767128887756358,-0.15851420457716103,-0.9869688681610602,1.7141279091276158,-0.01293170626421026,-0.3367003273811473,-0.01794353313744068,0.9975315641893828,0.02186768509379215,0.06672767637586388,4.153454395469226,0.8306908790938452,1.2666666664,0.0,0.27776944637298584,-0.02836869670142901,1.2666666664,0.0,0.27776944637298584,-0.02836869670142901,goal_capture,TERMINAL_SETTLING,NONE,DIRECT_LOCAL,PASS_THROUGH,0,6,0,0,0,0,1,1.2666666664,4.153454395469226,inf,0.0,0,0,0,CLEAR,none,nan,0.0,0.0,0,0,0,0,0.0,0,0,1,1,0.0,0.6,"0.880,26.221;1.276,26.218;1.696,26.219;2.116,26.233;2.535,26.256;2.954,26.279;3.374,26.296;3.794,26.310;4.213,26.322;4.598,26.333;4.892,26.342;5.090,26.348;5.150,26.350",5.15,26.35,2.0,5.15,26.35,2.0,5.15,26.35,2.0,6.287029725705828,0.0,0.0,0,0,5,1,,,0,1,PASS_THROUGH,-1,0.9978670103557432,0.024558199261597212,0.060484084623303326,0.8774146437762436,0,0.9975315641893828,0.02186768509379215,0.06672767637586388,4.162732189389679,0.8325464378779358,0,0,0,BYPASS_VISIBLE,1,0,1,1,1
1787562374683234816,1787562374697922304,joint_v2_000004_81a34ddb,1285,149,0.03333333333333333,4.966666666666667,14.687299728393555,frame_id_exact,1,,1.0556279420852661,26.220722198486328,1.7207363843917847,0.0800803058501995,-0.09440393998961108,-0.6972922092320201,0.706016016584401,1.6724753379821777,0.009855072014033794,-0.029638346284627914,1.6143218365006629,-0.005801671037490391,-0.43827007539163493,-1.5610509520216267,-0.02847902476787567,depth/001285.png,1.0,-0.02162264055815319,-0.24473022083756263,-0.9693500814587528,1.6143218365006629,-0.005801671037490391,-0.43827007539163493,-0.02847902476787567,0.9974468419587911,0.02176639884799147,0.06801486122623834,4.096412491265637,0.8192824982531274,1.1999999998,0.0,0.27926361560821533,-0.002477879445336351,1.1999999998,0.0,0.27926361560821533,-0.002477879445336351,goal_capture,TERMINAL_SETTLING,NONE,DIRECT_LOCAL,PASS_THROUGH,0,6,0,0,0,0,1,1.1999999998,4.096412491265637,inf,0.0,0,0,0,CLEAR,none,nan,0.0,0.0,0,0,0,0,1.2501166291583463,0,0,1,1,0.0,0.6,"1.056,26.221;1.430,26.223;1.850,26.230;2.270,26.243;2.689,26.263;3.109,26.283;3.529,26.299;3.948,26.312;4.367,26.325;4.719,26.336;4.978,26.345;5.137,26.350;5.150,26.350",5.15,26.35,2.0,5.15,26.35,2.0,5.15,26.35,2.0,6.285592367290994,0.0,0.0,0,0,5,1,,,0,1,PASS_THROUGH,-1,0.9978670103557432,0.024558199261597212,0.060484084623303326,0.8774146437762436,0,0.9974468419587911,0.02176639884799147,0.06801486122623834,4.105920538149724,0.8211841076299449,0,0,0,BYPASS_VISIBLE,1,0,1,1,1
1787562374729896960,1787562374745860608,joint_v2_000004_81a34ddb,1286,150,0.03333333333333333,5.0,15.963554382324219,frame_id_exact,1,,1.1097526550292969,26.221149444580078,1.7202239036560059,0.10412636145819625,-0.11212036941890251,-0.6941864619724393,0.7033433582717855,1.5713061094284058,0.015146752819418907,-0.0017056737560778856,1.4974005903585252,-0.0022248299547418526,-0.47646798958228176,-1.5597267857766444,-0.03534550592303276,depth/001286.png,1.0,-0.013152013398070955,-0.30213805462916077,-0.9531734472216918,1.4974005903585252,-0.0022248299547418526,-0.47646798958228176,-0.03534550592303276,0.9973973822545833,0.020760235825551053,0.06904690058338812,4.042301457607391,0.8084602915214782,1.1333333332,0.0,0.27977609634399414,0.004207372187089945,1.1333333332,0.0,0.27977609634399414,0.004207372187089945,goal_capture,TERMINAL_SETTLING,NONE,DIRECT_LOCAL,PASS_THROUGH,0,6,0,0,0,0,1,1.1333333332,4.042301457607391,inf,0.0,0,0,0,CLEAR,none,nan,0.0,0.0,0,0,1,0,1.1924055392348294,0,0,1,1,0.0,0.6,"1.110,26.221;1.440,26.225;1.770,26.230;2.100,26.239;2.429,26.251;2.759,26.266;3.089,26.281;3.418,26.294;3.748,26.305;4.078,26.316;4.408,26.326;4.738,26.337;5.055,26.347;5.150,26.350",5.15,26.35,2.0,5.15,26.35,2.0,5.15,26.35,2.0,6.284805941773922,0.0,0.0,0,0,5,1,,,1,1,PASS_THROUGH,-1,0.9997834505753335,0.02080990042455239,0.0,0.8084602915214782,0,0.9973973822545833,0.020760235825551053,0.06904690058338812,4.051971833349823,0.8103943666699646,0,0,0,BYPASS_VISIBLE,1,0,1,1,1
1787562374785478912,1787562374801951744,joint_v2_000004_81a34ddb,1287,151,0.03333333333333333,5.033333333333333,16.472816467285156,frame_id_exact,1,,1.1601989269256592,26.22169303894043,1.7205886840820312,0.11708038452651527,-0.1181867750271716,-0.6925140712518738,0.7019603485140418,1.4537373781204224,0.01684814691543579,0.023249050602316856,1.3809958551879165,-0.0020120005511106943,-0.45499795907279644,-1.5578835817716312,-0.03811488300561905,depth/001287.png,1.0,-0.003765232071264113,-0.32806358453717316,-0.9446481395356001,1.3809958551879165,-0.0020120005511106943,-0.45499795907279644,-0.03811488300561905,0.9973747665577974,0.019186782423050466,0.06982436833963959,3.9918636348153855,0.7983727269630772,1.0666666666,0.0,0.27941131591796875,5.3134679144891186e-05,1.0666666666,0.0,0.27941131591796875,5.3134679144891186e-05,goal_capture,TERMINAL_SETTLING,NONE,DIRECT_LOCAL,PASS_THROUGH,0,6,0,0,0,0,1,1.0666666666,3.991863634815386,inf,0.0,0,0,0,CLEAR,none,nan,0.0,0.0,0,0,0,0,0.0,0,0,1,1,0.0,0.6,"1.110,26.221;1.440,26.225;1.770,26.230;2.100,26.239;2.429,26.251;2.759,26.266;3.089,26.281;3.418,26.294;3.748,26.305;4.078,26.316;4.408,26.326;4.738,26.337;5.055,26.347;5.150,26.350",5.15,26.35,2.0,5.15,26.35,2.0,5.15,26.35,2.0,6.284471637359155,0.0,0.0,0,0,5,1,,,0,1,PASS_THROUGH,-1,0.9973973822545833,0.020760235825551053,0.06904690058338812,0.8084602915214782,0,0.9973747665577974,0.019186782423050466,0.06982436833963959,4.001630413022236,0.8003260826044473,0,0,0,BYPASS_VISIBLE,1,0,1,1,1
1787562374830724608,1787562374846214400,joint_v2_000004_81a34ddb,1288,152,0.03333333333333333,5.066666666666666,15.489578247070312,frame_id_exact,1,,1.2066187858581543,26.22223472595215,1.7217669486999512,0.11840386879472364,-0.1133061734488478,-0.6927291435152951,0.7023308113968711,1.331660270690918,0.015041852369904518,0.04763735085725784,1.2756260636768788,-0.004137531007421592,-0.38545515635598837,-1.5562195469693396,-0.037385277450084686,depth/001288.png,1.0,0.0048867877689247885,-0.3232983474626855,-0.946284469825643,1.2756260636768788,-0.004137531007421592,-0.38545515635598837,-0.037385277450084686,0.9973644695641876,0.017766755003777952,0.07034527182108674,3.9454504641801478,0.7890900928360296,1.0,0.0,0.27823305130004883,0.0032890799620480683,1.0,0.0,0.27823305130004883,0.0032890799620480683,goal_capture,TERMINAL_SETTLING,NONE,DIRECT_LOCAL,PASS_THROUGH,0,6,0,0,0,0,1,1.0,3.9454504641801478,inf,0.0,0,0,0,CLEAR,none,nan,0.0,0.0,0,0,0,0,1.0205420918430925,0,0,1,1,0.0,0.6,"1.207,26.222;1.513,26.226;1.899,26.234;2.319,26.248;2.739,26.265;3.158,26.283;3.578,26.298;3.998,26.313;4.412,26.326;4.753,26.337;5.001,26.345;5.148,26.350;5.150,26.350",5.15,26.35,2.0,5.15,26.35,2.0,5.15,26.35,2.0,6.284388431687734,0.0,0.0,0,0,5,1,,,0,1,PASS_THROUGH,-1,0.9973973822545833,0.020760235825551053,0.06904690058338812,0.8084602915214782,0,0.9973644695641876,0.017766755003777952,0.07034527182108674,3.9552487906748772,0.7910497581349755,0,0,0,BYPASS_VISIBLE,1,0,1,1,1
1787562374879038208,1787562374897171456,joint_v2_000004_81a34ddb,1289,153,0.03333333333333333,5.1,18.13340187072754,frame_id_exact,1,,1.2490496635437012,26.222667694091797,1.7237870693206787,0.10935555942914875,-0.0998287771894479,-0.6944932245373373,0.7040985285729044,1.2161957025527954,0.01044361013919115,0.07373230159282684,1.1845627093124733,-0.007485985281984795,-0.285364076101834,-1.5553679744926265,-0.03350378945469856,depth/001289.png,1.0,0.011314799921422702,-0.29265499571449904,-0.9561511537335949,1.1845627093124733,-0.007485985281984795,-0.285364076101834,-0.03350378945469856,0.9973576776939029,0.017157658326103394,0.07059233319411815,3.903027932724337,0.7806055865448674,0.9333333334,0.0,0.2762129306793213,-0.0005917029982690364,0.9333333334,0.0,0.2762129306793213,-0.0005917029982690364,goal_capture,TERMINAL_SETTLING,NONE,DIRECT_LOCAL,PASS_THROUGH,0,6,0,0,0,0,1,0.9333333334,3.903027932724337,inf,0.0,0,0,0,CLEAR,none,nan,0.0,0.0,0,0,1,0,0.9855686375514723,0,0,1,1,0.0,0.6,"1.249,26.223;1.532,26.226;1.895,26.233;2.315,26.247;2.735,26.265;3.154,26.282;3.574,26.298;3.994,26.312;4.408,26.326;4.750,26.337;4.999,26.345;5.147,26.350;5.150,26.350",5.15,26.35,2.0,5.15,26.35,2.0,5.15,26.35,2.0,6.2843774115729065,0.0,0.0,0,0,5,1,,,0,1,PASS_THROUGH,-1,0.9973973822545833,0.020760235825551053,0.06904690058338812,0.8084602915214782,0,0.9973576776939029,0.017157658326103394,0.07059233319411815,3.912789366513469,0.7825578733026938,0,0,0,BYPASS_VISIBLE,1,0,1,1,1
1787562374953846528,1787562374970225664,joint_v2_000004_81a34ddb,1290,154,0.03333333333333333,5.133333333333334,16.379117965698242,frame_id_exact,1,,1.28787100315094,26.22291374206543,1.7267062664031982,0.09280447117135629,-0.08134653245212234,-0.6969600336164851,0.7064111998899287,1.1162432432174683,0.004267364274710417,0.10140842944383621,1.1071326072147283,-0.011302518154923802,-0.17444340375619444,-1.5555352382865886,-0.02725808322429657,depth/001290.png,1.0,0.01443381150191965,-0.24450679965544755,-0.9695401435772414,1.1071326072147283,-0.011302518154923802,-0.17444340375619444,-0.02725808322429657,0.9973533222730038,0.017587948781217413,0.07054795963506694,3.8642193655715436,0.7728438731143087,0.8666666668,0.0,0.27329373359680176,-0.0053236637710555494,0.8666666668,0.0,0.27329373359680176,-0.0053236637710555494,goal_capture,TERMINAL_SETTLING,NONE,DIRECT_LOCAL,PASS_THROUGH,0,6,0,0,0,0,1,0.8666666668,3.8642193655715436,inf,0.0,0,0,0,CLEAR,none,nan,0.0,0.0,0,0,1,0,1.0102846932133567,0,0,1,1,0.0,0.6,"1.288,26.223;1.551,26.224;1.894,26.231;2.306,26.245;2.725,26.263;3.145,26.281;3.565,26.297;3.984,26.312;4.400,26.325;4.743,26.337;4.995,26.345;5.145,26.350;5.150,26.350",5.15,26.35,2.0,5.15,26.35,2.0,5.15,26.35,2.0,6.2843774115729065,0.0,0.0,0,0,5,1,,,0,1,PASS_THROUGH,-1,0.9973973822545833,0.020760235825551053,0.06904690058338812,0.8084602915214782,0,0.9973533222730038,0.017587948781217413,0.07054795963506694,3.873871547958376,0.7747743095916751,0,0,0,BYPASS_VISIBLE,1,0,1,1,1
1787562375005006336,1787562375020650752,joint_v2_000004_81a34ddb,1291,155,0.03333333333333333,5.166666666666667,15.644550323486328,frame_id_exact,1,,1.3236902952194214,26.22294807434082,1.7305623292922974,0.07268248359991743,-0.062036792572077296,-0.6992806924118898,0.7084315112733656,1.0364493131637573,-0.002050867071375251,0.12978990375995636,1.042155009635272,-0.015103130216593678,-0.06900460333306721,-1.5564785843039313,-0.020164459943771362,depth/001291.png,1.0,0.013753277483154136,-0.1897433859292122,-0.9817373858902336,1.042155009635272,-0.015103130216593678,-0.06900460333306721,-0.020164459943771362,0.9973549222444765,0.01882719262961868,0.07020467144287,3.828418491846437,0.7656836983692874,0.8000000002000001,0.0,0.26943767070770264,-0.008540015597771925,0.8000000002000001,0.0,0.26943767070770264,-0.008540015597771925,goal_capture,TERMINAL_SETTLING,NONE,DIRECT_LOCAL,PASS_THROUGH,0,6,0,0,0,0,1,0.8000000002000001,3.828418491846437,inf,0.0,0,0,0,CLEAR,none,nan,0.0,0.0,0,0,0,0,1.0814510950858547,0,0,1,1,0.0,0.6,"1.324,26.223;1.654,26.224;1.984,26.231;2.313,26.243;2.643,26.258;2.973,26.273;3.302,26.287;3.632,26.299;3.962,26.311;4.292,26.322;4.622,26.332;4.951,26.343;5.150,26.350",5.15,26.35,2.0,5.15,26.35,2.0,5.15,26.35,2.0,6.2843774115729065,0.0,0.0,0,0,5,1,,,0,1,PASS_THROUGH,-1,0.9973973822545833,0.020760235825551053,0.06904690058338812,0.8084602915214782,0,0.9973549222444765,0.01882719262961868,0.07020467144287,3.8378880659951693,0.7675776131990338,0,0,0,BYPASS_VISIBLE,1,0,1,1,1
1787562375053774080,1787562375068543232,joint_v2_000004_81a34ddb,1292,156,0.03333333333333333,5.2,14.76907730102539,frame_id_exact,1,,1.357191801071167,26.222787857055664,1.7353631258010864,0.05330044589043774,-0.04595014124849419,-0.7009722671519865,0.7097080580569226,0.9767770767211914,-0.00715193385258317,0.15783044695854187,0.9891058082494985,-0.018401116095532386,0.019650871901945005,-1.5577424363639087,-0.013856533914804459,depth/001292.png,1.0,0.00950189776624362,-0.14007506126676328,-0.9900952939742479,0.9891058082494985,-0.018401116095532386,0.019650871901945005,-0.013856533914804459,0.9973683329044815,0.020422871638372576,0.06956518406054847,3.7949409696560856,0.7589881939312171,0.7333333336000001,0.0,0.2646368741989136,-0.003061539626653849,0.7333333336000001,0.0,0.2646368741989136,-0.003061539626653849,goal_capture,TERMINAL_SETTLING,NONE,DIRECT_LOCAL,PASS_THROUGH,0,6,0,0,0,0,1,0.7333333336000001,3.7949409696560856,inf,0.0,0,0,0,CLEAR,none,nan,0.0,0.0,0,0,0,0,0.0,0,0,1,1,0.0,0.6,"1.324,26.223;1.654,26.224;1.984,26.231;2.313,26.243;2.643,26.258;2.973,26.273;3.302,26.287;3.632,26.299;3.962,26.311;4.292,26.322;4.622,26.332;4.951,26.343;5.150,26.350",5.15,26.35,2.0,5.15,26.35,2.0,5.15,26.35,2.0,6.2843774115729065,0.0,0.0,0,0,5,1,,,1,1,PASS_THROUGH,-1,0.9997904170629851,0.020472468073545528,0.0,0.7589881939312171,0,0.9973683329044815,0.020422871638372576,0.06956518406054847,3.804156889293611,0.7608313778587222,0,0,0,BYPASS_VISIBLE,1,0,1,1,1
1787562375104447232,1787562375121190400,joint_v2_000004_81a34ddb,1293,157,0.03333333333333333,5.233333333333333,16.743183135986328,frame_id_exact,1,,1.3889939785003662,26.22249412536621,1.7410235404968262,0.03863077061760353,-0.03633399838541564,-0.7019702816295933,0.7102289967550525,0.9335582852363586,-0.009962336160242558,0.18080389499664307,0.9472780714071652,-0.02053588695115935,0.08101173556607862,-1.5589608811857276,-0.009300218895077705,depth/001293.png,1.0,0.002624387417267844,-0.10588416107790904,-0.9943750082456374,0.9472780714071652,-0.02053588695115935,0.08101173556607862,-0.009300218895077705,0.997397769590513,0.02199981905756122,0.06865637026019214,3.763166757110643,0.7526333514221286,0.6666666670000001,0.0,0.25897645950317383,0.010575463208560287,0.6666666670000001,0.0,0.25897645950317383,0.010575463208560287,goal_capture,TERMINAL_SETTLING,NONE,DIRECT_LOCAL,PASS_THROUGH,0,6,0,0,0,0,1,0.6666666670000001,3.763166757110643,inf,0.0,0,0,0,CLEAR,none,nan,0.0,0.0,0,0,0,0,0.0,0,0,1,1,0.0,0.6,"1.324,26.223;1.654,26.224;1.984,26.231;2.313,26.243;2.643,26.258;2.973,26.273;3.302,26.287;3.632,26.299;3.962,26.311;4.292,26.322;4.622,26.332;4.951,26.343;5.150,26.350",5.15,26.35,2.0,5.15,26.35,2.0,5.15,26.35,2.0,6.2843774115729065,0.0,0.0,0,0,5,1,,,0,1,PASS_THROUGH,-1,0.9973683329044815,0.020422871638372576,0.06956518406054847,0.7589881939312171,0,0.997397769590513,0.02199981905756122,0.06865637026019214,3.772067450139172,0.7544134900278344,0,0,0,BYPASS_VISIBLE,1,0,1,1,1
1787562375152598784,1787562375169834496,joint_v2_000004_81a34ddb,1294,158,0.03333333333333333,5.266666666666667,17.235755920410156,frame_id_exact,1,,1.4195321798324585,26.222156524658203,1.7473442554473877,0.031622099460695025,-0.035039873361739304,-0.7024071085430414,0.7102087749167109,0.8995566964149475,-0.009990275837481022,0.19756662845611572,0.9139912398428777,-0.020754997965151973,0.11191010636106909,-1.5600030405969743,-0.006283706519752741,depth/001294.png,1.0,-0.005348076170460597,-0.09414109730001649,-0.9955445002009824,0.9139912398428777,-0.020754997965151973,0.11191010636106909,-0.006283706519752741,0.9974423918598954,0.023407684715505944,0.06753336373282672,3.73265778119198,0.7465315562383961,0.6000000004000001,0.0,0.2526557445526123,-0.0026421291022709443,0.6000000004000001,0.0,0.2526557445526123,-0.0026421291022709443,goal_capture,TERMINAL_SETTLING,NONE,DIRECT_LOCAL,PASS_THROUGH,0,6,0,0,0,0,1,0.6000000004000001,3.7326577811919806,inf,0.0,0,0,0,CLEAR,none,nan,0.0,0.0,0,0,0,0,1.344353746375803,0,0,1,1,0.0,0.6,"1.420,26.222;1.639,26.221;1.939,26.225;2.319,26.240;2.738,26.260;3.158,26.280;3.578,26.296;3.997,26.311;4.411,26.325;4.752,26.336;5.001,26.345;5.148,26.350;5.150,26.350",5.15,26.35,2.0,5.15,26.35,2.0,5.15,26.35,2.0,6.2843774115729065,0.0,0.0,0,0,5,1,,,0,1,PASS_THROUGH,-1,0.9973683329044815,0.020422871638372576,0.06956518406054847,0.7589881939312171,0,0.9974423918598954,0.023407684715505944,0.06753336373282672,3.7411988769308264,0.7482397753861653,0,0,0,BYPASS_VISIBLE,1,0,1,1,1
1787562375212761600,1787562375231665408,joint_v2_000004_81a34ddb,1295,159,0.03333333333333333,5.3,18.903732299804688,frame_id_exact,1,,1.4489707946777344,26.221860885620117,1.7541391849517822,0.033545457834705326,-0.04208380882424509,-0.7023425275754859,0.7098018239286106,0.8661502003669739,-0.007340426556766033,0.2094724476337433,0.8834239509751847,-0.01854771148107802,0.11561515046768141,-1.5609075239638228,-0.005241073668003082,depth/001295.png,1.0,-0.012621525234016592,-0.10673575163043594,-0.9942073105870088,0.8834239509751847,-0.01854771148107802,0.11561515046768141,-0.005241073668003082,0.9974985513138929,0.02466312340546083,0.06624477693050182,3.703246793191405,0.740649358638281,0.6,0.0,0.24586081504821777,0.0021705620572823802,0.6,0.0,0.24586081504821777,0.0021705620572823802,goal_capture,TERMINAL_SETTLING,NONE,DIRECT_LOCAL,PASS_THROUGH,0,6,0,0,0,0,1,0.6,3.703246793191405,inf,0.0,0,0,0,CLEAR,none,nan,0.0,0.0,0,0,0,0,0.0,0,0,1,1,0.0,0.6,"1.420,26.222;1.639,26.221;1.939,26.225;2.319,26.240;2.738,26.260;3.158,26.280;3.578,26.296;3.997,26.311;4.411,26.325;4.752,26.336;5.001,26.345;5.148,26.350;5.150,26.350",5.15,26.35,2.0,5.15,26.35,2.0,5.15,26.35,2.0,6.2843774115729065,0.0,0.0,0,0,5,1,,,0,1,PASS_THROUGH,-1,0.9973683329044815,0.020422871638372576,0.06956518406054847,0.7589881939312171,0,0.9974985513138929,0.02466312340546083,0.06624477693050182,3.7113992444438795,0.7422798488887759,0,0,0,BYPASS_VISIBLE,1,0,1,1,1
1787562375262502912,1787562375281678848,joint_v2_000004_81a34ddb,1296,160,0.03333333333333333,5.333333333333333,19.176006317138672,frame_id_exact,1,,1.4771945476531982,26.22169303894043,1.761261224746704,0.04275105633915433,-0.05470984630915232,-0.7017484236378744,0.7090333770849394,0.8256170749664307,-0.002652706578373909,0.21712201833724976,0.8475351832590466,-0.013992455161333553,0.10139470652735813,-1.561682826782273,-0.005392841063439846,depth/001296.png,1.0,-0.017581241387041535,-0.13740894851003424,-0.9903583597974308,0.8475351832590466,-0.013992455161333553,0.10139470652735813,-0.005392841063439846,0.9975643445190921,0.02574947949637294,0.06482547994315256,3.6750459272021,0.7350091854404199,0.6,0.0,0.2387387752532959,0.014756800070105805,0.6,0.0,0.2387387752532959,0.014756800070105805,goal_capture,TERMINAL_SETTLING,NONE,DIRECT_LOCAL,PASS_THROUGH,0,6,0,0,0,0,1,0.6,3.6750459272020994,inf,0.0,0,0,0,CLEAR,none,nan,0.0,0.0,0,0,0,0,0.0,0,0,1,1,0.0,0.6,"1.420,26.222;1.639,26.221;1.939,26.225;2.319,26.240;2.738,26.260;3.158,26.280;3.578,26.296;3.997,26.311;4.411,26.325;4.752,26.336;5.001,26.345;5.148,26.350;5.150,26.350",5.15,26.35,2.0,5.15,26.35,2.0,5.15,26.35,2.0,6.2843774115729065,0.0,0.0,0,0,5,1,,,0,1,PASS_THROUGH,-1,0.9973683329044815,0.020422871638372576,0.06956518406054847,0.7589881939312171,0,0.9975643445190921,0.02574947949637294,0.06482547994315256,3.6827922517913203,0.7365584503582641,0,0,0,BYPASS_VISIBLE,1,0,1,1,1
1787562375322526720,1787562375341744384,joint_v2_000004_81a34ddb,1297,161,0.03333333333333333,5.366666666666666,19.217729568481445,frame_id_exact,1,,1.503889560699463,26.221698760986328,1.7685858011245728,0.05342443665708869,-0.06642351327678683,-0.7008879060388269,0.708159508599828,0.7743093967437744,0.003073732368648052,0.22201964259147644,0.8006547106984434,-0.00791431151695275,0.08801482444698527,-1.5621064975223853,-0.005418397486209869,depth/001297.png,1.0,-0.019187801963345352,-0.1687769198852318,-0.9854674929036825,0.8006547106984434,-0.00791431151695275,0.08801482444698527,-0.005418397486209869,0.9976444153443509,0.026427973620769714,0.0633023123000119,3.6483671064613006,0.7296734212922601,0.6,0.0,0.23141419887542725,0.02833183912847202,0.6,0.0,0.23141419887542725,0.02833183912847202,goal_capture,TERMINAL_SETTLING,NONE,DIRECT_LOCAL,PASS_THROUGH,0,6,0,0,0,0,1,0.6,3.6483671064613006,inf,0.0,0,0,0,CLEAR,none,nan,0.0,0.0,0,0,0,0,1.5174317433609954,0,0,1,1,0.0,0.6,"1.504,26.222;1.699,26.223;1.974,26.229;2.328,26.242;2.745,26.260;3.165,26.279;3.584,26.295;4.004,26.310;4.418,26.324;4.757,26.336;5.004,26.345;5.149,26.350;5.150,26.350",5.15,26.35,2.0,5.15,26.35,2.0,5.15,26.35,2.0,6.2843774115729065,0.0,0.0,0,0,5,1,,,0,1,PASS_THROUGH,-1,0.9973683329044815,0.020422871638372576,0.06956518406054847,0.7589881939312171,0,0.9976444153443509,0.026427973620769714,0.0633023123000119,3.655698985823362,0.7311397971646725,0,0,0,BYPASS_VISIBLE,1,0,1,1,1
1787562375374444288,1787562375391206144,joint_v2_000004_81a34ddb,1298,162,0.03333333333333333,5.4,16.76177978515625,frame_id_exact,1,,1.5287173986434937,26.221895217895508,1.7760465145111084,0.06024469952405264,-0.07176874494211286,-0.7002915893116854,0.7076803751468627,0.714401125907898,0.008679109625518322,0.2252940684556961,0.7438718589388824,-0.0015430103183930338,0.08862273704672327,-1.5619130213390457,-0.004672153852880001,depth/001298.png,1.0,-0.017200951934300338,-0.18578608003641758,-0.9824396468573812,0.7438718589388824,-0.0015430103183930338,0.08862273704672327,-0.004672153852880001,0.9977456830544903,0.02642396299722987,0.06168732548627439,3.6235477800196576,0.7247095560039315,0.6,0.0,0.2239534854888916,0.029155072791344928,0.6,0.0,0.2239534854888916,0.029155072791344928,goal_capture,TERMINAL_SETTLING,NONE,DIRECT_LOCAL,PASS_THROUGH,0,6,0,0,0,0,1,0.6,3.6235477800196576,inf,0.0,0,0,0,CLEAR,none,nan,0.0,0.0,0,0,0,0,0.0,0,0,1,1,0.0,0.6,"1.504,26.222;1.699,26.223;1.974,26.229;2.328,26.242;2.745,26.260;3.165,26.279;3.584,26.295;4.004,26.310;4.418,26.324;4.757,26.336;5.004,26.345;5.149,26.350;5.150,26.350",5.15,26.35,2.0,5.15,26.35,2.0,5.15,26.35,2.0,6.2843774115729065,0.0,0.0,0,0,5,1,,,1,1,PASS_THROUGH,-1,0.9996494920987453,0.02647438283927336,0.0,0.7247095560039315,0,0.9977456830544903,0.02642396299722987,0.06168732548627439,3.6304619096952404,0.7260923819390481,0,0,0,BYPASS_VISIBLE,1,0,1,1,1
1787562375433346048,1787562375450544896,joint_v2_000004_81a34ddb,1299,163,0.03333333333333333,5.433333333333334,17.198801040649414,frame_id_exact,1,,1.55149245262146,26.22226333618164,1.7835876941680908,0.05988631546905492,-0.06782742849581833,-0.7003945519918513,0.7079975569896547,0.6524540781974792,0.013063846156001091,0.2269374132156372,0.6827332158764838,0.003979021116906803,0.10595801564686175,-1.5611016357592886,-0.0033359709195792675,depth/001299.png,1.0,-0.012155209157076935,-0.17981065288658132,-0.9836261383263709,0.6827332158764838,0.003979021116906803,0.10595801564686175,-0.0033359709195792675,0.9978668955354558,0.0257382315894195,0.0599933515406583,3.6007739756646435,0.7201547951329287,0.6,0.0,0.21641230583190918,0.03298017512151806,0.6,0.0,0.21641230583190918,0.03298017512151806,goal_capture,TERMINAL_SETTLING,NONE,DIRECT_LOCAL,PASS_THROUGH,0,6,0,0,0,0,1,0.6,3.6007739756646435,inf,0.0,0,0,0,CLEAR,none,nan,0.0,0.0,0,0,0,0,0.0,0,0,1,1,0.0,0.6,"1.504,26.222;1.699,26.223;1.974,26.229;2.328,26.242;2.745,26.260;3.165,26.279;3.584,26.295;4.004,26.310;4.418,26.324;4.757,26.336;5.004,26.345;5.149,26.350;5.150,26.350",5.15,26.35,2.0,5.15,26.35,2.0,5.15,26.35,2.0,6.2843774115729065,0.0,0.0,0,0,5,1,,,0,1,PASS_THROUGH,-1,0.9977456830544903,0.02642396299722987,0.06168732548627439,0.7247095560039315,0,0.9978668955354558,0.0257382315894195,0.0599933515406583,3.6072714771609924,0.7214542954321985,0,0,0,BYPASS_VISIBLE,1,0,1,1,1
1787562375478700800,1787562375496032000,joint_v2_000004_81a34ddb,1300,164,0.03333333333333333,5.466666666666667,17.33112335205078,frame_id_exact,1,,1.5722845792770386,26.222745895385742,1.7911608219146729,0.05129157847128621,-0.054366308785172145,-0.7011783890430199,0.7090573638190599,0.5967983603477478,0.015451542101800442,0.22735121846199036,0.6241460045965136,0.00783808456171897,0.1359262262400006,-1.5600096311261331,-0.0014933438505977392,depth/001300.png,1.0,-0.005168570447634108,-0.14897830445834206,-0.9888269568939984,0.6241460045965136,0.00783808456171897,0.1359262262400006,-0.0014933438505977392,0.9979966628517932,0.024722292278911914,0.05823632200920844,3.5799778265821782,0.7159955653164356,0.6,0.0,0.20883917808532715,0.050756779942878784,0.6,0.0,0.20883917808532715,0.050756779942878784,goal_capture,TERMINAL_SETTLING,NONE,DIRECT_LOCAL,PASS_THROUGH,0,6,0,0,0,0,1,0.6,3.5799778265821782,inf,0.0,0,0,0,CLEAR,none,nan,0.0,0.0,0,0,0,0,1.4190361813637182,0,0,1,1,0.0,0.6,"1.572,26.223;1.732,26.227;1.971,26.235;2.290,26.246;2.689,26.260;3.109,26.276;3.529,26.292;3.948,26.307;4.367,26.322;4.719,26.335;4.978,26.344;5.137,26.350;5.150,26.350",5.15,26.35,2.0,5.15,26.35,2.0,5.15,26.35,2.0,6.2843774115729065,0.0,0.0,0,0,5,1,,,0,1,PASS_THROUGH,-1,0.9977456830544903,0.02642396299722987,0.06168732548627439,0.7247095560039315,0,0.9979966628517932,0.024722292278911914,0.05823632200920844,3.5860640040472522,0.7172128008094505,0,0,0,BYPASS_VISIBLE,1,0,1,1,1
1787562375527220736,1787562375542866176,joint_v2_000004_81a34ddb,1301,165,0.03333333333333333,5.5,15.645503997802734,frame_id_exact,1,,1.5914362668991089,26.22327423095703,1.7987325191497803,0.03552520480481642,-0.033486509645979726,-0.7021500418446798,0.7103533854588292,0.5551377534866333,0.015533368103206158,0.2268722951412201,0.5747534337529182,0.009546510757004604,0.17163217558213487,-1.5590680817180844,0.0018657170003280044,depth/001301.png,1.0,0.0023135370920424614,-0.0974960073027531,-0.9952332269906111,0.5747534337529182,0.009546510757004604,0.17163217558213487,0.0018657170003280044,0.9981220258648059,0.02382790704798849,0.056432723921923084,3.56081946510638,0.712163893021276,0.6,0.0,0.20126748085021973,0.048692308886493216,0.6,0.0,0.20126748085021973,0.048692308886493216,goal_capture,TERMINAL_SETTLING,NONE,DIRECT_LOCAL,PASS_THROUGH,0,6,0,0,0,0,1,0.6,3.56081946510638,inf,0.0,0,0,0,CLEAR,none,nan,0.0,0.0,0,0,0,0,0.0,0,0,1,1,0.0,0.6,"1.572,26.223;1.732,26.227;1.971,26.235;2.290,26.246;2.689,26.260;3.109,26.276;3.529,26.292;3.948,26.307;4.367,26.322;4.719,26.335;4.978,26.344;5.137,26.350;5.150,26.350",5.15,26.35,2.0,5.15,26.35,2.0,5.15,26.35,2.0,6.2843774115729065,0.0,0.0,0,0,5,1,,,0,1,PASS_THROUGH,-1,0.9977456830544903,0.02642396299722987,0.06168732548627439,0.7247095560039315,0,0.9981220258648059,0.02382790704798849,0.056432723921923084,3.5665030298498666,0.7133006059699734,0,0,0,BYPASS_VISIBLE,1,0,1,1,1
1787562375570007808,1787562375585545216,joint_v2_000004_81a34ddb,1302,166,0.03333333333333333,5.533333333333333,15.537500381469727,frame_id_exact,1,,1.6095099449157715,26.22376251220703,1.8062671422958374,0.015291757707896684,-0.008923439834824465,-0.7026846314656724,0.7112811280145633,0.5327508449554443,0.013492253609001637,0.22492802143096924,0.5402747301186441,0.008911447221787222,0.2064507704918528,-1.558486177779314,0.006783580407500267,depth/001302.png,1.0,0.008796417555903404,-0.034294205407075756,-0.9993730687354345,0.5402747301186441,0.008911447221787222,0.2064507704918528,0.006783580407500267,0.9982364203382903,0.023293206002850265,0.0546028906222478,3.5427398625180775,0.7085479725036155,0.6,0.0,0.1937328577041626,0.04863163103080669,0.6,0.0,0.1937328577041626,0.04863163103080669,goal_capture,TERMINAL_SETTLING,NONE,DIRECT_LOCAL,PASS_THROUGH,0,6,0,0,0,0,1,0.6,3.5427398625180775,inf,0.0,0,0,0,CLEAR,none,nan,0.0,0.0,0,0,0,0,0.0,0,0,1,1,0.0,0.6,"1.572,26.223;1.732,26.227;1.971,26.235;2.290,26.246;2.689,26.260;3.109,26.276;3.529,26.292;3.948,26.307;4.367,26.322;4.719,26.335;4.978,26.344;5.137,26.350;5.150,26.350",5.15,26.35,2.0,5.15,26.35,2.0,5.15,26.35,2.0,6.2843774115729065,0.0,0.0,0,0,5,1,,,0,1,PASS_THROUGH,-1,0.9977456830544903,0.02642396299722987,0.06168732548627439,0.7247095560039315,0,0.9982364203382903,0.023293206002850265,0.0546028906222478,3.5480329978213034,0.7096065995642606,0,0,0,BYPASS_VISIBLE,1,0,1,1,1
1787562375612556288,1787562375629673216,joint_v2_000004_81a34ddb,1303,167,0.03333333333333333,5.566666666666666,17.117023468017578,frame_id_exact,1,,1.6271876096725464,26.224157333374023,1.8136910200119019,-0.005733860395682612,0.01479586263417608,-0.7024635906034598,0.7115427669299776,0.5313291549682617,0.009942922741174698,0.21992461383342743,0.5248247827025618,0.0060779714390167905,0.23515606334113856,-1.558142947248298,0.01242822501808405,depth/001303.png,1.0,0.013000121752534665,0.02894688336642623,-0.9994964105877469,0.5248247827025618,0.0060779714390167905,0.23515606334113856,0.01242822501808405,0.9983408609652484,0.02301948272650291,0.052779055904503165,3.525059363214776,0.7050118726429553,0.6,0.0,0.18630897998809814,0.04389366735561042,0.6,0.0,0.18630897998809814,0.04389366735561042,goal_capture,TERMINAL_SETTLING,NONE,DIRECT_LOCAL,PASS_THROUGH,0,6,0,0,0,0,1,0.6,3.5250593632147766,inf,0.0,0,0,0,CLEAR,none,nan,0.0,0.0,0,0,0,0,1.320877061468333,0,0,1,1,0.0,0.6,"1.627,26.224;1.877,26.230;2.206,26.242;2.536,26.254;2.866,26.267;3.196,26.279;3.525,26.292;3.855,26.304;4.185,26.316;4.515,26.327;4.845,26.339;5.125,26.349;5.150,26.350",5.15,26.35,2.0,5.15,26.35,2.0,5.15,26.35,2.0,6.2843774115729065,0.0,0.0,0,0,5,1,,,0,1,PASS_THROUGH,-1,0.9977456830544903,0.02642396299722987,0.06168732548627439,0.7247095560039315,0,0.9983408609652484,0.02301948272650291,0.052779055904503165,3.529979397986959,0.7059958795973917,0,0,0,BYPASS_VISIBLE,1,0,1,1,1
1787562375657968384,1787562375673531648,joint_v2_000004_81a34ddb,1304,168,0.03333333333333333,5.6,15.563249588012695,frame_id_exact,1,,1.645140528678894,26.22442054748535,1.8208739757537842,-0.023649884086216464,0.03324923463107291,-0.7016692774768011,0.7113335338814981,0.5485848188400269,0.00578977121040225,0.2102828323841095,0.5299528184240406,0.0015649535777959495,0.25366366644163413,-1.5576852183898597,0.017737871035933495,depth/001304.png,1.0,0.014113796979581164,0.08030584412635544,-0.9966703427583128,0.5299528184240406,0.0015649535777959495,0.25366366644163413,0.017737871035933495,0.9984408302479272,0.022672163659802184,0.05100864131510265,3.507108511666433,0.7014217023332866,0.6,0.0,0.17912602424621582,0.04394856493451095,0.6,0.0,0.17912602424621582,0.04394856493451095,goal_capture,TERMINAL_SETTLING,NONE,DIRECT_LOCAL,PASS_THROUGH,0,6,0,0,0,0,1,0.6,3.507108511666433,inf,0.0,0,0,0,CLEAR,none,nan,0.0,0.0,0,0,0,0,0.0,0,0,1,1,0.0,0.6,"1.627,26.224;1.877,26.230;2.206,26.242;2.536,26.254;2.866,26.267;3.196,26.279;3.525,26.292;3.855,26.304;4.185,26.316;4.515,26.327;4.845,26.339;5.125,26.349;5.150,26.350",5.15,26.35,2.0,5.15,26.35,2.0,5.15,26.35,2.0,6.2843774115729065,0.0,0.0,0,0,5,1,,,1,1,PASS_THROUGH,-1,0.9997422828252804,0.022701716483500205,0.0,0.7014217023332866,0,0.9984408302479272,0.022672163659802184,0.05100864131510265,3.5116799747649843,0.7023359949529968,0,0,0,BYPASS_VISIBLE,1,0,1,1,1
1787562375708066816,1787562375726471936,joint_v2_000004_81a34ddb,1305,169,0.03333333333333333,5.633333333333334,18.40519905090332,frame_id_exact,1,,1.6639049053192139,26.22454833984375,1.8276536464691162,-0.035125760441657265,0.04303375227917327,-0.7008215393453328,0.7111704768252183,0.5788564085960388,0.002015552716329694,0.1958789825439453,0.5536876366946967,-0.003739984785741696,0.25857956901725987,-1.5568003340481051,0.02190413326025009,depth/001305.png,1.0,0.011974889249120678,0.11027876863647544,-0.9938285542363401,0.5536876366946967,-0.003739984785741696,0.25857956901725987,0.02190413326025009,0.9985405996399982,0.021946246641940517,0.04934605484660241,3.4883516348260253,0.697670326965205,0.6,0.0,0.1723463535308838,0.04511705138112532,0.6,0.0,0.1723463535308838,0.04511705138112532,goal_capture,TERMINAL_SETTLING,NONE,DIRECT_LOCAL,PASS_THROUGH,0,6,0,0,0,0,1,0.6,3.4883516348260253,inf,0.0,0,0,0,CLEAR,none,nan,0.0,0.0,0,0,0,0,0.0,0,0,1,1,0.0,0.6,"1.627,26.224;1.877,26.230;2.206,26.242;2.536,26.254;2.866,26.267;3.196,26.279;3.525,26.292;3.855,26.304;4.185,26.316;4.515,26.327;4.845,26.339;5.125,26.349;5.150,26.350",5.15,26.35,2.0,5.15,26.35,2.0,5.15,26.35,2.0,6.2843774115729065,0.0,0.0,0,0,5,1,,,0,1,PASS_THROUGH,-1,0.9984408302479272,0.022672163659802184,0.05100864131510265,0.7014217023332866,0,0.9985405996399982,0.021946246641940517,0.04934605484660241,3.492606532916182,0.6985213065832364,0,0,0,BYPASS_VISIBLE,1,0,1,1,1
1787562375751785984,1787562375767349760,joint_v2_000004_81a34ddb,1306,170,0.03333333333333333,5.666666666666667,15.563726425170898,frame_id_exact,1,,1.683790683746338,26.22456932067871,1.8338984251022339,-0.038159945384544876,0.042565125240943594,-0.700369386630036,0.711487702601344,0.6145045757293701,-0.0005346833495423198,0.17866353690624237,0.5900616503663965,-0.008690702576350944,0.24756522242447448,-1.5554534715113713,0.024811364710330963,depth/001306.png,1.0,0.007117011251616137,0.11392328505974583,-0.9934640573629426,0.5900616503663965,-0.008690702576350944,0.24756522242447448,0.024811364710330963,0.9986386474972699,0.020802716541641064,0.04783407477219034,3.468478035017475,0.693695607003495,0.6,0.0,0.1661015748977661,0.02029636292290733,0.6,0.0,0.1661015748977661,0.02029636292290733,goal_capture,TERMINAL_SETTLING,NONE,DIRECT_LOCAL,PASS_THROUGH,0,6,0,0,0,0,1,0.6,3.468478035017475,inf,0.0,0,0,0,CLEAR,none,nan,0.0,0.0,0,0,0,0,1.1933600858656557,0,0,1,1,0.0,0.6,"1.684,26.225;1.847,26.225;2.090,26.231;2.412,26.244;2.813,26.262;3.233,26.280;3.653,26.296;4.072,26.311;4.478,26.326;4.803,26.337;5.035,26.346;5.150,26.350",5.15,26.35,2.0,5.15,26.35,2.0,5.15,26.35,2.0,6.2843774115729065,0.0,0.0,0,0,5,1,,,0,1,PASS_THROUGH,-1,0.9984408302479272,0.022672163659802184,0.05100864131510265,0.7014217023332866,0,0.9986386474972699,0.020802716541641064,0.04783407477219034,3.4724529676558906,0.6944905935311781,0,0,0,BYPASS_VISIBLE,1,0,1,1,1
1787562375796735232,1787562375813842944,joint_v2_000004_81a34ddb,1307,171,0.03333333333333333,5.7,17.107725143432617,frame_id_exact,1,,1.7048418521881104,26.224529266357422,1.8395686149597168,-0.032560645538773136,0.032461448307451325,-0.7003629707720709,0.7123045471616762,0.6474822163581848,-0.001305909943766892,0.1619662195444107,0.6297528564555163,-0.012129521835386393,0.22075370135189046,-1.5539195951494946,0.025610290467739105,depth/001307.png,1.0,0.0006363335941194925,0.09185578449591655,-0.9957721174717621,0.6297528564555163,-0.012129521835386393,0.22075370135189046,0.025610290467739105,0.9987285072096433,0.01950427115553841,0.04648604407226415,3.4474421776783233,0.6894884355356646,0.6,0.0,0.1604313850402832,0.01876727857224569,0.6,0.0,0.1604313850402832,0.01876727857224569,goal_capture,TERMINAL_SETTLING,NONE,DIRECT_LOCAL,PASS_THROUGH,0,6,0,0,0,0,1,0.6,3.4474421776783233,inf,0.0,0,0,0,CLEAR,none,nan,0.0,0.0,0,0,0,0,0.0,0,0,1,1,0.0,0.6,"1.684,26.225;1.847,26.225;2.090,26.231;2.412,26.244;2.813,26.262;3.233,26.280;3.653,26.296;4.072,26.311;4.478,26.326;4.803,26.337;5.035,26.346;5.150,26.350",5.15,26.35,2.0,5.15,26.35,2.0,5.15,26.35,2.0,6.2843774115729065,0.0,0.0,0,0,5,1,,,0,1,PASS_THROUGH,-1,0.9984408302479272,0.022672163659802184,0.05100864131510265,0.7014217023332866,0,0.9987285072096433,0.01950427115553841,0.04648604407226415,3.4511731045749365,0.6902346209149873,0,0,0,BYPASS_VISIBLE,1,0,1,1,1
1787562375848150272,1787562375863830016,joint_v2_000004_81a34ddb,1308,172,0.03333333333333333,5.733333333333333,15.67983627319336,frame_id_exact,1,,1.726846694946289,26.224498748779297,1.844738245010376,-0.01995976377467491,0.015348129651973637,-0.7004727580837063,0.7132348546789136,0.6706678867340088,-0.00010973073949571699,0.1490294486284256,0.6622730245464894,-0.0132234630932606,0.1822766684945042,-1.5525902855889262,0.024618519470095634,depth/001308.png,1.0,-0.006068899520054485,0.04997389184799998,-0.9987320854924908,0.6622730245464894,-0.0132234630932606,0.1822766684945042,0.024618519470095634,0.9988045234595639,0.01842005762535007,0.04527941468031669,3.4254531253482523,0.6850906250696505,0.6,0.0,0.15526175498962402,0.02237147961536582,0.6,0.0,0.15526175498962402,0.02237147961536582,goal_capture,TERMINAL_SETTLING,NONE,DIRECT_LOCAL,PASS_THROUGH,0,6,0,0,0,0,1,0.6,3.4254531253482523,inf,0.0,0,0,0,CLEAR,none,nan,0.0,0.0,0,0,0,0,0.0,0,0,1,1,0.0,0.6,"1.684,26.225;1.847,26.225;2.090,26.231;2.412,26.244;2.813,26.262;3.233,26.280;3.653,26.296;4.072,26.311;4.478,26.326;4.803,26.337;5.035,26.346;5.150,26.350",5.15,26.35,2.0,5.15,26.35,2.0,5.15,26.35,2.0,6.2843774115729065,0.0,0.0,0,0,5,1,,,0,1,PASS_THROUGH,-1,0.9984408302479272,0.022672163659802184,0.05100864131510265,0.7014217023332866,0,0.9988045234595639,0.01842005762535007,0.04527941468031669,3.4289700095685536,0.6857940019137108,0,0,0,BYPASS_VISIBLE,1,0,1,1,1
1787562375891716352,1787562375907332608,joint_v2_000004_81a34ddb,1309,173,0.03333333333333333,5.766666666666667,15.616416931152344,frame_id_exact,1,,1.7493869066238403,26.224536895751953,1.8495668172836304,-0.00339231894666943,-0.004802743061216082,-0.7002890192189548,0.7138352158534954,0.6790006160736084,0.002853360492736101,0.1415502279996872,0.6791959713527796,-0.011789552444827439,0.14014379862309073,-1.5516494205536884,0.02326827496290207,depth/001309.png,1.0,-0.011607941675666145,-0.001883503000719951,-0.9999308516625041,0.6791959713527796,-0.011789552444827439,0.14014379862309073,0.02326827496290207,0.9988672703201633,0.017712399754808907,0.044163867335997586,3.402926740523359,0.6805853481046718,0.6,0.0,0.15043318271636963,0.01229161605545182,0.6,0.0,0.15043318271636963,0.01229161605545182,goal_capture,TERMINAL_SETTLING,NONE,DIRECT_LOCAL,PASS_THROUGH,0,6,0,0,0,0,1,0.6,3.402926740523359,inf,0.0,0,0,0,CLEAR,none,nan,0.0,0.0,0,0,0,0,1.0158901302418943,0,0,1,1,0.0,0.6,"1.749,26.225;1.925,26.226;2.181,26.233;2.516,26.246;2.924,26.264;3.343,26.283;3.763,26.300;4.183,26.315;4.574,26.329;4.874,26.340;5.079,26.347;5.150,26.350",5.15,26.35,2.0,5.15,26.35,2.0,5.15,26.35,2.0,6.2843774115729065,0.0,0.0,0,0,5,1,,,0,1,PASS_THROUGH,-1,0.9984408302479272,0.022672163659802184,0.05100864131510265,0.7014217023332866,0,0.9988672703201633,0.017712399754808907,0.044163867335997586,3.4062502174430915,0.6812500434886183,0,0,0,BYPASS_VISIBLE,1,0,1,1,1
1787562375943462656,1787562375961261824,joint_v2_000004_81a34ddb,1310,174,0.03333333333333333,5.8,17.79913902282715,frame_id_exact,1,,1.7719253301620483,26.224699020385742,1.8542338609695435,0.01340092284217034,-0.02355253260225073,-0.6996696440976589,0.7139524372136099,0.6705372929573059,0.007019878830760717,0.13909776508808136,0.6768752666626004,-0.008338741119514118,0.10386561979204051,-1.5509775011476379,0.02169964276254177,depth/001310.png,1.0,-0.014878338276736808,-0.05209322725498865,-0.9985313869499962,0.6768752666626004,-0.008338741119514118,0.10386561979204051,0.02169964276254177,0.9989228308842619,0.01723972472341615,0.04308096829962268,3.380397729630802,0.6760795459261604,0.6,0.0,0.14576613903045654,0.012258032261681694,0.6,0.0,0.14576613903045654,0.012258032261681694,goal_capture,TERMINAL_SETTLING,NONE,DIRECT_LOCAL,PASS_THROUGH,0,6,0,0,0,0,1,0.6,3.380397729630802,inf,0.0,0,0,0,CLEAR,none,nan,0.0,0.0,0,0,0,0,0.0,0,0,1,1,0.0,0.6,"1.749,26.225;1.925,26.226;2.181,26.233;2.516,26.246;2.924,26.264;3.343,26.283;3.763,26.300;4.183,26.315;4.574,26.329;4.874,26.340;5.079,26.347;5.150,26.350",5.15,26.35,2.0,5.15,26.35,2.0,5.15,26.35,2.0,6.2843774115729065,0.0,0.0,0,0,5,1,,,1,1,PASS_THROUGH,-1,0.9998511085439195,0.0172557452315321,0.0,0.6760795459261604,0,0.9989228308842619,0.01723972472341615,0.04308096829962268,3.383539061069183,0.6767078122138366,0,0,0,BYPASS_VISIBLE,1,0,1,1,1
1787562375994605312,1787562376010134784,joint_v2_000004_81a34ddb,1311,175,0.03333333333333333,5.833333333333333,15.529394149780273,frame_id_exact,1,,1.793921709060669,26.225008010864258,1.8588775396347046,0.026775184625603302,-0.03691471683053485,-0.6988509584418494,0.7138121118715307,0.6471120715141296,0.011565087363123894,0.1397884041070938,0.6571500627339636,-0.0038330467029887836,0.08104125535524034,-1.550303218023841,0.01974893920123577,depth/001311.png,1.0,-0.015276617083766555,-0.08982067264196156,-0.9958407863391726,0.6571500627339636,-0.0038330467029887836,0.08104125535524034,0.01974893920123577,0.9989784262506898,0.016717618312459707,0.04198362923395316,3.358405051845649,0.6716810103691297,0.6,0.0,0.1411224603652954,0.016792122952709453,0.6,0.0,0.1411224603652954,0.016792122952709453,goal_capture,TERMINAL_SETTLING,NONE,DIRECT_LOCAL,PASS_THROUGH,0,6,0,0,0,0,1,0.6,3.3584050518456485,inf,0.0,0,0,0,CLEAR,none,nan,0.0,0.0,0,0,0,0,0.0,0,0,1,1,0.0,0.6,"1.749,26.225;1.925,26.226;2.181,26.233;2.516,26.246;2.924,26.264;3.343,26.283;3.763,26.300;4.183,26.315;4.574,26.329;4.874,26.340;5.079,26.347;5.150,26.350",5.15,26.35,2.0,5.15,26.35,2.0,5.15,26.35,2.0,6.2843774115729065,0.0,0.0,0,0,5,1,,,0,1,PASS_THROUGH,-1,0.9989228308842619,0.01723972472341615,0.04308096829962268,0.6760795459261604,0,0.9989784262506898,0.016717618312459707,0.04198362923395316,3.3613687749311185,0.6722737549862237,0,0,0,BYPASS_VISIBLE,1,0,1,1,1
1787562376038680320,1787562376054328064,joint_v2_000004_81a34ddb,1312,176,0.03333333333333333,5.866666666666666,15.647649765014648,frame_id_exact,1,,1.8149579763412476,26.225461959838867,1.8635671138763428,0.033937944089450785,-0.042178339309420866,-0.6982381045444656,0.7138156295614665,0.6140345335006714,0.015595470555126667,0.14159326255321503,0.6258811402522605,0.000653827789139025,0.07485085049242376,-1.5494238689494702,0.017722681164741516,depth/001312.png,1.0,-0.012821584149714488,-0.10735191723695303,-0.9941384072881614,0.6258811402522605,0.000653827789139025,0.07485085049242376,0.017722681164741516,0.9990383104691005,0.015938480263927808,0.04084628577877777,3.337366480178203,0.6674732960356405,0.6,0.0,0.13643288612365723,0.027960911599445634,0.6,0.0,0.13643288612365723,0.027960911599445634,goal_capture,TERMINAL_SETTLING,NONE,DIRECT_LOCAL,PASS_THROUGH,0,6,0,0,0,0,1,0.6,3.337366480178203,inf,0.0,0,0,0,CLEAR,none,nan,0.0,0.0,0,0,0,0,0.9140091779668891,0,0,1,1,0.0,0.6,"1.815,26.225;2.088,26.233;2.417,26.245;2.747,26.258;3.077,26.271;3.407,26.285;3.736,26.297;4.066,26.310;4.396,26.322;4.726,26.334;5.046,26.346;5.150,26.350",5.15,26.35,2.0,5.15,26.35,2.0,5.15,26.35,2.0,6.2843774115729065,0.0,0.0,0,0,5,1,,,0,1,PASS_THROUGH,-1,0.9989228308842619,0.01723972472341615,0.04308096829962268,0.6760795459261604,0,0.9990383104691005,0.015938480263927808,0.04084628577877777,3.3401540316927116,0.6680308063385423,0,0,0,BYPASS_VISIBLE,1,0,1,1,1
1787562376090020096,1787562376106164992,joint_v2_000004_81a34ddb,1313,177,0.03333333333333333,5.9,16.144752502441406,frame_id_exact,1,,1.8348325490951538,26.226032257080078,1.8683152198791504,0.033523024518566334,-0.038450702752490504,-0.6980698472679497,0.7142102201874939,0.5787365436553955,0.018371043726801872,0.1432204395532608,0.590559619084184,0.004215841683225279,0.08370865846303005,-1.5483536392940787,0.016313284635543823,depth/001313.png,1.0,-0.008120944547169572,-0.10156752584106479,-0.9947955005699345,0.590559619084184,0.004215841683225279,0.08370865846303005,0.016313284635543823,0.9991016938369717,0.014921703462682815,0.03966293153393578,3.3174844730342903,0.663496894606858,0.6,0.0,0.1316847801208496,0.02561692666532474,0.6,0.0,0.1316847801208496,0.02561692666532474,goal_capture,TERMINAL_SETTLING,NONE,DIRECT_LOCAL,PASS_THROUGH,0,6,0,0,0,0,1,0.6,3.31748447303429,inf,0.0,0,0,0,CLEAR,none,nan,0.0,0.0,0,0,0,0,0.0,0,0,1,1,0.0,0.6,"1.815,26.225;2.088,26.233;2.417,26.245;2.747,26.258;3.077,26.271;3.407,26.285;3.736,26.297;4.066,26.310;4.396,26.322;4.726,26.334;5.046,26.346;5.150,26.350",5.15,26.35,2.0,5.15,26.35,2.0,5.15,26.35,2.0,6.2843774115729065,0.0,0.0,0,0,5,1,,,0,1,PASS_THROUGH,-1,0.9989228308842619,0.01723972472341615,0.04308096829962268,0.6760795459261604,0,0.9991016938369717,0.014921703462682815,0.03966293153393578,3.320097003121908,0.6640194006243816,0,0,0,BYPASS_VISIBLE,1,0,1,1,1
1787562376139266816,1787562376155442688,joint_v2_000004_81a34ddb,1314,178,0.03333333333333333,5.933333333333334,16.17598533630371,frame_id_exact,1,,1.8536019325256348,26.226665496826172,1.8731054067611694,0.025830813655110793,-0.026777240432326554,-0.6982345114301998,0.7149016124674602,0.5489044785499573,0.01946936547756195,0.144064262509346,0.5584001762401571,0.006243991840060199,0.10285888506844709,-1.5472910119052037,0.015638766810297966,depth/001314.png,1.0,-0.0022142536203566127,-0.07432656744819943,-0.9972314969214886,0.5584001762401571,0.006243991840060199,0.10285888506844709,0.015638766810297966,0.9991645029847855,0.013881457211411744,0.03843957753219882,3.298704536469107,0.6597409072938214,0.6,0.0,0.12689459323883057,0.024522699677518803,0.6,0.0,0.12689459323883057,0.024522699677518803,goal_capture,TERMINAL_SETTLING,NONE,DIRECT_LOCAL,PASS_THROUGH,0,6,0,0,0,0,1,0.6,3.298704536469107,inf,0.0,0,0,0,CLEAR,none,nan,0.0,0.0,0,0,0,0,0.0,0,0,1,1,0.0,0.6,"1.815,26.225;2.088,26.233;2.417,26.245;2.747,26.258;3.077,26.271;3.407,26.285;3.736,26.297;4.066,26.310;4.396,26.322;4.726,26.334;5.046,26.346;5.150,26.350",5.15,26.35,2.0,5.15,26.35,2.0,5.15,26.35,2.0,6.2843774115729065,0.0,0.0,0,0,5,1,,,0,1,PASS_THROUGH,-1,0.9989228308842619,0.01723972472341615,0.04308096829962268,0.6760795459261604,0,0.9991645029847855,0.013881457211411744,0.03843957753219882,3.3011443253385813,0.6602288650677163,0,0,0,BYPASS_VISIBLE,1,0,1,1,1
1787562376182564608,1787562376198006272,joint_v2_000004_81a34ddb,1315,179,0.03333333333333333,5.966666666666667,15.441656112670898,frame_id_exact,1,,1.8715571165084839,26.22730827331543,1.8779029846191406,0.01268938198538929,-0.00983507863659776,-0.698378711628904,0.7155483393570228,0.5307353734970093,0.018854239955544472,0.1435655653476715,0.5353454540429635,0.006453831897739429,0.126531353775563,-1.5464528677269536,0.015522785484790802,depth/001315.png,1.0,0.003649040112919876,-0.031896951508216656,-0.9994845016260816,0.5353454540429635,0.006453831897739429,0.126531353775563,0.015522785484790802,0.9992229320610061,0.013053456637074573,0.03719058097462342,3.280737874337572,0.6561475748675144,0.6,0.0,0.12209701538085938,0.030163867198709383,0.6,0.0,0.12209701538085938,0.030163867198709383,goal_capture,TERMINAL_SETTLING,NONE,DIRECT_LOCAL,PASS_THROUGH,0,6,0,0,0,0,1,0.6,3.280737874337572,inf,0.0,0,0,0,CLEAR,none,nan,0.0,0.0,0,0,0,0,0.7484470264493637,0,0,1,1,0.0,0.6,"1.872,26.227;2.018,26.233;2.244,26.241;2.550,26.252;2.936,26.267;3.355,26.283;3.775,26.298;4.195,26.314;4.583,26.329;4.881,26.340;5.084,26.348;5.150,26.350",5.15,26.35,2.0,5.15,26.35,2.0,5.15,26.35,2.0,6.2843774115729065,0.0,0.0,0,0,5,1,,,0,1,PASS_THROUGH,-1,0.9989228308842619,0.01723972472341615,0.04308096829962268,0.6760795459261604,0,0.9992229320610061,0.013053456637074573,0.03719058097462342,3.2830090894296844,0.6566018178859369,0,0,0,BYPASS_VISIBLE,1,0,1,1,1
1787562376226518272,1787562376242289920,joint_v2_000004_81a34ddb,1316,180,0.03333333333333333,6.0,15.771865844726562,frame_id_exact,1,,1.8891534805297852,26.2279052734375,1.8826488256454468,-0.002979576762031415,0.008673712621736322,-0.6981904896169742,0.7158532873711517,0.5276654958724976,0.016857044771313667,0.14076721668243408,0.5255459193837506,0.004869693057443194,0.1493593569011492,-1.5458832866445869,0.016210678964853287,depth/001316.png,1.0,0.008257587071297052,0.016377686964483783,-0.9998317776633494,0.5255459193837506,0.004869693057443194,0.1493593569011492,0.016210678964853287,0.9992757419310462,0.012503714889318293,0.03593951449482693,3.263131493794785,0.6526262987589571,0.6,0.0,0.11735117435455322,0.028928447318552156,0.6,0.0,0.11735117435455322,0.028928447318552156,goal_capture,TERMINAL_SETTLING,NONE,DIRECT_LOCAL,PASS_THROUGH,0,6,0,0,0,0,1,0.6,3.2631314937947855,inf,0.0,0,0,0,CLEAR,none,nan,0.0,0.0,0,0,0,0,0.0,0,0,1,1,0.0,0.6,"1.872,26.227;2.018,26.233;2.244,26.241;2.550,26.252;2.936,26.267;3.355,26.283;3.775,26.298;4.195,26.314;4.583,26.329;4.881,26.340;5.084,26.348;5.150,26.350",5.15,26.35,2.0,5.15,26.35,2.0,5.15,26.35,2.0,6.2843774115729065,0.0,0.0,0,0,5,1,,,1,1,PASS_THROUGH,-1,0.9999217243928186,0.012511797924046915,0.0,0.6526262987589571,0,0.9992757419310462,0.012503714889318293,0.03593951449482693,3.2652409472989556,0.6530481894597912,0,0,0,BYPASS_VISIBLE,1,0,1,1,1
1787562376285668608,1787562376304544512,joint_v2_000004_81a34ddb,1317,181,0.03333333333333333,6.033333333333333,18.875837326049805,frame_id_exact,1,,1.9069042205810547,26.228422164916992,1.8872476816177368,-0.017772795305114365,0.024781285314565808,-0.69763434474705,0.7158046777400625,0.5397343635559082,0.014085265807807446,0.13459636270999908,0.5308662267709017,0.0018164752084101228,0.16674983796868403,-1.5454077338919547,0.017457783222198486,depth/001317.png,1.0,0.01067929508314083,0.060020251516668593,-0.9981400312904012,0.5308662267709017,0.0018164752084101228,0.16674983796868403,0.017457783222198486,0.9993240827969533,0.012074485073762312,0.03472152577626351,3.245373846642086,0.6490747693284172,0.6,0.0,0.11275231838226318,0.028426782498971702,0.6,0.0,0.11275231838226318,0.028426782498971702,goal_capture,TERMINAL_SETTLING,NONE,DIRECT_LOCAL,PASS_THROUGH,0,6,0,0,0,0,1,0.6,3.245373846642086,inf,0.0,0,0,0,CLEAR,none,nan,0.0,0.0,0,0,0,0,0.0,0,0,1,1,0.0,0.6,"1.872,26.227;2.018,26.233;2.244,26.241;2.550,26.252;2.936,26.267;3.355,26.283;3.775,26.298;4.195,26.314;4.583,26.329;4.881,26.340;5.084,26.348;5.150,26.350",5.15,26.35,2.0,5.15,26.35,2.0,5.15,26.35,2.0,6.2843774115729065,0.0,0.0,0,0,5,1,,,0,1,PASS_THROUGH,-1,0.9992757419310462,0.012503714889318293,0.03593951449482693,0.6526262987589571,0,0.9993240827969533,0.012074485073762312,0.03472152577626351,3.2473319032351813,0.6494663806470362,0,0,0,BYPASS_VISIBLE,1,0,1,1,1
1787562376334193408,1787562376350022400,joint_v2_000004_81a34ddb,1318,182,0.03333333333333333,6.066666666666666,15.828847885131836,frame_id_exact,1,,1.9252690076828003,26.228843688964844,1.8915780782699585,-0.02851153956720576,0.035067216372668186,-0.6969677133652231,0.71567687469544,0.5637327432632446,0.0112772136926651,0.12471674382686615,0.550373379250532,-0.002088035985426808,0.17481656410255667,-1.5447793775729806,0.018630610778927803,depth/001318.png,1.0,0.010450346562364897,0.0896915342791105,-0.9959147648947603,0.550373379250532,-0.002088035985426808,0.17481656410255667,0.018630610778927803,0.9993695488754907,0.011529608273375007,0.03357935248721563,3.227006170510791,0.6454012341021582,0.6,0.0,0.1084219217300415,0.015408402773096994,0.6,0.0,0.1084219217300415,0.015408402773096994,goal_capture,TERMINAL_SETTLING,NONE,DIRECT_LOCAL,PASS_THROUGH,0,6,0,0,0,0,1,0.6,3.227006170510791,inf,0.0,0,0,0,CLEAR,none,nan,0.0,0.0,0,0,0,0,0.660985306326308,0,0,1,1,0.0,0.6,"1.925,26.229;2.078,26.232;2.294,26.239;2.514,26.248;2.734,26.257;2.954,26.266;3.174,26.275;3.393,26.284;3.613,26.292;3.833,26.301;4.053,26.309;4.273,26.317;4.493,26.325;4.712,26.334;4.932,26.342;5.113,26.349;5.150,26.350",5.15,26.35,2.0,5.15,26.35,2.0,5.15,26.35,2.0,6.2843774115729065,0.0,0.0,0,0,5,1,,,0,1,PASS_THROUGH,-1,0.9992757419310462,0.012503714889318293,0.03593951449482693,0.6526262987589571,0,0.9993695488754907,0.011529608273375007,0.03357935248721563,3.228827052913543,0.6457654105827086,0,0,0,BYPASS_VISIBLE,1,0,1,1,1
1787562376380426496,1787562376397089024,joint_v2_000004_81a34ddb,1319,183,0.03333333333333333,6.1,16.66259765625,frame_id_exact,1,,1.944557547569275,26.22917938232422,1.8955304622650146,-0.03293790259659313,0.03741712994075308,-0.6965225137421811,0.7158012578990116,0.5941033959388733,0.00913596898317337,0.11219487339258194,0.580055053582067,-0.005994597460278124,0.17067571656839559,-1.5438795899594395,0.018731961026787758,depth/001319.png,1.0,0.007682475929175328,0.09927773102909529,-0.9950301059190683,0.580055053582067,-0.005994597460278124,0.17067571656839559,0.018731961026787758,0.9994122450201263,0.010751857381875077,0.032550914989762224,3.20771864999109,0.6415437299982181,0.6,0.0,0.10446953773498535,0.014386268659053614,0.6,0.0,0.10446953773498535,0.014386268659053614,goal_capture,TERMINAL_SETTLING,NONE,DIRECT_LOCAL,PASS_THROUGH,0,6,0,0,0,0,1,0.6,3.20771864999109,inf,0.0,0,0,0,CLEAR,none,nan,0.0,0.0,0,0,0,0,0.0,0,0,1,1,0.0,0.6,"1.925,26.229;2.078,26.232;2.294,26.239;2.514,26.248;2.734,26.257;2.954,26.266;3.174,26.275;3.393,26.284;3.613,26.292;3.833,26.301;4.053,26.309;4.273,26.317;4.493,26.325;4.712,26.334;4.932,26.342;5.113,26.349;5.150,26.350",5.15,26.35,2.0,5.15,26.35,2.0,5.15,26.35,2.0,6.2843774115729065,0.0,0.0,0,0,5,1,,,0,1,PASS_THROUGH,-1,0.9992757419310462,0.012503714889318293,0.03593951449482693,0.6526262987589571,0,0.9994122450201263,0.010751857381875077,0.032550914989762224,3.209419390141342,0.6418838780282684,0,0,0,BYPASS_VISIBLE,1,0,1,1,1
1787562376422349568,1787562376439427840,joint_v2_000004_81a34ddb,1320,184,0.03333333333333333,6.133333333333334,17.078399658203125,frame_id_exact,1,,1.9648733139038086,26.22946548461914,1.8990525007247925,-0.03023104876050185,0.031511239901753876,-0.6964364978417384,0.7162885800601797,0.6242457032203674,0.008188371546566486,0.09934625029563904,0.6131873459391054,-0.008971388251630163,0.15342821721728322,-1.54282605870399,0.017646251246333122,depth/001320.png,1.0,0.0030342711206324535,0.08719946510043648,-0.9961862509013886,0.6131873459391054,-0.008971388251630163,0.15342821721728322,0.017646251246333122,0.9994503273936342,0.009849511255431442,0.03165486061866007,3.1874065595527985,0.6374813119105597,0.6,0.0,0.10094749927520752,0.01525598886938111,0.6,0.0,0.10094749927520752,0.01525598886938111,goal_capture,TERMINAL_SETTLING,NONE,DIRECT_LOCAL,PASS_THROUGH,0,6,0,0,0,0,1,0.6,3.1874065595527985,inf,0.0,0,0,0,CLEAR,none,nan,0.0,0.0,0,0,0,0,0.0,0,0,1,1,0.0,0.6,"1.925,26.229;2.078,26.232;2.294,26.239;2.514,26.248;2.734,26.257;2.954,26.266;3.174,26.275;3.393,26.284;3.613,26.292;3.833,26.301;4.053,26.309;4.273,26.317;4.493,26.325;4.712,26.334;4.932,26.342;5.113,26.349;5.150,26.350",5.15,26.35,2.0,5.15,26.35,2.0,5.15,26.35,2.0,6.2843774115729065,0.0,0.0,0,0,5,1,,,0,1,PASS_THROUGH,-1,0.9992757419310462,0.012503714889318293,0.03593951449482693,0.6526262987589571,0,0.9994503273936342,0.009849511255431442,0.03165486061866007,3.189004699508943,0.6378009399017885,0,0,0,BYPASS_VISIBLE,1,0,1,1,1
1787562376473766144,1787562376490699776,joint_v2_000004_81a34ddb,1321,185,0.03333333333333333,6.166666666666667,16.933679580688477,frame_id_exact,1,,1.9861005544662476,26.229745864868164,1.9021786451339722,-0.021168623630244278,0.01886377435187553,-0.6965472657775812,0.7169504543053015,0.6478155255317688,0.008695940487086773,0.08880271762609482,0.6417285088433007,-0.010267185425271129,0.1253219972707641,-1.541860073563328,0.01614677906036377,depth/001321.png,1.0,-0.0024411106368629858,0.05663272955153148,-0.9983920947816052,0.6417285088433007,-0.010267185425271129,0.1253219972707641,0.01614677906036377,0.9994821057975641,0.009049222377540599,0.030880928820692644,3.166183942613742,0.6332367885227483,0.6,0.0,0.09782135486602783,0.0006721988220224559,0.6,0.0,0.09782135486602783,0.0006721988220224559,goal_capture,TERMINAL_SETTLING,NONE,DIRECT_LOCAL,PASS_THROUGH,0,6,0,0,0,0,1,0.6,3.1661839426137415,inf,0.0,0,0,0,CLEAR,none,nan,0.0,0.0,0,0,0,0,0.5187367343169509,0,0,1,1,0.0,0.6,"1.986,26.230;2.156,26.233;2.376,26.239;2.595,26.248;2.815,26.257;3.035,26.267;3.255,26.277;3.475,26.286;3.694,26.295;3.914,26.304;4.134,26.312;4.354,26.320;4.574,26.328;4.794,26.336;5.013,26.345;5.150,26.350",5.15,26.35,2.0,5.15,26.35,2.0,5.15,26.35,2.0,6.2843774115729065,0.0,0.0,0,0,5,1,,,0,1,PASS_THROUGH,-1,0.9992757419310462,0.012503714889318293,0.03593951449482693,0.6526262987589571,0,0.9994821057975641,0.009049222377540599,0.030880928820692644,3.167694710026981,0.6335389420053963,0,0,0,BYPASS_VISIBLE,1,0,1,1,1
1787562376522578176,1787562376538745600,joint_v2_000004_81a34ddb,1322,186,0.03333333333333333,6.2,16.167402267456055,frame_id_exact,1,,2.007932424545288,26.230064392089844,1.9050194025039673,-0.007900046134334133,0.002418987628855057,-0.6965493765944669,0.7174612907577568,0.6598691344261169,0.01061523612588644,0.08235990256071091,0.6586124206057441,-0.009559698351229622,0.0919858845006499,-1.5411649209401799,0.014150448143482208,depth/001322.png,1.0,-0.007534484446825147,0.014705843242907824,-0.9998634755398537,0.6586124206057441,-0.009559698351229622,0.0919858845006499,0.014150448143482208,0.9995078028683153,0.008517003191606245,0.03019292403837386,3.144355768479233,0.6288711536958467,0.6,0.0,0.09498059749603271,0.00031425696768233244,0.6,0.0,0.09498059749603271,0.00031425696768233244,goal_capture,TERMINAL_SETTLING,NONE,DIRECT_LOCAL,PASS_THROUGH,0,6,0,0,0,0,1,0.6,3.1443557684792336,inf,0.0,0,0,0,CLEAR,none,nan,0.0,0.0,0,0,0,0,0.0,0,0,1,1,0.0,0.6,"1.986,26.230;2.156,26.233;2.376,26.239;2.595,26.248;2.815,26.257;3.035,26.267;3.255,26.277;3.475,26.286;3.694,26.295;3.914,26.304;4.134,26.312;4.354,26.320;4.574,26.328;4.794,26.336;5.013,26.345;5.150,26.350",5.15,26.35,2.0,5.15,26.35,2.0,5.15,26.35,2.0,6.2843774115729065,0.0,0.0,0,0,5,1,,,1,1,PASS_THROUGH,-1,0.9999636965752868,0.008520887951831391,0.0,0.6288711536958467,0,0.9995078028683153,0.008517003191606245,0.03019292403837386,3.145789966394663,0.6291579932789326,0,0,0,BYPASS_VISIBLE,1,0,1,1,1
1787562376573253376,1787562376591158272,joint_v2_000004_81a34ddb,1323,187,0.03333333333333333,6.233333333333333,17.904996871948242,frame_id_exact,1,,2.0299346446990967,26.230466842651367,1.9077199697494507,0.006574320941754721,-0.01414076314368149,-0.6962622961173287,0.7176180266181267,0.6578637957572937,0.013599899597465992,0.0802716463804245,0.660032316991951,-0.0070620624645196944,0.060997836435919835,-1.5407522353312788,0.011785184033215046,depth/001323.png,1.0,-0.011140429495449333,-0.02912706287169443,-0.9995136342437382,0.660032316991951,-0.0070620624645196944,0.060997836435919835,0.011785184033215046,0.9995295456778999,0.008244594857887337,0.029541732727792383,3.122354239520988,0.6244708479041976,0.6,0.0,0.09228003025054932,0.004014595745652563,0.6,0.0,0.09228003025054932,0.004014595745652563,goal_capture,TERMINAL_SETTLING,NONE,DIRECT_LOCAL,PASS_THROUGH,0,6,0,0,0,0,1,0.6,3.122354239520988,inf,0.0,0,0,0,CLEAR,none,nan,0.0,0.0,0,0,0,0,0.0,0,0,1,1,0.0,0.6,"1.986,26.230;2.156,26.233;2.376,26.239;2.595,26.248;2.815,26.257;3.035,26.267;3.255,26.277;3.475,26.286;3.694,26.295;3.914,26.304;4.134,26.312;4.354,26.320;4.574,26.328;4.794,26.336;5.013,26.345;5.150,26.350",5.15,26.35,2.0,5.15,26.35,2.0,5.15,26.35,2.0,6.2843774115729065,0.0,0.0,0,0,5,1,,,0,1,PASS_THROUGH,-1,0.9995078028683153,0.008517003191606245,0.03019292403837386,0.6288711536958467,0,0.9995295456778999,0.008244594857887337,0.029541732727792383,3.123717593035217,0.6247435186070434,0,0,0,BYPASS_VISIBLE,1,0,1,1,1
1787562376618095616,1787562376635321856,joint_v2_000004_81a34ddb,1324,188,0.03333333333333333,6.266666666666667,17.226219177246094,frame_id_exact,1,,2.05163836479187,26.230976104736328,1.9104092121124268,0.019071421009034677,-0.02720840611420985,-0.6957674633433002,0.7174981675866844,0.6423539519309998,0.017062842845916748,0.08141381293535233,0.6465157868165784,-0.0034500589075308723,0.03928592107238078,-1.5404546200753255,0.009607575833797455,depth/001324.png,1.0,-0.012505414624183458,-0.06522886666190941,-0.9977919670748407,0.6465157868165784,-0.0034500589075308723,0.03928592107238078,0.009607575833797455,0.9995503991610863,0.008051073618944712,0.028882170114016514,3.1006469502626928,0.6201293900525385,0.6,0.0,0.08959078788757324,0.008796833012036376,0.6,0.0,0.08959078788757324,0.008796833012036376,goal_capture,TERMINAL_SETTLING,NONE,DIRECT_LOCAL,PASS_THROUGH,0,6,0,0,0,0,1,0.6,3.1006469502626928,inf,0.0,0,0,0,CLEAR,none,nan,0.0,0.0,0,0,0,0,0.46149004968681395,0,0,1,1,0.0,0.6,"2.052,26.231;2.220,26.236;2.468,26.244;2.797,26.257;3.201,26.274;3.620,26.291;4.040,26.308;4.449,26.323;4.781,26.336;5.020,26.345;5.150,26.350",5.15,26.35,2.0,5.15,26.35,2.0,5.15,26.35,2.0,6.2843774115729065,0.0,0.0,0,0,5,1,,,0,1,PASS_THROUGH,-1,0.9995078028683153,0.008517003191606245,0.03019292403837386,0.6288711536958467,0,0.9995503991610863,0.008051073618944712,0.028882170114016514,3.101941008376474,0.6203882016752947,0,0,0,BYPASS_VISIBLE,1,0,1,1,1
1787562376667089664,1787562376681593344,joint_v2_000004_81a34ddb,1325,189,0.03333333333333333,6.3,14.503717422485352,frame_id_exact,1,,2.0726473331451416,26.23160171508789,1.913167119026184,0.026917353000951896,-0.03402265621503262,-0.6953300412072929,0.7173799891035157,0.6170023083686829,0.020308485254645348,0.08414240181446075,0.622283060176976,0.000387348596388165,0.03078749529550283,-1.5400723182676128,0.00788197573274374,depth/001325.png,1.0,-0.011381457146939264,-0.0859338907009971,-0.9962358299429916,0.622283060176976,0.000387348596388165,0.03078749529550283,0.00788197573274374,0.9995728599669143,0.007727947193330031,0.02818468466633334,3.079629456617929,0.6159258913235858,0.6,0.0,0.08683288097381592,0.008212359904152741,0.6,0.0,0.08683288097381592,0.008212359904152741,goal_capture,TERMINAL_SETTLING,NONE,DIRECT_LOCAL,PASS_THROUGH,0,6,0,0,0,0,1,0.6,3.079629456617929,inf,0.0,0,0,0,CLEAR,none,nan,0.0,0.0,0,0,0,0,0.0,0,0,1,1,0.0,0.6,"2.052,26.231;2.220,26.236;2.468,26.244;2.797,26.257;3.201,26.274;3.620,26.291;4.040,26.308;4.449,26.323;4.781,26.336;5.020,26.345;5.150,26.350",5.15,26.35,2.0,5.15,26.35,2.0,5.15,26.35,2.0,6.2843774115729065,0.0,0.0,0,0,5,1,,,0,1,PASS_THROUGH,-1,0.9995078028683153,0.008517003191606245,0.03019292403837386,0.6288711536958467,0,0.9995728599669143,0.007727947193330031,0.02818468466633334,3.08085337841434,0.616170675682868,0,0,0,BYPASS_VISIBLE,1,0,1,1,1
1787562376707648256,1787562376723869696,joint_v2_000004_81a34ddb,1326,190,0.03333333333333333,6.333333333333333,16.22152328491211,frame_id_exact,1,,2.0927276611328125,26.232322692871094,1.9160224199295044,0.028521142649781468,-0.03325100457329073,-0.6951751274890028,0.7175043255879832,0.5877095460891724,0.022702157497406006,0.08712122589349747,0.5934900535924852,0.003621041194600416,0.0355591179308488,-1.5395383958335285,0.006463978905230761,depth/001326.png,1.0,-0.00806110126757608,-0.08715862913060982,-0.9961618302336356,0.5934900535924852,0.003621041194600416,0.0355591179308488,0.006463978905230761,0.9995975103204175,0.0072112455112995,0.027437479829581814,3.059536256136795,0.611907251227359,0.6,0.0,0.0839775800704956,0.008590071198178381,0.6,0.0,0.0839775800704956,0.008590071198178381,goal_capture,TERMINAL_SETTLING,NONE,DIRECT_LOCAL,PASS_THROUGH,0,6,0,0,0,0,1,0.6,3.059536256136795,inf,0.0,0,0,0,CLEAR,none,nan,0.0,0.0,0,0,0,0,0.0,0,0,1,1,0.0,0.6,"2.052,26.231;2.220,26.236;2.468,26.244;2.797,26.257;3.201,26.274;3.620,26.291;4.040,26.308;4.449,26.323;4.781,26.336;5.020,26.345;5.150,26.350",5.15,26.35,2.0,5.15,26.35,2.0,5.15,26.35,2.0,6.2843774115729065,0.0,0.0,0,0,5,1,,,0,1,PASS_THROUGH,-1,0.9995078028683153,0.008517003191606245,0.03019292403837386,0.6288711536958467,0,0.9995975103204175,0.0072112455112995,0.027437479829581814,3.0606885396214447,0.6121377079242889,0,0,0,BYPASS_VISIBLE,1,0,1,1,1
1787562376753262080,1787562376777628672,joint_v2_000004_81a34ddb,1327,191,0.03333333333333333,6.366666666666666,24.36661720275879,frame_id_exact,1,,2.1118581295013428,26.23310089111328,1.918968915939331,0.023693155429201813,-0.025242473299068997,-0.6953050977163477,0.7178804030040197,0.5611338019371033,0.02381950244307518,0.08954434096813202,0.5664551180456321,0.00565296680403677,0.05053063010355753,-1.538963500924543,0.005273633170872927,depth/001327.png,1.0,-0.0032942103076881515,-0.06912014466352748,-0.997602903855107,0.5664551180456321,0.00565296680403677,0.05053063010355753,0.005273633170872927,0.999623096798561,0.006622974886906236,0.026642082322937355,3.0403900123069065,0.6080780024613813,0.6,0.0,0.08103108406066895,0.018382152553575535,0.6,0.0,0.08103108406066895,0.018382152553575535,goal_capture,TERMINAL_SETTLING,NONE,DIRECT_LOCAL,PASS_THROUGH,0,6,0,0,0,0,1,0.6,3.0403900123069065,inf,0.0,0,0,0,CLEAR,none,nan,0.0,0.0,0,0,0,0,0.3796060312210364,0,0,1,1,0.0,0.6,"2.112,26.233;2.264,26.239;2.496,26.249;2.808,26.260;3.200,26.275;3.620,26.291;4.040,26.307;4.449,26.323;4.781,26.336;5.020,26.345;5.150,26.350",5.15,26.35,2.0,5.15,26.35,2.0,5.15,26.35,2.0,6.2843774115729065,0.0,0.0,0,0,5,1,,,0,1,PASS_THROUGH,-1,0.9995078028683153,0.008517003191606245,0.03019292403837386,0.6288711536958467,0,0.999623096798561,0.006622974886906236,0.026642082322937355,3.0414696223239908,0.6082939244647981,0,0,0,BYPASS_VISIBLE,1,0,1,1,1
1787562376818923776,1787562376836720896,joint_v2_000004_81a34ddb,1328,192,0.03333333333333333,6.4,17.797231674194336,frame_id_exact,1,,2.1302318572998047,26.233888626098633,1.9219783544540405,0.01363806951776094,-0.011894022093483681,-0.695501555267565,0.7182966809882019,0.5431135296821594,0.023532748222351074,0.09080927073955536,0.5465162008445259,0.006164019268069665,0.07109477544720741,-1.5385184272542498,0.004918208345770836,depth/001328.png,1.0,0.0018837239342004604,-0.03613698186819746,-0.9993450705965369,0.5465162008445259,0.006164019268069665,0.07109477544720741,0.004918208345770836,0.9996479578624807,0.006151506541121134,0.02580928725568552,3.0219995841853207,0.6043999168370642,0.6,0.0,0.07802164554595947,0.016980066859031938,0.6,0.0,0.07802164554595947,0.016980066859031938,goal_capture,TERMINAL_SETTLING,NONE,DIRECT_LOCAL,PASS_THROUGH,0,6,0,0,0,0,1,0.6,3.021999584185321,inf,0.0,0,0,0,CLEAR,none,nan,0.0,0.0,0,0,0,0,0.0,0,0,1,1,0.0,0.6,"2.112,26.233;2.264,26.239;2.496,26.249;2.808,26.260;3.200,26.275;3.620,26.291;4.040,26.307;4.449,26.323;4.781,26.336;5.020,26.345;5.150,26.350",5.15,26.35,2.0,5.15,26.35,2.0,5.15,26.35,2.0,6.2843774115729065,0.0,0.0,0,0,5,1,,,1,1,PASS_THROUGH,-1,0.9999810666926799,0.006153556383900045,0.0,0.6043999168370642,0,0.9996479578624807,0.006151506541121134,0.02580928725568552,3.023006593441363,0.6046013186882726,0,0,0,BYPASS_VISIBLE,1,0,1,1,1
1787562376868106240,1787562376885131264,joint_v2_000004_81a34ddb,1329,193,0.03333333333333333,6.433333333333334,17.025232315063477,frame_id_exact,1,,2.148203134536743,26.234651565551758,1.9250000715255737,0.0006553555901701854,0.0037981026975265697,-0.6955038954912733,0.7185119875697368,0.5373936891555786,0.02202230505645275,0.09015131741762161,0.5374292922014434,0.005108493856630928,0.09245473633485318,-1.5382701206406457,0.005495254881680012,depth/001329.png,1.0,0.0063695693681782815,0.00434142874789505,-0.999970289849899,0.5374292922014434,0.005108493856630928,0.09245473633485318,0.005495254881680012,0.9996711906783464,0.005879493536527636,0.02495880773376,3.0040122640952545,0.6008024528190509,0.6,0.0,0.07499992847442627,0.01567739249654372,0.6,0.0,0.07499992847442627,0.01567739249654372,goal_capture,TERMINAL_SETTLING,NONE,DIRECT_LOCAL,PASS_THROUGH,0,6,0,0,0,0,1,0.6,3.0040122640952545,inf,0.0,0,0,0,CLEAR,none,nan,0.0,0.0,0,0,0,0,0.0,0,0,1,1,0.0,0.6,"2.112,26.233;2.264,26.239;2.496,26.249;2.808,26.260;3.200,26.275;3.620,26.291;4.040,26.307;4.449,26.323;4.781,26.336;5.020,26.345;5.150,26.350",5.15,26.35,2.0,5.15,26.35,2.0,5.15,26.35,2.0,6.2843774115729065,0.0,0.0,0,0,5,1,,,0,1,PASS_THROUGH,-1,0.9996479578624807,0.006151506541121134,0.02580928725568552,0.6043999168370642,0,0.9996711906783464,0.005879493536527636,0.02495880773376,3.004948364299438,0.6009896728598876,0,0,0,BYPASS_VISIBLE,1,0,1,1,1
1787562376911401984,1787562376929248000,joint_v2_000004_81a34ddb,1330,194,0.03333333333333333,6.466666666666667,17.846107482910156,frame_id_exact,1,,2.166205883026123,26.235349655151367,1.9279556274414062,-0.012364437421513788,0.018376023085061022,-0.6952224733494665,0.7184533074686742,0.5448738932609558,0.019725047051906586,0.08671130239963531,0.5409602730519879,0.0027190829330509527,0.11022738575288113,-1.5381330645740003,0.006515305954962969,depth/001330.png,1.0,0.009212559595646572,0.04331739035999809,-0.9990188849256535,0.5409602730519879,0.0027190829330509527,0.11022738575288113,0.006515305954962969,0.9996925793276465,0.005740490492306928,0.02412039813404609,2.9859959869467056,0.5971991973893411,0.6,0.0,0.07204437255859375,0.01264972209678297,0.6,0.0,0.07204437255859375,0.01264972209678297,goal_capture,TERMINAL_SETTLING,NONE,DIRECT_LOCAL,PASS_THROUGH,0,6,0,0,0,0,1,0.6,2.9859959869467056,inf,0.0,0,0,0,CLEAR,none,nan,0.0,0.0,0,0,0,0,0.32900340500417863,0,0,1,1,0.0,0.6,"2.166,26.235;2.315,26.241;2.544,26.249;2.853,26.261;3.242,26.276;3.661,26.293;4.081,26.309;4.486,26.324;4.809,26.337;5.038,26.346;5.150,26.350",5.15,26.35,2.0,5.15,26.35,2.0,5.15,26.35,2.0,6.2843774115729065,0.0,0.0,0,0,5,1,,,0,1,PASS_THROUGH,-1,0.9996479578624807,0.006151506541121134,0.02580928725568552,0.6043999168370642,0,0.9996925793276465,0.005740490492306928,0.02412039813404609,2.9868649828338727,0.5973729965667746,0,0,0,BYPASS_VISIBLE,1,0,1,1,1
1787562376961112832,1787562376977707008,joint_v2_000004_81a34ddb,1331,195,0.03333333333333333,6.5,16.59417152404785,frame_id_exact,1,,2.1846532821655273,26.235965728759766,1.9307435750961304,-0.022551946435404053,0.028651027537824343,-0.6948016996511117,0.7182764972452655,0.5635209083557129,0.01723017357289791,0.08009961247444153,0.5565258550153852,-0.0005103253064699039,0.12061240906901669,-1.5379293915911871,0.0074059320613741875,depth/001331.png,1.0,0.009820457977173097,0.07221063144343207,-0.997341056666003,0.5565258550153852,-0.0005103253064699039,0.12061240906901669,0.0074059320613741875,0.9997122731772559,0.0055682084229234504,0.023331650471461785,2.9675385375743604,0.593507707514872,0.6,0.0,0.06925642490386963,0.012484855421279386,0.6,0.0,0.06925642490386963,0.012484855421279386,goal_capture,TERMINAL_SETTLING,NONE,DIRECT_LOCAL,PASS_THROUGH,0,6,0,0,0,0,1,0.6,2.9675385375743604,inf,0.0,0,0,0,CLEAR,none,nan,0.0,0.0,0,0,0,0,0.0,0,0,1,1,0.0,0.6,"2.166,26.235;2.315,26.241;2.544,26.249;2.853,26.261;3.242,26.276;3.661,26.293;4.081,26.309;4.486,26.324;4.809,26.337;5.038,26.346;5.150,26.350",5.15,26.35,2.0,5.15,26.35,2.0,5.15,26.35,2.0,6.2843774115729065,0.0,0.0,0,0,5,1,,,0,1,PASS_THROUGH,-1,0.9996479578624807,0.006151506541121134,0.02580928725568552,0.6043999168370642,0,0.9997122731772559,0.0055682084229234504,0.023331650471461785,2.968346580906522,0.5936693161813044,0,0,0,BYPASS_VISIBLE,1,0,1,1,1
1787562377004062720,1787562377020675072,joint_v2_000004_81a34ddb,1332,196,0.03333333333333333,6.533333333333333,16.612529754638672,frame_id_exact,1,,2.2038497924804688,26.23650360107422,1.9332658052444458,-0.027689437919633263,0.03241165607661372,-0.6944935319966926,0.7182349988637597,0.5889679193496704,0.015143832191824913,0.07097460329532623,0.5810024835410543,-0.0038772565511261143,0.12071048417692033,-1.5375326652707801,0.00783322099596262,depth/001332.png,1.0,0.008098100451099932,0.08479441783851094,-0.9963655591561321,0.5810024835410543,-0.0038772565511261143,0.12071048417692033,0.00783322099596262,0.9997302072566309,0.005239561640035758,0.022628735988427483,2.948335543630761,0.5896671087261522,0.6,0.0,0.0667341947555542,0.01245193229876632,0.6,0.0,0.0667341947555542,0.01245193229876632,goal_capture,TERMINAL_SETTLING,NONE,DIRECT_LOCAL,PASS_THROUGH,0,6,0,0,0,0,1,0.6,2.9483355436307614,inf,0.0,0,0,0,CLEAR,none,nan,0.0,0.0,0,0,0,0,0.0,0,0,1,1,0.0,0.6,"2.166,26.235;2.315,26.241;2.544,26.249;2.853,26.261;3.242,26.276;3.661,26.293;4.081,26.309;4.486,26.324;4.809,26.337;5.038,26.346;5.150,26.350",5.15,26.35,2.0,5.15,26.35,2.0,5.15,26.35,2.0,6.2843774115729065,0.0,0.0,0,0,5,1,,,0,1,PASS_THROUGH,-1,0.9996479578624807,0.006151506541121134,0.02580928725568552,0.6043999168370642,0,0.9997302072566309,0.005239561640035758,0.022628735988427483,2.949090695551117,0.5898181391102234,0,0,0,BYPASS_VISIBLE,1,0,1,1,1
1787562377047536128,1787562377065245696,joint_v2_000004_81a34ddb,1333,197,0.03333333333333333,6.566666666666666,17.70949363708496,frame_id_exact,1,,2.2239301204681396,26.23698616027832,1.9354653358459473,-0.026718847016934145,0.028937699251439842,-0.6944434487406405,0.7184685165526215,0.6155765652656555,0.013959518633782864,0.06107339635491371,0.6089905728384368,-0.006595390373259709,0.10929921603932122,-1.5369677247081917,0.007824736647307873,depth/001333.png,1.0,0.0044721951696291284,0.07858449209408488,-0.9968974255522378,0.6089905728384368,-0.006595390373259709,0.10929921603932122,0.007824736647307873,0.9997458388114993,0.004774115413373497,0.022033283938434838,2.928251537670942,0.5856503075341883,0.6,0.0,0.06453466415405273,-0.0008153100698378088,0.6,0.0,0.06453466415405273,-0.0008153100698378088,goal_capture,TERMINAL_SETTLING,NONE,DIRECT_LOCAL,PASS_THROUGH,0,6,0,0,0,0,1,0.6,2.928251537670942,inf,0.0,0,0,0,CLEAR,none,nan,0.0,0.0,0,0,0,0,0.27360412445032756,0,0,1,1,0.0,0.6,"2.224,26.237;2.387,26.241;2.607,26.248;2.827,26.257;3.047,26.267;3.266,26.276;3.486,26.285;3.706,26.294;3.926,26.303;4.146,26.311;4.365,26.320;4.585,26.328;4.805,26.337;5.022,26.345;5.150,26.350",5.15,26.35,2.0,5.15,26.35,2.0,5.15,26.35,2.0,6.2843774115729065,0.0,0.0,0,0,5,1,,,0,1,PASS_THROUGH,-1,0.9996479578624807,0.006151506541121134,0.02580928725568552,0.6043999168370642,0,0.9997458388114993,0.004774115413373497,0.022033283938434838,2.9289625792675658,0.5857925158535131,0,0,0,BYPASS_VISIBLE,1,0,1,1,1
1787562377093595136,1787562377108998656,joint_v2_000004_81a34ddb,1334,198,0.03333333333333333,6.6,15.403509140014648,frame_id_exact,1,,2.2448368072509766,26.237443923950195,1.9373526573181152,-0.01997398990893183,0.019149795819160428,-0.6945772724140956,0.7188857612256606,0.6376242637634277,0.013964512385427952,0.05258430168032646,0.6338418889637953,-0.007983786520901601,0.08778118862729083,-1.5363981469570513,0.006991703528910875,depth/001334.png,1.0,-0.00021392777079884753,0.05532005977551085,-0.9984686500944047,0.6338418889637953,-0.007983786520901601,0.08778118862729083,0.006991703528910875,0.9997585686767405,0.004324895527088838,0.02154297184965533,2.9073427810905668,0.5814685562181133,0.6,0.0,0.06264734268188477,-0.0011910881863238902,0.6,0.0,0.06264734268188477,-0.0011910881863238902,goal_capture,TERMINAL_SETTLING,NONE,DIRECT_LOCAL,PASS_THROUGH,0,6,0,0,0,0,1,0.6,2.9073427810905668,inf,0.0,0,0,0,CLEAR,none,nan,0.0,0.0,0,0,0,0,0.0,0,0,1,1,0.0,0.6,"2.224,26.237;2.387,26.241;2.607,26.248;2.827,26.257;3.047,26.267;3.266,26.276;3.486,26.285;3.706,26.294;3.926,26.303;4.146,26.311;4.365,26.320;4.585,26.328;4.805,26.337;5.022,26.345;5.150,26.350",5.15,26.35,2.0,5.15,26.35,2.0,5.15,26.35,2.0,6.2843774115729065,0.0,0.0,0,0,5,1,,,1,1,PASS_THROUGH,-1,0.999990643253123,0.004325899467768918,0.0,0.5814685562181133,0,0.9997585686767405,0.004324895527088838,0.02154297184965533,2.908017664372851,0.5816035328745702,0,0,0,BYPASS_VISIBLE,1,0,1,1,1
1787562377140651264,1787562377156326912,joint_v2_000004_81a34ddb,1335,199,0.03333333333333333,6.633333333333334,15.675783157348633,frame_id_exact,1,,2.2663350105285645,26.237926483154297,1.9390065670013428,-0.009070484795148787,0.00535570797771488,-0.6946797730504529,0.7192420007286907,0.6504024863243103,0.015189367346465588,0.047225043177604675,0.6494338544130971,-0.007674044997140819,0.060506971299905274,-1.5360062333277429,0.0055333287455141544,depth/001335.png,1.0,-0.0048980643954825666,0.02048875126825091,-0.9997780853952768,0.6494338544130971,-0.007674044997140819,0.060506971299905274,0.0055333287455141544,0.9997685012461575,0.00405439671975618,0.021130683454422514,2.88584203390994,0.577168406781988,0.6,0.0,0.06099343299865723,0.0011423894500204451,0.6,0.0,0.06099343299865723,0.0011423894500204451,goal_capture,TERMINAL_SETTLING,NONE,DIRECT_LOCAL,PASS_THROUGH,0,6,0,0,0,0,1,0.6,2.88584203390994,inf,0.0,0,0,0,CLEAR,none,nan,0.0,0.0,0,0,0,0,0.0,0,0,1,1,0.0,0.6,"2.224,26.237;2.387,26.241;2.607,26.248;2.827,26.257;3.047,26.267;3.266,26.276;3.486,26.285;3.706,26.294;3.926,26.303;4.146,26.311;4.365,26.320;4.585,26.328;4.805,26.337;5.022,26.345;5.150,26.350",5.15,26.35,2.0,5.15,26.35,2.0,5.15,26.35,2.0,6.2843774115729065,0.0,0.0,0,0,5,1,,,0,1,PASS_THROUGH,-1,0.9997585686767405,0.004324895527088838,0.02154297184965533,0.5814685562181133,0,0.9997685012461575,0.00405439671975618,0.021130683454422514,2.88648652232267,0.577297304464534,0,0,0,BYPASS_VISIBLE,1,0,1,1,1
1787562377185454336,1787562377201228544,joint_v2_000004_81a34ddb,1336,200,0.03333333333333333,6.666666666666667,15.774250030517578,frame_id_exact,1,,2.288062334060669,26.238468170166016,1.9405437707901,0.0034921691311455157,-0.00930896351699499,-0.6945772585030062,0.7193494143484422,0.6511672139167786,0.01740061677992344,0.04554634168744087,0.6520895021661048,-0.005758993791459363,0.033795063853204,-1.535836380470863,0.004159220959991217,depth/001336.png,1.0,-0.008541632385602967,-0.017955768356868237,-0.9998022959059975,0.6520895021661048,-0.005758993791459363,0.033795063853204,0.004159220959991217,0.9997766377092809,0.00399021323781726,0.02075458718072222,2.8641100804243513,0.5728220160848703,0.6,0.0,0.0594562292098999,-0.0010244692489361218,0.6,0.0,0.0594562292098999,-0.0010244692489361218,goal_capture,TERMINAL_SETTLING,NONE,DIRECT_LOCAL,PASS_THROUGH,0,6,0,0,0,0,1,0.6,2.8641100804243513,inf,0.0,0,0,0,CLEAR,none,nan,0.0,0.0,0,0,0,0,0.22867224074900605,0,0,1,1,0.0,0.6,"2.288,26.238;2.458,26.243;2.678,26.251;2.898,26.260;3.118,26.269;3.338,26.278;3.557,26.288;3.777,26.297;3.997,26.305;4.217,26.314;4.437,26.322;4.657,26.331;4.876,26.339;5.077,26.347;5.150,26.350",5.15,26.35,2.0,5.15,26.35,2.0,5.15,26.35,2.0,6.2843774115729065,0.0,0.0,0,0,5,1,,,0,1,PASS_THROUGH,-1,0.9997585686767405,0.004324895527088838,0.02154297184965533,0.5814685562181133,0,0.9997766377092809,0.00399021323781726,0.02075458718072222,2.86472714162802,0.5729454283256039,0,0,0,BYPASS_VISIBLE,1,0,1,1,1
1787562377235076864,1787562377251719424,joint_v2_000004_81a34ddb,1337,201,0.03333333333333333,6.7,16.64257049560547,frame_id_exact,1,,2.30961012840271,26.239093780517578,1.942078709602356,0.014904952085344777,-0.02158720375365155,-0.6942826439049556,0.7192241969023125,0.6398217678070068,0.020142706111073494,0.04688674211502075,0.6416974479975154,-0.0027571948158820673,0.013884266834951725,-1.5357760855653722,0.0029632840305566788,depth/001337.png,1.0,-0.010355579483993536,-0.051415246180099454,-0.9986236700748639,0.6416974479975154,-0.0027571948158820673,0.013884266834951725,0.0029632840305566788,0.9997844412900334,0.004005217078253787,0.02037226522828605,2.8425542760328,0.56851085520656,0.6,0.0,0.05792129039764404,-0.0006604801341228081,0.6,0.0,0.05792129039764404,-0.0006604801341228081,goal_capture,TERMINAL_SETTLING,NONE,DIRECT_LOCAL,PASS_THROUGH,0,6,0,0,0,0,1,0.6,2.8425542760328,inf,0.0,0,0,0,CLEAR,none,nan,0.0,0.0,0,0,0,0,0.0,0,0,1,1,0.0,0.6,"2.288,26.238;2.458,26.243;2.678,26.251;2.898,26.260;3.118,26.269;3.338,26.278;3.557,26.288;3.777,26.297;3.997,26.305;4.217,26.314;4.437,26.322;4.657,26.331;4.876,26.339;5.077,26.347;5.150,26.350",5.15,26.35,2.0,5.15,26.35,2.0,5.15,26.35,2.0,6.2843774115729065,0.0,0.0,0,0,5,1,,,0,1,PASS_THROUGH,-1,0.9997585686767405,0.004324895527088838,0.02154297184965533,0.5814685562181133,0,0.9997844412900334,0.004005217078253787,0.02037226522828605,2.8431443312068567,0.5686288662413713,0,0,0,BYPASS_VISIBLE,1,0,1,1,1
1787562377278503424,1787562377296217856,joint_v2_000004_81a34ddb,1338,202,0.03333333333333333,6.733333333333333,17.714500427246094,frame_id_exact,1,,2.33061146736145,26.239810943603516,1.9436904191970825,0.02267302264659429,-0.028813334069179557,-0.6939813069821432,0.7190588789405504,0.6190523505210876,0.02283528633415699,0.049948807805776596,0.621464626778338,0.000581398542592514,0.00485036368334571,-1.5356678830037498,0.0017844559624791145,depth/001338.png,1.0,-0.009967659609609165,-0.0725983069645923,-0.9973114516477698,0.621464626778338,0.000581398542592514,0.00485036368334571,0.0017844559624791145,0.9997931801767016,0.003933489969557613,0.01995305813194711,2.8215409488652305,0.5643081897730461,0.6,0.0,0.05630958080291748,0.001192301239274305,0.6,0.0,0.05630958080291748,0.001192301239274305,goal_capture,TERMINAL_SETTLING,NONE,DIRECT_LOCAL,PASS_THROUGH,0,6,0,0,0,0,1,0.6,2.8215409488652305,inf,0.0,0,0,0,CLEAR,none,nan,0.0,0.0,0,0,0,0,0.0,0,0,1,1,0.0,0.6,"2.288,26.238;2.458,26.243;2.678,26.251;2.898,26.260;3.118,26.269;3.338,26.278;3.557,26.288;3.777,26.297;3.997,26.305;4.217,26.314;4.437,26.322;4.657,26.331;4.876,26.339;5.077,26.347;5.150,26.350",5.15,26.35,2.0,5.15,26.35,2.0,5.15,26.35,2.0,6.2843774115729065,0.0,0.0,0,0,5,1,,,0,1,PASS_THROUGH,-1,0.9997585686767405,0.004324895527088838,0.02154297184965533,0.5814685562181133,0,0.9997931801767016,0.003933489969557613,0.01995305813194711,2.8221027789599558,0.5644205557919911,0,0,0,BYPASS_VISIBLE,1,0,1,1,1
1787562377328381440,1787562377343928064,joint_v2_000004_81a34ddb,1339,203,0.03333333333333333,6.766666666666667,15.546560287475586,frame_id_exact,1,,2.3508291244506836,26.240610122680664,1.9454150199890137,0.025159373532428232,-0.029492506340540663,-0.6938697000078249,0.7190563520366537,0.5937211513519287,0.024911794811487198,0.053498417139053345,0.5965888625534854,0.003506264787873531,0.007544461819731514,-1.5354379027006144,0.0006373779033310711,depth/001339.png,1.0,-0.007498894112632527,-0.07710992775749041,-0.9969943959864178,0.5965888625534854,0.003506264787873531,0.007544461819731514,0.0006373779033310711,0.999803363265316,0.003700374605364866,0.01948183849492545,2.8013075046812457,0.5602615009362492,0.6,0.0,0.05458498001098633,0.010525387505433432,0.6,0.0,0.05458498001098633,0.010525387505433432,goal_capture,TERMINAL_SETTLING,NONE,DIRECT_LOCAL,PASS_THROUGH,0,6,0,0,0,0,1,0.6,2.8013075046812457,inf,0.0,0,0,0,CLEAR,none,nan,0.0,0.0,0,0,0,0,0.21205657755014484,0,0,1,1,0.0,0.6,"2.351,26.241;2.510,26.247;2.748,26.257;3.067,26.269;3.465,26.284;3.885,26.301;4.305,26.317;4.670,26.331;4.944,26.342;5.119,26.349;5.150,26.350",5.15,26.35,2.0,5.15,26.35,2.0,5.15,26.35,2.0,6.2843774115729065,0.0,0.0,0,0,5,1,,,0,1,PASS_THROUGH,-1,0.9997585686767405,0.004324895527088838,0.02154297184965533,0.5814685562181133,0,0.999803363265316,0.003700374605364866,0.01948183849492545,2.8018392630246063,0.5603678526049213,0,0,0,BYPASS_VISIBLE,1,0,1,1,1
1787562377372132096,1787562377387851264,joint_v2_000004_81a34ddb,1340,204,0.03333333333333333,6.8,15.719175338745117,frame_id_exact,1,,2.3702070713043213,26.24146270751953,1.947252869606018,0.02192769972541563,-0.023605475339937197,-0.6939884944999332,0.7192648517899675,0.5696589946746826,0.025956468656659126,0.05667773261666298,0.5726879866365872,0.005434410331238269,0.0199100728261868,-1.5351430506352066,2.8488419047789648e-05,depth/001340.png,1.0,-0.0035220348030477362,-0.0643075039724286,-0.9979239150374553,0.5726879866365872,0.005434410331238269,0.0199100728261868,2.8488419047789648e-05,0.9998146091958863,0.003371387790128057,0.018957346408338287,2.7819110464365124,0.5563822092873025,0.6,0.0,0.052747130393981934,0.009420709566991866,0.6,0.0,0.052747130393981934,0.009420709566991866,goal_capture,TERMINAL_SETTLING,NONE,DIRECT_LOCAL,PASS_THROUGH,0,6,0,0,0,0,1,0.6,2.7819110464365124,inf,0.0,0,0,0,CLEAR,none,nan,0.0,0.0,0,0,0,0,0.0,0,0,1,1,0.0,0.6,"2.351,26.241;2.510,26.247;2.748,26.257;3.067,26.269;3.465,26.284;3.885,26.301;4.305,26.317;4.670,26.331;4.944,26.342;5.119,26.349;5.150,26.350",5.15,26.35,2.0,5.15,26.35,2.0,5.15,26.35,2.0,6.2843774115729065,0.0,0.0,0,0,5,1,,,1,1,PASS_THROUGH,-1,0.9999943148128814,0.0033719937597922163,0.0,0.5563822092873025,0,0.9998146091958863,0.003371387790128057,0.018957346408338287,2.7824110641762285,0.5564822128352457,0,0,0,BYPASS_VISIBLE,1,0,1,1,1
1787562377418861824,1787562377435483648,joint_v2_000004_81a34ddb,1341,205,0.03333333333333333,6.833333333333333,16.621828079223633,frame_id_exact,1,,2.388880968093872,26.242326736450195,1.9491814374923706,0.013804590266154292,-0.012570661565012327,-0.6941902095072935,0.7195494178856804,0.5522609353065491,0.025796201080083847,0.05885867401957512,0.5546421365385573,0.006025625099856554,0.03818010452148278,-1.5349047375887515,8.398840145673603e-05,depth/001341.png,1.0,0.0010755983949629518,-0.037319030151245686,-0.999302823510803,0.5546421365385573,0.006025625099856554,0.03818010452148278,8.398840145673603e-05,0.9998261694362188,0.0030843761884995122,0.01838797253710259,2.76321766063365,0.55264353212673,0.6,0.0,0.050818562507629395,0.007973156853303357,0.6,0.0,0.050818562507629395,0.007973156853303357,goal_capture,TERMINAL_SETTLING,NONE,DIRECT_LOCAL,PASS_THROUGH,0,6,0,0,0,0,1,0.6,2.76321766063365,inf,0.0,0,0,0,CLEAR,none,nan,0.0,0.0,0,0,0,0,0.0,0,0,1,1,0.0,0.6,"2.351,26.241;2.510,26.247;2.748,26.257;3.067,26.269;3.465,26.284;3.885,26.301;4.305,26.317;4.670,26.331;4.944,26.342;5.119,26.349;5.150,26.350",5.15,26.35,2.0,5.15,26.35,2.0,5.15,26.35,2.0,6.2843774115729065,0.0,0.0,0,0,5,1,,,0,1,PASS_THROUGH,-1,0.9998146091958863,0.003371387790128057,0.018957346408338287,0.5563822092873025,0,0.9998261694362188,0.0030843761884995122,0.01838797253710259,2.763684925300466,0.5527369850600932,0,0,0,BYPASS_VISIBLE,1,0,1,1,1
1787562377461958400,1787562377477382656,joint_v2_000004_81a34ddb,1342,206,0.03333333333333333,6.866666666666666,15.424251556396484,frame_id_exact,1,,2.4071412086486816,26.2431697845459,1.9511566162109375,0.002666035677808027,0.0010989225292256345,-0.6942683743140019,0.7197104341680983,0.5452693104743958,0.02453041449189186,0.05936034023761749,0.5459345654188604,0.005208804322526196,0.058071772936104375,-1.5348076227698981,0.0005475777434185147,depth/001342.png,1.0,0.005283700533041986,-0.002311653074640686,-0.9999833692460788,0.5459345654188604,0.005208804322526196,0.058071772936104375,0.0005475777434185147,0.9998374032546393,0.0029396421810118866,0.017791165135189413,2.744938440881177,0.5489876881762354,0.6,0.0,0.0488433837890625,0.011159272854054172,0.6,0.0,0.0488433837890625,0.011159272854054172,goal_capture,TERMINAL_SETTLING,NONE,DIRECT_LOCAL,PASS_THROUGH,0,6,0,0,0,0,1,0.6,2.744938440881177,inf,0.0,0,0,0,CLEAR,none,nan,0.0,0.0,0,0,0,0,0.16845599533212038,0,0,1,1,0.0,0.6,"2.407,26.243;2.556,26.250;2.785,26.259;3.094,26.271;3.483,26.285;3.903,26.301;4.322,26.318;4.684,26.332;4.953,26.342;5.125,26.349;5.150,26.350",5.15,26.35,2.0,5.15,26.35,2.0,5.15,26.35,2.0,6.2843774115729065,0.0,0.0,0,0,5,1,,,0,1,PASS_THROUGH,-1,0.9998146091958863,0.003371387790128057,0.018957346408338287,0.5563822092873025,0,0.9998374032546393,0.0029396421810118866,0.017791165135189413,2.745372965621821,0.5490745931243641,0,0,0,BYPASS_VISIBLE,1,0,1,1,1
1787562377507406336,1787562377523151104,joint_v2_000004_81a34ddb,1343,207,0.03333333333333333,6.9,15.744924545288086,frame_id_exact,1,,2.425363779067993,26.24395751953125,1.9531103372573853,-0.008980650024847252,0.014348324215076824,-0.6941243889131945,0.7196560332778672,0.5499874949455261,0.02250000275671482,0.05745302140712738,0.54825758781052,0.003171348253652821,0.07547784011058553,-1.5348164429211362,0.0014114022487774491,depth/001343.png,1.0,0.008184339756533182,0.03284500150171389,-0.9994269470347005,0.54825758781052,0.003171348253652821,0.07547784011058553,0.0014114022487774491,0.9998479094977294,0.0029199141553645494,0.01719395167916527,2.7266990197083754,0.545339803941675,0.6,0.0,0.046889662742614746,0.010965835995530651,0.6,0.0,0.046889662742614746,0.010965835995530651,goal_capture,TERMINAL_SETTLING,NONE,DIRECT_LOCAL,PASS_THROUGH,0,6,0,0,0,0,1,0.6,2.7266990197083754,inf,0.0,0,0,0,CLEAR,none,nan,0.0,0.0,0,0,0,0,0.0,0,0,1,1,0.0,0.6,"2.407,26.243;2.556,26.250;2.785,26.259;3.094,26.271;3.483,26.285;3.903,26.301;4.322,26.318;4.684,26.332;4.953,26.342;5.125,26.349;5.150,26.350",5.15,26.35,2.0,5.15,26.35,2.0,5.15,26.35,2.0,6.2843774115729065,0.0,0.0,0,0,5,1,,,0,1,PASS_THROUGH,-1,0.9998146091958863,0.003371387790128057,0.018957346408338287,0.5563822092873025,0,0.9998479094977294,0.0029199141553645494,0.01719395167916527,2.727102158803504,0.5454204317607008,0,0,0,BYPASS_VISIBLE,1,0,1,1,1
1787562377548629248,1787562377564292352,joint_v2_000004_81a34ddb,1344,208,0.03333333333333333,6.933333333333334,15.66314697265625,frame_id_exact,1,,2.443922996520996,26.24466896057129,1.9549541473388672,-0.01853730368869567,0.024238039423100436,-0.6938410135556897,0.719481433898673,0.5650742650032043,0.02020306885242462,0.05275910347700119,0.5612240248239772,0.00033260412714914767,0.08676459701130952,-1.5347927101497318,0.002471250481903553,depth/001344.png,1.0,0.009153755558141272,0.06030918335696939,-0.9981377716337546,0.5612240248239772,0.00033260412714914767,0.08676459701130952,0.002471250481903553,0.9998574843404712,0.0029002269462168953,0.016631286540885942,2.7081261744285543,0.5416252348857109,0.6,0.0,0.04504585266113281,0.010338306454677603,0.6,0.0,0.04504585266113281,0.010338306454677603,goal_capture,TERMINAL_SETTLING,NONE,DIRECT_LOCAL,PASS_THROUGH,0,6,0,0,0,0,1,0.6,2.7081261744285547,inf,0.0,0,0,0,CLEAR,none,nan,0.0,0.0,0,0,0,0,0.0,0,0,1,1,0.0,0.6,"2.407,26.243;2.556,26.250;2.785,26.259;3.094,26.271;3.483,26.285;3.903,26.301;4.322,26.318;4.684,26.332;4.953,26.342;5.125,26.349;5.150,26.350",5.15,26.35,2.0,5.15,26.35,2.0,5.15,26.35,2.0,6.2843774115729065,0.0,0.0,0,0,5,1,,,0,1,PASS_THROUGH,-1,0.9998146091958863,0.003371387790128057,0.018957346408338287,0.5563822092873025,0,0.9998574843404712,0.0029002269462168953,0.016631286540885942,2.7085007855762213,0.5417001571152442,0,0,0,BYPASS_VISIBLE,1,0,1,1,1
1787562377592582400,1787562377607347456,joint_v2_000004_81a34ddb,1345,209,0.03333333333333333,6.966666666666667,14.765024185180664,frame_id_exact,1,,2.46311092376709,26.24530792236328,1.9565998315811157,-0.02389087091620319,0.028596281833050453,-0.6936102619863628,0.7193860461667292,0.5869592428207397,0.018178671598434448,0.04573182761669159,0.5822327186283929,-0.0027006103884045242,0.08911108210017166,-1.5346131596516068,0.0033477232791483402,depth/001345.png,1.0,0.008001625775355126,0.07404286740389021,-0.9972229579043801,0.5822327186283929,-0.0027006103884045242,0.08911108210017166,0.0033477232791483402,0.9998659588482072,0.002760818339256653,0.01613822228911393,2.6889279163078426,0.5377855832615686,0.6,0.0,0.04340016841888428,0.0014421382131291419,0.6,0.0,0.04340016841888428,0.0014421382131291419,goal_capture,TERMINAL_SETTLING,NONE,DIRECT_LOCAL,PASS_THROUGH,0,6,0,0,0,0,1,0.6,2.6889279163078426,inf,0.0,0,0,0,CLEAR,none,nan,0.0,0.0,0,0,0,0,0.1582040426908008,0,0,1,1,0.0,0.6,"2.463,26.245;2.620,26.250;2.858,26.259;3.175,26.272;3.572,26.288;3.992,26.305;4.406,26.321;4.748,26.334;4.998,26.344;5.147,26.350;5.150,26.350",5.15,26.35,2.0,5.15,26.35,2.0,5.15,26.35,2.0,6.2843774115729065,0.0,0.0,0,0,5,1,,,0,1,PASS_THROUGH,-1,0.9998146091958863,0.003371387790128057,0.018957346408338287,0.5563822092873025,0,0.9998659588482072,0.002760818339256653,0.01613822228911393,2.689278139895244,0.5378556279790488,0,0,0,BYPASS_VISIBLE,1,0,1,1,1
1787562377635077888,1787562377650039552,joint_v2_000004_81a34ddb,1346,210,0.03333333333333333,7.0,14.961481094360352,frame_id_exact,1,,2.483074426651001,26.245887756347656,1.9579910039901733,-0.023898470912739243,0.02652291362279695,-0.6935706360910298,0.7195034196536353,0.610725462436676,0.01688915118575096,0.037753842771053314,0.6066958639545802,-0.005232130301979772,0.08117228599193918,-1.5342751337194238,0.003472315613180399,depth/001346.png,1.0,0.005016098756457726,0.07118109123711908,-0.9974507962819812,0.6066958639545802,-0.005232130301979772,0.08117228599193918,0.003472315613180399,0.999873033640117,0.002496982984268553,0.01573790568295442,2.668956982242542,0.5337913964485084,0.6,0.0,0.04200899600982666,0.0012619204861583945,0.6,0.0,0.04200899600982666,0.0012619204861583945,goal_capture,TERMINAL_SETTLING,NONE,DIRECT_LOCAL,PASS_THROUGH,0,6,0,0,0,0,1,0.6,2.6689569822425416,inf,0.0,0,0,0,CLEAR,none,nan,0.0,0.0,0,0,0,0,0.0,0,0,1,1,0.0,0.6,"2.463,26.245;2.620,26.250;2.858,26.259;3.175,26.272;3.572,26.288;3.992,26.305;4.406,26.321;4.748,26.334;4.998,26.344;5.147,26.350;5.150,26.350",5.15,26.35,2.0,5.15,26.35,2.0,5.15,26.35,2.0,6.2843774115729065,0.0,0.0,0,0,5,1,,,1,1,PASS_THROUGH,-1,0.9999968817607969,0.002497292270187427,0.0,0.5337913964485084,0,0.999873033640117,0.002496982984268553,0.01573790568295442,2.669287569522431,0.5338575139044862,0,0,0,BYPASS_VISIBLE,1,0,1,1,1
1787562377680409088,1787562377695921664,joint_v2_000004_81a34ddb,1347,211,0.03333333333333333,7.033333333333333,15.512466430664062,frame_id_exact,1,,2.503788948059082,26.24644660949707,1.9591264724731445,-0.018645297667159638,0.018589868956730628,-0.6936962826719579,0.7197862440017743,0.6311807632446289,0.016627924516797066,0.03069031611084938,0.6288738729550103,-0.0066337842428744465,0.06388414582646518,-1.5339081784613735,0.002898497972637415,depth/001347.png,1.0,0.0008931165436591032,0.052632703533565486,-0.9986135392941492,0.6288738729550103,-0.0066337842428744465,0.06388414582646518,0.002898497972637415,0.999878439210269,0.0022243304649654555,0.015432406047635306,2.648236438858682,0.5296472877717364,0.6,0.0,0.04087352752685547,0.002239526305930547,0.6,0.0,0.04087352752685547,0.002239526305930547,goal_capture,TERMINAL_SETTLING,NONE,DIRECT_LOCAL,PASS_THROUGH,0,6,0,0,0,0,1,0.6,2.648236438858682,inf,0.0,0,0,0,CLEAR,none,nan,0.0,0.0,0,0,0,0,0.0,0,0,1,1,0.0,0.6,"2.463,26.245;2.620,26.250;2.858,26.259;3.175,26.272;3.572,26.288;3.992,26.305;4.406,26.321;4.748,26.334;4.998,26.344;5.147,26.350;5.150,26.350",5.15,26.35,2.0,5.15,26.35,2.0,5.15,26.35,2.0,6.2843774115729065,0.0,0.0,0,0,5,1,,,0,1,PASS_THROUGH,-1,0.999873033640117,0.002496982984268553,0.01573790568295442,0.5337913964485084,0,0.999878439210269,0.0022243304649654555,0.015432406047635306,2.6485518460757764,0.5297103692151552,0,0,0,BYPASS_VISIBLE,1,0,1,1,1
1787562377721382144,1787562377737021440,joint_v2_000004_81a34ddb,1348,212,0.03333333333333333,7.066666666666666,15.639305114746094,frame_id_exact,1,,2.525066375732422,26.247013092041016,1.960065484046936,-0.009400945609100578,0.006678689247383588,-0.6938227373353015,0.7200534886299358,0.6438936591148376,0.01746511273086071,0.02612651139497757,0.6433352679001564,-0.006544865323613089,0.04078684619332967,-1.5336567627321254,0.002188122598454356,depth/001348.png,1.0,-0.003427152647985309,0.02280602027536935,-0.9997340346631832,0.6433352679001564,-0.006544865323613089,0.04078684619332967,0.002188122598454356,0.999882320718699,0.0020741820279730192,0.015200081680816095,2.6269531467122667,0.5253906293424533,0.6,0.0,0.039934515953063965,-0.004722090956401984,0.6,0.0,0.039934515953063965,-0.004722090956401984,goal_capture,TERMINAL_SETTLING,NONE,DIRECT_LOCAL,PASS_THROUGH,0,6,0,0,0,0,1,0.6,2.626953146712266,inf,0.0,0,0,0,CLEAR,none,nan,0.0,0.0,0,0,0,0,0.11885569252913224,0,0,1,1,0.0,0.6,"2.525,26.247;2.694,26.252;2.914,26.260;3.134,26.269;3.353,26.278;3.573,26.288;3.793,26.297;4.013,26.306;4.233,26.314;4.452,26.323;4.672,26.331;4.892,26.340;5.089,26.348;5.150,26.350",5.15,26.35,2.0,5.15,26.35,2.0,5.15,26.35,2.0,6.2843774115729065,0.0,0.0,0,0,5,1,,,0,1,PASS_THROUGH,-1,0.999873033640117,0.002496982984268553,0.01573790568295442,0.5337913964485084,0,0.999882320718699,0.0020741820279730192,0.015200081680816095,2.6272566681970537,0.5254513336394108,0,0,0,BYPASS_VISIBLE,1,0,1,1,1
1787562377773169664,1787562377792292096,joint_v2_000004_81a34ddb,1349,213,0.03333333333333333,7.1,19.12236213684082,frame_id_exact,1,,2.546597480773926,26.247621536254883,1.9609050750732422,0.0016978507492695935,-0.006477966143553267,-0.6937948610988103,0.7201415443996817,0.6460973024368286,0.01923241838812828,0.02473038248717785,0.6466056064906941,-0.004997357275156698,0.017303699784468836,-1.5335733733052106,0.0013275663368403912,depth/001349.png,1.0,-0.006974184836862583,-0.011434144963016993,-0.9999103065149524,0.6466056064906941,-0.004997357275156698,0.017303699784468836,0.0013275663368403912,0.999885273681942,0.002081427507301526,0.015003570692324312,2.605414751426629,0.5210829502853258,0.6,0.0,0.03909492492675781,-0.004278983156009251,0.6,0.0,0.03909492492675781,-0.004278983156009251,goal_capture,TERMINAL_SETTLING,NONE,DIRECT_LOCAL,PASS_THROUGH,0,6,0,0,0,0,1,0.6,2.605414751426629,inf,0.0,0,0,0,CLEAR,none,nan,0.0,0.0,0,0,0,0,0.0,0,0,1,1,0.0,0.6,"2.525,26.247;2.694,26.252;2.914,26.260;3.134,26.269;3.353,26.278;3.573,26.288;3.793,26.297;4.013,26.306;4.233,26.314;4.452,26.323;4.672,26.331;4.892,26.340;5.089,26.348;5.150,26.350",5.15,26.35,2.0,5.15,26.35,2.0,5.15,26.35,2.0,6.2843774115729065,0.0,0.0,0,0,5,1,,,0,1,PASS_THROUGH,-1,0.999873033640117,0.002496982984268553,0.01573790568295442,0.5337913964485084,0,0.999885273681942,0.002081427507301526,0.015003570692324312,2.6057080496683644,0.5211416099336729,0,0,0,BYPASS_VISIBLE,1,0,1,1,1
1787562377823124992,1787562377841131776,joint_v2_000004_81a34ddb,1350,214,0.03333333333333333,7.133333333333334,18.00680160522461,frame_id_exact,1,,2.568016529083252,26.248300552368164,1.9617470502853394,0.012144489887469145,-0.01792249070929944,-0.6936017587521338,0.7200332603068383,0.6373475790023804,0.021551212295889854,0.026114970445632935,0.6382411251718308,-0.0024020707255304093,-0.0009375972585751492,-1.5335954839749788,0.0003123851493000984,depth/001350.png,1.0,-0.008962699746279588,-0.042351015451253415,-0.9990625913842964,0.6382411251718308,-0.0024020707255304093,-0.0009375972585751492,0.0003123851493000984,0.9998880934291845,0.0021666772918426313,0.014802233887612126,2.583985569181051,0.5167971138362102,0.6,0.0,0.038252949714660645,-0.0017687766245216147,0.6,0.0,0.038252949714660645,-0.0017687766245216147,goal_capture,TERMINAL_SETTLING,NONE,DIRECT_LOCAL,PASS_THROUGH,0,6,0,0,0,0,1,0.6,2.583985569181051,inf,0.0,0,0,0,CLEAR,none,nan,0.0,0.0,0,0,0,0,0.0,0,0,1,1,0.0,0.6,"2.525,26.247;2.694,26.252;2.914,26.260;3.134,26.269;3.353,26.278;3.573,26.288;3.793,26.297;4.013,26.306;4.233,26.314;4.452,26.323;4.672,26.331;4.892,26.340;5.089,26.348;5.150,26.350",5.15,26.35,2.0,5.15,26.35,2.0,5.15,26.35,2.0,6.2843774115729065,0.0,0.0,0,0,5,1,,,0,1,PASS_THROUGH,-1,0.999873033640117,0.002496982984268553,0.01573790568295442,0.5337913964485084,0,0.9998880934291845,0.0021666772918426313,0.014802233887612126,2.5842686992450674,0.5168537398490135,0,0,0,BYPASS_VISIBLE,1,0,1,1,1
1787562377873060864,1787562377889642240,joint_v2_000004_81a34ddb,1351,215,0.03333333333333333,7.166666666666667,16.581296920776367,frame_id_exact,1,,2.588987350463867,26.24905776977539,1.9626673460006714,0.019623805514295968,-0.025133159390371997,-0.6933789790509397,0.7198672252342594,0.6197147965431213,0.023912766948342323,0.029237184673547745,0.6207847022955577,0.0005871093662648125,-0.009953448831997173,-1.5335984209009328,-0.0006499571027234197,depth/001351.png,1.0,-0.008971606958241445,-0.06310667764506733,-0.9979664611123905,0.6207847022955577,0.0005871093662648125,-0.009953448831997173,-0.0006499571027234197,0.9998915203994913,0.002196434896024518,0.014564446674743376,2.563001194874244,0.5126002389748489,0.6,0.0,0.03733265399932861,0.004124213325711352,0.6,0.0,0.03733265399932861,0.004124213325711352,goal_capture,TERMINAL_SETTLING,NONE,DIRECT_LOCAL,PASS_THROUGH,0,6,0,0,0,0,1,0.6,2.563001194874244,inf,0.0,0,0,0,CLEAR,none,nan,0.0,0.0,0,0,0,0,0.1258599003310639,0,0,1,1,0.0,0.6,"2.589,26.249;2.753,26.255;2.997,26.265;3.321,26.278;3.722,26.294;4.142,26.310;4.540,26.326;4.850,26.338;5.064,26.347;5.150,26.350",5.15,26.35,2.0,5.15,26.35,2.0,5.15,26.35,2.0,6.2843774115729065,0.0,0.0,0,0,5,1,,,0,1,PASS_THROUGH,-1,0.999873033640117,0.002496982984268553,0.01573790568295442,0.5337913964485084,0,0.9998915203994913,0.002196434896024518,0.014564446674743376,2.5632730740171707,0.5126546148034341,0,0,0,BYPASS_VISIBLE,1,0,1,1,1
1787562377919156736,1787562377934876160,joint_v2_000004_81a34ddb,1352,216,0.03333333333333333,7.2,15.719413757324219,frame_id_exact,1,,2.6092777252197266,26.249887466430664,1.9637043476104736,0.022524364677532167,-0.026577634927810234,-0.6932893496152118,0.719816754478273,0.597332239151001,0.02579924650490284,0.03298191726207733,0.5987289169617698,0.003276060925556338,-0.008494900485014945,-1.5334997450457897,-0.0012929510558024049,depth/001352.png,1.0,-0.007030249555325246,-0.06927881262455671,-0.9975725646350352,0.5987289169617698,0.003276060925556338,-0.008494900485014945,-0.0012929510558024049,0.9998959591272085,0.002086009205935936,0.01427303354835391,2.54269388581133,0.508538777162266,0.6,0.0,0.03629565238952637,0.003700547458280693,0.6,0.0,0.03629565238952637,0.003700547458280693,goal_capture,TERMINAL_SETTLING,NONE,DIRECT_LOCAL,PASS_THROUGH,0,6,0,0,0,0,1,0.6,2.54269388581133,inf,0.0,0,0,0,CLEAR,none,nan,0.0,0.0,0,0,0,0,0.0,0,0,1,1,0.0,0.6,"2.589,26.249;2.753,26.255;2.997,26.265;3.321,26.278;3.722,26.294;4.142,26.310;4.540,26.326;4.850,26.338;5.064,26.347;5.150,26.350",5.15,26.35,2.0,5.15,26.35,2.0,5.15,26.35,2.0,6.2843774115729065,0.0,0.0,0,0,5,1,,,1,1,PASS_THROUGH,-1,0.9999978238371022,0.0020862217187685556,0.0,0.508538777162266,0,0.9998959591272085,0.002086009205935936,0.01427303354835391,2.5429529235368675,0.5085905847073735,0,0,0,BYPASS_VISIBLE,1,0,1,1,1
1787562377967815424,1787562377983449088,joint_v2_000004_81a34ddb,1353,217,0.03333333333333333,7.233333333333333,15.633583068847656,frame_id_exact,1,,2.628814458847046,26.250768661499023,1.9648640155792236,0.020284077143924332,-0.02203512949267262,-0.6933849831104448,0.7199446329264416,0.5753805637359619,0.0268090832978487,0.0364966057240963,0.5771337581850865,0.005103012444790856,0.002026506578067251,-1.5333238785725989,-0.0016290072817355394,depth/001353.png,1.0,-0.0035987974524757244,-0.05976448072949499,-0.998206018565321,0.5771337581850865,0.005103012444790856,0.002026506578067251,-0.0016290072817355394,0.9999013128833257,0.0018660632863595635,0.01392416252464693,2.5231376085064032,0.5046275217012807,0.6,0.0,0.03513598442077637,0.002979300803178011,0.6,0.0,0.03513598442077637,0.002979300803178011,goal_capture,TERMINAL_SETTLING,NONE,DIRECT_LOCAL,PASS_THROUGH,0,6,0,0,0,0,1,0.6,2.5231376085064032,inf,0.0,0,0,0,CLEAR,none,nan,0.0,0.0,0,0,0,0,0.0,0,0,1,1,0.0,0.6,"2.589,26.249;2.753,26.255;2.997,26.265;3.321,26.278;3.722,26.294;4.142,26.310;4.540,26.326;4.850,26.338;5.064,26.347;5.150,26.350",5.15,26.35,2.0,5.15,26.35,2.0,5.15,26.35,2.0,6.2843774115729065,0.0,0.0,0,0,5,1,,,0,1,PASS_THROUGH,-1,0.9998959591272085,0.002086009205935936,0.01427303354835391,0.508538777162266,0,0.9999013128833257,0.0018660632863595635,0.01392416252464693,2.5233822399431736,0.5046764479886348,0,0,0,BYPASS_VISIBLE,1,0,1,1,1
1787562378009295104,1787562378025196544,joint_v2_000004_81a34ddb,1354,218,0.03333333333333333,7.266666666666667,15.901565551757812,frame_id_exact,1,,2.6476969718933105,26.251659393310547,1.9661273956298828,0.013489307769651453,-0.012613210631926101,-0.6935674819021849,0.7201549094058256,0.5588337182998657,0.026748929172754288,0.03913969174027443,0.5605079672064123,0.005733516362161235,0.018452394926590444,-1.533177338923753,-0.0017768307588994503,depth/001354.png,1.0,0.0005445593248987954,-0.03692500790297499,-0.9993178909869006,0.5605079672064123,0.005733516362161235,0.018452394926590444,-0.0017768307588994503,0.9999071553876328,0.0016606843437740226,0.013524893054027648,2.5042346773806883,0.5008469354761377,0.6,0.0,0.03387260437011719,0.009256176460256896,0.6,0.0,0.03387260437011719,0.009256176460256896,goal_capture,TERMINAL_SETTLING,NONE,DIRECT_LOCAL,PASS_THROUGH,0,6,0,0,0,0,1,0.6,2.5042346773806883,inf,0.0,0,0,0,CLEAR,none,nan,0.0,0.0,0,0,0,0,0.09515895151086055,0,0,1,1,0.0,0.6,"2.648,26.252;2.799,26.259;3.031,26.268;3.343,26.280;3.734,26.294;4.154,26.311;4.551,26.326;4.857,26.338;5.069,26.347;5.150,26.350",5.15,26.35,2.0,5.15,26.35,2.0,5.15,26.35,2.0,6.2843774115729065,0.0,0.0,0,0,5,1,,,0,1,PASS_THROUGH,-1,0.9998959591272085,0.002086009205935936,0.01427303354835391,0.508538777162266,0,0.9999071553876328,0.0016606843437740226,0.013524893054027648,2.5044637495325768,0.5008927499065153,0,0,0,BYPASS_VISIBLE,1,0,1,1,1
1787562378054686208,1787562378071307520,joint_v2_000004_81a34ddb,1355,219,0.03333333333333333,7.3,16.621112823486328,frame_id_exact,1,,2.666171073913574,26.25253677368164,1.967455506324768,0.003719476107280655,-0.00047401361886764557,-0.6936704320752892,0.7202827725782828,0.5513161420822144,0.025671275332570076,0.04027795046567917,0.5521239233758246,0.00508040175362591,0.036934793155522005,-1.5331448401636198,-0.0013984146062284708,depth/001355.png,1.0,0.004477333509586468,-0.006015767589800559,-0.999971881617153,0.5521239233758246,0.00508040175362591,0.036934793155522005,-0.0013984146062284708,0.9999130761452969,0.0015673639895995174,0.013091353015405345,2.4857403755316105,0.4971480751063221,0.6,0.0,0.032544493675231934,0.008687089745264935,0.6,0.0,0.032544493675231934,0.008687089745264935,goal_capture,TERMINAL_SETTLING,NONE,DIRECT_LOCAL,PASS_THROUGH,0,6,0,0,0,0,1,0.6,2.4857403755316105,inf,0.0,0,0,0,CLEAR,none,nan,0.0,0.0,0,0,0,0,0.0,0,0,1,1,0.0,0.6,"2.648,26.252;2.799,26.259;3.031,26.268;3.343,26.280;3.734,26.294;4.154,26.311;4.551,26.326;4.857,26.338;5.069,26.347;5.150,26.350",5.15,26.35,2.0,5.15,26.35,2.0,5.15,26.35,2.0,6.2843774115729065,0.0,0.0,0,0,5,1,,,0,1,PASS_THROUGH,-1,0.9998959591272085,0.002086009205935936,0.01427303354835391,0.508538777162266,0,0.9999130761452969,0.0015673639895995174,0.013091353015405345,2.485953410387373,0.4971906820774746,0,0,0,BYPASS_VISIBLE,1,0,1,1,1
1787562378096917504,1787562378113467136,joint_v2_000004_81a34ddb,1356,220,0.03333333333333333,7.333333333333333,16.54982566833496,frame_id_exact,1,,2.6845691204071045,26.25336265563965,1.9687873125076294,-0.006810115226372821,0.011648605060231576,-0.6935937722452851,0.7202399679504811,0.5543206334114075,0.023854034021496773,0.039270784705877304,0.5536191660471788,0.0032909240304078574,0.053642920319371984,-1.5332024835532432,-0.0004852204001508653,depth/001356.png,1.0,0.007332674851928048,0.025968634195006758,-0.9996358646615086,0.5536191660471788,0.0032909240304078574,0.053642920319371984,-0.0004852204001508653,0.9999187401245067,0.001582913096864659,0.012649408442562595,2.4673240967443295,0.4934648193488659,0.6,0.0,0.031212687492370605,0.007438912396059011,0.6,0.0,0.031212687492370605,0.007438912396059011,goal_capture,TERMINAL_SETTLING,NONE,DIRECT_LOCAL,PASS_THROUGH,0,6,0,0,0,0,1,0.6,2.4673240967443295,inf,0.0,0,0,0,CLEAR,none,nan,0.0,0.0,0,0,0,0,0.0,0,0,1,1,0.0,0.6,"2.648,26.252;2.799,26.259;3.031,26.268;3.343,26.280;3.734,26.294;4.154,26.311;4.551,26.326;4.857,26.338;5.069,26.347;5.150,26.350",5.15,26.35,2.0,5.15,26.35,2.0,5.15,26.35,2.0,6.2843774115729065,0.0,0.0,0,0,5,1,,,0,1,PASS_THROUGH,-1,0.9998959591272085,0.002086009205935936,0.01427303354835391,0.508538777162266,0,0.9999187401245067,0.001582913096864659,0.012649408442562595,2.4675215156581145,0.4935043031316229,0,0,0,BYPASS_VISIBLE,1,0,1,1,1
1787562378140870400,1787562378157748992,joint_v2_000004_81a34ddb,1357,221,0.03333333333333333,7.366666666666666,16.878604888916016,frame_id_exact,1,,2.703233480453491,26.25412368774414,1.9700442552566528,-0.015734237249411358,0.02104168287519161,-0.6933870437227799,0.7200861677308784,0.566941499710083,0.021731708198785782,0.035768285393714905,0.564740722068287,0.0007341956492282664,0.0651281756945491,-1.5332428391686213,0.0005413250182755291,depth/001357.png,1.0,0.008483817065205984,0.05184007377375684,-0.9986193627199182,0.564740722068287,0.0007341956492282664,0.0651281756945491,0.0005413250182755291,0.9999238796869211,0.0016112584310290837,0.012232688916352732,2.448644251096006,0.4897288502192012,0.6,0.0,0.029955744743347168,0.0037554375650335203,0.6,0.0,0.029955744743347168,0.0037554375650335203,goal_capture,TERMINAL_SETTLING,NONE,DIRECT_LOCAL,PASS_THROUGH,0,6,0,0,0,0,1,0.6,2.448644251096006,inf,0.0,0,0,0,CLEAR,none,nan,0.0,0.0,0,0,0,0,0.0923252557273292,0,0,1,1,0.0,0.6,"2.703,26.254;2.857,26.260;3.090,26.269;3.403,26.282;3.796,26.297;4.216,26.313;4.600,26.328;4.893,26.340;5.091,26.348;5.150,26.350",5.15,26.35,2.0,5.15,26.35,2.0,5.15,26.35,2.0,6.2843774115729065,0.0,0.0,0,0,5,1,,,0,1,PASS_THROUGH,-1,0.9998959591272085,0.002086009205935936,0.01427303354835391,0.508538777162266,0,0.9999238796869211,0.0016112584310290837,0.012232688916352732,2.4488274776040573,0.48976549552081144,0,0,0,BYPASS_VISIBLE,1,0,1,1,1
1787562378185785600,1787562378201216256,joint_v2_000004_81a34ddb,1358,222,0.03333333333333333,7.4,15.430688858032227,frame_id_exact,1,,2.7224392890930176,26.25481414794922,1.9711462259292603,-0.02106317800182439,0.025618864038090525,-0.693203883355013,0.7199780499705466,0.5861718058586121,0.019794290885329247,0.03011041320860386,0.5832446556371549,-0.002043010695356572,0.06868285591607018,-1.5331622320156983,0.0012016559485346079,depth/001358.png,1.0,0.007687885971884859,0.06584824372456896,-0.9978000326757226,0.5832446556371549,-0.002043010695356572,0.06868285591607018,0.0012016559485346079,0.9999282674559679,0.0015562113772309978,0.011875948326588436,2.4294261362654863,0.48588522725309724,0.6,0.0,0.028853774070739746,0.003812068374865543,0.6,0.0,0.028853774070739746,0.003812068374865543,goal_capture,TERMINAL_SETTLING,NONE,DIRECT_LOCAL,PASS_THROUGH,0,6,0,0,0,0,1,0.6,2.4294261362654863,inf,0.0,0,0,0,CLEAR,none,nan,0.0,0.0,0,0,0,0,0.0,0,0,1,1,0.0,0.6,"2.703,26.254;2.857,26.260;3.090,26.269;3.403,26.282;3.796,26.297;4.216,26.313;4.600,26.328;4.893,26.340;5.091,26.348;5.150,26.350",5.15,26.35,2.0,5.15,26.35,2.0,5.15,26.35,2.0,6.2843774115729065,0.0,0.0,0,0,5,1,,,1,1,PASS_THROUGH,-1,0.9999987889315346,0.0015563211314265687,0.0,0.48588522725309724,0,0.9999282674559679,0.0015562113772309978,0.011875948326588436,2.429597475271979,0.4859194950543958,0,0,0,BYPASS_VISIBLE,1,0,1,1,1
1787562378232327424,1787562378248199680,joint_v2_000004_81a34ddb,1359,223,0.03333333333333333,7.433333333333334,15.87224006652832,frame_id_exact,1,,2.7423360347747803,26.255449295043945,1.9720393419265747,-0.02163877908811156,0.024404125784758084,-0.6931703144312954,0.7200354970940508,0.6076529026031494,0.018478501588106155,0.023447876796126366,0.6051060844957347,-0.004407138632000074,0.06293259588273684,-1.5329480827518842,0.001375991734676063,depth/001359.png,1.0,0.005144955072316795,0.06499380920171681,-0.9978724037685153,0.6051060844957347,-0.004407138632000074,0.06293259588273684,0.001375991734676063,0.9999316943769829,0.0014022152398283638,0.011603463827542014,2.4095197872712557,0.48190395745425113,0.6,0.0,0.027960658073425293,0.003915286058407946,0.6,0.0,0.027960658073425293,0.003915286058407946,goal_capture,TERMINAL_SETTLING,NONE,DIRECT_LOCAL,PASS_THROUGH,0,6,0,0,0,0,1,0.6,2.4095197872712557,inf,0.0,0,0,0,CLEAR,none,nan,0.0,0.0,0,0,0,0,0.0,0,0,1,1,0.0,0.6,"2.703,26.254;2.857,26.260;3.090,26.269;3.403,26.282;3.796,26.297;4.216,26.313;4.600,26.328;4.893,26.340;5.091,26.348;5.150,26.350",5.15,26.35,2.0,5.15,26.35,2.0,5.15,26.35,2.0,6.2843774115729065,0.0,0.0,0,0,5,1,,,0,1,PASS_THROUGH,-1,0.9999282674559679,0.0015562113772309978,0.011875948326588436,0.48588522725309724,0,0.9999316943769829,0.0014022152398283638,0.011603463827542014,2.4096820129742462,0.48193640259484927,0,0,0,BYPASS_VISIBLE,1,0,1,1,1
1787562378273353216,1787562378290024704,joint_v2_000004_81a34ddb,1360,224,0.03333333333333333,7.466666666666667,16.67165756225586,frame_id_exact,1,,2.762921094894409,26.256059646606445,1.9727160930633545,-0.017398334143630262,0.017753993977650952,-0.6932786435409943,0.7202408042292711,0.6266424655914307,0.018077513203024864,0.017400845885276794,0.6252373221320711,-0.005784864484594933,0.04853032000355936,-1.5326880274203687,0.001275707152672112,depth/001360.png,1.0,0.0014505148115520027,0.04967891007623736,-0.9987641873337363,0.6252373221320711,-0.005784864484594933,0.04853032000355936,0.001275707152672112,0.9999340365018218,0.001225009311038011,0.011420245065727083,2.388926639559242,0.4777853279118484,0.6,0.0,0.027283906936645508,-0.004367442893132671,0.6,0.0,0.027283906936645508,-0.004367442893132671,goal_capture,TERMINAL_SETTLING,NONE,DIRECT_LOCAL,PASS_THROUGH,0,6,0,0,0,0,1,0.6,2.388926639559242,inf,0.0,0,0,0,CLEAR,none,nan,0.0,0.0,0,0,0,0,0.07019245841312105,0,0,1,1,0.0,0.6,"2.763,26.256;2.928,26.261;3.173,26.270;3.499,26.284;3.901,26.301;4.321,26.318;4.682,26.332;4.952,26.342;5.124,26.349;5.150,26.350",5.15,26.35,2.0,5.15,26.35,2.0,5.15,26.35,2.0,6.2843774115729065,0.0,0.0,0,0,5,1,,,0,1,PASS_THROUGH,-1,0.9999282674559679,0.0015562113772309978,0.011875948326588436,0.48588522725309724,0,0.9999340365018218,0.001225009311038011,0.011420245065727083,2.389082439091113,0.4778164878182226,0,0,0,BYPASS_VISIBLE,1,0,1,1,1
1787562378319544064,1787562378340494848,joint_v2_000004_81a34ddb,1361,225,0.03333333333333333,7.5,20.950794219970703,frame_id_exact,1,,2.7840383052825928,26.256669998168945,1.9732229709625244,-0.009371820209781829,0.0072524741081394,-0.6934013849800938,0.720454085915927,0.6389862298965454,0.018683917820453644,0.013420398347079754,0.6387397622996965,-0.005826865629474974,0.028463337270595763,-1.5325030027241358,0.0007551700109615922,depth/001361.png,1.0,-0.002546717018077309,0.02356168350744582,-0.9997191412105326,0.6387397622996965,-0.005826865629474974,0.028463337270595763,0.0007551700109615922,0.9999354194731984,0.0011331239865541578,0.011308090598756246,2.3678017717097544,0.4735603543419509,0.6,0.0,0.026777029037475586,-0.004148794083057034,0.6,0.0,0.026777029037475586,-0.004148794083057034,goal_capture,TERMINAL_SETTLING,NONE,DIRECT_LOCAL,PASS_THROUGH,0,6,0,0,0,0,1,0.6,2.3678017717097544,inf,0.0,0,0,0,CLEAR,none,nan,0.0,0.0,0,0,0,0,0.0,0,0,1,1,0.0,0.6,"2.763,26.256;2.928,26.261;3.173,26.270;3.499,26.284;3.901,26.301;4.321,26.318;4.682,26.332;4.952,26.342;5.124,26.349;5.150,26.350",5.15,26.35,2.0,5.15,26.35,2.0,5.15,26.35,2.0,6.2843774115729065,0.0,0.0,0,0,5,1,,,0,1,PASS_THROUGH,-1,0.9999282674559679,0.0015562113772309978,0.011875948326588436,0.48588522725309724,0,0.9999354194731984,0.0011331239865541578,0.011308090598756246,2.3679531750851677,0.4735906350170335,0,0,0,BYPASS_VISIBLE,1,0,1,1,1
1787562378372232448,1787562378389305856,joint_v2_000004_81a34ddb,1362,226,0.03333333333333333,7.533333333333333,17.073392868041992,frame_id_exact,1,,2.8054158687591553,26.25731658935547,1.9736429452896118,0.0005765711853807454,-0.0046772392662729,-0.693408566586971,0.7205292157729044,0.641975462436676,0.020169490948319435,0.012214257381856441,0.6423487985058943,-0.004522188035966256,0.00748743565516563,-1.5324608951149126,-6.245142867555842e-05,depth/001362.png,1.0,-0.005940576282639269,-0.007317348318500461,-0.9999555819970285,0.6423487985058943,-0.004522188035966256,0.00748743565516563,-6.245142867555842e-05,0.999936226829102,0.0011747747569874872,0.011232193866251232,2.3464153432576875,0.4692830686515375,0.6,0.0,0.026357054710388184,-0.0018610613888573636,0.6,0.0,0.026357054710388184,-0.0018610613888573636,goal_capture,TERMINAL_SETTLING,NONE,DIRECT_LOCAL,PASS_THROUGH,0,6,0,0,0,0,1,0.6,2.3464153432576875,inf,0.0,0,0,0,CLEAR,none,nan,0.0,0.0,0,0,0,0,0.0,0,0,1,1,0.0,0.6,"2.763,26.256;2.928,26.261;3.173,26.270;3.499,26.284;3.901,26.301;4.321,26.318;4.682,26.332;4.952,26.342;5.124,26.349;5.150,26.350",5.15,26.35,2.0,5.15,26.35,2.0,5.15,26.35,2.0,6.2843774115729065,0.0,0.0,0,0,5,1,,,0,1,PASS_THROUGH,-1,0.9999282674559679,0.0015562113772309978,0.011875948326588436,0.48588522725309724,0,0.999936226829102,0.0011747747569874872,0.011232193866251232,2.346563371700858,0.46931267434017154,0,0,0,BYPASS_VISIBLE,1,0,1,1,1
1787562378418281984,1787562378433700352,joint_v2_000004_81a34ddb,1363,227,0.03333333333333333,7.566666666666666,15.418291091918945,frame_id_exact,1,,2.8267250061035156,26.258024215698242,1.974067211151123,0.010184233930264073,-0.01533588023323884,-0.693275060564887,0.7204379102708836,0.6349756121635437,0.022207709029316902,0.013564832508563995,0.635436771303975,-0.0022173439625034893,-0.009295597039183081,-1.5325167590827211,-0.0007891699206084013,depth/001363.png,1.0,-0.007976148225176675,-0.03593818301588757,-0.9993221843134509,0.635436771303975,-0.0022173439625034893,-0.009295597039183081,-0.0007891699206084013,0.9999369760567315,0.0012885385782566506,0.0111527388049688,2.3250948888513423,0.46501897777026846,0.6,0.0,0.025932788848876953,-0.0007038644970309461,0.6,0.0,0.025932788848876953,-0.0007038644970309461,goal_capture,TERMINAL_SETTLING,NONE,DIRECT_LOCAL,PASS_THROUGH,0,6,0,0,0,0,1,0.6,2.3250948888513423,inf,0.0,0,0,0,CLEAR,none,nan,0.0,0.0,0,0,0,0,0.07383243462039749,0,0,1,1,0.0,0.6,"2.827,26.258;2.994,26.264;3.214,26.272;3.433,26.281;3.653,26.290;3.873,26.299;4.093,26.308;4.313,26.317;4.532,26.326;4.752,26.334;4.972,26.343;5.134,26.349;5.150,26.350",5.15,26.35,2.0,5.15,26.35,2.0,5.15,26.35,2.0,6.2843774115729065,0.0,0.0,0,0,5,1,,,0,1,PASS_THROUGH,-1,0.9999282674559679,0.0015562113772309978,0.011875948326588436,0.48588522725309724,0,0.9999369760567315,0.0012885385782566506,0.0111527388049688,2.3252395041586826,0.4650479008317365,0,0,0,BYPASS_VISIBLE,1,0,1,1,1
1787562378462607616,1787562378479543552,joint_v2_000004_81a34ddb,1364,228,0.03333333333333333,7.6,16.93582534790039,frame_id_exact,1,,2.847654342651367,26.258800506591797,1.9745675325393677,0.017303512234030493,-0.022354040940163248,-0.693100126248804,0.7202868180883948,0.6196426749229431,0.024343231692910194,0.016616301611065865,0.6200795202611554,0.0005022343490695667,-0.018079693235749334,-1.5325606968950969,-0.0013411431573331356,depth/001364.png,1.0,-0.008216509012507273,-0.05591416073320303,-0.9984017706360245,0.6200795202611554,0.0005022343490695667,-0.018079693235749334,-0.0013411431573331356,0.9999381721895712,0.0013551445535199087,0.01103700056258416,2.3041512262674995,0.4608302452534999,0.6,0.0,0.025432467460632324,-0.0005104722594497131,0.6,0.0,0.025432467460632324,-0.0005104722594497131,goal_capture,TERMINAL_SETTLING,NONE,DIRECT_LOCAL,PASS_THROUGH,0,6,0,0,0,0,1,0.6,2.3041512262674995,inf,0.0,0,0,0,CLEAR,none,nan,0.0,0.0,0,0,0,0,0.0,0,0,1,1,0.0,0.6,"2.827,26.258;2.994,26.264;3.214,26.272;3.433,26.281;3.653,26.290;3.873,26.299;4.093,26.308;4.313,26.317;4.532,26.326;4.752,26.334;4.972,26.343;5.134,26.349;5.150,26.350",5.15,26.35,2.0,5.15,26.35,2.0,5.15,26.35,2.0,6.2843774115729065,0.0,0.0,0,0,5,1,,,1,1,PASS_THROUGH,-1,0.9999990816793325,0.0013552270997868644,0.0,0.4608302452534999,0,0.9999381721895712,0.0013551445535199087,0.01103700056258416,2.304291579620765,0.46085831592415294,0,0,0,BYPASS_VISIBLE,1,0,1,1,1
1787562378509914112,1787562378526957312,joint_v2_000004_81a34ddb,1365,229,0.03333333333333333,7.633333333333334,17.043113708496094,frame_id_exact,1,,2.867981433868408,26.259641647338867,1.9751834869384766,0.02038088025714422,-0.024216534675081346,-0.6930214283883986,0.7202218262193796,0.5995706915855408,0.02609819546341896,0.020365411415696144,0.6002237337141125,0.0029980012051576384,-0.017417275102756015,-1.5325164179780977,-0.0018372870981693268,depth/001365.png,1.0,-0.006633780161546032,-0.06292266449980194,-0.9979963583365491,0.6002237337141125,0.0029980012051576384,-0.017417275102756015,-0.0018372870981693268,0.9999401283225531,0.0012951415184711628,0.010865651325323269,2.283806771175031,0.45676135423500624,0.6,0.0,0.024816513061523438,5.2103303029380627e-05,0.6,0.0,0.024816513061523438,5.2103303029380627e-05,goal_capture,TERMINAL_SETTLING,NONE,DIRECT_LOCAL,PASS_THROUGH,0,6,0,0,0,0,1,0.6,2.283806771175031,inf,0.0,0,0,0,CLEAR,none,nan,0.0,0.0,0,0,0,0,0.0,0,0,1,1,0.0,0.6,"2.827,26.258;2.994,26.264;3.214,26.272;3.433,26.281;3.653,26.290;3.873,26.299;4.093,26.308;4.313,26.317;4.532,26.326;4.752,26.334;4.972,26.343;5.134,26.349;5.150,26.350",5.15,26.35,2.0,5.15,26.35,2.0,5.15,26.35,2.0,6.2843774115729065,0.0,0.0,0,0,5,1,,,0,1,PASS_THROUGH,-1,0.9999381721895712,0.0013551445535199087,0.01103700056258416,0.4608302452534999,0,0.9999401283225531,0.0012951415184711628,0.010865651325323269,2.283941598943689,0.4567883197887378,0,0,0,BYPASS_VISIBLE,1,0,1,1,1
1787562378557283584,1787562378573280768,joint_v2_000004_81a34ddb,1366,230,0.03333333333333333,7.666666666666667,15.997171401977539,frame_id_exact,1,,2.887624979019165,26.260528564453125,1.9759238958358765,0.0187937438338177,-0.020587288828361004,-0.6930977586598251,0.7203044187509426,0.5794185400009155,0.027087362483143806,0.023985594511032104,0.5804684795117983,0.004740715138454611,-0.00829146310192272,-1.5324033248905917,-0.0023124245926737785,depth/001366.png,1.0,-0.003606426770248781,-0.05561244094438328,-0.998445917462813,0.5804684795117983,0.004740715138454611,-0.00829146310192272,-0.0023124245926737785,0.9999428246563251,0.0011339059287613171,0.01063304639671407,2.2641435187144947,0.45282870374289896,0.6,0.0,0.024076104164123535,0.0066953850573424865,0.6,0.0,0.024076104164123535,0.0066953850573424865,goal_capture,TERMINAL_SETTLING,NONE,DIRECT_LOCAL,PASS_THROUGH,0,6,0,0,0,0,1,0.6,2.2641435187144947,inf,0.0,0,0,0,CLEAR,none,nan,0.0,0.0,0,0,0,0,0.06497171101557546,0,0,1,1,0.0,0.6,"2.888,26.261;3.043,26.268;3.279,26.277;3.595,26.289;3.991,26.304;4.405,26.320;4.748,26.334;4.998,26.344;5.146,26.350;5.150,26.350",5.15,26.35,2.0,5.15,26.35,2.0,5.15,26.35,2.0,6.2843774115729065,0.0,0.0,0,0,5,1,,,0,1,PASS_THROUGH,-1,0.9999381721895712,0.0013551445535199087,0.01103700056258416,0.4608302452534999,0,0.9999428246563251,0.0011339059287613171,0.01063304639671407,2.2642715234990205,0.4528543046998041,0,0,0,BYPASS_VISIBLE,1,0,1,1,1
1787562378603827200,1787562378619489280,joint_v2_000004_81a34ddb,1367,231,0.03333333333333333,7.7,15.661954879760742,frame_id_exact,1,,2.9066600799560547,26.261444091796875,1.9767735004425049,0.012968939298914364,-0.012358270678865503,-0.6932587925597856,0.7204660479841067,0.5637800693511963,0.027107831090688705,0.026835955679416656,0.5650046641021959,0.005398715062542872,0.006599472687039004,-1.5323077849311204,-0.0023726795334368944,depth/001367.png,1.0,0.00017423352645286327,-0.03582232050438381,-0.999358159518578,0.5650046641021959,0.005398715062542872,0.006599472687039004,-0.0023726795334368944,0.9999460232819974,0.0009659500014793426,0.010344924509800742,2.2450871131741095,0.4490174226348219,0.6,0.0,0.023226499557495117,0.0058834060484181695,0.6,0.0,0.023226499557495117,0.0058834060484181695,goal_capture,TERMINAL_SETTLING,NONE,DIRECT_LOCAL,PASS_THROUGH,0,6,0,0,0,0,1,0.6,2.2450871131741095,inf,0.0,0,0,0,CLEAR,none,nan,0.0,0.0,0,0,0,0,0.0,0,0,1,1,0.0,0.6,"2.888,26.261;3.043,26.268;3.279,26.277;3.595,26.289;3.991,26.304;4.405,26.320;4.748,26.334;4.998,26.344;5.146,26.350;5.150,26.350",5.15,26.35,2.0,5.15,26.35,2.0,5.15,26.35,2.0,6.2843774115729065,0.0,0.0,0,0,5,1,,,0,1,PASS_THROUGH,-1,0.9999381721895712,0.0013551445535199087,0.01103700056258416,0.4608302452534999,0,0.9999460232819974,0.0009659500014793426,0.010344924509800742,2.2452072545807775,0.4490414509161555,0,0,0,BYPASS_VISIBLE,1,0,1,1,1
1787562378644329984,1787562378661328896,joint_v2_000004_81a34ddb,1368,232,0.03333333333333333,7.733333333333333,16.998767852783203,frame_id_exact,1,,2.9252994060516357,26.262332916259766,1.9776966571807861,0.004266422372588988,-0.0014266359461255235,-0.6933636080687413,0.7205738472605795,0.5561179518699646,0.02618037536740303,0.028318455442786217,0.5569251501080269,0.004865262820878829,0.023774561193068366,-1.5322967865054997,-0.0019184810807928443,depth/001368.png,1.0,0.0038603709149271906,-0.008126899660122424,-0.9999595247000318,0.5569251501080269,0.004865262820878829,0.023774561193068366,-0.0019184810807928443,0.9999494353749127,0.0008862759552833293,0.010017045888099759,2.226427238938143,0.44528544778762863,0.6,0.0,0.022303342819213867,0.004293084942721126,0.6,0.0,0.022303342819213867,0.004293084942721126,goal_capture,TERMINAL_SETTLING,NONE,DIRECT_LOCAL,PASS_THROUGH,0,6,0,0,0,0,1,0.6,2.226427238938143,inf,0.0,0,0,0,CLEAR,none,nan,0.0,0.0,0,0,0,0,0.0,0,0,1,1,0.0,0.6,"2.888,26.261;3.043,26.268;3.279,26.277;3.595,26.289;3.991,26.304;4.405,26.320;4.748,26.334;4.998,26.344;5.146,26.350;5.150,26.350",5.15,26.35,2.0,5.15,26.35,2.0,5.15,26.35,2.0,6.2843774115729065,0.0,0.0,0,0,5,1,,,0,1,PASS_THROUGH,-1,0.9999381721895712,0.0013551445535199087,0.01103700056258416,0.4608302452534999,0,0.9999494353749127,0.0008862759552833293,0.010017045888099759,2.226538948544722,0.4453077897089444,0,0,0,BYPASS_VISIBLE,1,0,1,1,1
1787562378695416320,1787562378715499264,joint_v2_000004_81a34ddb,1369,233,0.03333333333333333,7.766666666666667,20.082950592041016,frame_id_exact,1,,2.9438412189483643,26.263179779052734,1.9786384105682373,-0.005332549015987487,0.00973144403343653,-0.6933215997519939,0.7205428663413109,0.55800461769104,0.024538567289710045,0.0278558898717165,0.5578206079468672,0.0032655312401236956,0.03965792361191001,-1.5323651063105528,-0.0012335575884208083,depth/001369.png,1.0,0.0066295023259440805,0.021178700996088744,-0.9997537258360324,0.5578206079468672,0.0032655312401236956,0.03965792361191001,-0.0012335575884208083,0.9999527915345184,0.0009020089714011427,0.009674765223987046,2.2078664628950215,0.4415732925790043,0.6,0.0,0.021361589431762695,0.005031462830506553,0.6,0.0,0.021361589431762695,0.005031462830506553,goal_capture,TERMINAL_SETTLING,NONE,DIRECT_LOCAL,PASS_THROUGH,0,6,0,0,0,0,1,0.6,2.2078664628950215,inf,0.0,0,0,0,CLEAR,none,nan,0.0,0.0,0,0,0,0,0.05168373303631474,0,0,1,1,0.0,0.6,"2.944,26.263;3.095,26.270;3.327,26.279;3.638,26.291;4.030,26.306;4.440,26.322;4.775,26.335;5.016,26.345;5.150,26.350",5.15,26.35,2.0,5.15,26.35,2.0,5.15,26.35,2.0,6.2843774115729065,0.0,0.0,0,0,5,1,,,0,1,PASS_THROUGH,-1,0.9999381721895712,0.0013551445535199087,0.01103700056258416,0.4608302452534999,0,0.9999527915345184,0.0009020089714011427,0.009674765223987046,2.2079697994944643,0.44159395989889283,0,0,0,BYPASS_VISIBLE,1,0,1,1,1
1787562378745786624,1787562378762462720,joint_v2_000004_81a34ddb,1370,234,0.03333333333333333,7.8,16.675949096679688,frame_id_exact,1,,2.9626002311706543,26.263967514038086,1.979527235031128,-0.013662152933970495,0.018605099096750358,-0.693164679280512,0.7204095524510722,0.5688228011131287,0.02257087081670761,0.025128338485956192,0.567538419505392,0.0009350841198427062,0.05098553396489852,-1.5324325749441803,-0.0004981952952221036,depth/001370.png,1.0,0.007866338513681619,0.04547748605812178,-0.9989343917296178,0.567538419505392,0.0009350841198427062,0.05098553396489852,-0.0004981952952221036,0.9999558229533293,0.0009468833436821168,0.009351767408531794,2.1890909842479056,0.4378181968495811,0.6,0.0,0.02047276496887207,0.005077067253212615,0.6,0.0,0.02047276496887207,0.005077067253212615,goal_capture,TERMINAL_SETTLING,NONE,DIRECT_LOCAL,PASS_THROUGH,0,6,0,0,0,0,1,0.6,2.1890909842479056,inf,0.0,0,0,0,CLEAR,none,nan,0.0,0.0,0,0,0,0,0.0,0,0,1,1,0.0,0.6,"2.944,26.263;3.095,26.270;3.327,26.279;3.638,26.291;4.030,26.306;4.440,26.322;4.775,26.335;5.016,26.345;5.150,26.350",5.15,26.35,2.0,5.15,26.35,2.0,5.15,26.35,2.0,6.2843774115729065,0.0,0.0,0,0,5,1,,,1,1,PASS_THROUGH,-1,0.999999551666657,0.0009469247515016791,0.0,0.4378181968495811,0,0.9999558229533293,0.0009468833436821168,0.009351767408531794,2.1891867146090886,0.43783734292181775,0,0,0,BYPASS_VISIBLE,1,0,1,1,1
1787562378792207616,1787562378808334336,joint_v2_000004_81a34ddb,1371,235,0.03333333333333333,7.833333333333333,16.126632690429688,frame_id_exact,1,,2.9818341732025146,26.264686584472656,1.980290412902832,-0.018854569716137113,0.023211225540394707,-0.6930159783461605,0.7203017409160181,0.5859835743904114,0.020728785544633865,0.020409245043992996,0.584102607218385,-0.0016281067333521841,0.05517665084013233,-1.5324056875534044,0.00013127177953720093,depth/001371.png,1.0,0.007305136174831996,0.059333459134492034,-0.9982114884194645,0.584102607218385,-0.0016281067333521841,0.05517665084013233,0.00013127177953720093,0.9999583091335739,0.0009372301961396637,0.009083038824275328,2.169843642145988,0.43396872842919765,0.6,0.0,0.01970958709716797,0.004529607048717223,0.6,0.0,0.01970958709716797,0.004529607048717223,goal_capture,TERMINAL_SETTLING,NONE,DIRECT_LOCAL,PASS_THROUGH,0,6,0,0,0,0,1,0.6,2.169843642145988,inf,0.0,0,0,0,CLEAR,none,nan,0.0,0.0,0,0,0,0,0.0,0,0,1,1,0.0,0.6,"2.944,26.263;3.095,26.270;3.327,26.279;3.638,26.291;4.030,26.306;4.440,26.322;4.775,26.335;5.016,26.345;5.150,26.350",5.15,26.35,2.0,5.15,26.35,2.0,5.15,26.35,2.0,6.2843774115729065,0.0,0.0,0,0,5,1,,,0,1,PASS_THROUGH,-1,0.9999558229533293,0.0009468833436821168,0.009351767408531794,0.4378181968495811,0,0.9999583091335739,0.0009372301961396637,0.009083038824275328,2.169933155464681,0.4339866310929362,0,0,0,BYPASS_VISIBLE,1,0,1,1,1
1787562378837784064,1787562378853460992,joint_v2_000004_81a34ddb,1372,236,0.03333333333333333,7.866666666666666,15.67697525024414,frame_id_exact,1,,3.001692533493042,26.26535415649414,1.9808759689331055,-0.019768672740900505,0.022552184901236436,-0.6929848122638855,0.7203281533480632,0.6055750250816345,0.01942521519958973,0.014685056172311306,0.6039133796515616,-0.003845621784096361,0.050871818661014104,-1.532259391825713,0.0005196850979700685,depth/001372.png,1.0,0.00509116747162517,0.059736506299037644,-0.9982011970684872,0.6039133796515616,-0.003845621784096361,0.050871818661014104,0.0005196850979700685,0.9999600857525528,0.000843838388040383,0.00889465224289185,2.1499743927480544,0.4299948785496109,0.6,0.0,0.01912403106689453,-0.0021123116578856613,0.6,0.0,0.01912403106689453,-0.0021123116578856613,goal_capture,TERMINAL_SETTLING,NONE,DIRECT_LOCAL,PASS_THROUGH,0,6,0,0,0,0,1,0.6,2.1499743927480544,inf,0.0,0,0,0,CLEAR,none,nan,0.0,0.0,0,0,0,0,0.04835029661492809,0,0,1,1,0.0,0.6,"3.002,26.265;3.163,26.271;3.404,26.280;3.725,26.293;4.125,26.310;4.525,26.325;4.838,26.338;5.057,26.346;5.150,26.350",5.15,26.35,2.0,5.15,26.35,2.0,5.15,26.35,2.0,6.2843774115729065,0.0,0.0,0,0,5,1,,,0,1,PASS_THROUGH,-1,0.9999558229533293,0.0009468833436821168,0.009351767408531794,0.4378181968495811,0,0.9999600857525528,0.000843838388040383,0.00889465224289185,2.1500594452332273,0.43001188904664545,0,0,0,BYPASS_VISIBLE,1,0,1,1,1
1787562378882811648,1787562378899483392,joint_v2_000004_81a34ddb,1373,237,0.03333333333333333,7.9,16.67189598083496,frame_id_exact,1,,3.022183895111084,26.265989303588867,1.981273889541626,-0.016251865421787654,0.01684424952734473,-0.6930755416619234,0.7204848656829679,0.6232412457466125,0.018947796896100044,0.009385576471686363,0.6223859160543544,-0.0051851694488068405,0.038544052299680706,-1.5320614527397272,0.0003936882712878287,depth/001373.png,1.0,0.0017445128560343998,0.046767120881134785,-0.9989042962563452,0.6223859160543544,-0.0051851694488068405,0.038544052299680706,0.0003936882712878287,0.999961072945472,0.0007267241792844958,0.008793433101332722,2.129473919383875,0.42589478387677504,0.6,0.0,0.018726110458374023,-0.002014049698317727,0.6,0.0,0.018726110458374023,-0.002014049698317727,goal_capture,TERMINAL_SETTLING,NONE,DIRECT_LOCAL,PASS_THROUGH,0,6,0,0,0,0,1,0.6,2.129473919383875,inf,0.0,0,0,0,CLEAR,none,nan,0.0,0.0,0,0,0,0,0.0,0,0,1,1,0.0,0.6,"3.002,26.265;3.163,26.271;3.404,26.280;3.725,26.293;4.125,26.310;4.525,26.325;4.838,26.338;5.057,26.346;5.150,26.350",5.15,26.35,2.0,5.15,26.35,2.0,5.15,26.35,2.0,6.2843774115729065,0.0,0.0,0,0,5,1,,,0,1,PASS_THROUGH,-1,0.9999558229533293,0.0009468833436821168,0.009351767408531794,0.4378181968495811,0,0.999961072945472,0.0007267241792844958,0.008793433101332722,2.1295562543753155,0.4259112508750631,0,0,0,BYPASS_VISIBLE,1,0,1,1,1
1787562378928510720,1787562378944177152,joint_v2_000004_81a34ddb,1374,238,0.03333333333333333,7.933333333333334,15.666484832763672,frame_id_exact,1,,3.0431766510009766,26.266624450683594,1.981521487236023,-0.009161997155950818,0.007450051096053483,-0.6931903963037801,0.7206577752435541,0.6350917220115662,0.019401587545871735,0.005839676130563021,0.6350527852417114,-0.005306236976015555,0.020780341434293907,-1.5319233199125466,-0.00011901042307727039,depth/001374.png,1.0,-0.0019641423822698983,0.023533936717904026,-0.999721109093561,0.6350527852417114,-0.005306236976015555,0.020780341434293907,-0.00011901042307727039,0.9999613674744572,0.0006803852261741215,0.00876359712433515,2.1084724579921064,0.42169449159842126,0.6,0.0,0.01847851276397705,-0.00047522117064425357,0.6,0.0,0.01847851276397705,-0.00047522117064425357,goal_capture,TERMINAL_SETTLING,NONE,DIRECT_LOCAL,PASS_THROUGH,0,6,0,0,0,0,1,0.6,2.1084724579921064,inf,0.0,0,0,0,CLEAR,none,nan,0.0,0.0,0,0,0,0,0.0,0,0,1,1,0.0,0.6,"3.002,26.265;3.163,26.271;3.404,26.280;3.725,26.293;4.125,26.310;4.525,26.325;4.838,26.338;5.057,26.346;5.150,26.350",5.15,26.35,2.0,5.15,26.35,2.0,5.15,26.35,2.0,6.2843774115729065,0.0,0.0,0,0,5,1,,,0,1,PASS_THROUGH,-1,0.9999558229533293,0.0009468833436821168,0.009351767408531794,0.4378181968495811,0,0.9999613674744572,0.0006803852261741215,0.00876359712433515,2.108553428667446,0.42171068573348924,0,0,0,BYPASS_VISIBLE,1,0,1,1,1
1787562378970663424,1787562378985344768,joint_v2_000004_81a34ddb,1375,239,0.03333333333333333,7.966666666666667,14.681577682495117,frame_id_exact,1,,3.0644285678863525,26.267292022705078,1.981691837310791,-0.00015171369340606753,-0.0034567833623903054,-0.6932144513763294,0.7207230758306241,0.6385117769241333,0.020687229931354523,0.004756208974868059,0.6388482654946338,-0.004180998147748824,0.001812513681626121,-1.5319024470945863,-0.0005943670985288918,depth/001375.png,1.0,-0.005193107324325663,-0.004573897244657947,-0.9999760552634814,0.6388482654946338,-0.004180998147748824,0.001812513681626121,-0.0005943670985288918,0.9999612561018686,0.0007425475232003265,0.008771255232211025,2.087210772288412,0.4174421544576824,0.6,0.0,0.018308162689208984,-0.0031232809980217408,0.6,0.0,0.018308162689208984,-0.0031232809980217408,goal_capture,TERMINAL_SETTLING,NONE,DIRECT_LOCAL,PASS_THROUGH,0,6,0,0,0,0,1,0.6,2.087210772288412,inf,0.0,0,0,0,CLEAR,none,nan,0.0,0.0,0,0,0,0,0.042546479763733484,0,0,1,1,0.0,0.6,"3.064,26.267;3.232,26.273;3.480,26.282;3.807,26.296;4.211,26.313;4.596,26.328;4.890,26.340;5.089,26.348;5.150,26.350",5.15,26.35,2.0,5.15,26.35,2.0,5.15,26.35,2.0,6.2843774115729065,0.0,0.0,0,0,5,1,,,0,1,PASS_THROUGH,-1,0.9999558229533293,0.0009468833436821168,0.009351767408531794,0.4378181968495811,0,0.9999612561018686,0.0007425475232003265,0.008771255232211025,2.0872910666166913,0.41745821332333827,0,0,0,BYPASS_VISIBLE,1,0,1,1,1
1787562379013239040,1787562379029938432,joint_v2_000004_81a34ddb,1376,240,0.03333333333333333,8.0,16.69931411743164,frame_id_exact,1,,3.0856409072875977,26.26801109313965,1.981866717338562,0.008721129232430335,-0.013397425091176795,-0.6931155813623648,0.7206491807936429,0.6327617764472961,0.022518465295433998,0.00602709362283349,0.6330390914609282,-0.00210807227847759,-0.013709032902774133,-1.5319629554923864,-0.0010276399552822113,depth/001376.png,1.0,-0.007220185717256975,-0.031141677435552302,-0.9994889018116752,0.6330390914609282,-0.00210807227847759,-0.013709032902774133,-0.0010276399552822113,0.9999611122099571,0.0008621301131948747,0.008776719175943123,2.0659866031783776,0.4131973206356755,0.6,0.0,0.01813328266143799,-0.002627402026937828,0.6,0.0,0.01813328266143799,-0.002627402026937828,goal_capture,TERMINAL_SETTLING,NONE,DIRECT_LOCAL,PASS_THROUGH,0,6,0,0,0,0,1,0.6,2.0659866031783776,inf,0.0,0,0,0,CLEAR,none,nan,0.0,0.0,0,0,0,0,0.0,0,0,1,1,0.0,0.6,"3.064,26.267;3.232,26.273;3.480,26.282;3.807,26.296;4.211,26.313;4.596,26.328;4.890,26.340;5.089,26.348;5.150,26.350",5.15,26.35,2.0,5.15,26.35,2.0,5.15,26.35,2.0,6.2843774115729065,0.0,0.0,0,0,5,1,,,1,1,PASS_THROUGH,-1,0.9999996283371353,0.0008621633203993146,0.0,0.4131973206356755,0,0.9999611122099571,0.0008621301131948747,0.008776719175943123,2.066066180075704,0.41321323601514076,0,0,0,BYPASS_VISIBLE,1,0,1,1,1
1787562379060654848,1787562379082862592,joint_v2_000004_81a34ddb,1377,241,0.03333333333333333,8.033333333333333,22.20773696899414,frame_id_exact,1,,3.10652494430542,26.268796920776367,1.9821138381958008,0.015463047883497418,-0.020148126809733238,-0.6929721937521933,0.7205168185562945,0.6192032098770142,0.024481836706399918,0.008938741870224476,0.6193542183700995,0.00038999736273126896,-0.022182800678881467,-1.5320183049472353,-0.0015123459743335843,depth/001377.png,1.0,-0.007603204029790717,-0.050206955403078846,-0.9987098942724232,0.6193542183700995,0.00038999736273126896,-0.022182800678881467,-0.0015123459743335843,0.9999613160148029,0.0009387848393996455,0.008745579281478155,2.0450878326666975,0.4090175665333395,0.6,0.0,0.01788616180419922,-0.0009188136064159497,0.6,0.0,0.01788616180419922,-0.0009188136064159497,goal_capture,TERMINAL_SETTLING,NONE,DIRECT_LOCAL,PASS_THROUGH,0,6,0,0,0,0,1,0.6,2.0450878326666975,inf,0.0,0,0,0,CLEAR,none,nan,0.0,0.0,0,0,0,0,0.0,0,0,1,1,0.0,0.6,"3.064,26.267;3.232,26.273;3.480,26.282;3.807,26.296;4.211,26.313;4.596,26.328;4.890,26.340;5.089,26.348;5.150,26.350",5.15,26.35,2.0,5.15,26.35,2.0,5.15,26.35,2.0,6.2843774115729065,0.0,0.0,0,0,5,1,,,0,1,PASS_THROUGH,-1,0.9999611122099571,0.0008621301131948747,0.008776719175943123,0.4131973206356755,0,0.9999613160148029,0.0009387848393996455,0.008745579281478155,2.0451660465853267,0.4090332093170653,0,0,0,BYPASS_VISIBLE,1,0,1,1,1
1787562379121981184,1787562379138695680,joint_v2_000004_81a34ddb,1378,242,0.03333333333333333,8.066666666666666,16.71457290649414,frame_id_exact,1,,3.1268694400787354,26.269641876220703,1.98247230052948,0.018590747966102276,-0.022236974318294796,-0.6929026784396658,0.720448318253548,0.6010134220123291,0.02613256499171257,0.012586764991283417,0.6013018802995127,0.002724391596190108,-0.022070285083409538,-1.532003042727237,-0.001993994228541851,depth/001378.png,1.0,-0.006278023381507576,-0.05760346434558896,-0.9983198021264568,0.6013018802995127,0.002724391596190108,-0.022070285083409538,-0.001993994228541851,0.9999621218004565,0.0009055061784744684,0.008656501769749064,2.024725830957036,0.40494516619140725,0.6,0.0,0.01752769947052002,0.003783513999048426,0.6,0.0,0.01752769947052002,0.003783513999048426,goal_capture,TERMINAL_SETTLING,NONE,DIRECT_LOCAL,PASS_THROUGH,0,6,0,0,0,0,1,0.6,2.024725830957036,inf,0.0,0,0,0,CLEAR,none,nan,0.0,0.0,0,0,0,0,0.05188363342717926,0,0,1,1,0.0,0.6,"3.127,26.270;3.287,26.277;3.507,26.285;3.727,26.294;3.947,26.302;4.166,26.311;4.386,26.320;4.606,26.328;4.826,26.337;5.038,26.346;5.150,26.350",5.15,26.35,2.0,5.15,26.35,2.0,5.15,26.35,2.0,6.2843774115729065,0.0,0.0,0,0,5,1,,,0,1,PASS_THROUGH,-1,0.9999611122099571,0.0008621301131948747,0.008776719175943123,0.4131973206356755,0,0.9999621218004565,0.0009055061784744684,0.008656501769749064,2.0248016966590554,0.4049603393318111,0,0,0,BYPASS_VISIBLE,1,0,1,1,1
1787562379168514560,1787562379184314624,joint_v2_000004_81a34ddb,1379,243,0.03333333333333333,8.1,15.800237655639648,frame_id_exact,1,,3.1465883255004883,26.27052879333496,1.9829529523849487,0.017455743325625543,-0.019262152362304857,-0.6929629191046685,0.7205044477706284,0.5824196934700012,0.027101900428533554,0.01618056185543537,0.5830884945260858,0.0043891614600182986,-0.014055808175503993,-1.5319235661201362,-0.0022314805537462234,depth/001379.png,1.0,-0.0035645672012177138,-0.05184979606895465,-0.9986485330226424,0.5830884945260858,0.0043891614600182986,-0.014055808175503993,-0.0022314805537462234,0.9999635573911891,0.0007743607404767256,0.008502014761300235,2.004987284301259,0.4009974568602518,0.6,0.0,0.01704704761505127,0.0031901334146752086,0.6,0.0,0.01704704761505127,0.0031901334146752086,goal_capture,TERMINAL_SETTLING,NONE,DIRECT_LOCAL,PASS_THROUGH,0,6,0,0,0,0,1,0.6,2.004987284301259,inf,0.0,0,0,0,CLEAR,none,nan,0.0,0.0,0,0,0,0,0.0,0,0,1,1,0.0,0.6,"3.127,26.270;3.287,26.277;3.507,26.285;3.727,26.294;3.947,26.302;4.166,26.311;4.386,26.320;4.606,26.328;4.826,26.337;5.038,26.346;5.150,26.350",5.15,26.35,2.0,5.15,26.35,2.0,5.15,26.35,2.0,6.2843774115729065,0.0,0.0,0,0,5,1,,,0,1,PASS_THROUGH,-1,0.9999611122099571,0.0008621301131948747,0.008776719175943123,0.4131973206356755,0,0.9999635573911891,0.0007743607404767256,0.008502014761300235,2.005059752736094,0.40101195054721883,0,0,0,BYPASS_VISIBLE,1,0,1,1,1
1787562379213562880,1787562379231408640,joint_v2_000004_81a34ddb,1380,244,0.03333333333333333,8.133333333333333,17.845630645751953,frame_id_exact,1,,3.165740489959717,26.27144432067871,1.9835431575775146,0.012372943207036115,-0.011960285206473086,-0.693099158454972,0.7206368144933929,0.5676764845848083,0.027183588594198227,0.01908992789685726,0.5686248136919677,0.005055415907762137,-0.00047750424747860024,-1.5318454619623454,-0.002179056406021118,depth/001380.png,1.0,-8.66906144346459e-05,-0.034412123980228235,-0.9994077237083505,0.5686248136919677,0.005055415907762137,-0.00047750424747860024,-0.002179056406021118,0.9999654720162834,0.0006178682973710933,0.008286918246164334,1.9858138880416099,0.39716277760832197,0.6,0.0,0.01645684242248535,0.0018535112170178086,0.6,0.0,0.01645684242248535,0.0018535112170178086,goal_capture,TERMINAL_SETTLING,NONE,DIRECT_LOCAL,PASS_THROUGH,0,6,0,0,0,0,1,0.6,1.9858138880416099,inf,0.0,0,0,0,CLEAR,none,nan,0.0,0.0,0,0,0,0,0.0,0,0,1,1,0.0,0.6,"3.127,26.270;3.287,26.277;3.507,26.285;3.727,26.294;3.947,26.302;4.166,26.311;4.386,26.320;4.606,26.328;4.826,26.337;5.038,26.346;5.150,26.350",5.15,26.35,2.0,5.15,26.35,2.0,5.15,26.35,2.0,6.2843774115729065,0.0,0.0,0,0,5,1,,,0,1,PASS_THROUGH,-1,0.9999611122099571,0.0008621301131948747,0.008776719175943123,0.4131973206356755,0,0.9999654720162834,0.0006178682973710933,0.008286918246164334,1.9858820774661958,0.3971764154932392,0,0,0,BYPASS_VISIBLE,1,0,1,1,1
1787562379262043904,1787562379278829312,joint_v2_000004_81a34ddb,1381,245,0.03333333333333333,8.166666666666666,16.785383224487305,frame_id_exact,1,,3.1845130920410156,26.272340774536133,1.9842110872268677,0.004531909269555074,-0.0020214275548651518,-0.6931964236650238,0.7207316378840558,0.5600708723068237,0.02637796476483345,0.020743312314152718,0.5608423550695311,0.0046133389644718165,0.01549302749899819,-1.5318369867677677,-0.0019674720242619514,depth/001381.png,1.0,0.003369193011096049,-0.009335073484637642,-0.9999507512580259,0.5608423550695311,0.0046133389644718165,0.01549302749899819,-0.0019674720242619514,0.9999676453907043,0.0005315446903468631,0.00802655791811377,1.9670205237002023,0.39340410474004045,0.6,0.0,0.015788912773132324,0.0049672852095682465,0.6,0.0,0.015788912773132324,0.0049672852095682465,goal_capture,TERMINAL_SETTLING,NONE,DIRECT_LOCAL,PASS_THROUGH,0,6,0,0,0,0,1,0.6,1.9670205237002023,inf,0.0,0,0,0,CLEAR,none,nan,0.0,0.0,0,0,0,0,0.030456249911070068,0,0,1,1,0.0,0.6,"3.185,26.272;3.251,26.275;3.336,26.279;3.442,26.284;3.568,26.289;3.714,26.294;3.880,26.300;4.066,26.307;4.272,26.315;4.470,26.323;4.644,26.330;4.797,26.336;4.925,26.341;5.030,26.345;5.109,26.348;5.150,26.350",5.15,26.35,2.0,5.15,26.35,2.0,5.15,26.35,2.0,6.2843774115729065,0.0,0.0,0,0,5,1,,,0,1,PASS_THROUGH,-1,0.9999611122099571,0.0008621301131948747,0.008776719175943123,0.4131973206356755,0,0.9999676453907043,0.0005315446903468631,0.00802655791811377,1.9670838900322416,0.3934167780064483,0,0,0,BYPASS_VISIBLE,1,0,1,1,1
1787562379307519744,1787562379324244736,joint_v2_000004_81a34ddb,1382,246,0.03333333333333333,8.2,16.72506332397461,frame_id_exact,1,,3.2031760215759277,26.273197174072266,1.9849052429199219,-0.004276588584249226,0.008295042745725555,-0.6931742107472432,0.7207096617993021,0.5611944794654846,0.024886585772037506,0.020612748339772224,0.5612863195401504,0.003171530682810394,0.030513607099855688,-1.5319044049772232,-0.00149244861677289,depth/001382.png,1.0,0.006027793070609982,0.017664176841183946,-0.9998258061118553,0.5612863195401504,0.003171530682810394,0.030513607099855688,-0.00149244861677289,0.9999698447590941,0.0005379336850397053,0.0077472704756949414,1.9483383374140695,0.3896676674828139,0.6,0.0,0.015094757080078125,0.004741386968112188,0.6,0.0,0.015094757080078125,0.004741386968112188,goal_capture,TERMINAL_SETTLING,NONE,DIRECT_LOCAL,PASS_THROUGH,0,6,0,0,0,0,1,0.6,1.9483383374140695,inf,0.0,0,0,0,CLEAR,none,nan,0.0,0.0,0,0,0,0,0.0,0,0,1,1,0.0,0.6,"3.185,26.272;3.251,26.275;3.336,26.279;3.442,26.284;3.568,26.289;3.714,26.294;3.880,26.300;4.066,26.307;4.272,26.315;4.470,26.323;4.644,26.330;4.797,26.336;4.925,26.341;5.030,26.345;5.109,26.348;5.150,26.350",5.15,26.35,2.0,5.15,26.35,2.0,5.15,26.35,2.0,6.2843774115729065,0.0,0.0,0,0,5,1,,,1,1,PASS_THROUGH,-1,0.9999998553049801,0.0005379498292100725,0.0,0.3896676674828139,0,0.9999698447590941,0.0005379336850397053,0.0077472704756949414,1.948396809874397,0.3896793619748794,0,0,0,BYPASS_VISIBLE,1,0,1,1,1
1787562379354685184,1787562379370211840,joint_v2_000004_81a34ddb,1383,247,0.03333333333333333,8.233333333333333,15.526771545410156,frame_id_exact,1,,3.2220191955566406,26.273996353149414,1.9855607748031616,-0.012057908626495466,0.016660581068160027,-0.6930501077741396,0.7205959894367161,0.5706297755241394,0.02306068316102028,0.01840798184275627,0.5698822125225614,0.0010320616252355878,0.04149925682825892,-1.531977598534789,-0.000817857391666621,depth/001383.png,1.0,0.0072976260525559715,0.040470996204230225,-0.9991540637560528,0.5698822125225614,0.0010320616252355878,0.04149925682825892,-0.000817857391666621,0.9999718303920858,0.0005822247130430571,0.007483277135387961,1.9294783068582695,0.3858956613716539,0.6,0.0,0.014439225196838379,0.0035954541950115014,0.6,0.0,0.014439225196838379,0.0035954541950115014,goal_capture,TERMINAL_SETTLING,NONE,DIRECT_LOCAL,PASS_THROUGH,0,6,0,0,0,0,1,0.6,1.9294783068582693,inf,0.0,0,0,0,CLEAR,none,nan,0.0,0.0,0,0,0,0,0.0,0,0,1,1,0.0,0.6,"3.185,26.272;3.251,26.275;3.336,26.279;3.442,26.284;3.568,26.289;3.714,26.294;3.880,26.300;4.066,26.307;4.272,26.315;4.470,26.323;4.644,26.330;4.797,26.336;4.925,26.341;5.030,26.345;5.109,26.348;5.150,26.350",5.15,26.35,2.0,5.15,26.35,2.0,5.15,26.35,2.0,6.2843774115729065,0.0,0.0,0,0,5,1,,,0,1,PASS_THROUGH,-1,0.9999698447590941,0.0005379336850397053,0.0077472704756949414,0.3896676674828139,0,0.9999718303920858,0.0005822247130430571,0.007483277135387961,1.929532333976536,0.3859064667953072,0,0,0,BYPASS_VISIBLE,1,0,1,1,1
1787562379396997376,1787562379413564672,joint_v2_000004_81a34ddb,1384,248,0.03333333333333333,8.266666666666667,16.567230224609375,frame_id_exact,1,,3.241286039352417,26.274734497070312,1.986110806465149,-0.017060878388600348,0.021198308095688338,-0.6929247154864498,0.720496285091403,0.5861123204231262,0.021317878738045692,0.014359640888869762,0.5848680904969784,-0.0013477268724515342,0.04599786672036319,-1.5319737098129564,-0.00023743088240735233,depth/001384.png,1.0,0.006902795859593289,0.053962262210763404,-0.9985191163249794,0.5848680904969784,-0.0013477268724515342,0.04599786672036319,-0.00023743088240735233,0.9999733929893759,0.0005895213572645736,0.007270885632759054,1.9101973404604675,0.3820394680920935,0.6,0.0,0.013889193534851074,0.00033760821514620953,0.6,0.0,0.013889193534851074,0.00033760821514620953,goal_capture,TERMINAL_SETTLING,NONE,DIRECT_LOCAL,PASS_THROUGH,0,6,0,0,0,0,1,0.6,1.9101973404604675,inf,0.0,0,0,0,CLEAR,none,nan,0.0,0.0,0,0,0,0,0.033777980522051824,0,0,1,1,0.0,0.6,"3.241,26.275;3.310,26.277;3.398,26.281;3.507,26.285;3.636,26.290;3.784,26.296;3.953,26.303;4.141,26.310;4.350,26.318;4.538,26.326;4.705,26.332;4.848,26.338;4.968,26.343;5.063,26.347;5.132,26.349;5.150,26.350",5.15,26.35,2.0,5.15,26.35,2.0,5.15,26.35,2.0,6.2843774115729065,0.0,0.0,0,0,5,1,,,0,1,PASS_THROUGH,-1,0.9999698447590941,0.0005379336850397053,0.0077472704756949414,0.3896676674828139,0,0.9999733929893759,0.0005895213572645736,0.007270885632759054,1.9102478344966896,0.3820495668993379,0,0,0,BYPASS_VISIBLE,1,0,1,1,1
1787562379443974912,1787562379462879232,joint_v2_000004_81a34ddb,1385,249,0.03333333333333333,8.3,18.90420913696289,frame_id_exact,1,,3.2611217498779297,26.275423049926758,1.9865065813064575,-0.018179026085963175,0.02091574477840809,-0.692894933245245,0.7205058404440576,0.6040987372398376,0.020048270002007484,0.009331545792520046,0.6029845001356262,-0.003431483716451946,0.042687383703038095,-1.5318677327086265,-4.263115624780767e-05,depth/001385.png,1.0,0.004947522407566622,0.055181016101062005,-0.9984641092618607,0.6029845001356262,-0.003431483716451946,0.042687383703038095,-4.263115624780767e-05,0.99997438300405,0.0005330331617045436,0.00713787162382221,1.8903499055112636,0.3780699811022527,0.6,0.0,0.01349341869354248,0.000436910676202152,0.6,0.0,0.01349341869354248,0.000436910676202152,goal_capture,TERMINAL_SETTLING,NONE,DIRECT_LOCAL,PASS_THROUGH,0,6,0,0,0,0,1,0.6,1.8903499055112636,inf,0.0,0,0,0,CLEAR,none,nan,0.0,0.0,0,0,0,0,0.0,0,0,1,1,0.0,0.6,"3.241,26.275;3.310,26.277;3.398,26.281;3.507,26.285;3.636,26.290;3.784,26.296;3.953,26.303;4.141,26.310;4.350,26.318;4.538,26.326;4.705,26.332;4.848,26.338;4.968,26.343;5.063,26.347;5.132,26.349;5.150,26.350",5.15,26.35,2.0,5.15,26.35,2.0,5.15,26.35,2.0,6.2843774115729065,0.0,0.0,0,0,5,1,,,0,1,PASS_THROUGH,-1,0.9999698447590941,0.0005379336850397053,0.0077472704756949414,0.3896676674828139,0,0.99997438300405,0.0005330331617045436,0.00713787162382221,1.8903980632698718,0.3780796126539744,0,0,0,BYPASS_VISIBLE,1,0,1,1,1
1787562379493383168,1787562379510225920,joint_v2_000004_81a34ddb,1386,250,0.03333333333333333,8.333333333333334,16.84284210205078,frame_id_exact,1,,3.2815423011779785,26.276084899902344,1.9867361783981323,-0.015204464490760974,0.015933072541781827,-0.6929728862968131,0.7206271853853363,0.62056964635849,0.019531553611159325,0.004601070191711187,0.6200549332293178,-0.004719996543050769,0.03192082119081401,-1.5317168785396846,-0.0001921637012856081,depth/001386.png,1.0,0.0018910471551291767,0.04399587543624685,-0.999029922917855,0.6200549332293178,-0.004719996543050769,0.03192082119081401,-0.0001921637012856081,0.9999747382845239,0.00045934191077682304,0.007093080981283151,1.8699191464632188,0.37398382929264373,0.6,0.0,0.013263821601867676,0.0010366299764441242,0.6,0.0,0.013263821601867676,0.0010366299764441242,goal_capture,TERMINAL_SETTLING,NONE,DIRECT_LOCAL,PASS_THROUGH,0,6,0,0,0,0,1,0.6,1.8699191464632186,inf,0.0,0,0,0,CLEAR,none,nan,0.0,0.0,0,0,0,0,0.0,0,0,1,1,0.0,0.6,"3.241,26.275;3.310,26.277;3.398,26.281;3.507,26.285;3.636,26.290;3.784,26.296;3.953,26.303;4.141,26.310;4.350,26.318;4.538,26.326;4.705,26.332;4.848,26.338;4.968,26.343;5.063,26.347;5.132,26.349;5.150,26.350",5.15,26.35,2.0,5.15,26.35,2.0,5.15,26.35,2.0,6.2843774115729065,0.0,0.0,0,0,5,1,,,0,1,PASS_THROUGH,-1,0.9999698447590941,0.0005379336850397053,0.0077472704756949414,0.3896676674828139,0,0.9999747382845239,0.00045934191077682304,0.007093080981283151,1.8699661877352804,0.3739932375470561,0,0,0,BYPASS_VISIBLE,1,0,1,1,1
1787562379540346112,1787562379556936192,joint_v2_000004_81a34ddb,1387,251,0.03333333333333333,8.366666666666667,16.590118408203125,frame_id_exact,1,,3.3024351596832275,26.27674674987793,1.986830711364746,-0.008865125291107645,0.007441275732103674,-0.6930772109827854,0.7207704326520167,0.6318801641464233,0.019880356267094612,0.0013862428022548556,0.6319734695954706,-0.004892399683740086,0.015977804258461202,-1.5316090361172385,-0.00041083726682700217,depth/001387.png,1.0,-0.0015615295657250457,0.02309419764429258,-0.9997320739381035,0.6319734695954706,-0.004892399683740086,0.015977804258461202,-0.00041083726682700217,0.9999745402223168,0.0004404826767684062,0.007122140280668153,1.8490164622923695,0.3698032924584739,0.6,0.0,0.013169288635253906,-0.0031967812874628306,0.6,0.0,0.013169288635253906,-0.0031967812874628306,goal_capture,TERMINAL_SETTLING,NONE,DIRECT_LOCAL,PASS_THROUGH,0,6,0,0,0,0,1,0.6,1.8490164622923693,inf,0.0,0,0,0,CLEAR,none,nan,0.0,0.0,0,0,0,0,0.02523843926017003,0,0,1,1,0.0,0.6,"3.302,26.277;3.376,26.279;3.469,26.282;3.582,26.286;3.715,26.291;3.868,26.298;4.041,26.306;4.234,26.314;4.436,26.322;4.615,26.329;4.771,26.335;4.904,26.340;5.013,26.345;5.097,26.348;5.150,26.350",5.15,26.35,2.0,5.15,26.35,2.0,5.15,26.35,2.0,6.2843774115729065,0.0,0.0,0,0,5,1,,,0,1,PASS_THROUGH,-1,0.9999698447590941,0.0005379336850397053,0.0077472704756949414,0.3896676674828139,0,0.9999745402223168,0.0004404826767684062,0.007122140280668153,1.8490633596476211,0.3698126719295242,0,0,0,BYPASS_VISIBLE,1,0,1,1,1
1787562379587789056,1787562379603434496,joint_v2_000004_81a34ddb,1388,252,0.03333333333333333,8.4,15.645503997802734,frame_id_exact,1,,3.3235814571380615,26.277423858642578,1.9868543148040771,-0.0006413444490190455,-0.0025902667560435627,-0.6931070251502343,0.7208297516631947,0.6355255842208862,0.021016575396060944,0.0003790149057749659,0.6358596917967839,-0.003908993911978693,-0.0013343191788632032,-1.531593983100935,-0.0007268731715157628,depth/001388.png,1.0,-0.0046233233713130345,-0.0026660638514198684,-0.9999857583908605,0.6358596917967839,-0.003908993911978693,-0.0013343191788632032,-0.0007268731715157628,0.9999740077860073,0.0005136095895296326,0.007191658889283745,1.8278599481372364,0.3655719896274473,0.6,0.0,0.013145685195922852,-0.002695351344559841,0.6,0.0,0.013145685195922852,-0.002695351344559841,goal_capture,TERMINAL_SETTLING,NONE,DIRECT_LOCAL,PASS_THROUGH,0,6,0,0,0,0,1,0.6,1.8278599481372364,inf,0.0,0,0,0,CLEAR,none,nan,0.0,0.0,0,0,0,0,0.0,0,0,1,1,0.0,0.6,"3.302,26.277;3.376,26.279;3.469,26.282;3.582,26.286;3.715,26.291;3.868,26.298;4.041,26.306;4.234,26.314;4.436,26.322;4.615,26.329;4.771,26.335;4.904,26.340;5.013,26.345;5.097,26.348;5.150,26.350",5.15,26.35,2.0,5.15,26.35,2.0,5.15,26.35,2.0,6.2843774115729065,0.0,0.0,0,0,5,1,,,1,1,PASS_THROUGH,-1,0.9999998680957639,0.000513622871977956,0.0,0.3655719896274473,0,0.9999740077860073,0.0005136095895296326,0.007191658889283745,1.8279072183903455,0.3655814436780691,0,0,0,BYPASS_VISIBLE,1,0,1,1,1
1787562379637460480,1787562379654178560,joint_v2_000004_81a34ddb,1389,253,0.03333333333333333,8.433333333333334,16.718149185180664,frame_id_exact,1,,3.3447084426879883,26.278152465820312,1.9868817329406738,0.007583958661462256,-0.011873974911705514,-0.6930314128642783,0.7207696948916206,0.630711019039154,0.022684471681714058,0.001545951352454722,0.6309207898127636,-0.0020251863045604376,-0.015755010661413566,-1.531652538675182,-0.0011259682942181826,depth/001389.png,1.0,-0.006604959376006546,-0.027390650359734158,-0.9996029845816349,0.6309207898127636,-0.0020251863045604376,-0.015755010661413566,-0.0011259682942181826,0.9999734406476728,0.0006335024019468332,0.00726062490160307,1.8067206964746187,0.36134413929492376,0.6,0.0,0.013118267059326172,-0.0005071867038143954,0.6,0.0,0.013118267059326172,-0.0005071867038143954,goal_capture,TERMINAL_SETTLING,NONE,DIRECT_LOCAL,PASS_THROUGH,0,6,0,0,0,0,1,0.6,1.8067206964746187,inf,0.0,0,0,0,CLEAR,none,nan,0.0,0.0,0,0,0,0,0.0,0,0,1,1,0.0,0.6,"3.302,26.277;3.376,26.279;3.469,26.282;3.582,26.286;3.715,26.291;3.868,26.298;4.041,26.306;4.234,26.314;4.436,26.322;4.615,26.329;4.771,26.335;4.904,26.340;5.013,26.345;5.097,26.348;5.150,26.350",5.15,26.35,2.0,5.15,26.35,2.0,5.15,26.35,2.0,6.2843774115729065,0.0,0.0,0,0,5,1,,,0,1,PASS_THROUGH,-1,0.9999740077860073,0.0005136095895296326,0.007191658889283745,0.3655719896274473,0,0.9999734406476728,0.0006335024019468332,0.00726062490160307,1.8067683205105107,0.3613536641021021,0,0,0,BYPASS_VISIBLE,1,0,1,1,1
1787562379688701184,1787562379706028032,joint_v2_000004_81a34ddb,1390,254,0.03333333333333333,8.466666666666667,17.326831817626953,frame_id_exact,1,,3.3655474185943604,26.278940200805664,1.9869762659072876,0.013955541515895661,-0.01832524570617977,-0.6929118406935636,0.7206542924714069,0.618578314781189,0.02450467273592949,0.004284271504729986,0.6186170438878422,0.0002842624671938774,-0.02389220986167542,-1.5317106656966621,-0.001448783790692687,depth/001390.png,1.0,-0.007072414038193926,-0.04550980126124796,-0.9989388564616125,0.6186170438878422,0.0002842624671938774,-0.02389220986167542,-0.001448783790692687,0.9999731539998726,0.0007149143259239573,0.007292474000888605,1.7858668792345056,0.3571733758469011,0.6,0.0,0.013023734092712402,0.0010605921987537348,0.6,0.0,0.013023734092712402,0.0010605921987537348,goal_capture,TERMINAL_SETTLING,NONE,DIRECT_LOCAL,PASS_THROUGH,0,6,0,0,0,0,1,0.6,1.7858668792345056,inf,0.0,0,0,0,CLEAR,none,nan,0.0,0.0,0,0,0,0,0.04096266629373479,0,0,1,1,0.0,0.6,"3.366,26.279;3.529,26.285;3.749,26.294;3.969,26.303;4.189,26.312;4.409,26.320;4.628,26.329;4.848,26.338;5.056,26.346;5.150,26.350",5.15,26.35,2.0,5.15,26.35,2.0,5.15,26.35,2.0,6.2843774115729065,0.0,0.0,0,0,5,1,,,0,1,PASS_THROUGH,-1,0.9999740077860073,0.0005136095895296326,0.007191658889283745,0.3655719896274473,0,0.9999731539998726,0.0007149143259239573,0.007292474000888605,1.785914367487005,0.357182873497401,0,0,0,BYPASS_VISIBLE,1,0,1,1,1
1787562379740807936,1787562379757344768,joint_v2_000004_81a34ddb,1391,255,0.03333333333333333,8.5,16.536712646484375,frame_id_exact,1,,3.385897397994995,26.279783248901367,1.987176775932312,0.017063358294716464,-0.020528624099375788,-0.6928478224435507,0.7205895588554713,0.6019694805145264,0.02606225572526455,0.007775880396366119,0.6020932679427412,0.0024701563937058685,-0.024177592638172807,-1.5317047405220745,-0.0016516317846253514,depth/001391.png,1.0,-0.005940803091221188,-0.05303778066239459,-0.9985748347925854,0.6020932679427412,0.0024701563937058685,-0.024177592638172807,-0.0016516317846253514,0.9999733854098043,0.000690494908512952,0.00726303578652895,1.765499471123024,0.3530998942246048,0.6,0.0,0.012823224067687988,0.0008794078057164194,0.6,0.0,0.012823224067687988,0.0008794078057164194,goal_capture,TERMINAL_SETTLING,NONE,DIRECT_LOCAL,PASS_THROUGH,0,6,0,0,0,0,1,0.6,1.765499471123024,inf,0.0,0,0,0,CLEAR,none,nan,0.0,0.0,0,0,0,0,0.0,0,0,1,1,0.0,0.6,"3.366,26.279;3.529,26.285;3.749,26.294;3.969,26.303;4.189,26.312;4.409,26.320;4.628,26.329;4.848,26.338;5.056,26.346;5.150,26.350",5.15,26.35,2.0,5.15,26.35,2.0,5.15,26.35,2.0,6.2843774115729065,0.0,0.0,0,0,5,1,,,0,1,PASS_THROUGH,-1,0.9999740077860073,0.0005136095895296326,0.007191658889283745,0.3655719896274473,0,0.9999733854098043,0.000690494908512952,0.00726303578652895,1.7655460395048235,0.3531092079009647,0,0,0,BYPASS_VISIBLE,1,0,1,1,1
1787562379782877440,1787562379798627584,joint_v2_000004_81a34ddb,1392,256,0.03333333333333333,8.533333333333333,15.75016975402832,frame_id_exact,1,,3.405672073364258,26.280668258666992,1.9874951839447021,0.016253003720131196,-0.018045813289795955,-0.6928918888389696,0.7206323742893797,0.5847468376159668,0.027006296440958977,0.01126987487077713,0.5852154088047342,0.004053096533516641,-0.017079576544274867,-1.5316357225761983,-0.0018029115162789822,depth/001392.png,1.0,-0.0034856456601199924,-0.048432476632348724,-0.9988203769855665,0.5852154088047342,0.004053096533516641,-0.017079576544274867,-0.0018029115162789822,0.9999741854886568,0.000565435192607947,0.007163004909970036,1.7457052460245446,0.3491410492049089,0.6,0.0,0.012504816055297852,0.0005193987024968913,0.6,0.0,0.012504816055297852,0.0005193987024968913,goal_capture,TERMINAL_SETTLING,NONE,DIRECT_LOCAL,PASS_THROUGH,0,6,0,0,0,0,1,0.6,1.7457052460245446,inf,0.0,0,0,0,CLEAR,none,nan,0.0,0.0,0,0,0,0,0.0,0,0,1,1,0.0,0.6,"3.366,26.279;3.529,26.285;3.749,26.294;3.969,26.303;4.189,26.312;4.409,26.320;4.628,26.329;4.848,26.338;5.056,26.346;5.150,26.350",5.15,26.35,2.0,5.15,26.35,2.0,5.15,26.35,2.0,6.2843774115729065,0.0,0.0,0,0,5,1,,,0,1,PASS_THROUGH,-1,0.9999740077860073,0.0005136095895296326,0.007191658889283745,0.3655719896274473,0,0.9999741854886568,0.000565435192607947,0.007163004909970036,1.745750032628438,0.3491500065256876,0,0,0,BYPASS_VISIBLE,1,0,1,1,1
1787562379825726464,1787562379841357568,joint_v2_000004_81a34ddb,1393,257,0.03333333333333333,8.566666666666666,15.630960464477539,frame_id_exact,1,,3.4249179363250732,26.281579971313477,1.9879212379455566,0.011758407978233831,-0.011495996055285795,-0.6930061043344109,0.7207441441120128,0.5708597898483276,0.02713252417743206,0.014150552451610565,0.5716410112514191,0.004718212220607961,-0.004648053086803272,-1.53156550015191,-0.0019272287609055638,depth/001393.png,1.0,-0.00027404666282310544,-0.032883198272218736,-0.9994591638330286,0.5716410112514191,0.004718212220607961,-0.004648053086803272,-0.0019272287609055638,0.999975442293555,0.0004102838860743213,0.00699617587984358,1.7264383645929589,0.34528767291859175,0.6,0.0,0.01207876205444336,0.0036920092666586045,0.6,0.0,0.01207876205444336,0.0036920092666586045,goal_capture,TERMINAL_SETTLING,NONE,DIRECT_LOCAL,PASS_THROUGH,0,6,0,0,0,0,1,0.6,1.7264383645929589,inf,0.0,0,0,0,CLEAR,none,nan,0.0,0.0,0,0,0,0,0.023508111060480716,0,0,1,1,0.0,0.6,"3.425,26.282;3.492,26.285;3.579,26.289;3.686,26.293;3.813,26.298;3.960,26.304;4.127,26.310;4.314,26.317;4.507,26.324;4.677,26.331;4.825,26.337;4.949,26.342;5.048,26.346;5.122,26.349;5.150,26.350",5.15,26.35,2.0,5.15,26.35,2.0,5.15,26.35,2.0,6.2843774115729065,0.0,0.0,0,0,5,1,,,0,1,PASS_THROUGH,-1,0.9999740077860073,0.0005136095895296326,0.007191658889283745,0.3655719896274473,0,0.999975442293555,0.0004102838860743213,0.00699617587984358,1.726480617681872,0.3452961235363744,0,0,0,BYPASS_VISIBLE,1,0,1,1,1
1787562379868752384,1787562379884589056,joint_v2_000004_81a34ddb,1394,258,0.03333333333333333,8.6,15.836477279663086,frame_id_exact,1,,3.4438014030456543,26.282474517822266,1.9884251356124878,0.004633955878549546,-0.0023986395138450318,-0.6930943883562706,0.7208279557636798,0.5634192824363708,0.026427770033478737,0.01587059535086155,0.5641527562684531,0.004352096035750626,0.010213593963494047,-1.5315572549271212,-0.001806868938729167,depth/001394.png,1.0,0.0029655247958686824,-0.01000553705953912,-0.9999455459627965,0.5641527562684531,0.004352096035750626,0.010213593963494047,-0.001806868938729167,0.9999769752020006,0.00031684372489435524,0.0067785452651432515,1.7075342875012247,0.34150685750024495,0.6,0.0,0.011574864387512207,0.003132252087789545,0.6,0.0,0.011574864387512207,0.003132252087789545,goal_capture,TERMINAL_SETTLING,NONE,DIRECT_LOCAL,PASS_THROUGH,0,6,0,0,0,0,1,0.6,1.7075342875012247,inf,0.0,0,0,0,CLEAR,none,nan,0.0,0.0,0,0,0,0,0.0,0,0,1,1,0.0,0.6,"3.425,26.282;3.492,26.285;3.579,26.289;3.686,26.293;3.813,26.298;3.960,26.304;4.127,26.310;4.314,26.317;4.507,26.324;4.677,26.331;4.825,26.337;4.949,26.342;5.048,26.346;5.122,26.349;5.150,26.350",5.15,26.35,2.0,5.15,26.35,2.0,5.15,26.35,2.0,6.2843774115729065,0.0,0.0,0,0,5,1,,,1,1,PASS_THROUGH,-1,0.9999999498027191,0.00031685100442003323,0.0,0.34150685750024495,0,0.9999769752020006,0.00031684372489435524,0.0067785452651432515,1.7075735183229752,0.341514703664595,0,0,0,BYPASS_VISIBLE,1,0,1,1,1
1787562379915057152,1787562379929629696,joint_v2_000004_81a34ddb,1395,259,0.03333333333333333,8.633333333333333,14.572620391845703,frame_id_exact,1,,3.462568759918213,26.28333282470703,1.9889599084854126,-0.0034890479968717565,0.007173480915776837,-0.6930826090704283,0.7208140292195723,0.5640023350715637,0.025067711248993874,0.015943285077810287,0.5642496246090635,0.00304384785207833,0.02437844480880555,-1.5316156330988246,-0.0014094593934714794,depth/001395.png,1.0,0.005505094387173961,0.014973539227978287,-0.999872735431253,0.5642496246090635,0.00304384785207833,0.02437844480880555,-0.0014094593934714794,0.9999785845263863,0.0003068471330815721,0.0065373032239223324,1.6887476727639044,0.3377495345527809,0.6,0.0,0.011040091514587402,0.0016021479582981578,0.6,0.0,0.011040091514587402,0.0016021479582981578,goal_capture,TERMINAL_SETTLING,NONE,DIRECT_LOCAL,PASS_THROUGH,0,6,0,0,0,0,1,0.6,1.6887476727639044,inf,0.0,0,0,0,CLEAR,none,nan,0.0,0.0,0,0,0,0,0.0,0,0,1,1,0.0,0.6,"3.425,26.282;3.492,26.285;3.579,26.289;3.686,26.293;3.813,26.298;3.960,26.304;4.127,26.310;4.314,26.317;4.507,26.324;4.677,26.331;4.825,26.337;4.949,26.342;5.048,26.346;5.122,26.349;5.150,26.350",5.15,26.35,2.0,5.15,26.35,2.0,5.15,26.35,2.0,6.2843774115729065,0.0,0.0,0,0,5,1,,,0,1,PASS_THROUGH,-1,0.9999769752020006,0.00031684372489435524,0.0067785452651432515,0.34150685750024495,0,0.9999785845263863,0.0003068471330815721,0.0065373032239223324,1.688783759362386,0.3377567518724772,0,0,0,BYPASS_VISIBLE,1,0,1,1,1
1787562379958156032,1787562379978158336,joint_v2_000004_81a34ddb,1396,260,0.03333333333333333,8.666666666666666,20.002126693725586,frame_id_exact,1,,3.4814882278442383,26.28413963317871,1.989465594291687,-0.010767351610808332,0.015054143046338227,-0.692981714185509,0.7207175457285212,0.5723353028297424,0.023372042924165726,0.014104451052844524,0.5719192328200243,0.00107122555274315,0.03493036503579688,-1.5316860260230514,-0.000978444004431367,depth/001396.png,1.0,0.006776414505813821,0.03638493016156629,-0.9993148738328592,0.5719192328200243,0.00107122555274315,0.03493036503579688,-0.000978444004431367,0.9999800420959796,0.0003417326294857624,0.006308615421230299,1.6698111036102847,0.33396222072205695,0.5333333334,0.0,0.010534405708312988,0.00166874465340092,0.5333333334,0.0,0.010534405708312988,0.00166874465340092,goal_capture,TERMINAL_SETTLING,NONE,DIRECT_LOCAL,PASS_THROUGH,0,6,0,0,0,0,1,0.5333333334,1.6698111036102847,inf,0.0,0,0,0,CLEAR,none,nan,0.0,0.0,0,0,0,0,0.01958022740952566,0,0,1,1,0.0,0.5,"3.481,26.284;3.601,26.289;3.721,26.294;3.841,26.299;3.961,26.303;4.081,26.308;4.201,26.313;4.321,26.317;4.441,26.322;4.561,26.327;4.681,26.331;4.800,26.336;4.920,26.341;5.040,26.346;5.150,26.350",5.15,26.35,2.0,5.15,26.35,2.0,5.15,26.35,2.0,6.2843774115729065,0.0,0.0,0,0,5,1,,,0,1,PASS_THROUGH,-1,0.9999769752020006,0.00031684372489435524,0.0067785452651432515,0.34150685750024495,0,0.9999800420959796,0.0003417326294857624,0.006308615421230299,1.6698443326980583,0.33396886653961166,0,0,0,BYPASS_VISIBLE,1,0,1,1,1
1787562380010490112,1787562380026151936,joint_v2_000004_81a34ddb,1397,261,0.03333333333333333,8.7,15.66171646118164,frame_id_exact,1,,3.5007870197296143,26.28489112854004,1.989869236946106,-0.014530689567024715,0.018485733008703414,-0.6929033498276261,0.7206469902341175,0.5861657857894897,0.021723583340644836,0.009836978279054165,0.5854723934111318,-0.001140611787664964,0.03714544660145392,-1.531699088558768,-0.0006276934873312712,depth/001397.png,1.0,0.0065066487573936585,0.04656064805650474,-0.9988942734716754,0.5854723934111318,-0.001140611787664964,0.03714544660145392,-0.0006276934873312712,0.9999810978118546,0.00036101669331295503,0.006137889372195798,1.6504976884064755,0.3300995376812951,0.5,0.0,0.010130763053894043,0.0017726964777803333,0.5,0.0,0.010130763053894043,0.0017726964777803333,goal_capture,TERMINAL_SETTLING,NONE,DIRECT_LOCAL,PASS_THROUGH,0,6,0,0,0,0,1,0.5,1.6504976884064755,inf,0.0,0,0,0,CLEAR,none,nan,0.0,0.0,0,0,0,0,0.0,0,0,1,1,0.0,0.5,"3.481,26.284;3.601,26.289;3.721,26.294;3.841,26.299;3.961,26.303;4.081,26.308;4.201,26.313;4.321,26.317;4.441,26.322;4.561,26.327;4.681,26.331;4.800,26.336;4.920,26.341;5.040,26.346;5.150,26.350",5.15,26.35,2.0,5.15,26.35,2.0,5.15,26.35,2.0,6.2843774115729065,0.0,0.0,0,0,5,1,,,0,1,PASS_THROUGH,-1,0.9999769752020006,0.00031684372489435524,0.0067785452651432515,0.34150685750024495,0,0.9999810978118546,0.00036101669331295503,0.006137889372195798,1.650528779450747,0.3301057558901494,0,0,0,BYPASS_VISIBLE,1,0,1,1,1
1787562380052072960,1787562380068198144,joint_v2_000004_81a34ddb,1398,262,0.03333333333333333,8.733333333333333,16.125202178955078,frame_id_exact,1,,3.5205676555633545,26.28559112548828,1.990120768547058,-0.010752953068515553,0.013667491578392362,-0.6929960619737691,0.720731594813984,0.6000942587852478,0.02038986049592495,0.005452537909150124,0.5998879050956184,-0.0030871168260240382,0.026145114981630045,-1.5316465607441383,-0.0005370168946683407,depth/001398.png,1.0,0.004797677742662775,0.03444302170983339,-0.9993951473485218,0.5998879050956184,-0.0030871168260240382,0.026145114981630045,-0.0005370168946683407,0.9999815851481595,0.0003580719001817434,0.006058147331361485,1.6307048378575968,0.32614096757151934,0.5,0.0,0.009879231452941895,0.001648669964742864,0.5,0.0,0.009879231452941895,0.001648669964742864,goal_capture,TERMINAL_SETTLING,NONE,DIRECT_LOCAL,PASS_THROUGH,0,6,0,0,0,0,1,0.5,1.6307048378575966,inf,0.0,0,0,0,CLEAR,none,nan,0.0,0.0,0,0,0,0,0.0,0,0,1,1,0.0,0.5,"3.481,26.284;3.601,26.289;3.721,26.294;3.841,26.299;3.961,26.303;4.081,26.308;4.201,26.313;4.321,26.317;4.441,26.322;4.561,26.327;4.681,26.331;4.800,26.336;4.920,26.341;5.040,26.346;5.150,26.350",5.15,26.35,2.0,5.15,26.35,2.0,5.15,26.35,2.0,6.2843774115729065,0.0,0.0,0,0,5,1,,,0,1,PASS_THROUGH,-1,0.9999769752020006,0.00031684372489435524,0.0067785452651432515,0.34150685750024495,0,0.9999815851481595,0.0003580719001817434,0.006058147331361485,1.6307347630520028,0.32614695261040055,0,0,0,BYPASS_VISIBLE,1,0,1,1,1
1787562380101026304,1787562380116869632,joint_v2_000004_81a34ddb,1399,263,0.03333333333333333,8.766666666666667,15.843391418457031,frame_id_exact,1,,3.54071044921875,26.286256790161133,1.9902472496032715,0.0003095255190690831,0.001133084170865636,-0.6931185715235394,0.7208226315282997,0.6067281365394592,0.019485751166939735,0.0024186382070183754,0.6070226496438982,-0.004290236646547233,0.0031100911206793586,-1.531615495723688,-0.0006126849912106991,depth/001399.png,1.0,0.0020625811988273486,0.0011244973654915683,-0.9999972406284295,0.6070226496438982,-0.004290236646547233,0.0031100911206793586,-0.0006126849912106991,0.9999815825199875,0.0004080006587357628,0.006055423708027668,1.6105514754438246,0.32211029508876493,0.5666666666,0.0,0.009752750396728516,-0.0012060404880102037,0.5666666666,0.0,0.009752750396728516,-0.0012060404880102037,goal_capture,TERMINAL_SETTLING,NONE,DIRECT_LOCAL,PASS_THROUGH,0,6,0,0,0,0,1,0.5666666666,1.6105514754438246,inf,0.0,0,0,0,CLEAR,none,nan,0.0,0.0,0,0,0,0,0.023377145035039057,0,0,1,1,0.0,0.6,"3.541,26.286;3.702,26.292;3.922,26.300;4.142,26.310;4.361,26.319;4.581,26.328;4.801,26.336;5.019,26.345;5.150,26.350",5.15,26.35,2.0,5.15,26.35,2.0,5.15,26.35,2.0,6.2843774115729065,0.0,0.0,0,0,5,1,,,0,1,PASS_THROUGH,-1,0.9999769752020006,0.00031684372489435524,0.0067785452651432515,0.34150685750024495,0,0.9999815825199875,0.0004080006587357628,0.006055423708027668,1.6105810042325042,0.32211620084650083,0,0,0,BYPASS_VISIBLE,1,0,1,1,1
1787562380144568064,1787562380160303872,joint_v2_000004_81a34ddb,1400,264,0.03333333333333333,8.8,15.735864639282227,frame_id_exact,1,,3.560875177383423,26.286893844604492,1.9902889728546143,0.013735304604757448,-0.01395515866207089,-0.6930087479535632,0.7206632155271737,0.6009133458137512,0.01905924081802368,0.0002909135655499995,0.6007496388815572,-0.004444304882882814,-0.023244526369135664,-1.53169808589101,-0.0006504605989903212,depth/001400.png,1.0,-0.0010765665353922593,-0.03913915162920953,-0.9992331899082619,0.6007496388815572,-0.004444304882882814,-0.023244526369135664,-0.0006504605989903212,0.9999811828720133,0.0005921570915711042,0.006106001299374113,1.5903773416095222,0.3180754683219044,0.6,0.0,0.009711027145385742,-0.00038053288018886217,0.6,0.0,0.009711027145385742,-0.00038053288018886217,goal_capture,TERMINAL_SETTLING,NONE,DIRECT_LOCAL,PASS_THROUGH,0,6,0,0,0,0,1,0.6,1.5903773416095222,inf,0.0,0,0,0,CLEAR,none,nan,0.0,0.0,0,0,0,0,0.0,0,0,1,1,0.0,0.6,"3.541,26.286;3.702,26.292;3.922,26.300;4.142,26.310;4.361,26.319;4.581,26.328;4.801,26.336;5.019,26.345;5.150,26.350",5.15,26.35,2.0,5.15,26.35,2.0,5.15,26.35,2.0,6.281160430778298,0.0,0.0,0,0,5,1,,,1,1,PASS_THROUGH,-1,0.9999998246684372,0.0005921681306507824,0.0,0.3180754683219044,0,0.9999811828720133,0.0005921570915711042,0.006106001299374113,1.5904069896580528,0.31808139793161055,0,0,0,BYPASS_VISIBLE,1,0,1,1,1
1787562380193090816,1787562380208689408,joint_v2_000004_81a34ddb,1401,265,0.03333333333333333,8.833333333333334,15.598535537719727,frame_id_exact,1,,3.5806400775909424,26.28752899169922,1.9903109073638916,0.022116327358274877,-0.02398326794746395,-0.6927961298857811,0.7203951647103317,0.5834811329841614,0.019182143732905388,0.0016114204190671444,0.5826513969870334,-0.0035459673460721992,-0.036408234879990425,-1.5318695484897087,-0.0005275754956528544,depth/001401.png,1.0,-0.003910648524410913,-0.06509602101213754,-0.9978713418454835,0.5826513969870334,-0.0035459673460721992,-0.036408234879990425,-0.0005275754956528544,0.9999806032459272,0.0008588797407585297,0.006168910560415036,1.5706028119616624,0.3141205623923325,0.6,0.0,0.009689092636108398,0.001814876013337234,0.6,0.0,0.009689092636108398,0.001814876013337234,goal_capture,TERMINAL_SETTLING,NONE,DIRECT_LOCAL,PASS_THROUGH,0,6,0,0,0,0,1,0.6,1.5706028119616624,inf,0.0,0,0,0,CLEAR,none,nan,0.0,0.0,0,0,0,0,0.0,0,0,1,1,0.0,0.6,"3.541,26.286;3.702,26.292;3.922,26.300;4.142,26.310;4.361,26.319;4.581,26.328;4.801,26.336;5.019,26.345;5.150,26.350",5.15,26.35,2.0,5.15,26.35,2.0,5.15,26.35,2.0,6.274735664055472,0.0,0.0,0,0,5,1,,,0,1,PASS_THROUGH,-1,0.9999811828720133,0.0005921570915711042,0.006106001299374113,0.3180754683219044,0,0.9999806032459272,0.0008588797407585297,0.006168910560415036,1.5706326978189369,0.3141265395637874,0,0,0,BYPASS_VISIBLE,1,0,1,1,1
1787562380234243840,1787562380250260480,joint_v2_000004_81a34ddb,1402,266,0.03333333333333333,8.866666666666667,16.016721725463867,frame_id_exact,1,,3.5997157096862793,26.288179397583008,1.9904245138168335,0.02226898670598946,-0.025453738507616976,-0.6927958429751686,0.7203402802727332,0.5608602166175842,0.019921211525797844,0.0053285863250494,0.5602946856146327,-0.001870793089145776,-0.032493022180462974,-1.5320138957248353,-0.00032733340049162507,depth/001402.png,1.0,-0.005814983426773768,-0.06735098470287246,-0.9977123988541486,0.5602946856146327,-0.001870793089145776,-0.032493022180462974,-0.00032733340049162507,0.9999803795537109,0.0010733770436149562,0.00617157754052801,1.5515164090903832,0.31030328181807665,0.6,0.0,0.009575486183166504,0.0011890520770055715,0.6,0.0,0.009575486183166504,0.0011890520770055715,goal_capture,TERMINAL_SETTLING,NONE,DIRECT_LOCAL,PASS_THROUGH,0,6,0,0,0,0,1,0.6,1.5515164090903832,inf,0.0,0,0,0,CLEAR,none,nan,0.0,0.0,0,0,0,0,0.061501157485788334,0,0,1,1,0.0,0.6,"3.600,26.288;3.666,26.291;3.752,26.294;3.858,26.298;3.984,26.303;4.130,26.309;4.296,26.316;4.482,26.323;4.655,26.330;4.806,26.336;4.933,26.341;5.036,26.345;5.114,26.349;5.150,26.350",5.15,26.35,2.0,5.15,26.35,2.0,5.15,26.35,2.0,6.268656475329481,0.0,0.0,0,0,5,1,,,0,1,PASS_THROUGH,-1,0.9999811828720133,0.0005921570915711042,0.006106001299374113,0.3180754683219044,0,0.9999803795537109,0.0010733770436149562,0.00617157754052801,1.5515459572994805,0.3103091914598961,0,0,0,BYPASS_VISIBLE,1,0,1,1,1
1787562380284385280,1787562380303661568,joint_v2_000004_81a34ddb,1403,267,0.03333333333333333,8.9,19.27638053894043,frame_id_exact,1,,3.618061065673828,26.288862228393555,1.990665316581726,0.015115791936645582,-0.018969073131337635,-0.6930198546012002,0.7205103526162532,0.5409308075904846,0.02119923196732998,0.00901111215353012,0.5411533283121958,0.00017657627373237643,-0.017023226961849103,-1.5320585391761872,-0.00020611532090697438,depth/001403.png,1.0,-0.006383739281094914,-0.048074057763491135,-0.998823374197332,0.5411533283121958,0.00017657627373237643,-0.017023226961849103,-0.00020611532090697438,0.9999808044023238,0.0011497757613235877,0.0060884187257617675,1.5331584150443849,0.306631683008877,0.6,0.0,0.009334683418273926,0.001462759549524413,0.6,0.0,0.009334683418273926,0.001462759549524413,goal_capture,TERMINAL_SETTLING,NONE,DIRECT_LOCAL,PASS_THROUGH,0,6,0,0,0,0,1,0.6,1.5331584150443849,inf,0.0,0,0,0,CLEAR,none,nan,0.0,0.0,0,0,0,0,0.0,0,0,1,1,0.0,0.6,"3.600,26.288;3.666,26.291;3.752,26.294;3.858,26.298;3.984,26.303;4.130,26.309;4.296,26.316;4.482,26.323;4.655,26.330;4.806,26.336;4.933,26.341;5.036,26.345;5.114,26.349;5.150,26.350",5.15,26.35,2.0,5.15,26.35,2.0,5.15,26.35,2.0,6.262860712224214,0.0,0.0,0,0,5,1,,,0,1,PASS_THROUGH,-1,0.9999811828720133,0.0005921570915711042,0.006106001299374113,0.3180754683219044,0,0.9999808044023238,0.0011497757613235877,0.0060884187257617675,1.533186832038395,0.306637366407679,0,0,0,BYPASS_VISIBLE,1,0,1,1,1
1787562380334016512,1787562380350022144,joint_v2_000004_81a34ddb,1404,268,0.03333333333333333,8.933333333333334,16.005516052246094,frame_id_exact,1,,3.6358776092529297,26.289594650268555,1.9910110235214233,0.0031409671076386477,-0.006842771397861828,-0.6932393830262235,0.7206680710470296,0.5299237966537476,0.022781547158956528,0.01149788312613964,0.5305177823885014,0.0021690451714494485,0.004075325740540206,-1.53204136990784,-0.00020852332818321884,depth/001404.png,1.0,-0.005507849528215584,-0.014014546657454668,-0.9998866216104507,0.5305177823885014,0.0021690451714494485,0.004075325740540206,-0.00020852332818321884,0.9999817803870933,0.0011185063430416233,0.005931933699889119,1.5153268361768701,0.30306536723537403,0.6,0.0,0.00898897647857666,0.0021252425278503635,0.6,0.0,0.00898897647857666,0.0021252425278503635,goal_capture,TERMINAL_SETTLING,NONE,DIRECT_LOCAL,PASS_THROUGH,0,6,0,0,0,0,1,0.6,1.5153268361768701,inf,0.0,0,0,0,CLEAR,none,nan,0.0,0.0,0,0,0,0,0.0,0,0,1,1,0.0,0.6,"3.600,26.288;3.666,26.291;3.752,26.294;3.858,26.298;3.984,26.303;4.130,26.309;4.296,26.316;4.482,26.323;4.655,26.330;4.806,26.336;4.933,26.341;5.036,26.345;5.114,26.349;5.150,26.350",5.15,26.35,2.0,5.15,26.35,2.0,5.15,26.35,2.0,6.257217747742057,0.0,0.0,0,0,5,1,,,0,1,PASS_THROUGH,-1,0.9999811828720133,0.0005921570915711042,0.006106001299374113,0.3180754683219044,0,0.9999817803870933,0.0011185063430416233,0.005931933699889119,1.5153534974176606,0.3030706994835321,0,0,0,BYPASS_VISIBLE,1,0,1,1,1
1787562380378468864,1787562380395442176,joint_v2_000004_81a34ddb,1405,269,0.03333333333333333,8.966666666666667,16.973495483398438,frame_id_exact,1,,3.6535282135009766,26.290380477905273,1.9914069175720215,-0.0104284301770172,0.00767740644845959,-0.6932385894195783,0.7205918147008206,0.5312695503234863,0.02434561587870121,0.011851003393530846,0.5313339338744414,0.0037148364240987327,0.02551354735663563,-1.5320637888354198,-0.00018034475215245038,depth/001405.png,1.0,-0.0033942279617693773,0.02567383168493705,-0.9996646105485365,0.5313339338744414,0.0037148364240987327,0.02551354735663563,-0.00018034475215245038,0.9999829497516662,0.0010864430964369687,0.00573758201289795,1.4976589382106942,0.29953178764213884,0.5333333334,0.0,0.008593082427978516,0.00330376962664412,0.5333333334,0.0,0.008593082427978516,0.00330376962664412,goal_capture,TERMINAL_SETTLING,NONE,DIRECT_LOCAL,PASS_THROUGH,0,6,0,0,0,0,1,0.5333333334,1.4976589382106942,inf,0.0,0,0,0,CLEAR,none,nan,0.0,0.0,0,0,0,0,0.062249640986090475,0,0,1,1,0.0,0.5,"3.654,26.290;3.773,26.296;3.893,26.301;4.013,26.306;4.133,26.310;4.253,26.314;4.373,26.319;4.493,26.324;4.613,26.329;4.733,26.333;4.853,26.338;4.972,26.343;5.092,26.348;5.150,26.350",5.15,26.35,2.0,5.15,26.35,2.0,5.15,26.35,2.0,6.251568947485481,0.0,0.0,0,0,5,1,,,0,1,PASS_THROUGH,-1,0.9999811828720133,0.0005921570915711042,0.006106001299374113,0.3180754683219044,0,0.9999829497516662,0.0010864430964369687,0.00573758201289795,1.4976835901711676,0.29953671803423354,0,0,0,BYPASS_VISIBLE,1,0,1,1,1
1787562380436400640,1787562380453260288,joint_v2_000004_81a34ddb,1406,270,0.03333333333333333,9.0,16.85953140258789,frame_id_exact,1,,3.671433925628662,26.29121208190918,1.9917490482330322,-0.02116488291297774,0.01999987031555985,-0.6930383189614063,0.7203123915148127,0.544855535030365,0.025551799684762955,0.008047007955610752,0.5440422613232664,0.00449941397986462,0.03978663124087985,-1.5321909455180869,0.00018408356118015945,depth/001406.png,1.0,-0.0005238409160761189,0.058212007860239445,-0.9983041058372815,0.5440422613232664,0.00449941397986462,0.03978663124087985,0.00018408356118015945,0.9999838119375881,0.0011337575149815925,0.00557588169420088,1.4797343192598198,0.29594686385196395,0.5,0.0,0.008250951766967773,0.0031323205350296777,0.5,0.0,0.008250951766967773,0.0031323205350296777,goal_capture,TERMINAL_SETTLING,NONE,DIRECT_LOCAL,PASS_THROUGH,0,6,0,0,0,0,1,0.5,1.4797343192598198,inf,0.0,0,0,0,CLEAR,none,nan,0.0,0.0,0,0,0,0,0.0,0,0,1,1,0.0,0.5,"3.654,26.290;3.773,26.296;3.893,26.301;4.013,26.306;4.133,26.310;4.253,26.314;4.373,26.319;4.493,26.324;4.613,26.329;4.733,26.333;4.853,26.338;4.972,26.343;5.092,26.348;5.150,26.350",5.15,26.35,2.0,5.15,26.35,2.0,5.15,26.35,2.0,6.24578343221301,0.0,0.0,0,0,5,1,,,1,1,PASS_THROUGH,-1,0.9999993572767596,0.0011337751399120174,0.0,0.29594686385196395,0,0.9999838119375881,0.0011337575149815925,0.00557588169420088,1.4797573226040759,0.29595146452081517,0,0,0,BYPASS_VISIBLE,1,0,1,1,1
1787562380486419200,1787562380503041280,joint_v2_000004_81a34ddb,1407,271,0.03333333333333333,9.033333333333333,16.622066497802734,frame_id_exact,1,,3.689934015274048,26.292076110839844,1.9919238090515137,-0.023209692157235194,0.024029831533911764,-0.6929733006776282,0.7201887821497719,0.5656266808509827,0.026071975007653236,0.00240820343606174,0.5647885184748445,0.004326509732393313,0.04017835396845295,-1.5323656093475277,0.0009317060466855764,depth/001407.png,1.0,0.0024446362515223308,0.06673478320314502,-0.9977677547728364,0.5647885184748445,0.004326509732393313,0.04017835396845295,0.0009317060466855764,0.9999839813527684,0.0012205739541677133,0.005526955499045756,1.4612145142617505,0.2922429028523501,0.5,0.0,0.008076190948486328,0.0025312922295758766,0.5,0.0,0.008076190948486328,0.0025312922295758766,goal_capture,TERMINAL_SETTLING,NONE,DIRECT_LOCAL,PASS_THROUGH,0,6,0,0,0,0,1,0.5,1.4612145142617505,inf,0.0,0,0,0,CLEAR,none,nan,0.0,0.0,0,0,0,0,0.0,0,0,1,1,0.0,0.5,"3.654,26.290;3.773,26.296;3.893,26.301;4.013,26.306;4.133,26.310;4.253,26.314;4.373,26.319;4.493,26.324;4.613,26.329;4.733,26.333;4.853,26.338;4.972,26.343;5.092,26.348;5.150,26.350",5.15,26.35,2.0,5.15,26.35,2.0,5.15,26.35,2.0,6.23980099447571,0.0,0.0,0,0,5,1,,,0,1,PASS_THROUGH,-1,0.9999838119375881,0.0011337575149815925,0.00557588169420088,0.29594686385196395,0,0.9999839813527684,0.0012205739541677133,0.005526955499045756,1.4612368328061813,0.2922473665612363,0,0,0,BYPASS_VISIBLE,1,0,1,1,1
1787562380530054400,1787562380546726656,joint_v2_000004_81a34ddb,1408,272,0.03333333333333333,9.066666666666666,16.672372817993164,frame_id_exact,1,,3.7091264724731445,26.292940139770508,1.9919102191925049,-0.015423345063825646,0.018201250996586316,-0.6931869654328996,0.7203628709498634,0.5849354863166809,0.02564653381705284,-0.0030805906280875206,0.584975940343839,0.00319711771635346,0.024691811297027827,-1.5324654013584351,0.0016483530635014176,depth/001408.png,1.0,0.00484048732232438,0.04745455015046811,-0.9988616697784028,0.584975940343839,0.00319711771635346,0.024691811297027827,0.0016483530635014176,0.9999834834294904,0.0012492533398375583,0.005610011971037479,1.442002895273478,0.2884005790546956,0.5666666666,0.0,0.008089780807495117,0.003963513537618441,0.5666666666,0.0,0.008089780807495117,0.003963513537618441,goal_capture,TERMINAL_SETTLING,NONE,DIRECT_LOCAL,PASS_THROUGH,0,6,0,0,0,0,1,0.5666666666,1.4420028952734782,inf,0.0,0,0,0,CLEAR,none,nan,0.0,0.0,0,0,0,0,0.07157808890353594,0,0,1,1,0.0,0.6,"3.709,26.293;3.778,26.296;3.866,26.300;3.975,26.304;4.103,26.309;4.251,26.315;4.420,26.321;4.601,26.328;4.759,26.334;4.894,26.340;5.005,26.344;5.091,26.348;5.150,26.350;5.150,26.350",5.15,26.35,2.0,5.15,26.35,2.0,5.15,26.35,2.0,6.233663726983012,0.0,0.0,0,0,5,1,,,0,1,PASS_THROUGH,-1,0.9999838119375881,0.0011337575149815925,0.00557588169420088,0.29594686385196395,0,0.9999834834294904,0.0012492533398375583,0.005610011971037479,1.4420255873356087,0.2884051174671217,0,0,0,BYPASS_VISIBLE,1,0,1,1,1
1787562380581985792,1787562380599101696,joint_v2_000004_81a34ddb,1409,273,0.03333333333333333,9.1,17.116069793701172,frame_id_exact,1,,3.728825092315674,26.293773651123047,1.991720199584961,-0.0019875473162178797,0.0061711830172165374,-0.6933911965490763,0.7205321746487621,0.5950601696968079,0.02424720674753189,-0.008064255118370056,0.5956056515002209,0.0013641531573651768,-0.001269563872411228,-1.5324450741159545,0.0020949796307832003,depth/001409.png,1.0,0.0061367762155206396,0.011422271532805787,-0.9999159323116676,0.5956056515002209,0.0013641531573651768,-0.001269563872411228,0.0020949796307832003,0.9999823459533957,0.0011913897067348052,0.005821372012641795,1.4222867223382165,0.2844573444676433,0.6,0.0,0.008279800415039062,0.0037112433043465405,0.6,0.0,0.008279800415039062,0.0037112433043465405,goal_capture,TERMINAL_SETTLING,NONE,DIRECT_LOCAL,PASS_THROUGH,0,6,0,0,0,0,1,0.6,1.4222867223382165,inf,0.0,0,0,0,CLEAR,none,nan,0.0,0.0,0,0,0,0,0.0,0,0,1,1,0.0,0.6,"3.709,26.293;3.778,26.296;3.866,26.300;3.975,26.304;4.103,26.309;4.251,26.315;4.420,26.321;4.601,26.328;4.759,26.334;4.894,26.340;5.005,26.344;5.091,26.348;5.150,26.350;5.150,26.350",5.15,26.35,2.0,5.15,26.35,2.0,5.15,26.35,2.0,6.227476831878908,0.0,0.0,0,0,5,1,,,0,1,PASS_THROUGH,-1,0.9999838119375881,0.0011337575149815925,0.00557588169420088,0.29594686385196395,0,0.9999823459533957,0.0011913897067348052,0.005821372012641795,1.4223108224416,0.28446216448831996,0,0,0,BYPASS_VISIBLE,1,0,1,1,1
1787562380625574144,1787562380642423552,joint_v2_000004_81a34ddb,1410,274,0.03333333333333333,9.133333333333333,16.849517822265625,frame_id_exact,1,,3.748666524887085,26.2945499420166,1.991424560546875,0.00962671653192605,-0.005061239196334139,-0.6933745264398962,0.7204952992704818,0.5936620831489563,0.02216467447578907,-0.008903488516807556,0.593759772422923,-0.0007099416481685404,-0.021308273188594386,-1.5323738693005697,0.0024284888058900833,depth/001410.png,1.0,0.006056641934106172,-0.02089067667923876,-0.9997634203732229,0.593759772422923,-0.0007099416481685404,-0.021308273188594386,0.0024284888058900833,0.9999806713637662,0.0011263837109584502,0.006114585726508383,1.4024301114146125,0.2804860222829225,0.6,0.0,0.008575439453125,0.0028859578521067512,0.6,0.0,0.008575439453125,0.0028859578521067512,goal_capture,TERMINAL_SETTLING,NONE,DIRECT_LOCAL,PASS_THROUGH,0,6,0,0,0,0,1,0.6,1.4024301114146125,inf,0.0,0,0,0,CLEAR,none,nan,0.0,0.0,0,0,0,0,0.0,0,0,1,1,0.0,0.6,"3.709,26.293;3.778,26.296;3.866,26.300;3.975,26.304;4.103,26.309;4.251,26.315;4.420,26.321;4.601,26.328;4.759,26.334;4.894,26.340;5.005,26.344;5.091,26.348;5.150,26.350;5.150,26.350",5.15,26.35,2.0,5.15,26.35,2.0,5.15,26.35,2.0,6.221343913703082,0.0,0.0,0,0,5,1,,,0,1,PASS_THROUGH,-1,0.9999838119375881,0.0011337575149815925,0.00557588169420088,0.29594686385196395,0,0.9999806713637662,0.0011263837109584502,0.006114585726508383,1.4024563292895136,0.28049126585790274,0,0,0,BYPASS_VISIBLE,1,0,1,1,1
1787562380668892416,1787562380685236480,joint_v2_000004_81a34ddb,1411,275,0.03333333333333333,9.166666666666666,16.344070434570312,frame_id_exact,1,,3.7683064937591553,26.295251846313477,1.9911710023880005,0.015462275722660734,-0.011661593352881609,-0.6932800661859624,0.7204079921122032,0.5837123394012451,0.019966689869761467,-0.006006432697176933,0.5833860702068008,-0.0025219360421112366,-0.02844598450819571,-1.5323329158988983,0.00276386016048491,depth/001411.png,1.0,0.004637164968426758,-0.03844779443673366,-0.9992498505398969,0.5833860702068008,-0.0025219360421112366,-0.02844598450819571,0.00276386016048491,0.9999789671052607,0.0011397973247409409,0.006384842140140871,1.3827777498644545,0.2765555499728909,0.6,0.0,0.008828997611999512,0.0022629131391831148,0.6,0.0,0.008828997611999512,0.0022629131391831148,goal_capture,TERMINAL_SETTLING,NONE,DIRECT_LOCAL,PASS_THROUGH,0,6,0,0,0,0,1,0.6,1.3827777498644545,inf,0.0,0,0,0,CLEAR,none,nan,0.0,0.0,0,0,0,0,0.06530692152007925,0,0,1,1,0.0,0.6,"3.768,26.295;3.837,26.298;3.925,26.301;4.033,26.305;4.162,26.310;4.310,26.316;4.478,26.323;4.652,26.330;4.803,26.336;4.931,26.341;5.034,26.345;5.112,26.349;5.150,26.350",5.15,26.35,2.0,5.15,26.35,2.0,5.15,26.35,2.0,6.2153376078884435,0.0,0.0,0,0,5,1,,,0,1,PASS_THROUGH,-1,0.9999838119375881,0.0011337575149815925,0.00557588169420088,0.29594686385196395,0,0.9999789671052607,0.0011397973247409409,0.006384842140140871,1.3828059360297222,0.27656118720594447,0,0,0,BYPASS_VISIBLE,1,0,1,1,1
1787562380713506048,1787562380729708544,joint_v2_000004_81a34ddb,1412,276,0.03333333333333333,9.2,16.202449798583984,frame_id_exact,1,,3.787543296813965,26.29588508605957,1.991037368774414,0.015189953363290017,-0.013083188727844254,-0.6932549037186975,0.7204135853518535,0.5703725814819336,0.018269015476107597,-0.00200159871019423,0.5701161438426183,-0.0036814661759715837,-0.024832929087121265,-1.532333812922851,0.003086079377681017,depth/001412.png,1.0,0.002210405514195782,-0.040026067011260845,-0.9991961909790653,0.5701161438426183,-0.0036814661759715837,-0.024832929087121265,0.003086079377681017,0.9999776349456281,0.0012352227638935352,0.006572962290445188,1.3635309647996046,0.27270619295992093,0.6,0.0,0.008962631225585938,0.0028005880865627705,0.6,0.0,0.008962631225585938,0.0028005880865627705,goal_capture,TERMINAL_SETTLING,NONE,DIRECT_LOCAL,PASS_THROUGH,0,6,0,0,0,0,1,0.6,1.3635309647996048,inf,0.0,0,0,0,CLEAR,none,nan,0.0,0.0,0,0,0,0,0.0,0,0,1,1,0.0,0.6,"3.768,26.295;3.837,26.298;3.925,26.301;4.033,26.305;4.162,26.310;4.310,26.316;4.478,26.323;4.652,26.330;4.803,26.336;4.931,26.341;5.034,26.345;5.112,26.349;5.150,26.350",5.15,26.35,2.0,5.15,26.35,2.0,5.15,26.35,2.0,6.209490653530471,0.0,0.0,0,0,5,1,,,1,1,PASS_THROUGH,-1,0.9999992370791096,0.0012352494479373462,0.0,0.27270619295992093,0,0.9999776349456281,0.0012352227638935352,0.006572962290445188,1.363560420636294,0.2727120841272588,0,0,0,BYPASS_VISIBLE,1,0,1,1,1
1787562380765140480,1787562380781117440,joint_v2_000004_81a34ddb,1413,277,0.03333333333333333,9.233333333333333,15.976905822753906,frame_id_exact,1,,3.8063502311706543,26.296478271484375,1.9910346269607544,0.009799076968419088,-0.009895919833869827,-0.6933050326198409,0.7205096672531258,0.5586899518966675,0.017526036128401756,0.001716960920020938,0.5587816876737802,-0.0039755317754184205,-0.013848931909001183,-1.5323264249501274,0.0033937236294150352,depth/001413.png,1.0,-0.0006727130588620595,-0.027842441418255714,-0.9996120977224172,0.5587816876737802,-0.0039755317754184205,-0.013848931909001183,0.0033937236294150352,0.999976874865642,0.0013421152822337618,0.006666967865033749,1.3447153143689765,0.2689430628737953,0.6,0.0,0.008965373039245605,0.0038957860162490247,0.6,0.0,0.008965373039245605,0.0038957860162490247,goal_capture,TERMINAL_SETTLING,NONE,DIRECT_LOCAL,PASS_THROUGH,0,6,0,0,0,0,1,0.6,1.3447153143689765,inf,0.0,0,0,0,CLEAR,none,nan,0.0,0.0,0,0,0,0,0.0,0,0,1,1,0.0,0.6,"3.768,26.295;3.837,26.298;3.925,26.301;4.033,26.305;4.162,26.310;4.310,26.316;4.478,26.323;4.652,26.330;4.803,26.336;4.931,26.341;5.034,26.345;5.112,26.349;5.150,26.350",5.15,26.35,2.0,5.15,26.35,2.0,5.15,26.35,2.0,6.203788053303118,0.0,0.0,0,0,5,1,,,0,1,PASS_THROUGH,-1,0.9999776349456281,0.0012352227638935352,0.006572962290445188,0.27270619295992093,0,0.999976874865642,0.0013421152822337618,0.006666967865033749,1.3447452006280551,0.26894904012561105,0,0,0,BYPASS_VISIBLE,1,0,1,1,1
1787562380806568704,1787562380824347648,joint_v2_000004_81a34ddb,1414,278,0.03333333333333333,9.266666666666667,17.779111862182617,frame_id_exact,1,,3.824852705001831,26.29706382751465,1.991139531135559,0.0010995162363103275,-0.0033924263550941143,-0.6933423009369282,0.7205995671931517,0.552600085735321,0.017938409000635147,0.004384435247629881,0.552897484147353,-0.0033813848580402585,0.0008959936206645075,-1.5322566785591352,0.003683248069137335,depth/001414.png,1.0,-0.003364479692029092,-0.006288847237614189,-0.9999745650149428,0.552897484147353,-0.0033813848580402585,0.0008959936206645075,0.003683248069137335,0.9999767211862166,0.0013864789329842066,0.006680925222755006,1.3262042044113584,0.2652408408822717,0.6,0.0,0.008860468864440918,0.0026212953704929896,0.6,0.0,0.008860468864440918,0.0026212953704929896,goal_capture,TERMINAL_SETTLING,NONE,DIRECT_LOCAL,PASS_THROUGH,0,6,0,0,0,0,1,0.6,1.3262042044113584,inf,0.0,0,0,0,CLEAR,none,nan,0.0,0.0,0,0,0,0,0.0794411896354009,0,0,1,1,0.0,0.6,"3.825,26.297;3.890,26.299;3.975,26.302;4.081,26.306;4.206,26.311;4.351,26.318;4.516,26.325;4.685,26.332;4.831,26.337;4.954,26.342;5.053,26.346;5.125,26.349;5.150,26.350",5.15,26.35,2.0,5.15,26.35,2.0,5.15,26.35,2.0,6.198191285344844,0.0,0.0,0,0,5,1,,,0,1,PASS_THROUGH,-1,0.9999776349456281,0.0012352227638935352,0.006572962290445188,0.27270619295992093,0,0.9999767211862166,0.0013864789329842066,0.006680925222755006,1.3262338028066023,0.26524676056132046,0,0,0,BYPASS_VISIBLE,1,0,1,1,1
1787562380853304320,1787562380869021184,joint_v2_000004_81a34ddb,1415,279,0.03333333333333333,9.3,15.716791152954102,frame_id_exact,1,,3.8432776927948,26.297683715820312,1.9913074970245361,-0.008570389629625563,0.004592633041017619,-0.6932865706561148,0.7205964106843934,0.5542704463005066,0.01942412741482258,0.005397864151746035,0.5544089797926611,-0.002050105105275825,0.01576837022994404,-1.532120872610283,0.003857781644910574,depth/001415.png,1.0,-0.005264602301123979,0.018719605633127995,-0.9998109122866939,0.5544089797926611,-0.002050105105275825,0.01576837022994404,0.003857781644910574,0.9999770136069427,0.0013394127229046629,0.006646670692761583,1.3077691622522885,0.2615538324504577,0.6,0.0,0.008692502975463867,0.0027538674817736628,0.6,0.0,0.008692502975463867,0.0027538674817736628,goal_capture,TERMINAL_SETTLING,NONE,DIRECT_LOCAL,PASS_THROUGH,0,6,0,0,0,0,1,0.6,1.3077691622522885,inf,0.0,0,0,0,CLEAR,none,nan,0.0,0.0,0,0,0,0,0.0,0,0,1,1,0.0,0.6,"3.825,26.297;3.890,26.299;3.975,26.302;4.081,26.306;4.206,26.311;4.351,26.318;4.516,26.325;4.685,26.332;4.831,26.337;4.954,26.342;5.053,26.346;5.125,26.349;5.150,26.350",5.15,26.35,2.0,5.15,26.35,2.0,5.15,26.35,2.0,6.1926385689946795,0.0,0.0,0,0,5,1,,,0,1,PASS_THROUGH,-1,0.9999776349456281,0.0012352227638935352,0.006572962290445188,0.27270619295992093,0,0.9999770136069427,0.0013394127229046629,0.006646670692761583,1.3077980506737388,0.26155961013474777,0,0,0,BYPASS_VISIBLE,1,0,1,1,1
1787562380895440640,1787562380911083008,joint_v2_000004_81a34ddb,1416,280,0.03333333333333333,9.333333333333334,15.642404556274414,frame_id_exact,1,,3.861891746520996,26.29836654663086,1.9914759397506714,-0.016791839012236087,0.012021735274292294,-0.6931441421456422,0.720503095227747,0.563795268535614,0.02165091596543789,0.0044011203572154045,0.5635597368106823,-0.00027477535413698324,0.027451491581801987,-1.5319725340473715,0.003926116041839123,depth/001416.png,1.0,-0.0059549347440958494,0.04086273473336695,-0.9991470240471639,0.5635597368106823,-0.00027477535413698324,0.027451491581801987,0.003926116041839123,0.9999773720371118,0.0012394472329205664,0.006612048420011239,1.289142694269162,0.2578285388538324,0.6,0.0,0.008524060249328613,0.0034906406273420114,0.6,0.0,0.008524060249328613,0.0034906406273420114,goal_capture,TERMINAL_SETTLING,NONE,DIRECT_LOCAL,PASS_THROUGH,0,6,0,0,0,0,1,0.6,1.289142694269162,inf,0.0,0,0,0,CLEAR,none,nan,0.0,0.0,0,0,0,0,0.0,0,0,1,1,0.0,0.6,"3.825,26.297;3.890,26.299;3.975,26.302;4.081,26.306;4.206,26.311;4.351,26.318;4.516,26.325;4.685,26.332;4.831,26.337;4.954,26.342;5.053,26.346;5.125,26.349;5.150,26.350",5.15,26.35,2.0,5.15,26.35,2.0,5.15,26.35,2.0,6.187068416344333,0.0,0.0,0,0,5,1,,,0,1,PASS_THROUGH,-1,0.9999776349456281,0.0012352227638935352,0.006572962290445188,0.27270619295992093,0,0.9999773720371118,0.0012394472329205664,0.006612048420011239,1.2891708753267304,0.25783417506534606,0,0,0,BYPASS_VISIBLE,1,0,1,1,1
1787562380937366528,1787562380953244672,joint_v2_000004_81a34ddb,1417,281,0.03333333333333333,9.366666666666667,15.87820053100586,frame_id_exact,1,,3.8809309005737305,26.29912757873535,1.9915789365768433,-0.02156293621774835,0.01706844151913161,-0.693002602233958,0.7204103701243756,0.5793304443359375,0.0241226889193058,0.0015342560363933444,0.5788770021468882,0.0015529813749102302,0.03327200671793534,-1.5318738314127143,0.004039753694087267,depth/001417.png,1.0,-0.005293777276921211,0.05472527450086545,-0.9984874161715546,0.5788770021468882,0.0015529813749102302,0.03327200671793534,0.004039753694087267,0.9999773677084962,0.001142435709441543,0.006630151690336348,1.270088336441183,0.2540176672882366,0.6,0.0,0.008421063423156738,0.002625238043788055,0.6,0.0,0.008421063423156738,0.002625238043788055,goal_capture,TERMINAL_SETTLING,NONE,DIRECT_LOCAL,PASS_THROUGH,0,6,0,0,0,0,1,0.6,1.270088336441183,inf,0.0,0,0,0,CLEAR,none,nan,0.0,0.0,0,0,0,0,0.06545819750661411,0,0,1,1,0.0,0.6,"3.881,26.299;3.949,26.302;4.037,26.306;4.145,26.310;4.273,26.315;4.420,26.321;4.588,26.327;4.748,26.334;4.885,26.339;4.998,26.344;5.086,26.347;5.146,26.350;5.150,26.350",5.15,26.35,2.0,5.15,26.35,2.0,5.15,26.35,2.0,6.181437498986153,0.0,0.0,0,0,5,1,,,0,1,PASS_THROUGH,-1,0.9999776349456281,0.0012352227638935352,0.006572962290445188,0.27270619295992093,0,0.9999773677084962,0.001142435709441543,0.006630151690336348,1.2701162532119288,0.25402325064238573,0,0,0,BYPASS_VISIBLE,1,0,1,1,1
1787562380981237248,1787562381010239232,joint_v2_000004_81a34ddb,1418,282,0.03333333333333333,9.4,29.001951217651367,frame_id_exact,1,,3.9005448818206787,26.299968719482422,1.9915651082992554,-0.021730819306921487,0.018508428351440523,-0.6929538658942316,0.7204166498037429,0.5976306200027466,0.02629750221967697,-0.0024373470805585384,0.5973683673980631,0.0030112242600738408,0.031651594103307035,-1.5318414880185518,0.004221100825816393,depth/001418.png,1.0,-0.003449350603405711,0.056961462040679964,-0.998370419144419,0.5973683673980631,0.0030112242600738408,0.031651594103307035,0.004221100825816393,0.9999766817838313,0.001066235106923605,0.006745296976047655,1.2504564052275997,0.2500912810455199,0.6,0.0,0.008434891700744629,0.0023003275226284037,0.6,0.0,0.008434891700744629,0.0023003275226284037,goal_capture,TERMINAL_SETTLING,NONE,DIRECT_LOCAL,PASS_THROUGH,0,6,0,0,0,0,1,0.6,1.2504564052275997,inf,0.0,0,0,0,CLEAR,none,nan,0.0,0.0,0,0,0,0,0.0,0,0,1,1,0.0,0.6,"3.881,26.299;3.949,26.302;4.037,26.306;4.145,26.310;4.273,26.315;4.420,26.321;4.588,26.327;4.748,26.334;4.885,26.339;4.998,26.344;5.086,26.347;5.146,26.350;5.150,26.350",5.15,26.35,2.0,5.15,26.35,2.0,5.15,26.35,2.0,6.1757257083778185,0.0,0.0,0,0,5,1,,,1,1,PASS_THROUGH,-1,0.9999994315453228,0.0010662593640836174,0.0,0.2500912810455199,0,0.9999766817838313,0.001066235106923605,0.006745296976047655,1.2504848534759365,0.2500969706951873,0,0,0,BYPASS_VISIBLE,1,0,1,1,1
1787562381046040832,1787562381061678848,joint_v2_000004_81a34ddb,1419,283,0.03333333333333333,9.433333333333334,15.638113021850586,frame_id_exact,1,,3.9207613468170166,26.300872802734375,1.991417407989502,-0.017239650783938354,0.015984323684389613,-0.6930140665541094,0.7205406299406973,0.6148330569267273,0.027707595378160477,-0.006300406064838171,0.6150615827464218,0.003742991939264239,0.0226347805135191,-1.5318344456930164,0.004389832727611065,depth/001419.png,1.0,-0.0008599316780475187,0.046998459986905175,-0.998894591674401,0.6150615827464218,0.003742991939264239,0.0226347805135191,0.004389832727611065,0.9999751827723837,0.0009823856499145685,0.006976299719246496,1.230219959190344,0.2460439918380688,0.6,0.0,0.008582592010498047,0.002005236745612777,0.6,0.0,0.008582592010498047,0.002005236745612777,goal_capture,TERMINAL_SETTLING,NONE,DIRECT_LOCAL,PASS_THROUGH,0,6,0,0,0,0,1,0.6,1.230219959190344,inf,0.0,0,0,0,CLEAR,none,nan,0.0,0.0,0,0,0,0,0.0,0,0,1,1,0.0,0.6,"3.881,26.299;3.949,26.302;4.037,26.306;4.145,26.310;4.273,26.315;4.420,26.321;4.588,26.327;4.748,26.334;4.885,26.339;4.998,26.344;5.086,26.347;5.146,26.350;5.150,26.350",5.15,26.35,2.0,5.15,26.35,2.0,5.15,26.35,2.0,6.169941367305528,0.0,0.0,0,0,5,1,,,0,1,PASS_THROUGH,-1,0.9999766817838313,0.001066235106923605,0.006745296976047655,0.2500912810455199,0,0.9999751827723837,0.0009823856499145685,0.006976299719246496,1.230249896921723,0.2460499793843446,0,0,0,BYPASS_VISIBLE,1,0,1,1,1
1787562381086785280,1787562381102253568,joint_v2_000004_81a34ddb,1420,284,0.03333333333333333,9.466666666666667,15.468358993530273,frame_id_exact,1,,3.941481113433838,26.301809310913086,1.991160273551941,-0.009119639364088173,0.010068596917810578,-0.693109247483096,0.7207045348736139,0.6273068785667419,0.028057217597961426,-0.008834612555801868,0.6279328085290271,0.003556592896343116,0.008180241764008677,-1.531789979132514,0.004454171750694513,depth/001420.png,1.0,0.0018711541630404022,0.027102406158049153,-0.9996309110679512,0.6279328085290271,0.003556592896343116,0.008180241764008677,0.004454171750694513,0.9999729326419539,0.0008483406536185475,0.0073085088483126545,1.2094793266946686,0.24189586533893373,0.5333333334,0.0,0.008839726448059082,0.001797992236953188,0.5333333334,0.0,0.008839726448059082,0.001797992236953188,goal_capture,TERMINAL_SETTLING,NONE,DIRECT_LOCAL,PASS_THROUGH,0,6,0,0,0,0,1,0.5333333334,1.2094793266946686,inf,0.0,0,0,0,CLEAR,none,nan,0.0,0.0,0,0,0,0,0.04860764306119776,0,0,1,1,0.0,0.5,"3.941,26.302;4.061,26.307;4.181,26.312;4.301,26.317;4.421,26.321;4.541,26.326;4.661,26.330;4.781,26.335;4.901,26.340;5.021,26.345;5.141,26.350;5.150,26.350",5.15,26.35,2.0,5.15,26.35,2.0,5.15,26.35,2.0,6.164114892975846,0.0,0.0,0,0,5,1,,,0,1,PASS_THROUGH,-1,0.9999766817838313,0.001066235106923605,0.006745296976047655,0.2500912810455199,0,0.9999729326419539,0.0008483406536185475,0.0073085088483126545,1.2095116297355166,0.2419023259471033,0,0,0,BYPASS_VISIBLE,1,0,1,1,1
1787562381131540736,1787562381148355328,joint_v2_000004_81a34ddb,1421,285,0.03333333333333333,9.5,16.814470291137695,frame_id_exact,1,,3.9624977111816406,26.302736282348633,1.990851879119873,0.0017633827362940973,0.0011592067202768708,-0.6931399058439256,0.7207999844948522,0.6322208046913147,0.02727680280804634,-0.009313457645475864,0.6327949044639773,0.0024902947848568593,-0.009915526490658825,-1.531674562583496,0.004456415772438049,depth/001421.png,1.0,0.004115654259607183,-0.0009351076240658384,-0.99999109344221,0.6327949044639773,0.0024902947848568593,-0.009915526490658825,0.004456415772438049,0.9999701584146152,0.0006581684389670352,0.007697343343983427,1.1884424870203318,0.23768849740406636,0.5,0.0,0.009148120880126953,0.0011140695577114418,0.5,0.0,0.009148120880126953,0.0011140695577114418,goal_capture,TERMINAL_SETTLING,NONE,DIRECT_LOCAL,PASS_THROUGH,0,6,0,0,0,0,1,0.5,1.1884424870203318,inf,0.0,0,0,0,CLEAR,none,nan,0.0,0.0,0,0,0,0,0.0,0,0,1,1,0.0,0.5,"3.941,26.302;4.061,26.307;4.181,26.312;4.301,26.317;4.421,26.321;4.541,26.326;4.661,26.330;4.781,26.335;4.901,26.340;5.021,26.345;5.141,26.350;5.150,26.350",5.15,26.35,2.0,5.15,26.35,2.0,5.15,26.35,2.0,6.158311567978583,0.0,0.0,0,0,5,1,,,0,1,PASS_THROUGH,-1,0.9999766817838313,0.001066235106923605,0.006745296976047655,0.2500912810455199,0,0.9999701584146152,0.0006581684389670352,0.007697343343983427,1.1884776956555427,0.23769553913110855,0,0,0,BYPASS_VISIBLE,1,0,1,1,1
1787562381180748032,1787562381196429056,joint_v2_000004_81a34ddb,1422,286,0.03333333333333333,9.533333333333333,15.681028366088867,frame_id_exact,1,,3.983508825302124,26.303619384765625,1.9905670881271362,0.016086072774740875,-0.011743756031176649,-0.6929809260405327,0.7206807605319929,0.6263467669487,0.025469044223427773,-0.00747532956302166,0.6260803285864307,0.0008065967248084576,-0.03221174927957778,-1.531506612563112,0.004362636245787144,depth/001422.png,1.0,0.005367685159489537,-0.03946224418190425,-0.9992066449139319,0.6260803285864307,0.0008065967248084576,-0.03221174927957778,0.004362636245787144,0.9999672555918269,0.00045013196722709116,0.008079921123509916,1.167412875600381,0.2334825751200762,0.5,0.0,0.00943291187286377,0.0003897450025603863,0.5,0.0,0.00943291187286377,0.0003897450025603863,goal_capture,TERMINAL_SETTLING,NONE,DIRECT_LOCAL,PASS_THROUGH,0,6,0,0,0,0,1,0.5,1.167412875600381,inf,0.0,0,0,0,CLEAR,none,nan,0.0,0.0,0,0,0,0,0.0,0,0,1,1,0.0,0.5,"3.941,26.302;4.061,26.307;4.181,26.312;4.301,26.317;4.421,26.321;4.541,26.326;4.661,26.330;4.781,26.335;4.901,26.340;5.021,26.345;5.141,26.350;5.150,26.350",5.15,26.35,2.0,5.15,26.35,2.0,5.15,26.35,2.0,6.15263130726756,0.0,0.0,0,0,5,1,,,0,1,PASS_THROUGH,-1,0.9999766817838313,0.001066235106923605,0.006745296976047655,0.2500912810455199,0,0.9999672555918269,0.00045013196722709116,0.008079921123509916,1.1674509848143313,0.23349019696286627,0,0,0,BYPASS_VISIBLE,1,0,1,1,1
1787562381225853696,1787562381241469440,joint_v2_000004_81a34ddb,1423,287,0.03333333333333333,9.566666666666666,15.615701675415039,frame_id_exact,1,,4.004100799560547,26.304428100585938,1.9903697967529297,0.031342350455148715,-0.02641778242829937,-0.6925274019260571,0.7202260446700487,0.6068262457847595,0.022892680019140244,-0.004292883910238743,0.6048745874073949,-0.0010669770691526077,-0.05390910213144569,-1.5313697507633406,0.004147603642195463,depth/001423.png,1.0,0.005357323167344288,-0.08173723065738453,-0.9966395156790353,0.6048745874073949,-0.0010669770691526077,-0.05390910213144569,0.004147603642195463,0.9999646916850831,0.0003220191195476511,0.008397123724440868,1.1468050294553056,0.22936100589106112,0.5666666666,0.0,0.009630203247070312,0.0008329085816096218,0.5666666666,0.0,0.009630203247070312,0.0008329085816096218,goal_capture,TERMINAL_SETTLING,NONE,DIRECT_LOCAL,PASS_THROUGH,0,6,0,0,0,0,1,0.5666666666,1.1468050294553056,inf,0.0,0,0,0,CLEAR,none,nan,0.0,0.0,0,0,0,0,0.01845098730808058,0,0,1,1,0.0,0.6,"4.004,26.304;4.075,26.307;4.165,26.311;4.276,26.315;4.407,26.320;4.557,26.326;4.721,26.333;4.862,26.339;4.979,26.343;5.072,26.347;5.138,26.350;5.150,26.350",5.15,26.35,2.0,5.15,26.35,2.0,5.15,26.35,2.0,6.147192402604146,0.0,0.0,0,0,5,1,,,0,1,PASS_THROUGH,-1,0.9999766817838313,0.001066235106923605,0.006745296976047655,0.2500912810455199,0,0.9999646916850831,0.0003220191195476511,0.008397123724440868,1.1468454631721592,0.22936909263443184,0,0,0,BYPASS_VISIBLE,1,0,1,1,1
1787562381274854144,1787562381291397120,joint_v2_000004_81a34ddb,1424,288,0.03333333333333333,9.6,16.542911529541016,frame_id_exact,1,,4.023819923400879,26.305143356323242,1.9902760982513428,0.04187338109094184,-0.03740648273908715,-0.6920173788430947,0.7196939088141819,0.5745551586151123,0.020010897889733315,-0.0014522976707667112,0.5711158487488122,-0.002662870813490601,-0.0658465786587985,-1.5313603676848295,0.0040094489231705666,depth/001424.png,1.0,0.004111779296735431,-0.11204390689889668,-0.9936947500102062,0.5711158487488122,-0.002662870813490601,-0.0658465786587985,0.0040094489231705666,0.9999627147389998,0.00037377462575706645,0.008627248943853461,1.1270730603695338,0.22541461207390676,0.6,0.0,0.009723901748657227,0.001107288551828161,0.6,0.0,0.009723901748657227,0.001107288551828161,goal_capture,TERMINAL_SETTLING,NONE,DIRECT_LOCAL,PASS_THROUGH,0,6,0,0,0,0,1,0.6,1.1270730603695338,inf,0.0,0,0,0,CLEAR,none,nan,0.0,0.0,0,0,0,0,0.0,0,0,1,1,0.0,0.6,"4.004,26.304;4.075,26.307;4.165,26.311;4.276,26.315;4.407,26.320;4.557,26.326;4.721,26.333;4.862,26.339;4.979,26.343;5.072,26.347;5.138,26.350;5.150,26.350",5.15,26.35,2.0,5.15,26.35,2.0,5.15,26.35,2.0,6.142090535158722,0.0,0.0,0,0,5,1,,,1,1,PASS_THROUGH,-1,0.9999999301410626,0.00037378853644871277,0.0,0.22541461207390676,0,0.9999627147389998,0.00037377462575706645,0.008627248943853461,1.1271150064105988,0.22542300128211976,0,0,0,BYPASS_VISIBLE,1,0,1,1,1
1787562381328948224,1787562381346065920,joint_v2_000004_81a34ddb,1425,289,0.03333333333333333,9.633333333333333,17.117738723754883,frame_id_exact,1,,4.042335510253906,26.305767059326172,1.990289330482483,0.04137685125130922,-0.03842129561910616,-0.6920024247693563,0.7196835445783152,0.5362616777420044,0.017451710999011993,0.0024763313122093678,0.53339299956482,-0.0036389513918234787,-0.05801678633156195,-1.5314732212269417,0.004153226036578417,depth/001425.png,1.0,0.0019634143535546753,-0.11273173740646725,-0.9936235204469526,0.53339299956482,-0.0036389513918234787,-0.05801678633156195,0.004153226036578417,0.9999614614529619,0.0005891836937768691,0.008759478947484458,1.1085473264074608,0.22170946528149216,0.6,0.0,0.00971066951751709,0.001801730599957311,0.6,0.0,0.00971066951751709,0.001801730599957311,goal_capture,TERMINAL_SETTLING,NONE,DIRECT_LOCAL,PASS_THROUGH,0,6,0,0,0,0,1,0.6,1.1085473264074608,inf,0.0,0,0,0,CLEAR,none,nan,0.0,0.0,0,0,0,0,0.0,0,0,1,1,0.0,0.6,"4.004,26.304;4.075,26.307;4.165,26.311;4.276,26.315;4.407,26.320;4.557,26.326;4.721,26.333;4.862,26.339;4.979,26.343;5.072,26.347;5.138,26.350;5.150,26.350",5.15,26.35,2.0,5.15,26.35,2.0,5.15,26.35,2.0,6.137342778812716,0.0,0.0,0,0,5,1,,,0,1,PASS_THROUGH,-1,0.9999627147389998,0.00037377462575706645,0.008627248943853461,0.22541461207390676,0,0.9999614614529619,0.0005891836937768691,0.008759478947484458,1.1085898574259139,0.22171797148518277,0,0,0,BYPASS_VISIBLE,1,0,1,1,1
1787562381372921088,1787562381388729856,joint_v2_000004_81a34ddb,1426,290,0.03333333333333333,9.666666666666666,15.808820724487305,frame_id_exact,1,,4.059625625610352,26.306320190429688,1.9904441833496094,0.028901522852761274,-0.02819071523704155,-0.6925339343482251,0.7202546322845718,0.5028980374336243,0.015877101570367813,0.006752392277121544,0.5020383182154248,-0.0038546608992089232,-0.03386416753902071,-1.5315822040722535,0.004459526855498552,depth/001426.png,1.0,-0.0005784158140330689,-0.08067896529995712,-0.9967399711024307,0.5020383182154248,-0.0038546608992089232,-0.03386416753902071,0.004459526855498552,0.9999613222701483,0.0008238984498791862,0.008756435066888365,1.091248918482725,0.218249783696545,0.5333333334,0.0,0.009555816650390625,0.0026129564193795585,0.5333333334,0.0,0.009555816650390625,0.0026129564193795585,goal_capture,TERMINAL_SETTLING,NONE,DIRECT_LOCAL,PASS_THROUGH,0,6,0,0,0,0,1,0.5333333334,1.091248918482725,inf,0.0,0,0,0,CLEAR,none,nan,0.0,0.0,0,0,0,0,0.0472077191307747,0,0,1,1,0.0,0.5,"4.060,26.306;4.180,26.310;4.299,26.314;4.419,26.320;4.539,26.325;4.659,26.330;4.779,26.335;4.899,26.340;5.019,26.345;5.139,26.350;5.150,26.350",5.15,26.35,2.0,5.15,26.35,2.0,5.15,26.35,2.0,6.132877016984052,0.0,0.0,0,0,5,1,,,0,1,PASS_THROUGH,-1,0.9999627147389998,0.00037377462575706645,0.008627248943853461,0.22541461207390676,0,0.9999613222701483,0.0008238984498791862,0.008756435066888365,1.091290756728734,0.2182581513457468,0,0,0,BYPASS_VISIBLE,1,0,1,1,1
1787562381418405120,1787562381435091712,joint_v2_000004_81a34ddb,1427,291,0.03333333333333333,9.7,16.686677932739258,frame_id_exact,1,,4.07602596282959,26.306842803955078,1.9907026290893555,0.00913535726573713,-0.010834417929268475,-0.6930159719800628,0.7207829237823896,0.4840902090072632,0.015702828764915466,0.008297814056277275,0.4843747821475542,-0.0033213060063460964,-0.0053667822715494536,-1.5315631352895291,0.004609924741089344,depth/001427.png,1.0,-0.0029566298752770562,-0.028186068383769837,-0.9995983212715226,0.4843747821475542,-0.0033213060063460964,-0.0053667822715494536,0.004609924741089344,0.9999621586373975,0.0009297448849995098,0.008649674426536495,1.07484081430069,0.214968162860138,0.5,0.0,0.009297370910644531,0.003156022931433671,0.5,0.0,0.009297370910644531,0.003156022931433671,goal_capture,TERMINAL_SETTLING,NONE,DIRECT_LOCAL,PASS_THROUGH,0,6,0,0,0,0,1,0.5,1.07484081430069,inf,0.0,0,0,0,CLEAR,none,nan,0.0,0.0,0,0,0,0,0.0,0,0,1,1,0.0,0.5,"4.060,26.306;4.180,26.310;4.299,26.314;4.419,26.320;4.539,26.325;4.659,26.330;4.779,26.335;4.899,26.340;5.019,26.345;5.139,26.350;5.150,26.350",5.15,26.35,2.0,5.15,26.35,2.0,5.15,26.35,2.0,6.128567548340772,0.0,0.0,0,0,5,1,,,0,1,PASS_THROUGH,-1,0.9999627147389998,0.00037377462575706645,0.008627248943853461,0.22541461207390676,0,0.9999621586373975,0.0009297448849995098,0.008649674426536495,1.0748810246685074,0.21497620493370148,0,0,0,BYPASS_VISIBLE,1,0,1,1,1
1787562381463379456,1787562381478468608,joint_v2_000004_81a34ddb,1428,292,0.03333333333333333,9.733333333333333,15.089273452758789,frame_id_exact,1,,4.0920939445495605,26.307384490966797,1.9909836053848267,-0.009532912537070984,0.005933130734595453,-0.6930229315118559,0.7208280918061949,0.4827321171760559,0.01689986139535904,0.008453937247395515,0.4827211619006766,-0.0021570264742949417,0.019052517248188044,-1.5314176942435043,0.0045341141521930695,depth/001428.png,1.0,-0.004659519372863859,0.021966773616369326,-0.9997478430764936,0.4827211619006766,-0.0021570264742949417,0.019052517248188044,0.0045341141521930695,0.9999633517896758,0.0008824533692883543,0.008515653445771309,1.0587640453702931,0.21175280907405863,0.5,0.0,0.00901639461517334,0.003152219576941246,0.5,0.0,0.00901639461517334,0.003152219576941246,goal_capture,TERMINAL_SETTLING,NONE,DIRECT_LOCAL,PASS_THROUGH,0,6,0,0,0,0,1,0.5,1.0587640453702931,inf,0.0,0,0,0,CLEAR,none,nan,0.0,0.0,0,0,0,0,0.0,0,0,1,1,0.0,0.5,"4.060,26.306;4.180,26.310;4.299,26.314;4.419,26.320;4.539,26.325;4.659,26.330;4.779,26.335;4.899,26.340;5.019,26.345;5.139,26.350;5.150,26.350",5.15,26.35,2.0,5.15,26.35,2.0,5.15,26.35,2.0,6.12428766923713,0.0,0.0,0,0,5,1,,,0,1,PASS_THROUGH,-1,0.9999627147389998,0.00037377462575706645,0.008627248943853461,0.22541461207390676,0,0.9999633517896758,0.0008824533692883543,0.008515653445771309,1.058802436312235,0.211760487262447,0,0,0,BYPASS_VISIBLE,1,0,1,1,1
1787562381505671680,1787562381521666816,joint_v2_000004_81a34ddb,1429,293,0.03333333333333333,9.766666666666667,15.995025634765625,frame_id_exact,1,,4.108365535736084,26.307981491088867,1.9912458658218384,-0.021849466539543626,0.01731661258418652,-0.6927696909425586,0.7206197964612814,0.49539613723754883,0.019047552719712257,0.00691085634753108,0.49461491722760287,-0.0005926007834979018,0.03440398916105314,-1.53124487658756,0.004437584429979324,depth/001429.png,1.0,-0.005315908692088121,0.05548316495726484,-0.9984454714810931,0.49461491722760287,-0.0005926007834979018,0.03440398916105314,0.004437584429979324,0.9999644505658067,0.0007656792986243095,0.008397103062121321,1.0424816124198504,0.20849632248397007,0.5666666666,0.0,0.008754134178161621,0.001972132378943083,0.5666666666,0.0,0.008754134178161621,0.001972132378943083,goal_capture,TERMINAL_SETTLING,NONE,DIRECT_LOCAL,PASS_THROUGH,0,6,0,0,0,0,1,0.5666666666,1.0424816124198504,inf,0.0,0,0,0,CLEAR,none,nan,0.0,0.0,0,0,0,0,0.043871743313572374,0,0,1,1,0.0,0.6,"4.108,26.308;4.168,26.310;4.247,26.313;4.347,26.317;4.466,26.322;4.606,26.328;4.763,26.334;4.898,26.340;5.008,26.344;5.093,26.348;5.150,26.350",5.15,26.35,2.0,5.15,26.35,2.0,5.15,26.35,2.0,6.119954844753874,0.0,0.0,0,0,5,1,,,0,1,PASS_THROUGH,-1,0.9999627147389998,0.00037377462575706645,0.008627248943853461,0.22541461207390676,0,0.9999644505658067,0.0007656792986243095,0.008397103062121321,1.0425183677512355,0.2085036735502471,0,0,0,BYPASS_VISIBLE,1,0,1,1,1
1787562381559106560,1787562381581584896,joint_v2_000004_81a34ddb,1430,294,0.03333333333333333,9.8,22.478342056274414,frame_id_exact,1,,4.12520694732666,26.308658599853516,1.9914062023162842,-0.027305137009122633,0.022922641446996656,-0.6925662489565954,0.7204727425851701,0.5159218907356262,0.021528571844100952,0.00231361435726285,0.5148982294061966,0.0010424126509476685,0.03902507254949267,-1.531132385818935,0.004408691078424454,depth/001430.png,1.0,-0.004790955930079596,0.07109610950149975,-0.997457964004011,0.5148982294061966,0.0010424126509476685,0.03902507254949267,0.004408691078424454,0.9999646826594086,0.0006553915600118755,0.008378776508023615,1.0256265949036303,0.20512531898072606,0.6,0.0,0.00859379768371582,0.0017022469996156794,0.6,0.0,0.00859379768371582,0.0017022469996156794,goal_capture,TERMINAL_SETTLING,NONE,DIRECT_LOCAL,PASS_THROUGH,0,6,0,0,0,0,1,0.6,1.0256265949036303,inf,0.0,0,0,0,CLEAR,none,nan,0.0,0.0,0,0,0,0,0.0,0,0,1,1,0.0,0.6,"4.108,26.308;4.168,26.310;4.247,26.313;4.347,26.317;4.466,26.322;4.606,26.328;4.763,26.334;4.898,26.340;5.008,26.344;5.093,26.348;5.150,26.350",5.15,26.35,2.0,5.15,26.35,2.0,5.15,26.35,2.0,6.115521121599542,0.0,0.0,0,0,5,1,,,1,1,PASS_THROUGH,-1,0.9999997852158498,0.0006554145667436471,0.0,0.20512531898072606,0,0.9999646826594086,0.0006553915600118755,0.008378776508023615,1.0256625982906094,0.20513251965812188,0,0,0,BYPASS_VISIBLE,1,0,1,1,1
1787562381612289792,1787562381630212608,joint_v2_000004_81a34ddb,1431,295,0.03333333333333333,9.833333333333334,17.922639846801758,frame_id_exact,1,,4.142797470092773,26.309415817260742,1.9913886785507202,-0.029125997633559504,0.025762671739977136,-0.6924563729162735,0.7204110858491192,0.5399027466773987,0.023810673505067825,-0.003370970720425248,0.539052005469919,0.0023788093904675385,0.03860782499577711,-1.5311047877141215,0.004341611638665199,depth/001431.png,1.0,-0.0032175367126624638,0.07764443562265724,-0.9969759220133362,0.539052005469919,0.0023788093904675385,0.03860782499577711,0.004341611638665199,0.9999633436358937,0.0005806180348461588,0.00854249771561107,1.0080198470963415,0.2016039694192683,0.6,0.0,0.008611321449279785,0.0015799315531987886,0.6,0.0,0.008611321449279785,0.0015799315531987886,goal_capture,TERMINAL_SETTLING,NONE,DIRECT_LOCAL,PASS_THROUGH,0,6,0,0,0,0,1,0.6,1.0080198470963415,inf,0.0,0,0,0,CLEAR,none,nan,0.0,0.0,0,0,0,0,0.0,0,0,1,1,0.0,0.6,"4.108,26.308;4.168,26.310;4.247,26.313;4.347,26.317;4.466,26.322;4.606,26.328;4.763,26.334;4.898,26.340;5.008,26.344;5.093,26.348;5.150,26.350",5.15,26.35,2.0,5.15,26.35,2.0,5.15,26.35,2.0,6.110957614102224,0.0,0.0,0,0,5,1,,,0,1,PASS_THROUGH,-1,0.9999646826594086,0.0006553915600118755,0.008378776508023615,0.20512531898072606,0,0.9999633436358937,0.0005806180348461588,0.00854249771561107,1.008056628864289,0.20161132577285779,0,0,0,BYPASS_VISIBLE,1,0,1,1,1
1787562381664265472,1787562381682499840,joint_v2_000004_81a34ddb,1432,296,0.03333333333333333,9.866666666666667,18.2344913482666,frame_id_exact,1,,4.161213397979736,26.310239791870117,1.9911808967590332,-0.02828261521081536,0.02651393370530574,-0.6924398217574825,0.7204333405949322,0.5650642514228821,0.025520101189613342,-0.009056035429239273,0.5646332007332815,0.0031049760900732893,0.03479372546445492,-1.5311377041358605,0.004268031567335129,depth/001432.png,1.0,-0.0009649744075729341,0.07747008497216074,-0.9969942099926152,0.5646332007332815,0.0031049760900732893,0.03479372546445492,0.004268031567335129,0.9999601503646166,0.0005308156661610749,0.008911560890327267,0.9895856802143571,0.19791713604287142,0.6,0.0,0.008819103240966797,0.0009438155132715682,0.6,0.0,0.008819103240966797,0.0009438155132715682,goal_capture,TERMINAL_SETTLING,NONE,DIRECT_LOCAL,PASS_THROUGH,0,6,0,0,0,0,1,0.6,0.9895856802143571,inf,0.0,0,0,0,CLEAR,none,nan,0.0,0.0,0,0,0,0,0.030414706528703876,0,0,1,1,0.0,0.6,"4.161,26.310;4.228,26.313;4.314,26.317;4.421,26.321;4.547,26.326;4.694,26.332;4.839,26.337;4.960,26.342;5.057,26.346;5.128,26.349;5.150,26.350",5.15,26.35,2.0,5.15,26.35,2.0,5.15,26.35,2.0,6.106251475324861,0.0,0.0,0,0,5,1,,,0,1,PASS_THROUGH,-1,0.9999646826594086,0.0006553915600118755,0.008378776508023615,0.20512531898072606,0,0.9999601503646166,0.0005308156661610749,0.008911560890327267,0.9896249769823348,0.19792499539646696,0,0,0,BYPASS_VISIBLE,1,0,1,1,1
1787562381721028608,1787562381741856256,joint_v2_000004_81a34ddb,1433,297,0.03333333333333333,9.9,20.827770233154297,frame_id_exact,1,,4.180453300476074,26.31110954284668,1.9907914400100708,-0.024004493834154546,0.02407252154767041,-0.6925422551157046,0.7205758272807641,0.5888957381248474,0.026413097977638245,-0.014123288914561272,0.5890776855198671,0.003044917571685848,0.025952231420204863,-1.5311744421205207,0.004145373124629259,depth/001433.png,1.0,0.0014439016722604253,0.06793659272389393,-0.997688595964206,0.5890776855198671,0.003044917571685848,0.025952231420204863,0.004145373124629259,0.9999548616013941,0.0004686018562591721,0.009489740356665537,0.9703263730391608,0.19406527460783216,0.6,0.0,0.0092085599899292,0.0006096154475147657,0.6,0.0,0.0092085599899292,0.0006096154475147657,goal_capture,TERMINAL_SETTLING,NONE,DIRECT_LOCAL,PASS_THROUGH,0,6,0,0,0,0,1,0.6,0.9703263730391608,inf,0.0,0,0,0,CLEAR,none,nan,0.0,0.0,0,0,0,0,0.0,0,0,1,1,0.0,0.6,"4.161,26.310;4.228,26.313;4.314,26.317;4.421,26.321;4.547,26.326;4.694,26.332;4.839,26.337;4.960,26.342;5.057,26.346;5.128,26.349;5.150,26.350",5.15,26.35,2.0,5.15,26.35,2.0,5.15,26.35,2.0,6.101412814323135,0.0,0.0,0,0,5,1,,,0,1,PASS_THROUGH,-1,0.9999646826594086,0.0006553915600118755,0.008378776508023615,0.20512531898072606,0,0.9999548616013941,0.0004686018562591721,0.009489740356665537,0.9703700674445914,0.19407401348891828,0,0,0,BYPASS_VISIBLE,1,0,1,1,1
1787562381769754624,1787562381784909312,joint_v2_000004_81a34ddb,1434,298,0.03333333333333333,9.933333333333334,15.154600143432617,frame_id_exact,1,,4.200422763824463,26.312000274658203,1.9902573823928833,-0.016384224471639793,0.01814504558451035,-0.6927178153916614,0.7207942443917009,0.6082797050476074,0.026394320651888847,-0.017583627253770828,0.6089814166765137,0.0022091906088510522,0.012115993661220403,-1.5311601412627076,0.003878780175000429,depth/001434.png,1.0,0.0034584004773183796,0.048758102070927484,-0.998804629018398,0.6089814166765137,0.0022091906088510522,0.012115993661220403,0.003878780175000429,0.9999473901845068,0.0003599739337221807,0.010251208804858823,0.9503372593920668,0.19006745187841337,0.6,0.0,0.0097426176071167,0.0003737923120289942,0.6,0.0,0.0097426176071167,0.0003737923120289942,goal_capture,TERMINAL_SETTLING,NONE,DIRECT_LOCAL,PASS_THROUGH,0,6,0,0,0,0,1,0.6,0.9503372593920668,inf,0.0,0,0,0,CLEAR,none,nan,0.0,0.0,0,0,0,0,0.0,0,0,1,1,0.0,0.6,"4.161,26.310;4.228,26.313;4.314,26.317;4.421,26.321;4.547,26.326;4.694,26.332;4.839,26.337;4.960,26.342;5.057,26.346;5.128,26.349;5.150,26.350",5.15,26.35,2.0,5.15,26.35,2.0,5.15,26.35,2.0,6.09646157550819,0.0,0.0,0,0,5,1,,,0,1,PASS_THROUGH,-1,0.9999646826594086,0.0006553915600118755,0.008378776508023615,0.20512531898072606,0,0.9999473901845068,0.0003599739337221807,0.010251208804858823,0.9503871975077647,0.19007743950155293,0,0,0,BYPASS_VISIBLE,1,0,1,1,1
1787562381812732928,1787562381829160960,joint_v2_000004_81a34ddb,1435,299,0.03333333333333333,9.966666666666667,16.427993774414062,frame_id_exact,1,,4.220923900604248,26.312868118286133,1.989646077156067,-0.006598465857245389,0.00954961926219712,-0.6928614037197118,0.720977350723189,0.6204134225845337,0.0255440641194582,-0.018696587532758713,0.621203138864831,0.0008044039882758589,-0.004570527198182524,-1.5310817026907189,0.003453863086178899,depth/001435.png,1.0,0.004626473759652767,0.022747814079177784,-0.9997305300405557,0.621203138864831,0.0008044039882758589,-0.004570527198182524,0.003453863086178899,0.99993798026434,0.00023056112849533227,0.011134741417668115,0.9298178182353996,0.18596356364707992,0.6,0.0,0.010353922843933105,0.00038930160738397807,0.6,0.0,0.010353922843933105,0.00038930160738397807,goal_capture,TERMINAL_SETTLING,NONE,DIRECT_LOCAL,PASS_THROUGH,0,6,0,0,0,0,1,0.6,0.9298178182353996,inf,0.0,0,0,0,CLEAR,none,nan,0.0,0.0,0,0,0,0,0.013210998691096494,0,0,1,1,0.0,0.6,"4.221,26.313;4.293,26.316;4.385,26.320;4.497,26.324;4.629,26.329;4.781,26.335;4.912,26.340;5.020,26.345;5.102,26.348;5.150,26.350",5.15,26.35,2.0,5.15,26.35,2.0,5.15,26.35,2.0,6.091461811250321,0.0,0.0,0,0,5,1,,,0,1,PASS_THROUGH,-1,0.9999646826594086,0.0006553915600118755,0.008378776508023615,0.20512531898072606,0,0.99993798026434,0.00023056112849533227,0.011134741417668115,0.9298754641489885,0.18597509282979768,0,0,0,BYPASS_VISIBLE,1,0,1,1,1
1787562381856580352,1787562381873867776,joint_v2_000004_81a34ddb,1436,300,0.03333333333333333,10.0,17.287492752075195,frame_id_exact,1,,4.2416839599609375,26.313695907592773,1.989040732383728,0.0035028343929559206,-0.00011040126644519858,-0.692889844022482,0.7210349381363407,0.6236627101898193,0.02411125972867012,-0.01726784184575081,0.6240298815601119,-0.0008155199910815313,-0.02051217044197917,-1.5309780632331074,0.0029496243223547935,depth/001436.png,1.0,0.004694950411700652,-0.005204323792227833,-0.9999754359255518,0.6240298815601119,-0.0008155199910815313,-0.02051217044197917,0.0029496243223547935,0.9999273278023753,0.0001290334500372104,0.01205497674696851,0.9090412618345534,0.18180825236691067,0.6,0.0,0.010959267616271973,0.0001317567607069664,0.6,0.0,0.010959267616271973,0.0001317567607069664,goal_capture,TERMINAL_SETTLING,NONE,DIRECT_LOCAL,PASS_THROUGH,0,6,0,0,0,0,1,0.6,0.9090412618345534,inf,0.0,0,0,0,CLEAR,none,nan,0.0,0.0,0,0,0,0,0.0,0,0,1,1,0.0,0.6,"4.221,26.313;4.293,26.316;4.385,26.320;4.497,26.324;4.629,26.329;4.781,26.335;4.912,26.340;5.020,26.345;5.102,26.348;5.150,26.350",5.15,26.35,2.0,5.15,26.35,2.0,5.15,26.35,2.0,6.08648922341364,0.0,0.0,0,0,5,1,,,1,1,PASS_THROUGH,-1,0.9999999916739744,0.0001290428267886811,0.0,0.18180825236691067,0,0.9999273278023753,0.0001290334500372104,0.01205497674696851,0.909107321092753,0.1818214642185506,0,0,0,CORRIDOR_CLEAR,1,0,0,0,1
1787562381905899776,1787562381920594944,joint_v2_000004_81a34ddb,1437,301,0.03333333333333333,10.033333333333333,14.695167541503906,frame_id_exact,1,,4.262402534484863,26.31447410583496,1.9885200262069702,0.011898441391678971,-0.008892526179068452,-0.6928075546466488,0.7209695155102844,0.6181092262268066,0.022467244416475296,-0.013732201419770718,0.6178401389830994,-0.0022495785515349778,-0.031951025521715436,-1.5309082521514905,0.0024775471538305283,depth/001437.png,1.0,0.0036641795873801498,-0.029478445684476048,-0.9995587001412067,0.6178401389830994,-0.0022495785515349778,-0.031951025521715436,0.0024775471538305283,0.9999164964920383,0.00011534422778986,0.012922334881773816,0.8883081390740043,0.17766162781480085,0.6,0.0,0.011479973793029785,0.00023035704102175245,0.6,0.0,0.011479973793029785,0.00023035704102175245,goal_capture,TERMINAL_SETTLING,NONE,DIRECT_LOCAL,PASS_THROUGH,0,6,0,0,0,0,1,0.6,0.8883081390740043,inf,0.0,0,0,0,CLEAR,none,nan,0.0,0.0,0,0,0,0,0.0,0,0,1,1,0.0,0.6,"4.221,26.313;4.293,26.316;4.385,26.320;4.497,26.324;4.629,26.329;4.781,26.335;4.912,26.340;5.020,26.345;5.102,26.348;5.150,26.350",5.15,26.35,2.0,5.15,26.35,2.0,5.15,26.35,2.0,6.08161021320581,0.0,0.0,0,0,5,1,,,0,1,PASS_THROUGH,-1,0.9999273278023753,0.0001290334500372104,0.01205497674696851,0.18180825236691067,0,0.9999164964920383,0.00011534422778986,0.012922334881773816,0.8883823162036766,0.17767646324073533,0,0,0,CORRIDOR_CLEAR,1,0,0,0,1
1787562381947762944,1787562381962935040,joint_v2_000004_81a34ddb,1438,302,0.03333333333333333,10.066666666666666,15.172004699707031,frame_id_exact,1,,4.282813549041748,26.315196990966797,1.9881408214569092,0.016898531145387512,-0.015000141297191313,-0.6927008511922462,0.7208709774735907,0.6056703925132751,0.021025337278842926,-0.008921230211853981,0.6050066954884545,-0.003162120012952175,-0.03626536825307229,-1.5309046308121514,0.0021287661511451006,depth/001438.png,1.0,0.0017849207783206707,-0.0451445426184236,-0.9989788708123853,0.6050066954884545,-0.003162120012952175,-0.03626536825307229,0.0021287661511451006,0.9999066300586088,0.00022000519039136948,0.013663190057696327,0.867884548867725,0.173576909773545,0.6,0.0,0.01185917854309082,0.000756378764510679,0.6,0.0,0.01185917854309082,0.000756378764510679,goal_capture,TERMINAL_SETTLING,NONE,DIRECT_LOCAL,PASS_THROUGH,0,6,0,0,0,0,1,0.6,0.867884548867725,inf,0.0,0,0,0,CLEAR,none,nan,0.0,0.0,0,0,0,0,0.012606545749420663,0,0,1,1,0.0,0.6,"4.283,26.315;4.353,26.318;4.444,26.321;4.554,26.326;4.685,26.331;4.831,26.337;4.954,26.342;5.053,26.346;5.125,26.349;5.150,26.350",5.15,26.35,2.0,5.15,26.35,2.0,5.15,26.35,2.0,6.07688571602824,0.0,0.0,0,0,5,1,,,0,1,PASS_THROUGH,-1,0.9999273278023753,0.0001290334500372104,0.01205497674696851,0.18180825236691067,0,0.9999066300586088,0.00022000519039136948,0.013663190057696327,0.8679655697543834,0.17359311395087668,0,0,0,CORRIDOR_CLEAR,1,0,0,0,1
1787562381992581888,1787562382013496576,joint_v2_000004_81a34ddb,1439,303,0.03333333333333333,10.1,20.914793014526367,frame_id_exact,1,,4.302741527557373,26.315881729125977,1.9879302978515625,0.017549628772312947,-0.017212476024093083,-0.6926648211729902,0.7208406111675891,0.5897241234779358,0.02014397270977497,-0.003722479334101081,0.5891624170251393,-0.0033637868339693885,-0.032718643064406874,-1.530947423992865,0.0019405614584684372,depth/001439.png,1.0,-0.0005028825233764425,-0.04914592351434238,-0.9987914823981481,0.5891624170251393,-0.0033637868339693885,-0.032718643064406874,0.0019405614584684372,0.9998986318156696,0.00039833427169961915,0.014232618274933714,0.8479451488942238,0.16958902977884477,0.6,0.0,0.0120697021484375,0.0013658519928662176,0.6,0.0,0.0120697021484375,0.0013658519928662176,goal_capture,TERMINAL_SETTLING,NONE,DIRECT_LOCAL,PASS_THROUGH,0,6,0,0,0,0,1,0.6,0.8479451488942239,inf,0.0,0,0,0,CLEAR,none,nan,0.0,0.0,0,0,0,0,0.0,0,0,1,1,0.0,0.6,"4.283,26.315;4.353,26.318;4.444,26.321;4.554,26.326;4.685,26.331;4.831,26.337;4.954,26.342;5.053,26.346;5.125,26.349;5.150,26.350",5.15,26.35,2.0,5.15,26.35,2.0,5.15,26.35,2.0,6.072339692517934,0.0,0.0,0,0,5,1,,,0,1,PASS_THROUGH,-1,0.9999273278023753,0.0001290334500372104,0.01205497674696851,0.18180825236691067,0,0.9998986318156696,0.00039833427169961915,0.014232618274933714,0.8480310449760666,0.16960620899521334,0,0,0,CORRIDOR_CLEAR,1,0,0,0,1
1787562382041067520,1787562382060333824,joint_v2_000004_81a34ddb,1440,304,0.03333333333333333,10.133333333333333,19.266128540039062,frame_id_exact,1,,4.322135925292969,26.316543579101562,1.9878889322280884,0.013855618960301184,-0.015168186755446175,-0.6927258657187776,0.7209083318272504,0.5743303894996643,0.020041657611727715,0.001122483517974615,0.574235651595839,-0.0028365656035508344,-0.022443142466886203,-1.5309840660610574,0.0018757805228233337,depth/001440.png,1.0,-0.002673453142737498,-0.04099205290531059,-0.9991558958675577,0.574235651595839,-0.0028365656035508344,-0.022443142466886203,0.0018757805228233337,0.9998930160335652,0.000578637732961126,0.014615801916912287,0.8285398350651965,0.1657079670130393,0.6,0.0,0.012111067771911621,0.0016284865628933033,0.6,0.0,0.012111067771911621,0.0016284865628933033,goal_capture,TERMINAL_SETTLING,NONE,DIRECT_LOCAL,PASS_THROUGH,0,6,0,0,0,0,1,0.6,0.8285398350651966,inf,0.0,0,0,0,CLEAR,none,nan,0.0,0.0,0,0,0,0,0.03315704353676278,0,0,1,1,0.0,0.6,"4.322,26.317;4.390,26.319;4.477,26.322;4.584,26.326;4.712,26.332;4.854,26.338;4.973,26.343;5.067,26.347;5.135,26.349;5.150,26.350",5.15,26.35,2.0,5.15,26.35,2.0,5.15,26.35,2.0,6.067982506864432,0.0,0.0,0,0,5,1,,,0,1,PASS_THROUGH,-1,0.9999273278023753,0.0001290334500372104,0.01205497674696851,0.18180825236691067,0,0.9998930160335652,0.000578637732961126,0.014615801916912287,0.8286283462762054,0.16572566925524107,0,0,0,CORRIDOR_CLEAR,1,0,0,0,1
1787562382102138624,1787562382118942720,joint_v2_000004_81a34ddb,1441,305,0.03333333333333333,10.166666666666666,16.804218292236328,frame_id_exact,1,,4.341080188751221,26.31722068786621,1.9879943132400513,0.006770752346599652,-0.009442544690592036,-0.6928240142266368,0.7210130932051901,0.5632818341255188,0.020748388022184372,0.005014599766582251,0.5636285590399027,-0.0017145467349877024,-0.007872371703814027,-1.5309739982111477,0.0018528914079070091,depth/001441.png,1.0,-0.004234517069972833,-0.02284764561959701,-0.9997299905248543,0.5636285590399027,-0.0017145467349877024,-0.007872371703814027,0.0018528914079070091,0.9998898320216745,0.0006777644511765768,0.014827827049715086,0.8095836858131009,0.16191673716262017,0.6,0.0,0.01200568675994873,0.0017401227952662003,0.6,0.0,0.01200568675994873,0.0017401227952662003,goal_capture,TERMINAL_SETTLING,NONE,DIRECT_LOCAL,PASS_THROUGH,0,6,0,0,0,0,1,0.6,0.8095836858131009,inf,0.0,0,0,0,CLEAR,none,nan,0.0,0.0,0,0,0,0,0.038837315237437935,0,0,1,1,0.0,0.6,"4.341,26.317;4.407,26.320;4.494,26.323;4.600,26.327;4.726,26.333;4.866,26.339;4.983,26.343;5.075,26.347;5.139,26.350;5.150,26.350",5.15,26.35,2.0,5.15,26.35,2.0,5.15,26.35,2.0,6.063780400643889,0.0,0.0,0,0,5,1,,,0,1,PASS_THROUGH,-1,0.9999273278023753,0.0001290334500372104,0.01205497674696851,0.18180825236691067,0,0.9998898320216745,0.0006777644511765768,0.014827827049715086,0.8096726998295692,0.16193453996591384,0,0,0,CORRIDOR_CLEAR,1,0,0,0,1
1787562382148894976,1787562382166093568,joint_v2_000004_81a34ddb,1442,306,0.03333333333333333,10.2,17.198562622070312,frame_id_exact,1,,4.359767913818359,26.317934036254883,1.988205909729004,-0.0020205459015633564,-0.0014118135364580419,-0.6928680877871554,0.7210601480479758,0.5592461824417114,0.022104155272245407,0.007425051182508469,0.559675441121504,-0.00024316867798188164,0.007959843932788169,-1.5309216553582188,0.0018227148102596402,depth/001442.png,1.0,-0.0048359485054338975,0.0009574691632025993,-0.9999878483535959,0.559675441121504,-0.00024316867798188164,0.007959843932788169,0.0018227148102596402,0.9998885943050826,0.0006809099216984705,0.01491091346243963,0.7908824034342221,0.15817648068684442,0.5908822664258816,0.0004023824254587986,0.011794090270996094,0.0017024642053155466,0.5908822664258816,0.0004023824254587986,0.011794090270996094,0.0017024642053155466,goal_capture,TERMINAL_SETTLING,NONE,DIRECT_LOCAL,PASS_THROUGH,0,6,0,0,0,0,1,0.5908824034342222,0.7908824034342221,inf,0.0,0,0,0,CLEAR,none,nan,0.0,0.0,0,0,0,0,0.03901760549466979,0,0,0,1,0.0,0.5908824034342222,,5.15,26.35,2.0,5.15,26.35,2.0,5.15,26.35,2.0,6.059680839712218,0.0,0.0,0,0,5,1,,,1,1,PASS_THROUGH,-1,0.9999997681292593,0.0006809856294926727,0.0,0.15817648068684442,0,0.9998885943050826,0.0006809099216984705,0.01491091346243963,0.7909703386519701,0.15819406773039402,0,0,0,CORRIDOR_CLEAR,1,0,0,0,1
1787562382204229888,1787562382220828160,joint_v2_000004_81a34ddb,1443,307,0.03333333333333333,10.233333333333333,16.598224639892578,frame_id_exact,1,,4.378452777862549,26.31869888305664,1.9884662628173828,-0.010338710269665298,0.006908059549831832,-0.6928163804937972,0.7210068326324585,0.5631639957427979,0.023801343515515327,0.007866397500038147,0.5633035861840279,0.0012688553203261763,0.02166864236992587,-1.5308698563089622,0.0017977626994252205,depth/001443.png,1.0,-0.004364139384685812,0.024480595117172294,-0.9996907795664318,0.5633035861840279,0.0012688553203261763,0.02166864236992587,0.0017977626994252205,0.9998882757906216,0.000620507149752878,0.014934888929455619,0.7721818930212752,0.15443637860425502,0.5721817828433429,0.0003550825585307592,0.011533737182617188,0.0015514410087633969,0.5721817828433429,0.0003550825585307592,0.011533737182617188,0.0015514410087633969,goal_capture,TERMINAL_SETTLING,NONE,DIRECT_LOCAL,PASS_THROUGH,0,6,0,0,0,0,1,0.572181893021275,0.772181893021275,inf,0.0,0,0,0,CLEAR,none,nan,0.0,0.0,0,0,0,0,0.03555640878626464,0,0,0,1,0.0,0.572181893021275,,5.15,26.35,2.0,5.15,26.35,2.0,5.15,26.35,2.0,6.055623559266049,0.0,0.0,0,0,5,1,,,0,1,PASS_THROUGH,-1,0.9998885943050826,0.0006809099216984705,0.01491091346243963,0.15817648068684442,0,0.9998882757906216,0.000620507149752878,0.014934888929455619,0.7722680253663993,0.15445360507327985,0,0,0,CORRIDOR_CLEAR,1,0,0,0,1
1787562382247325696,1787562382265073152,joint_v2_000004_81a34ddb,1444,308,0.03333333333333333,10.266666666666667,17.74740219116211,frame_id_exact,1,,4.39738655090332,26.31951904296875,1.9887069463729858,-0.015599979627506283,0.012924610416199583,-0.6927254572386232,0.7209168023945283,0.5737798810005188,0.02545895427465439,0.006298964377492666,0.5736151987712532,0.002509444245362923,0.029504128086632046,-1.5308567415162098,0.0018461109139025211,depth/001444.png,1.0,-0.0029778684138717613,0.040398988181349085,-0.9991791901624217,0.5736151987712532,0.002509444245362923,0.029504128086632046,0.0018461109139025211,0.9998874815705117,0.0005383816064415953,0.014991142178817331,0.7532304378493624,0.15064608756987247,0.5532303576530972,0.0002978825659640284,0.01129305362701416,0.0013461053476906612,0.5532303576530972,0.0002978825659640284,0.01129305362701416,0.0013461053476906612,goal_capture,TERMINAL_SETTLING,NONE,DIRECT_LOCAL,PASS_THROUGH,0,6,0,0,0,0,1,0.5532304378493622,0.7532304378493623,inf,0.0,0,0,0,CLEAR,none,nan,0.0,0.0,0,0,0,0,0.03085046208106606,0,0,0,1,0.0,0.5532304378493622,,5.15,26.35,2.0,5.15,26.35,2.0,5.15,26.35,2.0,6.051564067998751,0.0,0.0,0,0,5,1,,,0,1,PASS_THROUGH,-1,0.9998885943050826,0.0006809099216984705,0.01491091346243963,0.15817648068684442,0,0.9998874815705117,0.0005383816064415953,0.014991142178817331,0.7533150904919963,0.15066301809839927,0,0,0,CORRIDOR_CLEAR,1,0,0,0,1
1787562382292972032,1787562382308505088,joint_v2_000004_81a34ddb,1445,309,0.03333333333333333,10.3,15.532970428466797,frame_id_exact,1,,4.416740417480469,26.320390701293945,1.988871693611145,-0.01561078920199777,0.01431941654913483,-0.6927056957447664,0.7209092013928955,0.5875713229179382,0.02668703906238079,0.003508813912048936,0.5874919563504678,0.0032137931875018144,0.028415525709908986,-1.5308781603037855,0.0020032243337482214,depth/001445.png,1.0,-0.0009813668928915012,0.04234620596010523,-0.9991025151403663,0.5874919563504678,0.0032137931875018144,0.028415525709908986,0.0020032243337482214,0.9998849474696754,0.0004402340291909707,0.01516238825396872,0.7338571563503229,0.1467714312700646,0.5338571046060644,0.00023504910716748764,0.01112830638885498,0.0011007116415205805,0.5338571046060644,0.00023504910716748764,0.01112830638885498,0.0011007116415205805,goal_capture,TERMINAL_SETTLING,NONE,DIRECT_LOCAL,PASS_THROUGH,0,6,0,0,0,0,1,0.5338571563503229,0.7338571563503229,inf,0.0,0,0,0,CLEAR,none,nan,0.0,0.0,0,0,0,0,0.025226452608018434,0,0,0,1,0.0,0.5338571563503229,,5.15,26.35,2.0,5.15,26.35,2.0,5.15,26.35,2.0,6.047478228899649,0.0,0.0,0,0,5,1,,,0,1,PASS_THROUGH,-1,0.9998885943050826,0.0006809099216984705,0.01491091346243963,0.15817648068684442,0,0.9998849474696754,0.0004402340291909707,0.01516238825396872,0.7339415270508043,0.14678830541016086,0,0,0,CORRIDOR_CLEAR,1,0,0,0,1
1787562382334398720,1787562382353150720,joint_v2_000004_81a34ddb,1446,310,0.03333333333333333,10.333333333333334,18.751859664916992,frame_id_exact,1,,4.436537742614746,26.321290969848633,1.9889413118362427,-0.009644350837606267,0.010090475108835751,-0.6927833717740643,0.7210106577592025,0.5995622873306274,0.027156248688697815,0.0007994819316081703,0.5999127434263606,0.0032137610203286987,0.017533094937778385,-1.5308869409428183,0.002205746481195092,depth/001446.png,1.0,0.0011877884069512682,0.02788838621956902,-0.9996103376179982,0.5999127434263606,0.0032137610203286987,0.017533094937778385,0.002205746481195092,0.9998800428473891,0.0003079115816049199,0.015485641929263416,0.7140396355423801,0.14280792710847603,0.5140396111686034,0.0001582977386284971,0.011058688163757324,0.0007698712812457924,0.5140396111686034,0.0001582977386284971,0.011058688163757324,0.0007698712812457924,goal_capture,TERMINAL_SETTLING,NONE,DIRECT_LOCAL,PASS_THROUGH,0,6,0,0,0,0,1,0.5140396355423802,0.7140396355423801,inf,0.0,0,0,0,CLEAR,none,nan,0.0,0.0,0,0,0,0,0.017644150073485243,0,0,0,1,0.0,0.5140396355423802,,5.15,26.35,2.0,5.15,26.35,2.0,5.15,26.35,2.0,6.043378176647183,0.0,0.0,0,0,5,1,,,0,1,PASS_THROUGH,-1,0.9998885943050826,0.0006809099216984705,0.01491091346243963,0.15817648068684442,0,0.9998800428473891,0.0003079115816049199,0.015485641929263416,0.7141252661189059,0.1428250532237812,0,0,0,CORRIDOR_CLEAR,1,0,0,0,1
1787562382380665088,1787562382395986688,joint_v2_000004_81a34ddb,1447,311,0.03333333333333333,10.366666666666667,15.321731567382812,frame_id_exact,1,,4.4566330909729,26.32219123840332,1.988940954208374,0.0014241979809172971,0.0007472099476729101,-0.6928390760449924,0.7210904437326338,0.6046321988105774,0.026675814762711525,-0.0005186365451663733,0.6052143504477746,0.0024996258486166874,-0.001142715331718796,-1.5308385960544486,0.0023585292510688305,depth/001447.png,1.0,0.003051091931865561,-0.0010185586085308973,-0.9999948266748105,0.6052143504477746,0.0024996258486166874,-0.001142715331718796,0.0023585292510688305,0.9998730226659982,0.00012761756766514824,0.015934938296607346,0.6939243458442251,0.13878486916884503,0.4939243418211175,6.304142794626855e-05,0.011059045791625977,0.0003190844339211532,0.4939243418211175,6.304142794626855e-05,0.011059045791625977,0.0003190844339211532,goal_capture,TERMINAL_SETTLING,NONE,DIRECT_LOCAL,PASS_THROUGH,0,6,0,0,0,0,1,0.4939243458442252,0.6939243458442251,inf,0.0,0,0,0,CLEAR,none,nan,0.0,0.0,0,0,0,0,0.007312876548801232,0,0,0,1,0.0,0.4939243458442252,,5.15,26.35,2.0,5.15,26.35,2.0,5.15,26.35,2.0,6.039308691126806,0.0,0.0,0,0,5,1,,,0,1,PASS_THROUGH,-1,0.9998885943050826,0.0006809099216984705,0.01491091346243963,0.15817648068684442,0,0.9998730226659982,0.00012761756766514824,0.015934938296607346,0.6940124640445279,0.13880249280890558,0,0,0,CORRIDOR_CLEAR,1,0,0,0,1
1787562382422414080,1787562382438421760,joint_v2_000004_81a34ddb,1448,312,0.03333333333333333,10.4,16.007661819458008,frame_id_exact,1,,4.476724147796631,26.32305908203125,1.9889315366744995,0.015441986074189142,-0.011920944755692893,-0.6927011458094567,0.720960857978075,0.5987519025802612,0.025240853428840637,0.0002536863321438432,0.5988411995402486,0.0012438143787165934,-0.022992967208290135,-1.5307392339741566,0.0024048311170190573,depth/001448.png,1.0,0.004204293776381825,-0.03878143924066518,-0.9992388722844325,0.5988411995402486,0.0012438143787165934,-0.022992967208290135,0.0024048311170190573,0.9998651091704387,-6.374027407906746e-05,0.016424353891833263,0.6738146527207407,0.13476293054414815,0.4738146517579686,-3.0205150163496312e-05,0.011068463325500488,-0.00015937218282776125,0.4738146517579686,-3.0205150163496312e-05,0.011068463325500488,-0.00015937218282776125,goal_capture,TERMINAL_SETTLING,NONE,DIRECT_LOCAL,PASS_THROUGH,0,6,0,0,0,0,1,0.47381465272074075,0.6738146527207407,inf,0.0,0,0,0,CLEAR,none,nan,0.0,0.0,0,0,0,0,0.0036525413791272214,0,0,0,1,0.0,0.47381465272074075,,5.15,26.35,2.0,5.15,26.35,2.0,5.15,26.35,2.0,6.035339147148852,0.0,0.0,0,0,5,1,,,1,1,PASS_THROUGH,-1,0.9999999979680406,-6.374887308792547e-05,0.0,0.13476293054414815,0,0.9998651091704387,-6.374027407906746e-05,0.016424353891833263,0.6739055550309409,0.13478111100618817,0,0,0,CORRIDOR_CLEAR,1,0,0,0,1
1787562382469202432,1787562382485034240,joint_v2_000004_81a34ddb,1449,313,0.03333333333333333,10.433333333333334,15.831708908081055,frame_id_exact,1,,4.496406078338623,26.32386589050293,1.9889804124832153,0.02953250117409204,-0.025315386390234753,-0.6923090884190769,0.7205519333668201,0.5799967050552368,0.023043138906359673,0.002830557292327285,0.5789231165136294,-0.00024105736277356448,-0.042227280727855594,-1.5306506392907133,0.0023637281265109777,depth/001449.png,1.0,0.004409136718318482,-0.07761154578590007,-0.9969739251726307,0.5789231165136294,-0.00024105736277356448,-0.042227280727855594,0.0023637281265109777,0.9998581109173039,-0.00018171152031891245,0.01684413885610234,0.6541162023004043,0.13082324046008087,0.4541161948010277,-8.252985424404687e-05,0.011019587516784668,-0.00045434326214460405,0.4541161948010277,-8.252985424404687e-05,0.011019587516784668,-0.00045434326214460405,goal_capture,TERMINAL_SETTLING,NONE,DIRECT_LOCAL,PASS_THROUGH,0,6,0,0,0,0,1,0.4541162023004044,0.6541162023004043,inf,0.0,0,0,0,CLEAR,none,nan,0.0,0.0,0,0,0,0,0.010412780548436718,0,0,0,1,0.0,0.4541162023004044,,5.15,26.35,2.0,5.15,26.35,2.0,5.15,26.35,2.0,6.031547786942697,0.0,0.0,0,0,5,1,,,0,1,PASS_THROUGH,-1,0.9998651091704387,-6.374027407906746e-05,0.016424353891833263,0.13476293054414815,0,0.9998581109173039,-0.00018171152031891245,0.01684413885610234,0.654209016615442,0.1308418033230884,0,0,0,CORRIDOR_CLEAR,1,0,0,0,1
1787562382511328256,1787562382529539072,joint_v2_000004_81a34ddb,1450,314,0.03333333333333333,10.466666666666667,18.210887908935547,frame_id_exact,1,,4.515255451202393,26.32459259033203,1.9891314506530762,0.04075911070615721,-0.03663389862940527,-0.691801391965105,0.7200051988984502,0.5491469502449036,0.020438676699995995,0.006201999261975288,0.5469066004205146,-0.0015967776309352673,-0.053936981571497386,-1.5306476924699657,0.002310731215402484,depth/001450.png,1.0,0.0036412241053775454,-0.10938030735168358,-0.9939933047313073,0.5469066004205146,-0.0015967776309352673,-0.053936981571497386,0.002310731215402484,0.9998536628451179,-0.00014219942964895395,0.01710650971190508,0.6352528462701403,0.12705056925402808,0.4352528418682985,-6.190176439484044e-05,0.010868549346923828,-0.0003555506019890624,0.4352528418682985,-6.190176439484044e-05,0.010868549346923828,-0.0003555506019890624,goal_capture,TERMINAL_SETTLING,NONE,DIRECT_LOCAL,PASS_THROUGH,0,6,0,0,0,0,1,0.43525284627014044,0.6352528462701404,inf,0.0,0,0,0,CLEAR,none,nan,0.0,0.0,0,0,0,0,0.008148619558923603,0,0,0,1,0.0,0.43525284627014044,,5.15,26.35,2.0,5.15,26.35,2.0,5.15,26.35,2.0,6.028002812241802,0.0,0.0,0,0,5,1,,,0,1,PASS_THROUGH,-1,0.9998651091704387,-6.374027407906746e-05,0.016424353891833263,0.13476293054414815,0,0.9998536628451179,-0.00014219942964895395,0.01710650971190508,0.6353458145445056,0.1270691629089011,0,0,0,CORRIDOR_CLEAR,1,0,0,0,1
1787562382559241216,1787562382575157248,joint_v2_000004_81a34ddb,1451,315,0.03333333333333333,10.5,15.915870666503906,frame_id_exact,1,,4.532919406890869,26.325231552124023,1.9893927574157715,0.046781107359639335,-0.043500826879639166,-0.6914436265600378,0.7196005262258336,0.5096248388290405,0.01787039451301098,0.009337568655610085,0.5069620401907851,-0.0025231228574661294,-0.05574173657698069,-1.5307587650740269,0.0023156122770160437,depth/001451.png,1.0,0.00208656122679253,-0.1274841579388835,-0.9918384121099871,0.5069620401907851,-0.0025231228574661294,-0.05574173657698069,0.0023156122770160437,0.9998525294730911,7.900099235176364e-05,0.017173033078196252,0.6175774723887701,0.12351549447775403,0.41757747108530247,3.2993900227333874e-05,0.010607242584228516,0.00019753161055910753,0.41757747108530247,3.2993900227333874e-05,0.010607242584228516,0.00019753161055910753,goal_capture,TERMINAL_SETTLING,NONE,DIRECT_LOCAL,PASS_THROUGH,0,6,0,0,0,0,1,0.41757747238877013,0.6175774723887701,inf,0.0,0,0,0,CLEAR,none,nan,0.0,0.0,0,0,0,0,0.004527091042183468,0,0,0,1,0.0,0.41757747238877013,,5.15,26.35,2.0,5.15,26.35,2.0,5.15,26.35,2.0,6.024749380157962,0.0,0.0,0,0,5,1,,,0,1,PASS_THROUGH,-1,0.9998651091704387,-6.374027407906746e-05,0.016424353891833263,0.13476293054414815,0,0.9998525294730911,7.900099235176364e-05,0.017173033078196252,0.6176685583687604,0.12353371167375209,0,0,0,CORRIDOR_CLEAR,1,0,0,0,1
1787562382606200320,1787562382626371584,joint_v2_000004_81a34ddb,1452,316,0.03333333333333333,10.533333333333333,20.171403884887695,frame_id_exact,1,,4.5491943359375,26.325790405273438,1.9897466897964478,0.04637612901797828,-0.04449950482669553,-0.6914455809390667,0.7195637965651992,0.4667147994041443,0.015765195712447166,0.011763247661292553,0.4646232661134479,-0.002842767868810881,-0.04823648651342172,-1.5309401701164975,0.0023861711379140615,depth/001452.png,1.0,9.26736643453302e-05,-0.1282791388651385,-0.9917380974549734,0.4646232661134479,-0.002842767868810881,-0.04823648651342172,0.0023861711379140615,0.9998545576555393,0.00041721190050878713,0.017049617874778492,0.6012932316652221,0.12025864633304442,0.4012931967293574,0.00016744865139313358,0.010253310203552246,0.0010431814134862633,0.4012931967293574,0.00016744865139313358,0.010253310203552246,0.0010431814134862633,goal_capture,TERMINAL_SETTLING,NONE,DIRECT_LOCAL,PASS_THROUGH,0,6,0,0,0,0,1,0.40129323166522207,0.6012932316652221,inf,0.0,0,0,0,CLEAR,none,nan,0.0,0.0,0,0,0,0,0.023907956903701802,0,0,0,1,0.0,0.40129323166522207,,5.15,26.35,2.0,5.15,26.35,2.0,5.15,26.35,2.0,6.021801480428543,0.0,0.0,0,0,5,1,,,0,1,PASS_THROUGH,-1,0.9998651091704387,-6.374027407906746e-05,0.016424353891833263,0.13476293054414815,0,0.9998545576555393,0.00041721190050878713,0.017049617874778492,0.6013806455287173,0.12027612910574345,0,0,0,CORRIDOR_CLEAR,1,0,0,0,1
1787562382669038336,1787562382685132288,joint_v2_000004_81a34ddb,1453,317,0.03333333333333333,10.566666666666666,16.093969345092773,frame_id_exact,1,,4.564063549041748,26.326290130615234,1.9901701211929321,0.0397028827202318,-0.03947942050176153,-0.6918093749829609,0.7199061363443388,0.42633217573165894,0.014438431710004807,0.013596992008388042,0.42541501986686664,-0.0025167811369644407,-0.034178900660976244,-1.5311035043941612,0.002465292112901807,depth/001453.png,1.0,-0.0019093011976625135,-0.11178916424573523,-0.9937301129210973,0.42541501986686664,-0.0025167811369644407,-0.034178900660976244,0.002465292112901807,0.9998592553431733,0.0007499241683867138,0.01676028395752462,0.5864159636877181,0.11728319273754362,0.38641585499965764,0.0002898233798041882,0.009829878807067871,0.0018750739760553699,0.38641585499965764,0.0002898233798041882,0.009829878807067871,0.0018750739760553699,goal_capture,TERMINAL_SETTLING,NONE,DIRECT_LOCAL,PASS_THROUGH,0,6,0,0,0,0,1,0.38641596368771813,0.5864159636877181,inf,0.0,0,0,0,CLEAR,none,nan,0.0,0.0,0,0,0,0,0.04297353004111483,0,0,0,1,0.0,0.38641596368771813,,5.15,26.35,2.0,5.15,26.35,2.0,5.15,26.35,2.0,6.0191391600947615,0.0,0.0,0,0,5,1,,,0,1,PASS_THROUGH,-1,0.9998651091704387,-6.374027407906746e-05,0.016424353891833263,0.13476293054414815,0,0.9998592553431733,0.0007499241683867138,0.01676028395752462,0.5864983452535537,0.11729966905071074,0,0,0,CORRIDOR_CLEAR,1,0,0,0,1
1787562382711719424,1787562382728585472,joint_v2_000004_81a34ddb,1454,318,0.03333333333333333,10.6,16.865968704223633,frame_id_exact,1,,4.577703475952148,26.32676124572754,1.9906489849090576,0.02824411752802694,-0.02956627719475123,-0.6923304682150662,0.7204211461770217,0.39373505115509033,0.014030441641807556,0.015118246898055077,0.39390052574907786,-0.0016287841020187633,-0.017100528266268216,-1.5311770050548539,0.0024800635874271393,depth/001454.png,1.0,-0.0034918163846599445,-0.08163458811183646,-0.9966562101558123,0.39390052574907786,-0.0016287841020187633,-0.017100528266268216,0.0024800635874271393,0.9998662923390458,0.0009643963291252397,0.016323828714182094,0.572768147802747,0.1145536295605494,0.37276797440807874,0.0003595441399405635,0.009351015090942383,0.0024113124861103313,0.37276797440807874,0.0003595441399405635,0.009351015090942383,0.0024113124861103313,goal_capture,TERMINAL_SETTLING,NONE,DIRECT_LOCAL,PASS_THROUGH,0,6,0,0,0,0,1,0.372768147802747,0.572768147802747,inf,0.0,0,0,0,CLEAR,none,nan,0.0,0.0,0,0,0,0,0.05526321141652797,0,0,0,1,0.0,0.372768147802747,,5.15,26.35,2.0,5.15,26.35,2.0,5.15,26.35,2.0,6.016711106251725,0.0,0.0,0,0,5,1,,,1,1,PASS_THROUGH,-1,0.9999995348458036,0.0009645248448931795,0.0,0.1145536295605494,0,0.9998662923390458,0.0009643963291252397,0.016323828714182094,0.5728444750720919,0.11456889501441839,0,0,0,CORRIDOR_CLEAR,1,0,0,0,1
1787562382764291584,1787562382780878592,joint_v2_000004_81a34ddb,1455,319,0.03333333333333333,10.633333333333333,16.587018966674805,frame_id_exact,1,,4.590439319610596,26.327234268188477,1.9911737442016602,0.014469284810710073,-0.016897885156724652,-0.6927457815138879,0.7208386667410466,0.3724537789821625,0.014482485130429268,0.01629302091896534,0.37309092776183317,-0.00036170883097104856,-0.00022621416556072374,-1.5311500852480024,0.0024035910610109568,depth/001455.png,1.0,-0.004314225985948685,-0.04427191726095174,-0.9990102025485934,0.37309092776183317,-0.00036170883097104856,-0.00022621416556072374,0.0024035910610109568,0.9998753099326545,0.0010162160003170354,0.01575854981014977,0.5600236009158611,0.11200472018317223,0.3600234149723585,0.00036590717977458157,0.008826255798339844,0.0025408559455396967,0.3600234149723585,0.00036590717977458157,0.008826255798339844,0.0025408559455396967,goal_capture,TERMINAL_SETTLING,NONE,DIRECT_LOCAL,PASS_THROUGH,0,6,0,0,0,0,1,0.36002360091586116,0.5600236009158611,inf,0.0,0,0,0,CLEAR,none,nan,0.0,0.0,0,0,0,0,0.058232128812058706,0,0,0,1,0.0,0.36002360091586116,,5.15,26.35,2.0,5.15,26.35,2.0,5.15,26.35,2.0,6.014444491553398,0.0,0.0,0,0,5,1,,,0,1,PASS_THROUGH,-1,0.9998662923390458,0.0009643963291252397,0.016323828714182094,0.1145536295605494,0,0.9998753099326545,0.0010162160003170354,0.01575854981014977,0.560093149729744,0.1120186299459488,0,0,0,CORRIDOR_CLEAR,1,0,0,0,1
1787562382807451392,1787562382824791552,joint_v2_000004_81a34ddb,1456,320,0.03333333333333333,10.666666666666666,17.34018325805664,frame_id_exact,1,,4.602672576904297,26.32773208618164,1.9917256832122803,0.0013114806304687324,-0.00416804481666972,-0.6929110814599382,0.7210098061822606,0.36358702182769775,0.015551729127764702,0.016674552112817764,0.3640349926712841,0.0010300148082176045,0.01388821762769487,-1.5310718095392983,0.002285768510773778,depth/001456.png,1.0,-0.00419292344690832,-0.00766734967335631,-0.9999618148419243,0.3640349926712841,0.0010300148082176045,0.01388821762769487,0.002285768510773778,0.9998854965930405,0.0009377629248901239,0.015103453366211573,0.5477802187542055,0.10955604375084109,0.3477800658004398,0.00032617259959741166,0.008274316787719727,0.002344675098131851,0.3477800658004398,0.00032617259959741166,0.008274316787719727,0.002344675098131851,goal_capture,TERMINAL_SETTLING,NONE,DIRECT_LOCAL,PASS_THROUGH,0,6,0,0,0,0,1,0.3477802187542054,0.5477802187542055,inf,0.0,0,0,0,CLEAR,none,nan,0.0,0.0,0,0,0,0,0.05373599498095087,0,0,0,1,0.0,0.3477802187542054,,5.15,26.35,2.0,5.15,26.35,2.0,5.15,26.35,2.0,6.012265166290916,0.0,0.0,0,0,5,1,,,0,1,PASS_THROUGH,-1,0.9998662923390458,0.0009643963291252397,0.016323828714182094,0.1145536295605494,0,0.9998854965930405,0.0009377629248901239,0.015103453366211573,0.5478427076969344,0.10956854153938689,0,0,0,CORRIDOR_CLEAR,1,0,0,0,1
1787562382853740800,1787562382870144512,joint_v2_000004_81a34ddb,1457,321,0.03333333333333333,10.7,16.403913497924805,frame_id_exact,1,,4.614799976348877,26.328271865844727,1.9922698736190796,-0.00844577717338014,0.005933911722418315,-0.6928746870822076,0.7209841368160199,0.3655952513217926,0.016864674165844917,0.015775874257087708,0.3655785726315149,0.0022586103339430974,0.02324627162372329,-1.5310067179975875,0.0022206809371709824,depth/001457.png,1.0,-0.0031472179900831707,0.020401457185867916,-0.9997869150792164,0.3655785726315149,0.0022586103339430974,0.02324627162372329,0.0022206809371709824,0.9998955724281328,0.0007861827167080044,0.014430043497950623,0.5356409031525063,0.10712818063050127,0.3356407994038746,0.0002639025542163305,0.00773012638092041,0.0019656616560207764,0.3356407994038746,0.0002639025542163305,0.00773012638092041,0.0019656616560207764,goal_capture,TERMINAL_SETTLING,NONE,DIRECT_LOCAL,PASS_THROUGH,0,6,0,0,0,0,1,0.3356409031525063,0.5356409031525063,inf,0.0,0,0,0,CLEAR,none,nan,0.0,0.0,0,0,0,0,0.04504964673627467,0,0,0,1,0.0,0.3356409031525063,,5.15,26.35,2.0,5.15,26.35,2.0,5.15,26.35,2.0,6.0101057010487615,0.0,0.0,0,0,5,1,,,0,1,PASS_THROUGH,-1,0.9998662923390458,0.0009643963291252397,0.016323828714182094,0.1145536295605494,0,0.9998955724281328,0.0007861827167080044,0.014430043497950623,0.5356966790861202,0.10713933581722404,0,0,0,CORRIDOR_CLEAR,1,0,0,0,1
1787562382903158272,1787562382918745344,joint_v2_000004_81a34ddb,1458,322,0.03333333333333333,10.733333333333333,15.587091445922852,frame_id_exact,1,,4.627125263214111,26.328853607177734,1.9927619695663452,-0.01277210222969961,0.011299501209225972,-0.6927993089709152,0.7209287843930766,0.3746815025806427,0.018001293763518333,0.013584633357822895,0.37442029283616024,0.003054526110883503,0.026361551536984877,-1.5309828927245899,0.0022661781404167414,depth/001458.png,1.0,-0.0014047358556527924,0.03407212552813844,-0.9994183893541136,0.37442029283616024,0.003054526110883503,0.026361551536984877,0.0022661781404167414,0.9999041748816334,0.000607039972519015,0.013830132202976214,0.5233021692084855,0.1046604338416971,0.323302109629059,0.0001962761119262196,0.007238030433654785,0.0015177451829630553,0.323302109629059,0.0001962761119262196,0.007238030433654785,0.0015177451829630553,goal_capture,TERMINAL_SETTLING,NONE,DIRECT_LOCAL,PASS_THROUGH,0,6,0,0,0,0,1,0.3233021692084855,0.5233021692084855,inf,0.0,0,0,0,CLEAR,none,nan,0.0,0.0,0,0,0,0,0.0347841573440376,0,0,0,1,0.0,0.3233021692084855,,5.15,26.35,2.0,5.15,26.35,2.0,5.15,26.35,2.0,6.007921036060258,0.0,0.0,0,0,5,1,,,0,1,PASS_THROUGH,-1,0.9998662923390458,0.0009643963291252397,0.016323828714182094,0.1145536295605494,0,0.9999041748816334,0.000607039972519015,0.013830132202976214,0.5233522230609753,0.10467044461219506,0,0,0,CORRIDOR_CLEAR,1,0,0,0,1
1787562382945901056,1787562382962600448,joint_v2_000004_81a34ddb,1459,323,0.03333333333333333,10.766666666666667,16.69931411743164,frame_id_exact,1,,4.639800548553467,26.329463958740234,1.993167757987976,-0.010849615692178696,0.010873344923492501,-0.6928030891716483,0.7209632000620614,0.3856709897518158,0.018588894978165627,0.010754716582596302,0.38559294695587176,0.0032270303284284182,0.022605061702461557,-1.53097449456604,0.002390672219917178,depth/001459.png,1.0,0.0006452685671062639,0.03071052120300235,-0.9995281124190136,0.38559294695587176,0.0032270303284284182,0.022605061702461557,0.002390672219917178,0.9999104103778318,0.0004074210810328244,0.013379283467311829,0.5106125823429801,0.10212251646859602,0.31061255655877135,0.0001265614421673306,0.006832242012023926,0.0010186439061374633,0.31061255655877135,0.0001265614421673306,0.006832242012023926,0.0010186439061374633,goal_capture,TERMINAL_SETTLING,NONE,DIRECT_LOCAL,PASS_THROUGH,0,6,0,0,0,0,1,0.31061258234298006,0.5106125823429801,inf,0.0,0,0,0,CLEAR,none,nan,0.0,0.0,0,0,0,0,0.02334559865935881,0,0,0,1,0.0,0.31061258234298006,,5.15,26.35,2.0,5.15,26.35,2.0,5.15,26.35,2.0,6.005691309530146,0.0,0.0,0,0,5,1,,,0,1,PASS_THROUGH,-1,0.9998662923390458,0.0009643963291252397,0.016323828714182094,0.1145536295605494,0,0.9999104103778318,0.0004074210810328244,0.013379283467311829,0.510658289639831,0.10213165792796619,0,0,0,CORRIDOR_CLEAR,1,0,0,0,1
1787562382992114688,1787562383011159296,joint_v2_000004_81a34ddb,1460,324,0.03333333333333333,10.8,19.04439926147461,frame_id_exact,1,,4.652798175811768,26.330074310302734,1.9934827089309692,-0.0032526124257049455,0.004888533056202021,-0.6928571333420132,0.7210509798440431,0.3931373953819275,0.018381187692284584,0.008293265476822853,0.39343674032807824,0.002721013725470676,0.012797867215135442,-1.530935453028014,0.0024998874869197607,depth/001460.png,1.0,0.002542571658055843,0.011464708752350526,-0.9999310455139332,0.39343674032807824,0.002721013725470676,0.012797867215135442,0.0024998874869197607,0.9999142210673853,0.0001933325494343381,0.013096302139515126,0.4976009315566221,0.09952018631132442,0.29760092599388227,5.754088153181742e-05,0.006517291069030762,0.0004833728307683874,0.29760092599388227,5.754088153181742e-05,0.006517291069030762,0.0004833728307683874,goal_capture,TERMINAL_SETTLING,NONE,DIRECT_LOCAL,PASS_THROUGH,0,6,0,0,0,0,1,0.29760093155662204,0.4976009315566221,inf,0.0,0,0,0,CLEAR,none,nan,0.0,0.0,0,0,0,0,0.011078089253727991,0,0,0,1,0.0,0.29760093155662204,,5.15,26.35,2.0,5.15,26.35,2.0,5.15,26.35,2.0,6.003449809008455,0.0,0.0,0,0,5,1,,,1,1,PASS_THROUGH,-1,0.9999999813080566,0.00019334913110266333,0.0,0.09952018631132442,0,0.9999142210673853,0.0001933325494343381,0.013096302139515126,0.4976436095931471,0.09952872191862941,0,0,0,CORRIDOR_CLEAR,1,0,0,0,1
1787562383042369280,1787562383058335488,joint_v2_000004_81a34ddb,1461,325,0.03333333333333333,10.833333333333334,15.966176986694336,frame_id_exact,1,,4.665919780731201,26.330673217773438,1.9937337636947632,0.008203482377839995,-0.005202659564139182,-0.6928239181361538,0.7210413675156261,0.39252546429634094,0.01730823516845703,0.006965602282434702,0.3929648259771087,0.0016453581330582551,-0.000522572728349613,-1.530849503669387,0.0025129513815045357,depth/001461.png,1.0,0.0038644720730616616,-0.019039154272127063,-0.9998112704206723,0.3929648259771087,0.0016453581330582551,-0.000522572728349613,0.0025129513815045357,0.9999163612503869,-4.3261386200290435e-05,0.012933237500281589,0.4844658741320813,0.09689317482641627,0.28446587386584116,-1.230741740711537e-05,0.006266236305236816,-0.00010816251201051577,0.28446587386584116,-1.230741740711537e-05,0.006266236305236816,-0.00010816251201051577,goal_capture,TERMINAL_SETTLING,NONE,DIRECT_LOCAL,PASS_THROUGH,0,6,0,0,0,0,1,0.2844658741320814,0.48446587413208136,inf,0.0,0,0,0,CLEAR,none,nan,0.0,0.0,0,0,0,0,0.002478902175894252,0,0,0,1,0.0,0.2844658741320814,,5.15,26.35,2.0,5.15,26.35,2.0,5.15,26.35,2.0,6.001226211734227,0.0,0.0,0,0,5,1,,,0,1,PASS_THROUGH,-1,0.9999142210673853,0.0001933325494343381,0.013096302139515126,0.09952018631132442,0,0.9999163612503869,-4.3261386200290435e-05,0.012933237500281589,0.4845063971878955,0.0969012794375791,0,0,0,CORRIDOR_CLEAR,1,0,0,0,1
1787562383083489536,1787562383101155840,joint_v2_000004_81a34ddb,1462,326,0.03333333333333333,10.866666666666667,17.666339874267578,frame_id_exact,1,,4.678844928741455,26.331220626831055,1.9939619302749634,0.02088478816673545,-0.017068827379379873,-0.6925983627804718,0.7208189707748635,0.38110730051994324,0.015492198057472706,0.006846014875918627,0.3812384975252462,0.0002526144394749535,-0.013667290169212334,-1.5307529262342903,0.002417837269604206,depth/001462.png,1.0,0.004322471014719068,-0.053751986817476574,-0.9985449615102471,0.3812384975252462,0.0002526144394749535,-0.013667290169212334,0.002417837269604206,0.9999180010210414,-0.00020631295790807724,0.012804244181051168,0.47152917834346525,0.09430583566869305,0.2715291725636929,-5.60245807083654e-05,0.006038069725036621,-0.0005158246845483709,0.2715291725636929,-5.60245807083654e-05,0.006038069725036621,-0.0005158246845483709,goal_capture,TERMINAL_SETTLING,NONE,DIRECT_LOCAL,PASS_THROUGH,0,6,0,0,0,0,1,0.2715291783434653,0.47152917834346525,inf,0.0,0,0,0,CLEAR,none,nan,0.0,0.0,0,0,0,0,0.01182183095731548,0,0,0,1,0.0,0.2715291783434653,,5.15,26.35,2.0,5.15,26.35,2.0,5.15,26.35,2.0,5.99908269913508,0.0,0.0,0,0,5,1,,,0,1,PASS_THROUGH,-1,0.9999142210673853,0.0001933325494343381,0.013096302139515126,0.09952018631132442,0,0.9999180010210414,-0.00020631295790807724,0.012804244181051168,0.4715678363875847,0.09431356727751694,0,0,0,CORRIDOR_CLEAR,1,0,0,0,1
1787562383129529600,1787562383146696960,joint_v2_000004_81a34ddb,1463,327,0.03333333333333333,10.9,17.167329788208008,frame_id_exact,1,,4.691201686859131,26.331701278686523,1.9941987991333008,0.03192062753276564,-0.028015808644166838,-0.6922270926706177,0.7204289279149693,0.35861387848854065,0.013224031776189804,0.007355156820267439,0.3581876929068205,-0.0011294729849228987,-0.02309086688991474,-1.5307117666380596,0.002275284379720688,depth/001463.png,1.0,0.0038258484140799714,-0.08477969047674275,-0.9963923760078558,0.3581876929068205,-0.0011294729849228987,-0.02309086688991474,0.002275284379720688,0.999920172308735,-0.00022165013571717596,0.012633284659459796,0.45916308142381795,0.0918326162847636,0.2591630750566183,-5.744811670970601e-05,0.005801200866699219,-0.0005541695682942209,0.2591630750566183,-5.744811670970601e-05,0.005801200866699219,-0.0005541695682942209,goal_capture,TERMINAL_SETTLING,NONE,DIRECT_LOCAL,PASS_THROUGH,0,6,0,0,0,0,1,0.2591630814238179,0.45916308142381795,inf,0.0,0,0,0,CLEAR,none,nan,0.0,0.0,0,0,0,0,0.012700630959138278,0,0,0,1,0.0,0.2591630814238179,,5.15,26.35,2.0,5.15,26.35,2.0,5.15,26.35,2.0,5.997074994000446,0.0,0.0,0,0,5,1,,,0,1,PASS_THROUGH,-1,0.9999142210673853,0.0001933325494343381,0.013096302139515126,0.09952018631132442,0,0.999920172308735,-0.00022165013571717596,0.012633284659459796,0.45919972699699146,0.0918399453993983,0,0,0,CORRIDOR_CLEAR,1,0,0,0,1
1787562383173136896,1787562383190172160,joint_v2_000004_81a34ddb,1464,328,0.03333333333333333,10.933333333333334,17.035245895385742,frame_id_exact,1,,4.702653884887695,26.332103729248047,1.9944524765014648,0.03882585341299572,-0.035573356525544206,-0.6918998385109085,0.7200706235369125,0.32733437418937683,0.010899226181209087,0.0077557736076414585,0.3265090730614211,-0.00218954106776216,-0.026716451860928192,-1.5307672134164232,0.0021684812381863594,depth/001464.png,1.0,0.0024965453837008655,-0.1051411122235272,-0.9944541788245181,0.3265090730614211,-0.00218954106776216,-0.026716451860928192,0.0021684812381863594,0.9999232387240751,-4.5008041297735936e-05,0.012390102252704278,0.44770394594296226,0.08954078918859246,0.2477039456920339,-1.1149525269103683e-05,0.005547523498535156,-0.00011252874101808086,0.2477039456920339,-1.1149525269103683e-05,0.005547523498535156,-0.00011252874101808086,goal_capture,TERMINAL_SETTLING,NONE,DIRECT_LOCAL,PASS_THROUGH,0,6,0,0,0,0,1,0.2477039459429623,0.4477039459429623,inf,0.0,0,0,0,CLEAR,none,nan,0.0,0.0,0,0,0,0,0.0025789687737026814,0,0,0,1,0.0,0.2477039459429623,,5.15,26.35,2.0,5.15,26.35,2.0,5.15,26.35,2.0,5.995251018131361,0.0,0.0,0,0,5,1,,,0,1,PASS_THROUGH,-1,0.9999142210673853,0.0001933325494343381,0.013096302139515126,0.09952018631132442,0,0.9999232387240751,-4.5008041297735936e-05,0.012390102252704278,0.44773831445372836,0.08954766289074567,0,0,0,CORRIDOR_CLEAR,1,0,0,0,1
1787562383220504832,1787562383237483520,joint_v2_000004_81a34ddb,1465,329,0.03333333333333333,10.966666666666667,16.978740692138672,frame_id_exact,1,,4.7129740715026855,26.332433700561523,1.9947115182876587,0.040043490932974476,-0.038036004292934904,-0.6918165255552118,0.7199581072396114,0.29158008098602295,0.008925238624215126,0.007692759390920401,0.290773182925341,-0.0027070214999319925,-0.024523665823579125,-1.5308994204526407,0.002138033276423812,depth/001465.png,1.0,0.0006368382213057591,-0.11028714455062438,-0.9938995624226572,0.290773182925341,-0.0027070214999319925,-0.024523665823579125,0.002138033276423812,0.9999268699192433,0.0002765440459032495,0.012090423354677292,0.43737882556761065,0.08747576511352213,0.23737881648931955,6.565049935000266e-05,0.005288481712341309,0.000691410660048665,0.23737881648931955,6.565049935000266e-05,0.005288481712341309,0.000691410660048665,goal_capture,TERMINAL_SETTLING,NONE,DIRECT_LOCAL,PASS_THROUGH,0,6,0,0,0,0,1,0.23737882556761064,0.43737882556761065,inf,0.0,0,0,0,CLEAR,none,nan,0.0,0.0,0,0,0,0,0.01584596509245721,0,0,0,1,0.0,0.23737882556761064,,5.15,26.35,2.0,5.15,26.35,2.0,5.15,26.35,2.0,5.99363099728434,0.0,0.0,0,0,5,1,,,0,1,PASS_THROUGH,-1,0.9999142210673853,0.0001933325494343381,0.013096302139515126,0.09952018631132442,0,0.9999268699192433,0.0002765440459032495,0.012090423354677292,0.43741079672742894,0.08748215934548578,0,0,0,CORRIDOR_CLEAR,1,0,0,0,1
1787562383267435520,1787562383283685376,joint_v2_000004_81a34ddb,1466,330,0.03333333333333333,11.0,16.249895095825195,frame_id_exact,1,,4.722101211547852,26.332704544067383,1.9949620962142944,0.03527951369758733,-0.03483302514299497,-0.6920354219010568,0.7201590040448537,0.2566624581813812,0.007627798710018396,0.0073454491794109344,0.2562278519117686,-0.0025897203900218766,-0.018120089114003,-1.5310385474204982,0.002158400136977434,depth/001466.png,1.0,-0.001341287097349285,-0.09902509339712781,-0.9950840325452984,0.2562278519117686,-0.0025897203900218766,-0.018120089114003,0.002158400136977434,0.9999306069337416,0.0006396882639376955,0.01176316777250622,0.4282481826636675,0.0856496365327335,0.22824813595749902,0.00014601778645959902,0.005037903785705566,0.0015993314241912436,0.22824813595749902,0.00014601778645959902,0.005037903785705566,0.0015993314241912436,goal_capture,TERMINAL_SETTLING,NONE,DIRECT_LOCAL,PASS_THROUGH,0,6,0,0,0,0,1,0.22824818266366748,0.4282481826636675,inf,0.0,0,0,0,CLEAR,none,nan,0.0,0.0,0,0,0,0,0.03665397625952217,0,0,0,1,0.0,0.22824818266366748,,5.15,26.35,2.0,5.15,26.35,2.0,5.15,26.35,2.0,5.992217936270192,0.0,0.0,0,0,5,1,,,1,1,PASS_THROUGH,-1,0.9999997953711267,0.0006397325260405811,0.0,0.0856496365327335,0,0.9999306069337416,0.0006396882639376955,0.01176316777250622,0.4282778145424859,0.08565556290849718,0,0,0,CORRIDOR_CLEAR,1,0,0,0,1
1787562383315526400,1787562383331112192,joint_v2_000004_81a34ddb,1467,331,0.03333333333333333,11.033333333333333,15.585660934448242,frame_id_exact,1,,4.730151176452637,26.332948684692383,1.9952021837234497,0.02554441241710355,-0.026633407512690818,-0.6924264174640582,0.7205441006603396,0.22770319879055023,0.007181637454777956,0.007121508941054344,0.22771379903157782,-0.0018790411144519446,-0.00969192863544752,-1.5311130971351654,0.0021718505304306746,depth/001467.png,1.0,-0.003005837375105444,-0.07369510124170305,-0.9972762891970557,0.22771379903157782,-0.0018790411144519446,-0.00969192863544752,0.0021718505304306746,0.9999344084744972,0.0009073920977440335,0.011417328423860127,0.4201949333200308,0.08403898666400615,0.22019484265829758,0.00019981616643930666,0.004797816276550293,0.002268628424485584,0.22019484265829758,0.00019981616643930666,0.004797816276550293,0.002268628424485584,goal_capture,TERMINAL_SETTLING,NONE,DIRECT_LOCAL,PASS_THROUGH,0,6,0,0,0,0,1,0.2201949333200308,0.4201949333200308,inf,0.0,0,0,0,CLEAR,none,nan,0.0,0.0,0,0,0,0,0.05199313360257494,0,0,0,1,0.0,0.2201949333200308,,5.15,26.35,2.0,5.15,26.35,2.0,5.15,26.35,2.0,5.990979551321496,0.0,0.0,0,0,5,1,,,0,1,PASS_THROUGH,-1,0.9999306069337416,0.0006396882639376955,0.01176316777250622,0.0856496365327335,0,0.9999344084744972,0.0009073920977440335,0.011417328423860127,0.42022232333474224,0.08404446466694845,0,0,0,CORRIDOR_CLEAR,1,0,0,0,1
1787562383356157184,1787562383372081664,joint_v2_000004_81a34ddb,1468,332,0.03333333333333333,11.066666666666666,15.924453735351562,frame_id_exact,1,,4.737391471862793,26.333192825317383,1.9954397678375244,0.012907754124531422,-0.015174973840472705,-0.6927675273155571,0.7208857490264947,0.2085542231798172,0.0075770774856209755,0.007189515046775341,0.20881148570763036,-0.0007343021482898476,-0.0010906295865247577,-1.5310998387405972,0.0021429043263196945,depth/001468.png,1.0,-0.003994698950795624,-0.0396354902097104,-0.9992062201048032,0.20881148570763036,-0.0007343021482898476,-0.0010906295865247577,0.0021429043263196945,0.999938516146608,0.001014891818803055,0.011042369361495358,0.41295069755645736,0.08259013951129147,0.2129505878728703,0.00021613509826017317,0.004560232162475586,0.0025373846839689233,0.2129505878728703,0.00021613509826017317,0.004560232162475586,0.0025373846839689233,goal_capture,TERMINAL_SETTLING,NONE,DIRECT_LOCAL,PASS_THROUGH,0,6,0,0,0,0,1,0.21295069755645732,0.41295069755645736,inf,0.0,0,0,0,CLEAR,none,nan,0.0,0.0,0,0,0,0,0.0581525733570222,0,0,0,1,0.0,0.21295069755645732,,5.15,26.35,2.0,5.15,26.35,2.0,5.15,26.35,2.0,5.989864060613709,0.0,0.0,0,0,5,1,,,0,1,PASS_THROUGH,-1,0.9999306069337416,0.0006396882639376955,0.01176316777250622,0.0856496365327335,0,0.999938516146608,0.001014891818803055,0.011042369361495358,0.4129758762079698,0.08259517524159396,0,0,0,CORRIDOR_CLEAR,1,0,0,0,1
1787562383405094656,1787562383421758208,joint_v2_000004_81a34ddb,1469,333,0.03333333333333333,11.1,16.663551330566406,frame_id_exact,1,,4.744184494018555,26.33346176147461,1.9956809282302856,4.343949280193909e-05,-0.0028787891306455825,-0.6929040483233372,0.7210240568131429,0.20099511742591858,0.008624078705906868,0.007252629846334457,0.20120681749295932,0.0005976841405653113,0.006439873468903249,-1.531034132617456,0.0020931607577949762,depth/001469.png,1.0,-0.004091153634536165,-0.004052091124439008,-0.9999834213723034,0.20120681749295932,0.0005976841405653113,0.006439873468903249,0.0020931607577949762,0.9999429937333839,0.0009683088817931679,0.010633515948510341,0.40615235839337377,0.08123047167867475,0.20615226173591927,0.00019963044622708394,0.0043190717697143555,0.002420909454817089,0.20615226173591927,0.00019963044622708394,0.0043190717697143555,0.002420909454817089,goal_capture,TERMINAL_SETTLING,NONE,DIRECT_LOCAL,PASS_THROUGH,0,6,0,0,0,0,1,0.20615235839337379,0.40615235839337377,inf,0.0,0,0,0,CLEAR,none,nan,0.0,0.0,0,0,0,0,0.05548315773773451,0,0,0,1,0.0,0.20615235839337379,,5.15,26.35,2.0,5.15,26.35,2.0,5.15,26.35,2.0,5.9888079932022595,0.0,0.0,0,0,5,1,,,0,1,PASS_THROUGH,-1,0.9999306069337416,0.0006396882639376955,0.01176316777250622,0.0856496365327335,0,0.9999429937333839,0.0009683088817931679,0.010633515948510341,0.4061753225018126,0.08123506450036252,0,0,0,CORRIDOR_CLEAR,1,0,0,0,1
1787562383448333824,1787562383464427776,joint_v2_000004_81a34ddb,1470,334,0.03333333333333333,11.133333333333333,16.093969345092773,frame_id_exact,1,,4.750912666320801,26.333770751953125,1.9959163665771484,-0.010338158082159411,0.007664602005884586,-0.6928467365041123,0.720970024397104,0.2043481469154358,0.0099937180057168,0.006765197496861219,0.20434447531648403,0.0018286374974522154,0.011991619450917054,-1.5309762837861058,0.002086502267047763,depth/001470.png,1.0,-0.0032736215870221175,0.025527793142191196,-0.9996687527271193,0.20434447531648403,0.0018286374974522154,0.011991619450917054,0.002086502267047763,0.9999474001783037,0.0008234255849194038,0.010223445943384419,0.3994171859038364,0.07988343718076728,0.1994171182913714,0.00016421379488834698,0.0040836334228515625,0.0,0.1994171182913714,0.00016421379488834698,0.0040836334228515625,0.0,goal_capture,TERMINAL_SETTLING,NONE,DIRECT_LOCAL,PASS_THROUGH,0,6,0,0,0,0,1,0.1994171859038364,0.3994171859038364,inf,0.0,0,0,0,CLEAR,none,nan,0.0,0.0,0,0,0,0,0.04718128182198887,0,0,0,1,0.0,0.1994171859038364,,5.15,26.35,2.0,5.15,26.35,2.0,5.15,26.35,2.0,5.987752480527655,0.0,0.0,0,0,5,1,,,0,1,PASS_THROUGH,-1,0.9999306069337416,0.0006396882639376955,0.01176316777250622,0.0856496365327335,0,0.9999474001783037,0.0008234255849194038,0.010223445943384419,0.3994380608520826,0.07988761217041652,0,0,0,CORRIDOR_CLEAR,1,0,0,0,1
1787562383492951296,1787562383509585408,joint_v2_000004_81a34ddb,1471,335,0.03333333333333333,11.166666666666666,16.633987426757812,frame_id_exact,1,,4.757896900177002,26.334125518798828,1.9961215257644653,-0.016073923333928725,0.014249480010511864,-0.6927375913302372,0.720869759988631,0.21563614904880524,0.011292343959212303,0.0054137809202075005,0.21548331691644868,0.002686711625991607,0.014679800539102141,-1.5309625703348757,0.0020699482411146164,depth/001471.png,1.0,-0.0017259833968643959,0.04291671143199041,-0.99907716261617,0.21548331691644868,0.002686711625991607,0.014679800539102141,0.0020699482411146164,0.9999509648843695,0.000629592352340575,0.00988288623269243,0.39242431122983534,0.07848486224596707,0.19242427308890375,0.00012115479158068255,0.003878474235534668,0.0,0.19242427308890375,0.00012115479158068255,0.003878474235534668,0.0,goal_capture,TERMINAL_SETTLING,NONE,DIRECT_LOCAL,PASS_THROUGH,0,6,0,0,0,0,1,0.19242431122983533,0.39242431122983534,inf,0.0,0,0,0,CLEAR,none,nan,0.0,0.0,0,0,0,0,0.03607474876555731,0,0,0,1,0.0,0.19242431122983533,,5.15,26.35,2.0,5.15,26.35,2.0,5.15,26.35,2.0,5.986653286077328,0.0,0.0,0,0,5,1,,,0,1,PASS_THROUGH,-1,0.9999306069337416,0.0006396882639376955,0.01176316777250622,0.0856496365327335,0,0.9999509648843695,0.000629592352340575,0.00988288623269243,0.3924434769576459,0.07848869539152918,0,0,0,CORRIDOR_CLEAR,1,0,0,0,1
1787562383535010304,1787562383549692160,joint_v2_000004_81a34ddb,1472,336,0.03333333333333333,11.2,14.681816101074219,frame_id_exact,1,,4.765326023101807,26.334518432617188,1.996269941329956,-0.016029766797833016,0.015543219102449197,-0.6927165874117752,0.7208641927859398,0.2302733212709427,0.012151193805038929,0.0034425759222358465,0.23019093330685153,0.00297639262932268,0.013732466612211518,-1.5309815319085522,0.0020273851696401834,depth/001472.png,1.0,0.0002009294767611504,0.04464466119461776,-0.9990029098326807,0.23019093330685153,0.00297639262932268,0.013732466612211518,0.0020273851696401834,0.9999529827559481,0.0004094218410988247,0.009688377120985622,0.3849853859970541,0.07699707719941082,0.18498537049139524,7.574061207777886e-05,0.0037300586700439453,0.0,0.18498537049139524,7.574061207777886e-05,0.0037300586700439453,0.0,goal_capture,TERMINAL_SETTLING,NONE,DIRECT_LOCAL,PASS_THROUGH,0,6,0,0,0,0,1,0.18498538599705405,0.38498538599705406,inf,0.0,0,0,0,CLEAR,none,nan,0.0,0.0,0,0,0,0,0.023459245213639575,0,0,0,1,0.0,0.18498538599705405,,5.15,26.35,2.0,5.15,26.35,2.0,5.15,26.35,2.0,5.985482185957572,0.0,0.0,0,0,5,1,,,1,1,PASS_THROUGH,-1,0.9999999161790065,0.00040944105757081115,0.0,0.07699707719941082,0,0.9999529827559481,0.0004094218410988247,0.009688377120985622,0.38500345552862597,0.07700069110572519,0,0,0,CORRIDOR_CLEAR,1,0,0,0,1
1787562383576793344,1787562383591886080,joint_v2_000004_81a34ddb,1473,337,0.03333333333333333,11.233333333333333,15.092611312866211,frame_id_exact,1,,4.773227691650391,26.334924697875977,1.9963515996932983,-0.01035241073278902,0.01138483622295129,-0.6927996845600813,0.7209658869666775,0.2430896759033203,0.01230685506016016,0.0015429535415023565,0.24322493053389602,0.002625800821541257,0.00900934263481007,-1.5309877628040742,0.001968856668099761,depth/001473.png,1.0,0.0020718633106756035,0.030702291860474858,-0.9995264261923924,0.24322493053389602,0.002625800821541257,0.00900934263481007,0.001968856668099761,0.9999531785213882,0.00018180004437221486,0.009675107943413528,0.3770737820019101,0.07541475640038202,0.17707377907538063,3.219352824165635e-05,0.00364840030670166,0.0,0.17707377907538063,3.219352824165635e-05,0.00364840030670166,0.0,goal_capture,TERMINAL_SETTLING,NONE,DIRECT_LOCAL,PASS_THROUGH,0,6,0,0,0,0,1,0.17707378200191007,0.3770737820019101,inf,0.0,0,0,0,CLEAR,none,nan,0.0,0.0,0,0,0,0,0.010416862875973019,0,0,0,1,0.0,0.17707378200191007,,5.15,26.35,2.0,5.15,26.35,2.0,5.15,26.35,2.0,5.9842521349585205,0.0,0.0,0,0,5,1,,,0,1,PASS_THROUGH,-1,0.9999529827559481,0.0004094218410988247,0.009688377120985622,0.07699707719941082,0,0.9999531785213882,0.00018180004437221486,0.009675107943413528,0.3770914317483519,0.07541828634967038,0,0,0,CORRIDOR_CLEAR,1,0,0,0,1
1787562383625469184,1787562383640086528,joint_v2_000004_81a34ddb,1474,338,0.03333333333333333,11.266666666666667,14.617204666137695,frame_id_exact,1,,4.781459331512451,26.3353271484375,1.996381163597107,-0.00042051938459976827,0.0028087002605098987,-0.6928742185817407,0.7210528771116831,0.24942730367183685,0.011655193753540516,0.00039366466808132827,0.2496893400312208,0.0017113368033699328,0.001511003449695839,-1.5309506876134251,0.0018616035813465714,depth/001474.png,1.0,0.0034677087275639144,0.00449858542075605,-0.9999838687325876,0.2496893400312208,0.0017113368033699328,0.001511003449695839,0.0018616035813465714,0.9999518683604136,-5.3267665677242925e-05,0.009811122518546246,0.3688326407765788,0.07376652815531576,0.16883264053702912,-8.993753535635846e-06,0.0036188364028930664,0.0,0.16883264053702912,-8.993753535635846e-06,0.0036188364028930664,0.0,goal_capture,TERMINAL_SETTLING,NONE,DIRECT_LOCAL,PASS_THROUGH,0,6,0,0,0,0,1,0.16883264077657878,0.3688326407765788,inf,0.0,0,0,0,CLEAR,none,nan,0.0,0.0,0,0,0,0,0.0030521593303656377,0,0,0,1,0.0,0.16883264077657878,,5.15,26.35,2.0,5.15,26.35,2.0,5.15,26.35,2.0,5.982986080478543,0.0,0.0,0,0,5,1,,,0,1,PASS_THROUGH,-1,0.9999529827559481,0.0004094218410988247,0.009688377120985622,0.07699707719941082,0,0.9999518683604136,-5.3267665677242925e-05,0.009811122518546246,0.3688503936274648,0.07377007872549296,0,0,0,CORRIDOR_CLEAR,1,0,0,0,1
1787562383667456768,1787562383681915136,joint_v2_000004_81a34ddb,1475,339,0.03333333333333333,11.3,14.458179473876953,frame_id_exact,1,,4.78974723815918,26.335693359375,1.9963890314102173,0.011479510915727052,-0.008201266104467279,-0.6928082633454562,0.7209838211108988,0.24611195921897888,0.010272189043462276,0.00019951564900111407,0.24623534639276026,0.00044514182891330955,-0.006679085299101202,-1.5308865018707511,0.0017067893641069531,depth/001475.png,1.0,0.004080239695267905,-0.027916893143150184,-0.9996019201268388,0.24623534639276026,0.00044514182891330955,-0.006679085299101202,0.0017067893641069531,0.9999498245537737,-0.00021788593149391409,0.010015033729254665,0.3605367281982683,0.07210734563965367,0.1605367243872033,-3.498044889172056e-05,0.003610968589782715,0.0,0.1605367243872033,-3.498044889172056e-05,0.003610968589782715,0.0,goal_capture,TERMINAL_SETTLING,NONE,DIRECT_LOCAL,PASS_THROUGH,0,6,0,0,0,0,1,0.1605367281982683,0.3605367281982683,inf,0.0,0,0,0,CLEAR,none,nan,0.0,0.0,0,0,0,0,0.012484570511199226,0,0,0,1,0.0,0.1605367281982683,,5.15,26.35,2.0,5.15,26.35,2.0,5.15,26.35,2.0,5.981734233161944,0.0,0.0,0,0,5,1,,,0,1,PASS_THROUGH,-1,0.9999529827559481,0.0004094218410988247,0.009688377120985622,0.07699707719941082,0,0.9999498245537737,-0.00021788593149391409,0.010015033729254665,0.3605548106378119,0.07211096212756238,0,0,0,CORRIDOR_CLEAR,1,0,0,0,1
1787562383708105216,1787562383724788992,joint_v2_000004_81a34ddb,1476,340,0.03333333333333333,11.333333333333334,16.683578491210938,frame_id_exact,1,,4.7977471351623535,26.33600616455078,1.9964017868041992,0.022660865220860263,-0.0191530354169437,-0.6925780593768724,0.7207324594407586,0.2321491837501526,0.008398507721722126,0.0005828759749419987,0.23192673145841253,-0.0008775273056048262,-0.013165841145230053,-1.5308478309314881,0.0015591084957122803,depth/001476.png,1.0,0.003780407473308947,-0.05919478644785908,-0.9982392928435186,0.23192673145841253,-0.0008775273056048262,-0.013165841145230053,0.0015591084957122803,0.9999478851599592,-0.00024268639852151197,0.010206275884817609,0.3525307195364814,0.07050614390729629,0.15253071504423635,-3.701905914034334e-05,0.0035982131958007812,0.0,0.15253071504423635,-3.701905914034334e-05,0.0035982131958007812,0.0,goal_capture,TERMINAL_SETTLING,NONE,DIRECT_LOCAL,PASS_THROUGH,0,6,0,0,0,0,1,0.15253071953648145,0.35253071953648146,inf,0.0,0,0,0,CLEAR,none,nan,0.0,0.0,0,0,0,0,0.01390563079722509,0,0,0,1,0.0,0.15253071953648145,,5.15,26.35,2.0,5.15,26.35,2.0,5.15,26.35,2.0,5.980551316333802,0.0,0.0,0,0,5,1,,,0,1,PASS_THROUGH,-1,0.9999529827559481,0.0004094218410988247,0.009688377120985622,0.07699707719941082,0,0.9999478851599592,-0.00024268639852151197,0.010206275884817609,0.35254908219297887,0.07050981643859577,0,0,0,CORRIDOR_CLEAR,1,0,0,0,1
1787562383753568768,1787562383768429824,joint_v2_000004_81a34ddb,1477,341,0.03333333333333333,11.366666666666667,14.861106872558594,frame_id_exact,1,,4.805121421813965,26.33625602722168,1.9964280128479004,0.03061854733518562,-0.027587790492947104,-0.6923050312702079,0.7204270692115593,0.20897147059440613,0.006386492867022753,0.0009171944111585617,0.20842631578809195,-0.001955263139895787,-0.016289625292605373,-1.5308802734363454,0.0014849331928417087,depth/001477.png,1.0,0.0026447666389552427,-0.08231519296019774,-0.9966028367496005,0.20842631578809195,-0.001955263139895787,-0.016289625292605373,0.0014849331928417087,0.99994644957481,-8.549758905345545e-05,0.010348462344429911,0.34515232938421936,0.06903046587684387,0.14515232885364254,-1.2410838768172432e-05,0.0035719871520996094,0.0,0.14515232885364254,-1.2410838768172432e-05,0.0035719871520996094,0.0,goal_capture,TERMINAL_SETTLING,NONE,DIRECT_LOCAL,PASS_THROUGH,0,6,0,0,0,0,1,0.14515232938421935,0.34515232938421936,inf,0.0,0,0,0,CLEAR,none,nan,0.0,0.0,0,0,0,0,0.004898913338262006,0,0,0,1,0.0,0.14515232938421935,,5.15,26.35,2.0,5.15,26.35,2.0,5.15,26.35,2.0,5.979478455544102,0.0,0.0,0,0,5,1,,,0,1,PASS_THROUGH,-1,0.9999529827559481,0.0004094218410988247,0.009688377120985622,0.07699707719941082,0,0.99994644957481,-8.549758905345545e-05,0.010348462344429911,0.34517081216633516,0.06903416243326703,0,0,0,CORRIDOR_CLEAR,1,0,0,0,1
1787562383793699072,1787562383807609600,joint_v2_000004_81a34ddb,1478,342,0.03333333333333333,11.4,13.910531997680664,frame_id_exact,1,,4.811615467071533,26.336437225341797,1.9964584112167358,0.03357556014388337,-0.03161668821259931,-0.6921696725200707,0.7202598220301824,0.18011115491390228,0.00461827265098691,0.0008219819283112884,0.1794619340791832,-0.002553595091896047,-0.01577737587986592,-1.5309827330357535,0.0014996997779235244,depth/001478.png,1.0,0.0009355084885582857,-0.09213447940016233,-0.9957461335749835,0.1794619340791832,-0.002553595091896047,-0.01577737587986592,0.0014996997779235244,1.0,0.0,0.0,0.0,0.0,0.1386562241299046,3.4097933595797555e-05,0.00354158878326416,0.0,0.1386562241299046,3.4097933595797555e-05,0.00354158878326416,0.0,goal_capture,TERMINAL_SETTLING,NONE,GOAL_REACHED,PASS_THROUGH,0,6,0,0,0,0,1,0.13865622832253666,0.33865622832253667,inf,0.0,0,0,0,CLEAR,none,nan,0.0,0.0,0,0,0,0,0.014090010441531343,0,0,0,1,0.0,0.13865622832253666,,5.15,26.35,2.0,5.15,26.35,2.0,5.15,26.35,2.0,5.978554727861853,0.0,0.0,0,0,5,1,,,1,1,PASS_THROUGH,-1,0.9999999697623966,0.00024591707136645323,0.0,0.06773124566450733,0,1.0,0.0,0.0,0.0,0.0,0,0,0,CORRIDOR_CLEAR,1,0,0,0,1
